timestamp,date,symbol,funding_rate,mark_price
2023-05-01T00:00:00.004000+00:00,2023-05-01,BTCUSDT,0.00002435,
2023-05-01T08:00:00.008000+00:00,2023-05-01,BTCUSDT,-0.00006370,
2023-05-01T16:00:00.014000+00:00,2023-05-01,BTCUSDT,0.00000566,
2023-05-02T00:00:00.015000+00:00,2023-05-02,BTCUSDT,0.00000968,
2023-05-02T08:00:00.018000+00:00,2023-05-02,BTCUSDT,0.00006135,
2023-05-02T16:00:00+00:00,2023-05-02,BTCUSDT,0.00001204,
2023-05-03T00:00:00.009000+00:00,2023-05-03,BTCUSDT,0.00008568,
2023-05-03T08:00:00.003000+00:00,2023-05-03,BTCUSDT,0.00005435,
2023-05-03T16:00:00.011000+00:00,2023-05-03,BTCUSDT,0.00005701,
2023-05-04T00:00:00+00:00,2023-05-04,BTCUSDT,0.00010000,
2023-05-04T08:00:00+00:00,2023-05-04,BTCUSDT,0.00009992,
2023-05-04T16:00:00.011000+00:00,2023-05-04,BTCUSDT,0.00004314,
2023-05-05T00:00:00.002000+00:00,2023-05-05,BTCUSDT,0.00003731,
2023-05-05T08:00:00+00:00,2023-05-05,BTCUSDT,0.00009909,
2023-05-05T16:00:00+00:00,2023-05-05,BTCUSDT,0.00008548,
2023-05-06T00:00:00.009000+00:00,2023-05-06,BTCUSDT,0.00010000,
2023-05-06T08:00:00+00:00,2023-05-06,BTCUSDT,0.00010000,
2023-05-06T16:00:00+00:00,2023-05-06,BTCUSDT,0.00010000,
2023-05-07T00:00:00+00:00,2023-05-07,BTCUSDT,0.00004321,
2023-05-07T08:00:00+00:00,2023-05-07,BTCUSDT,0.00004047,
2023-05-07T16:00:00.006000+00:00,2023-05-07,BTCUSDT,0.00006046,
2023-05-08T00:00:00+00:00,2023-05-08,BTCUSDT,0.00000720,
2023-05-08T08:00:00.007000+00:00,2023-05-08,BTCUSDT,0.00000407,
2023-05-08T16:00:00.015000+00:00,2023-05-08,BTCUSDT,0.00003902,
2023-05-09T00:00:00.015000+00:00,2023-05-09,BTCUSDT,0.00005110,
2023-05-09T08:00:00+00:00,2023-05-09,BTCUSDT,0.00006841,
2023-05-09T16:00:00+00:00,2023-05-09,BTCUSDT,0.00000378,
2023-05-10T00:00:00.007000+00:00,2023-05-10,BTCUSDT,0.00003752,
2023-05-10T08:00:00.003000+00:00,2023-05-10,BTCUSDT,0.00004785,
2023-05-10T16:00:00+00:00,2023-05-10,BTCUSDT,0.00003792,
2023-05-11T00:00:00.011000+00:00,2023-05-11,BTCUSDT,0.00001596,
2023-05-11T08:00:00+00:00,2023-05-11,BTCUSDT,0.00006926,
2023-05-11T16:00:00.005000+00:00,2023-05-11,BTCUSDT,0.00005207,
2023-05-12T00:00:00.020000+00:00,2023-05-12,BTCUSDT,0.00003633,
2023-05-12T08:00:00.001000+00:00,2023-05-12,BTCUSDT,0.00003964,
2023-05-12T16:00:00.010000+00:00,2023-05-12,BTCUSDT,0.00002762,
2023-05-13T00:00:00+00:00,2023-05-13,BTCUSDT,-0.00000010,
2023-05-13T08:00:00+00:00,2023-05-13,BTCUSDT,0.00005385,
2023-05-13T16:00:00.026000+00:00,2023-05-13,BTCUSDT,0.00004494,
2023-05-14T00:00:00.029000+00:00,2023-05-14,BTCUSDT,0.00001715,
2023-05-14T08:00:00.010000+00:00,2023-05-14,BTCUSDT,0.00003039,
2023-05-14T16:00:00.008000+00:00,2023-05-14,BTCUSDT,0.00003537,
2023-05-15T00:00:00.006000+00:00,2023-05-15,BTCUSDT,0.00004407,
2023-05-15T08:00:00.005000+00:00,2023-05-15,BTCUSDT,-0.00001576,
2023-05-15T16:00:00.008000+00:00,2023-05-15,BTCUSDT,-0.00000190,
2023-05-16T00:00:00.021000+00:00,2023-05-16,BTCUSDT,0.00008660,
2023-05-16T08:00:00+00:00,2023-05-16,BTCUSDT,0.00003165,
2023-05-16T16:00:00+00:00,2023-05-16,BTCUSDT,0.00005800,
2023-05-17T00:00:00.010000+00:00,2023-05-17,BTCUSDT,0.00008392,
2023-05-17T08:00:00+00:00,2023-05-17,BTCUSDT,0.00007029,
2023-05-17T16:00:00.001000+00:00,2023-05-17,BTCUSDT,0.00004461,
2023-05-18T00:00:00+00:00,2023-05-18,BTCUSDT,0.00010000,
2023-05-18T08:00:00.026000+00:00,2023-05-18,BTCUSDT,0.00010000,
2023-05-18T16:00:00.019000+00:00,2023-05-18,BTCUSDT,0.00008342,
2023-05-19T00:00:00+00:00,2023-05-19,BTCUSDT,0.00002716,
2023-05-19T08:00:00.002000+00:00,2023-05-19,BTCUSDT,0.00004474,
2023-05-19T16:00:00+00:00,2023-05-19,BTCUSDT,0.00003815,
2023-05-20T00:00:00.005000+00:00,2023-05-20,BTCUSDT,0.00005313,
2023-05-20T08:00:00.014000+00:00,2023-05-20,BTCUSDT,0.00002455,
2023-05-20T16:00:00.020000+00:00,2023-05-20,BTCUSDT,-0.00000849,
2023-05-21T00:00:00.014000+00:00,2023-05-21,BTCUSDT,0.00004776,
2023-05-21T08:00:00.001000+00:00,2023-05-21,BTCUSDT,0.00007262,
2023-05-21T16:00:00.015000+00:00,2023-05-21,BTCUSDT,0.00005071,
2023-05-22T00:00:00.028000+00:00,2023-05-22,BTCUSDT,0.00003019,
2023-05-22T08:00:00+00:00,2023-05-22,BTCUSDT,0.00000210,
2023-05-22T16:00:00.012000+00:00,2023-05-22,BTCUSDT,0.00004770,
2023-05-23T00:00:00.006000+00:00,2023-05-23,BTCUSDT,0.00010000,
2023-05-23T08:00:00.014000+00:00,2023-05-23,BTCUSDT,0.00010000,
2023-05-23T16:00:00.008000+00:00,2023-05-23,BTCUSDT,0.00010000,
2023-05-24T00:00:00+00:00,2023-05-24,BTCUSDT,0.00010000,
2023-05-24T08:00:00.025000+00:00,2023-05-24,BTCUSDT,0.00002067,
2023-05-24T16:00:00.008000+00:00,2023-05-24,BTCUSDT,0.00004362,
2023-05-25T00:00:00+00:00,2023-05-25,BTCUSDT,0.00005820,
2023-05-25T08:00:00.025000+00:00,2023-05-25,BTCUSDT,0.00010000,
2023-05-25T16:00:00.016000+00:00,2023-05-25,BTCUSDT,0.00010000,
2023-05-26T00:00:00+00:00,2023-05-26,BTCUSDT,0.00010000,
2023-05-26T08:00:00.024000+00:00,2023-05-26,BTCUSDT,0.00009583,
2023-05-26T16:00:00.012000+00:00,2023-05-26,BTCUSDT,0.00004953,
2023-05-27T00:00:00.012000+00:00,2023-05-27,BTCUSDT,0.00007146,
2023-05-27T08:00:00.018000+00:00,2023-05-27,BTCUSDT,0.00008564,
2023-05-27T16:00:00.008000+00:00,2023-05-27,BTCUSDT,0.00007362,
2023-05-28T00:00:00.017000+00:00,2023-05-28,BTCUSDT,0.00009880,
2023-05-28T08:00:00.015000+00:00,2023-05-28,BTCUSDT,0.00010000,
2023-05-28T16:00:00+00:00,2023-05-28,BTCUSDT,0.00010000,
2023-05-29T00:00:00+00:00,2023-05-29,BTCUSDT,0.00010000,
2023-05-29T08:00:00.020000+00:00,2023-05-29,BTCUSDT,0.00010000,
2023-05-29T16:00:00.011000+00:00,2023-05-29,BTCUSDT,0.00010000,
2023-05-30T00:00:00.003000+00:00,2023-05-30,BTCUSDT,0.00006187,
2023-05-30T08:00:00+00:00,2023-05-30,BTCUSDT,0.00009036,
2023-05-30T16:00:00.003000+00:00,2023-05-30,BTCUSDT,0.00003861,
2023-05-31T00:00:00.013000+00:00,2023-05-31,BTCUSDT,0.00002344,
2023-05-31T08:00:00+00:00,2023-05-31,BTCUSDT,0.00002864,
2023-05-31T16:00:00+00:00,2023-05-31,BTCUSDT,0.00009865,
2023-06-01T00:00:00.008000+00:00,2023-06-01,BTCUSDT,0.00002096,
2023-06-01T08:00:00.012000+00:00,2023-06-01,BTCUSDT,0.00009641,
2023-06-01T16:00:00+00:00,2023-06-01,BTCUSDT,0.00010000,
2023-06-02T00:00:00+00:00,2023-06-02,BTCUSDT,0.00004770,
2023-06-02T08:00:00.006000+00:00,2023-06-02,BTCUSDT,0.00009266,
2023-06-02T16:00:00.012000+00:00,2023-06-02,BTCUSDT,0.00009946,
2023-06-03T00:00:00+00:00,2023-06-03,BTCUSDT,0.00007420,
2023-06-03T08:00:00.011000+00:00,2023-06-03,BTCUSDT,0.00010000,
2023-06-03T16:00:00.003000+00:00,2023-06-03,BTCUSDT,0.00005566,
2023-06-04T00:00:00+00:00,2023-06-04,BTCUSDT,0.00004850,
2023-06-04T08:00:00+00:00,2023-06-04,BTCUSDT,0.00010000,
2023-06-04T16:00:00+00:00,2023-06-04,BTCUSDT,0.00010000,
2023-06-05T00:00:00.005000+00:00,2023-06-05,BTCUSDT,0.00010000,
2023-06-05T08:00:00+00:00,2023-06-05,BTCUSDT,0.00009538,
2023-06-05T16:00:00+00:00,2023-06-05,BTCUSDT,0.00007856,
2023-06-06T00:00:00+00:00,2023-06-06,BTCUSDT,-0.00007157,
2023-06-06T08:00:00.009000+00:00,2023-06-06,BTCUSDT,-0.00003047,
2023-06-06T16:00:00.013000+00:00,2023-06-06,BTCUSDT,0.00004288,
2023-06-07T00:00:00+00:00,2023-06-07,BTCUSDT,0.00010000,
2023-06-07T08:00:00.016000+00:00,2023-06-07,BTCUSDT,0.00010000,
2023-06-07T16:00:00+00:00,2023-06-07,BTCUSDT,0.00004005,
2023-06-08T00:00:00.006000+00:00,2023-06-08,BTCUSDT,0.00005504,
2023-06-08T08:00:00+00:00,2023-06-08,BTCUSDT,0.00003090,
2023-06-08T16:00:00+00:00,2023-06-08,BTCUSDT,0.00004011,
2023-06-09T00:00:00+00:00,2023-06-09,BTCUSDT,0.00006588,
2023-06-09T08:00:00+00:00,2023-06-09,BTCUSDT,0.00007916,
2023-06-09T16:00:00+00:00,2023-06-09,BTCUSDT,0.00004404,
2023-06-10T00:00:00+00:00,2023-06-10,BTCUSDT,0.00008702,
2023-06-10T08:00:00+00:00,2023-06-10,BTCUSDT,0.00002417,
2023-06-10T16:00:00+00:00,2023-06-10,BTCUSDT,0.00003854,
2023-06-11T00:00:00.001000+00:00,2023-06-11,BTCUSDT,0.00004450,
2023-06-11T08:00:00+00:00,2023-06-11,BTCUSDT,0.00003197,
2023-06-11T16:00:00+00:00,2023-06-11,BTCUSDT,0.00005925,
2023-06-12T00:00:00+00:00,2023-06-12,BTCUSDT,0.00008660,
2023-06-12T08:00:00+00:00,2023-06-12,BTCUSDT,0.00003065,
2023-06-12T16:00:00.001000+00:00,2023-06-12,BTCUSDT,0.00003624,
2023-06-13T00:00:00+00:00,2023-06-13,BTCUSDT,0.00010000,
2023-06-13T08:00:00+00:00,2023-06-13,BTCUSDT,0.00006180,
2023-06-13T16:00:00+00:00,2023-06-13,BTCUSDT,0.00006503,
2023-06-14T00:00:00+00:00,2023-06-14,BTCUSDT,0.00002438,
2023-06-14T08:00:00+00:00,2023-06-14,BTCUSDT,0.00002716,
2023-06-14T16:00:00+00:00,2023-06-14,BTCUSDT,0.00003661,
2023-06-15T00:00:00+00:00,2023-06-15,BTCUSDT,-0.00003265,
2023-06-15T08:00:00+00:00,2023-06-15,BTCUSDT,0.00006193,
2023-06-15T16:00:00+00:00,2023-06-15,BTCUSDT,0.00006687,
2023-06-16T00:00:00+00:00,2023-06-16,BTCUSDT,0.00003971,
2023-06-16T08:00:00+00:00,2023-06-16,BTCUSDT,0.00000781,
2023-06-16T16:00:00+00:00,2023-06-16,BTCUSDT,0.00000236,
2023-06-17T00:00:00+00:00,2023-06-17,BTCUSDT,0.00009868,
2023-06-17T08:00:00+00:00,2023-06-17,BTCUSDT,0.00010000,
2023-06-17T16:00:00+00:00,2023-06-17,BTCUSDT,0.00007543,
2023-06-18T00:00:00+00:00,2023-06-18,BTCUSDT,0.00003706,
2023-06-18T08:00:00+00:00,2023-06-18,BTCUSDT,0.00008233,
2023-06-18T16:00:00+00:00,2023-06-18,BTCUSDT,0.00006705,
2023-06-19T00:00:00+00:00,2023-06-19,BTCUSDT,0.00007040,
2023-06-19T08:00:00+00:00,2023-06-19,BTCUSDT,0.00006397,
2023-06-19T16:00:00+00:00,2023-06-19,BTCUSDT,0.00003690,
2023-06-20T00:00:00.001000+00:00,2023-06-20,BTCUSDT,0.00004350,
2023-06-20T08:00:00+00:00,2023-06-20,BTCUSDT,-0.00000448,
2023-06-20T16:00:00+00:00,2023-06-20,BTCUSDT,-0.00002597,
2023-06-21T00:00:00+00:00,2023-06-21,BTCUSDT,0.00006295,
2023-06-21T08:00:00+00:00,2023-06-21,BTCUSDT,0.00010000,
2023-06-21T16:00:00+00:00,2023-06-21,BTCUSDT,0.00002551,
2023-06-22T00:00:00+00:00,2023-06-22,BTCUSDT,0.00010000,
2023-06-22T08:00:00.001000+00:00,2023-06-22,BTCUSDT,0.00010000,
2023-06-22T16:00:00+00:00,2023-06-22,BTCUSDT,0.00009236,
2023-06-23T00:00:00+00:00,2023-06-23,BTCUSDT,0.00010000,
2023-06-23T08:00:00+00:00,2023-06-23,BTCUSDT,0.00010000,
2023-06-23T16:00:00+00:00,2023-06-23,BTCUSDT,0.00010000,
2023-06-24T00:00:00+00:00,2023-06-24,BTCUSDT,0.00010000,
2023-06-24T08:00:00+00:00,2023-06-24,BTCUSDT,0.00010000,
2023-06-24T16:00:00+00:00,2023-06-24,BTCUSDT,0.00010000,
2023-06-25T00:00:00+00:00,2023-06-25,BTCUSDT,0.00010000,
2023-06-25T08:00:00+00:00,2023-06-25,BTCUSDT,0.00010000,
2023-06-25T16:00:00+00:00,2023-06-25,BTCUSDT,0.00010000,
2023-06-26T00:00:00+00:00,2023-06-26,BTCUSDT,0.00010000,
2023-06-26T08:00:00+00:00,2023-06-26,BTCUSDT,0.00010000,
2023-06-26T16:00:00+00:00,2023-06-26,BTCUSDT,0.00010000,
2023-06-27T00:00:00+00:00,2023-06-27,BTCUSDT,0.00010000,
2023-06-27T08:00:00+00:00,2023-06-27,BTCUSDT,0.00010000,
2023-06-27T16:00:00+00:00,2023-06-27,BTCUSDT,0.00010000,
2023-06-28T00:00:00+00:00,2023-06-28,BTCUSDT,0.00010000,
2023-06-28T08:00:00+00:00,2023-06-28,BTCUSDT,0.00009302,
2023-06-28T16:00:00+00:00,2023-06-28,BTCUSDT,0.00004598,
2023-06-29T00:00:00+00:00,2023-06-29,BTCUSDT,0.00006574,
2023-06-29T08:00:00+00:00,2023-06-29,BTCUSDT,0.00009300,
2023-06-29T16:00:00+00:00,2023-06-29,BTCUSDT,0.00010000,
2023-06-30T00:00:00+00:00,2023-06-30,BTCUSDT,0.00010000,
2023-06-30T08:00:00+00:00,2023-06-30,BTCUSDT,0.00010000,
2023-06-30T16:00:00.001000+00:00,2023-06-30,BTCUSDT,0.00010000,
2023-07-01T00:00:00+00:00,2023-07-01,BTCUSDT,0.00010000,
2023-07-01T08:00:00+00:00,2023-07-01,BTCUSDT,0.00010000,
2023-07-01T16:00:00+00:00,2023-07-01,BTCUSDT,0.00010000,
2023-07-02T00:00:00+00:00,2023-07-02,BTCUSDT,0.00010000,
2023-07-02T08:00:00+00:00,2023-07-02,BTCUSDT,0.00010000,
2023-07-02T16:00:00.001000+00:00,2023-07-02,BTCUSDT,0.00010000,
2023-07-03T00:00:00+00:00,2023-07-03,BTCUSDT,0.00010000,
2023-07-03T08:00:00+00:00,2023-07-03,BTCUSDT,0.00010000,
2023-07-03T16:00:00+00:00,2023-07-03,BTCUSDT,0.00010000,
2023-07-04T00:00:00.001000+00:00,2023-07-04,BTCUSDT,0.00010000,
2023-07-04T08:00:00+00:00,2023-07-04,BTCUSDT,0.00010000,
2023-07-04T16:00:00+00:00,2023-07-04,BTCUSDT,0.00010000,
2023-07-05T00:00:00+00:00,2023-07-05,BTCUSDT,0.00010000,
2023-07-05T08:00:00+00:00,2023-07-05,BTCUSDT,0.00010000,
2023-07-05T16:00:00+00:00,2023-07-05,BTCUSDT,0.00010000,
2023-07-06T00:00:00+00:00,2023-07-06,BTCUSDT,0.00010000,
2023-07-06T08:00:00+00:00,2023-07-06,BTCUSDT,0.00007720,
2023-07-06T16:00:00+00:00,2023-07-06,BTCUSDT,0.00001492,
2023-07-07T00:00:00+00:00,2023-07-07,BTCUSDT,0.00000698,
2023-07-07T08:00:00+00:00,2023-07-07,BTCUSDT,0.00004221,
2023-07-07T16:00:00+00:00,2023-07-07,BTCUSDT,-0.00000658,
2023-07-08T00:00:00+00:00,2023-07-08,BTCUSDT,0.00003757,
2023-07-08T08:00:00+00:00,2023-07-08,BTCUSDT,0.00002631,
2023-07-08T16:00:00+00:00,2023-07-08,BTCUSDT,0.00001686,
2023-07-09T00:00:00+00:00,2023-07-09,BTCUSDT,0.00005707,
2023-07-09T08:00:00+00:00,2023-07-09,BTCUSDT,0.00006821,
2023-07-09T16:00:00+00:00,2023-07-09,BTCUSDT,0.00006153,
2023-07-10T00:00:00+00:00,2023-07-10,BTCUSDT,-0.00002182,
2023-07-10T08:00:00+00:00,2023-07-10,BTCUSDT,0.00004850,
2023-07-10T16:00:00+00:00,2023-07-10,BTCUSDT,0.00002995,
2023-07-11T00:00:00+00:00,2023-07-11,BTCUSDT,0.00008010,
2023-07-11T08:00:00+00:00,2023-07-11,BTCUSDT,0.00008265,
2023-07-11T16:00:00+00:00,2023-07-11,BTCUSDT,0.00003954,
2023-07-12T00:00:00+00:00,2023-07-12,BTCUSDT,0.00007041,
2023-07-12T08:00:00+00:00,2023-07-12,BTCUSDT,0.00006479,
2023-07-12T16:00:00+00:00,2023-07-12,BTCUSDT,0.00004650,
2023-07-13T00:00:00+00:00,2023-07-13,BTCUSDT,-0.00001135,
2023-07-13T08:00:00+00:00,2023-07-13,BTCUSDT,0.00006120,
2023-07-13T16:00:00+00:00,2023-07-13,BTCUSDT,0.00000529,
2023-07-14T00:00:00+00:00,2023-07-14,BTCUSDT,0.00010000,
2023-07-14T08:00:00+00:00,2023-07-14,BTCUSDT,0.00010000,
2023-07-14T16:00:00+00:00,2023-07-14,BTCUSDT,0.00010000,
2023-07-15T00:00:00+00:00,2023-07-15,BTCUSDT,-0.00007313,
2023-07-15T08:00:00+00:00,2023-07-15,BTCUSDT,0.00003007,
2023-07-15T16:00:00+00:00,2023-07-15,BTCUSDT,0.00002984,
2023-07-16T00:00:00.001000+00:00,2023-07-16,BTCUSDT,0.00001993,
2023-07-16T08:00:00+00:00,2023-07-16,BTCUSDT,0.00007772,
2023-07-16T16:00:00+00:00,2023-07-16,BTCUSDT,0.00004583,
2023-07-17T00:00:00+00:00,2023-07-17,BTCUSDT,0.00002785,
2023-07-17T08:00:00+00:00,2023-07-17,BTCUSDT,0.00006278,
2023-07-17T16:00:00+00:00,2023-07-17,BTCUSDT,0.00006261,
2023-07-18T00:00:00+00:00,2023-07-18,BTCUSDT,0.00003983,
2023-07-18T08:00:00+00:00,2023-07-18,BTCUSDT,0.00006798,
2023-07-18T16:00:00+00:00,2023-07-18,BTCUSDT,0.00007477,
2023-07-19T00:00:00+00:00,2023-07-19,BTCUSDT,0.00010000,
2023-07-19T08:00:00+00:00,2023-07-19,BTCUSDT,0.00005224,
2023-07-19T16:00:00.001000+00:00,2023-07-19,BTCUSDT,0.00007690,
2023-07-20T00:00:00+00:00,2023-07-20,BTCUSDT,0.00002652,
2023-07-20T08:00:00+00:00,2023-07-20,BTCUSDT,0.00009641,
2023-07-20T16:00:00+00:00,2023-07-20,BTCUSDT,0.00005563,
2023-07-21T00:00:00.001000+00:00,2023-07-21,BTCUSDT,0.00002877,
2023-07-21T08:00:00+00:00,2023-07-21,BTCUSDT,0.00000777,
2023-07-21T16:00:00+00:00,2023-07-21,BTCUSDT,0.00003717,
2023-07-22T00:00:00+00:00,2023-07-22,BTCUSDT,0.00002195,
2023-07-22T08:00:00+00:00,2023-07-22,BTCUSDT,0.00000944,
2023-07-22T16:00:00+00:00,2023-07-22,BTCUSDT,0.00000177,
2023-07-23T00:00:00+00:00,2023-07-23,BTCUSDT,0.00002908,
2023-07-23T08:00:00+00:00,2023-07-23,BTCUSDT,0.00010000,
2023-07-23T16:00:00+00:00,2023-07-23,BTCUSDT,0.00009372,
2023-07-24T00:00:00+00:00,2023-07-24,BTCUSDT,0.00010000,
2023-07-24T08:00:00+00:00,2023-07-24,BTCUSDT,0.00004338,
2023-07-24T16:00:00+00:00,2023-07-24,BTCUSDT,0.00010000,
2023-07-25T00:00:00+00:00,2023-07-25,BTCUSDT,0.00007702,
2023-07-25T08:00:00+00:00,2023-07-25,BTCUSDT,0.00006913,
2023-07-25T16:00:00+00:00,2023-07-25,BTCUSDT,0.00009465,
2023-07-26T00:00:00+00:00,2023-07-26,BTCUSDT,0.00009451,
2023-07-26T08:00:00.001000+00:00,2023-07-26,BTCUSDT,0.00010000,
2023-07-26T16:00:00+00:00,2023-07-26,BTCUSDT,0.00005768,
2023-07-27T00:00:00+00:00,2023-07-27,BTCUSDT,0.00003136,
2023-07-27T08:00:00+00:00,2023-07-27,BTCUSDT,0.00003830,
2023-07-27T16:00:00.001000+00:00,2023-07-27,BTCUSDT,0.00002876,
2023-07-28T00:00:00+00:00,2023-07-28,BTCUSDT,0.00004373,
2023-07-28T08:00:00+00:00,2023-07-28,BTCUSDT,0.00006675,
2023-07-28T16:00:00+00:00,2023-07-28,BTCUSDT,0.00010000,
2023-07-29T00:00:00+00:00,2023-07-29,BTCUSDT,0.00010000,
2023-07-29T08:00:00+00:00,2023-07-29,BTCUSDT,0.00004567,
2023-07-29T16:00:00.001000+00:00,2023-07-29,BTCUSDT,0.00007530,
2023-07-30T00:00:00+00:00,2023-07-30,BTCUSDT,0.00008151,
2023-07-30T08:00:00+00:00,2023-07-30,BTCUSDT,0.00005560,
2023-07-30T16:00:00+00:00,2023-07-30,BTCUSDT,0.00004357,
2023-07-31T00:00:00+00:00,2023-07-31,BTCUSDT,0.00002369,
2023-07-31T08:00:00+00:00,2023-07-31,BTCUSDT,0.00007362,
2023-07-31T16:00:00.001000+00:00,2023-07-31,BTCUSDT,0.00008239,
2023-08-01T00:00:00+00:00,2023-08-01,BTCUSDT,0.00006300,
2023-08-01T08:00:00+00:00,2023-08-01,BTCUSDT,0.00006768,
2023-08-01T16:00:00+00:00,2023-08-01,BTCUSDT,0.00010000,
2023-08-02T00:00:00+00:00,2023-08-02,BTCUSDT,0.00010000,
2023-08-02T08:00:00+00:00,2023-08-02,BTCUSDT,0.00010000,
2023-08-02T16:00:00+00:00,2023-08-02,BTCUSDT,0.00010000,
2023-08-03T00:00:00+00:00,2023-08-03,BTCUSDT,0.00010000,
2023-08-03T08:00:00+00:00,2023-08-03,BTCUSDT,0.00010000,
2023-08-03T16:00:00.001000+00:00,2023-08-03,BTCUSDT,0.00010000,
2023-08-04T00:00:00+00:00,2023-08-04,BTCUSDT,0.00008116,
2023-08-04T08:00:00+00:00,2023-08-04,BTCUSDT,0.00010000,
2023-08-04T16:00:00+00:00,2023-08-04,BTCUSDT,0.00010000,
2023-08-05T00:00:00+00:00,2023-08-05,BTCUSDT,0.00004181,
2023-08-05T08:00:00+00:00,2023-08-05,BTCUSDT,0.00010000,
2023-08-05T16:00:00.001000+00:00,2023-08-05,BTCUSDT,0.00010000,
2023-08-06T00:00:00+00:00,2023-08-06,BTCUSDT,0.00010000,
2023-08-06T08:00:00.001000+00:00,2023-08-06,BTCUSDT,0.00010000,
2023-08-06T16:00:00.005000+00:00,2023-08-06,BTCUSDT,0.00010000,
2023-08-07T00:00:00+00:00,2023-08-07,BTCUSDT,0.00010000,
2023-08-07T08:00:00+00:00,2023-08-07,BTCUSDT,0.00007669,
2023-08-07T16:00:00+00:00,2023-08-07,BTCUSDT,0.00010000,
2023-08-08T00:00:00+00:00,2023-08-08,BTCUSDT,0.00010000,
2023-08-08T08:00:00+00:00,2023-08-08,BTCUSDT,0.00009136,
2023-08-08T16:00:00+00:00,2023-08-08,BTCUSDT,0.00005944,
2023-08-09T00:00:00+00:00,2023-08-09,BTCUSDT,0.00008110,
2023-08-09T08:00:00+00:00,2023-08-09,BTCUSDT,0.00009527,
2023-08-09T16:00:00+00:00,2023-08-09,BTCUSDT,0.00008877,
2023-08-10T00:00:00.001000+00:00,2023-08-10,BTCUSDT,0.00010000,
2023-08-10T08:00:00+00:00,2023-08-10,BTCUSDT,0.00010000,
2023-08-10T16:00:00+00:00,2023-08-10,BTCUSDT,0.00008277,
2023-08-11T00:00:00+00:00,2023-08-11,BTCUSDT,0.00010000,
2023-08-11T08:00:00+00:00,2023-08-11,BTCUSDT,0.00010000,
2023-08-11T16:00:00+00:00,2023-08-11,BTCUSDT,0.00007123,
2023-08-12T00:00:00+00:00,2023-08-12,BTCUSDT,0.00010000,
2023-08-12T08:00:00+00:00,2023-08-12,BTCUSDT,0.00010000,
2023-08-12T16:00:00+00:00,2023-08-12,BTCUSDT,0.00009305,
2023-08-13T00:00:00+00:00,2023-08-13,BTCUSDT,0.00010000,
2023-08-13T08:00:00+00:00,2023-08-13,BTCUSDT,0.00004637,
2023-08-13T16:00:00+00:00,2023-08-13,BTCUSDT,0.00010000,
2023-08-14T00:00:00.001000+00:00,2023-08-14,BTCUSDT,0.00010000,
2023-08-14T08:00:00+00:00,2023-08-14,BTCUSDT,0.00010000,
2023-08-14T16:00:00+00:00,2023-08-14,BTCUSDT,0.00010000,
2023-08-15T00:00:00.001000+00:00,2023-08-15,BTCUSDT,0.00010000,
2023-08-15T08:00:00+00:00,2023-08-15,BTCUSDT,0.00010000,
2023-08-15T16:00:00+00:00,2023-08-15,BTCUSDT,0.00010000,
2023-08-16T00:00:00+00:00,2023-08-16,BTCUSDT,0.00010000,
2023-08-16T08:00:00.001000+00:00,2023-08-16,BTCUSDT,0.00010000,
2023-08-16T16:00:00+00:00,2023-08-16,BTCUSDT,0.00010000,
2023-08-17T00:00:00+00:00,2023-08-17,BTCUSDT,0.00010000,
2023-08-17T08:00:00+00:00,2023-08-17,BTCUSDT,0.00010000,
2023-08-17T16:00:00+00:00,2023-08-17,BTCUSDT,0.00010000,
2023-08-18T00:00:00+00:00,2023-08-18,BTCUSDT,0.00010000,
2023-08-18T08:00:00+00:00,2023-08-18,BTCUSDT,-0.00000046,
2023-08-18T16:00:00+00:00,2023-08-18,BTCUSDT,0.00005166,
2023-08-19T00:00:00+00:00,2023-08-19,BTCUSDT,-0.00000274,
2023-08-19T08:00:00+00:00,2023-08-19,BTCUSDT,-0.00000322,
2023-08-19T16:00:00+00:00,2023-08-19,BTCUSDT,-0.00005286,
2023-08-20T00:00:00+00:00,2023-08-20,BTCUSDT,-0.00003069,
2023-08-20T08:00:00+00:00,2023-08-20,BTCUSDT,-0.00004364,
2023-08-20T16:00:00+00:00,2023-08-20,BTCUSDT,-0.00000193,
2023-08-21T00:00:00+00:00,2023-08-21,BTCUSDT,-0.00002797,
2023-08-21T08:00:00+00:00,2023-08-21,BTCUSDT,0.00000816,
2023-08-21T16:00:00+00:00,2023-08-21,BTCUSDT,-0.00001619,
2023-08-22T00:00:00+00:00,2023-08-22,BTCUSDT,-0.00000308,
2023-08-22T08:00:00+00:00,2023-08-22,BTCUSDT,-0.00001928,
2023-08-22T16:00:00+00:00,2023-08-22,BTCUSDT,0.00003048,
2023-08-23T00:00:00+00:00,2023-08-23,BTCUSDT,0.00000739,
2023-08-23T08:00:00+00:00,2023-08-23,BTCUSDT,-0.00001020,
2023-08-23T16:00:00+00:00,2023-08-23,BTCUSDT,0.00003247,
2023-08-24T00:00:00+00:00,2023-08-24,BTCUSDT,-0.00002822,
2023-08-24T08:00:00+00:00,2023-08-24,BTCUSDT,0.00002506,
2023-08-24T16:00:00+00:00,2023-08-24,BTCUSDT,0.00004900,
2023-08-25T00:00:00+00:00,2023-08-25,BTCUSDT,-0.00000659,
2023-08-25T08:00:00+00:00,2023-08-25,BTCUSDT,0.00002802,
2023-08-25T16:00:00+00:00,2023-08-25,BTCUSDT,0.00005218,
2023-08-26T00:00:00+00:00,2023-08-26,BTCUSDT,0.00003820,
2023-08-26T08:00:00+00:00,2023-08-26,BTCUSDT,0.00005334,
2023-08-26T16:00:00+00:00,2023-08-26,BTCUSDT,0.00002096,
2023-08-27T00:00:00+00:00,2023-08-27,BTCUSDT,0.00000099,
2023-08-27T08:00:00+00:00,2023-08-27,BTCUSDT,0.00003976,
2023-08-27T16:00:00+00:00,2023-08-27,BTCUSDT,0.00001232,
2023-08-28T00:00:00+00:00,2023-08-28,BTCUSDT,-0.00000395,
2023-08-28T08:00:00.001000+00:00,2023-08-28,BTCUSDT,0.00004424,
2023-08-28T16:00:00.001000+00:00,2023-08-28,BTCUSDT,0.00004524,
2023-08-29T00:00:00+00:00,2023-08-29,BTCUSDT,0.00000824,
2023-08-29T08:00:00+00:00,2023-08-29,BTCUSDT,0.00003769,
2023-08-29T16:00:00+00:00,2023-08-29,BTCUSDT,-0.00010934,
2023-08-30T00:00:00+00:00,2023-08-30,BTCUSDT,0.00004868,
2023-08-30T08:00:00+00:00,2023-08-30,BTCUSDT,0.00005731,
2023-08-30T16:00:00+00:00,2023-08-30,BTCUSDT,0.00003944,
2023-08-31T00:00:00+00:00,2023-08-31,BTCUSDT,0.00002909,
2023-08-31T08:00:00+00:00,2023-08-31,BTCUSDT,0.00006859,
2023-08-31T16:00:00+00:00,2023-08-31,BTCUSDT,0.00008105,
2023-09-01T00:00:00+00:00,2023-09-01,BTCUSDT,0.00002583,
2023-09-01T08:00:00+00:00,2023-09-01,BTCUSDT,0.00005968,
2023-09-01T16:00:00.001000+00:00,2023-09-01,BTCUSDT,0.00006254,
2023-09-02T00:00:00+00:00,2023-09-02,BTCUSDT,0.00004998,
2023-09-02T08:00:00+00:00,2023-09-02,BTCUSDT,0.00001937,
2023-09-02T16:00:00+00:00,2023-09-02,BTCUSDT,-0.00002018,
2023-09-03T00:00:00+00:00,2023-09-03,BTCUSDT,0.00004839,
2023-09-03T08:00:00+00:00,2023-09-03,BTCUSDT,0.00000235,
2023-09-03T16:00:00+00:00,2023-09-03,BTCUSDT,0.00002890,
2023-09-04T00:00:00+00:00,2023-09-04,BTCUSDT,0.00002690,
2023-09-04T08:00:00+00:00,2023-09-04,BTCUSDT,0.00001469,
2023-09-04T16:00:00+00:00,2023-09-04,BTCUSDT,-0.00001059,
2023-09-05T00:00:00+00:00,2023-09-05,BTCUSDT,0.00000053,
2023-09-05T08:00:00+00:00,2023-09-05,BTCUSDT,0.00001975,
2023-09-05T16:00:00+00:00,2023-09-05,BTCUSDT,0.00003366,
2023-09-06T00:00:00+00:00,2023-09-06,BTCUSDT,0.00001737,
2023-09-06T08:00:00+00:00,2023-09-06,BTCUSDT,-0.00002763,
2023-09-06T16:00:00.001000+00:00,2023-09-06,BTCUSDT,0.00002135,
2023-09-07T00:00:00+00:00,2023-09-07,BTCUSDT,0.00003830,
2023-09-07T08:00:00+00:00,2023-09-07,BTCUSDT,0.00003883,
2023-09-07T16:00:00+00:00,2023-09-07,BTCUSDT,0.00006924,
2023-09-08T00:00:00+00:00,2023-09-08,BTCUSDT,-0.00001525,
2023-09-08T08:00:00+00:00,2023-09-08,BTCUSDT,0.00000512,
2023-09-08T16:00:00+00:00,2023-09-08,BTCUSDT,-0.00001691,
2023-09-09T00:00:00+00:00,2023-09-09,BTCUSDT,-0.00005057,
2023-09-09T08:00:00+00:00,2023-09-09,BTCUSDT,-0.00000377,
2023-09-09T16:00:00+00:00,2023-09-09,BTCUSDT,0.00001423,
2023-09-10T00:00:00+00:00,2023-09-10,BTCUSDT,-0.00000073,
2023-09-10T08:00:00+00:00,2023-09-10,BTCUSDT,0.00003294,
2023-09-10T16:00:00+00:00,2023-09-10,BTCUSDT,0.00002609,
2023-09-11T00:00:00+00:00,2023-09-11,BTCUSDT,-0.00000300,
2023-09-11T08:00:00+00:00,2023-09-11,BTCUSDT,0.00001823,
2023-09-11T16:00:00.001000+00:00,2023-09-11,BTCUSDT,0.00001838,
2023-09-12T00:00:00+00:00,2023-09-12,BTCUSDT,0.00002730,
2023-09-12T08:00:00+00:00,2023-09-12,BTCUSDT,0.00005425,
2023-09-12T16:00:00+00:00,2023-09-12,BTCUSDT,-0.00003502,
2023-09-13T00:00:00+00:00,2023-09-13,BTCUSDT,0.00002342,
2023-09-13T08:00:00+00:00,2023-09-13,BTCUSDT,0.00001260,
2023-09-13T16:00:00+00:00,2023-09-13,BTCUSDT,0.00003099,
2023-09-14T00:00:00+00:00,2023-09-14,BTCUSDT,0.00000461,
2023-09-14T08:00:00.001000+00:00,2023-09-14,BTCUSDT,0.00003428,
2023-09-14T16:00:00+00:00,2023-09-14,BTCUSDT,-0.00004748,
2023-09-15T00:00:00+00:00,2023-09-15,BTCUSDT,-0.00002641,
2023-09-15T08:00:00+00:00,2023-09-15,BTCUSDT,-0.00000761,
2023-09-15T16:00:00+00:00,2023-09-15,BTCUSDT,0.00007561,
2023-09-16T00:00:00+00:00,2023-09-16,BTCUSDT,-0.00001381,
2023-09-16T08:00:00+00:00,2023-09-16,BTCUSDT,-0.00004320,
2023-09-16T16:00:00+00:00,2023-09-16,BTCUSDT,-0.00003161,
2023-09-17T00:00:00+00:00,2023-09-17,BTCUSDT,0.00000897,
2023-09-17T08:00:00+00:00,2023-09-17,BTCUSDT,0.00001142,
2023-09-17T16:00:00+00:00,2023-09-17,BTCUSDT,0.00000649,
2023-09-18T00:00:00+00:00,2023-09-18,BTCUSDT,-0.00000508,
2023-09-18T08:00:00+00:00,2023-09-18,BTCUSDT,0.00000579,
2023-09-18T16:00:00+00:00,2023-09-18,BTCUSDT,-0.00006774,
2023-09-19T00:00:00+00:00,2023-09-19,BTCUSDT,0.00002468,
2023-09-19T08:00:00.001000+00:00,2023-09-19,BTCUSDT,-0.00001972,
2023-09-19T16:00:00+00:00,2023-09-19,BTCUSDT,-0.00001756,
2023-09-20T00:00:00+00:00,2023-09-20,BTCUSDT,-0.00002614,
2023-09-20T08:00:00+00:00,2023-09-20,BTCUSDT,-0.00003777,
2023-09-20T16:00:00+00:00,2023-09-20,BTCUSDT,-0.00000991,
2023-09-21T00:00:00.001000+00:00,2023-09-21,BTCUSDT,-0.00000029,
2023-09-21T08:00:00+00:00,2023-09-21,BTCUSDT,0.00004303,
2023-09-21T16:00:00+00:00,2023-09-21,BTCUSDT,0.00007429,
2023-09-22T00:00:00+00:00,2023-09-22,BTCUSDT,-0.00000062,
2023-09-22T08:00:00+00:00,2023-09-22,BTCUSDT,0.00001034,
2023-09-22T16:00:00+00:00,2023-09-22,BTCUSDT,0.00002136,
2023-09-23T00:00:00+00:00,2023-09-23,BTCUSDT,0.00006676,
2023-09-23T08:00:00+00:00,2023-09-23,BTCUSDT,0.00001556,
2023-09-23T16:00:00+00:00,2023-09-23,BTCUSDT,0.00000209,
2023-09-24T00:00:00+00:00,2023-09-24,BTCUSDT,-0.00001392,
2023-09-24T08:00:00+00:00,2023-09-24,BTCUSDT,0.00004721,
2023-09-24T16:00:00+00:00,2023-09-24,BTCUSDT,0.00002887,
2023-09-25T00:00:00+00:00,2023-09-25,BTCUSDT,-0.00001260,
2023-09-25T08:00:00+00:00,2023-09-25,BTCUSDT,0.00008565,
2023-09-25T16:00:00+00:00,2023-09-25,BTCUSDT,0.00004792,
2023-09-26T00:00:00+00:00,2023-09-26,BTCUSDT,-0.00003910,
2023-09-26T08:00:00+00:00,2023-09-26,BTCUSDT,-0.00001215,
2023-09-26T16:00:00+00:00,2023-09-26,BTCUSDT,0.00005626,
2023-09-27T00:00:00+00:00,2023-09-27,BTCUSDT,0.00009944,
2023-09-27T08:00:00.001000+00:00,2023-09-27,BTCUSDT,0.00003378,
2023-09-27T16:00:00+00:00,2023-09-27,BTCUSDT,0.00002074,
2023-09-28T00:00:00+00:00,2023-09-28,BTCUSDT,0.00000674,
2023-09-28T08:00:00+00:00,2023-09-28,BTCUSDT,-0.00001581,
2023-09-28T16:00:00+00:00,2023-09-28,BTCUSDT,-0.00004732,
2023-09-29T00:00:00+00:00,2023-09-29,BTCUSDT,-0.00003894,
2023-09-29T08:00:00+00:00,2023-09-29,BTCUSDT,-0.00002567,
2023-09-29T16:00:00+00:00,2023-09-29,BTCUSDT,0.00000476,
2023-09-30T00:00:00+00:00,2023-09-30,BTCUSDT,0.00000643,
2023-09-30T08:00:00+00:00,2023-09-30,BTCUSDT,0.00001864,
2023-09-30T16:00:00+00:00,2023-09-30,BTCUSDT,0.00001525,
2023-10-01T00:00:00+00:00,2023-10-01,BTCUSDT,0.00000295,
2023-10-01T08:00:00+00:00,2023-10-01,BTCUSDT,-0.00000619,
2023-10-01T16:00:00+00:00,2023-10-01,BTCUSDT,-0.00002263,
2023-10-02T00:00:00+00:00,2023-10-02,BTCUSDT,0.00005831,
2023-10-02T08:00:00+00:00,2023-10-02,BTCUSDT,0.00000728,
2023-10-02T16:00:00+00:00,2023-10-02,BTCUSDT,-0.00001477,
2023-10-03T00:00:00+00:00,2023-10-03,BTCUSDT,0.00004172,
2023-10-03T08:00:00+00:00,2023-10-03,BTCUSDT,0.00001667,
2023-10-03T16:00:00+00:00,2023-10-03,BTCUSDT,0.00002500,
2023-10-04T00:00:00+00:00,2023-10-04,BTCUSDT,0.00006031,
2023-10-04T08:00:00+00:00,2023-10-04,BTCUSDT,0.00006200,
2023-10-04T16:00:00+00:00,2023-10-04,BTCUSDT,-0.00002857,
2023-10-05T00:00:00+00:00,2023-10-05,BTCUSDT,-0.00003807,
2023-10-05T08:00:00+00:00,2023-10-05,BTCUSDT,-0.00004268,
2023-10-05T16:00:00.001000+00:00,2023-10-05,BTCUSDT,-0.00002302,
2023-10-06T00:00:00+00:00,2023-10-06,BTCUSDT,-0.00001106,
2023-10-06T08:00:00+00:00,2023-10-06,BTCUSDT,0.00001436,
2023-10-06T16:00:00+00:00,2023-10-06,BTCUSDT,-0.00003149,
2023-10-07T00:00:00+00:00,2023-10-07,BTCUSDT,0.00002124,
2023-10-07T08:00:00+00:00,2023-10-07,BTCUSDT,0.00002849,
2023-10-07T16:00:00+00:00,2023-10-07,BTCUSDT,0.00002083,
2023-10-08T00:00:00+00:00,2023-10-08,BTCUSDT,0.00000314,
2023-10-08T08:00:00.001000+00:00,2023-10-08,BTCUSDT,0.00000974,
2023-10-08T16:00:00+00:00,2023-10-08,BTCUSDT,0.00005163,
2023-10-09T00:00:00+00:00,2023-10-09,BTCUSDT,0.00003992,
2023-10-09T08:00:00+00:00,2023-10-09,BTCUSDT,0.00003515,
2023-10-09T16:00:00+00:00,2023-10-09,BTCUSDT,0.00007838,
2023-10-10T00:00:00+00:00,2023-10-10,BTCUSDT,0.00006349,
2023-10-10T08:00:00+00:00,2023-10-10,BTCUSDT,0.00001894,
2023-10-10T16:00:00+00:00,2023-10-10,BTCUSDT,0.00004548,
2023-10-11T00:00:00+00:00,2023-10-11,BTCUSDT,0.00005918,
2023-10-11T08:00:00+00:00,2023-10-11,BTCUSDT,0.00008330,
2023-10-11T16:00:00+00:00,2023-10-11,BTCUSDT,0.00006319,
2023-10-12T00:00:00+00:00,2023-10-12,BTCUSDT,0.00010000,
2023-10-12T08:00:00+00:00,2023-10-12,BTCUSDT,0.00002661,
2023-10-12T16:00:00+00:00,2023-10-12,BTCUSDT,0.00007304,
2023-10-13T00:00:00+00:00,2023-10-13,BTCUSDT,0.00002294,
2023-10-13T08:00:00+00:00,2023-10-13,BTCUSDT,0.00002039,
2023-10-13T16:00:00+00:00,2023-10-13,BTCUSDT,0.00002326,
2023-10-14T00:00:00+00:00,2023-10-14,BTCUSDT,0.00000105,
2023-10-14T08:00:00+00:00,2023-10-14,BTCUSDT,0.00002211,
2023-10-14T16:00:00+00:00,2023-10-14,BTCUSDT,0.00002456,
2023-10-15T00:00:00+00:00,2023-10-15,BTCUSDT,-0.00001509,
2023-10-15T08:00:00+00:00,2023-10-15,BTCUSDT,0.00004292,
2023-10-15T16:00:00+00:00,2023-10-15,BTCUSDT,0.00002224,
2023-10-16T00:00:00+00:00,2023-10-16,BTCUSDT,0.00000511,
2023-10-16T08:00:00+00:00,2023-10-16,BTCUSDT,0.00000028,
2023-10-16T16:00:00+00:00,2023-10-16,BTCUSDT,0.00009644,
2023-10-17T00:00:00+00:00,2023-10-17,BTCUSDT,0.00000204,
2023-10-17T08:00:00+00:00,2023-10-17,BTCUSDT,0.00001493,
2023-10-17T16:00:00+00:00,2023-10-17,BTCUSDT,-0.00002311,
2023-10-18T00:00:00+00:00,2023-10-18,BTCUSDT,-0.00003343,
2023-10-18T08:00:00+00:00,2023-10-18,BTCUSDT,-0.00001216,
2023-10-18T16:00:00+00:00,2023-10-18,BTCUSDT,0.00001644,
2023-10-19T00:00:00+00:00,2023-10-19,BTCUSDT,-0.00001028,
2023-10-19T08:00:00.001000+00:00,2023-10-19,BTCUSDT,-0.00000624,
2023-10-19T16:00:00+00:00,2023-10-19,BTCUSDT,-0.00011006,
2023-10-20T00:00:00+00:00,2023-10-20,BTCUSDT,-0.00009272,
2023-10-20T08:00:00.005000+00:00,2023-10-20,BTCUSDT,0.00001938,
2023-10-20T16:00:00+00:00,2023-10-20,BTCUSDT,0.00002687,
2023-10-21T00:00:00+00:00,2023-10-21,BTCUSDT,-0.00001585,
2023-10-21T08:00:00+00:00,2023-10-21,BTCUSDT,0.00004374,
2023-10-21T16:00:00+00:00,2023-10-21,BTCUSDT,0.00005827,
2023-10-22T00:00:00+00:00,2023-10-22,BTCUSDT,0.00002567,
2023-10-22T08:00:00+00:00,2023-10-22,BTCUSDT,0.00002579,
2023-10-22T16:00:00+00:00,2023-10-22,BTCUSDT,0.00003115,
2023-10-23T00:00:00+00:00,2023-10-23,BTCUSDT,0.00008250,
2023-10-23T08:00:00.001000+00:00,2023-10-23,BTCUSDT,0.00009590,
2023-10-23T16:00:00.001000+00:00,2023-10-23,BTCUSDT,0.00000648,
2023-10-24T00:00:00+00:00,2023-10-24,BTCUSDT,0.00010000,
2023-10-24T08:00:00+00:00,2023-10-24,BTCUSDT,0.00010000,
2023-10-24T16:00:00+00:00,2023-10-24,BTCUSDT,0.00010000,
2023-10-25T00:00:00+00:00,2023-10-25,BTCUSDT,0.00010000,
2023-10-25T08:00:00+00:00,2023-10-25,BTCUSDT,0.00010000,
2023-10-25T16:00:00.001000+00:00,2023-10-25,BTCUSDT,0.00010000,
2023-10-26T00:00:00.001000+00:00,2023-10-26,BTCUSDT,0.00010000,
2023-10-26T08:00:00+00:00,2023-10-26,BTCUSDT,0.00010000,
2023-10-26T16:00:00+00:00,2023-10-26,BTCUSDT,0.00010000,
2023-10-27T00:00:00+00:00,2023-10-27,BTCUSDT,0.00010000,
2023-10-27T08:00:00+00:00,2023-10-27,BTCUSDT,0.00010000,
2023-10-27T16:00:00+00:00,2023-10-27,BTCUSDT,0.00010000,
2023-10-28T00:00:00+00:00,2023-10-28,BTCUSDT,0.00010000,
2023-10-28T08:00:00.001000+00:00,2023-10-28,BTCUSDT,0.00010000,
2023-10-28T16:00:00+00:00,2023-10-28,BTCUSDT,0.00010000,
2023-10-29T00:00:00+00:00,2023-10-29,BTCUSDT,0.00010000,
2023-10-29T08:00:00+00:00,2023-10-29,BTCUSDT,0.00010000,
2023-10-29T16:00:00+00:00,2023-10-29,BTCUSDT,0.00010000,
2023-10-30T00:00:00+00:00,2023-10-30,BTCUSDT,0.00010000,
2023-10-30T08:00:00+00:00,2023-10-30,BTCUSDT,0.00010000,
2023-10-30T16:00:00+00:00,2023-10-30,BTCUSDT,0.00010000,
2023-10-31T00:00:00.001000+00:00,2023-10-31,BTCUSDT,0.00010000,
2023-10-31T08:00:00+00:00,2023-10-31,BTCUSDT,0.00010000,34149.46365245
2023-10-31T16:00:00+00:00,2023-10-31,BTCUSDT,0.00010000,34287.54619963
2023-11-01T00:00:00+00:00,2023-11-01,BTCUSDT,0.00010000,34651.40000000
2023-11-01T08:00:00+00:00,2023-11-01,BTCUSDT,0.00010000,34462.70000000
2023-11-01T16:00:00+00:00,2023-11-01,BTCUSDT,0.00010000,34297.00000000
2023-11-02T00:00:00.001000+00:00,2023-11-02,BTCUSDT,0.00010000,35437.50000000
2023-11-02T08:00:00+00:00,2023-11-02,BTCUSDT,0.00010000,35280.70000000
2023-11-02T16:00:00+00:00,2023-11-02,BTCUSDT,0.00010000,34642.61247985
2023-11-03T00:00:00+00:00,2023-11-03,BTCUSDT,0.00010000,34937.66351648
2023-11-03T08:00:00+00:00,2023-11-03,BTCUSDT,0.00010000,34469.05403297
2023-11-03T16:00:00+00:00,2023-11-03,BTCUSDT,0.00010000,34760.80585567
2023-11-04T00:00:00+00:00,2023-11-04,BTCUSDT,0.00010000,34702.10537801
2023-11-04T08:00:00+00:00,2023-11-04,BTCUSDT,0.00010000,34759.10000000
2023-11-04T16:00:00+00:00,2023-11-04,BTCUSDT,0.00010000,34709.63381443
2023-11-05T00:00:00+00:00,2023-11-05,BTCUSDT,0.00010000,35070.25307143
2023-11-05T08:00:00+00:00,2023-11-05,BTCUSDT,0.00010000,35175.40000000
2023-11-05T16:00:00+00:00,2023-11-05,BTCUSDT,0.00010000,34893.90000000
2023-11-06T00:00:00+00:00,2023-11-06,BTCUSDT,0.00010000,35025.50000000
2023-11-06T08:00:00.001000+00:00,2023-11-06,BTCUSDT,0.00010000,34918.50000000
2023-11-06T16:00:00+00:00,2023-11-06,BTCUSDT,0.00010000,35085.27989377
2023-11-07T00:00:00.001000+00:00,2023-11-07,BTCUSDT,0.00010000,35056.66628082
2023-11-07T08:00:00+00:00,2023-11-07,BTCUSDT,0.00010000,34947.30000000
2023-11-07T16:00:00+00:00,2023-11-07,BTCUSDT,0.00010000,34726.93986667
2023-11-08T00:00:00+00:00,2023-11-08,BTCUSDT,0.00010000,35407.40000000
2023-11-08T08:00:00+00:00,2023-11-08,BTCUSDT,0.00010000,35239.50000000
2023-11-08T16:00:00+00:00,2023-11-08,BTCUSDT,0.00010000,35231.30000000
2023-11-09T00:00:00+00:00,2023-11-09,BTCUSDT,0.00010000,35630.54451373
2023-11-09T08:00:00+00:00,2023-11-09,BTCUSDT,0.00010000,36552.00000000
2023-11-09T16:00:00+00:00,2023-11-09,BTCUSDT,0.00020027,37133.04096275
2023-11-10T00:00:00+00:00,2023-11-10,BTCUSDT,0.00010000,36713.69408039
2023-11-10T08:00:00+00:00,2023-11-10,BTCUSDT,0.00011682,36477.27099789
2023-11-10T16:00:00+00:00,2023-11-10,BTCUSDT,0.00010000,37092.50000000
2023-11-11T00:00:00+00:00,2023-11-11,BTCUSDT,0.00010000,37326.19194118
2023-11-11T08:00:00+00:00,2023-11-11,BTCUSDT,0.00016607,37030.40000000
2023-11-11T16:00:00+00:00,2023-11-11,BTCUSDT,0.00014648,37070.40000000
2023-11-12T00:00:00+00:00,2023-11-12,BTCUSDT,0.00015430,37162.00000000
2023-11-12T08:00:00+00:00,2023-11-12,BTCUSDT,0.00023487,37154.10000000
2023-11-12T16:00:00.001000+00:00,2023-11-12,BTCUSDT,0.00027221,37178.20000000
2023-11-13T00:00:00+00:00,2023-11-13,BTCUSDT,0.00032467,37086.11364510
2023-11-13T08:00:00+00:00,2023-11-13,BTCUSDT,0.00010893,36982.50000000
2023-11-13T16:00:00+00:00,2023-11-13,BTCUSDT,0.00020492,36869.75723137
2023-11-14T00:00:00+00:00,2023-11-14,BTCUSDT,0.00017382,36484.23073840
2023-11-14T08:00:00+00:00,2023-11-14,BTCUSDT,0.00016369,36705.50000000
2023-11-14T16:00:00.001000+00:00,2023-11-14,BTCUSDT,0.00014477,36162.79747255
2023-11-15T00:00:00+00:00,2023-11-15,BTCUSDT,0.00010000,35560.60000000
2023-11-15T08:00:00+00:00,2023-11-15,BTCUSDT,0.00010000,35596.70000000
2023-11-15T16:00:00+00:00,2023-11-15,BTCUSDT,0.00010000,36415.64025773
2023-11-16T00:00:00+00:00,2023-11-16,BTCUSDT,0.00010000,37885.71403952
2023-11-16T08:00:00+00:00,2023-11-16,BTCUSDT,0.00015199,37460.60000000
2023-11-16T16:00:00.001000+00:00,2023-11-16,BTCUSDT,0.00012014,36420.00000000
2023-11-17T00:00:00+00:00,2023-11-17,BTCUSDT,0.00010000,36172.50061684
2023-11-17T08:00:00.001000+00:00,2023-11-17,BTCUSDT,0.00010000,36248.93589863
2023-11-17T16:00:00.001000+00:00,2023-11-17,BTCUSDT,0.00010000,36059.00000000
2023-11-18T00:00:00+00:00,2023-11-18,BTCUSDT,0.00010000,36622.00000000
2023-11-18T08:00:00+00:00,2023-11-18,BTCUSDT,0.00010000,36424.88688316
2023-11-18T16:00:00+00:00,2023-11-18,BTCUSDT,0.00010000,36671.96767869
2023-11-19T00:00:00+00:00,2023-11-19,BTCUSDT,0.00010000,36575.50541573
2023-11-19T08:00:00+00:00,2023-11-19,BTCUSDT,0.00010000,36618.89655326
2023-11-19T16:00:00+00:00,2023-11-19,BTCUSDT,0.00010000,36575.10000000
2023-11-20T00:00:00+00:00,2023-11-20,BTCUSDT,0.00010000,37375.80000000
2023-11-20T08:00:00+00:00,2023-11-20,BTCUSDT,0.00010000,37259.90000000
2023-11-20T16:00:00+00:00,2023-11-20,BTCUSDT,0.00010000,37476.60000000
2023-11-21T00:00:00+00:00,2023-11-21,BTCUSDT,0.00010000,37465.47965292
2023-11-21T08:00:00+00:00,2023-11-21,BTCUSDT,0.00010000,37290.96343471
2023-11-21T16:00:00+00:00,2023-11-21,BTCUSDT,0.00010000,36978.81670103
2023-11-22T00:00:00+00:00,2023-11-22,BTCUSDT,0.00010000,35745.39198625
2023-11-22T08:00:00+00:00,2023-11-22,BTCUSDT,0.00010000,36435.97590206
2023-11-22T16:00:00+00:00,2023-11-22,BTCUSDT,0.00010000,36480.85577320
2023-11-23T00:00:00+00:00,2023-11-23,BTCUSDT,0.00010000,37411.23448797
2023-11-23T08:00:00+00:00,2023-11-23,BTCUSDT,0.00010000,37378.50000000
2023-11-23T16:00:00.001000+00:00,2023-11-23,BTCUSDT,0.00010000,36954.00000000
2023-11-24T00:00:00+00:00,2023-11-24,BTCUSDT,0.00010000,37294.40000000
2023-11-24T08:00:00+00:00,2023-11-24,BTCUSDT,0.00010000,37530.00000000
2023-11-24T16:00:00+00:00,2023-11-24,BTCUSDT,0.00010000,38221.90000000
2023-11-25T00:00:00+00:00,2023-11-25,BTCUSDT,0.00010000,37706.30000000
2023-11-25T08:00:00+00:00,2023-11-25,BTCUSDT,0.00010000,37795.15536082
2023-11-25T16:00:00+00:00,2023-11-25,BTCUSDT,0.00010000,37696.51395533
2023-11-26T00:00:00+00:00,2023-11-26,BTCUSDT,0.00010000,37766.63934748
2023-11-26T08:00:00+00:00,2023-11-26,BTCUSDT,0.00010000,37774.46133566
2023-11-26T16:00:00+00:00,2023-11-26,BTCUSDT,0.00010000,37422.79969759
2023-11-27T00:00:00+00:00,2023-11-27,BTCUSDT,0.00010000,37438.00000000
2023-11-27T08:00:00.001000+00:00,2023-11-27,BTCUSDT,0.00010000,37277.03877148
2023-11-27T16:00:00+00:00,2023-11-27,BTCUSDT,0.00010000,36744.68396735
2023-11-28T00:00:00+00:00,2023-11-28,BTCUSDT,0.00010000,37234.30000000
2023-11-28T08:00:00+00:00,2023-11-28,BTCUSDT,0.00010000,37088.60000000
2023-11-28T16:00:00+00:00,2023-11-28,BTCUSDT,0.00010000,37502.20000000
2023-11-29T00:00:00.001000+00:00,2023-11-29,BTCUSDT,0.00010000,37812.00000000
2023-11-29T08:00:00+00:00,2023-11-29,BTCUSDT,0.00010000,38095.42608247
2023-11-29T16:00:00+00:00,2023-11-29,BTCUSDT,0.00010000,37817.50000000
2023-11-30T00:00:00+00:00,2023-11-30,BTCUSDT,0.00010000,37841.92721631
2023-11-30T08:00:00+00:00,2023-11-30,BTCUSDT,0.00010000,37782.30000355
2023-11-30T16:00:00+00:00,2023-11-30,BTCUSDT,0.00010000,37609.20000000
2023-12-01T00:00:00+00:00,2023-12-01,BTCUSDT,0.00010000,37716.80000000
2023-12-01T08:00:00+00:00,2023-12-01,BTCUSDT,0.00010000,38242.08488652
2023-12-01T16:00:00+00:00,2023-12-01,BTCUSDT,0.00010000,38401.40000000
2023-12-02T00:00:00+00:00,2023-12-02,BTCUSDT,0.00009950,38661.09287589
2023-12-02T08:00:00+00:00,2023-12-02,BTCUSDT,0.00006973,38684.00000000
2023-12-02T16:00:00+00:00,2023-12-02,BTCUSDT,0.00008541,38794.48514894
2023-12-03T00:00:00+00:00,2023-12-03,BTCUSDT,0.00010000,39438.73455824
2023-12-03T08:00:00+00:00,2023-12-03,BTCUSDT,0.00010000,39474.00000000
2023-12-03T16:00:00+00:00,2023-12-03,BTCUSDT,0.00010000,39758.35522727
2023-12-04T00:00:00+00:00,2023-12-04,BTCUSDT,0.00010000,39978.96550379
2023-12-04T08:00:00+00:00,2023-12-04,BTCUSDT,0.00010000,41466.20294697
2023-12-04T16:00:00+00:00,2023-12-04,BTCUSDT,0.00010000,41275.50000000
2023-12-05T00:00:00+00:00,2023-12-05,BTCUSDT,0.00010000,41993.00000000
2023-12-05T08:00:00+00:00,2023-12-05,BTCUSDT,0.00010000,41531.22250355
2023-12-05T16:00:00+00:00,2023-12-05,BTCUSDT,0.00010000,42265.96340426
2023-12-06T00:00:00+00:00,2023-12-06,BTCUSDT,0.00010000,44078.62530142
2023-12-06T08:00:00+00:00,2023-12-06,BTCUSDT,0.00010000,43697.00000000
2023-12-06T16:00:00+00:00,2023-12-06,BTCUSDT,0.00010000,43795.30000000
2023-12-07T00:00:00+00:00,2023-12-07,BTCUSDT,0.00010000,43772.20000000
2023-12-07T08:00:00+00:00,2023-12-07,BTCUSDT,0.00010000,43896.71856988
2023-12-07T16:00:00+00:00,2023-12-07,BTCUSDT,0.00010000,43671.48801418
2023-12-08T00:00:00+00:00,2023-12-08,BTCUSDT,0.00010000,43296.00000000
2023-12-08T08:00:00+00:00,2023-12-08,BTCUSDT,0.00023288,43184.90000000
2023-12-08T16:00:00+00:00,2023-12-08,BTCUSDT,0.00020242,43778.50000000
2023-12-09T00:00:00+00:00,2023-12-09,BTCUSDT,0.00011504,44209.60000000
2023-12-09T08:00:00+00:00,2023-12-09,BTCUSDT,0.00030159,44220.60000000
2023-12-09T16:00:00+00:00,2023-12-09,BTCUSDT,0.00017192,44085.17238370
2023-12-10T00:00:00+00:00,2023-12-10,BTCUSDT,0.00020724,43734.30000000
2023-12-10T08:00:00+00:00,2023-12-10,BTCUSDT,0.00020383,43995.90000000
2023-12-10T16:00:00+00:00,2023-12-10,BTCUSDT,0.00023923,43940.82247727
2023-12-11T00:00:00+00:00,2023-12-11,BTCUSDT,0.00014730,43810.00000000
2023-12-11T08:00:00+00:00,2023-12-11,BTCUSDT,0.00010000,42134.13747163
2023-12-11T16:00:00+00:00,2023-12-11,BTCUSDT,0.00010000,41824.60000000
2023-12-12T00:00:00+00:00,2023-12-12,BTCUSDT,0.00010000,41271.00000000
2023-12-12T08:00:00+00:00,2023-12-12,BTCUSDT,0.00010000,41930.00000000
2023-12-12T16:00:00+00:00,2023-12-12,BTCUSDT,0.00010000,41373.74558712
2023-12-13T00:00:00+00:00,2023-12-13,BTCUSDT,0.00011909,41505.95203546
2023-12-13T08:00:00+00:00,2023-12-13,BTCUSDT,0.00010162,41141.22059929
2023-12-13T16:00:00.001000+00:00,2023-12-13,BTCUSDT,0.00012601,41953.70580496
2023-12-14T00:00:00+00:00,2023-12-14,BTCUSDT,0.00010000,42874.90000000
2023-12-14T08:00:00+00:00,2023-12-14,BTCUSDT,0.00010000,42909.64841135
2023-12-14T16:00:00+00:00,2023-12-14,BTCUSDT,0.00010000,42458.70000000
2023-12-15T00:00:00+00:00,2023-12-15,BTCUSDT,0.00010000,43030.02054255
2023-12-15T08:00:00+00:00,2023-12-15,BTCUSDT,0.00010000,42721.73764894
2023-12-15T16:00:00+00:00,2023-12-15,BTCUSDT,0.00010000,41930.40000000
2023-12-16T00:00:00+00:00,2023-12-16,BTCUSDT,0.00010000,41963.01760993
2023-12-16T08:00:00+00:00,2023-12-16,BTCUSDT,0.00010000,42242.59387667
2023-12-16T16:00:00.001000+00:00,2023-12-16,BTCUSDT,0.00010000,42608.84540426
2023-12-17T00:00:00+00:00,2023-12-17,BTCUSDT,0.00010000,42287.40000000
2023-12-17T08:00:00+00:00,2023-12-17,BTCUSDT,0.00010000,41894.50000000
2023-12-17T16:00:00+00:00,2023-12-17,BTCUSDT,0.00010000,41828.40000000
2023-12-18T00:00:00+00:00,2023-12-18,BTCUSDT,0.00013355,41390.59169858
2023-12-18T08:00:00.001000+00:00,2023-12-18,BTCUSDT,0.00010000,41153.28794086
2023-12-18T16:00:00+00:00,2023-12-18,BTCUSDT,0.00015611,41284.67062411
2023-12-19T00:00:00+00:00,2023-12-19,BTCUSDT,0.00010000,42672.42150355
2023-12-19T08:00:00+00:00,2023-12-19,BTCUSDT,0.00010000,43060.98013830
2023-12-19T16:00:00+00:00,2023-12-19,BTCUSDT,0.00010000,42512.90000000
2023-12-20T00:00:00+00:00,2023-12-20,BTCUSDT,0.00010506,42296.25497656
2023-12-20T08:00:00+00:00,2023-12-20,BTCUSDT,0.00010000,42950.00000000
2023-12-20T16:00:00+00:00,2023-12-20,BTCUSDT,0.00023637,44072.24884043
2023-12-21T00:00:00+00:00,2023-12-21,BTCUSDT,0.00027143,43698.37531584
2023-12-21T08:00:00+00:00,2023-12-21,BTCUSDT,0.00029216,43794.80000000
2023-12-21T16:00:00+00:00,2023-12-21,BTCUSDT,0.00028948,43850.89671986
2023-12-22T00:00:00+00:00,2023-12-22,BTCUSDT,0.00030806,43896.30000000
2023-12-22T08:00:00+00:00,2023-12-22,BTCUSDT,0.00029610,43614.10000000
2023-12-22T16:00:00+00:00,2023-12-22,BTCUSDT,0.00018011,43697.08803191
2023-12-23T00:00:00+00:00,2023-12-23,BTCUSDT,0.00016285,43998.57061702
2023-12-23T08:00:00.001000+00:00,2023-12-23,BTCUSDT,0.00010000,43579.46053070
2023-12-23T16:00:00+00:00,2023-12-23,BTCUSDT,0.00015066,43779.60935461
2023-12-24T00:00:00+00:00,2023-12-24,BTCUSDT,0.00010000,43725.20000000
2023-12-24T08:00:00+00:00,2023-12-24,BTCUSDT,0.00020790,43678.01027288
2023-12-24T16:00:00+00:00,2023-12-24,BTCUSDT,0.00019729,43707.00000000
2023-12-25T00:00:00+00:00,2023-12-25,BTCUSDT,0.00010000,43008.30000000
2023-12-25T08:00:00+00:00,2023-12-25,BTCUSDT,0.00010000,43232.18695035
2023-12-25T16:00:00+00:00,2023-12-25,BTCUSDT,0.00037908,43658.66589362
2023-12-26T00:00:00+00:00,2023-12-26,BTCUSDT,0.00043391,43607.90541195
2023-12-26T08:00:00+00:00,2023-12-26,BTCUSDT,0.00023757,42798.63478030
2023-12-26T16:00:00+00:00,2023-12-26,BTCUSDT,0.00029559,42420.47853901
2023-12-27T00:00:00+00:00,2023-12-27,BTCUSDT,0.00027621,42538.50000000
2023-12-27T08:00:00+00:00,2023-12-27,BTCUSDT,0.00037942,42495.90000000
2023-12-27T16:00:00+00:00,2023-12-27,BTCUSDT,0.00032304,43007.90000000
2023-12-28T00:00:00+00:00,2023-12-28,BTCUSDT,0.00013021,43453.33700000
2023-12-28T08:00:00+00:00,2023-12-28,BTCUSDT,0.00037879,43085.57530142
2023-12-28T16:00:00+00:00,2023-12-28,BTCUSDT,0.00050152,42485.17897872
2023-12-29T00:00:00.001000+00:00,2023-12-29,BTCUSDT,0.00055170,42600.00000000
2023-12-29T08:00:00+00:00,2023-12-29,BTCUSDT,0.00049912,42309.51908156
2023-12-29T16:00:00+00:00,2023-12-29,BTCUSDT,0.00047082,42298.78047872
2023-12-30T00:00:00.001000+00:00,2023-12-30,BTCUSDT,0.00033033,42095.10000000
2023-12-30T08:00:00+00:00,2023-12-30,BTCUSDT,0.00043580,41979.90116312
2023-12-30T16:00:00+00:00,2023-12-30,BTCUSDT,0.00037842,42410.40000000
2023-12-31T00:00:00+00:00,2023-12-31,BTCUSDT,0.00027855,42173.49474823
2023-12-31T08:00:00.001000+00:00,2023-12-31,BTCUSDT,0.00034573,42564.00000000
2023-12-31T16:00:00+00:00,2023-12-31,BTCUSDT,0.00033597,42489.70000000
2024-01-01T00:00:00+00:00,2024-01-01,BTCUSDT,0.00037409,42313.90000000
2024-01-01T08:00:00+00:00,2024-01-01,BTCUSDT,0.00027213,42525.11019858
2024-01-01T16:00:00+00:00,2024-01-01,BTCUSDT,0.00033601,42811.29637234
2024-01-02T00:00:00+00:00,2024-01-02,BTCUSDT,0.00065846,44230.20000000
2024-01-02T08:00:00+00:00,2024-01-02,BTCUSDT,0.00035179,45494.65069858
2024-01-02T16:00:00+00:00,2024-01-02,BTCUSDT,0.00053730,45212.27632624
2024-01-03T00:00:00+00:00,2024-01-03,BTCUSDT,0.00021159,44975.18398936
2024-01-03T08:00:00+00:00,2024-01-03,BTCUSDT,0.00017123,45030.40000000
2024-01-03T16:00:00+00:00,2024-01-03,BTCUSDT,0.00010000,42995.80000000
2024-01-04T00:00:00+00:00,2024-01-04,BTCUSDT,0.00010000,42849.50000000
2024-01-04T08:00:00+00:00,2024-01-04,BTCUSDT,0.00010000,42774.30000000
2024-01-04T16:00:00+00:00,2024-01-04,BTCUSDT,0.00010000,44048.47574468
2024-01-05T00:00:00.001000+00:00,2024-01-05,BTCUSDT,0.00010000,44147.00000000
2024-01-05T08:00:00+00:00,2024-01-05,BTCUSDT,0.00010000,43772.86349645
2024-01-05T16:00:00+00:00,2024-01-05,BTCUSDT,0.00010000,43495.10000000
2024-01-06T00:00:00+00:00,2024-01-06,BTCUSDT,0.00010000,44143.29000000
2024-01-06T08:00:00+00:00,2024-01-06,BTCUSDT,0.00010000,43651.65376950
2024-01-06T16:00:00+00:00,2024-01-06,BTCUSDT,0.00010000,43863.60000000
2024-01-07T00:00:00+00:00,2024-01-07,BTCUSDT,0.00010000,43968.00030496
2024-01-07T08:00:00.001000+00:00,2024-01-07,BTCUSDT,0.00010000,44071.99074823
2024-01-07T16:00:00.001000+00:00,2024-01-07,BTCUSDT,0.00010000,44037.12014539
2024-01-08T00:00:00+00:00,2024-01-08,BTCUSDT,0.00010000,43909.50000000
2024-01-08T08:00:00+00:00,2024-01-08,BTCUSDT,0.00010000,43970.00000000
2024-01-08T16:00:00+00:00,2024-01-08,BTCUSDT,0.00010000,44964.26529433
2024-01-09T00:00:00.001000+00:00,2024-01-09,BTCUSDT,0.00010000,46972.60000000
2024-01-09T08:00:00+00:00,2024-01-09,BTCUSDT,0.00010000,46838.74650709
2024-01-09T16:00:00+00:00,2024-01-09,BTCUSDT,0.00010000,46872.40000000
2024-01-10T00:00:00+00:00,2024-01-10,BTCUSDT,0.00010000,46114.00000000
2024-01-10T08:00:00+00:00,2024-01-10,BTCUSDT,0.00010000,45766.40000000
2024-01-10T16:00:00+00:00,2024-01-10,BTCUSDT,0.00010000,45570.58561702
2024-01-11T00:00:00+00:00,2024-01-11,BTCUSDT,0.00010000,46657.58933688
2024-01-11T08:00:00+00:00,2024-01-11,BTCUSDT,0.00010000,46096.00527305
2024-01-11T16:00:00+00:00,2024-01-11,BTCUSDT,0.00010000,46789.70540426
2024-01-12T00:00:00.001000+00:00,2024-01-12,BTCUSDT,0.00010000,46341.69723404
2024-01-12T08:00:00+00:00,2024-01-12,BTCUSDT,0.00010000,46008.31871986
2024-01-12T16:00:00+00:00,2024-01-12,BTCUSDT,0.00010000,44492.64061702
2024-01-13T00:00:00+00:00,2024-01-13,BTCUSDT,0.00010000,42789.00000000
2024-01-13T08:00:00+00:00,2024-01-13,BTCUSDT,0.00010000,43102.10000000
2024-01-13T16:00:00.001000+00:00,2024-01-13,BTCUSDT,0.00010000,43159.76276596
2024-01-14T00:00:00+00:00,2024-01-14,BTCUSDT,0.00010000,42847.30638298
2024-01-14T08:00:00+00:00,2024-01-14,BTCUSDT,0.00010000,43011.58925532
2024-01-14T16:00:00.001000+00:00,2024-01-14,BTCUSDT,0.00010000,42908.40000000
2024-01-15T00:00:00+00:00,2024-01-15,BTCUSDT,0.00010000,41739.60000000
2024-01-15T08:00:00+00:00,2024-01-15,BTCUSDT,0.00010000,42716.86510638
2024-01-15T16:00:00+00:00,2024-01-15,BTCUSDT,0.00010000,42278.82404255
2024-01-16T00:00:00+00:00,2024-01-16,BTCUSDT,0.00010000,42519.39276596
2024-01-16T08:00:00+00:00,2024-01-16,BTCUSDT,0.00010000,42785.20319149
2024-01-16T16:00:00.001000+00:00,2024-01-16,BTCUSDT,0.00010000,43252.80000000
2024-01-17T00:00:00+00:00,2024-01-17,BTCUSDT,0.00010000,43140.21576950
2024-01-17T08:00:00+00:00,2024-01-17,BTCUSDT,0.00010000,42657.36403546
2024-01-17T16:00:00+00:00,2024-01-17,BTCUSDT,0.00010000,42480.14668590
2024-01-18T00:00:00.001000+00:00,2024-01-18,BTCUSDT,0.00010000,42781.95793262
2024-01-18T08:00:00+00:00,2024-01-18,BTCUSDT,0.00010000,42915.94085106
2024-01-18T16:00:00+00:00,2024-01-18,BTCUSDT,0.00010000,42618.30000000
2024-01-19T00:00:00+00:00,2024-01-19,BTCUSDT,0.00010000,41312.34723404
2024-01-19T08:00:00+00:00,2024-01-19,BTCUSDT,0.00010000,41282.00000000
2024-01-19T16:00:00.002000+00:00,2024-01-19,BTCUSDT,0.00010000,40897.10000000
2024-01-20T00:00:00+00:00,2024-01-20,BTCUSDT,0.00010000,41662.10000000
2024-01-20T08:00:00.003000+00:00,2024-01-20,BTCUSDT,0.00010000,41650.68431818
2024-01-20T16:00:00+00:00,2024-01-20,BTCUSDT,0.00010000,41568.28595745
2024-01-21T00:00:00+00:00,2024-01-21,BTCUSDT,0.00010000,41693.91453546
2024-01-21T08:00:00+00:00,2024-01-21,BTCUSDT,0.00010000,41648.18463415
2024-01-21T16:00:00+00:00,2024-01-21,BTCUSDT,0.00010000,41652.70000000
2024-01-22T00:00:00+00:00,2024-01-22,BTCUSDT,0.00010000,41578.57680851
2024-01-22T08:00:00+00:00,2024-01-22,BTCUSDT,0.00010000,41041.20808511
2024-01-22T16:00:00+00:00,2024-01-22,BTCUSDT,0.00010000,40767.10361702
2024-01-23T00:00:00+00:00,2024-01-23,BTCUSDT,0.00010000,39566.15381552
2024-01-23T08:00:00+00:00,2024-01-23,BTCUSDT,0.00010000,39777.14965957
2024-01-23T16:00:00+00:00,2024-01-23,BTCUSDT,0.00010000,39204.77723404
2024-01-24T00:00:00+00:00,2024-01-24,BTCUSDT,0.00010000,39891.92865530
2024-01-24T08:00:00+00:00,2024-01-24,BTCUSDT,0.00010000,39973.35340426
2024-01-24T16:00:00+00:00,2024-01-24,BTCUSDT,0.00010000,40048.44006491
2024-01-25T00:00:00+00:00,2024-01-25,BTCUSDT,0.00010000,40078.80000000
2024-01-25T08:00:00.001000+00:00,2024-01-25,BTCUSDT,0.00010000,40122.98766288
2024-01-25T16:00:00+00:00,2024-01-25,BTCUSDT,0.00010000,39799.30407092
2024-01-26T00:00:00.001000+00:00,2024-01-26,BTCUSDT,0.00010000,39953.30000000
2024-01-26T08:00:00+00:00,2024-01-26,BTCUSDT,0.00010000,39957.97820833
2024-01-26T16:00:00+00:00,2024-01-26,BTCUSDT,0.00010000,41408.24000758
2024-01-27T00:00:00+00:00,2024-01-27,BTCUSDT,0.00008966,41806.40000000
2024-01-27T08:00:00+00:00,2024-01-27,BTCUSDT,0.00010000,41699.00000000
2024-01-27T16:00:00+00:00,2024-01-27,BTCUSDT,0.00008300,41797.40000000
2024-01-28T00:00:00+00:00,2024-01-28,BTCUSDT,0.00010000,42102.20000000
2024-01-28T08:00:00+00:00,2024-01-28,BTCUSDT,0.00004725,42370.00000000
2024-01-28T16:00:00+00:00,2024-01-28,BTCUSDT,0.00010000,42244.50000000
2024-01-29T00:00:00+00:00,2024-01-29,BTCUSDT,0.00010000,42021.30000000
2024-01-29T08:00:00.001000+00:00,2024-01-29,BTCUSDT,0.00009142,42040.00000000
2024-01-29T16:00:00+00:00,2024-01-29,BTCUSDT,0.00010000,42626.51582979
2024-01-30T00:00:00+00:00,2024-01-30,BTCUSDT,0.00010000,43287.70000000
2024-01-30T08:00:00+00:00,2024-01-30,BTCUSDT,0.00009492,43346.60000000
2024-01-30T16:00:00.001000+00:00,2024-01-30,BTCUSDT,0.00005149,43355.40000000
2024-01-31T00:00:00+00:00,2024-01-31,BTCUSDT,0.00002154,42925.49865957
2024-01-31T08:00:00+00:00,2024-01-31,BTCUSDT,0.00010000,43040.12039716
2024-01-31T16:00:00+00:00,2024-01-31,BTCUSDT,0.00010000,43348.20000000
2024-02-01T00:00:00+00:00,2024-02-01,BTCUSDT,0.00010000,42563.08635461
2024-02-01T08:00:00+00:00,2024-02-01,BTCUSDT,0.00010000,42182.20000000
2024-02-01T16:00:00.002000+00:00,2024-02-01,BTCUSDT,0.00010000,42500.13148936
2024-02-02T00:00:00+00:00,2024-02-02,BTCUSDT,0.00010000,43072.60000000
2024-02-02T08:00:00+00:00,2024-02-02,BTCUSDT,0.00010000,43085.75394326
2024-02-02T16:00:00+00:00,2024-02-02,BTCUSDT,0.00010000,43224.06110638
2024-02-03T00:00:00+00:00,2024-02-03,BTCUSDT,0.00007627,43182.00000000
2024-02-03T08:00:00+00:00,2024-02-03,BTCUSDT,0.00009042,43037.00000000
2024-02-03T16:00:00.001000+00:00,2024-02-03,BTCUSDT,0.00008028,43098.79023050
2024-02-04T00:00:00+00:00,2024-02-04,BTCUSDT,0.00008307,42993.33852128
2024-02-04T08:00:00.004000+00:00,2024-02-04,BTCUSDT,0.00008846,42824.48293972
2024-02-04T16:00:00+00:00,2024-02-04,BTCUSDT,0.00010000,42926.70000000
2024-02-05T00:00:00+00:00,2024-02-05,BTCUSDT,0.00010000,42570.40000000
2024-02-05T08:00:00+00:00,2024-02-05,BTCUSDT,0.00010000,43059.00000000
2024-02-05T16:00:00+00:00,2024-02-05,BTCUSDT,0.00010000,42629.60000000
2024-02-06T00:00:00+00:00,2024-02-06,BTCUSDT,0.00010000,42693.59276950
2024-02-06T08:00:00.001000+00:00,2024-02-06,BTCUSDT,0.00006723,42875.22371986
2024-02-06T16:00:00+00:00,2024-02-06,BTCUSDT,0.00010000,43232.25541135
2024-02-07T00:00:00+00:00,2024-02-07,BTCUSDT,0.00007527,43079.10000000
2024-02-07T08:00:00+00:00,2024-02-07,BTCUSDT,0.00005373,42904.80000000
2024-02-07T16:00:00+00:00,2024-02-07,BTCUSDT,0.00008306,43052.50000000
2024-02-08T00:00:00+00:00,2024-02-08,BTCUSDT,0.00010000,44326.22497872
2024-02-08T08:00:00+00:00,2024-02-08,BTCUSDT,0.00006535,44499.74975887
2024-02-08T16:00:00+00:00,2024-02-08,BTCUSDT,0.00002590,45411.12230496
2024-02-09T00:00:00+00:00,2024-02-09,BTCUSDT,0.00003160,45269.20000000
2024-02-09T08:00:00+00:00,2024-02-09,BTCUSDT,0.00010000,46189.13810284
2024-02-09T16:00:00.001000+00:00,2024-02-09,BTCUSDT,0.00009801,47136.90000000
2024-02-10T00:00:00.001000+00:00,2024-02-10,BTCUSDT,0.00008041,47116.64691288
2024-02-10T08:00:00+00:00,2024-02-10,BTCUSDT,0.00010000,47132.38896970
2024-02-10T16:00:00+00:00,2024-02-10,BTCUSDT,0.00010000,47334.57771120
2024-02-11T00:00:00+00:00,2024-02-11,BTCUSDT,0.00010000,47734.61973485
2024-02-11T08:00:00.001000+00:00,2024-02-11,BTCUSDT,0.00010000,48169.53924621
2024-02-11T16:00:00+00:00,2024-02-11,BTCUSDT,0.00010000,48145.85068561
2024-02-12T00:00:00+00:00,2024-02-12,BTCUSDT,0.00010000,48298.07332955
2024-02-12T08:00:00+00:00,2024-02-12,BTCUSDT,0.00010000,48206.78867803
2024-02-12T16:00:00+00:00,2024-02-12,BTCUSDT,0.00010000,49919.40000000
2024-02-13T00:00:00+00:00,2024-02-13,BTCUSDT,0.00010000,49935.64595076
2024-02-13T08:00:00+00:00,2024-02-13,BTCUSDT,0.00010000,50016.04285106
2024-02-13T16:00:00+00:00,2024-02-13,BTCUSDT,0.00010000,48753.20000000
2024-02-14T00:00:00+00:00,2024-02-14,BTCUSDT,0.00010000,49697.29248227
2024-02-14T08:00:00+00:00,2024-02-14,BTCUSDT,0.00010000,49841.90018794
2024-02-14T16:00:00+00:00,2024-02-14,BTCUSDT,0.00012283,51610.33415603
2024-02-15T00:00:00+00:00,2024-02-15,BTCUSDT,0.00010000,51816.90327305
2024-02-15T08:00:00+00:00,2024-02-15,BTCUSDT,0.00010000,51802.40000000
2024-02-15T16:00:00+00:00,2024-02-15,BTCUSDT,0.00010000,51961.58883688
2024-02-16T00:00:00+00:00,2024-02-16,BTCUSDT,0.00010000,51899.10000000
2024-02-16T08:00:00+00:00,2024-02-16,BTCUSDT,0.00010000,51779.57268794
2024-02-16T16:00:00+00:00,2024-02-16,BTCUSDT,0.00010000,51909.30000000
2024-02-17T00:00:00+00:00,2024-02-17,BTCUSDT,0.00010000,52145.88278014
2024-02-17T08:00:00+00:00,2024-02-17,BTCUSDT,0.00010000,51934.00000000
2024-02-17T16:00:00+00:00,2024-02-17,BTCUSDT,0.00016041,51013.40000000
2024-02-18T00:00:00+00:00,2024-02-18,BTCUSDT,0.00017240,51675.01974242
2024-02-18T08:00:00+00:00,2024-02-18,BTCUSDT,0.00015305,51697.70652273
2024-02-18T16:00:00+00:00,2024-02-18,BTCUSDT,0.00017095,51809.00000000
2024-02-19T00:00:00+00:00,2024-02-19,BTCUSDT,0.00023064,52163.39962677
2024-02-19T08:00:00+00:00,2024-02-19,BTCUSDT,0.00019594,52423.90000000
2024-02-19T16:00:00+00:00,2024-02-19,BTCUSDT,0.00013327,52158.90000000
2024-02-20T00:00:00+00:00,2024-02-20,BTCUSDT,0.00010461,51813.08142803
2024-02-20T08:00:00+00:00,2024-02-20,BTCUSDT,0.00010912,51868.89496454
2024-02-20T16:00:00+00:00,2024-02-20,BTCUSDT,0.00020259,51703.73815248
2024-02-21T00:00:00+00:00,2024-02-21,BTCUSDT,0.00010000,52297.40000000
2024-02-21T08:00:00+00:00,2024-02-21,BTCUSDT,0.00011242,51595.13521986
2024-02-21T16:00:00+00:00,2024-02-21,BTCUSDT,0.00010000,51183.70000000
2024-02-22T00:00:00.001000+00:00,2024-02-22,BTCUSDT,0.00010000,51877.90000000
2024-02-22T08:00:00.001000+00:00,2024-02-22,BTCUSDT,0.00013480,51856.75509429
2024-02-22T16:00:00+00:00,2024-02-22,BTCUSDT,0.00012557,51630.00000000
2024-02-23T00:00:00+00:00,2024-02-23,BTCUSDT,0.00010000,51315.77902837
2024-02-23T08:00:00+00:00,2024-02-23,BTCUSDT,0.00010000,50947.90000721
2024-02-23T16:00:00+00:00,2024-02-23,BTCUSDT,0.00012991,50934.48172469
2024-02-24T00:00:00+00:00,2024-02-24,BTCUSDT,0.00010000,50759.00207801
2024-02-24T08:00:00.001000+00:00,2024-02-24,BTCUSDT,0.00010000,51094.97830142
2024-02-24T16:00:00+00:00,2024-02-24,BTCUSDT,0.00010000,51124.60000000
2024-02-25T00:00:00.001000+00:00,2024-02-25,BTCUSDT,0.00011438,51601.57573485
2024-02-25T08:00:00+00:00,2024-02-25,BTCUSDT,0.00015012,51747.27246212
2024-02-25T16:00:00+00:00,2024-02-25,BTCUSDT,0.00015062,51547.90000000
2024-02-26T00:00:00+00:00,2024-02-26,BTCUSDT,0.00026761,51758.94718182
2024-02-26T08:00:00+00:00,2024-02-26,BTCUSDT,0.00021567,51326.60957197
2024-02-26T16:00:00+00:00,2024-02-26,BTCUSDT,0.00027227,52868.43844318
2024-02-27T00:00:00+00:00,2024-02-27,BTCUSDT,0.00032262,54511.60000000
2024-02-27T08:00:00+00:00,2024-02-27,BTCUSDT,0.00073521,56100.10000000
2024-02-27T16:00:00+00:00,2024-02-27,BTCUSDT,0.00022965,56772.28422340
2024-02-28T00:00:00+00:00,2024-02-28,BTCUSDT,0.00026729,57074.35007447
2024-02-28T08:00:00+00:00,2024-02-28,BTCUSDT,0.00023682,58285.92319504
2024-02-28T16:00:00+00:00,2024-02-28,BTCUSDT,0.00053538,60999.30823050
2024-02-29T00:00:00+00:00,2024-02-29,BTCUSDT,0.00069091,62477.48158640
2024-02-29T08:00:00+00:00,2024-02-29,BTCUSDT,0.00076337,62755.48857737
2024-02-29T16:00:00+00:00,2024-02-29,BTCUSDT,0.00057031,62809.10000000
2024-03-01T00:00:00+00:00,2024-03-01,BTCUSDT,0.00053322,61203.40000000
2024-03-01T08:00:00+00:00,2024-03-01,BTCUSDT,0.00064824,61474.21160638
2024-03-01T16:00:00+00:00,2024-03-01,BTCUSDT,0.00046010,61335.40000000
2024-03-02T00:00:00+00:00,2024-03-02,BTCUSDT,0.00033426,62426.84994681
2024-03-02T08:00:00.001000+00:00,2024-03-02,BTCUSDT,0.00057174,62071.90000000
2024-03-02T16:00:00+00:00,2024-03-02,BTCUSDT,0.00056396,61834.60000000
2024-03-03T00:00:00+00:00,2024-03-03,BTCUSDT,0.00046267,62039.90000000
2024-03-03T08:00:00+00:00,2024-03-03,BTCUSDT,0.00042989,61641.10000000
2024-03-03T16:00:00+00:00,2024-03-03,BTCUSDT,0.00044598,62210.70000000
2024-03-04T00:00:00+00:00,2024-03-04,BTCUSDT,0.00055071,63178.60000000
2024-03-04T08:00:00+00:00,2024-03-04,BTCUSDT,0.00046833,64120.50000000
2024-03-04T16:00:00+00:00,2024-03-04,BTCUSDT,0.00063620,66504.19310494
2024-03-05T00:00:00+00:00,2024-03-05,BTCUSDT,0.00048960,68296.40000000
2024-03-05T08:00:00+00:00,2024-03-05,BTCUSDT,0.00082969,66223.70000000
2024-03-05T16:00:00+00:00,2024-03-05,BTCUSDT,0.00088148,66840.70000000
2024-03-06T00:00:00+00:00,2024-03-06,BTCUSDT,0.00036280,63737.46570213
2024-03-06T08:00:00.001000+00:00,2024-03-06,BTCUSDT,0.00033876,66733.45835461
2024-03-06T16:00:00+00:00,2024-03-06,BTCUSDT,0.00049354,66534.41841489
2024-03-07T00:00:00+00:00,2024-03-07,BTCUSDT,0.00030311,66118.62122727
2024-03-07T08:00:00+00:00,2024-03-07,BTCUSDT,0.00040984,66447.80000000
2024-03-07T16:00:00+00:00,2024-03-07,BTCUSDT,0.00054217,67317.10000000
2024-03-08T00:00:00+00:00,2024-03-08,BTCUSDT,0.00034819,66869.90000000
2024-03-08T08:00:00+00:00,2024-03-08,BTCUSDT,0.00043497,67302.03139394
2024-03-08T16:00:00+00:00,2024-03-08,BTCUSDT,0.00062913,67699.70000000
2024-03-09T00:00:00+00:00,2024-03-09,BTCUSDT,0.00019134,68174.99267730
2024-03-09T08:00:00.001000+00:00,2024-03-09,BTCUSDT,0.00031281,68336.40000000
2024-03-09T16:00:00+00:00,2024-03-09,BTCUSDT,0.00026407,68340.09113121
2024-03-10T00:00:00+00:00,2024-03-10,BTCUSDT,0.00031010,68360.10000000
2024-03-10T08:00:00+00:00,2024-03-10,BTCUSDT,0.00063451,69424.70837234
2024-03-10T16:00:00+00:00,2024-03-10,BTCUSDT,0.00054479,69254.70000000
2024-03-11T00:00:00+00:00,2024-03-11,BTCUSDT,0.00035489,69000.00000000
2024-03-11T08:00:00+00:00,2024-03-11,BTCUSDT,0.00078428,71203.54634442
2024-03-11T16:00:00+00:00,2024-03-11,BTCUSDT,0.00066396,72056.40000000
2024-03-12T00:00:00+00:00,2024-03-12,BTCUSDT,0.00044470,72153.90000000
2024-03-12T08:00:00+00:00,2024-03-12,BTCUSDT,0.00045300,72175.50000000
2024-03-12T16:00:00+00:00,2024-03-12,BTCUSDT,0.00047935,71771.34852113
2024-03-13T00:00:00+00:00,2024-03-13,BTCUSDT,0.00033224,71506.80000000
2024-03-13T08:00:00.001000+00:00,2024-03-13,BTCUSDT,0.00064420,72962.13824516
2024-03-13T16:00:00+00:00,2024-03-13,BTCUSDT,0.00045402,72670.20000000
2024-03-14T00:00:00.001000+00:00,2024-03-14,BTCUSDT,0.00024393,73120.70119365
2024-03-14T08:00:00+00:00,2024-03-14,BTCUSDT,0.00038753,73280.70000000
2024-03-14T16:00:00+00:00,2024-03-14,BTCUSDT,0.00038258,70904.40000000
2024-03-15T00:00:00+00:00,2024-03-15,BTCUSDT,0.00038515,71453.22446454
2024-03-15T08:00:00+00:00,2024-03-15,BTCUSDT,0.00014328,68487.40000000
2024-03-15T16:00:00+00:00,2024-03-15,BTCUSDT,0.00015306,68191.10550016
2024-03-16T00:00:00+00:00,2024-03-16,BTCUSDT,0.00010000,69517.88923404
2024-03-16T08:00:00+00:00,2024-03-16,BTCUSDT,0.00023202,69477.38707245
2024-03-16T16:00:00+00:00,2024-03-16,BTCUSDT,0.00020813,68423.44776418
2024-03-17T00:00:00+00:00,2024-03-17,BTCUSDT,0.00013089,65350.90000000
2024-03-17T08:00:00+00:00,2024-03-17,BTCUSDT,0.00017773,65688.60000000
2024-03-17T16:00:00+00:00,2024-03-17,BTCUSDT,0.00024827,68006.97658156
2024-03-18T00:00:00+00:00,2024-03-18,BTCUSDT,0.00020181,68448.00000000
2024-03-18T08:00:00+00:00,2024-03-18,BTCUSDT,0.00030597,68259.58774823
2024-03-18T16:00:00.001000+00:00,2024-03-18,BTCUSDT,0.00027195,67509.10000000
2024-03-19T00:00:00+00:00,2024-03-19,BTCUSDT,0.00026923,67648.11833623
2024-03-19T08:00:00+00:00,2024-03-19,BTCUSDT,0.00029065,64738.78331206
2024-03-19T16:00:00.001000+00:00,2024-03-19,BTCUSDT,0.00024018,64080.74999621
2024-03-20T00:00:00+00:00,2024-03-20,BTCUSDT,0.00015847,61974.00000000
2024-03-20T08:00:00.004000+00:00,2024-03-20,BTCUSDT,0.00018388,62996.50000000
2024-03-20T16:00:00+00:00,2024-03-20,BTCUSDT,0.00010000,63641.40592860
2024-03-21T00:00:00+00:00,2024-03-21,BTCUSDT,0.00010403,67863.70000000
2024-03-21T08:00:00+00:00,2024-03-21,BTCUSDT,0.00019304,67030.14523864
2024-03-21T16:00:00+00:00,2024-03-21,BTCUSDT,0.00019510,66589.30761364
2024-03-22T00:00:00+00:00,2024-03-22,BTCUSDT,0.00016271,65538.70000000
2024-03-22T08:00:00+00:00,2024-03-22,BTCUSDT,0.00010000,66217.13622340
2024-03-22T16:00:00+00:00,2024-03-22,BTCUSDT,0.00011993,63904.42918440
2024-03-23T00:00:00+00:00,2024-03-23,BTCUSDT,0.00010000,63813.37344681
2024-03-23T08:00:00+00:00,2024-03-23,BTCUSDT,0.00010000,64606.50000000
2024-03-23T16:00:00+00:00,2024-03-23,BTCUSDT,0.00010806,65141.71509220
2024-03-24T00:00:00+00:00,2024-03-24,BTCUSDT,0.00010351,64020.30000000
2024-03-24T08:00:00+00:00,2024-03-24,BTCUSDT,0.00014616,64622.20133333
2024-03-24T16:00:00+00:00,2024-03-24,BTCUSDT,0.00015884,65710.93932745
2024-03-25T00:00:00+00:00,2024-03-25,BTCUSDT,0.00025549,67255.74783333
2024-03-25T08:00:00.001000+00:00,2024-03-25,BTCUSDT,0.00016324,66866.60000000
2024-03-25T16:00:00+00:00,2024-03-25,BTCUSDT,0.00028815,69837.28693262
2024-03-26T00:00:00+00:00,2024-03-26,BTCUSDT,0.00021963,69920.50000000
2024-03-26T08:00:00+00:00,2024-03-26,BTCUSDT,0.00018348,70516.73747518
2024-03-26T16:00:00+00:00,2024-03-26,BTCUSDT,0.00026764,70307.10000000
2024-03-27T00:00:00+00:00,2024-03-27,BTCUSDT,0.00028757,70039.82099291
2024-03-27T08:00:00.001000+00:00,2024-03-27,BTCUSDT,0.00029551,69776.11503546
2024-03-27T16:00:00+00:00,2024-03-27,BTCUSDT,0.00043631,68921.69195390
2024-03-28T00:00:00+00:00,2024-03-28,BTCUSDT,0.00024195,69532.60000000
2024-03-28T08:00:00+00:00,2024-03-28,BTCUSDT,0.00029899,70449.15108511
2024-03-28T16:00:00+00:00,2024-03-28,BTCUSDT,0.00029430,71320.02090780
2024-03-29T00:00:00+00:00,2024-03-29,BTCUSDT,0.00018250,70833.58536170
2024-03-29T08:00:00+00:00,2024-03-29,BTCUSDT,0.00025456,69853.35957447
2024-03-29T16:00:00+00:00,2024-03-29,BTCUSDT,0.00030170,69219.28912057
2024-03-30T00:00:00+00:00,2024-03-30,BTCUSDT,0.00019624,69898.73039007
2024-03-30T08:00:00+00:00,2024-03-30,BTCUSDT,0.00032267,69902.00000000
2024-03-30T16:00:00+00:00,2024-03-30,BTCUSDT,0.00034360,70057.72494050
2024-03-31T00:00:00+00:00,2024-03-31,BTCUSDT,0.00032351,69636.36575177
2024-03-31T08:00:00+00:00,2024-03-31,BTCUSDT,0.00039889,70353.76273404
2024-03-31T16:00:00.001000+00:00,2024-03-31,BTCUSDT,0.00040301,70446.10000000
2024-04-01T00:00:00+00:00,2024-04-01,BTCUSDT,0.00070161,71363.00000000
2024-04-01T08:00:00+00:00,2024-04-01,BTCUSDT,0.00033491,69636.12130851
2024-04-01T16:00:00+00:00,2024-04-01,BTCUSDT,0.00027469,68284.83075177
2024-04-02T00:00:00.007000+00:00,2024-04-02,BTCUSDT,0.00010926,69700.00000000
2024-04-02T08:00:00.015000+00:00,2024-04-02,BTCUSDT,0.00010000,66501.27906028
2024-04-02T16:00:00+00:00,2024-04-02,BTCUSDT,0.00016456,64922.16995035
2024-04-03T00:00:00+00:00,2024-04-03,BTCUSDT,0.00010000,65488.95697163
2024-04-03T08:00:00+00:00,2024-04-03,BTCUSDT,0.00010000,66172.55866471
2024-04-03T16:00:00+00:00,2024-04-03,BTCUSDT,0.00010000,65867.40000000
2024-04-04T00:00:00+00:00,2024-04-04,BTCUSDT,0.00010000,65971.50290071
2024-04-04T08:00:00+00:00,2024-04-04,BTCUSDT,0.00010000,66097.48730496
2024-04-04T16:00:00+00:00,2024-04-04,BTCUSDT,0.00010000,67631.70000000
2024-04-05T00:00:00+00:00,2024-04-05,BTCUSDT,0.00010000,68489.80000000
2024-04-05T08:00:00+00:00,2024-04-05,BTCUSDT,0.00010000,66931.37729274
2024-04-05T16:00:00+00:00,2024-04-05,BTCUSDT,0.00010000,68207.38882979
2024-04-06T00:00:00+00:00,2024-04-06,BTCUSDT,0.00010000,67823.48319149
2024-04-06T08:00:00+00:00,2024-04-06,BTCUSDT,0.00010000,67985.20000000
2024-04-06T16:00:00+00:00,2024-04-06,BTCUSDT,0.00010000,68094.00000000
2024-04-07T00:00:00+00:00,2024-04-07,BTCUSDT,0.00010000,68892.19809220
2024-04-07T08:00:00+00:00,2024-04-07,BTCUSDT,0.00010000,69367.40000000
2024-04-07T16:00:00+00:00,2024-04-07,BTCUSDT,0.00010000,69560.34690071
2024-04-08T00:00:00.001000+00:00,2024-04-08,BTCUSDT,0.00010000,69362.70000000
2024-04-08T08:00:00+00:00,2024-04-08,BTCUSDT,0.00010000,70726.91580142
2024-04-08T16:00:00.006000+00:00,2024-04-08,BTCUSDT,0.00035189,71815.70000000
2024-04-09T00:00:00+00:00,2024-04-09,BTCUSDT,0.00020915,71675.67700000
2024-04-09T08:00:00.001000+00:00,2024-04-09,BTCUSDT,0.00020603,70434.57300709
2024-04-09T16:00:00.001000+00:00,2024-04-09,BTCUSDT,0.00019061,69302.80935461
2024-04-10T00:00:00+00:00,2024-04-10,BTCUSDT,0.00011929,69189.20000000
2024-04-10T08:00:00.001000+00:00,2024-04-10,BTCUSDT,0.00012457,69375.34143262
2024-04-10T16:00:00+00:00,2024-04-10,BTCUSDT,0.00010000,68687.90000000
2024-04-11T00:00:00+00:00,2024-04-11,BTCUSDT,0.00013979,70674.32305943
2024-04-11T08:00:00+00:00,2024-04-11,BTCUSDT,0.00020153,70780.71202837
2024-04-11T16:00:00+00:00,2024-04-11,BTCUSDT,0.00019763,70045.90000000
2024-04-12T00:00:00+00:00,2024-04-12,BTCUSDT,0.00011258,70048.05615603
2024-04-12T08:00:00.001000+00:00,2024-04-12,BTCUSDT,0.00025630,70825.90000000
2024-04-12T16:00:00+00:00,2024-04-12,BTCUSDT,0.00012214,69375.10000000
2024-04-13T00:00:00+00:00,2024-04-13,BTCUSDT,0.00010000,67148.90000000
2024-04-13T08:00:00+00:00,2024-04-13,BTCUSDT,0.00010000,67466.10000000
2024-04-13T16:00:00.001000+00:00,2024-04-13,BTCUSDT,0.00010000,67683.10000000
2024-04-14T00:00:00+00:00,2024-04-14,BTCUSDT,0.00010000,63925.03126241
2024-04-14T08:00:00+00:00,2024-04-14,BTCUSDT,0.00010000,64455.64639007
2024-04-14T16:00:00+00:00,2024-04-14,BTCUSDT,0.00010000,64164.20358156
2024-04-15T00:00:00+00:00,2024-04-15,BTCUSDT,0.00010000,65624.38156028
2024-04-15T08:00:00.001000+00:00,2024-04-15,BTCUSDT,0.00001759,66235.58104965
2024-04-15T16:00:00+00:00,2024-04-15,BTCUSDT,0.00010000,64545.80000000
2024-04-16T00:00:00.001000+00:00,2024-04-16,BTCUSDT,0.00005953,63392.80000000
2024-04-16T08:00:00+00:00,2024-04-16,BTCUSDT,0.00009525,63487.90000000
2024-04-16T16:00:00+00:00,2024-04-16,BTCUSDT,0.00003513,61753.05706383
2024-04-17T00:00:00+00:00,2024-04-17,BTCUSDT,0.00006375,63775.62900000
2024-04-17T08:00:00+00:00,2024-04-17,BTCUSDT,0.00003574,63257.26621277
2024-04-17T16:00:00+00:00,2024-04-17,BTCUSDT,0.00006534,60280.74173759
2024-04-18T00:00:00+00:00,2024-04-18,BTCUSDT,0.00006937,61254.50000000
2024-04-18T08:00:00+00:00,2024-04-18,BTCUSDT,0.00005982,61154.70000000
2024-04-18T16:00:00+00:00,2024-04-18,BTCUSDT,-0.00003334,63474.00000000
2024-04-19T00:00:00.001000+00:00,2024-04-19,BTCUSDT,-0.00003120,63445.00000000
2024-04-19T08:00:00+00:00,2024-04-19,BTCUSDT,0.00006641,64517.90000000
2024-04-19T16:00:00+00:00,2024-04-19,BTCUSDT,0.00005880,64425.67251773
2024-04-20T00:00:00+00:00,2024-04-20,BTCUSDT,0.00010000,63787.40000000
2024-04-20T08:00:00+00:00,2024-04-20,BTCUSDT,-0.00000766,63937.90000000
2024-04-20T16:00:00+00:00,2024-04-20,BTCUSDT,0.00004204,64779.48886525
2024-04-21T00:00:00+00:00,2024-04-21,BTCUSDT,0.00003186,64905.14994326
2024-04-21T08:00:00+00:00,2024-04-21,BTCUSDT,-0.00002093,65110.09575935
2024-04-21T16:00:00+00:00,2024-04-21,BTCUSDT,0.00008271,65016.22880142
2024-04-22T00:00:00+00:00,2024-04-22,BTCUSDT,0.00004409,64912.60000000
2024-04-22T08:00:00+00:00,2024-04-22,BTCUSDT,0.00002497,65943.87257447
2024-04-22T16:00:00+00:00,2024-04-22,BTCUSDT,0.00000898,65964.30000000
2024-04-23T00:00:00+00:00,2024-04-23,BTCUSDT,-0.00001236,66788.36807801
2024-04-23T08:00:00+00:00,2024-04-23,BTCUSDT,0.00005240,66080.00000000
2024-04-23T16:00:00.001000+00:00,2024-04-23,BTCUSDT,-0.00001083,66380.60000000
2024-04-24T00:00:00+00:00,2024-04-24,BTCUSDT,0.00001413,66386.30000000
2024-04-24T08:00:00+00:00,2024-04-24,BTCUSDT,0.00005302,66593.33268794
2024-04-24T16:00:00+00:00,2024-04-24,BTCUSDT,0.00007047,64598.80000000
2024-04-25T00:00:00+00:00,2024-04-25,BTCUSDT,0.00007020,64255.45886525
2024-04-25T08:00:00+00:00,2024-04-25,BTCUSDT,0.00004069,63991.24963830
2024-04-25T16:00:00.010000+00:00,2024-04-25,BTCUSDT,0.00001140,64103.02705674
2024-04-26T00:00:00.001000+00:00,2024-04-26,BTCUSDT,0.00001709,64478.70000000
2024-04-26T08:00:00+00:00,2024-04-26,BTCUSDT,0.00000685,64238.35636879
2024-04-26T16:00:00+00:00,2024-04-26,BTCUSDT,0.00005562,63481.30000000
2024-04-27T00:00:00+00:00,2024-04-27,BTCUSDT,0.00010000,63748.80000000
2024-04-27T08:00:00.001000+00:00,2024-04-27,BTCUSDT,0.00007470,62944.20000000
2024-04-27T16:00:00+00:00,2024-04-27,BTCUSDT,0.00002834,62930.38454610
2024-04-28T00:00:00+00:00,2024-04-28,BTCUSDT,0.00001006,63426.63009929
2024-04-28T08:00:00+00:00,2024-04-28,BTCUSDT,-0.00002081,63883.10000000
2024-04-28T16:00:00+00:00,2024-04-28,BTCUSDT,0.00002782,63508.60000000
2024-04-29T00:00:00+00:00,2024-04-29,BTCUSDT,0.00002472,63088.40000000
2024-04-29T08:00:00+00:00,2024-04-29,BTCUSDT,0.00005544,62367.26310638
2024-04-29T16:00:00+00:00,2024-04-29,BTCUSDT,0.00006828,63012.00000000
2024-04-30T00:00:00+00:00,2024-04-30,BTCUSDT,0.00009740,63832.20000000
2024-04-30T08:00:00+00:00,2024-04-30,BTCUSDT,0.00009154,63123.70000000
2024-04-30T16:00:00+00:00,2024-04-30,BTCUSDT,0.00010000,60771.32493617
2024-05-01T00:00:00+00:00,2024-05-01,BTCUSDT,0.00010000,60651.10000000
2024-05-01T08:00:00+00:00,2024-05-01,BTCUSDT,0.00008946,57476.70000000
2024-05-01T16:00:00+00:00,2024-05-01,BTCUSDT,0.00009902,56865.26551064
2024-05-02T00:00:00+00:00,2024-05-02,BTCUSDT,0.00006634,58312.12589362
2024-05-02T08:00:00+00:00,2024-05-02,BTCUSDT,0.00006169,57646.04275887
2024-05-02T16:00:00.002000+00:00,2024-05-02,BTCUSDT,-0.00000123,59229.39228369
2024-05-03T00:00:00+00:00,2024-05-03,BTCUSDT,-0.00001549,59037.02063121
2024-05-03T08:00:00+00:00,2024-05-03,BTCUSDT,-0.00003764,59158.10000000
2024-05-03T16:00:00+00:00,2024-05-03,BTCUSDT,0.00008091,61662.10000000
2024-05-04T00:00:00+00:00,2024-05-04,BTCUSDT,0.00002703,62853.70000000
2024-05-04T08:00:00+00:00,2024-05-04,BTCUSDT,0.00007455,62933.77334752
2024-05-04T16:00:00+00:00,2024-05-04,BTCUSDT,0.00006265,63590.00000000
2024-05-05T00:00:00+00:00,2024-05-05,BTCUSDT,0.00006906,63864.20000000
2024-05-05T08:00:00+00:00,2024-05-05,BTCUSDT,0.00000647,63702.80847518
2024-05-05T16:00:00+00:00,2024-05-05,BTCUSDT,0.00003893,64398.10000000
2024-05-06T00:00:00+00:00,2024-05-06,BTCUSDT,0.00000602,63988.00000000
2024-05-06T08:00:00+00:00,2024-05-06,BTCUSDT,-0.00001031,64510.20934752
2024-05-06T16:00:00+00:00,2024-05-06,BTCUSDT,0.00007746,63607.85171631
2024-05-07T00:00:00+00:00,2024-05-07,BTCUSDT,0.00006064,63142.80000000
2024-05-07T08:00:00+00:00,2024-05-07,BTCUSDT,0.00001581,63649.00000000
2024-05-07T16:00:00+00:00,2024-05-07,BTCUSDT,0.00009028,63715.90033333
2024-05-08T00:00:00+00:00,2024-05-08,BTCUSDT,0.00004891,62295.90000000
2024-05-08T08:00:00+00:00,2024-05-08,BTCUSDT,0.00005553,62186.70000000
2024-05-08T16:00:00+00:00,2024-05-08,BTCUSDT,0.00009292,62251.90000000
2024-05-09T00:00:00+00:00,2024-05-09,BTCUSDT,0.00005648,61162.48592199
2024-05-09T08:00:00+00:00,2024-05-09,BTCUSDT,0.00003315,61227.65535461
2024-05-09T16:00:00+00:00,2024-05-09,BTCUSDT,0.00007253,62124.75106383
2024-05-10T00:00:00+00:00,2024-05-10,BTCUSDT,0.00001026,63050.10000000
2024-05-10T08:00:00+00:00,2024-05-10,BTCUSDT,0.00005934,63053.80000000
2024-05-10T16:00:00+00:00,2024-05-10,BTCUSDT,0.00007653,60902.45242553
2024-05-11T00:00:00+00:00,2024-05-11,BTCUSDT,0.00008881,60778.10000000
2024-05-11T08:00:00+00:00,2024-05-11,BTCUSDT,0.00003771,60989.66753191
2024-05-11T16:00:00+00:00,2024-05-11,BTCUSDT,0.00005067,61148.13121277
2024-05-12T00:00:00+00:00,2024-05-12,BTCUSDT,0.00002604,60809.20000000
2024-05-12T08:00:00+00:00,2024-05-12,BTCUSDT,0.00002830,60804.40000000
2024-05-12T16:00:00+00:00,2024-05-12,BTCUSDT,0.00010000,61395.90000000
2024-05-13T00:00:00.001000+00:00,2024-05-13,BTCUSDT,0.00010000,61455.70000000
2024-05-13T08:00:00.001000+00:00,2024-05-13,BTCUSDT,0.00008469,62307.64358156
2024-05-13T16:00:00+00:00,2024-05-13,BTCUSDT,0.00009151,62977.10000000
2024-05-14T00:00:00+00:00,2024-05-14,BTCUSDT,0.00009866,62917.60000000
2024-05-14T08:00:00+00:00,2024-05-14,BTCUSDT,0.00010000,62003.15186525
2024-05-14T16:00:00+00:00,2024-05-14,BTCUSDT,0.00004392,61749.90000000
2024-05-15T00:00:00+00:00,2024-05-15,BTCUSDT,0.00010000,61551.95992663
2024-05-15T08:00:00+00:00,2024-05-15,BTCUSDT,-0.00000385,62161.81007092
2024-05-15T16:00:00+00:00,2024-05-15,BTCUSDT,0.00002373,64699.90000000
2024-05-16T00:00:00.004000+00:00,2024-05-16,BTCUSDT,0.00002103,66176.31760993
2024-05-16T08:00:00+00:00,2024-05-16,BTCUSDT,0.00005148,66106.70102128
2024-05-16T16:00:00+00:00,2024-05-16,BTCUSDT,0.00003543,65800.00000000
2024-05-17T00:00:00+00:00,2024-05-17,BTCUSDT,0.00004647,65217.80000000
2024-05-17T08:00:00+00:00,2024-05-17,BTCUSDT,0.00000815,66352.72417461
2024-05-17T16:00:00+00:00,2024-05-17,BTCUSDT,-0.00000298,67165.60000000
2024-05-18T00:00:00+00:00,2024-05-18,BTCUSDT,0.00000628,66981.43681585
2024-05-18T08:00:00+00:00,2024-05-18,BTCUSDT,0.00008012,66856.73875177
2024-05-18T16:00:00+00:00,2024-05-18,BTCUSDT,-0.00000792,66782.78803546
2024-05-19T00:00:00+00:00,2024-05-19,BTCUSDT,0.00003339,66889.61222695
2024-05-19T08:00:00+00:00,2024-05-19,BTCUSDT,0.00005210,67299.09055319
2024-05-19T16:00:00+00:00,2024-05-19,BTCUSDT,0.00004779,66863.00000000
2024-05-20T00:00:00+00:00,2024-05-20,BTCUSDT,0.00005607,66239.40000000
2024-05-20T08:00:00+00:00,2024-05-20,BTCUSDT,0.00002479,66793.11759574
2024-05-20T16:00:00.003000+00:00,2024-05-20,BTCUSDT,0.00002552,67388.60888652
2024-05-21T00:00:00+00:00,2024-05-21,BTCUSDT,0.00010000,71464.47075887
2024-05-21T08:00:00.001000+00:00,2024-05-21,BTCUSDT,0.00010517,70922.67915603
2024-05-21T16:00:00+00:00,2024-05-21,BTCUSDT,0.00010000,69865.29020567
2024-05-22T00:00:00+00:00,2024-05-22,BTCUSDT,0.00010000,70161.66021986
2024-05-22T08:00:00+00:00,2024-05-22,BTCUSDT,0.00015759,69757.98929787
2024-05-22T16:00:00+00:00,2024-05-22,BTCUSDT,0.00010000,70485.70000000
2024-05-23T00:00:00+00:00,2024-05-23,BTCUSDT,0.00010000,69216.74829078
2024-05-23T08:00:00+00:00,2024-05-23,BTCUSDT,0.00010000,69769.14902128
2024-05-23T16:00:00+00:00,2024-05-23,BTCUSDT,0.00010000,68101.47424823
2024-05-24T00:00:00+00:00,2024-05-24,BTCUSDT,0.00010000,67999.90000000
2024-05-24T08:00:00+00:00,2024-05-24,BTCUSDT,0.00010000,67186.21074468
2024-05-24T16:00:00+00:00,2024-05-24,BTCUSDT,0.00010000,68340.20000000
2024-05-25T00:00:00+00:00,2024-05-25,BTCUSDT,0.00010000,68575.85285816
2024-05-25T08:00:00+00:00,2024-05-25,BTCUSDT,0.00010000,68775.00000000
2024-05-25T16:00:00+00:00,2024-05-25,BTCUSDT,0.00010000,68945.95530496
2024-05-26T00:00:00+00:00,2024-05-26,BTCUSDT,0.00010000,69310.33024113
2024-05-26T08:00:00+00:00,2024-05-26,BTCUSDT,0.00010000,69359.20000000
2024-05-26T16:00:00+00:00,2024-05-26,BTCUSDT,0.00010000,68863.88640426
2024-05-27T00:00:00+00:00,2024-05-27,BTCUSDT,0.00010000,68524.30000000
2024-05-27T08:00:00+00:00,2024-05-27,BTCUSDT,0.00010000,68661.10000000
2024-05-27T16:00:00+00:00,2024-05-27,BTCUSDT,0.00010000,70420.53890071
2024-05-28T00:00:00+00:00,2024-05-28,BTCUSDT,0.00010000,69461.60000000
2024-05-28T08:00:00+00:00,2024-05-28,BTCUSDT,0.00010000,67712.00000000
2024-05-28T16:00:00+00:00,2024-05-28,BTCUSDT,0.00010000,68397.00000000
2024-05-29T00:00:00.001000+00:00,2024-05-29,BTCUSDT,0.00010000,68437.69424823
2024-05-29T08:00:00+00:00,2024-05-29,BTCUSDT,0.00010000,67984.30000000
2024-05-29T16:00:00+00:00,2024-05-29,BTCUSDT,0.00012558,67420.50000000
2024-05-30T00:00:00+00:00,2024-05-30,BTCUSDT,0.00010000,67686.70000000
2024-05-30T08:00:00+00:00,2024-05-30,BTCUSDT,0.00010000,67624.98587234
2024-05-30T16:00:00+00:00,2024-05-30,BTCUSDT,0.00010000,68559.01355319
2024-05-31T00:00:00+00:00,2024-05-31,BTCUSDT,0.00014599,68397.31618440
2024-05-31T08:00:00+00:00,2024-05-31,BTCUSDT,0.00012268,68221.71889362
2024-05-31T16:00:00+00:00,2024-05-31,BTCUSDT,0.00010000,67252.70000000
2024-06-01T00:00:00+00:00,2024-06-01,BTCUSDT,0.00010000,67570.93117730
2024-06-01T08:00:00+00:00,2024-06-01,BTCUSDT,0.00010000,67672.36980851
2024-06-01T16:00:00.001000+00:00,2024-06-01,BTCUSDT,0.00010250,67722.94709929
2024-06-02T00:00:00+00:00,2024-06-02,BTCUSDT,0.00010000,67799.30000000
2024-06-02T08:00:00+00:00,2024-06-02,BTCUSDT,0.00010000,67743.00000000
2024-06-02T16:00:00+00:00,2024-06-02,BTCUSDT,0.00010000,68189.90000000
2024-06-03T00:00:00+00:00,2024-06-03,BTCUSDT,0.00010000,67806.00000000
2024-06-03T08:00:00+00:00,2024-06-03,BTCUSDT,0.00014135,68949.97496454
2024-06-03T16:00:00+00:00,2024-06-03,BTCUSDT,0.00010000,69637.74636879
2024-06-04T00:00:00+00:00,2024-06-04,BTCUSDT,0.00012008,68851.30000000
2024-06-04T08:00:00+00:00,2024-06-04,BTCUSDT,0.00010000,69048.97910492
2024-06-04T16:00:00+00:00,2024-06-04,BTCUSDT,0.00010000,70485.89790071
2024-06-05T00:00:00+00:00,2024-06-05,BTCUSDT,0.00010000,70580.10000000
2024-06-05T08:00:00+00:00,2024-06-05,BTCUSDT,0.00016387,71237.17573050
2024-06-05T16:00:00+00:00,2024-06-05,BTCUSDT,0.00013226,71625.20000000
2024-06-06T00:00:00+00:00,2024-06-06,BTCUSDT,0.00010000,71133.30000000
2024-06-06T08:00:00.008000+00:00,2024-06-06,BTCUSDT,0.00010438,71073.71043287
2024-06-06T16:00:00+00:00,2024-06-06,BTCUSDT,0.00011770,71332.40630496
2024-06-07T00:00:00+00:00,2024-06-07,BTCUSDT,0.00010000,70830.00000000
2024-06-07T08:00:00+00:00,2024-06-07,BTCUSDT,0.00010000,71147.90000000
2024-06-07T16:00:00+00:00,2024-06-07,BTCUSDT,0.00010166,71150.00000000
2024-06-08T00:00:00+00:00,2024-06-08,BTCUSDT,0.00010000,69377.00000000
2024-06-08T08:00:00+00:00,2024-06-08,BTCUSDT,0.00010000,69612.10561702
2024-06-08T16:00:00+00:00,2024-06-08,BTCUSDT,0.00010000,69462.10000000
2024-06-09T00:00:00+00:00,2024-06-09,BTCUSDT,0.00010000,69346.50000000
2024-06-09T08:00:00+00:00,2024-06-09,BTCUSDT,0.00010000,69331.90000000
2024-06-09T16:00:00.001000+00:00,2024-06-09,BTCUSDT,0.00010000,69530.20000000
2024-06-10T00:00:00+00:00,2024-06-10,BTCUSDT,0.00010000,69667.10000000
2024-06-10T08:00:00+00:00,2024-06-10,BTCUSDT,0.00010000,69325.20000000
2024-06-10T16:00:00.001000+00:00,2024-06-10,BTCUSDT,0.00010000,70074.60734043
2024-06-11T00:00:00.001000+00:00,2024-06-11,BTCUSDT,0.00010000,69558.70000000
2024-06-11T08:00:00+00:00,2024-06-11,BTCUSDT,0.00010000,67582.10000000
2024-06-11T16:00:00+00:00,2024-06-11,BTCUSDT,0.00010000,66260.45943972
2024-06-12T00:00:00+00:00,2024-06-12,BTCUSDT,0.00010000,67316.36897872
2024-06-12T08:00:00+00:00,2024-06-12,BTCUSDT,0.00010000,67453.49152482
2024-06-12T16:00:00+00:00,2024-06-12,BTCUSDT,0.00010000,69735.43100000
2024-06-13T00:00:00+00:00,2024-06-13,BTCUSDT,0.00010000,68269.15138298
2024-06-13T08:00:00.001000+00:00,2024-06-13,BTCUSDT,0.00010000,67724.69510638
2024-06-13T16:00:00+00:00,2024-06-13,BTCUSDT,0.00010000,66469.37042553
2024-06-14T00:00:00+00:00,2024-06-14,BTCUSDT,0.00010000,66782.29009220
2024-06-14T08:00:00+00:00,2024-06-14,BTCUSDT,0.00010000,66907.91765957
2024-06-14T16:00:00+00:00,2024-06-14,BTCUSDT,0.00010000,66387.61166667
2024-06-15T00:00:00+00:00,2024-06-15,BTCUSDT,0.00010000,66039.70000000
2024-06-15T08:00:00+00:00,2024-06-15,BTCUSDT,0.00010000,66076.87574468
2024-06-15T16:00:00+00:00,2024-06-15,BTCUSDT,0.00010000,66311.90000000
2024-06-16T00:00:00.001000+00:00,2024-06-16,BTCUSDT,0.00010000,66213.73051773
2024-06-16T08:00:00+00:00,2024-06-16,BTCUSDT,0.00010000,66249.40000000
2024-06-16T16:00:00+00:00,2024-06-16,BTCUSDT,0.00010000,66693.21286525
2024-06-17T00:00:00+00:00,2024-06-17,BTCUSDT,0.00010000,66658.12655319
2024-06-17T08:00:00+00:00,2024-06-17,BTCUSDT,0.00010000,66147.30000000
2024-06-17T16:00:00+00:00,2024-06-17,BTCUSDT,0.00010000,65341.90000000
2024-06-18T00:00:00+00:00,2024-06-18,BTCUSDT,0.00010000,66472.00000000
2024-06-18T08:00:00+00:00,2024-06-18,BTCUSDT,0.00008236,65646.30000000
2024-06-18T16:00:00+00:00,2024-06-18,BTCUSDT,0.00010000,64676.43110638
2024-06-19T00:00:00.001000+00:00,2024-06-19,BTCUSDT,0.00010000,65150.00000000
2024-06-19T08:00:00.001000+00:00,2024-06-19,BTCUSDT,0.00004127,65295.00000000
2024-06-19T16:00:00+00:00,2024-06-19,BTCUSDT,0.00002967,64895.42413059
2024-06-20T00:00:00+00:00,2024-06-20,BTCUSDT,0.00003934,64946.30757887
2024-06-20T08:00:00+00:00,2024-06-20,BTCUSDT,0.00005953,65831.30000000
2024-06-20T16:00:00+00:00,2024-06-20,BTCUSDT,0.00006879,64801.04885816
2024-06-21T00:00:00+00:00,2024-06-21,BTCUSDT,0.00003344,64853.90000000
2024-06-21T08:00:00+00:00,2024-06-21,BTCUSDT,0.00007328,64180.80000000
2024-06-21T16:00:00+00:00,2024-06-21,BTCUSDT,0.00010000,63712.00000000
2024-06-22T00:00:00+00:00,2024-06-22,BTCUSDT,0.00010000,64124.00000000
2024-06-22T08:00:00+00:00,2024-06-22,BTCUSDT,0.00004146,64490.10000000
2024-06-22T16:00:00+00:00,2024-06-22,BTCUSDT,0.00010000,64283.46988652
2024-06-23T00:00:00+00:00,2024-06-23,BTCUSDT,0.00010000,64242.51785816
2024-06-23T08:00:00+00:00,2024-06-23,BTCUSDT,0.00002307,64390.00000000
2024-06-23T16:00:00+00:00,2024-06-23,BTCUSDT,0.00004676,64071.80000000
2024-06-24T00:00:00.002000+00:00,2024-06-24,BTCUSDT,0.00009534,63195.00000000
2024-06-24T08:00:00+00:00,2024-06-24,BTCUSDT,0.00010000,62433.70000000
2024-06-24T16:00:00+00:00,2024-06-24,BTCUSDT,0.00007488,60823.20000000
2024-06-25T00:00:00+00:00,2024-06-25,BTCUSDT,0.00007447,60273.50000000
2024-06-25T08:00:00+00:00,2024-06-25,BTCUSDT,0.00005949,60660.00000000
2024-06-25T16:00:00+00:00,2024-06-25,BTCUSDT,0.00007752,61776.00000000
2024-06-26T00:00:00.002000+00:00,2024-06-26,BTCUSDT,0.00010000,61780.09841844
2024-06-26T08:00:00+00:00,2024-06-26,BTCUSDT,0.00010000,61705.30000000
2024-06-26T16:00:00+00:00,2024-06-26,BTCUSDT,0.00010000,61440.20000000
2024-06-27T00:00:00+00:00,2024-06-27,BTCUSDT,0.00010000,60860.38514894
2024-06-27T08:00:00.001000+00:00,2024-06-27,BTCUSDT,0.00010000,60787.35553191
2024-06-27T16:00:00+00:00,2024-06-27,BTCUSDT,0.00010000,61570.50000000
2024-06-28T00:00:00+00:00,2024-06-28,BTCUSDT,0.00010000,61682.00000000
2024-06-28T08:00:00+00:00,2024-06-28,BTCUSDT,0.00010000,61331.02739716
2024-06-28T16:00:00+00:00,2024-06-28,BTCUSDT,0.00010000,61048.94459574
2024-06-29T00:00:00.001000+00:00,2024-06-29,BTCUSDT,0.00010000,60430.21393617
2024-06-29T08:00:00+00:00,2024-06-29,BTCUSDT,0.00010000,61049.49890071
2024-06-29T16:00:00+00:00,2024-06-29,BTCUSDT,0.00010000,61108.14415603
2024-06-30T00:00:00+00:00,2024-06-30,BTCUSDT,0.00010000,60982.40000000
2024-06-30T08:00:00+00:00,2024-06-30,BTCUSDT,0.00010000,61529.93914894
2024-06-30T16:00:00+00:00,2024-06-30,BTCUSDT,0.00010000,61714.61340426
2024-07-01T00:00:00+00:00,2024-07-01,BTCUSDT,0.00010000,62766.17652482
2024-07-01T08:00:00+00:00,2024-07-01,BTCUSDT,0.00010000,63263.85829787
2024-07-01T16:00:00.001000+00:00,2024-07-01,BTCUSDT,0.00010000,63120.00000000
2024-07-02T00:00:00+00:00,2024-07-02,BTCUSDT,0.00010000,62892.46180142
2024-07-02T08:00:00+00:00,2024-07-02,BTCUSDT,0.00010000,62620.94928369
2024-07-02T16:00:00+00:00,2024-07-02,BTCUSDT,0.00010000,61944.23702128
2024-07-03T00:00:00+00:00,2024-07-03,BTCUSDT,0.00010000,62123.60000000
2024-07-03T08:00:00.001000+00:00,2024-07-03,BTCUSDT,0.00010000,60874.01737589
2024-07-03T16:00:00+00:00,2024-07-03,BTCUSDT,0.00010000,60178.96865957
2024-07-04T00:00:00+00:00,2024-07-04,BTCUSDT,0.00010000,60207.90000000
2024-07-04T08:00:00+00:00,2024-07-04,BTCUSDT,0.00010000,58214.00000000
2024-07-04T16:00:00+00:00,2024-07-04,BTCUSDT,0.00010000,58124.90000000
2024-07-05T00:00:00+00:00,2024-07-05,BTCUSDT,0.00010000,57045.15234043
2024-07-05T08:00:00+00:00,2024-07-05,BTCUSDT,0.00010000,54397.50000000
2024-07-05T16:00:00+00:00,2024-07-05,BTCUSDT,0.00001762,56623.90000000
2024-07-06T00:00:00+00:00,2024-07-06,BTCUSDT,0.00005729,56609.00000000
2024-07-06T08:00:00+00:00,2024-07-06,BTCUSDT,0.00007512,56580.08132624
2024-07-06T16:00:00+00:00,2024-07-06,BTCUSDT,0.00003250,57289.27111519
2024-07-07T00:00:00.001000+00:00,2024-07-07,BTCUSDT,0.00008164,58216.10000000
2024-07-07T08:00:00+00:00,2024-07-07,BTCUSDT,0.00010000,57346.86809929
2024-07-07T16:00:00+00:00,2024-07-07,BTCUSDT,0.00010000,56806.20000000
2024-07-08T00:00:00+00:00,2024-07-08,BTCUSDT,0.00007905,55831.00000000
2024-07-08T08:00:00+00:00,2024-07-08,BTCUSDT,0.00008222,55825.20000000
2024-07-08T16:00:00+00:00,2024-07-08,BTCUSDT,0.00010000,55736.19858865
2024-07-09T00:00:00+00:00,2024-07-09,BTCUSDT,0.00010000,56698.83177305
2024-07-09T08:00:00.001000+00:00,2024-07-09,BTCUSDT,0.00000861,57102.60000000
2024-07-09T16:00:00+00:00,2024-07-09,BTCUSDT,0.00010000,57453.43046809
2024-07-10T00:00:00+00:00,2024-07-10,BTCUSDT,0.00010000,58026.14114894
2024-07-10T08:00:00+00:00,2024-07-10,BTCUSDT,0.00009225,58951.04627293
2024-07-10T16:00:00+00:00,2024-07-10,BTCUSDT,0.00005485,57662.34192199
2024-07-11T00:00:00.002000+00:00,2024-07-11,BTCUSDT,0.00010000,57707.00000000
2024-07-11T08:00:00.002000+00:00,2024-07-11,BTCUSDT,0.00010000,58164.76708511
2024-07-11T16:00:00.004000+00:00,2024-07-11,BTCUSDT,0.00010000,57382.80000000
2024-07-12T00:00:00+00:00,2024-07-12,BTCUSDT,0.00006378,57315.50000000
2024-07-12T08:00:00+00:00,2024-07-12,BTCUSDT,0.00003026,57079.05523404
2024-07-12T16:00:00+00:00,2024-07-12,BTCUSDT,0.00004037,58188.90000000
2024-07-13T00:00:00+00:00,2024-07-13,BTCUSDT,0.00008319,57870.00000000
2024-07-13T08:00:00+00:00,2024-07-13,BTCUSDT,0.00006865,58141.96051064
2024-07-13T16:00:00+00:00,2024-07-13,BTCUSDT,0.00010000,58808.50000000
2024-07-14T00:00:00+00:00,2024-07-14,BTCUSDT,0.00008737,59174.73812179
2024-07-14T08:00:00+00:00,2024-07-14,BTCUSDT,0.00003710,60031.33100709
2024-07-14T16:00:00+00:00,2024-07-14,BTCUSDT,0.00008342,60057.37801174
2024-07-15T00:00:00+00:00,2024-07-15,BTCUSDT,0.00004590,60766.10000000
2024-07-15T08:00:00+00:00,2024-07-15,BTCUSDT,0.00003202,62821.11483688
2024-07-15T16:00:00+00:00,2024-07-15,BTCUSDT,-0.00000514,62992.91414894
2024-07-16T00:00:00+00:00,2024-07-16,BTCUSDT,-0.00005062,64698.64956738
2024-07-16T08:00:00+00:00,2024-07-16,BTCUSDT,0.00008814,62881.80000000
2024-07-16T16:00:00+00:00,2024-07-16,BTCUSDT,0.00002717,64838.40000000
2024-07-17T00:00:00+00:00,2024-07-17,BTCUSDT,-0.00003419,65003.03756738
2024-07-17T08:00:00.001000+00:00,2024-07-17,BTCUSDT,0.00001775,65236.46422695
2024-07-17T16:00:00+00:00,2024-07-17,BTCUSDT,0.00002143,64695.80000000
2024-07-18T00:00:00+00:00,2024-07-18,BTCUSDT,0.00000689,64057.30000000
2024-07-18T08:00:00+00:00,2024-07-18,BTCUSDT,0.00001546,64643.70000000
2024-07-18T16:00:00+00:00,2024-07-18,BTCUSDT,0.00003127,63509.56961702
2024-07-19T00:00:00+00:00,2024-07-19,BTCUSDT,0.00004029,63959.90000000
2024-07-19T08:00:00+00:00,2024-07-19,BTCUSDT,0.00004855,63673.90000000
2024-07-19T16:00:00+00:00,2024-07-19,BTCUSDT,0.00004606,65799.90000000
2024-07-20T00:00:00.001000+00:00,2024-07-20,BTCUSDT,-0.00003077,66630.29244681
2024-07-20T08:00:00+00:00,2024-07-20,BTCUSDT,0.00001944,66526.30000000
2024-07-20T16:00:00+00:00,2024-07-20,BTCUSDT,0.00001622,66796.90000000
2024-07-21T00:00:00+00:00,2024-07-21,BTCUSDT,-0.00005313,67097.72309220
2024-07-21T08:00:00+00:00,2024-07-21,BTCUSDT,0.00002194,66669.90000000
2024-07-21T16:00:00+00:00,2024-07-21,BTCUSDT,0.00000646,67132.78455319
2024-07-22T00:00:00+00:00,2024-07-22,BTCUSDT,0.00009136,68138.00000000
2024-07-22T08:00:00+00:00,2024-07-22,BTCUSDT,0.00005953,67210.40000000
2024-07-22T16:00:00+00:00,2024-07-22,BTCUSDT,0.00002769,67044.40000000
2024-07-23T00:00:00+00:00,2024-07-23,BTCUSDT,0.00004709,67506.49399291
2024-07-23T08:00:00+00:00,2024-07-23,BTCUSDT,0.00004310,66548.50000000
2024-07-23T16:00:00+00:00,2024-07-23,BTCUSDT,0.00004642,66569.95526950
2024-07-24T00:00:00+00:00,2024-07-24,BTCUSDT,0.00010000,65916.81524113
2024-07-24T08:00:00+00:00,2024-07-24,BTCUSDT,0.00010000,66049.92706383
2024-07-24T16:00:00+00:00,2024-07-24,BTCUSDT,0.00010000,66152.14151773
2024-07-25T00:00:00+00:00,2024-07-25,BTCUSDT,0.00010000,65361.80198582
2024-07-25T08:00:00+00:00,2024-07-25,BTCUSDT,0.00010000,64115.10000000
2024-07-25T16:00:00+00:00,2024-07-25,BTCUSDT,0.00010000,64773.30000000
2024-07-26T00:00:00+00:00,2024-07-26,BTCUSDT,0.00010000,65773.94198582
2024-07-26T08:00:00+00:00,2024-07-26,BTCUSDT,0.00010000,66873.70000000
2024-07-26T16:00:00+00:00,2024-07-26,BTCUSDT,0.00003340,67528.00000000
2024-07-27T00:00:00+00:00,2024-07-27,BTCUSDT,0.00006547,67882.60000000
2024-07-27T08:00:00+00:00,2024-07-27,BTCUSDT,0.00008022,68018.10331915
2024-07-27T16:00:00+00:00,2024-07-27,BTCUSDT,0.00009109,68821.90000000
2024-07-28T00:00:00+00:00,2024-07-28,BTCUSDT,0.00008180,67873.80000000
2024-07-28T08:00:00+00:00,2024-07-28,BTCUSDT,0.00009177,67521.26054610
2024-07-28T16:00:00.001000+00:00,2024-07-28,BTCUSDT,0.00002804,67624.30000000
2024-07-29T00:00:00.001000+00:00,2024-07-29,BTCUSDT,0.00008361,68217.60072340
2024-07-29T08:00:00+00:00,2024-07-29,BTCUSDT,0.00005623,69510.60000000
2024-07-29T16:00:00.001000+00:00,2024-07-29,BTCUSDT,0.00010000,68069.42346099
2024-07-30T00:00:00+00:00,2024-07-30,BTCUSDT,0.00003396,66757.24782979
2024-07-30T08:00:00.001000+00:00,2024-07-30,BTCUSDT,0.00003562,66914.00000000
2024-07-30T16:00:00+00:00,2024-07-30,BTCUSDT,0.00007691,66198.00000000
2024-07-31T00:00:00+00:00,2024-07-31,BTCUSDT,0.00003063,66159.40000000
2024-07-31T08:00:00+00:00,2024-07-31,BTCUSDT,0.00007178,66196.40000000
2024-07-31T16:00:00+00:00,2024-07-31,BTCUSDT,0.00003826,66354.40000000
2024-08-01T00:00:00+00:00,2024-08-01,BTCUSDT,0.00008208,64603.59964539
2024-08-01T08:00:00+00:00,2024-08-01,BTCUSDT,0.00010000,64307.13363121
2024-08-01T16:00:00+00:00,2024-08-01,BTCUSDT,0.00010000,62888.50000000
2024-08-02T00:00:00+00:00,2024-08-02,BTCUSDT,0.00010000,65328.90000000
2024-08-02T08:00:00.001000+00:00,2024-08-02,BTCUSDT,0.00010000,64160.17275887
2024-08-02T16:00:00+00:00,2024-08-02,BTCUSDT,0.00010000,63400.10768182
2024-08-03T00:00:00+00:00,2024-08-03,BTCUSDT,0.00010000,61483.70000000
2024-08-03T08:00:00+00:00,2024-08-03,BTCUSDT,0.00009788,61636.00000000
2024-08-03T16:00:00.001000+00:00,2024-08-03,BTCUSDT,0.00004247,60859.15415152
2024-08-04T00:00:00+00:00,2024-08-04,BTCUSDT,0.00010000,60684.50000000
2024-08-04T08:00:00+00:00,2024-08-04,BTCUSDT,0.00005343,60349.10000000
2024-08-04T16:00:00+00:00,2024-08-04,BTCUSDT,0.00010000,59053.40000000
2024-08-05T00:00:00+00:00,2024-08-05,BTCUSDT,0.00010000,58139.09001515
2024-08-05T08:00:00+00:00,2024-08-05,BTCUSDT,0.00004429,52660.00000000
2024-08-05T16:00:00+00:00,2024-08-05,BTCUSDT,0.00005967,54294.50000000
2024-08-06T00:00:00+00:00,2024-08-06,BTCUSDT,0.00003566,53971.90000000
2024-08-06T08:00:00+00:00,2024-08-06,BTCUSDT,-0.00002845,55979.00000000
2024-08-06T16:00:00+00:00,2024-08-06,BTCUSDT,0.00004485,56380.14818939
2024-08-07T00:00:00+00:00,2024-08-07,BTCUSDT,-0.00000730,56008.69646212
2024-08-07T08:00:00.001000+00:00,2024-08-07,BTCUSDT,-0.00006859,56898.70000000
2024-08-07T16:00:00+00:00,2024-08-07,BTCUSDT,0.00003241,56071.41872727
2024-08-08T00:00:00.001000+00:00,2024-08-08,BTCUSDT,0.00002637,55102.90000000
2024-08-08T08:00:00+00:00,2024-08-08,BTCUSDT,0.00003086,57165.60000000
2024-08-08T16:00:00+00:00,2024-08-08,BTCUSDT,0.00001147,59389.00000000
2024-08-09T00:00:00+00:00,2024-08-09,BTCUSDT,0.00004994,61663.62178788
2024-08-09T08:00:00+00:00,2024-08-09,BTCUSDT,0.00002184,60844.10000000
2024-08-09T16:00:00+00:00,2024-08-09,BTCUSDT,0.00004846,59787.29595455
2024-08-10T00:00:00+00:00,2024-08-10,BTCUSDT,-0.00003942,60808.70000000
2024-08-10T08:00:00+00:00,2024-08-10,BTCUSDT,-0.00001379,60811.14373041
2024-08-10T16:00:00+00:00,2024-08-10,BTCUSDT,-0.00001949,60480.60000000
2024-08-11T00:00:00+00:00,2024-08-11,BTCUSDT,0.00004049,60895.44640282
2024-08-11T08:00:00+00:00,2024-08-11,BTCUSDT,-0.00001839,61223.30000000
2024-08-11T16:00:00.001000+00:00,2024-08-11,BTCUSDT,0.00001185,60099.90000000
2024-08-12T00:00:00+00:00,2024-08-12,BTCUSDT,0.00001113,58693.20000000
2024-08-12T08:00:00+00:00,2024-08-12,BTCUSDT,0.00008783,58648.02703788
2024-08-12T16:00:00+00:00,2024-08-12,BTCUSDT,-0.00002238,60168.80000000
2024-08-13T00:00:00+00:00,2024-08-13,BTCUSDT,0.00006140,59323.60000000
2024-08-13T08:00:00+00:00,2024-08-13,BTCUSDT,0.00000521,59209.36612879
2024-08-13T16:00:00+00:00,2024-08-13,BTCUSDT,-0.00003902,59442.45730303
2024-08-14T00:00:00+00:00,2024-08-14,BTCUSDT,0.00001152,60555.47966301
2024-08-14T08:00:00+00:00,2024-08-14,BTCUSDT,-0.00001330,60887.30000000
2024-08-14T16:00:00+00:00,2024-08-14,BTCUSDT,-0.00007811,59394.60000000
2024-08-15T00:00:00+00:00,2024-08-15,BTCUSDT,-0.00008488,58650.36321970
2024-08-15T08:00:00+00:00,2024-08-15,BTCUSDT,0.00006339,58031.90000000
2024-08-15T16:00:00+00:00,2024-08-15,BTCUSDT,-0.00006181,59650.62388636
2024-08-16T00:00:00+00:00,2024-08-16,BTCUSDT,-0.00011235,57515.28405303
2024-08-16T08:00:00+00:00,2024-08-16,BTCUSDT,-0.00007387,58423.30000000
2024-08-16T16:00:00+00:00,2024-08-16,BTCUSDT,-0.00000557,58045.46367376
2024-08-17T00:00:00+00:00,2024-08-17,BTCUSDT,0.00001912,58854.90000000
2024-08-17T08:00:00+00:00,2024-08-17,BTCUSDT,0.00004177,59225.59061702
2024-08-17T16:00:00+00:00,2024-08-17,BTCUSDT,-0.00000152,59357.70000000
2024-08-18T00:00:00+00:00,2024-08-18,BTCUSDT,0.00003966,59468.40000000
2024-08-18T08:00:00+00:00,2024-08-18,BTCUSDT,-0.00001323,59545.70132624
2024-08-18T16:00:00+00:00,2024-08-18,BTCUSDT,-0.00003149,59828.80000000
2024-08-19T00:00:00+00:00,2024-08-19,BTCUSDT,-0.00003616,58390.10000000
2024-08-19T08:00:00+00:00,2024-08-19,BTCUSDT,-0.00006750,58475.40000000
2024-08-19T16:00:00.002000+00:00,2024-08-19,BTCUSDT,-0.00001957,58509.48917021
2024-08-20T00:00:00+00:00,2024-08-20,BTCUSDT,-0.00002656,59400.10000000
2024-08-20T08:00:00+00:00,2024-08-20,BTCUSDT,0.00001349,60896.58465248
2024-08-20T16:00:00.001000+00:00,2024-08-20,BTCUSDT,0.00001419,58792.37545390
2024-08-21T00:00:00.001000+00:00,2024-08-21,BTCUSDT,-0.00006756,58985.38036170
2024-08-21T08:00:00+00:00,2024-08-21,BTCUSDT,-0.00000591,59691.00000000
2024-08-21T16:00:00.001000+00:00,2024-08-21,BTCUSDT,0.00000396,59485.90000000
2024-08-22T00:00:00+00:00,2024-08-22,BTCUSDT,-0.00002229,61120.00000000
2024-08-22T08:00:00+00:00,2024-08-22,BTCUSDT,0.00001338,60952.89699291
2024-08-22T16:00:00.008000+00:00,2024-08-22,BTCUSDT,-0.00007261,60380.30032624
2024-08-23T00:00:00+00:00,2024-08-23,BTCUSDT,-0.00003329,60349.90000000
2024-08-23T08:00:00+00:00,2024-08-23,BTCUSDT,0.00002391,61045.00000000
2024-08-23T16:00:00+00:00,2024-08-23,BTCUSDT,-0.00004317,61506.00000000
2024-08-24T00:00:00+00:00,2024-08-24,BTCUSDT,-0.00000772,64019.90000000
2024-08-24T08:00:00.005000+00:00,2024-08-24,BTCUSDT,-0.00000723,64275.98188652
2024-08-24T16:00:00+00:00,2024-08-24,BTCUSDT,0.00006395,63943.40000000
2024-08-25T00:00:00+00:00,2024-08-25,BTCUSDT,-0.00004806,64121.80289362
2024-08-25T08:00:00+00:00,2024-08-25,BTCUSDT,-0.00001531,63838.28217730
2024-08-25T16:00:00+00:00,2024-08-25,BTCUSDT,0.00003108,64099.90000000
2024-08-26T00:00:00+00:00,2024-08-26,BTCUSDT,0.00002439,64199.94505674
2024-08-26T08:00:00.001000+00:00,2024-08-26,BTCUSDT,0.00003448,63603.30000000
2024-08-26T16:00:00+00:00,2024-08-26,BTCUSDT,0.00003789,63497.83796772
2024-08-27T00:00:00.001000+00:00,2024-08-27,BTCUSDT,0.00002795,62814.12365957
2024-08-27T08:00:00+00:00,2024-08-27,BTCUSDT,0.00001751,62881.10000000
2024-08-27T16:00:00+00:00,2024-08-27,BTCUSDT,0.00007753,61679.03746099
2024-08-28T00:00:00+00:00,2024-08-28,BTCUSDT,-0.00006803,59384.40000000
2024-08-28T08:00:00+00:00,2024-08-28,BTCUSDT,0.00002433,58578.22751773
2024-08-28T16:00:00.001000+00:00,2024-08-28,BTCUSDT,0.00001143,58971.68549645
2024-08-29T00:00:00+00:00,2024-08-29,BTCUSDT,-0.00000976,59009.80000000
2024-08-29T08:00:00.001000+00:00,2024-08-29,BTCUSDT,-0.00001644,59548.90000000
2024-08-29T16:00:00+00:00,2024-08-29,BTCUSDT,0.00000559,60751.00000000
2024-08-30T00:00:00+00:00,2024-08-30,BTCUSDT,0.00000936,59327.53246099
2024-08-30T08:00:00+00:00,2024-08-30,BTCUSDT,0.00003578,59250.58815603
2024-08-30T16:00:00+00:00,2024-08-30,BTCUSDT,0.00002927,58062.70000000
2024-08-31T00:00:00+00:00,2024-08-31,BTCUSDT,-0.00001749,59096.30000000
2024-08-31T08:00:00+00:00,2024-08-31,BTCUSDT,0.00003578,59064.62867843
2024-08-31T16:00:00+00:00,2024-08-31,BTCUSDT,0.00003800,58984.31889362
2024-09-01T00:00:00+00:00,2024-09-01,BTCUSDT,0.00004113,58946.20000000
2024-09-01T08:00:00.001000+00:00,2024-09-01,BTCUSDT,-0.00003432,58444.10000000
2024-09-01T16:00:00+00:00,2024-09-01,BTCUSDT,-0.00000382,58184.10000000
2024-09-02T00:00:00.001000+00:00,2024-09-02,BTCUSDT,-0.00003386,57282.92417730
2024-09-02T08:00:00.001000+00:00,2024-09-02,BTCUSDT,0.00000248,57523.30000000
2024-09-02T16:00:00+00:00,2024-09-02,BTCUSDT,-0.00000363,58508.00000000
2024-09-03T00:00:00+00:00,2024-09-03,BTCUSDT,0.00006245,59112.20000000
2024-09-03T08:00:00.001000+00:00,2024-09-03,BTCUSDT,0.00005123,59081.16408511
2024-09-03T16:00:00+00:00,2024-09-03,BTCUSDT,0.00004598,57707.54824823
2024-09-04T00:00:00+00:00,2024-09-04,BTCUSDT,0.00002209,57459.26375177
2024-09-04T08:00:00+00:00,2024-09-04,BTCUSDT,0.00001050,56717.40000000
2024-09-04T16:00:00+00:00,2024-09-04,BTCUSDT,-0.00001470,58106.16636170
2024-09-05T00:00:00+00:00,2024-09-05,BTCUSDT,0.00009016,57944.70000000
2024-09-05T08:00:00+00:00,2024-09-05,BTCUSDT,0.00002025,57133.18525532
2024-09-05T16:00:00.005000+00:00,2024-09-05,BTCUSDT,0.00002490,55956.39174468
2024-09-06T00:00:00+00:00,2024-09-06,BTCUSDT,0.00002280,56152.37044681
2024-09-06T08:00:00.001000+00:00,2024-09-06,BTCUSDT,-0.00000001,55768.60000000
2024-09-06T16:00:00+00:00,2024-09-06,BTCUSDT,0.00001428,54026.02394326
2024-09-07T00:00:00+00:00,2024-09-07,BTCUSDT,-0.00000557,53930.71899291
2024-09-07T08:00:00+00:00,2024-09-07,BTCUSDT,-0.00007634,54264.40569504
2024-09-07T16:00:00+00:00,2024-09-07,BTCUSDT,-0.00007236,54749.71812057
2024-09-08T00:00:00+00:00,2024-09-08,BTCUSDT,0.00003745,54134.90000000
2024-09-08T08:00:00+00:00,2024-09-08,BTCUSDT,-0.00005999,54411.50000000
2024-09-08T16:00:00+00:00,2024-09-08,BTCUSDT,-0.00005245,53664.80000000
2024-09-09T00:00:00+00:00,2024-09-09,BTCUSDT,-0.00007585,54843.61724113
2024-09-09T08:00:00+00:00,2024-09-09,BTCUSDT,-0.00007108,54949.93416312
2024-09-09T16:00:00.001000+00:00,2024-09-09,BTCUSDT,-0.00003875,55360.30000000
2024-09-10T00:00:00+00:00,2024-09-10,BTCUSDT,-0.00006028,57013.68687234
2024-09-10T08:00:00+00:00,2024-09-10,BTCUSDT,-0.00002930,57184.48985106
2024-09-10T16:00:00+00:00,2024-09-10,BTCUSDT,-0.00001126,56563.08885816
2024-09-11T00:00:00+00:00,2024-09-11,BTCUSDT,-0.00008953,57609.10000000
2024-09-11T08:00:00+00:00,2024-09-11,BTCUSDT,-0.00002247,56675.10000000
2024-09-11T16:00:00+00:00,2024-09-11,BTCUSDT,-0.00005212,56681.42923404
2024-09-12T00:00:00+00:00,2024-09-12,BTCUSDT,-0.00001951,57307.10000000
2024-09-12T08:00:00+00:00,2024-09-12,BTCUSDT,-0.00000546,58106.41579433
2024-09-12T16:00:00+00:00,2024-09-12,BTCUSDT,-0.00002950,57475.10176596
2024-09-13T00:00:00+00:00,2024-09-13,BTCUSDT,-0.00000069,58097.00000000
2024-09-13T08:00:00.001000+00:00,2024-09-13,BTCUSDT,-0.00000869,58079.80000000
2024-09-13T16:00:00.001000+00:00,2024-09-13,BTCUSDT,-0.00002443,59630.00000000
2024-09-14T00:00:00+00:00,2024-09-14,BTCUSDT,-0.00008699,60456.10000000
2024-09-14T08:00:00+00:00,2024-09-14,BTCUSDT,0.00000859,60110.40000000
2024-09-14T16:00:00.001000+00:00,2024-09-14,BTCUSDT,0.00002326,59845.55360993
2024-09-15T00:00:00+00:00,2024-09-15,BTCUSDT,-0.00000491,59964.00000000
2024-09-15T08:00:00+00:00,2024-09-15,BTCUSDT,0.00000001,60167.31814380
2024-09-15T16:00:00+00:00,2024-09-15,BTCUSDT,0.00000402,60304.70000000
2024-09-16T00:00:00+00:00,2024-09-16,BTCUSDT,0.00002402,59100.61031206
2024-09-16T08:00:00.001000+00:00,2024-09-16,BTCUSDT,0.00003564,58874.99142553
2024-09-16T16:00:00+00:00,2024-09-16,BTCUSDT,0.00006762,57861.15358865
2024-09-17T00:00:00.001000+00:00,2024-09-17,BTCUSDT,0.00008529,58186.90000000
2024-09-17T08:00:00+00:00,2024-09-17,BTCUSDT,0.00001911,58668.20000000
2024-09-17T16:00:00+00:00,2024-09-17,BTCUSDT,0.00005327,61111.00000000
2024-09-18T00:00:00+00:00,2024-09-18,BTCUSDT,0.00001344,60281.00000000
2024-09-18T08:00:00+00:00,2024-09-18,BTCUSDT,0.00001678,60402.69697726
2024-09-18T16:00:00.004000+00:00,2024-09-18,BTCUSDT,0.00004648,59407.05478014
2024-09-19T00:00:00+00:00,2024-09-19,BTCUSDT,0.00003512,61728.59070213
2024-09-19T08:00:00+00:00,2024-09-19,BTCUSDT,0.00002949,62054.80000000
2024-09-19T16:00:00.001000+00:00,2024-09-19,BTCUSDT,0.00004072,63127.98222695
2024-09-20T00:00:00+00:00,2024-09-20,BTCUSDT,0.00008065,62929.30000000
2024-09-20T08:00:00.001000+00:00,2024-09-20,BTCUSDT,-0.00000503,63494.40000000
2024-09-20T16:00:00+00:00,2024-09-20,BTCUSDT,0.00005543,63115.60000000
2024-09-21T00:00:00.001000+00:00,2024-09-21,BTCUSDT,0.00004638,63181.22999291
2024-09-21T08:00:00+00:00,2024-09-21,BTCUSDT,0.00010000,63062.62952171
2024-09-21T16:00:00+00:00,2024-09-21,BTCUSDT,0.00008234,63146.60000000
2024-09-22T00:00:00+00:00,2024-09-22,BTCUSDT,0.00006285,63320.70000000
2024-09-22T08:00:00+00:00,2024-09-22,BTCUSDT,0.00009254,62909.30000000
2024-09-22T16:00:00+00:00,2024-09-22,BTCUSDT,0.00005537,62628.23061702
2024-09-23T00:00:00+00:00,2024-09-23,BTCUSDT,0.00006546,63558.50000000
2024-09-23T08:00:00+00:00,2024-09-23,BTCUSDT,0.00001364,63519.90000000
2024-09-23T16:00:00+00:00,2024-09-23,BTCUSDT,0.00005304,63589.80000000
2024-09-24T00:00:00+00:00,2024-09-24,BTCUSDT,0.00002324,63303.39994326
2024-09-24T08:00:00+00:00,2024-09-24,BTCUSDT,0.00002895,63531.97252482
2024-09-24T16:00:00.001000+00:00,2024-09-24,BTCUSDT,-0.00000182,63128.90000000
2024-09-25T00:00:00+00:00,2024-09-25,BTCUSDT,0.00001223,64243.20000000
2024-09-25T08:00:00.003000+00:00,2024-09-25,BTCUSDT,0.00001141,63815.43419858
2024-09-25T16:00:00+00:00,2024-09-25,BTCUSDT,0.00001336,63470.00000000
2024-09-26T00:00:00.005000+00:00,2024-09-26,BTCUSDT,0.00001650,63121.20731206
2024-09-26T08:00:00+00:00,2024-09-26,BTCUSDT,0.00006246,63823.40000000
2024-09-26T16:00:00+00:00,2024-09-26,BTCUSDT,0.00010000,65195.98735461
2024-09-27T00:00:00+00:00,2024-09-27,BTCUSDT,0.00010000,65144.38297872
2024-09-27T08:00:00+00:00,2024-09-27,BTCUSDT,0.00006722,65443.46173050
2024-09-27T16:00:00+00:00,2024-09-27,BTCUSDT,0.00002275,65974.85614184
2024-09-28T00:00:00+00:00,2024-09-28,BTCUSDT,0.00005455,65749.60000000
2024-09-28T08:00:00.001000+00:00,2024-09-28,BTCUSDT,0.00008300,65794.28179433
2024-09-28T16:00:00+00:00,2024-09-28,BTCUSDT,0.00001414,65595.27422695
2024-09-29T00:00:00.001000+00:00,2024-09-29,BTCUSDT,0.00000725,65826.65036170
2024-09-29T08:00:00+00:00,2024-09-29,BTCUSDT,0.00003128,65444.82504255
2024-09-29T16:00:00+00:00,2024-09-29,BTCUSDT,0.00007253,65720.00000000
2024-09-30T00:00:00+00:00,2024-09-30,BTCUSDT,0.00003077,65571.63404255
2024-09-30T08:00:00.001000+00:00,2024-09-30,BTCUSDT,0.00007939,64539.00000000
2024-09-30T16:00:00+00:00,2024-09-30,BTCUSDT,0.00010000,63535.70000000
2024-10-01T00:00:00+00:00,2024-10-01,BTCUSDT,0.00010000,63313.79948227
2024-10-01T08:00:00+00:00,2024-10-01,BTCUSDT,0.00010000,64017.00000000
2024-10-01T16:00:00.001000+00:00,2024-10-01,BTCUSDT,0.00010000,62631.58188652
2024-10-02T00:00:00+00:00,2024-10-02,BTCUSDT,0.00006632,60789.16184397
2024-10-02T08:00:00+00:00,2024-10-02,BTCUSDT,0.00008409,61703.76278014
2024-10-02T16:00:00+00:00,2024-10-02,BTCUSDT,0.00008191,61851.64026950
2024-10-03T00:00:00+00:00,2024-10-03,BTCUSDT,0.00004381,60622.60000000
2024-10-03T08:00:00+00:00,2024-10-03,BTCUSDT,0.00003746,60908.25041844
2024-10-03T16:00:00+00:00,2024-10-03,BTCUSDT,0.00004990,60606.40000000
2024-10-04T00:00:00+00:00,2024-10-04,BTCUSDT,0.00007097,60727.20000000
2024-10-04T08:00:00+00:00,2024-10-04,BTCUSDT,0.00002119,61405.54564539
2024-10-04T16:00:00.001000+00:00,2024-10-04,BTCUSDT,0.00000243,61839.90000000
2024-10-05T00:00:00+00:00,2024-10-05,BTCUSDT,-0.00001596,62056.30000000
2024-10-05T08:00:00+00:00,2024-10-05,BTCUSDT,0.00001088,62049.40834043
2024-10-05T16:00:00+00:00,2024-10-05,BTCUSDT,0.00000861,62137.44147431
2024-10-06T00:00:00+00:00,2024-10-06,BTCUSDT,0.00000572,62030.78465150
2024-10-06T08:00:00.001000+00:00,2024-10-06,BTCUSDT,0.00003288,61921.90959612
2024-10-06T16:00:00+00:00,2024-10-06,BTCUSDT,0.00004180,62692.35314894
2024-10-07T00:00:00+00:00,2024-10-07,BTCUSDT,0.00004573,62791.83731206
2024-10-07T08:00:00+00:00,2024-10-07,BTCUSDT,-0.00000952,63510.00000000
2024-10-07T16:00:00.001000+00:00,2024-10-07,BTCUSDT,0.00002177,63633.19230496
2024-10-08T00:00:00+00:00,2024-10-08,BTCUSDT,-0.00001678,62199.75722695
2024-10-08T08:00:00+00:00,2024-10-08,BTCUSDT,0.00007094,62291.40000000
2024-10-08T16:00:00+00:00,2024-10-08,BTCUSDT,0.00008100,62259.90000000
2024-10-09T00:00:00+00:00,2024-10-09,BTCUSDT,0.00010000,62133.03330496
2024-10-09T08:00:00+00:00,2024-10-09,BTCUSDT,0.00005138,62243.96385816
2024-10-09T16:00:00+00:00,2024-10-09,BTCUSDT,0.00007939,62285.30000000
2024-10-10T00:00:00+00:00,2024-10-10,BTCUSDT,0.00002090,60607.48575935
2024-10-10T08:00:00+00:00,2024-10-10,BTCUSDT,0.00001532,60874.85382979
2024-10-10T16:00:00+00:00,2024-10-10,BTCUSDT,0.00010000,60768.62359574
2024-10-11T00:00:00+00:00,2024-10-11,BTCUSDT,0.00002231,60293.80800440
2024-10-11T08:00:00+00:00,2024-10-11,BTCUSDT,-0.00001874,60648.44046099
2024-10-11T16:00:00.001000+00:00,2024-10-11,BTCUSDT,0.00000120,62225.57043262
2024-10-12T00:00:00+00:00,2024-10-12,BTCUSDT,0.00004558,62509.00000000
2024-10-12T08:00:00.001000+00:00,2024-10-12,BTCUSDT,0.00007664,62734.47038298
2024-10-12T16:00:00+00:00,2024-10-12,BTCUSDT,-0.00001489,63124.80000000
2024-10-13T00:00:00+00:00,2024-10-13,BTCUSDT,0.00000693,63175.90000000
2024-10-13T08:00:00+00:00,2024-10-13,BTCUSDT,0.00001638,62818.90000000
2024-10-13T16:00:00+00:00,2024-10-13,BTCUSDT,0.00003938,62195.20000000
2024-10-14T00:00:00+00:00,2024-10-14,BTCUSDT,0.00005429,62841.10753191
2024-10-14T08:00:00+00:00,2024-10-14,BTCUSDT,0.00010000,64603.73577305
2024-10-14T16:00:00+00:00,2024-10-14,BTCUSDT,0.00010000,65853.81444681
2024-10-15T00:00:00+00:00,2024-10-15,BTCUSDT,0.00010000,66064.90000000
2024-10-15T08:00:00+00:00,2024-10-15,BTCUSDT,0.00010000,65638.30000000
2024-10-15T16:00:00+00:00,2024-10-15,BTCUSDT,0.00010000,65994.70000000
2024-10-16T00:00:00+00:00,2024-10-16,BTCUSDT,0.00008325,67048.63902128
2024-10-16T08:00:00.001000+00:00,2024-10-16,BTCUSDT,0.00008500,66948.90000000
2024-10-16T16:00:00+00:00,2024-10-16,BTCUSDT,0.00010000,67726.00000000
2024-10-17T00:00:00+00:00,2024-10-17,BTCUSDT,0.00010000,67594.01401418
2024-10-17T08:00:00+00:00,2024-10-17,BTCUSDT,0.00010000,67281.31711348
2024-10-17T16:00:00.001000+00:00,2024-10-17,BTCUSDT,0.00010000,67561.80000000
2024-10-18T00:00:00.010000+00:00,2024-10-18,BTCUSDT,0.00010000,67406.17999291
2024-10-18T08:00:00.001000+00:00,2024-10-18,BTCUSDT,0.00010000,67956.37085840
2024-10-18T16:00:00+00:00,2024-10-18,BTCUSDT,0.00010000,68710.00000000
2024-10-19T00:00:00+00:00,2024-10-19,BTCUSDT,0.00010000,68407.90000000
2024-10-19T08:00:00+00:00,2024-10-19,BTCUSDT,0.00010000,68328.80000000
2024-10-19T16:00:00+00:00,2024-10-19,BTCUSDT,0.00010000,68210.10911959
2024-10-20T00:00:00+00:00,2024-10-20,BTCUSDT,0.00010000,68357.10000000
2024-10-20T08:00:00+00:00,2024-10-20,BTCUSDT,0.00010000,68350.38066857
2024-10-20T16:00:00+00:00,2024-10-20,BTCUSDT,0.00010000,68605.00000000
2024-10-21T00:00:00+00:00,2024-10-21,BTCUSDT,0.00010000,69021.90495965
2024-10-21T08:00:00+00:00,2024-10-21,BTCUSDT,0.00010000,68513.88736170
2024-10-21T16:00:00+00:00,2024-10-21,BTCUSDT,0.00010000,67349.29462411
2024-10-22T00:00:00+00:00,2024-10-22,BTCUSDT,0.00010000,67368.70000000
2024-10-22T08:00:00+00:00,2024-10-22,BTCUSDT,0.00010000,67387.30000000
2024-10-22T16:00:00+00:00,2024-10-22,BTCUSDT,0.00010000,67271.54104965
2024-10-23T00:00:00+00:00,2024-10-23,BTCUSDT,0.00010000,67410.62232624
2024-10-23T08:00:00+00:00,2024-10-23,BTCUSDT,0.00010000,66838.00000000
2024-10-23T16:00:00+00:00,2024-10-23,BTCUSDT,0.00010000,66207.10773050
2024-10-24T00:00:00+00:00,2024-10-24,BTCUSDT,0.00010000,66649.66592908
2024-10-24T08:00:00+00:00,2024-10-24,BTCUSDT,0.00010000,67104.50000000
2024-10-24T16:00:00+00:00,2024-10-24,BTCUSDT,0.00010000,67672.84020567
2024-10-25T00:00:00+00:00,2024-10-25,BTCUSDT,0.00010000,68175.57805674
2024-10-25T08:00:00+00:00,2024-10-25,BTCUSDT,0.00010000,67503.60000000
2024-10-25T16:00:00+00:00,2024-10-25,BTCUSDT,0.00010000,67667.15595745
2024-10-26T00:00:00+00:00,2024-10-26,BTCUSDT,0.00004755,66679.84317682
2024-10-26T08:00:00.001000+00:00,2024-10-26,BTCUSDT,0.00007569,66982.64575316
2024-10-26T16:00:00+00:00,2024-10-26,BTCUSDT,0.00010000,66864.20000000
2024-10-27T00:00:00+00:00,2024-10-27,BTCUSDT,0.00010000,67071.90000000
2024-10-27T08:00:00+00:00,2024-10-27,BTCUSDT,0.00009724,67174.80000000
2024-10-27T16:00:00+00:00,2024-10-27,BTCUSDT,0.00010000,67760.95565906
2024-10-28T00:00:00+00:00,2024-10-28,BTCUSDT,0.00009425,67997.20000000
2024-10-28T08:00:00.001000+00:00,2024-10-28,BTCUSDT,0.00010000,68395.69875177
2024-10-28T16:00:00+00:00,2024-10-28,BTCUSDT,0.00008946,68463.40000000
2024-10-29T00:00:00+00:00,2024-10-29,BTCUSDT,0.00010000,69940.00000000
2024-10-29T08:00:00+00:00,2024-10-29,BTCUSDT,0.00010000,70992.07872340
2024-10-29T16:00:00.004000+00:00,2024-10-29,BTCUSDT,0.00010000,72382.82027660
2024-10-30T00:00:00+00:00,2024-10-30,BTCUSDT,0.00010000,72738.79255319
2024-10-30T08:00:00+00:00,2024-10-30,BTCUSDT,0.00010000,72244.90000000
2024-10-30T16:00:00.013000+00:00,2024-10-30,BTCUSDT,0.00010000,72060.36978723
2024-10-31T00:00:00+00:00,2024-10-31,BTCUSDT,0.00010000,72350.66829787
2024-10-31T08:00:00+00:00,2024-10-31,BTCUSDT,0.00010000,72417.80000000
2024-10-31T16:00:00+00:00,2024-10-31,BTCUSDT,0.00010000,70637.76350697
2024-11-01T00:00:00+00:00,2024-11-01,BTCUSDT,0.00010000,70318.15929787
2024-11-01T08:00:00+00:00,2024-11-01,BTCUSDT,0.00010000,69300.16876596
2024-11-01T16:00:00+00:00,2024-11-01,BTCUSDT,0.00010000,69380.64255319
2024-11-02T00:00:00+00:00,2024-11-02,BTCUSDT,0.00010000,69496.19465248
2024-11-02T08:00:00+00:00,2024-11-02,BTCUSDT,0.00010000,69813.99829787
2024-11-02T16:00:00+00:00,2024-11-02,BTCUSDT,0.00010000,69396.79744681
2024-11-03T00:00:00+00:00,2024-11-03,BTCUSDT,0.00010000,69366.60000000
2024-11-03T08:00:00+00:00,2024-11-03,BTCUSDT,0.00010000,68395.17851064
2024-11-03T16:00:00+00:00,2024-11-03,BTCUSDT,0.00010000,68096.02508511
2024-11-04T00:00:00+00:00,2024-11-04,BTCUSDT,0.00010000,68762.50000000
2024-11-04T08:00:00+00:00,2024-11-04,BTCUSDT,0.00010000,68602.86114394
2024-11-04T16:00:00+00:00,2024-11-04,BTCUSDT,0.00010000,68623.66917730
2024-11-05T00:00:00+00:00,2024-11-05,BTCUSDT,0.00010000,67836.62865957
2024-11-05T08:00:00.003000+00:00,2024-11-05,BTCUSDT,0.00010000,68876.00000000
2024-11-05T16:00:00.001000+00:00,2024-11-05,BTCUSDT,0.00010000,69604.99425532
2024-11-06T00:00:00+00:00,2024-11-06,BTCUSDT,0.00010000,69353.10000000
2024-11-06T08:00:00+00:00,2024-11-06,BTCUSDT,0.00010000,73423.50465248
2024-11-06T16:00:00+00:00,2024-11-06,BTCUSDT,0.00010000,74299.90773050
2024-11-07T00:00:00+00:00,2024-11-07,BTCUSDT,0.00010000,75575.32614894
2024-11-07T08:00:00+00:00,2024-11-07,BTCUSDT,0.00010000,74800.00000000
2024-11-07T16:00:00+00:00,2024-11-07,BTCUSDT,0.00010000,76075.60378723
2024-11-08T00:00:00+00:00,2024-11-08,BTCUSDT,0.00010000,75854.54638298
2024-11-08T08:00:00+00:00,2024-11-08,BTCUSDT,0.00010000,76170.90000000
2024-11-08T16:00:00+00:00,2024-11-08,BTCUSDT,0.00010000,76423.30000000
2024-11-09T00:00:00+00:00,2024-11-09,BTCUSDT,0.00010000,76485.96961235
2024-11-09T08:00:00+00:00,2024-11-09,BTCUSDT,0.00010000,76525.24098582
2024-11-09T16:00:00+00:00,2024-11-09,BTCUSDT,0.00010000,76305.60000000
2024-11-10T00:00:00+00:00,2024-11-10,BTCUSDT,0.00010000,76676.09297872
2024-11-10T08:00:00+00:00,2024-11-10,BTCUSDT,0.00025603,78858.20000000
2024-11-10T16:00:00+00:00,2024-11-10,BTCUSDT,0.00014113,79735.10000000
2024-11-11T00:00:00.001000+00:00,2024-11-11,BTCUSDT,0.00036878,80409.90000000
2024-11-11T08:00:00+00:00,2024-11-11,BTCUSDT,0.00010000,81147.80000000
2024-11-11T16:00:00+00:00,2024-11-11,BTCUSDT,0.00010000,84108.24075887
2024-11-12T00:00:00.002000+00:00,2024-11-12,BTCUSDT,0.00049133,88729.00000000
2024-11-12T08:00:00+00:00,2024-11-12,BTCUSDT,0.00043737,89095.40000000
2024-11-12T16:00:00+00:00,2024-11-12,BTCUSDT,0.00038754,86642.44216434
2024-11-13T00:00:00+00:00,2024-11-13,BTCUSDT,0.00010000,87964.81392908
2024-11-13T08:00:00.010000+00:00,2024-11-13,BTCUSDT,0.00013101,87398.59256270
2024-11-13T16:00:00+00:00,2024-11-13,BTCUSDT,0.00021856,92602.70000000
2024-11-14T00:00:00.001000+00:00,2024-11-14,BTCUSDT,0.00010000,90413.12446212
2024-11-14T08:00:00+00:00,2024-11-14,BTCUSDT,0.00010000,90818.90000000
2024-11-14T16:00:00+00:00,2024-11-14,BTCUSDT,0.00010000,87998.09286364
2024-11-15T00:00:00+00:00,2024-11-15,BTCUSDT,0.00010000,87376.26048485
2024-11-15T08:00:00+00:00,2024-11-15,BTCUSDT,0.00010000,87691.73393182
2024-11-15T16:00:00+00:00,2024-11-15,BTCUSDT,0.00010977,88485.40000000
2024-11-16T00:00:00.001000+00:00,2024-11-16,BTCUSDT,0.00010000,91074.60000000
2024-11-16T08:00:00.001000+00:00,2024-11-16,BTCUSDT,0.00010000,91172.07627273
2024-11-16T16:00:00+00:00,2024-11-16,BTCUSDT,0.00013231,90578.00000000
2024-11-17T00:00:00+00:00,2024-11-17,BTCUSDT,0.00015765,90607.94334091
2024-11-17T08:00:00+00:00,2024-11-17,BTCUSDT,0.00010000,90599.90000000
2024-11-17T16:00:00.001000+00:00,2024-11-17,BTCUSDT,0.00010577,90309.70000000
2024-11-18T00:00:00+00:00,2024-11-18,BTCUSDT,0.00010000,89891.57867424
2024-11-18T08:00:00+00:00,2024-11-18,BTCUSDT,0.00036450,91793.76963166
2024-11-18T16:00:00+00:00,2024-11-18,BTCUSDT,0.00021318,92413.93032576
2024-11-19T00:00:00+00:00,2024-11-19,BTCUSDT,0.00021606,90502.14808333
2024-11-19T08:00:00+00:00,2024-11-19,BTCUSDT,0.00030216,91680.59587879
2024-11-19T16:00:00+00:00,2024-11-19,BTCUSDT,0.00017959,92442.80000000
2024-11-20T00:00:00.003000+00:00,2024-11-20,BTCUSDT,0.00010000,92314.05812121
2024-11-20T08:00:00+00:00,2024-11-20,BTCUSDT,0.00010000,92855.88699242
2024-11-20T16:00:00+00:00,2024-11-20,BTCUSDT,0.00010000,94737.50000000
2024-11-21T00:00:00.001000+00:00,2024-11-21,BTCUSDT,0.00010000,94279.51894697
2024-11-21T08:00:00+00:00,2024-11-21,BTCUSDT,0.00010000,96950.00000000
2024-11-21T16:00:00.001000+00:00,2024-11-21,BTCUSDT,0.00010000,96677.04645768
2024-11-22T00:00:00+00:00,2024-11-22,BTCUSDT,0.00010000,98365.10186364
2024-11-22T08:00:00+00:00,2024-11-22,BTCUSDT,0.00010000,99242.81251773
2024-11-22T16:00:00.001000+00:00,2024-11-22,BTCUSDT,0.00010000,98699.90000000
2024-11-23T00:00:00+00:00,2024-11-23,BTCUSDT,0.00010000,98918.67765957
2024-11-23T08:00:00+00:00,2024-11-23,BTCUSDT,0.00010000,98599.83297163
2024-11-23T16:00:00+00:00,2024-11-23,BTCUSDT,0.00010000,98426.00000000
2024-11-24T00:00:00.001000+00:00,2024-11-24,BTCUSDT,0.00010000,97725.50000000
2024-11-24T08:00:00+00:00,2024-11-24,BTCUSDT,0.00016148,98483.95812057
2024-11-24T16:00:00+00:00,2024-11-24,BTCUSDT,0.00023228,95996.21422597
2024-11-25T00:00:00+00:00,2024-11-25,BTCUSDT,0.00021035,97960.50000000
2024-11-25T08:00:00+00:00,2024-11-25,BTCUSDT,0.00010000,98106.56588652
2024-11-25T16:00:00+00:00,2024-11-25,BTCUSDT,0.00025233,96029.20382270
2024-11-26T00:00:00+00:00,2024-11-26,BTCUSDT,0.00021902,93064.10000000
2024-11-26T08:00:00+00:00,2024-11-26,BTCUSDT,0.00017936,93837.30000000
2024-11-26T16:00:00+00:00,2024-11-26,BTCUSDT,0.00029599,92870.07960284
2024-11-27T00:00:00+00:00,2024-11-27,BTCUSDT,0.00031205,92013.70000000
2024-11-27T08:00:00+00:00,2024-11-27,BTCUSDT,0.00016795,93652.10000000
2024-11-27T16:00:00.001000+00:00,2024-11-27,BTCUSDT,0.00010000,95605.80000000
2024-11-28T00:00:00+00:00,2024-11-28,BTCUSDT,0.00010000,95904.89554610
2024-11-28T08:00:00+00:00,2024-11-28,BTCUSDT,0.00014326,95360.15442553
2024-11-28T16:00:00+00:00,2024-11-28,BTCUSDT,0.00011859,95057.36946809
2024-11-29T00:00:00+00:00,2024-11-29,BTCUSDT,0.00020619,95693.94427733
2024-11-29T08:00:00+00:00,2024-11-29,BTCUSDT,0.00011747,95692.14071631
2024-11-29T16:00:00+00:00,2024-11-29,BTCUSDT,0.00021921,98075.20000000
2024-11-30T00:00:00+00:00,2024-11-30,BTCUSDT,0.00010000,97516.30000000
2024-11-30T08:00:00+00:00,2024-11-30,BTCUSDT,0.00015909,96843.30000000
2024-11-30T16:00:00+00:00,2024-11-30,BTCUSDT,0.00012063,96707.40000000
2024-12-01T00:00:00+00:00,2024-12-01,BTCUSDT,0.00015901,96462.19087234
2024-12-01T08:00:00+00:00,2024-12-01,BTCUSDT,0.00019581,96522.20604965
2024-12-01T16:00:00+00:00,2024-12-01,BTCUSDT,0.00010000,97081.50000000
2024-12-02T00:00:00.001000+00:00,2024-12-02,BTCUSDT,0.00025726,97265.10000000
2024-12-02T08:00:00.001000+00:00,2024-12-02,BTCUSDT,0.00024556,96046.45249645
2024-12-02T16:00:00+00:00,2024-12-02,BTCUSDT,0.00013387,97120.00000000
2024-12-03T00:00:00+00:00,2024-12-03,BTCUSDT,0.00012779,95889.10653191
2024-12-03T08:00:00+00:00,2024-12-03,BTCUSDT,0.00024926,95616.20000000
2024-12-03T16:00:00+00:00,2024-12-03,BTCUSDT,0.00011952,95746.09226241
2024-12-04T00:00:00+00:00,2024-12-04,BTCUSDT,0.00026634,95913.27097163
2024-12-04T08:00:00+00:00,2024-12-04,BTCUSDT,0.00026254,96652.10000000
2024-12-04T16:00:00+00:00,2024-12-04,BTCUSDT,0.00023234,95801.60480851
2024-12-05T00:00:00.001000+00:00,2024-12-05,BTCUSDT,0.00027625,98689.14430496
2024-12-05T08:00:00+00:00,2024-12-05,BTCUSDT,0.00072446,102283.62766667
2024-12-05T16:00:00+00:00,2024-12-05,BTCUSDT,0.00047059,101350.10000000
2024-12-06T00:00:00+00:00,2024-12-06,BTCUSDT,0.00010000,97001.60000000
2024-12-06T08:00:00+00:00,2024-12-06,BTCUSDT,0.00014634,98207.61513475
2024-12-06T16:00:00+00:00,2024-12-06,BTCUSDT,0.00010000,99357.34402837
2024-12-07T00:00:00+00:00,2024-12-07,BTCUSDT,0.00031972,99802.50000000
2024-12-07T08:00:00+00:00,2024-12-07,BTCUSDT,0.00012374,99442.60000000
2024-12-07T16:00:00+00:00,2024-12-07,BTCUSDT,0.00014090,99811.50000000
2024-12-08T00:00:00+00:00,2024-12-08,BTCUSDT,0.00016985,99899.10000000
2024-12-08T08:00:00+00:00,2024-12-08,BTCUSDT,0.00016572,99741.60000000
2024-12-08T16:00:00+00:00,2024-12-08,BTCUSDT,0.00017580,99975.00000000
2024-12-09T00:00:00+00:00,2024-12-09,BTCUSDT,0.00030413,101193.94399291
2024-12-09T08:00:00+00:00,2024-12-09,BTCUSDT,0.00021032,99633.40225532
2024-12-09T16:00:00.001000+00:00,2024-12-09,BTCUSDT,0.00011115,97835.11267376
2024-12-10T00:00:00.007000+00:00,2024-12-10,BTCUSDT,0.00010000,97349.10000000
2024-12-10T08:00:00+00:00,2024-12-10,BTCUSDT,0.00010000,97217.70000000
2024-12-10T16:00:00+00:00,2024-12-10,BTCUSDT,0.00010000,95657.98175887
2024-12-11T00:00:00+00:00,2024-12-11,BTCUSDT,0.00010000,96602.30000000
2024-12-11T08:00:00+00:00,2024-12-11,BTCUSDT,0.00010000,97336.18173050
2024-12-11T16:00:00.001000+00:00,2024-12-11,BTCUSDT,0.00010000,100361.01297872
2024-12-12T00:00:00.001000+00:00,2024-12-12,BTCUSDT,0.00010000,101106.90000000
2024-12-12T08:00:00+00:00,2024-12-12,BTCUSDT,0.00010000,100486.46369504
2024-12-12T16:00:00.001000+00:00,2024-12-12,BTCUSDT,0.00010000,101775.10000000
2024-12-13T00:00:00+00:00,2024-12-13,BTCUSDT,0.00010000,99982.30000000
2024-12-13T08:00:00+00:00,2024-12-13,BTCUSDT,0.00010000,100099.90000000
2024-12-13T16:00:00.001000+00:00,2024-12-13,BTCUSDT,0.00010000,99840.10000000
2024-12-14T00:00:00+00:00,2024-12-14,BTCUSDT,0.00006750,101371.90000000
2024-12-14T08:00:00+00:00,2024-12-14,BTCUSDT,0.00010000,101787.00000000
2024-12-14T16:00:00+00:00,2024-12-14,BTCUSDT,0.00010000,101610.85002837
2024-12-15T00:00:00+00:00,2024-12-15,BTCUSDT,0.00010000,101391.60376371
2024-12-15T08:00:00+00:00,2024-12-15,BTCUSDT,0.00008194,101673.93346099
2024-12-15T16:00:00+00:00,2024-12-15,BTCUSDT,0.00010000,102674.84886525
2024-12-16T00:00:00+00:00,2024-12-16,BTCUSDT,0.00010000,104449.00000000
2024-12-16T08:00:00.001000+00:00,2024-12-16,BTCUSDT,0.00010000,104960.31446809
2024-12-16T16:00:00+00:00,2024-12-16,BTCUSDT,0.00009181,106285.31279433
2024-12-17T00:00:00+00:00,2024-12-17,BTCUSDT,0.00007866,106023.30000000
2024-12-17T08:00:00+00:00,2024-12-17,BTCUSDT,0.00010000,106789.01585106
2024-12-17T16:00:00+00:00,2024-12-17,BTCUSDT,0.00010000,106438.49711348
2024-12-18T00:00:00+00:00,2024-12-18,BTCUSDT,0.00010000,106083.97803546
2024-12-18T08:00:00+00:00,2024-12-18,BTCUSDT,0.00009159,104203.79516312
2024-12-18T16:00:00+00:00,2024-12-18,BTCUSDT,0.00010000,104395.10000000
2024-12-19T00:00:00+00:00,2024-12-19,BTCUSDT,0.00010000,100180.74653901
2024-12-19T08:00:00+00:00,2024-12-19,BTCUSDT,0.00010000,101625.15913475
2024-12-19T16:00:00+00:00,2024-12-19,BTCUSDT,0.00010000,100657.71907801
2024-12-20T00:00:00+00:00,2024-12-20,BTCUSDT,0.00010000,97434.40000000
2024-12-20T08:00:00.001000+00:00,2024-12-20,BTCUSDT,0.00010000,97822.91234043
2024-12-20T16:00:00.014000+00:00,2024-12-20,BTCUSDT,0.00010000,96968.45573050
2024-12-21T00:00:00+00:00,2024-12-21,BTCUSDT,0.00010000,97764.50000000
2024-12-21T08:00:00+00:00,2024-12-21,BTCUSDT,0.00001206,98985.40130496
2024-12-21T16:00:00.001000+00:00,2024-12-21,BTCUSDT,0.00010000,97486.50000000
2024-12-22T00:00:00+00:00,2024-12-22,BTCUSDT,0.00010000,97261.80000000
2024-12-22T08:00:00+00:00,2024-12-22,BTCUSDT,0.00010000,96182.08468085
2024-12-22T16:00:00+00:00,2024-12-22,BTCUSDT,0.00009629,95340.90000000
2024-12-23T00:00:00+00:00,2024-12-23,BTCUSDT,0.00010000,95155.89321986
2024-12-23T08:00:00+00:00,2024-12-23,BTCUSDT,0.00010000,95360.40000000
2024-12-23T16:00:00.001000+00:00,2024-12-23,BTCUSDT,0.00008981,93217.60000000
2024-12-24T00:00:00+00:00,2024-12-24,BTCUSDT,0.00010000,94861.10000000
2024-12-24T08:00:00+00:00,2024-12-24,BTCUSDT,0.00010000,94199.90000000
2024-12-24T16:00:00.001000+00:00,2024-12-24,BTCUSDT,0.00010000,98246.90943972
2024-12-25T00:00:00.001000+00:00,2024-12-25,BTCUSDT,0.00010000,98633.62231915
2024-12-25T08:00:00+00:00,2024-12-25,BTCUSDT,0.00010000,98052.36726950
2024-12-25T16:00:00+00:00,2024-12-25,BTCUSDT,0.00010000,98485.70000000
2024-12-26T00:00:00+00:00,2024-12-26,BTCUSDT,0.00009827,99379.60000000
2024-12-26T08:00:00+00:00,2024-12-26,BTCUSDT,0.00007453,97682.41824113
2024-12-26T16:00:00+00:00,2024-12-26,BTCUSDT,0.00008585,96006.00000000
2024-12-27T00:00:00+00:00,2024-12-27,BTCUSDT,0.00010000,95754.23556738
2024-12-27T08:00:00+00:00,2024-12-27,BTCUSDT,0.00010000,95074.97113475
2024-12-27T16:00:00+00:00,2024-12-27,BTCUSDT,0.00010000,94529.41337589
2024-12-28T00:00:00.001000+00:00,2024-12-28,BTCUSDT,0.00010000,94263.83920567
2024-12-28T08:00:00+00:00,2024-12-28,BTCUSDT,0.00007639,94339.82516312
2024-12-28T16:00:00+00:00,2024-12-28,BTCUSDT,0.00005173,94407.80000000
2024-12-29T00:00:00+00:00,2024-12-29,BTCUSDT,0.00008013,95262.82075887
2024-12-29T08:00:00+00:00,2024-12-29,BTCUSDT,0.00010000,95233.30000000
2024-12-29T16:00:00+00:00,2024-12-29,BTCUSDT,0.00010000,94468.77931206
2024-12-30T00:00:00+00:00,2024-12-30,BTCUSDT,-0.00000042,93699.90000000
2024-12-30T08:00:00.001000+00:00,2024-12-30,BTCUSDT,0.00008791,93700.13509929
2024-12-30T16:00:00+00:00,2024-12-30,BTCUSDT,0.00010000,92087.24777305
2024-12-31T00:00:00+00:00,2024-12-31,BTCUSDT,0.00010000,92760.38528369
2024-12-31T08:00:00+00:00,2024-12-31,BTCUSDT,0.00010000,92819.50000000
2024-12-31T16:00:00+00:00,2024-12-31,BTCUSDT,0.00010000,95389.40000000
2025-01-01T00:00:00.015000+00:00,2025-01-01,BTCUSDT,0.00010000,93549.66175177
2025-01-01T08:00:00+00:00,2025-01-01,BTCUSDT,0.00010000,93660.97108511
2025-01-01T16:00:00.001000+00:00,2025-01-01,BTCUSDT,0.00010000,94413.60000000
2025-01-02T00:00:00+00:00,2025-01-02,BTCUSDT,0.00010000,94581.00000000
2025-01-02T08:00:00.006000+00:00,2025-01-02,BTCUSDT,0.00010000,95815.30000000
2025-01-02T16:00:00+00:00,2025-01-02,BTCUSDT,0.00010000,96438.30000000
2025-01-03T00:00:00+00:00,2025-01-03,BTCUSDT,0.00010000,96967.50000000
2025-01-03T08:00:00+00:00,2025-01-03,BTCUSDT,0.00010000,96275.00000000
2025-01-03T16:00:00+00:00,2025-01-03,BTCUSDT,0.00005242,97481.09407092
2025-01-04T00:00:00+00:00,2025-01-04,BTCUSDT,0.00007699,98145.80000000
2025-01-04T08:00:00+00:00,2025-01-04,BTCUSDT,0.00010000,98244.20000000
2025-01-04T16:00:00+00:00,2025-01-04,BTCUSDT,0.00000798,97632.05677305
2025-01-05T00:00:00+00:00,2025-01-05,BTCUSDT,0.00010000,98173.20000000
2025-01-05T08:00:00+00:00,2025-01-05,BTCUSDT,0.00010000,98225.73287943
2025-01-05T16:00:00+00:00,2025-01-05,BTCUSDT,0.00008320,97981.80000000
2025-01-06T00:00:00+00:00,2025-01-06,BTCUSDT,0.00010000,98340.10000000
2025-01-06T08:00:00.001000+00:00,2025-01-06,BTCUSDT,0.00010000,99280.00000000
2025-01-06T16:00:00+00:00,2025-01-06,BTCUSDT,0.00010000,102091.31002128
2025-01-07T00:00:00+00:00,2025-01-07,BTCUSDT,0.00010000,102189.30633333
2025-01-07T08:00:00+00:00,2025-01-07,BTCUSDT,0.00008903,101649.30000000
2025-01-07T16:00:00.008000+00:00,2025-01-07,BTCUSDT,0.00008279,97916.61911959
2025-01-08T00:00:00.001000+00:00,2025-01-08,BTCUSDT,0.00010000,96920.20000000
2025-01-08T08:00:00+00:00,2025-01-08,BTCUSDT,0.00010000,95628.40000000
2025-01-08T16:00:00+00:00,2025-01-08,BTCUSDT,0.00010000,95454.56275887
2025-01-09T00:00:00+00:00,2025-01-09,BTCUSDT,0.00010000,95036.11944681
2025-01-09T08:00:00+00:00,2025-01-09,BTCUSDT,0.00009834,93180.20612057
2025-01-09T16:00:00+00:00,2025-01-09,BTCUSDT,-0.00000544,94195.10000000
2025-01-10T00:00:00+00:00,2025-01-10,BTCUSDT,0.00003966,92515.04219149
2025-01-10T08:00:00+00:00,2025-01-10,BTCUSDT,-0.00001060,94460.50000000
2025-01-10T16:00:00+00:00,2025-01-10,BTCUSDT,0.00008078,93697.90000000
2025-01-11T00:00:00+00:00,2025-01-11,BTCUSDT,0.00005680,94680.94309929
2025-01-11T08:00:00+00:00,2025-01-11,BTCUSDT,0.00004055,94211.97412183
2025-01-11T16:00:00+00:00,2025-01-11,BTCUSDT,0.00002608,94365.80000000
2025-01-12T00:00:00+00:00,2025-01-12,BTCUSDT,0.00005009,94565.09560993
2025-01-12T08:00:00+00:00,2025-01-12,BTCUSDT,0.00003210,94291.30000000
2025-01-12T16:00:00+00:00,2025-01-12,BTCUSDT,0.00006647,95036.75903546
2025-01-13T00:00:00+00:00,2025-01-13,BTCUSDT,0.00005266,94499.90000000
2025-01-13T08:00:00+00:00,2025-01-13,BTCUSDT,0.00006989,93557.90000000
2025-01-13T16:00:00+00:00,2025-01-13,BTCUSDT,0.00000881,92108.14175000
2025-01-14T00:00:00+00:00,2025-01-14,BTCUSDT,0.00010000,94487.76413636
2025-01-14T08:00:00+00:00,2025-01-14,BTCUSDT,0.00010000,94824.19737879
2025-01-14T16:00:00+00:00,2025-01-14,BTCUSDT,0.00009496,96420.52184091
2025-01-15T00:00:00+00:00,2025-01-15,BTCUSDT,0.00004989,96515.00000000
2025-01-15T08:00:00+00:00,2025-01-15,BTCUSDT,0.00008795,97253.80000000
2025-01-15T16:00:00+00:00,2025-01-15,BTCUSDT,0.00005844,98943.30000000
2025-01-16T00:00:00+00:00,2025-01-16,BTCUSDT,0.00000728,100461.91109848
2025-01-16T08:00:00+00:00,2025-01-16,BTCUSDT,0.00007568,99762.50000000
2025-01-16T16:00:00+00:00,2025-01-16,BTCUSDT,0.00004598,99258.31843182
2025-01-17T00:00:00.004000+00:00,2025-01-17,BTCUSDT,0.00004597,99937.40000000
2025-01-17T08:00:00+00:00,2025-01-17,BTCUSDT,0.00009386,101406.90000000
2025-01-17T16:00:00.008000+00:00,2025-01-17,BTCUSDT,0.00003432,103946.30000000
2025-01-18T00:00:00+00:00,2025-01-18,BTCUSDT,0.00006707,104042.50000000
2025-01-18T08:00:00.007000+00:00,2025-01-18,BTCUSDT,0.00010000,102781.74468182
2025-01-18T16:00:00+00:00,2025-01-18,BTCUSDT,0.00010000,104537.59208333
2025-01-19T00:00:00+00:00,2025-01-19,BTCUSDT,0.00010000,104535.24007576
2025-01-19T08:00:00+00:00,2025-01-19,BTCUSDT,0.00010000,105153.39980303
2025-01-19T16:00:00+00:00,2025-01-19,BTCUSDT,0.00010000,104957.60477273
2025-01-20T00:00:00+00:00,2025-01-20,BTCUSDT,0.00010000,101308.10000000
2025-01-20T08:00:00.009000+00:00,2025-01-20,BTCUSDT,0.00010000,107128.89547022
2025-01-20T16:00:00+00:00,2025-01-20,BTCUSDT,0.00010000,104989.60000000
2025-01-21T00:00:00+00:00,2025-01-21,BTCUSDT,0.00010000,102253.89548485
2025-01-21T08:00:00+00:00,2025-01-21,BTCUSDT,0.00010000,101983.49471970
2025-01-21T16:00:00+00:00,2025-01-21,BTCUSDT,0.00010000,103929.10000000
2025-01-22T00:00:00+00:00,2025-01-22,BTCUSDT,0.00010000,106114.40000000
2025-01-22T08:00:00+00:00,2025-01-22,BTCUSDT,0.00010000,105063.80000000
2025-01-22T16:00:00+00:00,2025-01-22,BTCUSDT,0.00010000,104138.91605185
2025-01-23T00:00:00.001000+00:00,2025-01-23,BTCUSDT,0.00008654,103665.00000000
2025-01-23T08:00:00+00:00,2025-01-23,BTCUSDT,0.00010000,102668.30000000
2025-01-23T16:00:00+00:00,2025-01-23,BTCUSDT,0.00008616,105209.90000000
2025-01-24T00:00:00+00:00,2025-01-24,BTCUSDT,0.00000334,103867.57431111
2025-01-24T08:00:00+00:00,2025-01-24,BTCUSDT,0.00007537,104999.90000000
2025-01-24T16:00:00+00:00,2025-01-24,BTCUSDT,0.00009540,105821.80000000
2025-01-25T00:00:00+00:00,2025-01-25,BTCUSDT,0.00005702,104811.52457037
2025-01-25T08:00:00+00:00,2025-01-25,BTCUSDT,0.00008495,104349.40000000
2025-01-25T16:00:00.001000+00:00,2025-01-25,BTCUSDT,0.00007782,104856.23635556
2025-01-26T00:00:00+00:00,2025-01-26,BTCUSDT,0.00008363,104701.90000000
2025-01-26T08:00:00+00:00,2025-01-26,BTCUSDT,0.00010000,104963.80000000
2025-01-26T16:00:00+00:00,2025-01-26,BTCUSDT,0.00008443,104920.00000000
2025-01-27T00:00:00+00:00,2025-01-27,BTCUSDT,0.00009084,102590.39013333
2025-01-27T08:00:00+00:00,2025-01-27,BTCUSDT,0.00003712,98996.40000000
2025-01-27T16:00:00+00:00,2025-01-27,BTCUSDT,0.00000098,101075.16971111
2025-01-28T00:00:00+00:00,2025-01-28,BTCUSDT,0.00010000,102034.61963704
2025-01-28T08:00:00+00:00,2025-01-28,BTCUSDT,0.00003714,102748.81021481
2025-01-28T16:00:00+00:00,2025-01-28,BTCUSDT,0.00009848,102732.49048889
2025-01-29T00:00:00+00:00,2025-01-29,BTCUSDT,0.00010000,101296.47861481
2025-01-29T08:00:00+00:00,2025-01-29,BTCUSDT,0.00010000,102723.30000000
2025-01-29T16:00:00+00:00,2025-01-29,BTCUSDT,0.00009949,101942.29171111
2025-01-30T00:00:00+00:00,2025-01-30,BTCUSDT,0.00007590,103698.20000000
2025-01-30T08:00:00+00:00,2025-01-30,BTCUSDT,0.00010000,105085.20000000
2025-01-30T16:00:00+00:00,2025-01-30,BTCUSDT,0.00009499,105521.20000000
2025-01-31T00:00:00+00:00,2025-01-31,BTCUSDT,0.00001225,104677.00000000
2025-01-31T08:00:00+00:00,2025-01-31,BTCUSDT,0.00010000,104167.68758519
2025-01-31T16:00:00+00:00,2025-01-31,BTCUSDT,0.00010000,105417.40000000
2025-02-01T00:00:00+00:00,2025-02-01,BTCUSDT,0.00008098,102379.70000000
2025-02-01T08:00:00+00:00,2025-02-01,BTCUSDT,0.00005369,102127.00000000
2025-02-01T16:00:00+00:00,2025-02-01,BTCUSDT,0.00005968,102033.72678519
2025-02-02T00:00:00.001000+00:00,2025-02-02,BTCUSDT,0.00005824,100603.60000000
2025-02-02T08:00:00+00:00,2025-02-02,BTCUSDT,0.00003380,99595.81932593
2025-02-02T16:00:00+00:00,2025-02-02,BTCUSDT,-0.00000861,99298.60000000
2025-02-03T00:00:00+00:00,2025-02-03,BTCUSDT,0.00010000,97665.05852593
2025-02-03T08:00:00+00:00,2025-02-03,BTCUSDT,0.00010000,95278.94922222
2025-02-03T16:00:00+00:00,2025-02-03,BTCUSDT,0.00004845,98799.90000000
2025-02-04T00:00:00+00:00,2025-02-04,BTCUSDT,0.00002612,101293.70000000
2025-02-04T08:00:00.001000+00:00,2025-02-04,BTCUSDT,0.00006800,98428.05392593
2025-02-04T16:00:00+00:00,2025-02-04,BTCUSDT,0.00004138,99308.65560920
2025-02-05T00:00:00.001000+00:00,2025-02-05,BTCUSDT,-0.00000461,97709.90000000
2025-02-05T08:00:00.001000+00:00,2025-02-05,BTCUSDT,0.00004774,97816.06753333
2025-02-05T16:00:00+00:00,2025-02-05,BTCUSDT,0.00001610,98063.30000000
2025-02-06T00:00:00.001000+00:00,2025-02-06,BTCUSDT,0.00002186,96558.04809630
2025-02-06T08:00:00.001000+00:00,2025-02-06,BTCUSDT,-0.00000238,98164.90000000
2025-02-06T16:00:00+00:00,2025-02-06,BTCUSDT,0.00005903,97285.60000000
2025-02-07T00:00:00+00:00,2025-02-07,BTCUSDT,0.00007983,96515.00000000
2025-02-07T08:00:00+00:00,2025-02-07,BTCUSDT,0.00006989,96714.18992337
2025-02-07T16:00:00+00:00,2025-02-07,BTCUSDT,0.00005167,98249.70000000
2025-02-08T00:00:00+00:00,2025-02-08,BTCUSDT,-0.00004100,96456.01788889
2025-02-08T08:00:00+00:00,2025-02-08,BTCUSDT,0.00001137,96153.40000000
2025-02-08T16:00:00+00:00,2025-02-08,BTCUSDT,0.00000324,95798.35988889
2025-02-09T00:00:00+00:00,2025-02-09,BTCUSDT,0.00003873,96411.90000000
2025-02-09T08:00:00+00:00,2025-02-09,BTCUSDT,0.00009600,97019.90000000
2025-02-09T16:00:00+00:00,2025-02-09,BTCUSDT,0.00002839,96443.79991852
2025-02-10T00:00:00+00:00,2025-02-10,BTCUSDT,0.00001802,96425.48585185
2025-02-10T08:00:00+00:00,2025-02-10,BTCUSDT,0.00009176,97393.10000000
2025-02-10T16:00:00+00:00,2025-02-10,BTCUSDT,0.00007457,97187.70000000
2025-02-11T00:00:00+00:00,2025-02-11,BTCUSDT,0.00004218,97384.53994815
2025-02-11T08:00:00+00:00,2025-02-11,BTCUSDT,0.00007090,98230.70305185
2025-02-11T16:00:00+00:00,2025-02-11,BTCUSDT,-0.00002446,96963.30000000
2025-02-12T00:00:00+00:00,2025-02-12,BTCUSDT,0.00001298,95731.40000000
2025-02-12T08:00:00+00:00,2025-02-12,BTCUSDT,0.00004899,96032.10000000
2025-02-12T16:00:00.001000+00:00,2025-02-12,BTCUSDT,0.00004960,95768.97002963
2025-02-13T00:00:00.001000+00:00,2025-02-13,BTCUSDT,0.00010000,97828.71390370
2025-02-13T08:00:00+00:00,2025-02-13,BTCUSDT,0.00004117,96022.13023704
2025-02-13T16:00:00.001000+00:00,2025-02-13,BTCUSDT,0.00000805,95950.00000000
2025-02-14T00:00:00+00:00,2025-02-14,BTCUSDT,0.00004100,96560.60000000
2025-02-14T08:00:00.001000+00:00,2025-02-14,BTCUSDT,0.00005510,96894.37109630
2025-02-14T16:00:00+00:00,2025-02-14,BTCUSDT,0.00007093,96886.60000000
2025-02-15T00:00:00+00:00,2025-02-15,BTCUSDT,0.00000055,97449.10151111
2025-02-15T08:00:00+00:00,2025-02-15,BTCUSDT,0.00003297,97312.50000000
2025-02-15T16:00:00+00:00,2025-02-15,BTCUSDT,0.00003735,97594.40000000
2025-02-16T00:00:00+00:00,2025-02-16,BTCUSDT,0.00003390,97537.90000000
2025-02-16T08:00:00+00:00,2025-02-16,BTCUSDT,0.00000182,97207.40000000
2025-02-16T16:00:00+00:00,2025-02-16,BTCUSDT,0.00003799,96859.04847692
2025-02-17T00:00:00+00:00,2025-02-17,BTCUSDT,0.00006239,96073.53976296
2025-02-17T08:00:00+00:00,2025-02-17,BTCUSDT,0.00006397,96031.56637778
2025-02-17T16:00:00+00:00,2025-02-17,BTCUSDT,0.00002009,95610.58525185
2025-02-18T00:00:00+00:00,2025-02-18,BTCUSDT,0.00009488,95743.10000000
2025-02-18T08:00:00+00:00,2025-02-18,BTCUSDT,0.00010000,95416.39865926
2025-02-18T16:00:00+00:00,2025-02-18,BTCUSDT,0.00010000,95510.84027407
2025-02-19T00:00:00+00:00,2025-02-19,BTCUSDT,0.00007007,95621.90000000
2025-02-19T08:00:00+00:00,2025-02-19,BTCUSDT,0.00007779,95640.40000000
2025-02-19T16:00:00+00:00,2025-02-19,BTCUSDT,0.00008960,95895.50000000
2025-02-20T00:00:00+00:00,2025-02-20,BTCUSDT,0.00002420,96605.40166667
2025-02-20T08:00:00+00:00,2025-02-20,BTCUSDT,0.00003269,96825.70000000
2025-02-20T16:00:00+00:00,2025-02-20,BTCUSDT,0.00007346,96860.90000000
2025-02-21T00:00:00.001000+00:00,2025-02-21,BTCUSDT,0.00000123,98252.90000000
2025-02-21T08:00:00+00:00,2025-02-21,BTCUSDT,0.00002286,98128.40000000
2025-02-21T16:00:00+00:00,2025-02-21,BTCUSDT,-0.00000097,98057.70000000
2025-02-22T00:00:00+00:00,2025-02-22,BTCUSDT,0.00010000,96131.40247407
2025-02-22T08:00:00+00:00,2025-02-22,BTCUSDT,0.00006466,96241.70000000
2025-02-22T16:00:00+00:00,2025-02-22,BTCUSDT,0.00002318,96552.60310370
2025-02-23T00:00:00+00:00,2025-02-23,BTCUSDT,0.00004112,96503.38967407
2025-02-23T08:00:00+00:00,2025-02-23,BTCUSDT,0.00003140,96455.97020000
2025-02-23T16:00:00+00:00,2025-02-23,BTCUSDT,0.00001478,95392.57762963
2025-02-24T00:00:00+00:00,2025-02-24,BTCUSDT,-0.00002970,96218.40000000
2025-02-24T08:00:00+00:00,2025-02-24,BTCUSDT,0.00006881,95838.02390370
2025-02-24T16:00:00+00:00,2025-02-24,BTCUSDT,0.00002050,94296.00000000
2025-02-25T00:00:00+00:00,2025-02-25,BTCUSDT,0.00010000,91524.67726667
2025-02-25T08:00:00+00:00,2025-02-25,BTCUSDT,0.00005245,89304.14428352
2025-02-25T16:00:00+00:00,2025-02-25,BTCUSDT,0.00001385,87188.93212261
2025-02-26T00:00:00+00:00,2025-02-26,BTCUSDT,0.00003521,88639.10000000
2025-02-26T08:00:00+00:00,2025-02-26,BTCUSDT,0.00006005,88688.89924444
2025-02-26T16:00:00+00:00,2025-02-26,BTCUSDT,0.00010000,87534.92208148
2025-02-27T00:00:00.001000+00:00,2025-02-27,BTCUSDT,0.00009305,84203.99431111
2025-02-27T08:00:00+00:00,2025-02-27,BTCUSDT,-0.00000617,86227.86960741
2025-02-27T16:00:00+00:00,2025-02-27,BTCUSDT,0.00009433,85473.85978519
2025-02-28T00:00:00.001000+00:00,2025-02-28,BTCUSDT,0.00009444,84667.50000000
2025-02-28T08:00:00+00:00,2025-02-28,BTCUSDT,0.00009521,79174.50011852
2025-02-28T16:00:00+00:00,2025-02-28,BTCUSDT,-0.00000373,83971.85852874
2025-03-01T00:00:00+00:00,2025-03-01,BTCUSDT,-0.00000014,84300.62248148
2025-03-01T08:00:00+00:00,2025-03-01,BTCUSDT,-0.00006108,84707.63182963
2025-03-01T16:00:00.001000+00:00,2025-03-01,BTCUSDT,-0.00000858,84758.97667407
2025-03-02T00:00:00+00:00,2025-03-02,BTCUSDT,-0.00001094,86017.75225185
2025-03-02T08:00:00+00:00,2025-03-02,BTCUSDT,-0.00002783,86191.40000000
2025-03-02T16:00:00+00:00,2025-03-02,BTCUSDT,-0.00002869,87376.32577037
2025-03-03T00:00:00.001000+00:00,2025-03-03,BTCUSDT,-0.00005518,94228.90026667
2025-03-03T08:00:00+00:00,2025-03-03,BTCUSDT,0.00000791,92325.20000000
2025-03-03T16:00:00+00:00,2025-03-03,BTCUSDT,0.00005272,90009.40000000
2025-03-04T00:00:00.001000+00:00,2025-03-04,BTCUSDT,-0.00001526,86181.90000000
2025-03-04T08:00:00.005000+00:00,2025-03-04,BTCUSDT,-0.00000270,83159.40000000
2025-03-04T16:00:00+00:00,2025-03-04,BTCUSDT,0.00001306,82949.73682963
2025-03-05T00:00:00+00:00,2025-03-05,BTCUSDT,0.00004113,87246.00000000
2025-03-05T08:00:00+00:00,2025-03-05,BTCUSDT,0.00002722,87579.60000000
2025-03-05T16:00:00+00:00,2025-03-05,BTCUSDT,0.00005028,88312.60000000
2025-03-06T00:00:00+00:00,2025-03-06,BTCUSDT,0.00003538,90567.40845926
2025-03-06T08:00:00.001000+00:00,2025-03-06,BTCUSDT,0.00006413,91314.75866667
2025-03-06T16:00:00+00:00,2025-03-06,BTCUSDT,0.00006818,90770.91326667
2025-03-07T00:00:00+00:00,2025-03-07,BTCUSDT,-0.00000612,89887.90000000
2025-03-07T08:00:00.001000+00:00,2025-03-07,BTCUSDT,-0.00001539,88311.88999259
2025-03-07T16:00:00+00:00,2025-03-07,BTCUSDT,0.00002028,88417.95212593
2025-03-08T00:00:00+00:00,2025-03-08,BTCUSDT,0.00005328,86753.80000000
2025-03-08T08:00:00.001000+00:00,2025-03-08,BTCUSDT,0.00000373,86159.98070370
2025-03-08T16:00:00.001000+00:00,2025-03-08,BTCUSDT,0.00001208,86360.00000000
2025-03-09T00:00:00.001000+00:00,2025-03-09,BTCUSDT,-0.00002779,86184.80000000
2025-03-09T08:00:00+00:00,2025-03-09,BTCUSDT,0.00003218,85973.77313333
2025-03-09T16:00:00+00:00,2025-03-09,BTCUSDT,0.00010000,83040.22277037
2025-03-10T00:00:00+00:00,2025-03-10,BTCUSDT,0.00003952,80688.70000000
2025-03-10T08:00:00+00:00,2025-03-10,BTCUSDT,0.00001344,82282.17518519
2025-03-10T16:00:00+00:00,2025-03-10,BTCUSDT,0.00004037,79999.21651111
2025-03-11T00:00:00+00:00,2025-03-11,BTCUSDT,0.00004705,78567.80000000
2025-03-11T08:00:00+00:00,2025-03-11,BTCUSDT,0.00003260,80395.91420690
2025-03-11T16:00:00.001000+00:00,2025-03-11,BTCUSDT,0.00008746,81190.70000000
2025-03-12T00:00:00+00:00,2025-03-12,BTCUSDT,0.00000576,82896.00000000
2025-03-12T08:00:00+00:00,2025-03-12,BTCUSDT,0.00005815,82405.10000000
2025-03-12T16:00:00.001000+00:00,2025-03-12,BTCUSDT,0.00004013,81703.59471111
2025-03-13T00:00:00+00:00,2025-03-13,BTCUSDT,0.00000430,83640.60000000
2025-03-13T08:00:00+00:00,2025-03-13,BTCUSDT,0.00002069,83118.50000000
2025-03-13T16:00:00+00:00,2025-03-13,BTCUSDT,0.00003190,81016.00000000
2025-03-14T00:00:00+00:00,2025-03-14,BTCUSDT,0.00005386,81085.40000000
2025-03-14T08:00:00+00:00,2025-03-14,BTCUSDT,0.00005331,82130.62686590
2025-03-14T16:00:00+00:00,2025-03-14,BTCUSDT,0.00000357,84687.30085824
2025-03-15T00:00:00+00:00,2025-03-15,BTCUSDT,-0.00006035,83939.80000000
2025-03-15T08:00:00+00:00,2025-03-15,BTCUSDT,-0.00002389,83799.02800000
2025-03-15T16:00:00+00:00,2025-03-15,BTCUSDT,-0.00000321,84295.70000000
2025-03-16T00:00:00+00:00,2025-03-16,BTCUSDT,0.00000432,84302.90000000
2025-03-16T08:00:00+00:00,2025-03-16,BTCUSDT,0.00004236,84242.00000000
2025-03-16T16:00:00+00:00,2025-03-16,BTCUSDT,0.00001247,83280.00000000
2025-03-17T00:00:00+00:00,2025-03-17,BTCUSDT,0.00001065,82541.60000000
2025-03-17T08:00:00+00:00,2025-03-17,BTCUSDT,0.00008474,83524.17527094
2025-03-17T16:00:00+00:00,2025-03-17,BTCUSDT,0.00000859,83499.10000000
2025-03-18T00:00:00+00:00,2025-03-18,BTCUSDT,0.00000703,83966.75136398
2025-03-18T08:00:00+00:00,2025-03-18,BTCUSDT,0.00002059,83124.70000000
2025-03-18T16:00:00+00:00,2025-03-18,BTCUSDT,0.00003514,81570.50000000
2025-03-19T00:00:00+00:00,2025-03-19,BTCUSDT,0.00000200,82670.47688148
2025-03-19T08:00:00+00:00,2025-03-19,BTCUSDT,0.00005961,83135.80000000
2025-03-19T16:00:00+00:00,2025-03-19,BTCUSDT,0.00005024,84693.10000000
2025-03-20T00:00:00+00:00,2025-03-20,BTCUSDT,0.00001944,86809.80000000
2025-03-20T08:00:00+00:00,2025-03-20,BTCUSDT,0.00003790,85769.99517778
2025-03-20T16:00:00+00:00,2025-03-20,BTCUSDT,0.00001086,84656.40000000
2025-03-21T00:00:00+00:00,2025-03-21,BTCUSDT,0.00001615,84183.60000000
2025-03-21T08:00:00+00:00,2025-03-21,BTCUSDT,0.00005324,83892.55460741
2025-03-21T16:00:00+00:00,2025-03-21,BTCUSDT,0.00002518,83525.90000000
2025-03-22T00:00:00+00:00,2025-03-22,BTCUSDT,0.00002836,84050.30000000
2025-03-22T08:00:00.004000+00:00,2025-03-22,BTCUSDT,-0.00001770,84235.40000000
2025-03-22T16:00:00+00:00,2025-03-22,BTCUSDT,0.00005092,84073.50000000
2025-03-23T00:00:00+00:00,2025-03-23,BTCUSDT,0.00002099,83804.90000000
2025-03-23T08:00:00+00:00,2025-03-23,BTCUSDT,-0.00000184,84232.38148148
2025-03-23T16:00:00+00:00,2025-03-23,BTCUSDT,0.00004020,85153.69642963
2025-03-24T00:00:00+00:00,2025-03-24,BTCUSDT,0.00002039,86052.86289630
2025-03-24T08:00:00+00:00,2025-03-24,BTCUSDT,0.00005512,86831.20146667
2025-03-24T16:00:00+00:00,2025-03-24,BTCUSDT,-0.00003422,88291.95428148
2025-03-25T00:00:00.001000+00:00,2025-03-25,BTCUSDT,-0.00000247,87463.30000000
2025-03-25T08:00:00+00:00,2025-03-25,BTCUSDT,0.00001150,86404.40000000
2025-03-25T16:00:00+00:00,2025-03-25,BTCUSDT,-0.00003776,87727.92137778
2025-03-26T00:00:00+00:00,2025-03-26,BTCUSDT,-0.00002990,87369.90000000
2025-03-26T08:00:00+00:00,2025-03-26,BTCUSDT,0.00001659,88106.70000000
2025-03-26T16:00:00.001000+00:00,2025-03-26,BTCUSDT,-0.00003082,86704.27858519
2025-03-27T00:00:00.001000+00:00,2025-03-27,BTCUSDT,0.00003136,86873.80000000
2025-03-27T08:00:00.001000+00:00,2025-03-27,BTCUSDT,0.00005512,87363.20000000
2025-03-27T16:00:00.002000+00:00,2025-03-27,BTCUSDT,-0.00003760,86931.84454074
2025-03-28T00:00:00.001000+00:00,2025-03-28,BTCUSDT,0.00001584,87191.20000000
2025-03-28T08:00:00.001000+00:00,2025-03-28,BTCUSDT,-0.00000457,85181.54060741
2025-03-28T16:00:00+00:00,2025-03-28,BTCUSDT,0.00008118,84011.10000000
2025-03-29T00:00:00+00:00,2025-03-29,BTCUSDT,0.00005364,84380.70000000
2025-03-29T08:00:00+00:00,2025-03-29,BTCUSDT,0.00008214,83699.76590769
2025-03-29T16:00:00+00:00,2025-03-29,BTCUSDT,0.00002530,82371.60000000
2025-03-30T00:00:00+00:00,2025-03-30,BTCUSDT,0.00000341,82608.11504215
2025-03-30T08:00:00+00:00,2025-03-30,BTCUSDT,0.00000427,83037.50000000
2025-03-30T16:00:00+00:00,2025-03-30,BTCUSDT,0.00004588,82699.90000000
2025-03-31T00:00:00+00:00,2025-03-31,BTCUSDT,0.00002643,82345.30000000
2025-03-31T08:00:00+00:00,2025-03-31,BTCUSDT,0.00006020,81895.20000000
2025-03-31T16:00:00+00:00,2025-03-31,BTCUSDT,0.00001845,83373.40000000
2025-04-01T00:00:00+00:00,2025-04-01,BTCUSDT,0.00003961,82517.67674815
2025-04-01T08:00:00.001000+00:00,2025-04-01,BTCUSDT,0.00002889,83415.20000000
2025-04-01T16:00:00+00:00,2025-04-01,BTCUSDT,0.00003573,85245.40000000
2025-04-02T00:00:00.001000+00:00,2025-04-02,BTCUSDT,-0.00002112,85120.90000000
2025-04-02T08:00:00+00:00,2025-04-02,BTCUSDT,0.00003036,84393.10059259
2025-04-02T16:00:00+00:00,2025-04-02,BTCUSDT,0.00000733,86716.90000000
2025-04-03T00:00:00+00:00,2025-04-03,BTCUSDT,0.00005862,82485.00000000
2025-04-03T08:00:00+00:00,2025-04-03,BTCUSDT,0.00005038,83423.97282759
2025-04-03T16:00:00+00:00,2025-04-03,BTCUSDT,0.00006484,82009.80792337
2025-04-04T00:00:00+00:00,2025-04-04,BTCUSDT,0.00004283,83168.70000000
2025-04-04T08:00:00+00:00,2025-04-04,BTCUSDT,0.00004736,83968.10000000
2025-04-04T16:00:00+00:00,2025-04-04,BTCUSDT,0.00008038,82822.00000000
2025-04-05T00:00:00+00:00,2025-04-05,BTCUSDT,0.00008559,83861.30000000
2025-04-05T08:00:00+00:00,2025-04-05,BTCUSDT,0.00007437,83490.00000000
2025-04-05T16:00:00+00:00,2025-04-05,BTCUSDT,0.00000408,82582.45056296
2025-04-06T00:00:00+00:00,2025-04-06,BTCUSDT,0.00000221,83501.91631852
2025-04-06T08:00:00+00:00,2025-04-06,BTCUSDT,0.00005363,82990.90000000
2025-04-06T16:00:00.002000+00:00,2025-04-06,BTCUSDT,-0.00000603,82503.61944061
2025-04-07T00:00:00+00:00,2025-04-07,BTCUSDT,0.00004946,78392.35042912
2025-04-07T08:00:00+00:00,2025-04-07,BTCUSDT,0.00006857,75088.25410370
2025-04-07T16:00:00+00:00,2025-04-07,BTCUSDT,0.00004998,78465.57328148
2025-04-08T00:00:00+00:00,2025-04-08,BTCUSDT,0.00004074,79140.10000000
2025-04-08T08:00:00+00:00,2025-04-08,BTCUSDT,0.00003575,79455.76043704
2025-04-08T16:00:00+00:00,2025-04-08,BTCUSDT,0.00003134,78462.82929630
2025-04-09T00:00:00+00:00,2025-04-09,BTCUSDT,0.00009568,76297.90000000
2025-04-09T08:00:00.001000+00:00,2025-04-09,BTCUSDT,-0.00002252,77645.50000000
2025-04-09T16:00:00+00:00,2025-04-09,BTCUSDT,0.00006856,77224.48104444
2025-04-10T00:00:00+00:00,2025-04-10,BTCUSDT,0.00007705,82588.00000000
2025-04-10T08:00:00+00:00,2025-04-10,BTCUSDT,0.00000114,81561.50000000
2025-04-10T16:00:00+00:00,2025-04-10,BTCUSDT,0.00006775,78726.30000000
2025-04-11T00:00:00.001000+00:00,2025-04-11,BTCUSDT,0.00002065,79576.11047407
2025-04-11T08:00:00+00:00,2025-04-11,BTCUSDT,-0.00004294,81213.70000000
2025-04-11T16:00:00+00:00,2025-04-11,BTCUSDT,0.00003290,82486.70000000
2025-04-12T00:00:00+00:00,2025-04-12,BTCUSDT,0.00003654,83385.70000000
2025-04-12T08:00:00.001000+00:00,2025-04-12,BTCUSDT,0.00005640,83685.40000000
2025-04-12T16:00:00+00:00,2025-04-12,BTCUSDT,0.00005388,84974.20000000
2025-04-13T00:00:00+00:00,2025-04-13,BTCUSDT,0.00005057,85240.01637778
2025-04-13T08:00:00+00:00,2025-04-13,BTCUSDT,0.00008429,84383.61757037
2025-04-13T16:00:00+00:00,2025-04-13,BTCUSDT,0.00009642,83820.10000000
2025-04-14T00:00:00+00:00,2025-04-14,BTCUSDT,0.00008113,83715.61378519
2025-04-14T08:00:00+00:00,2025-04-14,BTCUSDT,0.00007127,84545.16948148
2025-04-14T16:00:00+00:00,2025-04-14,BTCUSDT,0.00002428,84063.10000000
2025-04-15T00:00:00+00:00,2025-04-15,BTCUSDT,-0.00002073,84553.90000000
2025-04-15T08:00:00+00:00,2025-04-15,BTCUSDT,0.00006606,85691.30000000
2025-04-15T16:00:00.001000+00:00,2025-04-15,BTCUSDT,0.00001883,84874.59705926
2025-04-16T00:00:00+00:00,2025-04-16,BTCUSDT,0.00002428,83608.70000000
2025-04-16T08:00:00+00:00,2025-04-16,BTCUSDT,0.00006917,83336.36678161
2025-04-16T16:00:00+00:00,2025-04-16,BTCUSDT,0.00001978,84801.70000000
2025-04-17T00:00:00.001000+00:00,2025-04-17,BTCUSDT,0.00001404,83994.18360000
2025-04-17T08:00:00+00:00,2025-04-17,BTCUSDT,0.00005679,84630.32499202
2025-04-17T16:00:00.001000+00:00,2025-04-17,BTCUSDT,0.00003425,84495.50000000
2025-04-18T00:00:00+00:00,2025-04-18,BTCUSDT,0.00001788,84916.10982222
2025-04-18T08:00:00+00:00,2025-04-18,BTCUSDT,0.00007071,84622.90000000
2025-04-18T16:00:00+00:00,2025-04-18,BTCUSDT,0.00002995,84337.39696296
2025-04-19T00:00:00+00:00,2025-04-19,BTCUSDT,0.00002930,84429.71837548
2025-04-19T08:00:00+00:00,2025-04-19,BTCUSDT,0.00006024,85174.50000000
2025-04-19T16:00:00+00:00,2025-04-19,BTCUSDT,-0.00001953,85146.20000000
2025-04-20T00:00:00+00:00,2025-04-20,BTCUSDT,-0.00000298,85046.90000000
2025-04-20T08:00:00+00:00,2025-04-20,BTCUSDT,-0.00001078,84739.09365128
2025-04-20T16:00:00+00:00,2025-04-20,BTCUSDT,-0.00002258,84305.11534074
2025-04-21T00:00:00+00:00,2025-04-21,BTCUSDT,0.00005232,85142.30088148
2025-04-21T08:00:00.005000+00:00,2025-04-21,BTCUSDT,0.00005403,87400.60000000
2025-04-21T16:00:00.003000+00:00,2025-04-21,BTCUSDT,0.00001553,87998.12642222
2025-04-22T00:00:00.008000+00:00,2025-04-22,BTCUSDT,0.00007749,87467.82270370
2025-04-22T08:00:00+00:00,2025-04-22,BTCUSDT,-0.00000744,88436.16399259
2025-04-22T16:00:00+00:00,2025-04-22,BTCUSDT,-0.00007045,90881.10000000
2025-04-23T00:00:00+00:00,2025-04-23,BTCUSDT,-0.00001389,93404.90000000
2025-04-23T08:00:00.002000+00:00,2025-04-23,BTCUSDT,0.00001374,94110.36297318
2025-04-23T16:00:00+00:00,2025-04-23,BTCUSDT,0.00004587,93149.55929437
2025-04-24T00:00:00+00:00,2025-04-24,BTCUSDT,-0.00002671,93641.27053973
2025-04-24T08:00:00.001000+00:00,2025-04-24,BTCUSDT,0.00005210,92167.24875325
2025-04-24T16:00:00.001000+00:00,2025-04-24,BTCUSDT,-0.00002165,93148.88519481
2025-04-25T00:00:00.007000+00:00,2025-04-25,BTCUSDT,-0.00001764,93931.60000000
2025-04-25T08:00:00.002000+00:00,2025-04-25,BTCUSDT,0.00000170,93734.00000000
2025-04-25T16:00:00.003000+00:00,2025-04-25,BTCUSDT,0.00000120,95000.28830833
2025-04-26T00:00:00.002000+00:00,2025-04-26,BTCUSDT,-0.00010085,94591.80000000
2025-04-26T08:00:00+00:00,2025-04-26,BTCUSDT,-0.00002774,94523.02069167
2025-04-26T16:00:00.002000+00:00,2025-04-26,BTCUSDT,0.00002855,94326.89167892
2025-04-27T00:00:00.001000+00:00,2025-04-27,BTCUSDT,-0.00001500,94575.70000000
2025-04-27T08:00:00+00:00,2025-04-27,BTCUSDT,-0.00000660,94027.70000000
2025-04-27T16:00:00+00:00,2025-04-27,BTCUSDT,-0.00000421,93857.80000000
2025-04-28T00:00:00.001000+00:00,2025-04-28,BTCUSDT,0.00000373,93697.00000000
2025-04-28T08:00:00.003000+00:00,2025-04-28,BTCUSDT,0.00000246,94641.50000000
2025-04-28T16:00:00.005000+00:00,2025-04-28,BTCUSDT,-0.00005821,93782.50000000
2025-04-29T00:00:00+00:00,2025-04-29,BTCUSDT,-0.00000773,94969.00000000
2025-04-29T08:00:00+00:00,2025-04-29,BTCUSDT,0.00000413,94877.90000000
2025-04-29T16:00:00.010000+00:00,2025-04-29,BTCUSDT,0.00001305,94800.87365217
2025-04-30T00:00:00.001000+00:00,2025-04-30,BTCUSDT,-0.00005181,94211.74500725
2025-04-30T08:00:00+00:00,2025-04-30,BTCUSDT,0.00002939,94577.60000000
2025-04-30T16:00:00.003000+00:00,2025-04-30,BTCUSDT,-0.00003797,93961.60732609
2025-05-01T00:00:00+00:00,2025-05-01,BTCUSDT,0.00003519,94130.75027536
2025-05-01T08:00:00+00:00,2025-05-01,BTCUSDT,0.00005755,94983.01632609
2025-05-01T16:00:00.001000+00:00,2025-05-01,BTCUSDT,-0.00008028,96794.89389805
2025-05-02T00:00:00+00:00,2025-05-02,BTCUSDT,-0.00012232,96433.84531159
2025-05-02T08:00:00+00:00,2025-05-02,BTCUSDT,-0.00009382,96302.10000000
2025-05-02T16:00:00.003000+00:00,2025-05-02,BTCUSDT,-0.00008689,97277.00616667
2025-05-03T00:00:00+00:00,2025-05-03,BTCUSDT,-0.00005953,96831.65852586
2025-05-03T08:00:00+00:00,2025-05-03,BTCUSDT,0.00003198,96290.80000000
2025-05-03T16:00:00+00:00,2025-05-03,BTCUSDT,-0.00001483,96360.13496232
2025-05-04T00:00:00.001000+00:00,2025-05-04,BTCUSDT,0.00000370,95819.52819239
2025-05-04T08:00:00.001000+00:00,2025-05-04,BTCUSDT,0.00003229,95842.10000000
2025-05-04T16:00:00.002000+00:00,2025-05-04,BTCUSDT,0.00003745,95421.10000000
2025-05-05T00:00:00+00:00,2025-05-05,BTCUSDT,-0.00002404,94240.51430435
2025-05-05T08:00:00+00:00,2025-05-05,BTCUSDT,0.00003636,94697.80169565
2025-05-05T16:00:00.006000+00:00,2025-05-05,BTCUSDT,-0.00002247,93731.39948913
2025-05-06T00:00:00.002000+00:00,2025-05-06,BTCUSDT,0.00001978,94696.80000000
2025-05-06T08:00:00.005000+00:00,2025-05-06,BTCUSDT,0.00004440,94353.53756884
2025-05-06T16:00:00+00:00,2025-05-06,BTCUSDT,0.00000757,94511.80000000
2025-05-07T00:00:00.002000+00:00,2025-05-07,BTCUSDT,0.00001218,96794.50000000
2025-05-07T08:00:00+00:00,2025-05-07,BTCUSDT,-0.00000025,96949.17783333
2025-05-07T16:00:00.006000+00:00,2025-05-07,BTCUSDT,0.00001320,96888.90000000
2025-05-08T00:00:00+00:00,2025-05-08,BTCUSDT,0.00002318,96990.24909783
2025-05-08T08:00:00.001000+00:00,2025-05-08,BTCUSDT,0.00004608,99215.08710145
2025-05-08T16:00:00.002000+00:00,2025-05-08,BTCUSDT,0.00005728,100730.90000000
2025-05-09T00:00:00.001000+00:00,2025-05-09,BTCUSDT,0.00010000,103241.74847826
2025-05-09T08:00:00.006000+00:00,2025-05-09,BTCUSDT,0.00010000,103628.90270290
2025-05-09T16:00:00+00:00,2025-05-09,BTCUSDT,0.00004378,102852.40000000
2025-05-10T00:00:00.001000+00:00,2025-05-10,BTCUSDT,0.00009657,102941.80000000
2025-05-10T08:00:00+00:00,2025-05-10,BTCUSDT,0.00010000,103721.70000000
2025-05-10T16:00:00.001000+00:00,2025-05-10,BTCUSDT,0.00004257,103102.70000000
2025-05-11T00:00:00+00:00,2025-05-11,BTCUSDT,0.00010000,104789.00000000
2025-05-11T08:00:00.001000+00:00,2025-05-11,BTCUSDT,0.00004150,103336.90000000
2025-05-11T16:00:00.001000+00:00,2025-05-11,BTCUSDT,0.00010000,104089.06693841
2025-05-12T00:00:00.004000+00:00,2025-05-12,BTCUSDT,0.00004454,104072.80000000
2025-05-12T08:00:00+00:00,2025-05-12,BTCUSDT,0.00010000,104426.20000000
2025-05-12T16:00:00+00:00,2025-05-12,BTCUSDT,0.00002301,102484.98667754
2025-05-13T00:00:00+00:00,2025-05-13,BTCUSDT,0.00006847,102739.98641667
2025-05-13T08:00:00.008000+00:00,2025-05-13,BTCUSDT,0.00010000,102624.00000000
2025-05-13T16:00:00.001000+00:00,2025-05-13,BTCUSDT,0.00007256,103642.21569565
2025-05-14T00:00:00.007000+00:00,2025-05-14,BTCUSDT,0.00009921,104082.25016667
2025-05-14T08:00:00+00:00,2025-05-14,BTCUSDT,0.00007542,103662.20000000
2025-05-14T16:00:00.002000+00:00,2025-05-14,BTCUSDT,0.00003175,103461.40000000
2025-05-15T00:00:00+00:00,2025-05-15,BTCUSDT,0.00002978,103458.20000000
2025-05-15T08:00:00.003000+00:00,2025-05-15,BTCUSDT,0.00005336,101733.90000000
2025-05-15T16:00:00+00:00,2025-05-15,BTCUSDT,0.00001439,103212.64269928
2025-05-16T00:00:00.001000+00:00,2025-05-16,BTCUSDT,0.00004504,103731.00000000
2025-05-16T08:00:00+00:00,2025-05-16,BTCUSDT,0.00007535,103646.60000000
2025-05-16T16:00:00+00:00,2025-05-16,BTCUSDT,0.00004768,104152.87767029
2025-05-17T00:00:00+00:00,2025-05-17,BTCUSDT,0.00002821,103420.88946739
2025-05-17T08:00:00.001000+00:00,2025-05-17,BTCUSDT,0.00003340,103399.40000000
2025-05-17T16:00:00.004000+00:00,2025-05-17,BTCUSDT,0.00000597,102900.00000000
2025-05-18T00:00:00+00:00,2025-05-18,BTCUSDT,0.00006742,103079.50000000
2025-05-18T08:00:00+00:00,2025-05-18,BTCUSDT,0.00005903,103891.40000000
2025-05-18T16:00:00+00:00,2025-05-18,BTCUSDT,0.00010000,105484.20000000
2025-05-19T00:00:00+00:00,2025-05-19,BTCUSDT,0.00005990,106415.65899638
2025-05-19T08:00:00.006000+00:00,2025-05-19,BTCUSDT,0.00006040,103175.66738043
2025-05-19T16:00:00.010000+00:00,2025-05-19,BTCUSDT,0.00002110,104740.40000000
2025-05-20T00:00:00+00:00,2025-05-20,BTCUSDT,0.00008378,105539.99272464
2025-05-20T08:00:00.002000+00:00,2025-05-20,BTCUSDT,0.00007107,104998.20574797
2025-05-20T16:00:00+00:00,2025-05-20,BTCUSDT,0.00001266,105294.50000000
2025-05-21T00:00:00+00:00,2025-05-21,BTCUSDT,0.00008767,106800.40000000
2025-05-21T08:00:00.001000+00:00,2025-05-21,BTCUSDT,0.00007147,106469.35994203
2025-05-21T16:00:00.004000+00:00,2025-05-21,BTCUSDT,0.00005119,108936.70000000
2025-05-22T00:00:00.001000+00:00,2025-05-22,BTCUSDT,0.00010000,109611.57980435
2025-05-22T08:00:00+00:00,2025-05-22,BTCUSDT,0.00010000,111005.80000000
2025-05-22T16:00:00.002000+00:00,2025-05-22,BTCUSDT,0.00010000,111236.80000000
2025-05-23T00:00:00.006000+00:00,2025-05-23,BTCUSDT,0.00009321,111663.50596536
2025-05-23T08:00:00+00:00,2025-05-23,BTCUSDT,0.00007261,110685.20000000
2025-05-23T16:00:00.007000+00:00,2025-05-23,BTCUSDT,0.00008614,108889.20000000
2025-05-24T00:00:00.010000+00:00,2025-05-24,BTCUSDT,0.00003524,107273.62679710
2025-05-24T08:00:00+00:00,2025-05-24,BTCUSDT,0.00004590,107554.85993116
2025-05-24T16:00:00.003000+00:00,2025-05-24,BTCUSDT,0.00007837,108895.88856522
2025-05-25T00:00:00.004000+00:00,2025-05-25,BTCUSDT,0.00009794,107698.90000000
2025-05-25T08:00:00+00:00,2025-05-25,BTCUSDT,0.00005113,107634.70000000
2025-05-25T16:00:00+00:00,2025-05-25,BTCUSDT,0.00003651,106928.00000000
2025-05-26T00:00:00+00:00,2025-05-26,BTCUSDT,0.00007331,108955.90000000
2025-05-26T08:00:00+00:00,2025-05-26,BTCUSDT,0.00010000,110050.00000000
2025-05-26T16:00:00.002000+00:00,2025-05-26,BTCUSDT,0.00009782,109951.10000000
2025-05-27T00:00:00.003000+00:00,2025-05-27,BTCUSDT,0.00007650,109403.70430072
2025-05-27T08:00:00.001000+00:00,2025-05-27,BTCUSDT,0.00007266,109471.80000000
2025-05-27T16:00:00.005000+00:00,2025-05-27,BTCUSDT,0.00002476,110091.30000000
2025-05-28T00:00:00.002000+00:00,2025-05-28,BTCUSDT,0.00003260,108889.20000000
2025-05-28T08:00:00.003000+00:00,2025-05-28,BTCUSDT,0.00002164,108764.90000000
2025-05-28T16:00:00.002000+00:00,2025-05-28,BTCUSDT,0.00005368,107066.31867754
2025-05-29T00:00:00+00:00,2025-05-29,BTCUSDT,0.00003186,107723.10000000
2025-05-29T08:00:00.006000+00:00,2025-05-29,BTCUSDT,0.00002812,107839.50000000
2025-05-29T16:00:00+00:00,2025-05-29,BTCUSDT,0.00008379,106972.60000000
2025-05-30T00:00:00.003000+00:00,2025-05-30,BTCUSDT,0.00002622,105540.00000000
2025-05-30T08:00:00.003000+00:00,2025-05-30,BTCUSDT,0.00003849,104997.40000000
2025-05-30T16:00:00+00:00,2025-05-30,BTCUSDT,0.00007392,105503.90000000
2025-05-31T00:00:00+00:00,2025-05-31,BTCUSDT,0.00008506,103950.00000000
2025-05-31T08:00:00+00:00,2025-05-31,BTCUSDT,0.00007552,103701.25933333
2025-05-31T16:00:00+00:00,2025-05-31,BTCUSDT,0.00004687,104499.67307246
2025-06-01T00:00:00.001000+00:00,2025-06-01,BTCUSDT,-0.00000582,104544.70000000
2025-06-01T08:00:00.002000+00:00,2025-06-01,BTCUSDT,0.00002335,104231.00000000
2025-06-01T16:00:00+00:00,2025-06-01,BTCUSDT,0.00004117,104664.00000000
2025-06-02T00:00:00.001000+00:00,2025-06-02,BTCUSDT,-0.00000642,105589.61297464
2025-06-02T08:00:00+00:00,2025-06-02,BTCUSDT,0.00005593,105346.40000000
2025-06-02T16:00:00+00:00,2025-06-02,BTCUSDT,0.00004467,104396.90000000
2025-06-03T00:00:00+00:00,2025-06-03,BTCUSDT,0.00005005,105814.40000000
2025-06-03T08:00:00+00:00,2025-06-03,BTCUSDT,0.00006066,105134.30000000
2025-06-03T16:00:00.001000+00:00,2025-06-03,BTCUSDT,0.00004456,106556.10000000
2025-06-04T00:00:00+00:00,2025-06-04,BTCUSDT,-0.00000011,105330.10000000
2025-06-04T08:00:00+00:00,2025-06-04,BTCUSDT,0.00002611,105260.46566250
2025-06-04T16:00:00+00:00,2025-06-04,BTCUSDT,0.00000962,105255.92777899
2025-06-05T00:00:00.016000+00:00,2025-06-05,BTCUSDT,0.00000074,104646.03764130
2025-06-05T08:00:00+00:00,2025-06-05,BTCUSDT,0.00002871,104473.00000000
2025-06-05T16:00:00+00:00,2025-06-05,BTCUSDT,0.00005156,104485.40000000
2025-06-06T00:00:00.002000+00:00,2025-06-06,BTCUSDT,-0.00003491,101458.70000000
2025-06-06T08:00:00+00:00,2025-06-06,BTCUSDT,-0.00003030,103096.80000000
2025-06-06T16:00:00.006000+00:00,2025-06-06,BTCUSDT,-0.00002995,105037.54876812
2025-06-07T00:00:00+00:00,2025-06-07,BTCUSDT,-0.00002890,104240.10000000
2025-06-07T08:00:00+00:00,2025-06-07,BTCUSDT,-0.00003158,104813.72660507
2025-06-07T16:00:00.002000+00:00,2025-06-07,BTCUSDT,0.00000294,105508.84818333
2025-06-08T00:00:00+00:00,2025-06-08,BTCUSDT,0.00004808,105509.63211957
2025-06-08T08:00:00+00:00,2025-06-08,BTCUSDT,0.00005613,105380.40000000
2025-06-08T16:00:00+00:00,2025-06-08,BTCUSDT,-0.00003602,105923.14248188
2025-06-09T00:00:00+00:00,2025-06-09,BTCUSDT,-0.00002164,105679.25375362
2025-06-09T08:00:00.001000+00:00,2025-06-09,BTCUSDT,0.00004024,105517.90905797
2025-06-09T16:00:00.001000+00:00,2025-06-09,BTCUSDT,0.00003057,107568.29532246
2025-06-10T00:00:00+00:00,2025-06-10,BTCUSDT,0.00006374,110227.90000000
2025-06-10T08:00:00.001000+00:00,2025-06-10,BTCUSDT,0.00010000,109178.10000000
2025-06-10T16:00:00.003000+00:00,2025-06-10,BTCUSDT,0.00008165,108970.17962319
2025-06-11T00:00:00+00:00,2025-06-11,BTCUSDT,0.00008779,110235.30000000
2025-06-11T08:00:00+00:00,2025-06-11,BTCUSDT,0.00008390,109397.00000000
2025-06-11T16:00:00.010000+00:00,2025-06-11,BTCUSDT,0.00005039,109694.90000000
2025-06-12T00:00:00.002000+00:00,2025-06-12,BTCUSDT,0.00001856,108610.75909727
2025-06-12T08:00:00.003000+00:00,2025-06-12,BTCUSDT,0.00007247,107578.64501938
2025-06-12T16:00:00.001000+00:00,2025-06-12,BTCUSDT,0.00001198,106960.70000000
2025-06-13T00:00:00+00:00,2025-06-13,BTCUSDT,-0.00001801,105621.56706522
2025-06-13T08:00:00.001000+00:00,2025-06-13,BTCUSDT,-0.00000270,104831.40000000
2025-06-13T16:00:00.004000+00:00,2025-06-13,BTCUSDT,0.00003857,105392.00000000
2025-06-14T00:00:00+00:00,2025-06-14,BTCUSDT,0.00001958,106031.87648551
2025-06-14T08:00:00+00:00,2025-06-14,BTCUSDT,0.00003858,105029.92107590
2025-06-14T16:00:00+00:00,2025-06-14,BTCUSDT,0.00001135,104785.31052899
2025-06-15T00:00:00.005000+00:00,2025-06-15,BTCUSDT,-0.00003641,105359.80000000
2025-06-15T08:00:00.009000+00:00,2025-06-15,BTCUSDT,0.00001439,105378.68969203
2025-06-15T16:00:00+00:00,2025-06-15,BTCUSDT,0.00007369,105526.00000000
2025-06-16T00:00:00+00:00,2025-06-16,BTCUSDT,0.00000936,105546.26398514
2025-06-16T08:00:00+00:00,2025-06-16,BTCUSDT,0.00005070,107023.80000000
2025-06-16T16:00:00.003000+00:00,2025-06-16,BTCUSDT,0.00002793,107375.00000000
2025-06-17T00:00:00+00:00,2025-06-17,BTCUSDT,0.00001847,106750.10000000
2025-06-17T08:00:00.006000+00:00,2025-06-17,BTCUSDT,0.00005776,106711.10000000
2025-06-17T16:00:00.001000+00:00,2025-06-17,BTCUSDT,0.00002211,104203.95066304
2025-06-18T00:00:00.001000+00:00,2025-06-18,BTCUSDT,-0.00001752,104508.00000000
2025-06-18T08:00:00.001000+00:00,2025-06-18,BTCUSDT,0.00003695,104925.60000000
2025-06-18T16:00:00.001000+00:00,2025-06-18,BTCUSDT,0.00006692,104751.91415217
2025-06-19T00:00:00.005000+00:00,2025-06-19,BTCUSDT,0.00000845,104836.47953623
2025-06-19T08:00:00.003000+00:00,2025-06-19,BTCUSDT,0.00000616,104593.47301449
2025-06-19T16:00:00+00:00,2025-06-19,BTCUSDT,0.00002396,104055.20000000
2025-06-20T00:00:00+00:00,2025-06-20,BTCUSDT,0.00003565,104612.28734221
2025-06-20T08:00:00.002000+00:00,2025-06-20,BTCUSDT,0.00007862,105763.50000000
2025-06-20T16:00:00.001000+00:00,2025-06-20,BTCUSDT,0.00002400,104168.50000000
2025-06-21T00:00:00.002000+00:00,2025-06-21,BTCUSDT,0.00003977,103246.00000000
2025-06-21T08:00:00.005000+00:00,2025-06-21,BTCUSDT,0.00001933,103405.77309257
2025-06-21T16:00:00+00:00,2025-06-21,BTCUSDT,0.00007440,103516.70000000
2025-06-22T00:00:00.005000+00:00,2025-06-22,BTCUSDT,0.00002883,102072.00000000
2025-06-22T08:00:00+00:00,2025-06-22,BTCUSDT,0.00010000,102399.00000000
2025-06-22T16:00:00.003000+00:00,2025-06-22,BTCUSDT,0.00004145,98855.01865881
2025-06-23T00:00:00+00:00,2025-06-23,BTCUSDT,-0.00001061,100917.08497464
2025-06-23T08:00:00.004000+00:00,2025-06-23,BTCUSDT,-0.00002809,101874.40000000
2025-06-23T16:00:00.013000+00:00,2025-06-23,BTCUSDT,0.00004889,101374.20000000
2025-06-24T00:00:00.003000+00:00,2025-06-24,BTCUSDT,0.00001245,105293.94364855
2025-06-24T08:00:00+00:00,2025-06-24,BTCUSDT,0.00001218,104909.91579710
2025-06-24T16:00:00+00:00,2025-06-24,BTCUSDT,0.00000447,105182.21770290
2025-06-25T00:00:00.005000+00:00,2025-06-25,BTCUSDT,-0.00003174,106035.00000000
2025-06-25T08:00:00+00:00,2025-06-25,BTCUSDT,0.00002747,106556.27685145
2025-06-25T16:00:00.005000+00:00,2025-06-25,BTCUSDT,0.00000962,106984.14716304
2025-06-26T00:00:00+00:00,2025-06-26,BTCUSDT,0.00000141,107283.48498551
2025-06-26T08:00:00.006000+00:00,2025-06-26,BTCUSDT,0.00003805,107768.60000000
2025-06-26T16:00:00.007000+00:00,2025-06-26,BTCUSDT,0.00000682,107259.90000000
2025-06-27T00:00:00+00:00,2025-06-27,BTCUSDT,0.00001113,106913.80000000
2025-06-27T08:00:00+00:00,2025-06-27,BTCUSDT,0.00002663,106822.99177536
2025-06-27T16:00:00.009000+00:00,2025-06-27,BTCUSDT,0.00002557,107261.20000000
2025-06-28T00:00:00.001000+00:00,2025-06-28,BTCUSDT,-0.00001161,106996.90000000
2025-06-28T08:00:00.002000+00:00,2025-06-28,BTCUSDT,0.00006053,107433.05392391
2025-06-28T16:00:00+00:00,2025-06-28,BTCUSDT,0.00004434,107407.60000000
2025-06-29T00:00:00.004000+00:00,2025-06-29,BTCUSDT,0.00001250,107241.00000000
2025-06-29T08:00:00.001000+00:00,2025-06-29,BTCUSDT,0.00005360,107355.60000000
2025-06-29T16:00:00.001000+00:00,2025-06-29,BTCUSDT,0.00010000,107694.80147464
2025-06-30T00:00:00+00:00,2025-06-30,BTCUSDT,0.00001084,108310.31981522
2025-06-30T08:00:00.005000+00:00,2025-06-30,BTCUSDT,0.00002959,107562.60000000
2025-06-30T16:00:00.002000+00:00,2025-06-30,BTCUSDT,0.00004923,107538.70402174
2025-07-01T00:00:00.007000+00:00,2025-07-01,BTCUSDT,0.00001053,107096.82611594
2025-07-01T08:00:00.002000+00:00,2025-07-01,BTCUSDT,0.00004334,107122.80000000
2025-07-01T16:00:00+00:00,2025-07-01,BTCUSDT,0.00001109,105905.40000000
2025-07-02T00:00:00.001000+00:00,2025-07-02,BTCUSDT,0.00001807,105638.00000000
2025-07-02T08:00:00+00:00,2025-07-02,BTCUSDT,0.00003403,107026.00000000
2025-07-02T16:00:00.003000+00:00,2025-07-02,BTCUSDT,0.00004130,108695.30000000
2025-07-03T00:00:00.006000+00:00,2025-07-03,BTCUSDT,0.00004871,108800.00000000
2025-07-03T08:00:00.003000+00:00,2025-07-03,BTCUSDT,0.00003562,109235.04085870
2025-07-03T16:00:00.003000+00:00,2025-07-03,BTCUSDT,0.00005028,109089.90000000
2025-07-04T00:00:00.005000+00:00,2025-07-04,BTCUSDT,0.00005230,109545.20000000
2025-07-04T08:00:00.003000+00:00,2025-07-04,BTCUSDT,0.00005009,108666.22027536
2025-07-04T16:00:00.001000+00:00,2025-07-04,BTCUSDT,0.00001797,107534.70000000
2025-07-05T00:00:00.004000+00:00,2025-07-05,BTCUSDT,0.00001066,107935.30000000
2025-07-05T08:00:00.009000+00:00,2025-07-05,BTCUSDT,0.00003055,108001.93068165
2025-07-05T16:00:00.006000+00:00,2025-07-05,BTCUSDT,0.00004005,108012.70000000
2025-07-06T00:00:00.001000+00:00,2025-07-06,BTCUSDT,0.00001941,108153.40000000
2025-07-06T08:00:00.002000+00:00,2025-07-06,BTCUSDT,0.00001665,107991.40000000
2025-07-06T16:00:00.004000+00:00,2025-07-06,BTCUSDT,0.00001028,108856.80000000
2025-07-07T00:00:00+00:00,2025-07-07,BTCUSDT,0.00002360,109145.80000000
2025-07-07T08:00:00.007000+00:00,2025-07-07,BTCUSDT,0.00003438,109016.30000000
2025-07-07T16:00:00+00:00,2025-07-07,BTCUSDT,0.00004271,108252.00000000
2025-07-08T00:00:00.010000+00:00,2025-07-08,BTCUSDT,0.00001073,108208.86520652
2025-07-08T08:00:00.003000+00:00,2025-07-08,BTCUSDT,0.00004563,108440.60000000
2025-07-08T16:00:00+00:00,2025-07-08,BTCUSDT,0.00003601,108216.90000000
2025-07-09T00:00:00.002000+00:00,2025-07-09,BTCUSDT,0.00003093,108873.10000000
2025-07-09T08:00:00.006000+00:00,2025-07-09,BTCUSDT,0.00003396,108674.80000000
2025-07-09T16:00:00.001000+00:00,2025-07-09,BTCUSDT,0.00004253,109020.00000000
2025-07-10T00:00:00.003000+00:00,2025-07-10,BTCUSDT,0.00010000,111199.80000000
2025-07-10T08:00:00+00:00,2025-07-10,BTCUSDT,0.00008523,111186.10000000
2025-07-10T16:00:00.004000+00:00,2025-07-10,BTCUSDT,0.00001908,111349.50000000
2025-07-11T00:00:00.004000+00:00,2025-07-11,BTCUSDT,0.00010000,115979.20000000
2025-07-11T08:00:00.007000+00:00,2025-07-11,BTCUSDT,0.00010000,117522.80000000
2025-07-11T16:00:00.001000+00:00,2025-07-11,BTCUSDT,0.00010000,116897.42130435
2025-07-12T00:00:00+00:00,2025-07-12,BTCUSDT,0.00010000,117501.26688406
2025-07-12T08:00:00.001000+00:00,2025-07-12,BTCUSDT,0.00010000,117689.70000000
2025-07-12T16:00:00.002000+00:00,2025-07-12,BTCUSDT,0.00010000,117075.50000000
2025-07-13T00:00:00.006000+00:00,2025-07-13,BTCUSDT,0.00010000,117389.40000000
2025-07-13T08:00:00.001000+00:00,2025-07-13,BTCUSDT,0.00010000,117957.51349275
2025-07-13T16:00:00.003000+00:00,2025-07-13,BTCUSDT,0.00010000,118611.53782971
2025-07-14T00:00:00+00:00,2025-07-14,BTCUSDT,0.00008051,119041.56046377
2025-07-14T08:00:00+00:00,2025-07-14,BTCUSDT,0.00010000,122717.44717391
2025-07-14T16:00:00+00:00,2025-07-14,BTCUSDT,0.00010000,119867.57057971
2025-07-15T00:00:00.002000+00:00,2025-07-15,BTCUSDT,0.00010000,119818.52750362
2025-07-15T08:00:00+00:00,2025-07-15,BTCUSDT,0.00010000,116780.52426812
2025-07-15T16:00:00+00:00,2025-07-15,BTCUSDT,0.00010000,116389.57304348
2025-07-16T00:00:00+00:00,2025-07-16,BTCUSDT,0.00010000,117738.50000000
2025-07-16T08:00:00+00:00,2025-07-16,BTCUSDT,0.00010000,118184.09413043
2025-07-16T16:00:00.008000+00:00,2025-07-16,BTCUSDT,0.00010000,119054.30000000
2025-07-17T00:00:00.003000+00:00,2025-07-17,BTCUSDT,0.00010000,118598.08606159
2025-07-17T08:00:00+00:00,2025-07-17,BTCUSDT,0.00010000,118289.10000000
2025-07-17T16:00:00+00:00,2025-07-17,BTCUSDT,0.00010000,118874.61847826
2025-07-18T00:00:00.004000+00:00,2025-07-18,BTCUSDT,0.00010000,119176.60000000
2025-07-18T08:00:00+00:00,2025-07-18,BTCUSDT,0.00010000,119356.50000000
2025-07-18T16:00:00+00:00,2025-07-18,BTCUSDT,0.00010000,117851.82027174
2025-07-19T00:00:00.009000+00:00,2025-07-19,BTCUSDT,0.00010000,117897.67534058
2025-07-19T08:00:00+00:00,2025-07-19,BTCUSDT,0.00010000,118135.00000000
2025-07-19T16:00:00.002000+00:00,2025-07-19,BTCUSDT,0.00010000,118036.56383986
2025-07-20T00:00:00+00:00,2025-07-20,BTCUSDT,0.00010000,117814.40000000
2025-07-20T08:00:00+00:00,2025-07-20,BTCUSDT,0.00010000,117993.92586594
2025-07-20T16:00:00+00:00,2025-07-20,BTCUSDT,0.00010000,118669.40000000
2025-07-21T00:00:00.001000+00:00,2025-07-21,BTCUSDT,0.00010000,117227.38173188
2025-07-21T08:00:00+00:00,2025-07-21,BTCUSDT,0.00010000,119352.10000000
2025-07-21T16:00:00.001000+00:00,2025-07-21,BTCUSDT,0.00010000,118304.20000000
2025-07-22T00:00:00+00:00,2025-07-22,BTCUSDT,0.00010000,117331.09485145
2025-07-22T08:00:00.010000+00:00,2025-07-22,BTCUSDT,0.00010000,117959.50000000
2025-07-22T16:00:00.007000+00:00,2025-07-22,BTCUSDT,0.00010000,118899.80000000
2025-07-23T00:00:00+00:00,2025-07-23,BTCUSDT,0.00010000,119993.70000000
2025-07-23T08:00:00.004000+00:00,2025-07-23,BTCUSDT,0.00010000,118327.36687681
2025-07-23T16:00:00.002000+00:00,2025-07-23,BTCUSDT,0.00010000,118531.00000000
2025-07-24T00:00:00+00:00,2025-07-24,BTCUSDT,0.00010000,118713.50000000
2025-07-24T08:00:00.001000+00:00,2025-07-24,BTCUSDT,0.00010000,118368.00000000
2025-07-24T16:00:00+00:00,2025-07-24,BTCUSDT,0.00010000,119074.10000000
2025-07-25T00:00:00+00:00,2025-07-25,BTCUSDT,0.00010000,118283.40000000
2025-07-25T08:00:00+00:00,2025-07-25,BTCUSDT,0.00010000,115314.35953986
2025-07-25T16:00:00+00:00,2025-07-25,BTCUSDT,0.00010000,115691.05080797
2025-07-26T00:00:00.001000+00:00,2025-07-26,BTCUSDT,0.00010000,117588.55875092
2025-07-26T08:00:00.005000+00:00,2025-07-26,BTCUSDT,0.00010000,117288.73869928
2025-07-26T16:00:00.001000+00:00,2025-07-26,BTCUSDT,0.00010000,118112.87820652
2025-07-27T00:00:00.001000+00:00,2025-07-27,BTCUSDT,0.00010000,117889.30000000
2025-07-27T08:00:00+00:00,2025-07-27,BTCUSDT,0.00010000,118087.08156884
2025-07-27T16:00:00.008000+00:00,2025-07-27,BTCUSDT,0.00010000,118580.80000000
2025-07-28T00:00:00.005000+00:00,2025-07-28,BTCUSDT,0.00010000,119419.44478261
2025-07-28T08:00:00+00:00,2025-07-28,BTCUSDT,0.00010000,118886.24443841
2025-07-28T16:00:00+00:00,2025-07-28,BTCUSDT,0.00010000,118158.66325758
2025-07-29T00:00:00.001000+00:00,2025-07-29,BTCUSDT,0.00010000,118041.86715530
2025-07-29T08:00:00+00:00,2025-07-29,BTCUSDT,0.00010000,118856.30000000
2025-07-29T16:00:00+00:00,2025-07-29,BTCUSDT,0.00010000,117351.43826812
2025-07-30T00:00:00.011000+00:00,2025-07-30,BTCUSDT,0.00010000,117904.12262319
2025-07-30T08:00:00+00:00,2025-07-30,BTCUSDT,0.00010000,118083.20000000
2025-07-30T16:00:00.008000+00:00,2025-07-30,BTCUSDT,0.00010000,117949.90000000
2025-07-31T00:00:00+00:00,2025-07-31,BTCUSDT,0.00005694,117772.92036957
2025-07-31T08:00:00.009000+00:00,2025-07-31,BTCUSDT,0.00010000,118624.00000000
2025-07-31T16:00:00+00:00,2025-07-31,BTCUSDT,0.00010000,118263.69556522
2025-08-01T00:00:00.001000+00:00,2025-08-01,BTCUSDT,-0.00001408,115702.16776087
2025-08-01T08:00:00.003000+00:00,2025-08-01,BTCUSDT,0.00001549,115035.53571377
2025-08-01T16:00:00+00:00,2025-08-01,BTCUSDT,0.00005681,115305.30000000
2025-08-02T00:00:00.004000+00:00,2025-08-02,BTCUSDT,0.00004810,113244.70000000
2025-08-02T08:00:00+00:00,2025-08-02,BTCUSDT,0.00000894,113920.40738768
2025-08-02T16:00:00+00:00,2025-08-02,BTCUSDT,0.00004437,112798.50000000
2025-08-03T00:00:00+00:00,2025-08-03,BTCUSDT,0.00005633,112509.76593841
2025-08-03T08:00:00+00:00,2025-08-03,BTCUSDT,0.00004533,113647.10000000
2025-08-03T16:00:00.003000+00:00,2025-08-03,BTCUSDT,0.00007504,113905.36980217
2025-08-04T00:00:00.004000+00:00,2025-08-04,BTCUSDT,0.00004188,114150.84958333
2025-08-04T08:00:00+00:00,2025-08-04,BTCUSDT,0.00005719,114606.90000000
2025-08-04T16:00:00.002000+00:00,2025-08-04,BTCUSDT,0.00003912,114774.55804710
2025-08-05T00:00:00+00:00,2025-08-05,BTCUSDT,0.00007101,115002.10000000
2025-08-05T08:00:00+00:00,2025-08-05,BTCUSDT,0.00008589,113924.70000000
2025-08-05T16:00:00+00:00,2025-08-05,BTCUSDT,0.00004784,112890.03634109
2025-08-06T00:00:00.005000+00:00,2025-08-06,BTCUSDT,0.00005172,114077.36580435
2025-08-06T08:00:00+00:00,2025-08-06,BTCUSDT,0.00009275,114180.50319380
2025-08-06T16:00:00+00:00,2025-08-06,BTCUSDT,0.00008288,115389.84358140
2025-08-07T00:00:00.003000+00:00,2025-08-07,BTCUSDT,0.00004843,114945.22391860
2025-08-07T08:00:00.002000+00:00,2025-08-07,BTCUSDT,0.00007574,114751.20000000
2025-08-07T16:00:00.002000+00:00,2025-08-07,BTCUSDT,0.00006275,116634.60000000
2025-08-08T00:00:00.002000+00:00,2025-08-08,BTCUSDT,0.00002403,117419.90000000
2025-08-08T08:00:00.004000+00:00,2025-08-08,BTCUSDT,0.00001729,116773.12222500
2025-08-08T16:00:00+00:00,2025-08-08,BTCUSDT,0.00007973,116170.72810417
2025-08-09T00:00:00.005000+00:00,2025-08-09,BTCUSDT,0.00008835,116628.20000000
2025-08-09T08:00:00+00:00,2025-08-09,BTCUSDT,0.00009087,116703.20000000
2025-08-09T16:00:00.007000+00:00,2025-08-09,BTCUSDT,0.00005151,116839.01276667
2025-08-10T00:00:00.003000+00:00,2025-08-10,BTCUSDT,0.00009849,116422.00000000
2025-08-10T08:00:00.005000+00:00,2025-08-10,BTCUSDT,0.00010000,117770.10000000
2025-08-10T16:00:00.002000+00:00,2025-08-10,BTCUSDT,0.00010000,118773.19905000
2025-08-11T00:00:00+00:00,2025-08-11,BTCUSDT,0.00010000,119255.30000000
2025-08-11T08:00:00+00:00,2025-08-11,BTCUSDT,0.00010000,121533.48500000
2025-08-11T16:00:00+00:00,2025-08-11,BTCUSDT,0.00010000,120276.94746739
2025-08-12T00:00:00+00:00,2025-08-12,BTCUSDT,0.00010000,118642.12869203
2025-08-12T08:00:00.001000+00:00,2025-08-12,BTCUSDT,0.00007988,118931.90000000
2025-08-12T16:00:00.005000+00:00,2025-08-12,BTCUSDT,0.00008543,119887.90000000
2025-08-13T00:00:00+00:00,2025-08-13,BTCUSDT,0.00007123,120081.00000000
2025-08-13T08:00:00.002000+00:00,2025-08-13,BTCUSDT,0.00010000,119546.71040942
2025-08-13T16:00:00.006000+00:00,2025-08-13,BTCUSDT,0.00010000,120907.16175725
2025-08-14T00:00:00.002000+00:00,2025-08-14,BTCUSDT,0.00010000,123324.00000000
2025-08-14T08:00:00.003000+00:00,2025-08-14,BTCUSDT,0.00010000,121739.29889855
2025-08-14T16:00:00+00:00,2025-08-14,BTCUSDT,0.00010000,118206.50000000
2025-08-15T00:00:00+00:00,2025-08-15,BTCUSDT,0.00001939,118245.12016304
2025-08-15T08:00:00+00:00,2025-08-15,BTCUSDT,0.00007990,118908.40000000
2025-08-15T16:00:00+00:00,2025-08-15,BTCUSDT,0.00003722,117224.26810507
2025-08-16T00:00:00.004000+00:00,2025-08-16,BTCUSDT,0.00008850,117282.05060833
2025-08-16T08:00:00+00:00,2025-08-16,BTCUSDT,0.00008268,117543.60000000
2025-08-16T16:00:00.002000+00:00,2025-08-16,BTCUSDT,0.00009023,117626.90000000
2025-08-17T00:00:00+00:00,2025-08-17,BTCUSDT,0.00008206,117333.60187083
2025-08-17T08:00:00.001000+00:00,2025-08-17,BTCUSDT,0.00004680,117949.90000000
2025-08-17T16:00:00.007000+00:00,2025-08-17,BTCUSDT,0.00001862,118193.93730833
2025-08-18T00:00:00+00:00,2025-08-18,BTCUSDT,0.00002846,117358.84539167
2025-08-18T08:00:00.001000+00:00,2025-08-18,BTCUSDT,-0.00000682,115153.20000000
2025-08-18T16:00:00.002000+00:00,2025-08-18,BTCUSDT,0.00005296,116099.90000000
2025-08-19T00:00:00+00:00,2025-08-19,BTCUSDT,0.00007137,116183.60000000
2025-08-19T08:00:00.001000+00:00,2025-08-19,BTCUSDT,0.00006262,114928.80000000
2025-08-19T16:00:00+00:00,2025-08-19,BTCUSDT,0.00003167,113730.00000000
2025-08-20T00:00:00+00:00,2025-08-20,BTCUSDT,0.00004543,112829.16656522
2025-08-20T08:00:00+00:00,2025-08-20,BTCUSDT,0.00001364,113436.70000000
2025-08-20T16:00:00+00:00,2025-08-20,BTCUSDT,0.00004936,113293.10000000
2025-08-21T00:00:00.006000+00:00,2025-08-21,BTCUSDT,0.00001143,114221.25347464
2025-08-21T08:00:00+00:00,2025-08-21,BTCUSDT,0.00007757,113836.80000000
2025-08-21T16:00:00.003000+00:00,2025-08-21,BTCUSDT,0.00007414,112748.90000000
2025-08-22T00:00:00.010000+00:00,2025-08-22,BTCUSDT,0.00007296,112461.50000000
2025-08-22T08:00:00.007000+00:00,2025-08-22,BTCUSDT,0.00010000,113040.10000000
2025-08-22T16:00:00.001000+00:00,2025-08-22,BTCUSDT,0.00005867,116319.30000000
2025-08-23T00:00:00.004000+00:00,2025-08-23,BTCUSDT,0.00010000,116897.50000000
2025-08-23T08:00:00.006000+00:00,2025-08-23,BTCUSDT,0.00010000,115769.90000000
2025-08-23T16:00:00+00:00,2025-08-23,BTCUSDT,0.00009711,114778.21648188
2025-08-24T00:00:00.001000+00:00,2025-08-24,BTCUSDT,0.00010000,115377.10000000
2025-08-24T08:00:00.002000+00:00,2025-08-24,BTCUSDT,0.00010000,114854.80000000
2025-08-24T16:00:00.001000+00:00,2025-08-24,BTCUSDT,0.00010000,114374.99972826
2025-08-25T00:00:00+00:00,2025-08-25,BTCUSDT,0.00010000,113446.30000000
2025-08-25T08:00:00.002000+00:00,2025-08-25,BTCUSDT,0.00010000,111472.55518478
2025-08-25T16:00:00.002000+00:00,2025-08-25,BTCUSDT,0.00008344,112139.10000000
2025-08-26T00:00:00+00:00,2025-08-26,BTCUSDT,0.00004522,110064.58160507
2025-08-26T08:00:00+00:00,2025-08-26,BTCUSDT,0.00003900,110246.49650362
2025-08-26T16:00:00+00:00,2025-08-26,BTCUSDT,0.00010000,109634.08811594
2025-08-27T00:00:00.003000+00:00,2025-08-27,BTCUSDT,0.00001802,111709.90000000
2025-08-27T08:00:00+00:00,2025-08-27,BTCUSDT,0.00005503,110688.00000000
2025-08-27T16:00:00.009000+00:00,2025-08-27,BTCUSDT,0.00003496,111965.10000000
2025-08-28T00:00:00+00:00,2025-08-28,BTCUSDT,0.00005297,111207.83953261
2025-08-28T08:00:00.005000+00:00,2025-08-28,BTCUSDT,0.00009693,113079.30000000
2025-08-28T16:00:00.004000+00:00,2025-08-28,BTCUSDT,0.00007512,112642.41909420
2025-08-29T00:00:00+00:00,2025-08-29,BTCUSDT,0.00004261,112509.45998913
2025-08-29T08:00:00+00:00,2025-08-29,BTCUSDT,0.00005856,109989.38102899
2025-08-29T16:00:00.005000+00:00,2025-08-29,BTCUSDT,0.00000644,108340.72792754
2025-08-30T00:00:00+00:00,2025-08-30,BTCUSDT,0.00007523,108332.40000000
2025-08-30T08:00:00.002000+00:00,2025-08-30,BTCUSDT,0.00007979,108466.70000000
2025-08-30T16:00:00.003000+00:00,2025-08-30,BTCUSDT,0.00008042,108830.00000000
2025-08-31T00:00:00.016000+00:00,2025-08-31,BTCUSDT,-0.00001232,108758.15376812
2025-08-31T08:00:00+00:00,2025-08-31,BTCUSDT,0.00004749,108658.20000000
2025-08-31T16:00:00.001000+00:00,2025-08-31,BTCUSDT,0.00010000,108763.86765217
2025-09-01T00:00:00+00:00,2025-09-01,BTCUSDT,0.00004660,108208.30000000
2025-09-01T08:00:00+00:00,2025-09-01,BTCUSDT,0.00010000,109367.80000000
2025-09-01T16:00:00.001000+00:00,2025-09-01,BTCUSDT,0.00004963,108737.90000000
2025-09-02T00:00:00+00:00,2025-09-02,BTCUSDT,0.00006946,109193.10473913
2025-09-02T08:00:00.005000+00:00,2025-09-02,BTCUSDT,0.00008805,110190.10000000
2025-09-02T16:00:00.007000+00:00,2025-09-02,BTCUSDT,0.00006356,110789.90000000
2025-09-03T00:00:00.006000+00:00,2025-09-03,BTCUSDT,0.00000767,111189.75470652
2025-09-03T08:00:00.002000+00:00,2025-09-03,BTCUSDT,0.00005127,111045.87517029
2025-09-03T16:00:00.002000+00:00,2025-09-03,BTCUSDT,0.00002344,112171.59743478
2025-09-04T00:00:00.002000+00:00,2025-09-04,BTCUSDT,0.00001808,111664.20931522
2025-09-04T08:00:00+00:00,2025-09-04,BTCUSDT,0.00004385,110417.30000000
2025-09-04T16:00:00+00:00,2025-09-04,BTCUSDT,0.00007941,109464.10000000
2025-09-05T00:00:00.001000+00:00,2025-09-05,BTCUSDT,0.00007532,110679.50000000
2025-09-05T08:00:00.006000+00:00,2025-09-05,BTCUSDT,0.00010000,112906.33317391
2025-09-05T16:00:00+00:00,2025-09-05,BTCUSDT,0.00007872,110672.10000000
2025-09-06T00:00:00+00:00,2025-09-06,BTCUSDT,0.00001297,110614.90000000
2025-09-06T08:00:00.005000+00:00,2025-09-06,BTCUSDT,0.00005660,110779.90000000
2025-09-06T16:00:00+00:00,2025-09-06,BTCUSDT,0.00005110,110324.20000000
2025-09-07T00:00:00+00:00,2025-09-07,BTCUSDT,0.00001970,110135.30000000
2025-09-07T08:00:00+00:00,2025-09-07,BTCUSDT,0.00003611,110710.80000000
2025-09-07T16:00:00+00:00,2025-09-07,BTCUSDT,0.00006969,111280.66566667
2025-09-08T00:00:00.007000+00:00,2025-09-08,BTCUSDT,0.00009404,111079.27970290
2025-09-08T08:00:00+00:00,2025-09-08,BTCUSDT,0.00006682,111236.40000000
2025-09-08T16:00:00+00:00,2025-09-08,BTCUSDT,0.00007311,112574.15101812
2025-09-09T00:00:00+00:00,2025-09-09,BTCUSDT,0.00003799,112015.09961957
2025-09-09T08:00:00+00:00,2025-09-09,BTCUSDT,0.00010000,112952.16761594
2025-09-09T16:00:00+00:00,2025-09-09,BTCUSDT,0.00010000,110830.10000000
2025-09-10T00:00:00+00:00,2025-09-10,BTCUSDT,0.00005805,111500.00000000
2025-09-10T08:00:00.002000+00:00,2025-09-10,BTCUSDT,0.00005026,112503.82111957
2025-09-10T16:00:00+00:00,2025-09-10,BTCUSDT,0.00010000,113795.60000000
2025-09-11T00:00:00+00:00,2025-09-11,BTCUSDT,0.00005843,113899.89001087
2025-09-11T08:00:00+00:00,2025-09-11,BTCUSDT,0.00004283,114040.00000000
2025-09-11T16:00:00.001000+00:00,2025-09-11,BTCUSDT,0.00003326,114133.27146739
2025-09-12T00:00:00.002000+00:00,2025-09-12,BTCUSDT,0.00006137,115426.90000000
2025-09-12T08:00:00.001000+00:00,2025-09-12,BTCUSDT,0.00003768,115049.00000000
2025-09-12T16:00:00.005000+00:00,2025-09-12,BTCUSDT,0.00006891,115064.80000000
2025-09-13T00:00:00.005000+00:00,2025-09-13,BTCUSDT,-0.00001554,115978.40000000
2025-09-13T08:00:00.002000+00:00,2025-09-13,BTCUSDT,0.00002251,115719.33161349
2025-09-13T16:00:00+00:00,2025-09-13,BTCUSDT,0.00003137,115721.30000000
2025-09-14T00:00:00.006000+00:00,2025-09-14,BTCUSDT,0.00008182,115865.61246739
2025-09-14T08:00:00+00:00,2025-09-14,BTCUSDT,0.00004780,115747.96161957
2025-09-14T16:00:00.001000+00:00,2025-09-14,BTCUSDT,0.00003115,115191.27874724
2025-09-15T00:00:00.006000+00:00,2025-09-15,BTCUSDT,0.00006207,115227.83664493
2025-09-15T08:00:00.002000+00:00,2025-09-15,BTCUSDT,0.00008259,115769.60000000
2025-09-15T16:00:00.001000+00:00,2025-09-15,BTCUSDT,0.00008189,114805.44046377
2025-09-16T00:00:00.001000+00:00,2025-09-16,BTCUSDT,0.00000997,115300.60000000
2025-09-16T08:00:00+00:00,2025-09-16,BTCUSDT,0.00006991,115799.40000000
2025-09-16T16:00:00+00:00,2025-09-16,BTCUSDT,0.00006472,115878.00000000
2025-09-17T00:00:00.001000+00:00,2025-09-17,BTCUSDT,0.00006972,116747.30000000
2025-09-17T08:00:00+00:00,2025-09-17,BTCUSDT,0.00008441,117120.50000000
2025-09-17T16:00:00.003000+00:00,2025-09-17,BTCUSDT,0.00006303,115825.10000000
2025-09-18T00:00:00.006000+00:00,2025-09-18,BTCUSDT,0.00004941,116402.50000000
2025-09-18T08:00:00.002000+00:00,2025-09-18,BTCUSDT,0.00008928,117042.70206159
2025-09-18T16:00:00+00:00,2025-09-18,BTCUSDT,0.00004208,117530.20000000
2025-09-19T00:00:00+00:00,2025-09-19,BTCUSDT,-0.00000231,117017.51732609
2025-09-19T08:00:00.005000+00:00,2025-09-19,BTCUSDT,0.00002109,116850.10000000
2025-09-19T16:00:00+00:00,2025-09-19,BTCUSDT,0.00005264,115827.00000000
2025-09-20T00:00:00+00:00,2025-09-20,BTCUSDT,0.00003757,115569.76332609
2025-09-20T08:00:00+00:00,2025-09-20,BTCUSDT,-0.00000027,115909.90000000
2025-09-20T16:00:00.002000+00:00,2025-09-20,BTCUSDT,-0.00001006,115928.40000000
2025-09-21T00:00:00+00:00,2025-09-21,BTCUSDT,-0.00005322,115625.00000000
2025-09-21T08:00:00+00:00,2025-09-21,BTCUSDT,0.00002563,115773.32392029
2025-09-21T16:00:00+00:00,2025-09-21,BTCUSDT,0.00003742,115473.52326812
2025-09-22T00:00:00.005000+00:00,2025-09-22,BTCUSDT,0.00006665,115183.90000000
2025-09-22T08:00:00.003000+00:00,2025-09-22,BTCUSDT,0.00001743,112454.24433333
2025-09-22T16:00:00+00:00,2025-09-22,BTCUSDT,0.00004838,112768.70000000
2025-09-23T00:00:00+00:00,2025-09-23,BTCUSDT,0.00007062,112604.70000000
2025-09-23T08:00:00.001000+00:00,2025-09-23,BTCUSDT,0.00007083,113048.10000000
2025-09-23T16:00:00+00:00,2025-09-23,BTCUSDT,0.00007478,112829.13869565
2025-09-24T00:00:00.003000+00:00,2025-09-24,BTCUSDT,0.00005794,111947.10000000
2025-09-24T08:00:00.001000+00:00,2025-09-24,BTCUSDT,0.00006267,112544.70000000
2025-09-24T16:00:00.002000+00:00,2025-09-24,BTCUSDT,0.00004886,113300.00000000
2025-09-25T00:00:00+00:00,2025-09-25,BTCUSDT,-0.00000220,113254.73047826
2025-09-25T08:00:00.001000+00:00,2025-09-25,BTCUSDT,0.00001730,111712.21934783
2025-09-25T16:00:00+00:00,2025-09-25,BTCUSDT,0.00009560,111546.00679710
2025-09-26T00:00:00+00:00,2025-09-26,BTCUSDT,0.00003143,108944.80184783
2025-09-26T08:00:00+00:00,2025-09-26,BTCUSDT,0.00004360,109257.30000000
2025-09-26T16:00:00.008000+00:00,2025-09-26,BTCUSDT,0.00007716,108983.16757971
2025-09-27T00:00:00+00:00,2025-09-27,BTCUSDT,-0.00000010,109588.74702899
2025-09-27T08:00:00.010000+00:00,2025-09-27,BTCUSDT,0.00003425,109354.90000000
2025-09-27T16:00:00.003000+00:00,2025-09-27,BTCUSDT,0.00007821,109348.37457246
2025-09-28T00:00:00+00:00,2025-09-28,BTCUSDT,0.00003314,109577.33157971
2025-09-28T08:00:00+00:00,2025-09-28,BTCUSDT,0.00004976,109468.50000000
2025-09-28T16:00:00+00:00,2025-09-28,BTCUSDT,0.00005261,109989.90000000
2025-09-29T00:00:00+00:00,2025-09-29,BTCUSDT,0.00002312,112119.60000000
2025-09-29T08:00:00.002000+00:00,2025-09-29,BTCUSDT,0.00001304,111814.80000000
2025-09-29T16:00:00.001000+00:00,2025-09-29,BTCUSDT,0.00000032,113753.37049275
2025-09-30T00:00:00.002000+00:00,2025-09-30,BTCUSDT,0.00002353,114261.57750000
2025-09-30T08:00:00.005000+00:00,2025-09-30,BTCUSDT,0.00005893,113662.30000000
2025-09-30T16:00:00+00:00,2025-09-30,BTCUSDT,0.00002584,113055.50000000
2025-10-01T00:00:00+00:00,2025-10-01,BTCUSDT,0.00003355,113988.70000000
2025-10-01T08:00:00+00:00,2025-10-01,BTCUSDT,0.00003457,114488.84474513
2025-10-01T16:00:00+00:00,2025-10-01,BTCUSDT,0.00010000,117367.03486232
2025-10-02T00:00:00+00:00,2025-10-02,BTCUSDT,0.00007784,118553.60000000
2025-10-02T08:00:00.013000+00:00,2025-10-02,BTCUSDT,0.00010000,118444.20000000
2025-10-02T16:00:00+00:00,2025-10-02,BTCUSDT,0.00009543,119876.19732609
2025-10-03T00:00:00.006000+00:00,2025-10-03,BTCUSDT,0.00009926,120481.30000000
2025-10-03T08:00:00.006000+00:00,2025-10-03,BTCUSDT,0.00010000,119620.00000000
2025-10-03T16:00:00+00:00,2025-10-03,BTCUSDT,0.00010000,122240.92339580
2025-10-04T00:00:00.001000+00:00,2025-10-04,BTCUSDT,0.00010000,122182.60000000
2025-10-04T08:00:00+00:00,2025-10-04,BTCUSDT,0.00010000,122274.36980510
2025-10-04T16:00:00+00:00,2025-10-04,BTCUSDT,0.00008312,121740.07963043
2025-10-05T00:00:00+00:00,2025-10-05,BTCUSDT,0.00008648,122343.20000000
2025-10-05T08:00:00.003000+00:00,2025-10-05,BTCUSDT,0.00010000,124692.50000000
2025-10-05T16:00:00.009000+00:00,2025-10-05,BTCUSDT,0.00009566,122753.00000000
2025-10-06T00:00:00.004000+00:00,2025-10-06,BTCUSDT,0.00007672,123426.70000000
2025-10-06T08:00:00.002000+00:00,2025-10-06,BTCUSDT,0.00009708,123342.94168841
2025-10-06T16:00:00.004000+00:00,2025-10-06,BTCUSDT,0.00005831,124946.20000000
2025-10-07T00:00:00+00:00,2025-10-07,BTCUSDT,0.00010000,124619.48490580
2025-10-07T08:00:00.003000+00:00,2025-10-07,BTCUSDT,0.00008608,123629.13742754
2025-10-07T16:00:00+00:00,2025-10-07,BTCUSDT,0.00006194,121822.13839855
2025-10-08T00:00:00+00:00,2025-10-08,BTCUSDT,0.00002542,121286.50000000
2025-10-08T08:00:00.006000+00:00,2025-10-08,BTCUSDT,0.00010000,121555.76018116
2025-10-08T16:00:00.002000+00:00,2025-10-08,BTCUSDT,0.00005396,122140.58355072
2025-10-09T00:00:00.001000+00:00,2025-10-09,BTCUSDT,0.00001344,123237.94232609
2025-10-09T08:00:00+00:00,2025-10-09,BTCUSDT,0.00005350,121847.80000000
2025-10-09T16:00:00+00:00,2025-10-09,BTCUSDT,0.00001455,121084.88746377
2025-10-10T00:00:00.005000+00:00,2025-10-10,BTCUSDT,0.00000785,121582.79100450
2025-10-10T08:00:00.002000+00:00,2025-10-10,BTCUSDT,0.00003879,120878.70000000
2025-10-10T16:00:00.014000+00:00,2025-10-10,BTCUSDT,0.00001013,118962.10000000
2025-10-11T00:00:00+00:00,2025-10-11,BTCUSDT,0.00010000,112716.80000000
2025-10-11T08:00:00.003000+00:00,2025-10-11,BTCUSDT,0.00010000,110331.91623913
2025-10-11T16:00:00+00:00,2025-10-11,BTCUSDT,0.00000467,111744.40000000
2025-10-12T00:00:00.004000+00:00,2025-10-12,BTCUSDT,-0.00003055,110579.10000000
2025-10-12T08:00:00.002000+00:00,2025-10-12,BTCUSDT,0.00002865,111468.10053623
2025-10-12T16:00:00+00:00,2025-10-12,BTCUSDT,-0.00010915,113123.87871739
2025-10-13T00:00:00.003000+00:00,2025-10-13,BTCUSDT,-0.00003942,114894.40000000
2025-10-13T08:00:00.002000+00:00,2025-10-13,BTCUSDT,0.00002519,115341.80000000
2025-10-13T16:00:00.003000+00:00,2025-10-13,BTCUSDT,-0.00002305,114260.80000000
2025-10-14T00:00:00+00:00,2025-10-14,BTCUSDT,-0.00004041,115112.00000000
2025-10-14T08:00:00+00:00,2025-10-14,BTCUSDT,0.00000712,111677.04921014
2025-10-14T16:00:00+00:00,2025-10-14,BTCUSDT,-0.00004498,112817.34618841
2025-10-15T00:00:00.006000+00:00,2025-10-15,BTCUSDT,-0.00005425,112984.75726812
2025-10-15T08:00:00.002000+00:00,2025-10-15,BTCUSDT,0.00003973,112526.11848551
2025-10-15T16:00:00+00:00,2025-10-15,BTCUSDT,0.00000225,110757.40000000
2025-10-16T00:00:00+00:00,2025-10-16,BTCUSDT,-0.00002741,110701.13593478
2025-10-16T08:00:00.003000+00:00,2025-10-16,BTCUSDT,-0.00002230,110526.82160145
2025-10-16T16:00:00.002000+00:00,2025-10-16,BTCUSDT,-0.00003004,108493.60663043
2025-10-17T00:00:00.001000+00:00,2025-10-17,BTCUSDT,-0.00000285,108132.22237681
2025-10-17T08:00:00.005000+00:00,2025-10-17,BTCUSDT,-0.00000634,105578.30000000
2025-10-17T16:00:00.003000+00:00,2025-10-17,BTCUSDT,-0.00000291,106764.91873188
2025-10-18T00:00:00+00:00,2025-10-18,BTCUSDT,-0.00004819,106378.67421014
2025-10-18T08:00:00.002000+00:00,2025-10-18,BTCUSDT,-0.00006376,106642.86139855
2025-10-18T16:00:00.001000+00:00,2025-10-18,BTCUSDT,-0.00003681,106896.91817391
2025-10-19T00:00:00.001000+00:00,2025-10-19,BTCUSDT,-0.00001411,107117.50000000
2025-10-19T08:00:00.001000+00:00,2025-10-19,BTCUSDT,0.00001512,106733.30000000
2025-10-19T16:00:00.001000+00:00,2025-10-19,BTCUSDT,0.00002787,108434.79640580
2025-10-20T00:00:00.004000+00:00,2025-10-20,BTCUSDT,-0.00002197,108590.70000000
2025-10-20T08:00:00.001000+00:00,2025-10-20,BTCUSDT,-0.00000665,111144.51395652
2025-10-20T16:00:00+00:00,2025-10-20,BTCUSDT,-0.00000018,111079.20000000
2025-10-21T00:00:00.009000+00:00,2025-10-21,BTCUSDT,-0.00005567,110469.90000000
2025-10-21T08:00:00+00:00,2025-10-21,BTCUSDT,0.00002222,108040.11896377
2025-10-21T16:00:00+00:00,2025-10-21,BTCUSDT,-0.00002506,113355.30000000
2025-10-22T00:00:00.004000+00:00,2025-10-22,BTCUSDT,-0.00004212,108256.95482609
2025-10-22T08:00:00+00:00,2025-10-22,BTCUSDT,0.00002445,108285.03557721
2025-10-22T16:00:00+00:00,2025-10-22,BTCUSDT,0.00005702,108375.00509420
2025-10-23T00:00:00+00:00,2025-10-23,BTCUSDT,0.00008911,107532.00000000
2025-10-23T08:00:00.001000+00:00,2025-10-23,BTCUSDT,0.00002673,109229.94089130
2025-10-23T16:00:00.004000+00:00,2025-10-23,BTCUSDT,0.00003933,109849.00000000
2025-10-24T00:00:00+00:00,2025-10-24,BTCUSDT,0.00003391,110032.13344928
2025-10-24T08:00:00+00:00,2025-10-24,BTCUSDT,0.00001783,111014.12165942
2025-10-24T16:00:00.009000+00:00,2025-10-24,BTCUSDT,0.00003224,110009.80000000
2025-10-25T00:00:00+00:00,2025-10-25,BTCUSDT,0.00005020,110965.34494203
2025-10-25T08:00:00.001000+00:00,2025-10-25,BTCUSDT,0.00001484,111445.40000000
2025-10-25T16:00:00.001000+00:00,2025-10-25,BTCUSDT,0.00005570,111341.17806667
2025-10-26T00:00:00.001000+00:00,2025-10-26,BTCUSDT,0.00001903,111593.32939130
2025-10-26T08:00:00.001000+00:00,2025-10-26,BTCUSDT,0.00000535,111672.90000000
2025-10-26T16:00:00+00:00,2025-10-26,BTCUSDT,0.00006904,113651.89706522
2025-10-27T00:00:00+00:00,2025-10-27,BTCUSDT,0.00010000,114505.72468116
2025-10-27T08:00:00.005000+00:00,2025-10-27,BTCUSDT,0.00010000,115522.40000000
2025-10-27T16:00:00+00:00,2025-10-27,BTCUSDT,0.00007304,114914.50000000
2025-10-28T00:00:00+00:00,2025-10-28,BTCUSDT,0.00006059,114064.10000000
2025-10-28T08:00:00+00:00,2025-10-28,BTCUSDT,0.00007806,114132.87629710
2025-10-28T16:00:00.004000+00:00,2025-10-28,BTCUSDT,0.00002992,114580.10000000
2025-10-29T00:00:00.004000+00:00,2025-10-29,BTCUSDT,-0.00000032,112841.11893478
2025-10-29T08:00:00.005000+00:00,2025-10-29,BTCUSDT,0.00003588,113512.00000000
2025-10-29T16:00:00+00:00,2025-10-29,BTCUSDT,0.00005003,111460.60000000
2025-10-30T00:00:00.004000+00:00,2025-10-30,BTCUSDT,0.00001097,109985.95808696
2025-10-30T08:00:00.008000+00:00,2025-10-30,BTCUSDT,0.00003449,111319.33959420
2025-10-30T16:00:00.001000+00:00,2025-10-30,BTCUSDT,0.00003562,107670.50000000
2025-10-31T00:00:00+00:00,2025-10-31,BTCUSDT,0.00000213,108263.50000000
2025-10-31T08:00:00.008000+00:00,2025-10-31,BTCUSDT,0.00010000,109400.00000000
2025-10-31T16:00:00.007000+00:00,2025-10-31,BTCUSDT,0.00010000,110173.78203623
2025-11-01T00:00:00.001000+00:00,2025-11-01,BTCUSDT,0.00010000,109557.30000000
2025-11-01T08:00:00+00:00,2025-11-01,BTCUSDT,0.00010000,110025.30000000
2025-11-01T16:00:00+00:00,2025-11-01,BTCUSDT,0.00009782,110261.90000000
2025-11-02T00:00:00.007000+00:00,2025-11-02,BTCUSDT,0.00008200,110051.81800725
2025-11-02T08:00:00+00:00,2025-11-02,BTCUSDT,0.00008150,110846.38874638
2025-11-02T16:00:00.001000+00:00,2025-11-02,BTCUSDT,0.00005635,110066.10000000
2025-11-03T00:00:00+00:00,2025-11-03,BTCUSDT,0.00006098,110497.99736957
2025-11-03T08:00:00.010000+00:00,2025-11-03,BTCUSDT,0.00006853,107431.03320290
2025-11-03T16:00:00+00:00,2025-11-03,BTCUSDT,0.00005329,105718.80000000
2025-11-04T00:00:00.002000+00:00,2025-11-04,BTCUSDT,0.00010000,106544.00000000
2025-11-04T08:00:00.004000+00:00,2025-11-04,BTCUSDT,0.00005808,104446.13108696
2025-11-04T16:00:00+00:00,2025-11-04,BTCUSDT,0.00006339,103157.20000000
2025-11-05T00:00:00+00:00,2025-11-05,BTCUSDT,0.00007132,101437.30000000
2025-11-05T08:00:00+00:00,2025-11-05,BTCUSDT,0.00002831,101946.10000000
2025-11-05T16:00:00.004000+00:00,2025-11-05,BTCUSDT,0.00002816,103667.80000000
2025-11-06T00:00:00.001000+00:00,2025-11-06,BTCUSDT,0.00003985,103847.34145652
2025-11-06T08:00:00+00:00,2025-11-06,BTCUSDT,0.00007916,103144.43398551
2025-11-06T16:00:00.001000+00:00,2025-11-06,BTCUSDT,0.00004494,101988.10000000
2025-11-07T00:00:00.005000+00:00,2025-11-07,BTCUSDT,0.00004705,101305.60000000
2025-11-07T08:00:00.003000+00:00,2025-11-07,BTCUSDT,0.00004227,101978.80000000
2025-11-07T16:00:00.005000+00:00,2025-11-07,BTCUSDT,0.00008631,100758.10000000
2025-11-08T00:00:00.011000+00:00,2025-11-08,BTCUSDT,0.00007776,103305.20000000
2025-11-08T08:00:00.015000+00:00,2025-11-08,BTCUSDT,0.00003047,102314.60379710
2025-11-08T16:00:00.001000+00:00,2025-11-08,BTCUSDT,0.00003740,101678.10000000
2025-11-09T00:00:00.004000+00:00,2025-11-09,BTCUSDT,-0.00001640,102269.20000000
2025-11-09T08:00:00+00:00,2025-11-09,BTCUSDT,0.00004187,101898.20000000
2025-11-09T16:00:00.005000+00:00,2025-11-09,BTCUSDT,0.00008948,103717.85895652
2025-11-10T00:00:00+00:00,2025-11-10,BTCUSDT,0.00008870,104670.70000000
2025-11-10T08:00:00+00:00,2025-11-10,BTCUSDT,0.00007355,106421.67538406
2025-11-10T16:00:00.003000+00:00,2025-11-10,BTCUSDT,0.00004979,105018.03477536
2025-11-11T00:00:00.007000+00:00,2025-11-11,BTCUSDT,0.00002818,105966.20000000
2025-11-11T08:00:00+00:00,2025-11-11,BTCUSDT,-0.00002775,104737.00000000
2025-11-11T16:00:00.009000+00:00,2025-11-11,BTCUSDT,0.00005823,103421.01242754
2025-11-12T00:00:00+00:00,2025-11-12,BTCUSDT,0.00002462,103007.53711594
2025-11-12T08:00:00.002000+00:00,2025-11-12,BTCUSDT,0.00000687,103070.02844928
2025-11-12T16:00:00+00:00,2025-11-12,BTCUSDT,0.00005786,102156.97811594
2025-11-13T00:00:00.002000+00:00,2025-11-13,BTCUSDT,0.00001077,101605.90000000
2025-11-13T08:00:00+00:00,2025-11-13,BTCUSDT,0.00009352,103431.00000000
2025-11-13T16:00:00.001000+00:00,2025-11-13,BTCUSDT,0.00007448,101343.98608696
2025-11-14T00:00:00+00:00,2025-11-14,BTCUSDT,0.00008569,99663.82278986
2025-11-14T08:00:00+00:00,2025-11-14,BTCUSDT,0.00009126,97102.43884783
2025-11-14T16:00:00.001000+00:00,2025-11-14,BTCUSDT,0.00009078,96752.60000000
2025-11-15T00:00:00.005000+00:00,2025-11-15,BTCUSDT,0.00008507,94544.90000000
2025-11-15T08:00:00+00:00,2025-11-15,BTCUSDT,0.00010000,96292.37823188
2025-11-15T16:00:00.001000+00:00,2025-11-15,BTCUSDT,0.00005923,96222.20000000
2025-11-16T00:00:00.001000+00:00,2025-11-16,BTCUSDT,0.00007745,95560.30000000
2025-11-16T08:00:00+00:00,2025-11-16,BTCUSDT,0.00010000,96065.30980435
2025-11-16T16:00:00+00:00,2025-11-16,BTCUSDT,0.00007060,94526.60000000
2025-11-17T00:00:00.003000+00:00,2025-11-17,BTCUSDT,0.00010000,94234.43224638
2025-11-17T08:00:00.003000+00:00,2025-11-17,BTCUSDT,0.00009568,95599.53695652
2025-11-17T16:00:00+00:00,2025-11-17,BTCUSDT,0.00007208,93917.48474513
2025-11-18T00:00:00.002000+00:00,2025-11-18,BTCUSDT,0.00010000,92169.70000000
2025-11-18T08:00:00.004000+00:00,2025-11-18,BTCUSDT,0.00010000,90463.52234058
2025-11-18T16:00:00+00:00,2025-11-18,BTCUSDT,0.00003725,92856.83807346
2025-11-19T00:00:00+00:00,2025-11-19,BTCUSDT,0.00007496,92916.90000000
2025-11-19T08:00:00+00:00,2025-11-19,BTCUSDT,0.00005012,91831.80035507
2025-11-19T16:00:00.008000+00:00,2025-11-19,BTCUSDT,0.00003980,89905.19610145
2025-11-20T00:00:00+00:00,2025-11-20,BTCUSDT,0.00004259,91522.33241304
2025-11-20T08:00:00+00:00,2025-11-20,BTCUSDT,0.00010000,92268.56732609
2025-11-20T16:00:00+00:00,2025-11-20,BTCUSDT,0.00008999,89845.80000000
2025-11-21T00:00:00.001000+00:00,2025-11-21,BTCUSDT,0.00004272,86603.55317391
2025-11-21T08:00:00+00:00,2025-11-21,BTCUSDT,0.00004524,84022.86960870
2025-11-21T16:00:00.001000+00:00,2025-11-21,BTCUSDT,0.00002642,82896.50000000
2025-11-22T00:00:00.004000+00:00,2025-11-22,BTCUSDT,0.00001373,85093.50000000
2025-11-22T08:00:00+00:00,2025-11-22,BTCUSDT,0.00006735,84537.30000000
2025-11-22T16:00:00+00:00,2025-11-22,BTCUSDT,0.00005057,84241.49595652
2025-11-23T00:00:00+00:00,2025-11-23,BTCUSDT,0.00003812,84691.12791304
2025-11-23T08:00:00.008000+00:00,2025-11-23,BTCUSDT,0.00000153,85745.86332609
2025-11-23T16:00:00.003000+00:00,2025-11-23,BTCUSDT,-0.00000893,87043.56694928
2025-11-24T00:00:00.004000+00:00,2025-11-24,BTCUSDT,-0.00000006,86807.60000000
2025-11-24T08:00:00+00:00,2025-11-24,BTCUSDT,-0.00000134,87004.60000000
2025-11-24T16:00:00.006000+00:00,2025-11-24,BTCUSDT,0.00005044,86571.90668116
2025-11-25T00:00:00+00:00,2025-11-25,BTCUSDT,-0.00005290,88247.84814093
2025-11-25T08:00:00.009000+00:00,2025-11-25,BTCUSDT,0.00001996,87362.20000000
2025-11-25T16:00:00.007000+00:00,2025-11-25,BTCUSDT,-0.00003019,86946.50000000
2025-11-26T00:00:00.001000+00:00,2025-11-26,BTCUSDT,0.00004038,87324.10000000
2025-11-26T08:00:00.001000+00:00,2025-11-26,BTCUSDT,0.00005388,87897.61326087
2025-11-26T16:00:00+00:00,2025-11-26,BTCUSDT,-0.00000419,86926.52760145
2025-11-27T00:00:00.013000+00:00,2025-11-27,BTCUSDT,-0.00002599,90440.10000000
2025-11-27T08:00:00+00:00,2025-11-27,BTCUSDT,0.00002408,91362.62505797
2025-11-27T16:00:00.004000+00:00,2025-11-27,BTCUSDT,0.00004624,90913.00000000
2025-11-28T00:00:00.008000+00:00,2025-11-28,BTCUSDT,0.00001771,91292.57118441
2025-11-28T08:00:00+00:00,2025-11-28,BTCUSDT,0.00006007,90877.60000000
2025-11-28T16:00:00.008000+00:00,2025-11-28,BTCUSDT,-0.00001703,92310.68880810
2025-11-29T00:00:00+00:00,2025-11-29,BTCUSDT,-0.00001982,90847.80000000
2025-11-29T08:00:00.005000+00:00,2025-11-29,BTCUSDT,0.00001778,90523.50000000
2025-11-29T16:00:00.001000+00:00,2025-11-29,BTCUSDT,0.00002635,91029.90000000
2025-11-30T00:00:00.003000+00:00,2025-11-30,BTCUSDT,0.00006082,90765.00000000
2025-11-30T08:00:00+00:00,2025-11-30,BTCUSDT,0.00003556,90924.60000000
2025-11-30T16:00:00.004000+00:00,2025-11-30,BTCUSDT,0.00003880,91411.40000000
2025-12-01T00:00:00+00:00,2025-12-01,BTCUSDT,0.00003593,90327.18313043
2025-12-01T08:00:00.004000+00:00,2025-12-01,BTCUSDT,0.00003153,86498.90961019
2025-12-01T16:00:00+00:00,2025-12-01,BTCUSDT,0.00001491,84650.79218841
2025-12-02T00:00:00.004000+00:00,2025-12-02,BTCUSDT,-0.00001009,86251.64706522
2025-12-02T08:00:00+00:00,2025-12-02,BTCUSDT,0.00002643,86967.63789167
2025-12-02T16:00:00+00:00,2025-12-02,BTCUSDT,0.00003999,90816.89870290
2025-12-03T00:00:00+00:00,2025-12-03,BTCUSDT,-0.00001732,91249.10000000
2025-12-03T08:00:00+00:00,2025-12-03,BTCUSDT,0.00004206,92970.00000000
2025-12-03T16:00:00.005000+00:00,2025-12-03,BTCUSDT,-0.00000885,92333.85671014
2025-12-04T00:00:00.012000+00:00,2025-12-04,BTCUSDT,-0.00000395,93381.85158696
2025-12-04T08:00:00+00:00,2025-12-04,BTCUSDT,0.00007435,93361.06881884
2025-12-04T16:00:00.011000+00:00,2025-12-04,BTCUSDT,0.00003928,92945.25542029
2025-12-05T00:00:00+00:00,2025-12-05,BTCUSDT,0.00004837,92036.81684783
2025-12-05T08:00:00+00:00,2025-12-05,BTCUSDT,0.00004944,92219.30000000
2025-12-05T16:00:00.010000+00:00,2025-12-05,BTCUSDT,0.00000391,90414.13929710
2025-12-06T00:00:00.001000+00:00,2025-12-06,BTCUSDT,0.00003693,89288.87393478
2025-12-06T08:00:00.001000+00:00,2025-12-06,BTCUSDT,0.00001919,89549.60000000
2025-12-06T16:00:00.008000+00:00,2025-12-06,BTCUSDT,-0.00001822,89713.40000000
2025-12-07T00:00:00+00:00,2025-12-07,BTCUSDT,0.00004192,89190.20000000
2025-12-07T08:00:00.004000+00:00,2025-12-07,BTCUSDT,0.00001666,89337.94880435
2025-12-07T16:00:00+00:00,2025-12-07,BTCUSDT,0.00005212,89509.46367391
2025-12-08T00:00:00+00:00,2025-12-08,BTCUSDT,-0.00000539,90347.07469565
2025-12-08T08:00:00+00:00,2025-12-08,BTCUSDT,0.00006545,91519.80000000
2025-12-08T16:00:00.001000+00:00,2025-12-08,BTCUSDT,0.00003395,89921.35480435
2025-12-09T00:00:00.001000+00:00,2025-12-09,BTCUSDT,0.00000852,90610.70000000
2025-12-09T08:00:00.001000+00:00,2025-12-09,BTCUSDT,0.00006379,90437.50000000
2025-12-09T16:00:00.007000+00:00,2025-12-09,BTCUSDT,0.00005443,92667.54021739
2025-12-10T00:00:00.007000+00:00,2025-12-10,BTCUSDT,0.00002777,92638.30000000
2025-12-10T08:00:00.002000+00:00,2025-12-10,BTCUSDT,0.00001996,92744.70000000
2025-12-10T16:00:00.012000+00:00,2025-12-10,BTCUSDT,0.00003205,92029.50025362
2025-12-11T00:00:00.001000+00:00,2025-12-11,BTCUSDT,0.00002590,91981.25991304
2025-12-11T08:00:00+00:00,2025-12-11,BTCUSDT,-0.00001577,90231.40000000
2025-12-11T16:00:00+00:00,2025-12-11,BTCUSDT,0.00006100,89838.70794203
2025-12-12T00:00:00.005000+00:00,2025-12-12,BTCUSDT,0.00006914,92479.80000000
2025-12-12T08:00:00.007000+00:00,2025-12-12,BTCUSDT,0.00004698,92392.37302174
2025-12-12T16:00:00.002000+00:00,2025-12-12,BTCUSDT,0.00003383,89905.28170290
2025-12-13T00:00:00.001000+00:00,2025-12-13,BTCUSDT,0.00000121,90229.70000000
2025-12-13T08:00:00.006000+00:00,2025-12-13,BTCUSDT,0.00006020,90282.74673913
2025-12-13T16:00:00+00:00,2025-12-13,BTCUSDT,0.00006041,90055.40000000
2025-12-14T00:00:00+00:00,2025-12-14,BTCUSDT,0.00010000,90197.00000000
2025-12-14T08:00:00.003000+00:00,2025-12-14,BTCUSDT,0.00002898,90205.00000000
2025-12-14T16:00:00.005000+00:00,2025-12-14,BTCUSDT,0.00003773,88985.20000000
2025-12-15T00:00:00+00:00,2025-12-15,BTCUSDT,0.00000190,88108.10000000
2025-12-15T08:00:00+00:00,2025-12-15,BTCUSDT,-0.00000893,89703.00000000
2025-12-15T16:00:00+00:00,2025-12-15,BTCUSDT,0.00003081,86995.88862819
2025-12-16T00:00:00.002000+00:00,2025-12-16,BTCUSDT,0.00007467,86389.99156522
2025-12-16T08:00:00+00:00,2025-12-16,BTCUSDT,0.00001350,85964.20000000
2025-12-16T16:00:00.002000+00:00,2025-12-16,BTCUSDT,0.00004089,87940.40000000
2025-12-17T00:00:00.004000+00:00,2025-12-17,BTCUSDT,0.00006221,87826.30000000
2025-12-17T08:00:00+00:00,2025-12-17,BTCUSDT,0.00008987,87010.40000000
2025-12-17T16:00:00+00:00,2025-12-17,BTCUSDT,0.00005917,87198.30000000
2025-12-18T00:00:00.005000+00:00,2025-12-18,BTCUSDT,0.00006230,86206.73265942
2025-12-18T08:00:00.007000+00:00,2025-12-18,BTCUSDT,-0.00000867,86787.50000000
2025-12-18T16:00:00.001000+00:00,2025-12-18,BTCUSDT,0.00008355,88487.00000000
2025-12-19T00:00:00+00:00,2025-12-19,BTCUSDT,0.00005491,85473.71590580
2025-12-19T08:00:00.001000+00:00,2025-12-19,BTCUSDT,0.00010000,87913.90000000
2025-12-19T16:00:00+00:00,2025-12-19,BTCUSDT,0.00010000,87936.18100450
2025-12-20T00:00:00.005000+00:00,2025-12-20,BTCUSDT,0.00010000,88100.05310870
2025-12-20T08:00:00+00:00,2025-12-20,BTCUSDT,0.00001234,88239.90000000
2025-12-20T16:00:00.002000+00:00,2025-12-20,BTCUSDT,0.00007171,88134.60000000
2025-12-21T00:00:00+00:00,2025-12-21,BTCUSDT,0.00009682,88320.80000000
2025-12-21T08:00:00.009000+00:00,2025-12-21,BTCUSDT,0.00008873,88141.44790580
2025-12-21T16:00:00+00:00,2025-12-21,BTCUSDT,0.00003977,88024.70000000
2025-12-22T00:00:00+00:00,2025-12-22,BTCUSDT,0.00004389,88621.30000000
2025-12-22T08:00:00.005000+00:00,2025-12-22,BTCUSDT,0.00004524,89132.42109420
2025-12-22T16:00:00.009000+00:00,2025-12-22,BTCUSDT,0.00006654,89688.50000000
2025-12-23T00:00:00+00:00,2025-12-23,BTCUSDT,0.00002633,88579.90000000
2025-12-23T08:00:00+00:00,2025-12-23,BTCUSDT,0.00005231,87531.60234783
2025-12-23T16:00:00.001000+00:00,2025-12-23,BTCUSDT,0.00001795,87407.18552899
2025-12-24T00:00:00.001000+00:00,2025-12-24,BTCUSDT,0.00010000,87463.00000000
2025-12-24T08:00:00.001000+00:00,2025-12-24,BTCUSDT,0.00008455,86866.40000000
2025-12-24T16:00:00+00:00,2025-12-24,BTCUSDT,0.00005927,87017.48463043
2025-12-25T00:00:00+00:00,2025-12-25,BTCUSDT,0.00005953,87627.30000000
2025-12-25T08:00:00.001000+00:00,2025-12-25,BTCUSDT,0.00007953,87795.90000000
2025-12-25T16:00:00.005000+00:00,2025-12-25,BTCUSDT,0.00008322,88327.20000000
2025-12-26T00:00:00.004000+00:00,2025-12-26,BTCUSDT,0.00004378,87185.69548551
2025-12-26T08:00:00.001000+00:00,2025-12-26,BTCUSDT,0.00005427,88433.00000000
2025-12-26T16:00:00.007000+00:00,2025-12-26,BTCUSDT,0.00010000,87100.00000000
2025-12-27T00:00:00+00:00,2025-12-27,BTCUSDT,0.00001809,87330.06670840
2025-12-27T08:00:00+00:00,2025-12-27,BTCUSDT,0.00002788,87490.90000000
2025-12-27T16:00:00.011000+00:00,2025-12-27,BTCUSDT,0.00005850,87510.20000000
2025-12-28T00:00:00.008000+00:00,2025-12-28,BTCUSDT,-0.00000036,87831.96938406
2025-12-28T08:00:00+00:00,2025-12-28,BTCUSDT,0.00007955,87697.84224167
2025-12-28T16:00:00+00:00,2025-12-28,BTCUSDT,0.00009464,87797.60000000
2025-12-29T00:00:00.016000+00:00,2025-12-29,BTCUSDT,0.00010000,87920.50000000
2025-12-29T08:00:00.001000+00:00,2025-12-29,BTCUSDT,0.00010000,89583.00000000
2025-12-29T16:00:00+00:00,2025-12-29,BTCUSDT,0.00004826,87643.76313043
2025-12-30T00:00:00.005000+00:00,2025-12-30,BTCUSDT,0.00010000,87209.04473188
2025-12-30T08:00:00.001000+00:00,2025-12-30,BTCUSDT,0.00004613,87457.50000000
2025-12-30T16:00:00.003000+00:00,2025-12-30,BTCUSDT,0.00008345,88966.80000000
2025-12-31T00:00:00.004000+00:00,2025-12-31,BTCUSDT,0.00002922,88455.30000000
2025-12-31T08:00:00.001000+00:00,2025-12-31,BTCUSDT,0.00001453,88569.00000000
2025-12-31T16:00:00.001000+00:00,2025-12-31,BTCUSDT,0.00003750,87909.00000000
2026-01-01T00:00:00.008000+00:00,2026-01-01,BTCUSDT,0.00010000,87608.30000000
2026-01-01T08:00:00.002000+00:00,2026-01-01,BTCUSDT,0.00010000,87603.80894203
2026-01-01T16:00:00.001000+00:00,2026-01-01,BTCUSDT,0.00001711,87986.80000000
2026-01-02T00:00:00.006000+00:00,2026-01-02,BTCUSDT,0.00005608,88799.90000000
2026-01-02T08:00:00.007000+00:00,2026-01-02,BTCUSDT,0.00004219,88829.20000000
2026-01-02T16:00:00+00:00,2026-01-02,BTCUSDT,0.00004813,89373.00000000
2026-01-03T00:00:00.001000+00:00,2026-01-03,BTCUSDT,0.00003110,89951.89852174
2026-01-03T08:00:00+00:00,2026-01-03,BTCUSDT,0.00001055,89535.90000000
2026-01-03T16:00:00+00:00,2026-01-03,BTCUSDT,0.00006938,89931.80000000
2026-01-04T00:00:00+00:00,2026-01-04,BTCUSDT,0.00009488,90595.85826667
2026-01-04T08:00:00+00:00,2026-01-04,BTCUSDT,0.00005813,91481.74876087
2026-01-04T16:00:00.001000+00:00,2026-01-04,BTCUSDT,0.00004436,91295.09684783
2026-01-05T00:00:00+00:00,2026-01-05,BTCUSDT,0.00008893,91512.43532609
2026-01-05T08:00:00+00:00,2026-01-05,BTCUSDT,0.00005230,92492.27911544
2026-01-05T16:00:00+00:00,2026-01-05,BTCUSDT,0.00007723,93914.99367316
2026-01-06T00:00:00.010000+00:00,2026-01-06,BTCUSDT,-0.00001376,93822.40000000
2026-01-06T08:00:00+00:00,2026-01-06,BTCUSDT,0.00002816,93208.62138406
2026-01-06T16:00:00+00:00,2026-01-06,BTCUSDT,0.00002691,93608.20000000
2026-01-07T00:00:00.001000+00:00,2026-01-07,BTCUSDT,0.00006582,93708.00000000
2026-01-07T08:00:00.001000+00:00,2026-01-07,BTCUSDT,0.00010000,92848.10000000
2026-01-07T16:00:00.001000+00:00,2026-01-07,BTCUSDT,0.00002885,91303.20000000
2026-01-08T00:00:00.001000+00:00,2026-01-08,BTCUSDT,0.00008693,91328.10000000
2026-01-08T08:00:00+00:00,2026-01-08,BTCUSDT,0.00010000,90509.90000000
2026-01-08T16:00:00+00:00,2026-01-08,BTCUSDT,0.00006436,90763.72410870
2026-01-09T00:00:00.003000+00:00,2026-01-09,BTCUSDT,-0.00002813,91059.80000000
2026-01-09T08:00:00+00:00,2026-01-09,BTCUSDT,0.00007258,90712.20000000
2026-01-09T16:00:00.001000+00:00,2026-01-09,BTCUSDT,0.00000218,91137.70000000
2026-01-10T00:00:00+00:00,2026-01-10,BTCUSDT,0.00005643,90604.03880833
2026-01-10T08:00:00.002000+00:00,2026-01-10,BTCUSDT,0.00007657,90627.10000000
2026-01-10T16:00:00.001000+00:00,2026-01-10,BTCUSDT,0.00006235,90622.70000000
2026-01-11T00:00:00.003000+00:00,2026-01-11,BTCUSDT,0.00008744,90469.70000000
2026-01-11T08:00:00.006000+00:00,2026-01-11,BTCUSDT,0.00004670,90664.86374094
2026-01-11T16:00:00+00:00,2026-01-11,BTCUSDT,0.00001667,90834.10000000
2026-01-12T00:00:00.005000+00:00,2026-01-12,BTCUSDT,0.00001813,90976.60000000
2026-01-12T08:00:00+00:00,2026-01-12,BTCUSDT,0.00002902,91369.30000000
2026-01-12T16:00:00+00:00,2026-01-12,BTCUSDT,0.00004650,91625.10000000
2026-01-13T00:00:00.007000+00:00,2026-01-13,BTCUSDT,0.00002245,91254.18296377
2026-01-13T08:00:00.009000+00:00,2026-01-13,BTCUSDT,0.00009838,91920.87575362
2026-01-13T16:00:00.002000+00:00,2026-01-13,BTCUSDT,0.00003445,93407.90000000
2026-01-14T00:00:00+00:00,2026-01-14,BTCUSDT,0.00000129,95375.20000000
2026-01-14T08:00:00.001000+00:00,2026-01-14,BTCUSDT,0.00002497,95170.48131159
2026-01-14T16:00:00.004000+00:00,2026-01-14,BTCUSDT,0.00004076,96691.90000000
2026-01-15T00:00:00+00:00,2026-01-15,BTCUSDT,-0.00000367,96908.00000000
2026-01-15T08:00:00.004000+00:00,2026-01-15,BTCUSDT,0.00001749,96606.62814493
2026-01-15T16:00:00.002000+00:00,2026-01-15,BTCUSDT,0.00001526,96750.47456522
2026-01-16T00:00:00+00:00,2026-01-16,BTCUSDT,0.00007340,95567.40000000
2026-01-16T08:00:00+00:00,2026-01-16,BTCUSDT,0.00007337,95608.30000000
2026-01-16T16:00:00.001000+00:00,2026-01-16,BTCUSDT,0.00002495,94537.50000000
2026-01-17T00:00:00+00:00,2026-01-17,BTCUSDT,-0.00000178,95503.70000000
2026-01-17T08:00:00+00:00,2026-01-17,BTCUSDT,0.00003007,95061.58289855
2026-01-17T16:00:00.002000+00:00,2026-01-17,BTCUSDT,0.00002976,95529.00000000
2026-01-18T00:00:00.001000+00:00,2026-01-18,BTCUSDT,0.00003503,95108.62485833
2026-01-18T08:00:00+00:00,2026-01-18,BTCUSDT,0.00009616,94989.90000000
2026-01-18T16:00:00+00:00,2026-01-18,BTCUSDT,0.00006571,95072.97801667
2026-01-19T00:00:00.007000+00:00,2026-01-19,BTCUSDT,0.00003473,93614.00000000
2026-01-19T08:00:00.007000+00:00,2026-01-19,BTCUSDT,0.00001943,92788.73004348
2026-01-19T16:00:00.007000+00:00,2026-01-19,BTCUSDT,0.00002494,93017.11165217
2026-01-20T00:00:00.005000+00:00,2026-01-20,BTCUSDT,0.00009819,92590.59439855
2026-01-20T08:00:00.001000+00:00,2026-01-20,BTCUSDT,0.00006626,91136.10000000
2026-01-20T16:00:00.009000+00:00,2026-01-20,BTCUSDT,0.00005652,90652.79605072
2026-01-21T00:00:00.001000+00:00,2026-01-21,BTCUSDT,0.00010000,88390.60000000
2026-01-21T08:00:00.011000+00:00,2026-01-21,BTCUSDT,0.00006055,89180.30531159
2026-01-21T16:00:00.011000+00:00,2026-01-21,BTCUSDT,0.00002410,90237.20000000
2026-01-22T00:00:00.010000+00:00,2026-01-22,BTCUSDT,0.00006355,89419.48837681
2026-01-22T08:00:00.003000+00:00,2026-01-22,BTCUSDT,0.00005110,89772.50000000
2026-01-22T16:00:00.005000+00:00,2026-01-22,BTCUSDT,0.00009419,88978.66202899
2026-01-23T00:00:00.005000+00:00,2026-01-23,BTCUSDT,0.00005090,89518.50000000
2026-01-23T08:00:00+00:00,2026-01-23,BTCUSDT,0.00003390,89509.13183333
2026-01-23T16:00:00.011000+00:00,2026-01-23,BTCUSDT,0.00006968,89713.00000000
2026-01-24T00:00:00.011000+00:00,2026-01-24,BTCUSDT,0.00001531,89558.70000000
2026-01-24T08:00:00.002000+00:00,2026-01-24,BTCUSDT,0.00008909,89583.14050000
2026-01-24T16:00:00.001000+00:00,2026-01-24,BTCUSDT,0.00003901,89237.32462519
2026-01-25T00:00:00.002000+00:00,2026-01-25,BTCUSDT,0.00001336,89181.09492029
2026-01-25T08:00:00.011000+00:00,2026-01-25,BTCUSDT,0.00008051,88630.90404348
2026-01-25T16:00:00.005000+00:00,2026-01-25,BTCUSDT,0.00004917,88406.00000000
2026-01-26T00:00:00+00:00,2026-01-26,BTCUSDT,0.00004067,86629.00000000
2026-01-26T08:00:00.003000+00:00,2026-01-26,BTCUSDT,0.00002847,87969.00000000
2026-01-26T16:00:00+00:00,2026-01-26,BTCUSDT,0.00005606,87609.50000000
2026-01-27T00:00:00.002000+00:00,2026-01-27,BTCUSDT,0.00004267,88301.36701449
2026-01-27T08:00:00+00:00,2026-01-27,BTCUSDT,0.00006028,88290.49133841
2026-01-27T16:00:00+00:00,2026-01-27,BTCUSDT,0.00007503,88009.15772864
2026-01-28T00:00:00+00:00,2026-01-28,BTCUSDT,0.00006237,89203.89821739
2026-01-28T08:00:00+00:00,2026-01-28,BTCUSDT,0.00006174,89106.90000000
2026-01-28T16:00:00+00:00,2026-01-28,BTCUSDT,0.00003830,89446.72848576
2026-01-29T00:00:00+00:00,2026-01-29,BTCUSDT,0.00007210,89262.92891304
2026-01-29T08:00:00.009000+00:00,2026-01-29,BTCUSDT,0.00005856,88310.90000000
2026-01-29T16:00:00+00:00,2026-01-29,BTCUSDT,0.00004023,84898.27826087
2026-01-30T00:00:00.008000+00:00,2026-01-30,BTCUSDT,0.00004478,84617.11086232
2026-01-30T08:00:00+00:00,2026-01-30,BTCUSDT,0.00001714,82778.82526087
2026-01-30T16:00:00.001000+00:00,2026-01-30,BTCUSDT,0.00000310,82853.51839855
2026-01-31T00:00:00+00:00,2026-01-31,BTCUSDT,0.00009693,84213.96525362
2026-01-31T08:00:00.001000+00:00,2026-01-31,BTCUSDT,0.00003548,83514.40000000
2026-01-31T16:00:00.009000+00:00,2026-01-31,BTCUSDT,0.00006585,81275.68205797
2026-02-01T00:00:00.001000+00:00,2026-02-01,BTCUSDT,-0.00003267,78701.59597101
2026-02-01T08:00:00.004000+00:00,2026-02-01,BTCUSDT,0.00003421,78320.90000000
2026-02-01T16:00:00+00:00,2026-02-01,BTCUSDT,0.00001722,77563.80000000
2026-02-02T00:00:00+00:00,2026-02-02,BTCUSDT,0.00000068,76931.60000000
2026-02-02T08:00:00.014000+00:00,2026-02-02,BTCUSDT,-0.00003043,76609.90000000
2026-02-02T16:00:00+00:00,2026-02-02,BTCUSDT,-0.00005713,78800.60000000
2026-02-03T00:00:00+00:00,2026-02-03,BTCUSDT,-0.00002203,78698.62801349
2026-02-03T08:00:00.007000+00:00,2026-02-03,BTCUSDT,0.00002245,78745.60000000
2026-02-03T16:00:00+00:00,2026-02-03,BTCUSDT,-0.00000465,78099.52176087
2026-02-04T00:00:00.002000+00:00,2026-02-04,BTCUSDT,0.00000119,75732.40000000
2026-02-04T08:00:00.007000+00:00,2026-02-04,BTCUSDT,0.00003551,76478.90000000
2026-02-04T16:00:00+00:00,2026-02-04,BTCUSDT,0.00004618,74101.90000000
2026-02-05T00:00:00.011000+00:00,2026-02-05,BTCUSDT,0.00009173,73153.90000000
2026-02-05T08:00:00+00:00,2026-02-05,BTCUSDT,0.00000298,70710.74360570
2026-02-05T16:00:00.007000+00:00,2026-02-05,BTCUSDT,-0.00004957,67455.49563043
2026-02-06T00:00:00+00:00,2026-02-06,BTCUSDT,-0.00001597,62887.14150000
2026-02-06T08:00:00.001000+00:00,2026-02-06,BTCUSDT,-0.00013688,64791.40000000
2026-02-06T16:00:00+00:00,2026-02-06,BTCUSDT,-0.00013478,68574.00000000
2026-02-07T00:00:00.003000+00:00,2026-02-07,BTCUSDT,-0.00015178,70544.40000000
2026-02-07T08:00:00+00:00,2026-02-07,BTCUSDT,-0.00008326,68067.00000000
2026-02-07T16:00:00.010000+00:00,2026-02-07,BTCUSDT,-0.00002907,69122.10000000
2026-02-08T00:00:00.003000+00:00,2026-02-08,BTCUSDT,-0.00003403,69254.20000000
2026-02-08T08:00:00+00:00,2026-02-08,BTCUSDT,-0.00003546,69667.50000000
2026-02-08T16:00:00+00:00,2026-02-08,BTCUSDT,-0.00004864,71152.60000000
2026-02-09T00:00:00.002000+00:00,2026-02-09,BTCUSDT,-0.00003075,70304.73338406
2026-02-09T08:00:00.001000+00:00,2026-02-09,BTCUSDT,0.00001846,70393.40000000
2026-02-09T16:00:00.007000+00:00,2026-02-09,BTCUSDT,-0.00004284,69538.50000000
2026-02-10T00:00:00+00:00,2026-02-10,BTCUSDT,-0.00008798,70110.60000000
2026-02-10T08:00:00.007000+00:00,2026-02-10,BTCUSDT,-0.00004829,68882.10000000
2026-02-10T16:00:00+00:00,2026-02-10,BTCUSDT,-0.00008816,69252.90000000
2026-02-11T00:00:00+00:00,2026-02-11,BTCUSDT,0.00001400,68805.30000000
2026-02-11T08:00:00.006000+00:00,2026-02-11,BTCUSDT,-0.00008417,67000.00000000
2026-02-11T16:00:00+00:00,2026-02-11,BTCUSDT,-0.00001169,66489.40000000
2026-02-12T00:00:00+00:00,2026-02-12,BTCUSDT,-0.00001381,67072.20000000
2026-02-12T08:00:00.001000+00:00,2026-02-12,BTCUSDT,0.00003499,67200.19716739
2026-02-12T16:00:00.001000+00:00,2026-02-12,BTCUSDT,-0.00001728,67103.70000000
2026-02-13T00:00:00.007000+00:00,2026-02-13,BTCUSDT,0.00005834,66243.20000000
2026-02-13T08:00:00.003000+00:00,2026-02-13,BTCUSDT,0.00000716,66184.59749275
2026-02-13T16:00:00.005000+00:00,2026-02-13,BTCUSDT,-0.00001274,68652.40000000
2026-02-14T00:00:00.002000+00:00,2026-02-14,BTCUSDT,0.00001291,68853.38406522
2026-02-14T08:00:00.004000+00:00,2026-02-14,BTCUSDT,0.00003174,69182.52364493
2026-02-14T16:00:00.002000+00:00,2026-02-14,BTCUSDT,-0.00003094,69754.10000000
2026-02-15T00:00:00+00:00,2026-02-15,BTCUSDT,-0.00001068,69795.40000000
2026-02-15T08:00:00.002000+00:00,2026-02-15,BTCUSDT,0.00004664,70784.00000000
2026-02-15T16:00:00+00:00,2026-02-15,BTCUSDT,-0.00002371,69068.10000000
2026-02-16T00:00:00.001000+00:00,2026-02-16,BTCUSDT,0.00002659,68798.30000000
2026-02-16T08:00:00.003000+00:00,2026-02-16,BTCUSDT,-0.00003277,68554.37742754
2026-02-16T16:00:00+00:00,2026-02-16,BTCUSDT,-0.00004112,67505.50000000
2026-02-17T00:00:00.008000+00:00,2026-02-17,BTCUSDT,0.00005883,68862.55130435
2026-02-17T08:00:00.001000+00:00,2026-02-17,BTCUSDT,0.00002672,68353.40000000
2026-02-17T16:00:00.002000+00:00,2026-02-17,BTCUSDT,0.00005077,67363.50000000
2026-02-18T00:00:00+00:00,2026-02-18,BTCUSDT,0.00003215,67475.90000000
2026-02-18T08:00:00+00:00,2026-02-18,BTCUSDT,-0.00000141,68078.40000000
2026-02-18T16:00:00.011000+00:00,2026-02-18,BTCUSDT,0.00003604,67672.63710870
2026-02-19T00:00:00.013000+00:00,2026-02-19,BTCUSDT,-0.00004014,66430.40573913
2026-02-19T08:00:00+00:00,2026-02-19,BTCUSDT,0.00002686,67182.87271014
2026-02-19T16:00:00.003000+00:00,2026-02-19,BTCUSDT,-0.00003052,66367.72373188
2026-02-20T00:00:00+00:00,2026-02-20,BTCUSDT,0.00005365,66974.00000000
2026-02-20T08:00:00+00:00,2026-02-20,BTCUSDT,0.00001302,67794.70000000
2026-02-20T16:00:00+00:00,2026-02-20,BTCUSDT,-0.00000671,67551.95540580
2026-02-21T00:00:00.004000+00:00,2026-02-21,BTCUSDT,0.00004456,67988.82876812
2026-02-21T08:00:00+00:00,2026-02-21,BTCUSDT,0.00002485,67821.00000000
2026-02-21T16:00:00.005000+00:00,2026-02-21,BTCUSDT,0.00003235,68583.28794603
2026-02-22T00:00:00.001000+00:00,2026-02-22,BTCUSDT,0.00000730,67958.92213768
2026-02-22T08:00:00.004000+00:00,2026-02-22,BTCUSDT,0.00000042,67974.33214493
2026-02-22T16:00:00+00:00,2026-02-22,BTCUSDT,0.00004972,67660.00000000
2026-02-23T00:00:00.001000+00:00,2026-02-23,BTCUSDT,0.00006946,67613.60000000
2026-02-23T08:00:00+00:00,2026-02-23,BTCUSDT,-0.00009317,65915.80000000
2026-02-23T16:00:00+00:00,2026-02-23,BTCUSDT,0.00002251,65638.07392029
2026-02-24T00:00:00.007000+00:00,2026-02-24,BTCUSDT,0.00005706,64630.15072464
2026-02-24T08:00:00+00:00,2026-02-24,BTCUSDT,-0.00001193,63164.80000000
2026-02-24T16:00:00.001000+00:00,2026-02-24,BTCUSDT,-0.00000182,63936.83454348
2026-02-25T00:00:00.001000+00:00,2026-02-25,BTCUSDT,0.00002375,64031.30000000
2026-02-25T08:00:00.007000+00:00,2026-02-25,BTCUSDT,0.00000033,65002.83121739
2026-02-25T16:00:00+00:00,2026-02-25,BTCUSDT,-0.00000968,67376.31104348
2026-02-26T00:00:00+00:00,2026-02-26,BTCUSDT,-0.00001998,67953.96802174
2026-02-26T08:00:00.006000+00:00,2026-02-26,BTCUSDT,-0.00001128,67799.90000000
2026-02-26T16:00:00.002000+00:00,2026-02-26,BTCUSDT,0.00004007,67353.40000000
2026-02-27T00:00:00.007000+00:00,2026-02-27,BTCUSDT,-0.00000991,67448.50202899
2026-02-27T08:00:00+00:00,2026-02-27,BTCUSDT,-0.00008123,67650.26318841
2026-02-27T16:00:00.001000+00:00,2026-02-27,BTCUSDT,-0.00000656,66073.37640930
2026-02-28T00:00:00+00:00,2026-02-28,BTCUSDT,0.00004041,65839.41943778
2026-02-28T08:00:00+00:00,2026-02-28,BTCUSDT,-0.00003727,63790.80000000
2026-02-28T16:00:00.004000+00:00,2026-02-28,BTCUSDT,-0.00004305,64801.17139855
2026-03-01T00:00:00.005000+00:00,2026-03-01,BTCUSDT,-0.00000688,66952.93531159
2026-03-01T08:00:00+00:00,2026-03-01,BTCUSDT,0.00004563,67113.90000000
2026-03-01T16:00:00.002000+00:00,2026-03-01,BTCUSDT,0.00002948,66802.60000000
2026-03-02T00:00:00.001000+00:00,2026-03-02,BTCUSDT,-0.00000299,65749.90000000
2026-03-02T08:00:00.007000+00:00,2026-03-02,BTCUSDT,-0.00001956,65981.30000000
2026-03-02T16:00:00+00:00,2026-03-02,BTCUSDT,-0.00001083,69089.10000000
2026-03-03T00:00:00+00:00,2026-03-03,BTCUSDT,-0.00000186,68801.80000000
2026-03-03T08:00:00+00:00,2026-03-03,BTCUSDT,0.00001437,68138.30000000
2026-03-03T16:00:00.007000+00:00,2026-03-03,BTCUSDT,0.00001481,67723.07507496
2026-03-04T00:00:00.001000+00:00,2026-03-04,BTCUSDT,-0.00005390,68299.92479710
2026-03-04T08:00:00.005000+00:00,2026-03-04,BTCUSDT,0.00002520,69469.27951449
2026-03-04T16:00:00+00:00,2026-03-04,BTCUSDT,0.00004683,73345.00000000
2026-03-05T00:00:00+00:00,2026-03-05,BTCUSDT,0.00003567,72641.30000000
2026-03-05T08:00:00+00:00,2026-03-05,BTCUSDT,0.00004965,72021.33210145
2026-03-05T16:00:00.004000+00:00,2026-03-05,BTCUSDT,0.00000174,71608.50000000
2026-03-06T00:00:00.001000+00:00,2026-03-06,BTCUSDT,0.00001689,70860.02442029
2026-03-06T08:00:00.001000+00:00,2026-03-06,BTCUSDT,-0.00003061,71026.80000000
2026-03-06T16:00:00.004000+00:00,2026-03-06,BTCUSDT,-0.00002176,68469.42278261
2026-03-07T00:00:00.001000+00:00,2026-03-07,BTCUSDT,0.00000619,68094.46161594
2026-03-07T08:00:00.012000+00:00,2026-03-07,BTCUSDT,0.00003525,67809.40000000
2026-03-07T16:00:00.001000+00:00,2026-03-07,BTCUSDT,-0.00004217,67844.90000000
2026-03-08T00:00:00.001000+00:00,2026-03-08,BTCUSDT,-0.00004496,67232.20000000
2026-03-08T08:00:00+00:00,2026-03-08,BTCUSDT,-0.00001115,67287.74237681
2026-03-08T16:00:00.002000+00:00,2026-03-08,BTCUSDT,-0.00002868,67176.51471014
2026-03-09T00:00:00+00:00,2026-03-09,BTCUSDT,-0.00005770,65935.34171664
2026-03-09T08:00:00.004000+00:00,2026-03-09,BTCUSDT,-0.00004579,67505.08897101
2026-03-09T16:00:00.003000+00:00,2026-03-09,BTCUSDT,-0.00003431,68842.62088406
2026-03-10T00:00:00.012000+00:00,2026-03-10,BTCUSDT,-0.00002394,68398.94584783
2026-03-10T08:00:00.002000+00:00,2026-03-10,BTCUSDT,0.00001230,70374.60000000
2026-03-10T16:00:00.001000+00:00,2026-03-10,BTCUSDT,0.00001738,71303.55932609
2026-03-11T00:00:00+00:00,2026-03-11,BTCUSDT,-0.00011052,69906.39643478
2026-03-11T08:00:00.007000+00:00,2026-03-11,BTCUSDT,-0.00005252,69622.20000000
2026-03-11T16:00:00.010000+00:00,2026-03-11,BTCUSDT,-0.00005824,70186.90000000
2026-03-12T00:00:00+00:00,2026-03-12,BTCUSDT,-0.00007802,70150.00000000
2026-03-12T08:00:00+00:00,2026-03-12,BTCUSDT,-0.00005392,69793.59004348
2026-03-12T16:00:00+00:00,2026-03-12,BTCUSDT,-0.00007381,70285.70086232
2026-03-13T00:00:00.006000+00:00,2026-03-13,BTCUSDT,-0.00002789,70487.01187681
2026-03-13T08:00:00.001000+00:00,2026-03-13,BTCUSDT,0.00004263,71585.20000000
2026-03-13T16:00:00+00:00,2026-03-13,BTCUSDT,-0.00000638,71801.52278986
2026-03-14T00:00:00.001000+00:00,2026-03-14,BTCUSDT,-0.00000379,70895.60000000
2026-03-14T08:00:00+00:00,2026-03-14,BTCUSDT,-0.00003988,70565.70000000
2026-03-14T16:00:00.007000+00:00,2026-03-14,BTCUSDT,-0.00004851,70556.44462101
2026-03-15T00:00:00+00:00,2026-03-15,BTCUSDT,-0.00001883,71174.40000000
2026-03-15T08:00:00+00:00,2026-03-15,BTCUSDT,-0.00006461,71421.70264618
2026-03-15T16:00:00+00:00,2026-03-15,BTCUSDT,0.00002659,71444.50000000
2026-03-16T00:00:00+00:00,2026-03-16,BTCUSDT,0.00002513,72778.90000000
2026-03-16T08:00:00.010000+00:00,2026-03-16,BTCUSDT,0.00007139,73427.80000000
2026-03-16T16:00:00+00:00,2026-03-16,BTCUSDT,0.00002015,73241.19793478
2026-03-17T00:00:00+00:00,2026-03-17,BTCUSDT,0.00000241,74854.37298551
2026-03-17T08:00:00.002000+00:00,2026-03-17,BTCUSDT,-0.00002505,74212.70000000
2026-03-17T16:00:00.011000+00:00,2026-03-17,BTCUSDT,-0.00001260,73882.60358696
2026-03-18T00:00:00.002000+00:00,2026-03-18,BTCUSDT,-0.00006569,73872.40000000
2026-03-18T08:00:00.002000+00:00,2026-03-18,BTCUSDT,-0.00004813,73840.08823913
2026-03-18T16:00:00.005000+00:00,2026-03-18,BTCUSDT,0.00002418,71438.64453523
2026-03-19T00:00:00+00:00,2026-03-19,BTCUSDT,-0.00000974,71208.72342754
2026-03-19T08:00:00.003000+00:00,2026-03-19,BTCUSDT,-0.00003012,70147.53643478
2026-03-19T16:00:00.003000+00:00,2026-03-19,BTCUSDT,0.00001205,69372.70000000
2026-03-20T00:00:00.002000+00:00,2026-03-20,BTCUSDT,0.00000625,69895.06080435
2026-03-20T08:00:00+00:00,2026-03-20,BTCUSDT,0.00000753,70811.90000000
2026-03-20T16:00:00+00:00,2026-03-20,BTCUSDT,-0.00000223,69838.04147826
2026-03-21T00:00:00+00:00,2026-03-21,BTCUSDT,-0.00001493,70475.05032609
2026-03-21T08:00:00+00:00,2026-03-21,BTCUSDT,-0.00000738,70681.53331884
2026-03-21T16:00:00.014000+00:00,2026-03-21,BTCUSDT,0.00001093,70599.10000000
2026-03-22T00:00:00.012000+00:00,2026-03-22,BTCUSDT,0.00000806,68881.72855072
2026-03-22T08:00:00.007000+00:00,2026-03-22,BTCUSDT,-0.00004425,68884.40000000
2026-03-22T16:00:00.002000+00:00,2026-03-22,BTCUSDT,-0.00006837,68819.80918841
2026-03-23T00:00:00+00:00,2026-03-23,BTCUSDT,-0.00002079,67834.34094203
2026-03-23T08:00:00.003000+00:00,2026-03-23,BTCUSDT,-0.00002863,68290.80000000
2026-03-23T16:00:00.002000+00:00,2026-03-23,BTCUSDT,0.00000160,70112.20000000
2026-03-24T00:00:00+00:00,2026-03-24,BTCUSDT,0.00004229,70868.68562319
2026-03-24T08:00:00+00:00,2026-03-24,BTCUSDT,0.00003675,71264.00000000
2026-03-24T16:00:00.003000+00:00,2026-03-24,BTCUSDT,0.00003056,69842.40000000
2026-03-25T00:00:00+00:00,2026-03-25,BTCUSDT,0.00002310,70525.82657246
2026-03-25T08:00:00+00:00,2026-03-25,BTCUSDT,0.00001074,70899.90000000
2026-03-25T16:00:00.013000+00:00,2026-03-25,BTCUSDT,0.00004721,70803.40069565
2026-03-26T00:00:00.001000+00:00,2026-03-26,BTCUSDT,0.00002448,71297.60000000
2026-03-26T08:00:00.001000+00:00,2026-03-26,BTCUSDT,0.00001379,70053.80000000
2026-03-26T16:00:00+00:00,2026-03-26,BTCUSDT,-0.00002103,69060.70000000
2026-03-27T00:00:00.006000+00:00,2026-03-27,BTCUSDT,0.00002925,68788.10000000
2026-03-27T08:00:00+00:00,2026-03-27,BTCUSDT,-0.00006298,68496.90000000
2026-03-27T16:00:00+00:00,2026-03-27,BTCUSDT,-0.00005841,66091.90000000
2026-03-28T00:00:00.005000+00:00,2026-03-28,BTCUSDT,-0.00008088,66364.20000000
2026-03-28T08:00:00.005000+00:00,2026-03-28,BTCUSDT,-0.00007604,66523.62176812
2026-03-28T16:00:00+00:00,2026-03-28,BTCUSDT,-0.00000173,66998.71209420
2026-03-29T00:00:00.003000+00:00,2026-03-29,BTCUSDT,-0.00003680,66337.79104948
2026-03-29T08:00:00.001000+00:00,2026-03-29,BTCUSDT,-0.00000012,66633.22935507
2026-03-29T16:00:00+00:00,2026-03-29,BTCUSDT,0.00002677,66500.00000000
2026-03-30T00:00:00+00:00,2026-03-30,BTCUSDT,0.00000300,65973.40000000
2026-03-30T08:00:00.005000+00:00,2026-03-30,BTCUSDT,0.00000492,67596.69581884
2026-03-30T16:00:00+00:00,2026-03-30,BTCUSDT,0.00000758,67595.59310345
2026-03-31T00:00:00+00:00,2026-03-31,BTCUSDT,0.00000116,66764.40000000
2026-03-31T08:00:00+00:00,2026-03-31,BTCUSDT,-0.00001921,67343.90000000
2026-03-31T16:00:00+00:00,2026-03-31,BTCUSDT,-0.00002763,66700.00000000
2026-04-01T00:00:00+00:00,2026-04-01,BTCUSDT,-0.00003449,68243.29673913
2026-04-01T08:00:00+00:00,2026-04-01,BTCUSDT,-0.00000461,68668.60000000
2026-04-01T16:00:00+00:00,2026-04-01,BTCUSDT,0.00000577,68876.81806522
2026-04-02T00:00:00.003000+00:00,2026-04-02,BTCUSDT,0.00003521,68086.50000000
2026-04-02T08:00:00.001000+00:00,2026-04-02,BTCUSDT,0.00000845,66888.20861594
2026-04-02T16:00:00.001000+00:00,2026-04-02,BTCUSDT,-0.00007398,66819.54021739
2026-04-03T00:00:00+00:00,2026-04-03,BTCUSDT,-0.00000831,66869.74346667
2026-04-03T08:00:00.008000+00:00,2026-04-03,BTCUSDT,-0.00000599,67008.70000000
2026-04-03T16:00:00.008000+00:00,2026-04-03,BTCUSDT,0.00000351,66809.33805072
2026-04-04T00:00:00+00:00,2026-04-04,BTCUSDT,0.00003761,66930.00000000
2026-04-04T08:00:00.003000+00:00,2026-04-04,BTCUSDT,0.00004115,66983.97256934
2026-04-04T16:00:00+00:00,2026-04-04,BTCUSDT,0.00001651,67357.30000000
2026-04-05T00:00:00.008000+00:00,2026-04-05,BTCUSDT,0.00002407,67271.00000000
2026-04-05T08:00:00+00:00,2026-04-05,BTCUSDT,0.00003812,66787.40000000
2026-04-05T16:00:00.001000+00:00,2026-04-05,BTCUSDT,0.00001889,67278.50018741
2026-04-06T00:00:00.004000+00:00,2026-04-06,BTCUSDT,0.00007073,68997.40000000
2026-04-06T08:00:00.001000+00:00,2026-04-06,BTCUSDT,0.00005544,69087.63507246
2026-04-06T16:00:00.003000+00:00,2026-04-06,BTCUSDT,0.00000423,69925.85927536
2026-04-07T00:00:00+00:00,2026-04-07,BTCUSDT,-0.00000315,68822.20000000
2026-04-07T08:00:00+00:00,2026-04-07,BTCUSDT,0.00003703,68594.77686657
2026-04-07T16:00:00+00:00,2026-04-07,BTCUSDT,0.00007393,68141.01094203
2026-04-08T00:00:00+00:00,2026-04-08,BTCUSDT,0.00006020,71907.34283333
2026-04-08T08:00:00+00:00,2026-04-08,BTCUSDT,0.00001563,71612.10000000
2026-04-08T16:00:00.006000+00:00,2026-04-08,BTCUSDT,0.00004048,71275.77918841
2026-04-09T00:00:00+00:00,2026-04-09,BTCUSDT,-0.00000147,71038.10000000
2026-04-09T08:00:00.010000+00:00,2026-04-09,BTCUSDT,0.00005239,70945.00000000
2026-04-09T16:00:00.001000+00:00,2026-04-09,BTCUSDT,-0.00001986,72108.00000000
2026-04-10T00:00:00+00:00,2026-04-10,BTCUSDT,0.00000411,71755.54984058
2026-04-10T08:00:00.005000+00:00,2026-04-10,BTCUSDT,0.00002458,71461.20000000
2026-04-10T16:00:00+00:00,2026-04-10,BTCUSDT,-0.00002187,72415.70000000
2026-04-11T00:00:00+00:00,2026-04-11,BTCUSDT,-0.00007225,72917.40000000
2026-04-11T08:00:00+00:00,2026-04-11,BTCUSDT,-0.00006083,72707.70000000
2026-04-11T16:00:00.003000+00:00,2026-04-11,BTCUSDT,-0.00006755,72818.86697826
2026-04-12T00:00:00+00:00,2026-04-12,BTCUSDT,-0.00008108,73013.40000000
2026-04-12T08:00:00+00:00,2026-04-12,BTCUSDT,-0.00003690,71628.10000000
2026-04-12T16:00:00+00:00,2026-04-12,BTCUSDT,-0.00000335,70856.20000000
2026-04-13T00:00:00.011000+00:00,2026-04-13,BTCUSDT,-0.00000234,70709.40000000
2026-04-13T08:00:00.006000+00:00,2026-04-13,BTCUSDT,-0.00000183,70780.10000000
2026-04-13T16:00:00+00:00,2026-04-13,BTCUSDT,-0.00005409,71823.70000000
2026-04-14T00:00:00.005000+00:00,2026-04-14,BTCUSDT,-0.00005854,74386.50000000
2026-04-14T08:00:00.003000+00:00,2026-04-14,BTCUSDT,0.00002732,74513.40000000
2026-04-14T16:00:00.001000+00:00,2026-04-14,BTCUSDT,-0.00005234,75274.90000000
2026-04-15T00:00:00+00:00,2026-04-15,BTCUSDT,-0.00009313,74106.90000000
2026-04-15T08:00:00+00:00,2026-04-15,BTCUSDT,-0.00005085,73705.20000000
2026-04-15T16:00:00+00:00,2026-04-15,BTCUSDT,-0.00007151,73811.00873913
2026-04-16T00:00:00.013000+00:00,2026-04-16,BTCUSDT,-0.00003418,74776.20000000
2026-04-16T08:00:00+00:00,2026-04-16,BTCUSDT,-0.00002841,74667.70000000
2026-04-16T16:00:00+00:00,2026-04-16,BTCUSDT,-0.00002225,74659.57926087
2026-04-17T00:00:00.001000+00:00,2026-04-17,BTCUSDT,0.00003297,75115.14794928
2026-04-17T08:00:00.011000+00:00,2026-04-17,BTCUSDT,0.00002781,75047.40000000
2026-04-17T16:00:00.001000+00:00,2026-04-17,BTCUSDT,-0.00010789,77734.40000000
2026-04-18T00:00:00.001000+00:00,2026-04-18,BTCUSDT,-0.00008098,77044.79824638
2026-04-18T08:00:00.006000+00:00,2026-04-18,BTCUSDT,-0.00007082,76952.46500725
2026-04-18T16:00:00+00:00,2026-04-18,BTCUSDT,-0.00004586,76124.80000000
2026-04-19T00:00:00.002000+00:00,2026-04-19,BTCUSDT,-0.00008395,75653.80000000
2026-04-19T08:00:00.010000+00:00,2026-04-19,BTCUSDT,-0.00007219,75205.60000000
2026-04-19T16:00:00.001000+00:00,2026-04-19,BTCUSDT,-0.00012276,75807.70000000
2026-04-20T00:00:00+00:00,2026-04-20,BTCUSDT,-0.00004615,73752.30151667
2026-04-20T08:00:00+00:00,2026-04-20,BTCUSDT,-0.00004778,74795.50000000
2026-04-20T16:00:00.001000+00:00,2026-04-20,BTCUSDT,-0.00002745,75678.04248876
2026-04-21T00:00:00+00:00,2026-04-21,BTCUSDT,-0.00007937,75791.40000000
2026-04-21T08:00:00.004000+00:00,2026-04-21,BTCUSDT,-0.00005824,76050.10000000
2026-04-21T16:00:00.004000+00:00,2026-04-21,BTCUSDT,-0.00004242,75799.90000000
2026-04-22T00:00:00.004000+00:00,2026-04-22,BTCUSDT,-0.00002237,76289.54071739
2026-04-22T08:00:00+00:00,2026-04-22,BTCUSDT,0.00003560,77979.70000000
2026-04-22T16:00:00+00:00,2026-04-22,BTCUSDT,-0.00000749,79234.20000000
2026-04-23T00:00:00+00:00,2026-04-23,BTCUSDT,-0.00007870,78139.70000000
2026-04-23T08:00:00+00:00,2026-04-23,BTCUSDT,-0.00003553,78009.00000000
2026-04-23T16:00:00.004000+00:00,2026-04-23,BTCUSDT,-0.00006696,78331.27050975
2026-04-24T00:00:00.006000+00:00,2026-04-24,BTCUSDT,-0.00003829,78214.80000000
2026-04-24T08:00:00+00:00,2026-04-24,BTCUSDT,-0.00007865,77620.50000000
2026-04-24T16:00:00+00:00,2026-04-24,BTCUSDT,-0.00003152,78007.30000000
2026-04-25T00:00:00+00:00,2026-04-25,BTCUSDT,-0.00001077,77395.90000000
2026-04-25T08:00:00.002000+00:00,2026-04-25,BTCUSDT,-0.00006235,77459.90000000
2026-04-25T16:00:00.002000+00:00,2026-04-25,BTCUSDT,-0.00005699,77295.96852174
2026-04-26T00:00:00.003000+00:00,2026-04-26,BTCUSDT,0.00000241,77585.00000000
2026-04-26T08:00:00.007000+00:00,2026-04-26,BTCUSDT,0.00000153,78064.44689855
2026-04-26T16:00:00.004000+00:00,2026-04-26,BTCUSDT,0.00000195,78008.58376812
2026-04-27T00:00:00.004000+00:00,2026-04-27,BTCUSDT,0.00000249,78617.40000000
2026-04-27T08:00:00+00:00,2026-04-27,BTCUSDT,-0.00008659,77556.92439855
2026-04-27T16:00:00.002000+00:00,2026-04-27,BTCUSDT,-0.00005678,76762.28381159
2026-04-28T00:00:00.001000+00:00,2026-04-28,BTCUSDT,-0.00003951,77333.17570290
2026-04-28T08:00:00+00:00,2026-04-28,BTCUSDT,-0.00003204,76828.30000000
2026-04-28T16:00:00.004000+00:00,2026-04-28,BTCUSDT,0.00005242,76026.63367210
2026-04-29T00:00:00.006000+00:00,2026-04-29,BTCUSDT,0.00001305,76298.10000000
2026-04-29T08:00:00.011000+00:00,2026-04-29,BTCUSDT,-0.00002840,77007.65595652
2026-04-29T16:00:00.003000+00:00,2026-04-29,BTCUSDT,0.00003571,75880.57366567
2026-04-30T00:00:00.002000+00:00,2026-04-30,BTCUSDT,-0.00004220,75749.80000000
2026-04-30T08:00:00+00:00,2026-04-30,BTCUSDT,-0.00001837,76130.00000000
2026-04-30T16:00:00+00:00,2026-04-30,BTCUSDT,-0.00002904,76429.20000000
2026-05-01T00:00:00+00:00,2026-05-01,BTCUSDT,-0.00003746,76305.50000000
2026-05-01T08:00:00.005000+00:00,2026-05-01,BTCUSDT,-0.00001810,77101.09816667
2026-05-01T16:00:00+00:00,2026-05-01,BTCUSDT,-0.00003143,78424.72796268
2026-05-02T00:00:00.006000+00:00,2026-05-02,BTCUSDT,-0.00000822,78192.00000000
2026-05-02T08:00:00+00:00,2026-05-02,BTCUSDT,-0.00005103,78181.60000000
2026-05-02T16:00:00.010000+00:00,2026-05-02,BTCUSDT,-0.00002540,78452.73851449
2026-05-03T00:00:00.005000+00:00,2026-05-03,BTCUSDT,0.00002290,78654.45395802
2026-05-03T08:00:00.003000+00:00,2026-05-03,BTCUSDT,-0.00001398,78316.50000000
2026-05-03T16:00:00+00:00,2026-05-03,BTCUSDT,0.00000703,78627.03676124
2026-05-04T00:00:00+00:00,2026-05-04,BTCUSDT,0.00004304,78528.90000000
2026-05-04T08:00:00+00:00,2026-05-04,BTCUSDT,-0.00000158,79663.30000000
2026-05-04T16:00:00.003000+00:00,2026-05-04,BTCUSDT,-0.00003160,79981.20000000
2026-05-05T00:00:00+00:00,2026-05-05,BTCUSDT,-0.00000383,79826.10000000
2026-05-05T08:00:00.011000+00:00,2026-05-05,BTCUSDT,-0.00004626,80823.36977536
2026-05-05T16:00:00+00:00,2026-05-05,BTCUSDT,-0.00008240,81488.70000000
2026-05-06T00:00:00.010000+00:00,2026-05-06,BTCUSDT,-0.00009153,80861.90000000
2026-05-06T08:00:00+00:00,2026-05-06,BTCUSDT,-0.00006150,81333.30000000
2026-05-06T16:00:00.002000+00:00,2026-05-06,BTCUSDT,-0.00003756,81656.94279710
2026-05-07T00:00:00+00:00,2026-05-07,BTCUSDT,-0.00005856,81396.64037069
2026-05-07T08:00:00+00:00,2026-05-07,BTCUSDT,-0.00004568,81484.05472464
2026-05-07T16:00:00.004000+00:00,2026-05-07,BTCUSDT,-0.00003014,79860.00000000
2026-05-08T00:00:00.003000+00:00,2026-05-08,BTCUSDT,-0.00007406,79969.40000000
2026-05-08T08:00:00.002000+00:00,2026-05-08,BTCUSDT,0.00002415,79644.46728986
