timestamp,PEPE,BTC,ETH,SOL,DOGE,SHIB
2023-05-01 00:00:00+00:00,,,,,,
2023-05-02 00:00:00+00:00,,102.14334625659018,102.1494158068093,101.32058287795994,99.92387718853082,100.50200803212851
2023-05-03 00:00:00+00:00,,103.41275162763918,104.06340640072538,101.27504553734062,101.01497081958894,101.50602409638554
2023-05-04 00:00:00+00:00,,102.74295592245477,102.53123071124632,98.99817850637523,99.44176604922609,99.29718875502009
2023-05-05 00:00:00+00:00,,105.12090881301515,108.8800642366706,103.91621129326047,101.71276325805634,100.30120481927709
2023-05-06 00:00:00+00:00,70.50938337801608,102.77872586330612,103.58327006166938,99.77231329690348,97.33570159857902,94.87951807228914
2023-05-07 00:00:00+00:00,74.79892761394102,101.28914296789328,102.1668951729638,98.63387978142077,97.0819588936818,93.77510040160642
2023-05-08 00:00:00+00:00,52.01072386058983,98.57679100877648,100.91930541368743,93.89799635701276,91.84217203755391,89.55823293172689
2023-05-09 00:00:00+00:00,53.88739946380697,98.43242865785055,100.86249747368537,94.03460837887067,92.74295863993909,90.36144578313252
2023-05-10 00:00:00+00:00,51.74262734584452,98.32725648116416,100.55223872444326,95.2185792349727,92.76833291042882,90.26104417670682
2023-05-11 00:00:00+00:00,37.533512064343164,96.0822651635691,98.01008340935037,91.84881602914392,91.25856381629026,87.14859437751002
2023-05-12 00:00:00+00:00,46.916890080428956,95.46373733177617,98.72837611226123,95.17304189435339,91.79142349657445,88.75502008032127
2023-05-13 00:00:00+00:00,50.13404825737267,95.39344441016294,98.0543280549289,94.89981785063753,90.92869829992387,87.55020080321282
2023-05-14 00:00:00+00:00,47.721179624664884,95.90056526482226,98.27828243378323,95.30965391621132,91.29662522202484,88.25301204819276
2023-05-15 00:00:00+00:00,46.38069705093834,96.77172721073555,99.20632753054791,95.58287795992715,91.23318954580054,88.25301204819276
2023-05-16 00:00:00+00:00,44.772117962466496,96.31462726937829,99.64385791460236,94.12568306010931,92.29890890636892,88.05220883534136
2023-05-17 00:00:00+00:00,42.09115281501341,97.63914827638052,99.52969580440588,95.90163934426229,94.93783303730015,88.05220883534136
2023-05-18 00:00:00+00:00,42.62734584450403,95.55733059334636,98.35202350974745,92.62295081967213,93.1743212382644,87.34939759036142
2023-05-19 00:00:00+00:00,41.018766756032186,95.76746118213242,98.99439021592478,92.71402550091075,93.25044404973355,87.04819277108432
2023-05-20 00:00:00+00:00,46.112600536193035,96.55899581947725,99.38221365247742,92.34972677595628,93.39000253742702,87.55020080321283
2023-05-21 00:00:00+00:00,42.62734584450403,95.29546897456416,98.58963364341,89.29872495446264,91.49961938594264,85.54216867469877
2023-05-22 00:00:00+00:00,40.75067024128687,95.65705177307039,99.2691440026656,88.9344262295082,92.5019030702867,88.25301204819276
2023-05-23 00:00:00+00:00,42.62734584450402,96.97647805742147,101.27380880850806,91.16575591985428,92.47652879979698,89.35742971887547
2023-05-24 00:00:00+00:00,38.33780160857909,93.80349904126585,98.31542608686152,87.52276867030965,89.6219233697031,85.34136546184736
2023-05-25 00:00:00+00:00,38.33780160857909,94.31931298912014,98.62732352668061,87.65938069216756,89.92641461557977,85.34136546184736
2023-05-26 00:00:00+00:00,39.14209115281501,95.14633254786726,99.83940832345569,88.11475409836065,90.04059883278353,85.74297188755017
2023-05-27 00:00:00+00:00,40.750670241286855,95.67486548863381,99.95411666384449,93.03278688524588,92.04516620147167,86.64658634538151
2023-05-28 00:00:00+00:00,39.946380697050934,99.9883854574527,104.25567942842476,94.76320582877958,93.27581832022325,88.45381526104414
2023-05-29 00:00:00+00:00,38.60589812332439,98.817668070625,103.37952619993118,93.67030965391619,92.78102004567366,87.3493975903614
2023-05-30 00:00:00+00:00,34.85254691689008,98.66803285989232,103.81596412360099,96.76684881602911,91.740674955595,87.14859437751001
2023-05-31 00:00:00+00:00,33.78016085790884,96.94348705619802,102.34332752508564,94.76320582877956,90.90332402943415,86.24497991967868
2023-06-01 00:00:00+00:00,33.51206434316353,95.54539540391892,101.69604474717737,93.3060109289617,90.6115199188023,84.83935742971885
2023-06-02 00:00:00+00:00,34.58445040214476,97.05834989415095,104.14861831072852,96.81238615664842,92.05785333671655,86.34538152610439
2023-06-03 00:00:00+00:00,34.85254691689006,96.44067712070508,103.35002976954549,96.49362477231327,92.23547323014459,86.24497991967868
2023-06-04 00:00:00+00:00,32.97587131367291,96.60452767645738,103.23805258011834,99.36247723132966,91.9690433900025,86.34538152610438
2023-06-05 00:00:00+00:00,27.613941018766745,91.66296735173472,98.89497632092117,91.07468123861563,84.24257802588173,80.0200803212851
2023-06-06 00:00:00+00:00,32.17158176943698,97.01377997781128,102.94472696683839,92.80510018214933,89.1271250951535,82.12851405622486
2023-06-07 00:00:00+00:00,28.68632707774798,93.84030217761989,100.0764722269259,84.88160291438976,85.35904592742958,79.11646586345378
2023-06-08 00:00:00+00:00,28.954423592493296,94.40774027317693,100.81442921676056,86.02003642987246,86.22177112408016,79.71887550200799
2023-06-09 00:00:00+00:00,30.56300268096514,94.33363521643312,100.52656590540387,79.23497267759558,88.13752854605428,79.11646586345378
2023-06-10 00:00:00+00:00,25.201072386058975,92.06559295089902,95.67385687676502,71.08378870673948,78.34306013702104,68.7751004016064
2023-06-11 00:00:00+00:00,24.66487935656836,92.36607470502271,95.74104319042132,70.81056466302364,78.03856889114437,66.96787148594375
2023-06-12 00:00:00+00:00,24.39678284182305,92.2935372552485,95.18443462443943,69.17122040072856,77.93707180918547,66.86746987951804
2023-06-13 00:00:00+00:00,24.39678284182305,92.39707057010307,95.05060822731917,68.48816029143893,78.34306013702103,68.17269076305219
2023-06-14 00:00:00+00:00,23.592493297587126,89.52674658136989,90.17987360233352,65.93806921675771,76.604922608475,65.86345381526102
2023-06-15 00:00:00+00:00,23.86058981233243,91.20084394258858,91.05438814025007,67.25865209471763,78.06394316163407,67.77108433734938
2023-06-16 00:00:00+00:00,25.737265415549594,93.86046730363769,93.8379772003518,69.71766848816027,78.90129408779494,68.57429718875498
2023-06-17 00:00:00+00:00,26.809651474530828,94.47322349158807,94.37546770960219,71.22040072859743,78.91398122303978,70.08032128514053
2023-06-18 00:00:00+00:00,25.201072386058982,93.84254670578089,94.00348494862706,70.35519125683058,78.8124841410809,72.38955823293168
2023-06-19 00:00:00+00:00,25.201072386058982,95.63952307695601,94.88619293942854,73.31511839708557,79.23115960416133,72.59036144578309
2023-06-20 00:00:00+00:00,28.686327077747986,100.8540964064036,97.88390423492268,75.77413479052821,80.09388480081195,72.99196787148591
2023-06-21 00:00:00+00:00,36.99731903485254,106.8605250200761,103.18889186280884,78.46083788706737,83.24029434153763,75.80321285140559
2023-06-22 00:00:00+00:00,41.55495978552278,106.47229290308702,102.25483823392855,75.6830601092896,83.16417153006846,78.31325301204815
2023-06-23 00:00:00+00:00,44.23592493297587,109.33524201357696,103.38116489050817,78.00546448087428,86.56432377569139,79.71887550200798
2023-06-24 00:00:00+00:00,41.55495978552279,108.76139098041708,102.41597614066522,75.77413479052821,84.6105049479827,78.41365461847384
2023-06-25 00:00:00+00:00,43.16353887399464,108.5306321090086,103.71818891917432,77.23132969034606,84.64856635371729,78.91566265060236
2023-06-26 00:00:00+00:00,40.48257372654155,107.83707290726257,101.54255406313331,74.0892531876138,82.13651357523469,75.80321285140558
2023-06-27 00:00:00+00:00,43.16353887399464,109.34927922144094,103.21456468184822,75.72859744990888,83.17685866531332,76.30522088353409
2023-06-28 00:00:00+00:00,38.06970509383378,107.1580853248474,99.85197161787922,72.72313296903457,79.38340522709967,72.59036144578309
2023-06-29 00:00:00+00:00,41.28686327077749,108.47594400222891,101.1612853888886,81.92167577413474,80.46181172291294,73.49397590361441
2023-06-30 00:00:00+00:00,43.431635388739956,108.56390812968104,105.62944836212877,85.88342440801452,84.3187008373509,75.80321285140558
2023-07-01 00:00:00+00:00,41.82305630026811,108.96970457021567,105.1220005134564,85.15482695810559,86.91956356254755,76.7068273092369
2023-07-02 00:00:00+00:00,42.35924932975872,109.0806127633135,105.83100730309769,88.57012750455368,86.28520680030446,76.90763052208831
2023-07-03 00:00:00+00:00,49.329758713136734,111.00153696737887,106.81749903044144,87.70491803278684,86.84344075107838,78.01204819277105
2023-07-04 00:00:00+00:00,45.84450402144773,109.61317160379738,105.76108983847976,87.11293260473583,87.41436183709716,77.008032128514
2023-07-05 00:00:00+00:00,44.50402144772119,108.68080173120819,104.34963102150509,86.52094717668483,85.01649327581828,74.89959839357425
2023-07-06 00:00:00+00:00,41.286863270777495,106.50973733320133,100.84337941695394,89.2987249544626,82.27607206292816,71.68674698795178
2023-07-07 00:00:00+00:00,42.09115281501342,108.11037093143649,102.19475291277253,97.90528233151177,82.97386450139555,73.49397590361441
2023-07-08 00:00:00+00:00,41.823056300268114,107.8963569526576,101.88504039372275,99.3169398907103,83.39253996447599,76.70682730923689
2023-07-09 00:00:00+00:00,41.286863270777495,107.45486182613391,101.75176022679481,97.08561020036423,82.92311596041611,77.71084337349392
2023-07-10 00:00:00+00:00,40.482573726541574,108.34861156338161,102.71312536529149,96.99453551912562,82.7581832022329,75.70281124497986
2023-07-11 00:00:00+00:00,40.482573726541574,109.0986758708948,102.59841702490266,100.5009107468123,82.82161887845722,75.60240963855415
2023-07-12 00:00:00+00:00,40.214477211796265,108.23613576331421,102.24445986027435,99.9089253187613,82.50444049733568,75.40160642570275
2023-07-13 00:00:00+00:00,46.11260053619305,112.06334129725181,109.4912958218853,118.44262295081958,89.34280639431613,80.02008032128506
2023-07-14 00:00:00+00:00,43.96782841823058,107.99390485908287,105.85012535982918,121.4480874316939,86.89418929205782,80.12048192771077
2023-07-15 00:00:00+00:00,44.23592493297589,107.91377876647863,105.49944557635482,125.0455373406192,91.3093123572697,81.2248995983935
2023-07-16 00:00:00+00:00,42.09115281501342,107.70881415520597,104.99145149749009,124.86338797814199,88.20096422227857,78.91566265060234
2023-07-17 00:00:00+00:00,42.35924932975873,107.37395193004488,104.39551435766063,122.0400728597449,88.58157827962442,78.81526104417664
2023-07-18 00:00:00+00:00,40.750670241286876,106.38040975821093,103.63133831859426,116.30236794171212,87.10987059122046,77.51004016064252
2023-07-19 00:00:00+00:00,40.750670241286876,106.5588319332941,103.16267281357713,119.8087431693988,88.8480081197665,77.71084337349392
2023-07-20 00:00:00+00:00,40.482573726541574,106.16974475795797,103.3243569505061,115.57377049180317,89.59654909921336,77.20883534136539
2023-07-21 00:00:00+00:00,41.018766756032186,106.53214698738012,103.3320041731987,116.12021857923487,92.8952042628774,78.71485943775093
2023-07-22 00:00:00+00:00,39.946380697050955,106.1483682992819,101.9549578583407,111.6575591985427,89.40624207054044,78.11244979919671
2023-07-23 00:00:00+00:00,40.482573726541574,107.18067311618185,103.1681351155004,112.75045537340608,91.09363105810704,78.81526104417664
2023-07-24 00:00:00+00:00,36.19302949061664,103.94837442720004,101.0525855806154,106.42076502732232,94.13854351687384,76.90763052208828
2023-07-25 00:00:00+00:00,34.8525469168901,104.13509779373578,101.47099790793838,105.96539162112923,103.84420197919306,79.51807228915656
2023-07-26 00:00:00+00:00,35.65683646112603,104.57349333375143,102.25429200373624,114.61748633879772,98.87084496320725,78.91566265060233
2023-07-27 00:00:00+00:00,36.19302949061664,104.11325817845503,101.66873323756099,114.29872495446256,98.46485663537167,78.31325301204812
2023-07-28 00:00:00+00:00,35.65683646112603,104.43875038922974,102.373916415856,113.02367941712193,97.90662268459778,82.02811244979912
2023-07-29 00:00:00+00:00,36.19302949061664,104.57684231227735,102.71640274644543,114.61748633879772,101.78888606952545,85.54216867469871
2023-07-30 00:00:00+00:00,34.8525469168901,104.32100172935557,101.6965909773697,110.4280510018214,98.98502918041102,83.13253012048185
2023-07-31 00:00:00+00:00,33.24396782841825,104.14699735573211,101.38797091870457,108.06010928961737,98.78203501649323,84.93975903614451
2023-08-01 00:00:00+00:00,34.8525469168901,105.83481127793463,102.33458784200839,109.51730418943524,99.14996193859422,84.6385542168674
2023-08-02 00:00:00+00:00,32.70777479892763,103.98225611420165,100.50089308636447,105.41894353369752,94.16391778736356,81.82730923694773
2023-08-03 00:00:00+00:00,32.17158176943701,104.00943984415143,100.27748493770245,103.14207650273212,93.35194113169241,83.13253012048186
2023-08-04 00:00:00+00:00,31.099195710455778,103.72566735522622,99.97268849038363,103.82513661202175,93.21238264399892,87.24899598393567
2023-08-05 00:00:00+00:00,30.831099195710475,103.5765309285293,100.3140823605884,103.14207650273212,96.05430093884796,100.10040160642562
2023-08-06 00:00:00+00:00,30.831099195710475,103.63456801383488,99.97541964134525,105.64663023679405,94.22735346358787,94.07630522088347
2023-08-07 00:00:00+00:00,29.758713136729238,104.07150282917435,99.91096447865058,105.28233151183962,93.30119259071296,90.16064257028106
2023-08-08 00:00:00+00:00,31.367292225201094,106.06435881668479,101.39671060178182,110.29143897996346,95.10276579548332,95.68273092369472
2023-08-09 00:00:00+00:00,33.24396782841825,105.3930311319619,101.34481873351066,111.02003642987238,95.67368688150212,96.58634538152603
2023-08-10 00:00:00+00:00,33.24396782841825,104.94327044141679,101.18750443812033,112.11293260473579,96.26998223801061,99.59839357429712
2023-08-11 00:00:00+00:00,33.51206434316356,104.83738571610783,100.98922287830538,112.11293260473579,96.09236234458255,105.62248995983927
2023-08-12 00:00:00+00:00,36.461126005361955,104.85213547259433,101.04876196926911,113.4335154826957,97.31032732808929,107.12851405622482
2023-08-13 00:00:00+00:00,36.461126005361955,104.40205413516908,100.54623019232767,110.33697632058276,94.8870844963207,102.7108433734939
2023-08-14 00:00:00+00:00,37.533512064343185,104.85484315735998,100.80678199406796,114.66302367941701,94.76021314387208,102.30923694779108
2023-08-15 00:00:00+00:00,33.78016085790887,104.03209889034805,99.90440971634268,108.8342440801456,89.98985029180409,99.6987951807228
2023-08-16 00:00:00+00:00,31.099195710455778,102.35942662637444,98.74804039918503,103.91621129326036,85.21948743973607,92.4698795180722
2023-08-17 00:00:00+00:00,28.954423592493317,94.85237061363976,91.84806060970216,98.63387978142066,77.41689926414612,81.62650602409633
2023-08-18 00:00:00+00:00,28.954423592493317,92.82370905784686,90.76106252697012,97.17668488160281,80.25881755899513,86.24497991967866
2023-08-19 00:00:00+00:00,30.29490616621986,92.98763086846141,91.20241652237088,99.72677595628404,80.9312357269728,84.73895582329311
2023-08-20 00:00:00+00:00,30.026809651474558,93.30820649374066,92.05289693182502,99.13479052823304,80.9946714031971,83.43373493975896
2023-08-21 00:00:00+00:00,29.222520107238626,93.0835042856237,91.08661572159741,96.5391621129325,79.31996955087538,80.12048192771077
2023-08-22 00:00:00+00:00,28.954423592493317,92.83083454407223,89.30809021537857,93.76138433515472,79.40877949758939,80.32128514056217
2023-08-23 00:00:00+00:00,29.75871313672924,94.17299112948223,91.74536933354453,98.99817850637511,80.9312357269728,83.53413654618467
2023-08-24 00:00:00+00:00,25.469168900804306,93.27279282720056,90.73757462870003,95.90163934426218,80.03044912458762,82.42971887550192
2023-08-25 00:00:00+00:00,23.592493297587147,92.84512114395407,90.33554920714687,92.9872495446265,80.08119766556706,81.72690763052202
2023-08-26 00:00:00+00:00,23.056300268096532,92.69320577762927,89.96629759713338,92.39526411657548,79.78939355493524,81.1244979919678
2023-08-27 00:00:00+00:00,24.128686327077766,92.99390129633971,90.5829914842713,94.67213114754087,80.15732047703624,80.72289156626499
2023-08-28 00:00:00+00:00,23.056300268096532,93.05885010328393,90.29622063329928,93.62477231329677,80.49987312864751,82.53012048192764
2023-08-29 00:00:00+00:00,24.128686327077766,98.74619944378456,94.46614192152857,99.22586520947164,84.24257802588173,84.03614457831317
2023-08-30 00:00:00+00:00,23.056300268096532,97.26285134881894,93.14481108628799,94.8087431693988,83.5828469931489,81.92771084337342
2023-08-31 00:00:00+00:00,21.447721179624676,92.42033528262887,89.89638013251545,89.89071038251353,80.89317432123822,80.22088353413646
2023-09-01 00:00:00+00:00,20.643431635388758,91.93676415994437,88.98745309248223,88.02367941712191,81.04541994417657,79.31726907630514
2023-09-02 00:00:00+00:00,20.911528150134068,92.16641858098794,89.41952117461341,88.79781420765016,80.53793453438209,78.71485943775092
2023-09-03 00:00:00+00:00,21.447721179624683,92.5287495555478,89.35451978172641,89.11657559198531,80.14463334179138,77.20883534136537
2023-09-04 00:00:00+00:00,21.447721179624683,92.01147488301734,89.06337908921577,88.88888888888877,80.25881755899513,75.20080321285133
2023-09-05 00:00:00+00:00,21.71581769436999,91.89062663663513,89.27859378499285,92.25865209471755,81.22303983760462,76.70682730923687
2023-09-06 00:00:00+00:00,21.17962466487937,91.77608444556236,89.20758385999027,89.43533697632047,80.75361583354474,77.10843373493968
2023-09-07 00:00:00+00:00,21.715817694369992,93.53982042349615,90.02474422771242,90.71038251366109,80.75361583354474,77.20883534136537
2023-09-08 00:00:00+00:00,21.179624664879377,92.31245542117681,89.38729359326607,89.29872495446254,80.82973864501392,76.30522088353406
2023-09-09 00:00:00+00:00,20.91152815013407,92.28078263490505,89.33813287595656,88.52459016393432,80.42375031717833,76.00401606425694
2023-09-10 00:00:00+00:00,18.766756032171603,92.06701804814406,88.34836376745886,83.06010928961737,77.77213905100224,73.8955823293172
2023-09-11 00:00:00+00:00,17.96246648793568,89.64759482775206,84.76673239636646,80.69216757741337,76.74448109616844,70.88353413654612
2023-09-12 00:00:00+00:00,17.96246648793568,92.0616383060439,87.01283094721776,81.60291438979952,77.26465364120779,71.98795180722884
2023-09-13 00:00:00+00:00,18.230563002680988,93.4222499007776,87.81305817897777,83.78870673952629,77.7213905100228,72.89156626506016
2023-09-14 00:00:00+00:00,18.498659517426297,94.49367363705481,88.8427020915154,85.83788706739516,78.76173560010147,73.9959839357429
2023-09-15 00:00:00+00:00,18.498659517426297,94.76896679737183,89.65221523654499,87.15846994535508,79.29459528038565,74.79919678714853
2023-09-16 00:00:00+00:00,17.96246648793568,94.62528136763731,89.27586263403123,87.06739526411647,78.83785841157062,74.29718875502
2023-09-17 00:00:00+00:00,16.62198391420913,94.51070354913342,88.62475624477668,85.6557377049179,77.9878203501649,72.38955823293165
2023-09-18 00:00:00+00:00,16.62198391420913,95.34794818061397,89.3993106574973,89.43533697632046,78.63486424765284,72.79116465863447
2023-09-19 00:00:00+00:00,17.42627345844506,96.94316640931785,89.75217536174094,91.21129326047347,79.52296371479315,74.29718875502
2023-09-20 00:00:00+00:00,16.89008042895444,96.6394069315305,88.61273918054546,92.39526411657546,79.44684090332397,74.79919678714853
2023-09-21 00:00:00+00:00,16.62198391420913,94.655244037215,86.51958508354592,88.61566484517293,77.7848261862471,72.69076305220878
2023-09-22 00:00:00+00:00,19.03485254691691,94.69821071915395,87.0188394793334,88.479052823315,78.05125602638921,73.29317269076299
2023-09-23 00:00:00+00:00,18.230563002680984,94.68331845294293,87.06144543433494,88.75227686703083,78.05125602638921,75.30120481927703
2023-09-24 00:00:00+00:00,17.96246648793568,93.5162350640902,86.34315273142408,88.16029143897983,76.99822380106568,73.29317269076299
2023-09-25 00:00:00+00:00,19.03485254691691,93.71728065793891,86.75938013797774,88.29690346083777,77.31540218218723,73.09236947791156
2023-09-26 00:00:00+00:00,18.49865951742629,93.42107419555042,87.06963888721985,86.65755919854269,76.90941385435166,72.89156626506016
2023-09-27 00:00:00+00:00,19.571045576407524,93.96018848336163,87.32254346626756,87.15846994535508,76.79522963714788,72.48995983935735
2023-09-28 00:00:00+00:00,19.83914209115283,96.27027111762538,90.29130456156834,90.89253187613832,78.02588175589948,73.29317269076299
2023-09-29 00:00:00+00:00,21.447721179624676,95.86258642324104,91.08115341967414,92.34972677595617,78.82517127632576,73.3935742971887
2023-09-30 00:00:00+00:00,21.447721179624676,96.06067494030624,91.26905660583485,97.31329690346071,78.7490484648566,73.69477911646581
2023-10-01 00:00:00+00:00,21.983914209115298,99.730335973801,94.70484451557576,108.69763205828767,80.17000761228111,75.50200803212846
2023-10-02 00:00:00+00:00,20.10723860589814,97.95587613909802,90.80530717254867,106.42076502732228,78.66023851814258,73.3935742971887
2023-10-03 00:00:00+00:00,19.571045576407524,97.71343147027994,90.50378810638381,107.46812386156637,77.86094899771628,73.09236947791157
2023-10-04 00:00:00+00:00,19.30294906166221,98.96790894768681,89.94117100828632,105.32786885245888,77.9878203501649,72.59036144578307
2023-10-05 00:00:00+00:00,18.766756032171592,97.65617818845914,88.04083616917842,103.36976320582865,77.21390510022833,71.68674698795175
2023-10-06 00:00:00+00:00,19.30294906166221,99.51129852723327,89.85650532847554,106.6029143897995,77.86094899771628,72.59036144578307
2023-10-07 00:00:00+00:00,19.034852546916905,99.60243349605568,89.23052552806806,106.10200364298711,77.93707180918545,72.59036144578307
2023-10-08 00:00:00+00:00,19.034852546916905,99.46127761393117,89.19065072402813,105.73770491803265,77.34077645267696,72.28915662650596
2023-10-09 00:00:00+00:00,17.96246648793567,98.29651000810166,86.3114713802691,100.6375227686702,74.5115452930728,69.47791164658628
2023-10-10 00:00:00+00:00,17.426273458445056,97.58396138556505,85.62868363985953,100.68306010928951,75.01903070286727,69.27710843373487
2023-10-11 00:00:00+00:00,17.158176943699747,95.75057377977829,85.58717014524262,100.22768670309642,74.23242831768584,67.97188755020073
2023-10-12 00:00:00+00:00,16.621983914209128,95.33768748044945,84.09814664095744,96.90346083788697,73.43313879725956,68.27309236947784
2023-10-13 00:00:00+00:00,17.426273458445056,95.7024054928948,84.78366553232867,99.45355191256819,74.08018269474749,69.37751004016057
2023-10-14 00:00:00+00:00,17.158176943699747,95.66848817846207,84.93551752579575,100.18214936247712,75.91981730525245,70.48192771084331
2023-10-15 00:00:00+00:00,17.694369973190362,96.74326089326519,85.09010067022447,99.86338797814194,75.24739913727478,70.0803212851405
2023-10-16 00:00:00+00:00,17.96246648793567,101.5409576510977,87.36514942126914,109.0619307832421,76.12281146917023,71.18473895582324
2023-10-17 00:00:00+00:00,17.158176943699747,101.16733278087062,85.48557132946968,108.9708561020035,74.90484648566351,69.17670682730919
2023-10-18 00:00:00+00:00,16.890080428954438,100.89688495118682,85.39981318927424,106.64845173041881,74.32123826439987,67.97188755020075
2023-10-19 00:00:00+00:00,16.890080428954438,102.29957254208131,85.57078323947279,113.52459016393428,74.68916518650086,68.57429718875497
2023-10-20 00:00:00+00:00,17.426273458445056,105.70316791992092,87.60931431723961,123.08743169398892,75.99594011672161,69.37751004016059
2023-10-21 00:00:00+00:00,18.766756032171596,106.56093395173049,88.97762094902038,133.5154826958104,77.63258056330878,70.88353413654612
2023-10-22 00:00:00+00:00,19.839142091152834,106.8554302974249,90.87631709755128,132.2859744990891,78.27962446079673,71.58634538152604
2023-10-23 00:00:00+00:00,26.809651474530856,117.81987910900067,96.43475553467746,145.1730418943532,85.53666582085762,75.40160642570275
2023-10-24 00:00:00+00:00,24.9329758713137,120.85797267091014,97.50099687010105,137.38615664845156,84.49632073077898,74.19678714859432
2023-10-25 00:00:00+00:00,32.17158176943703,122.90056455227365,97.61952882183616,147.72313296903442,86.67850799289518,78.31325301204814
2023-10-26 00:00:00+00:00,34.5844504021448,121.6735914516967,98.50606042398394,149.22586520947158,91.15706673433135,79.31726907630518
2023-10-27 00:00:00+00:00,31.099195710455795,120.7485608299196,97.19620042278223,144.48998178506355,85.96802841918291,77.2088353413654
2023-10-28 00:00:00+00:00,30.563002680965184,121.4218480233545,97.02140676123737,144.03460837887047,87.54123318954578,80.02008032128508
2023-10-29 00:00:00+00:00,30.563002680965184,123.00687680675611,98.05596674550594,149.49908925318744,87.98528292311593,80.52208835341361
2023-10-30 00:00:00+00:00,31.635388739946414,122.82460686911125,98.81522671284137,159.10746812386137,88.28977416899261,79.91967871485939
2023-10-31 00:00:00+00:00,30.563002680965184,123.41260199242845,99.12275431112184,174.8633879781419,86.61507231667086,78.21285140562244
2023-11-01 00:00:00+00:00,31.903485254691727,126.1974557738884,100.88817029272481,187.3861566484515,87.4651103780766,80.02008032128509
2023-11-02 00:00:00+00:00,29.49061662198395,124.4879091186985,98.36513303436338,183.1967213114752,86.14564831261099,78.91566265060236
2023-11-03 00:00:00+00:00,28.954423592493335,123.6869688395362,100.10815357808094,179.64480874316922,86.36132961177363,78.51405622489955
2023-11-04 00:00:00+00:00,29.75871313672926,124.91714840891458,101.35519710716497,193.12386156648427,87.64273027150466,79.71887550200799
2023-11-05 00:00:00+00:00,30.02680965147457,124.73833433208901,103.33091171281406,187.38615664845148,90.18015732047701,81.42570281124495
2023-11-06 00:00:00+00:00,32.17158176943703,124.8602157739739,103.83562841052483,191.98542805100155,96.89165186500884,84.93975903614455
2023-11-07 00:00:00+00:00,31.367292225201115,126.11797097504444,102.97913946895507,195.49180327868828,93.0981984267952,82.32931726907626
2023-11-08 00:00:00+00:00,31.903485254691727,126.92172582126577,103.13481507376845,196.40255009107443,95.5848769347881,83.13253012048189
2023-11-09 00:00:00+00:00,35.65683646112605,130.7565556254645,115.87290315884928,206.2386156648449,93.33925399644757,82.63052208835339
2023-11-10 00:00:00+00:00,36.19302949061666,132.89612537435525,113.4913395203007,258.0601092896171,95.64831261101239,85.24096385542165
2023-11-11 00:00:00+00:00,34.3163538873995,132.28465177392542,112.15034439813635,256.55737704918,99.58132453691952,91.2650602409638
2023-11-12 00:00:00+00:00,32.97587131367296,132.04997388509298,111.68659496485019,256.28415300546413,98.89621923369698,89.55823293172685
2023-11-13 00:00:00+00:00,31.099195710455795,129.9080527257479,112.17656344736808,234.9726775956281,94.59528038568887,85.64257028112445
2023-11-14 00:00:00+00:00,30.831099195710486,126.65975732019017,108.12025803914295,258.69763205828747,91.90560771377818,83.7349397590361
2023-11-15 00:00:00+00:00,33.78016085790889,134.8790413085813,112.44039263026234,297.9508196721308,96.71403197158078,88.25301204819273
2023-11-16 00:00:00+00:00,30.56300268096519,128.8412961829483,107.15780044026162,263.20582877959896,100.82466379091596,85.34136546184735
2023-11-17 00:00:00+00:00,31.099195710455803,130.4459913083319,107.10590857199047,266.4389799635698,109.62953565084999,88.55421686746982
2023-11-18 00:00:00+00:00,30.831099195710493,130.28274641890874,107.2031375462248,266.66666666666634,101.85232174574976,85.94377510040154
2023-11-19 00:00:00+00:00,31.90348525469173,133.10358390580677,109.87256449613002,278.2331511839705,102.08069018015726,87.04819277108427
2023-11-20 00:00:00+00:00,30.56300268096519,133.42038302338656,110.41497107711137,257.6047358834241,98.55366658208571,84.63855421686742
2023-11-21 00:00:00+00:00,27.613941018766795,127.33831737343178,105.58684240712728,235.20036429872465,91.04288251712758,77.71084337349392
2023-11-22 00:00:00+00:00,29.490616621983957,133.27630569190964,112.69875951123329,262.11293260473553,96.10504947982739,81.32530120481923
2023-11-23 00:00:00+00:00,28.686327077748032,132.869939212477,112.64359026180819,257.33151183970824,96.67597056584617,81.42570281124493
2023-11-24 00:00:00+00:00,29.490616621983957,134.36376177219393,113.66176334030695,258.925318761384,99.18802334432878,82.22891566265055
2023-11-25 00:00:00+00:00,31.635388739946425,134.60282183505495,113.78466513358067,267.8506375227683,100.15224562293825,85.14056224899593
2023-11-26 00:00:00+00:00,29.758713136729263,133.41557332018442,112.65069125430847,262.15846994535485,99.82238010657186,83.23293172690758
2023-11-27 00:00:00+00:00,29.222520107238648,132.68617292272478,110.74817149443126,250.72859744990862,100.02537427048965,82.22891566265055
2023-11-28 00:00:00+00:00,29.490616621983957,134.73891862195947,111.87559061139554,264.9362477231326,102.55011418421714,83.43373493975899
2023-11-29 00:00:00+00:00,28.418230563002727,134.86635794310013,110.81972764962617,270.08196721311435,102.09337731540211,82.53012048192765
2023-11-30 00:00:00+00:00,29.222520107238655,134.40077867313468,112.08425054486469,270.03642987249503,105.84876934788119,83.33333333333329
2023-12-01 00:00:00+00:00,29.75871313672927,137.81588171122823,114.01135066339663,272.08561020036393,106.38162902816536,84.03614457831321
2023-12-02 00:00:00+00:00,31.367292225201126,140.55146275543973,118.2446346539359,289.89071038251325,109.32504440497328,85.54216867469876
2023-12-03 00:00:00+00:00,32.171581769437054,142.41089401338022,119.78555002649223,286.7941712204003,108.74143618370964,90.5622489959839
2023-12-04 00:00:00+00:00,37.265415549597925,149.60350231898943,122.53964265620824,280.69216757741304,116.56939862978932,92.46987951807225
2023-12-05 00:00:00+00:00,43.16353887399471,157.0219172830805,125.26860869707718,277.9143897996353,119.70312103527017,95.28112449799193
2023-12-06 00:00:00+00:00,39.678284182305696,155.91522238998778,121.95681504099463,281.64845173041857,120.43897487947213,97.59036144578307
2023-12-07 00:00:00+00:00,41.018766756032235,154.1710814991737,128.67708509720174,308.4699453551908,121.70768840395831,98.19277108433731
2023-12-08 00:00:00+00:00,42.35924932975878,157.36989040289626,128.8404079247077,341.2568306010925,128.95204262877434,102.30923694779112
2023-12-09 00:00:00+00:00,41.286863270777545,155.74032733058613,127.8446302840944,329.2349726775952,124.91753362090832,100.30120481927705
2023-12-10 00:00:00+00:00,42.895442359249394,156.01077516026993,128.49464421296432,340.93806921675736,129.2311596041613,103.71485943775096
2023-12-11 00:00:00+00:00,38.069705093833846,146.97526672476306,121.5427725552103,319.89981785063713,119.4240040598832,95.48192771084334
2023-12-12 00:00:00+00:00,37.26541554959792,147.8267267012632,120.35963795862862,312.38615664845133,119.01801573204764,96.08433734939756
2023-12-13 00:00:00+00:00,38.06970509383384,152.73134137990735,123.45676314912639,321.5846994535516,122.32935803095654,98.3935742971887
2023-12-14 00:00:00+00:00,39.946380697051,153.27726050706377,126.46976889000572,344.6265938069214,124.71453945699054,101.2048192771084
2023-12-15 00:00:00+00:00,35.65683646112606,149.42251496886513,121.29041420635494,330.19125683060076,118.02841918294843,96.38554216867466
2023-12-16 00:00:00+00:00,37.80160857908853,150.6257602003116,121.75252494906412,335.70127504553705,123.23014463334172,116.46586345381525
2023-12-17 00:00:00+00:00,35.65683646112606,147.40724932717592,119.98055420515321,322.72313296903434,117.92692210098954,103.41365461847387
2023-12-18 00:00:00+00:00,35.12064343163544,151.9787831522153,121.23196757577584,338.8888888888885,116.8865770109109,104.81927710843371
2023-12-19 00:00:00+00:00,33.51206434316359,150.61849220436173,118.96401981723143,332.4225865209468,114.47602131438717,101.6064257028112
2023-12-20 00:00:00+00:00,34.0482573726542,155.5811795957426,120.28917426381834,374.36247723132925,116.0872874904846,102.81124497991965
2023-12-21 00:00:00+00:00,35.120643431635436,156.2683258598858,122.33426010389306,427.32240437158424,120.51509769094133,104.718875502008
2023-12-22 00:00:00+00:00,42.35924932975877,156.65039443128995,126.97339312733178,445.8105646630233,120.51509769094133,109.53815261044176
2023-12-23 00:00:00+00:00,39.67828418230568,155.6995695493771,126.08085299306839,491.25683060109236,118.57396599847748,111.14457831325299
2023-12-24 00:00:00+00:00,36.997319034852595,153.16767052891765,123.66924669394183,512.0673952641159,116.35371733062667,107.02811244979917
2023-12-25 00:00:00+00:00,37.80160857908852,155.25055703488565,124.06799473434103,550.5919854280504,119.70312103527017,110.64257028112449
2023-12-26 00:00:00+00:00,35.65683646112605,151.44839758503016,121.85740114599103,512.2495446265932,115.89698046181165,106.32530120481927
2023-12-27 00:00:00+00:00,38.605898123324444,154.72583622924964,129.9126577922469,486.83970856101945,118.81502156812982,109.33734939759037
2023-12-28 00:00:00+00:00,35.924932975871364,151.6437427898986,128.04455053448635,463.5701275045531,116.39177873636125,106.52610441767068
2023-12-29 00:00:00+00:00,35.924932975871364,149.87373638408644,125.58924581997356,483.4699453551906,115.41486932250689,104.51807228915662
2023-12-30 00:00:00+00:00,35.120643431635436,150.1349923365395,125.17848071534314,464.02550091074613,114.1842172037553,104.71887550200802
2023-12-31 00:00:00+00:00,34.852546916890134,150.64553342458703,124.64262889666972,463.2058287795986,113.61329611773654,104.01606425702809
2024-01-01 00:00:00+00:00,37.80160857908852,157.4003874839409,128.47552615623286,500.50091074681166,116.7089571174828,107.22891566265058
2024-01-02 00:00:00+00:00,35.924932975871364,160.13429403888944,128.655782119701,486.0200364298718,115.5798020806901,106.02409638554215
2024-01-03 00:00:00+00:00,31.635388739946425,152.64654809382552,120.70157805902572,448.6338797814202,104.04719614311082,96.08433734939756
2024-01-04 00:00:00+00:00,33.51206434316359,157.29902744238504,123.83639313279413,477.7322404371579,106.58462319208314,100.30120481927709
2024-01-05 00:00:00+00:00,31.903485254691727,157.27768661114007,123.92761357491284,455.1001821493619,104.88454706927169,98.49397590361443
2024-01-06 00:00:00+00:00,30.831099195710493,156.64782925624883,122.3981690363954,427.00364298724895,102.23293580309559,96.48594377510038
2024-01-07 00:00:00+00:00,30.02680965147457,156.50781345192036,121.34066738404907,407.2859744990887,99.26414615579796,90.56224899598392
2024-01-08 00:00:00+00:00,31.903485254691727,167.2744943933111,127.2956689408051,445.71948998178453,103.14640954072563,96.18473895582326
2024-01-09 00:00:00+00:00,32.17158176943703,164.27808492582005,128.0521977571789,452.4590163934421,100.52017254503924,97.0883534136546
2024-01-10 00:00:00+00:00,35.65683646112605,166.21618155168858,141.1666384447735,464.4808743169393,105.39203247906616,100.20080321285138
2024-01-11 00:00:00+00:00,36.729222520107285,165.09452313752254,143.00361058157137,454.91803278688474,107.28241563055055,101.90763052208834
2024-01-12 00:00:00+00:00,33.24396782841828,152.42387664928282,137.78875093541927,419.4899817850632,101.58589190560765,96.7871485943775
2024-01-13 00:00:00+00:00,33.51206434316359,152.65638126481647,140.82852195572264,436.475409836065,102.66429840142088,99.19678714859437
2024-01-14 00:00:00+00:00,31.903485254691727,148.68164253858268,135.0756255701278,427.1857923497262,101.53514336462818,96.18473895582329
2024-01-15 00:00:00+00:00,32.43967828418234,151.45612873758466,137.20100724847472,429.6903460837881,102.86729256533866,95.78313253012047
2024-01-16 00:00:00+00:00,33.24396782841827,153.6894342577701,141.33159996285642,444.4899817850631,103.19715808170507,97.08835341365462
2024-01-17 00:00:00+00:00,32.43967828418234,152.40025566244572,138.20661703254993,464.9362477231323,102.24562293834043,95.68273092369478
2024-01-18 00:00:00+00:00,30.56300268096519,147.23926598941293,134.96310215050832,429.8724954462653,99.06115199188014,92.46987951807228
2024-01-19 00:00:00+00:00,30.56300268096519,148.42042221356078,136.12056392805061,426.32058287795934,99.68282161887836,93.4738955823293
2024-01-20 00:00:00+00:00,31.36729222520111,148.5522793361612,135.02864977358763,422.9508196721306,111.3549860441511,97.1887550200803
2024-01-21 00:00:00+00:00,30.294906166219874,148.14003433059264,134.21148940586548,414.79963570127455,108.42425780258806,93.87550200803211
2024-01-22 00:00:00+00:00,28.418230563002716,140.9706907375092,126.40859110846496,381.7850637522764,102.22024866785068,89.65863453815258
2024-01-23 00:00:00+00:00,27.8820375335121,142.14489961258732,122.49758293139901,384.10746812386105,99.22608475006334,88.65461847389557
2024-01-24 00:00:00+00:00,27.8820375335121,142.8121301427306,122.08354044561463,404.2349726775951,100.27911697538687,89.3574297188755
2024-01-25 00:00:00+00:00,27.61394101876679,142.37109817281157,121.18881539058195,395.7650273224039,98.89621923369695,89.05622489959839
2024-01-26 00:00:00+00:00,28.954423592493335,149.00642220073493,123.86752825375676,420.2185792349722,101.30677493022067,90.76305220883533
2024-01-27 00:00:00+00:00,29.22252010723863,150.06498443437536,123.88173023875729,429.32604735883365,101.67470185232163,91.66666666666666
2024-01-28 00:00:00+00:00,28.418230563002705,149.74586953377232,123.27869210642754,437.06739526411604,99.9999999999999,90.36144578313254
2024-01-29 00:00:00+00:00,28.686327077748015,154.2763961855847,126.59430937385639,463.0236794171214,103.20984521694992,92.36947791164658
2024-01-30 00:00:00+00:00,27.077747989276162,152.98810827603847,127.98228029256097,461.7486338797808,101.14184217203746,90.86345381526102
2024-01-31 00:00:00+00:00,24.664879356568388,151.7016017380486,124.71200013109531,441.5300546448081,99.91119005328586,89.7590361445783
2024-02-01 00:00:00+00:00,24.664879356568388,153.49344775914147,125.86673075767598,445.4007285974493,100.6977924384673,90.66265060240963
2024-02-02 00:00:00+00:00,24.932975871313694,153.91050246791215,126.1278287896086,458.0145719489974,100.58360822126356,91.16465863453813
2024-02-03 00:00:00+00:00,24.932975871313694,153.23746466649516,125.44121743785273,446.0837887067388,99.898502918041,91.46586345381523
2024-02-04 00:00:00+00:00,23.592493297587154,151.71186243821313,125.07524320899321,434.83606557376976,99.35295610251195,89.35742971887548
2024-02-05 00:00:00+00:00,24.12868632707777,152.16012677665088,125.73290436055571,435.610200364298,99.40370464349141,89.45783132530117
2024-02-06 00:00:00+00:00,24.12868632707777,153.5504872763755,129.6007603524278,441.16575591985355,99.58132453691948,88.95582329317267
2024-02-07 00:00:00+00:00,26.005361930294928,158.00623195025267,132.4662839413787,460.56466302367863,101.66201471707681,90.96385542168672
2024-02-08 00:00:00+00:00,25.469168900804313,161.3518258702178,132.16312618463687,467.9417122040066,101.33214920071039,92.46987951807225
2024-02-09 00:00:00+00:00,27.077747989276162,167.92195169917903,135.82341470342442,486.97632058287707,103.46358792184715,94.2771084337349
2024-02-10 00:00:00+00:00,27.077747989276162,170.12486702061327,136.57065760652867,496.4025500910738,103.29865516366397,94.47791164658629
2024-02-11 00:00:00+00:00,26.809651474530856,172.08045671516504,136.95138005058107,489.34426229508097,103.05759959401158,94.47791164658629
2024-02-12 00:00:00+00:00,28.954423592493324,177.84240989644525,145.29668492896292,508.37887067395167,104.32631311849774,96.48594377510035
2024-02-13 00:00:00+00:00,28.954423592493324,177.06687197567638,144.20422454430758,512.2040072859736,102.82923115960408,95.08032128514053
2024-02-14 00:00:00+00:00,33.512064343163566,184.53288518775295,151.56849999726902,532.6502732240428,108.47500634356753,97.89156626506018
2024-02-15 00:00:00+00:00,33.512064343163566,184.83511268600188,154.17838785621055,516.8488160291429,108.19588936818056,98.99598393574291
2024-02-16 00:00:00+00:00,31.367292225201098,185.704813907239,153.04277528636138,502.4134790528224,108.99517888860686,99.09638554216862
2024-02-17 00:00:00+00:00,31.90348525469171,183.9894599807754,152.17590797113735,495.9927140255,106.01370210606433,96.68674698795175
2024-02-18 00:00:00+00:00,32.97587131367295,185.75312470384694,157.3798430134429,511.1111111111102,108.05633088048707,97.79116465863447
2024-02-19 00:00:00+00:00,32.97587131367295,184.46006271852974,160.85386703664676,507.87795992713933,113.44836335955328,99.39759036144572
2024-02-20 00:00:00+00:00,32.17158176943701,186.1847510319485,164.67802461313264,493.2149362477222,109.29967013448352,97.99196787148587
2024-02-21 00:00:00+00:00,30.831099195710475,184.72605711932263,162.11565878092364,478.27868852458926,107.29510276579536,95.98393574297182
2024-02-22 00:00:00+00:00,32.439678284182335,182.72746511540075,162.3068393482383,463.3879781420756,106.69880740928686,95.68273092369472
2024-02-23 00:00:00+00:00,31.90348525469171,180.78837092146068,159.62157172275556,454.9180327868844,107.21897995432619,95.58232931726903
2024-02-24 00:00:00+00:00,35.388739946380724,183.72432063832952,163.46593981635758,473.63387978141975,109.29967013448352,96.88755020080315
2024-02-25 00:00:00+00:00,36.729222520107264,184.29660406451978,170.01906343371243,471.1748633879771,109.26160872874895,97.08835341365454
2024-02-26 00:00:00+00:00,48.525469168900834,194.08566829579027,173.4794317021081,500.4553734061921,113.20730778990094,101.00401606425694
2024-02-27 00:00:00+00:00,71.58176943699736,203.20939025076714,177.10749263954833,493.4426229508186,123.80106571936045,109.33734939759027
2024-02-28 00:00:00+00:00,85.2546916890081,222.42953428534574,184.7951363663677,542.0309653916199,146.98046181172276,117.57028112449788
2024-02-29 00:00:00+00:00,73.45844504021454,217.79397796657145,182.44580030916651,572.3132969034597,148.84547069271744,126.10441767068264
2024-03-01 00:00:00+00:00,106.97050938337809,222.2720610397652,187.54431292435277,589.3897996357,176.7825425019029,169.3775100401605
2024-03-02 00:00:00+00:00,117.42627345844514,220.84475489396203,186.88719800298261,592.0765027322392,180.10657193605667,226.80722891566245
2024-03-03 00:00:00+00:00,158.98123324396792,224.85886193159104,190.51471271023055,592.7140255009094,194.70946460289247,226.10441767068258
2024-03-04 00:00:00+00:00,187.93565683646122,243.14193327267174,198.159204251856,606.8761384335141,230.85511291550353,360.5421686746986
2024-03-05 00:00:00+00:00,169.16890080428965,227.03227774005228,194.11109229651578,570.6284153005452,194.16391778736346,352.8112449799195
2024-03-06 00:00:00+00:00,193.0294906166221,235.40483093715102,208.58291501204457,595.5828779599258,200.25374270489712,334.03614457831304
2024-03-07 00:00:00+00:00,182.5737265415551,238.0737886851554,211.3233518869524,654.9180327868837,199.99999999999986,316.26506024096363
2024-03-08 00:00:00+00:00,241.55495978552298,242.70898872961845,212.12084796775073,659.3351548269566,208.792184724689,353.21285140562225
2024-03-09 00:00:00+00:00,234.85254691689028,243.3826321973646,213.31436093798666,657.0582877959912,226.7825425019029,350.9036144578311
2024-03-10 00:00:00+00:00,228.95442359249344,245.67208654900585,211.8537414037025,657.5136612021843,215.64323775691432,329.91967871485923
2024-03-11 00:00:00+00:00,242.35924932975888,256.79575435028744,222.03164857734362,677.7322404371572,230.9058614564829,339.95983935742953
2024-03-12 00:00:00+00:00,221.98391420911543,254.56515651486765,217.3974316256358,687.8415300546434,213.34686627759436,323.29317269076284
2024-03-13 00:00:00+00:00,242.0911528150136,260.33822545465944,218.75372119318533,746.3570127504537,214.37452423242814,321.4859437751002
2024-03-14 00:00:00+00:00,267.02412868632723,254.34045430675076,212.03017375582428,804.4171220400709,224.80334940370446,323.39357429718854
2024-03-15 00:00:00+00:00,239.14209115281514,247.61011192001217,204.40971634266126,837.6593806921654,207.5234712002028,300.2008032128512
2024-03-16 00:00:00+00:00,199.19571045576419,232.64936978637078,192.4418128287624,829.0072859744971,180.82973864501378,255.02008032128504
2024-03-17 00:00:00+00:00,210.1876675603218,243.66839982243283,199.08506442785128,919.2167577413455,195.73712255772628,296.6867469879516
2024-03-18 00:00:00+00:00,182.84182305630037,240.8770262210768,192.29815428818017,892.1675774134766,182.09845216949995,269.47791164658616
2024-03-19 00:00:00+00:00,176.9436997319036,220.66704526750144,172.53445346938113,773.3151183970834,163.42298908906358,249.89959839357417
2024-03-20 00:00:00+00:00,224.93297587131374,241.69830976341245,192.08348582259543,873.2695810564643,192.95863993910157,278.61445783132507
2024-03-21 00:00:00+00:00,211.7962466487937,233.3641985644995,190.79001272716354,817.2131147540963,197.1200202994162,273.0923694779114
2024-03-22 00:00:00+00:00,198.92761394101888,227.29103977232646,182.24151021723583,797.8597449908904,194.0116721644251,266.465863453815
2024-03-23 00:00:00+00:00,195.97855227882047,227.97996740802603,181.86898122606837,786.2021857923478,205.4047196143109,272.28915662650576
2024-03-24 00:00:00+00:00,209.6514745308312,239.45192897600344,188.72143898881873,837.3406193078303,223.94062420705384,281.82730923694754
2024-03-25 00:00:00+00:00,216.89008042895455,248.96452434172969,196.11958071370447,860.6102003642967,222.35473230144612,288.1526104417668
2024-03-26 00:00:00+00:00,215.54959785522797,249.34926497046837,195.9507955842752,867.304189435335,231.28647551382878,307.6305220883531
2024-03-27 00:00:00+00:00,204.55764075067034,247.50372841066738,191.24556870756481,848.497267759561,241.6518650088808,303.01204819277075
2024-03-28 00:00:00+00:00,215.28150134048266,252.17309516158105,194.4847137480678,863.5245901639324,279.12966252220224,321.4859437751001
2024-03-29 00:00:00+00:00,207.50670241286872,248.8595303021989,191.71259552200496,874.3624772313277,270.2359807155542,309.1365461847386
2024-03-30 00:00:00+00:00,217.96246648793573,247.90343256047925,191.48864114315066,884.3351548269558,252.62623699568616,299.39759036144545
2024-03-31 00:00:00+00:00,235.92493297587143,253.95236469948608,199.1167457790063,921.9034608378846,279.11697538695745,308.63453815261016
2024-04-01 00:00:00+00:00,212.3324396782843,248.1443452497589,191.38813478776234,875.4098360655715,260.12433392539947,287.5502008032126
2024-04-02 00:00:00+00:00,194.3699731903486,233.23137950125866,179.10669514346745,826.6393442622928,231.51484394823632,265.1606425702808
2024-04-03 00:00:00+00:00,182.3056300268097,235.01022150999026,180.84753076641567,842.6684881602888,222.3039837604667,264.3574297188752
2024-04-04 00:00:00+00:00,185.5227882037534,244.00440212539,181.75263419510256,837.8870673952617,228.34306013702087,278.11244979919644
2024-04-05 00:00:00+00:00,176.1394101876676,241.6274468029012,181.23098436142965,794.0346083788683,224.81603653894933,268.9759036144575
2024-04-06 00:00:00+00:00,181.23324396782846,245.4587494914184,183.07396503034317,813.6612021857902,235.6889114437958,275.4016064257025
2024-04-07 00:00:00+00:00,199.46380697050944,247.11325176551728,188.67883303381717,817.4863387978121,252.30905861456466,282.93172690763015
2024-04-08 00:00:00+00:00,208.0428954423593,255.1636617303673,201.8107530875662,822.7686703096518,257.04136006089806,288.55421686746945
2024-04-09 00:00:00+00:00,188.73994638069712,246.34943526958915,191.52960840757518,785.1548269581036,239.9391017508245,275.90361445783094
2024-04-10 00:00:00+00:00,191.42091152815019,251.64039381137263,193.67356191246122,789.207650273222,253.37477797513307,281.626506024096
2024-04-11 00:00:00+00:00,195.97855227882042,249.41421377741256,191.3182173231444,784.9271402550071,245.8766810454198,276.204819277108
2024-04-12 00:00:00+00:00,158.71313672922255,239.11891937726097,176.8382011547307,697.4499089253169,220.7942146663282,248.49397590361403
2024-04-13 00:00:00+00:00,135.12064343163541,227.7466077341452,164.25196506311698,630.5555555555538,193.52956102512042,211.84738955823258
2024-04-14 00:00:00+00:00,145.84450402144773,233.93626822610304,172.3416342114895,688.752276867029,205.68383658969793,228.0120481927707
2024-04-15 00:00:00+00:00,136.46112600536196,225.94913257893433,169.44005942984498,630.7377049180309,204.55468155290527,220.0803212851402
2024-04-16 00:00:00+00:00,144.77211796246652,227.27946085721018,168.46940837807875,620.3096539162094,197.91930981984257,227.71084337349356
2024-04-17 00:00:00+00:00,131.90348525469173,218.31552793083713,163.07210784768924,600.3642987249526,187.21136767317932,221.3855421686743
2024-04-18 00:00:00+00:00,136.461126005362,226.12759038144858,167.38678013688536,646.9489981785043,193.11088556204004,228.71485943775062
2024-04-19 00:00:00+00:00,137.5335120643432,227.36717559264443,166.9530733641772,648.9071038251345,198.337985282923,229.6184738955819
2024-04-20 00:00:00+00:00,155.49597855227887,231.3666397560803,172.37877786456778,688.6156648451708,206.29281908145134,262.7510040160638
2024-04-21 00:00:00+00:00,159.51742627345848,231.36863489222344,171.93523894839774,677.5956284152985,200.77391524993652,263.7550200803209
2024-04-22 00:00:00+00:00,184.4504021447722,238.06007212417154,174.80458614869485,714.7085610200342,204.51662014717073,269.9799196787144
2024-04-23 00:00:00+00:00,205.89812332439683,236.6160210857388,175.8566254991179,704.6903460837864,202.72773407764518,269.2771084337345
2024-04-24 00:00:00+00:00,194.10187667560328,229.04729398972356,171.55997880626865,672.9508196721289,192.07054047196138,258.03212851405584
2024-04-25 00:00:00+00:00,208.57908847184996,229.79101661449616,172.37932409476008,659.5628415300525,191.918294849023,258.13253012048153
2024-04-26 00:00:00+00:00,197.5871313672923,227.19616392323564,171.04106012355734,634.0163934426209,187.76960162395324,253.21285140562208
2024-04-27 00:00:00+00:00,193.29758713136738,226.09873216223585,177.82851649342075,643.4881602914371,187.46511037807656,248.7951807228912
2024-04-28 00:00:00+00:00,193.83378016085797,224.87542868706498,178.25949211516726,628.369763205827,186.12027404212122,243.27309236947755
2024-04-29 00:00:00+00:00,197.05093833780168,227.53815163462212,175.70750465661249,627.3679417122023,181.9588936818066,241.96787148594342
2024-04-30 00:00:00+00:00,178.8203753351207,216.15875013271216,164.63651111851567,577.2768670309637,169.2336970312103,224.79919678714828
2024-05-01 00:00:00+00:00,187.1313672922253,207.93939488945875,162.36473974862494,613.1147540983588,165.19918802334425,227.5100401606422
2024-05-02 00:00:00+00:00,202.14477211796256,210.4177815083656,163.11471380269083,626.5027322404354,167.33062674448107,228.8152610441764
2024-05-03 00:00:00+00:00,216.6219839142092,224.03244803917306,169.47392570176936,654.3260473588325,185.28292311596036,245.3815261044173
2024-05-04 00:00:00+00:00,232.43967828418243,227.63092546527642,170.27251424295235,665.0728597449892,203.14640954072564,251.50602409638515
2024-05-05 00:00:00+00:00,228.68632707774813,228.05831212907387,171.3201837518368,663.6156648451712,204.23750317178374,248.09236947791126
2024-05-06 00:00:00+00:00,223.86058981233256,225.0413456338227,167.2884587022664,695.9016393442604,198.52829231159598,239.75903614457792
2024-05-07 00:00:00+00:00,211.5281501340484,222.00193385696156,164.17986267772974,674.0892531876121,190.29434153768074,230.72289156626474
2024-05-08 00:00:00+00:00,213.40482573726553,218.01504617671347,162.46033003228231,647.4499089253172,181.73052524739907,226.30522088353385
2024-05-09 00:00:00+00:00,228.68632707774813,224.71649471680823,165.84804968509837,694.7632058287778,193.09819842679516,235.74297188754986
2024-05-10 00:00:00+00:00,225.46916890080445,216.6147456237045,158.95243973715412,664.890710382512,182.55518903831506,225.1004016064254
2024-05-11 00:00:00+00:00,228.41823056300282,216.7073769446343,159.08681236446674,662.2040072859729,181.50215681299153,226.00401606425672
2024-05-12 00:00:00+00:00,234.85254691689028,219.0516619127798,160.00666400834655,653.1420765027307,179.18041106318185,223.9959839357427
2024-05-13 00:00:00+00:00,265.951742627346,224.23933653172662,161.1919835256975,671.8579234972661,188.58157827962435,234.5381526104415
2024-05-14 00:00:00+00:00,283.37801608579116,219.38477839381568,157.41971781748276,646.7668488160276,184.62319208322754,230.72289156626476
2024-05-15 00:00:00+00:00,281.50134048257394,235.8767518898571,165.64703697432185,721.8579234972661,197.0819588936817,253.5140562248993
2024-05-16 00:00:00+00:00,268.90080428954445,232.4162951319391,160.8484047347234,725.7285974499073,189.95178888606938,246.6867469879515
2024-05-17 00:00:00+00:00,272.9222520107241,238.7892943844756,168.89492169790208,771.5846994535502,197.34838873382378,251.2048192771081
2024-05-18 00:00:00+00:00,255.76407506702435,238.40166793381567,170.5844116827715,785.0637522768653,194.13854351687377,248.59437751003983
2024-05-19 00:00:00+00:00,245.57640750670262,236.11727267739434,167.75767043747592,773.8160291438962,189.13981223039823,239.55823293172656
2024-05-20 00:00:00+00:00,305.898123324397,254.54595332949032,200.01747936615465,850.182149362475,210.26389241309298,261.7469879518069
2024-05-21 00:00:00+00:00,371.0455764075069,249.92051520115606,206.99939368448662,811.2477231329668,215.98579040852565,262.2489959839354
2024-05-22 00:00:00+00:00,358.7131367292228,246.42289903257276,204.16609767688308,805.7832422586497,210.96168485156045,254.31726907630488
2024-05-23 00:00:00+00:00,400.5361930294909,242.15840240898441,206.67220179928242,802.1857923497244,202.65161126617605,247.08835341365426
2024-05-24 00:00:00+00:00,379.3565683646115,244.22600474699894,203.6499101451335,763.66120218579,207.89139812230388,244.97991967871454
2024-05-25 00:00:00+00:00,401.34048257372683,246.86450104138987,204.79590108863687,766.6211293260451,220.78152753108338,251.80722891566236
2024-05-26 00:00:00+00:00,429.75871313672957,244.07522945847018,209.0133444035987,744.125683060107,210.87287490484638,244.27710843373464
2024-05-27 00:00:00+00:00,447.98927613941055,247.38416275180572,212.71405395661853,774.8178506375206,214.51408272012173,256.2248995983933
2024-05-28 00:00:00+00:00,428.9544235924936,243.68589289111617,210.00857581401968,768.1238615664821,209.2996701344836,268.47389558232896
2024-05-29 00:00:00+00:00,395.7104557640753,241.0281934113479,205.78840134809627,766.4845173041869,207.89139812230394,276.60642570281084
2024-05-30 00:00:00+00:00,386.5951742627348,243.52122290444794,204.7221600126727,759.9271402550065,202.30905861456475,259.83935742971846
2024-05-31 00:00:00+00:00,413.40482573726575,240.6277054580512,205.50763902923984,754.3260473588317,201.70007612281142,255.32128514056188
2024-06-01 00:00:00+00:00,398.39142091152837,241.43587810573223,208.43160924876975,756.5573770491778,203.38746511037803,253.6144578313249
2024-06-02 00:00:00+00:00,392.2252010723863,241.43153155913478,206.5247196473539,742.9417122040047,199.3148946967774,247.18875502007992
2024-06-03 00:00:00+00:00,387.13136729222543,245.1519973094164,205.76819083098007,750.8652094717643,200.90078660238512,245.28112449799158
2024-06-04 00:00:00+00:00,384.9865951742629,251.30820364354616,208.12626657125855,782.2404371584672,204.7196143110885,247.08835341365423
2024-06-05 00:00:00+00:00,390.8847184986597,253.33953725667357,211.1720461236775,790.2550091074654,207.13017000761224,260.44176706827267
2024-06-06 00:00:00+00:00,384.45040214477234,252.23886339944124,208.3026989233804,774.8178506375201,203.19715808170514,253.4136546184735
2024-06-07 00:00:00+00:00,342.6273458445042,247.09618622600763,200.9209441042645,739.9817850637498,188.02334432885053,237.85140562248958
2024-06-08 00:00:00+00:00,324.6648793565686,246.9353640019011,201.09846891677097,718.7158469945331,185.07992895204262,233.03212851405587
2024-06-09 00:00:00+00:00,342.09115281501363,248.1384310961919,202.45475848432056,738.251366120216,186.23445825932504,235.84337349397555
2024-06-10 00:00:00+00:00,323.86058981233265,247.75315605598632,200.3490410928974,724.2714025500886,183.68434407510782,230.0200803212848
2024-06-11 00:00:00+00:00,341.554959785523,239.82334494550074,191.0347238533263,679.9180327868829,175.15858919056072,217.16867469879486
2024-06-12 00:00:00+00:00,354.1554959785525,243.20706021677157,194.46450323095164,706.8306010928936,185.49860441512303,222.9919678714856
2024-06-13 00:00:00+00:00,319.57104557640764,237.8950814906232,189.50910292615518,670.7194899817827,179.01547830499868,212.65060240963822
2024-06-14 00:00:00+00:00,305.09383378016094,235.29777050661497,190.18642836464153,651.4116575591963,171.2636386703882,203.7148594377507
2024-06-15 00:00:00+00:00,317.6943699731905,235.9542415525579,194.93535365673807,662.6593806921653,173.52194874397358,208.5341365461844
2024-06-16 00:00:00+00:00,330.02680965147465,237.55255936776982,197.97621713742612,688.979963570125,173.9786856127886,210.34136546184706
2024-06-17 00:00:00+00:00,299.4638069705095,236.93784367110752,191.80654711508532,652.4134790528211,163.3976148185739,193.97590361445754
2024-06-18 00:00:00+00:00,293.833780160858,232.2029224469204,190.27491765579862,625.7285974499067,155.10022836843436,181.6265060240961
2024-06-19 00:00:00+00:00,304.5576407506703,231.48698921842677,194.4858062084525,617.5774134790507,155.3793453438213,181.92771084337318
2024-06-20 00:00:00+00:00,294.6380697050939,231.11511009232487,191.8950364062424,608.1511839708539,158.01826947475257,181.12449799196756
2024-06-21 00:00:00+00:00,305.8981233243968,228.52702661297846,192.191093170484,612.9326047358812,157.54884547069267,179.41767068273066
2024-06-22 00:00:00+00:00,306.43431635388754,228.94903353467578,190.9484194829386,608.7887067395243,157.00329865516363,180.62248995983904
2024-06-23 00:00:00+00:00,292.76139410187676,225.2010277801331,186.86043272355846,586.0200364298704,155.0621669626998,176.00401606425672
2024-06-24 00:00:00+00:00,303.2171581769437,214.80953931593905,183.13623527226852,602.5956284152985,151.00228368434406,171.0843373493973
2024-06-25 00:00:00+00:00,344.5040214477212,220.19893644992598,185.44023422350656,621.9489981785042,160.04821111393045,178.2128514056222
2024-06-26 00:00:00+00:00,336.1930294906166,216.84632392602884,184.15823196211358,622.9963570127483,155.7472722659223,172.08835341365432
2024-06-27 00:00:00+00:00,337.8016085790884,219.84430100048948,188.47345048150203,681.7395264116553,161.26617609743715,176.4056224899595
2024-06-28 00:00:00+00:00,310.7238605898123,215.28887077431938,184.633998459631,637.6593806921654,156.12788632326814,170.6827309236945
2024-06-29 00:00:00+00:00,303.21715817694366,217.27987413541126,184.56025738366674,638.7978142076481,154.65617863486418,169.77911646586315
2024-06-30 00:00:00+00:00,319.8391420911527,223.64054629677787,187.80267980532366,667.6229508196701,157.9294595280385,173.29317269076276
2024-07-01 00:00:00+00:00,306.16621983914206,224.09650616033906,188.023356803024,667.8961748633858,156.7114945445318,171.58634538152583
2024-07-02 00:00:00+00:00,303.7533512064343,221.37271779583054,186.88446685202086,701.4116575591963,158.96980461811717,173.29317269076276
2024-07-03 00:00:00+00:00,274.798927613941,214.5077037194325,180.00906742119273,641.3479052823295,150.32986551636637,164.55823293172665
2024-07-04 00:00:00+00:00,239.41018766756025,203.2545302060049,167.13005194649136,582.2404371584681,133.24029434153763,146.887550200803
2024-07-05 00:00:00+00:00,238.337801608579,201.75383155208047,162.87382628787435,611.6575591985409,133.81121542755642,150.4016064257026
2024-07-06 00:00:00+00:00,260.58981233243964,207.4589946081445,167.51951407362102,651.4116575591966,143.91017508246634,174.69879518072264
2024-07-07 00:00:00+00:00,225.20107238605897,199.00702786706407,160.10006937123455,599.4535519125664,132.1365135752347,155.62248995983913
2024-07-08 00:00:00+00:00,245.30831099195706,202.05962179344215,164.90744129391018,636.6575591985408,136.48820096422222,162.44979919678696
2024-07-09 00:00:00+00:00,243.4316353887399,206.81723769125696,167.5096819301591,643.9890710382492,136.4628266937325,164.35742971887527
2024-07-10 00:00:00+00:00,246.9168900804289,205.66237451128072,169.3887137917662,646.5391621129305,137.0210606445064,164.65863453815237
2024-07-11 00:00:00+00:00,238.33780160857904,204.28729817950955,169.3078717233017,618.0783242258632,135.29561025120523,162.9518072289154
2024-07-12 00:00:00+00:00,232.97587131367288,206.24399232442622,171.18198751317786,635.063752276865,136.6277594519157,165.66265060240943
2024-07-13 00:00:00+00:00,232.7077747989276,210.92871449815553,173.47888547191562,646.1748633879761,142.4892159350418,171.78714859437727
2024-07-14 00:00:00+00:00,246.64879356568363,216.6073351180301,177.25606725186134,672.4043715846972,146.34610504947975,177.0080321285138
2024-07-15 00:00:00+00:00,303.48525469168897,230.59548400934008,190.2732789652216,725.7741347905259,158.46231920832267,193.37349397590333
2024-07-16 00:00:00+00:00,331.63538873994634,231.7350273939318,188.12877923014324,731.42076502732,158.31007358538437,194.07630522088326
2024-07-17 00:00:00+00:00,313.40482573726536,228.32904497820667,185.010897292337,708.1056466302346,154.50393301192582,186.94779116465838
2024-07-18 00:00:00+00:00,312.0643431635388,227.9725212749205,187.1657754010696,725.0455373406169,151.68738898756655,174.59839357429695
2024-07-19 00:00:00+00:00,340.2144772117961,237.4924558914589,191.37338657256947,770.1730418943507,159.13473737630036,178.61445783132507
2024-07-20 00:00:00+00:00,327.61394101876664,239.20243007582235,192.13647015125122,790.5282331511813,170.31210352702354,181.72690763052182
2024-07-21 00:00:00+00:00,335.1206434316353,242.85559560870533,193.14262616551875,840.1183970856076,177.94975894443027,183.23293172690737
2024-07-22 00:00:00+00:00,319.03485254691674,240.59920351314977,187.88133695301883,814.6630236794149,174.77797513321485,176.40562248995957
2024-07-23 00:00:00+00:00,335.6568364611259,234.91306550530743,190.2252107082968,787.9326047358812,165.32605937579288,171.08433734939732
2024-07-24 00:00:00+00:00,327.61394101876664,232.91789373477377,182.21201378685015,810.8378870673929,162.33189545800553,168.57429718875477
2024-07-25 00:00:00+00:00,307.77479892761386,234.4283186773958,173.45430511326092,782.5591985428027,158.91905607713775,164.55823293172668
2024-07-26 00:00:00+00:00,322.25201072386056,241.93872366865645,178.8690850098049,833.6065573770467,170.24866785079925,170.28112449799173
2024-07-27 00:00:00+00:00,319.03485254691685,241.89778775029166,177.47073571744613,837.5227686703074,166.75970565846225,170.88353413654593
2024-07-28 00:00:00+00:00,315.0134048257372,243.15678991145168,178.6260125742191,841.9854280509996,164.9835067241816,168.67469879518046
2024-07-29 00:00:00+00:00,316.08579088471845,237.93669433017945,181.22060598777543,831.375227686701,162.94087794975886,166.86746987951784
2024-07-30 00:00:00+00:00,303.21715817694366,235.8108411422725,179.12035089827563,815.8469945355168,159.23623445825928,164.7590361445781
2024-07-31 00:00:00+00:00,296.2466487935656,230.25296188648682,176.58201919452904,781.9216757741326,154.6815529053539,159.83935742971863
2024-08-01 00:00:00+00:00,281.76943699731896,232.83958464115702,174.97937981023972,762.158469945353,150.96422227860944,158.5341365461845
2024-08-02 00:00:00+00:00,249.8659517426273,219.10275164901574,163.30152452846687,695.6739526411637,141.51230652118747,147.18875502008012
2024-08-03 00:00:00+00:00,231.09919571045575,216.2513458262109,158.60558356502602,648.9981785063734,137.16061913219988,142.87148594377487
2024-08-04 00:00:00+00:00,217.1581769436997,207.21270217676485,146.87692887536673,629.9180327868836,131.6290281654402,133.93574297188735
2024-08-05 00:00:00+00:00,188.73994638069703,192.4551432828398,132.1653111054061,590.9836065573754,119.71580817051503,132.83132530120463
2024-08-06 00:00:00+00:00,207.5067024128686,199.59203028616673,134.4452759281817,657.5591985428032,122.36741943669112,134.93975903614438
2024-08-07 00:00:00+00:00,197.31903485254685,196.428848813571,127.97080945852208,659.2440801457175,121.26363867038816,129.31726907630502
2024-08-08 00:00:00+00:00,235.1206434316354,219.77133602154183,146.52624909189237,742.8506375227662,136.36132961177358,143.67469879518052
2024-08-09 00:00:00+00:00,228.41823056300265,216.7501298619865,141.9532099217253,711.6575591985404,131.7685866531336,140.96385542168653
2024-08-10 00:00:00+00:00,226.27345844504018,217.0548156529832,142.56171035597828,701.3205828779576,133.44328850545537,141.46586345381507
2024-08-11 00:00:00+00:00,207.2386058981233,209.17787565028974,139.58257088702325,644.6721311475388,127.61989342806386,134.43775100401587
2024-08-12 00:00:00+00:00,220.37533512064334,211.43683292088647,148.70024525735644,666.165755919852,136.90687642730262,139.65863453815243
2024-08-13 00:00:00+00:00,219.30294906166216,215.85645137960108,147.61543209539371,667.805100182147,134.94037046434903,139.3574297188753
2024-08-14 00:00:00+00:00,214.47721179624662,209.07384355139942,145.37643453704268,654.4171220400706,129.9162649073838,136.64658634538134
2024-08-15 00:00:00+00:00,199.46380697050932,205.00401521148808,140.3751508960907,649.271402550089,127.1377822887591,133.23293172690745
2024-08-16 00:00:00+00:00,192.4932975871313,209.75507566197558,141.62274065536707,633.1511839708539,127.31540218218716,132.63052208835322
2024-08-17 00:00:00+00:00,200.8042895442359,211.95467763231503,142.81243001425673,646.3114754098339,130.36031464095396,134.23694779116445
2024-08-18 00:00:00+00:00,195.4423592493297,208.16163880482804,142.6835196888674,648.5428051001799,126.92210098959646,132.93172690763032
2024-08-19 00:00:00+00:00,205.8981233243967,211.76410650321765,144.00594298449266,657.0582877959904,128.55874143618362,133.83534136546166
2024-08-20 00:00:00+00:00,207.7747989276139,210.25100950326112,140.53519634244276,647.8597449908902,130.53793453438203,136.94779116465844
2024-08-21 00:00:00+00:00,212.06434316353887,217.88322468154436,143.69732292582754,650.2276867030943,134.67394062420692,141.76706827309215
2024-08-22 00:00:00+00:00,214.20911528150134,215.10360813246007,143.269624685235,652.1857923497245,133.53209845216938,141.16465863453791
2024-08-23 00:00:00+00:00,243.43163538873992,228.14823576523818,150.89499817012896,697.9052823315094,143.27581832022318,153.61445783132504
2024-08-24 00:00:00+00:00,254.69168900804289,228.57494550784426,151.19651723629383,731.6484517304165,142.83176858665303,156.92771084337323
2024-08-25 00:00:00+00:00,245.04021447721178,228.79936269651213,150.00191180567327,723.6794171220376,139.03831514843938,151.70682730923667
2024-08-26 00:00:00+00:00,228.41823056300265,223.86140074233333,146.41645682323454,715.4826958105624,133.46866277594512,146.68674698795158
2024-08-27 00:00:00+00:00,204.8257372654155,211.6803820400696,134.22678385125067,668.4426229508175,125.48845470692709,138.15261044176683
2024-08-28 00:00:00+00:00,206.16621983914203,210.32618338293872,138.105018216777,655.5100182149341,126.41461557980203,139.15662650602385
2024-08-29 00:00:00+00:00,205.09383378016085,211.48090405319047,138.0656896429294,637.5227686703076,127.34077645267692,141.26506024096363
2024-08-30 00:00:00+00:00,208.3109919571046,210.64358816684762,137.97774658196465,628.3697632058269,129.11697538695753,140.5622489959837
2024-08-31 00:00:00+00:00,203.48525469168902,210.10917669994518,137.26819356213107,616.3479052823295,128.4953057599593,138.95582329317247
2024-09-01 00:00:00+00:00,191.42091152815016,204.15180705893428,132.50015021330296,585.1548269581037,120.64196904338993,132.12851405622467
2024-09-02 00:00:00+00:00,204.28954423592498,210.67258889578486,138.6337690429502,614.4808743169378,125.7548845470692,137.14859437750982
2024-09-03 00:00:00+00:00,194.63806970509387,204.81401412128866,132.4766623150329,580.7832422586503,122.7734077645267,131.42570281124478
2024-09-04 00:00:00+00:00,197.05093833780165,206.5354247110438,133.86517946392976,608.5610200364279,124.3339253996447,136.4457831325299
2024-09-05 00:00:00+00:00,190.34852546916895,200.1549080705395,129.39155418876632,589.2987249544608,124.86678507992887,132.42971887550178
2024-09-06 00:00:00+00:00,178.28418230563005,192.2561997074276,121.54878108732589,569.4444444444426,117.40674955595021,128.51405622489938
2024-09-07 00:00:00+00:00,181.50134048257377,192.96123094199646,124.1898040672301,581.5573770491785,121.02258310073579,129.2168674698793
2024-09-08 00:00:00+00:00,189.54423592493302,195.48753645576897,125.4854620834313,592.6684881602896,121.99949251459014,131.32530120481906
2024-09-09 00:00:00+00:00,197.85522788203752,203.22599263367243,128.8830138797093,615.1183970856084,131.64171530068504,135.9437751004014
2024-09-10 00:00:00+00:00,200.0,205.3422264151751,130.4681738978441,617.6229508196702,130.42375031717833,135.8433734939757
2024-09-11 00:00:00+00:00,194.10187667560325,204.28056459502665,127.84790766524839,603.0054644808724,128.53336716569393,133.1325301204817
2024-09-12 00:00:00+00:00,198.92761394101882,207.11052270429317,129.00646190317534,619.5355191256813,130.28419182948485,135.74297188754997
2024-09-13 00:00:00+00:00,212.06434316353895,215.53883283110545,133.23592228236828,633.0601092896158,135.7015985790408,140.16064257028088
2024-09-14 00:00:00+00:00,208.04289544235934,213.73975444149386,132.0669896707871,624.4990892531857,133.72240548084235,137.85140562248975
2024-09-15 00:00:00+00:00,197.05093833780168,210.67212573918027,126.51237484500722,598.2240437158454,130.43643745242318,134.33734939759017
2024-09-16 00:00:00+00:00,193.02949061662204,207.40149193430602,125.39697279227416,598.6794171220383,126.41461557980203,132.3293172690761
2024-09-17 00:00:00+00:00,196.5147453083111,214.88325247094062,127.9161864392893,598.9981785063735,128.29231159604154,133.63453815261025
2024-09-18 00:00:00+00:00,201.87667560321728,220.03497901188044,129.71601492300888,611.7486338797796,131.7558995178888,137.44979919678696
2024-09-19 00:00:00+00:00,212.8686327077749,224.26751782974804,134.65721324280483,650.6830601092876,133.202232935803,141.46586345381507
2024-09-20 00:00:00+00:00,221.17962466487947,225.16910560184365,139.9114014628045,667.8506375227666,133.9127125095153,144.37751004016047
2024-09-21 00:00:00+00:00,225.7372654155497,225.69607093564065,142.69717544367552,680.3734061930763,139.46967774676472,150.60240963855404
2024-09-22 00:00:00+00:00,214.74530831099204,226.5147893029352,140.9820126397667,658.6065573770472,134.90230905861452,145.78313253012033
2024-09-23 00:00:00+00:00,217.96246648793573,225.66411312991988,144.5854932185522,659.3351548269562,137.10987059122047,145.3815261044175
2024-09-24 00:00:00+00:00,230.29490616621993,228.95149182742372,144.92579462837233,695.4918032786865,139.2920578533367,148.89558232931708
2024-09-25 00:00:00+00:00,226.5415549597856,224.99438867959768,140.92465846957228,673.8615664845153,137.64273027150466,153.21285140562227
2024-09-26 00:00:00+00:00,255.22788203753356,232.19818399858073,143.78198860563825,708.3333333333314,149.93656432377566,186.94779116465838
2024-09-27 00:00:00+00:00,286.8632707774799,234.32143638401533,147.17790171133922,717.8506375227666,156.69880740928696,203.51405622489932
2024-09-28 00:00:00+00:00,305.09383378016094,234.63513591508706,146.1280472816855,713.7978142076485,162.47145394569904,196.98795180722863
2024-09-29 00:00:00+00:00,302.41286863270784,233.7231093056713,145.16722837338116,721.5846994535501,157.80258817558993,194.17670682730898
2024-09-30 00:00:00+00:00,280.42895442359253,225.61993511532248,142.14165933807828,694.3989071038234,144.89977163156559,176.4056224899596
2024-10-01 00:00:00+00:00,260.05361930294913,216.635373906327,133.70568024777006,660.8834244080128,135.56204009134737,164.85943775100378
2024-10-02 00:00:00+00:00,247.72117962466496,216.07780460919207,129.13427976817994,638.3424408014555,132.73280893174322,163.45381526104396
2024-10-03 00:00:00+00:00,231.63538873994648,216.4462991293369,128.35317059315142,623.0418943533681,133.30373001776198,161.4457831325299
2024-10-04 00:00:00+00:00,251.7426273458446,221.1964688940462,131.88236386578035,652.2768670309637,138.5942654148693,174.59839357429695
2024-10-05 00:00:00+00:00,250.67024128686336,221.0967120868911,131.89601962058853,649.3169398907086,138.79725957878708,175.10040160642544
2024-10-06 00:00:00+00:00,274.2627345844506,223.81120169187548,133.2818056185238,667.0309653916194,141.57574219741178,181.9277108433732
2024-10-07 00:00:00+00:00,262.7345844504023,221.68812744359644,132.3357349254123,655.5555555555538,137.54123318954578,174.99999999999974
2024-10-08 00:00:00+00:00,254.95978552278837,221.46185762850993,133.32878141506396,653.4153005464464,135.86653133722402,173.1927710843371
2024-10-09 00:00:00+00:00,244.5040214477213,216.03056263551787,129.48222840069263,634.4717668488144,136.94493783303724,169.67871485943752
2024-10-10 00:00:00+00:00,249.3297587131368,214.9274304855378,130.35728916880154,633.1056466302351,134.52169500126868,168.47389558232905
2024-10-11 00:00:00+00:00,261.1260053619303,222.81395426720434,133.25285541833045,662.704918032785,140.5353971073331,177.3092369477909
2024-10-12 00:00:00+00:00,265.14745308310995,225.1875249837361,135.26844482801948,666.6666666666649,141.30931235726968,179.21686746987925
2024-10-13 00:00:00+00:00,260.0536193029491,223.989730749252,134.85931841396607,672.7686703096521,141.3346866277594,177.1084337349395
2024-10-14 00:00:00+00:00,292.22520107238614,235.4402802311223,143.64706974813328,717.6229508196702,148.04618117229123,187.751004016064
2024-10-15 00:00:00+00:00,278.28418230563005,238.96793032414547,142.424606577704,704.7358834244061,149.0484648566353,183.13253012048168
2024-10-16 00:00:00+00:00,279.8927613941019,240.91272490706586,142.6261655186729,702.5500910746794,159.5153514336462,186.64658634538125
2024-10-17 00:00:00+00:00,264.8793565683646,240.20648233983871,142.33666351673926,685.336976320581,164.51408272012173,182.83132530120454
2024-10-18 00:00:00+00:00,281.5013404825737,243.79138571468272,144.3233027262349,705.5555555555537,174.01674701852315,188.65461847389528
2024-10-19 00:00:00+00:00,281.2332439678284,243.61324855904857,144.65267953220848,727.6411657559179,182.78355747272258,191.0642570281121
2024-10-20 00:00:00+00:00,286.3270777479892,245.94324692731223,150.04451776067472,762.2950819672113,180.33494037046424,191.16465863453783
2024-10-21 00:00:00+00:00,272.9222520107239,240.0487240748091,145.66320538801466,756.6939890710362,182.27607206292808,184.3373493975901
2024-10-22 00:00:00+00:00,270.2412868632708,240.22151711577422,143.2658010738886,763.1602914389778,177.23927937071798,182.22891566265034
2024-10-23 00:00:00+00:00,263.0026809651475,237.52327361938362,137.90182058523106,778.005464480872,177.58183202232928,177.2088353413652
2024-10-24 00:00:00+00:00,268.09651474530835,242.97295236683715,138.51414463083037,806.8761384335132,180.00507485409784,181.02409638554192
2024-10-25 00:00:00+00:00,235.38873994638072,237.62901583496804,133.31403319987112,750.910746812384,166.9753869576249,166.26506024096363
2024-10-26 00:00:00+00:00,243.43163538873998,239.03426860090366,135.60219147553164,778.14207650273,174.41004821111386,170.78313253012027
2024-10-27 00:00:00+00:00,245.84450402144773,242.34384318799957,136.98360763192827,804.326047358832,183.02461304237494,172.99196787148568
2024-10-28 00:00:00+00:00,246.11260053619307,249.2573818255924,140.2435094197397,811.8852459016372,204.84648566353707,183.03212851405598
2024-10-29 00:00:00+00:00,259.2493297587132,259.1411793962291,144.13922315142048,817.0309653916188,223.11596041613794,191.36546184738933
2024-10-30 00:00:00+00:00,258.4450402144772,257.7457241738534,145.2529865135766,796.311475409834,213.49911190053282,184.53815261044156
2024-10-31 00:00:00+00:00,244.23592493297588,250.43237450415526,137.57408246983448,768.1693989071018,205.0748540979446,179.71887550200782
2024-11-01 00:00:00+00:00,238.33780160857904,247.59643098645947,137.18516657289717,756.3752276867009,201.92844455721888,176.50602409638537
2024-11-02 00:00:00+00:00,233.7801608579088,247.16437712918443,136.24237326093964,756.6939890710362,202.42324283176845,175.20080321285118
2024-11-03 00:00:00+00:00,219.30294906166216,245.03118469046547,134.2486330589437,740.1183970856083,192.0705404719613,169.57831325301186
2024-11-04 00:00:00+00:00,212.3324396782842,241.73215582298306,130.99747095420955,719.2622950819655,200.73585384420184,169.27710843373478
2024-11-05 00:00:00+00:00,229.4906166219839,247.1546508404868,132.32699524233507,758.7431693989054,215.66861202740407,179.317269076305
2024-11-06 00:00:00+00:00,265.14745308310995,269.24358688426014,148.67675735908628,849.6812386156627,249.25145902055297,191.56626506024077
2024-11-07 00:00:00+00:00,294.6380697050938,270.2621751401762,158.15931349789426,894.1256830601071,245.16620147170752,192.36947791164636
2024-11-08 00:00:00+00:00,288.4718498659517,272.58469174790326,161.77972721264194,910.063752276865,256.2420705404718,190.96385542168653
2024-11-09 00:00:00+00:00,300.2680965147453,273.182092513038,170.7630289556625,910.2459016393425,277.7213905100227,205.8232931726905
2024-11-10 00:00:00+00:00,330.29490616621985,286.3376995937762,173.87654105193008,956.602914389798,352.4232428317684,261.7469879518069
2024-11-11 00:00:00+00:00,348.25737265415546,315.8300158257051,184.16642541499837,1011.5209471766829,445.7751839634608,280.0200803212848
2024-11-12 00:00:00+00:00,378.8203753351207,313.35041787413985,177.18614978724332,963.7522768670291,481.92083227607174,265.763052208835
2024-11-13 00:00:00+00:00,557.9088471849866,321.98362135736255,174.0923019778995,979.6448087431675,506.2547576757164,259.33734939759006
2024-11-14 00:00:00+00:00,553.6193029490618,311.11864433349285,167.0819836895664,954.3260473588323,459.959401167216,235.04016064257002
2024-11-15 00:00:00+00:00,625.4691689008043,324.3238804257908,168.78567565943635,994.7632058287775,484.01420959147384,256.62650602409605
2024-11-16 00:00:00+00:00,571.0455764075068,322.7379253291798,171.12681826375265,982.2859744990872,462.07815275310793,247.08835341365432
2024-11-17 00:00:00+00:00,568.632707774799,320.1338095058263,168.0204071599853,1081.3752276867008,465.66861202740375,248.895582329317
2024-11-18 00:00:00+00:00,549.0616621983916,322.3002779652178,175.21972109486373,1091.93989071038,470.85765034255223,249.59839357429686
2024-11-19 00:00:00+00:00,527.6139410187668,328.8796312988409,169.73775488466342,1082.1038251366097,495.648312611012,248.4939759036141
2024-11-20 00:00:00+00:00,502.94906166219835,335.91879225858696,167.6910303540117,1072.313296903458,479.29459528038524,239.6586345381523
2024-11-21 00:00:00+00:00,554.9597855227881,350.27864213884317,183.30447417150526,1167.4408014571923,490.53539710733276,248.59437751003986
2024-11-22 00:00:00+00:00,553.3512064343164,352.3267918994625,181.77339094241086,1169.8542805100153,523.6868815021564,255.22088353413625
2024-11-23 00:00:00+00:00,549.3297587131368,347.981670399234,185.3856112042736,1160.7012750455344,545.7371225577259,260.3413654618471
2024-11-24 00:00:00+00:00,541.5549597855227,348.79269324140523,183.59889224516982,1150.865209471764,545.8386196396849,258.4337349397587
2024-11-25 00:00:00+00:00,508.5790884718498,331.3707725380912,186.50975294008387,1066.3934426229482,498.1476782542496,248.59437751003986
2024-11-26 00:00:00+00:00,490.08042895442355,327.6482403968043,181.6067907337509,1050.50091074681,491.055569652372,244.37751004016036
2024-11-27 00:00:00+00:00,529.2225201072384,341.5356349128876,199.55318370267585,1101.8214936247696,508.66531337224,258.333333333333
2024-11-28 00:00:00+00:00,532.1715817694369,340.7549310146053,195.48431500002718,1081.9216757741324,509.5153514336458,255.82329317269043
2024-11-29 00:00:00+00:00,548.5254691689008,347.22494376210017,196.21735591813086,1108.0601092896152,540.9286982999234,261.34538152610406
2024-11-30 00:00:00+00:00,541.5549597855227,343.47690238012643,202.30181403046856,1081.9672131147518,534.8896219233692,268.3734939759033
2024-12-01 00:00:00+00:00,596.7828418230564,346.24583069987256,202.52085233759198,1078.3242258652074,558.8048718599335,309.8393574297186
2024-12-02 00:00:00+00:00,547.7211796246648,341.45550882028334,199.0146007330408,1027.8688524590143,538.6577010910931,300.4016064257025
2024-12-03 00:00:00+00:00,542.8954423592494,341.48782290031545,197.43544924702155,1065.2094717668465,515.5036792692206,287.24899598393534
2024-12-04 00:00:00+00:00,584.1823056300267,351.24129532789027,209.63222321150567,1043.4881602914365,549.0230905861451,329.8192771084333
2024-12-05 00:00:00+00:00,567.828418230563,345.3923755872294,206.75905239986218,1073.9526411657532,541.512306521187,305.7228915662647
2024-12-06 00:00:00+00:00,577.7479892761394,355.3509907632325,218.43035291932708,1078.6429872495419,551.4717076884035,309.6385542168671
2024-12-07 00:00:00+00:00,667.2922252010725,355.6757347979536,218.28560191836024,1084.426229508194,574.4861710225825,320.9839357429715
2024-12-08 00:00:00+00:00,708.3109919571048,360.22749539871756,218.7187624608761,1079.3260473588316,591.6645521441253,323.19277108433687
2024-12-09 00:00:00+00:00,710.187667560322,346.57107351862953,202.76064739202377,986.4754098360631,525.285460543009,273.59437751003975
2024-12-10 00:00:00+00:00,629.4906166219841,344.13604548340396,198.1859695312797,972.677595628413,499.77163156559214,272.6907630522084
2024-12-11 00:00:00+00:00,673.4584450402149,360.282397270084,209.30503132630136,1035.0182149362452,525.272773407764,289.0562248995979
2024-12-12 00:00:00+00:00,634.0482573726545,356.2895954362689,212.02525768409308,1033.515482695808,515.2372494290785,282.4297188755016
2024-12-13 00:00:00+00:00,663.5388739946385,361.34854814655444,213.40121153856643,1023.633879781418,518.9165186500883,286.6465863453811
2024-12-14 00:00:00+00:00,625.4691689008047,361.3334064883256,211.40692510637814,1001.5027322404349,505.30322253235187,276.0040160642566
2024-12-15 00:00:00+00:00,647.4530831099199,372.178360895902,216.2574492142477,1021.2659380692145,515.846231920832,279.919678714859
2024-12-16 00:00:00+00:00,628.6863270777484,377.85976045540446,217.74046418641726,984.471766848814,509.9594011672161,272.99196787148554
2024-12-17 00:00:00+00:00,601.6085790884722,378.1272512083047,212.64796010334658,1016.165755919852,500.063435676224,264.2570281124494
2024-12-18 00:00:00+00:00,520.9115281501342,357.00114649073396,198.10676615339221,940.4826958105625,454.50393301192565,241.46586345381488
2024-12-19 00:00:00+00:00,457.104557640751,347.2315704642899,186.64740294855045,882.5591985428034,398.7693478812481,216.56626506024062
2024-12-20 00:00:00+00:00,473.7265415549601,348.45565774294556,189.66259361019905,885.6102003642968,403.3620908398881,225.60240963855392
2024-12-21 00:00:00+00:00,466.7560321715822,346.6263672917384,182.38189137666382,826.2750455373388,406.5211875158586,217.8714859437748
2024-12-22 00:00:00+00:00,478.5522788203757,339.12422786449923,179.26346320866526,822.0400728597431,396.6252220248665,216.16465863453786
2024-12-23 00:00:00+00:00,495.4423592493301,338.0383037637534,186.94892201471532,865.7103825136593,412.29383405227065,226.00401606425672
2024-12-24 00:00:00+00:00,516.3538873994642,351.5129901176634,190.80803832351015,897.495446265936,427.68332910428796,235.94377510040124
2024-12-25 00:00:00+00:00,497.0509383378019,354.2421225968409,191.01669825697934,899.0892531876117,424.1689926414613,229.21686746987922
2024-12-26 00:00:00+00:00,466.2198391420914,341.28086315289954,182.17050029223304,858.1967213114735,396.7774676478049,216.7670682730921
2024-12-27 00:00:00+00:00,479.3565683646116,335.963219665202,182.0863808426146,838.8888888888868,395.6609997462571,217.8714859437748
2024-12-28 00:00:00+00:00,502.94906166219863,339.5294186387045,185.9367574683322,890.2550091074661,411.5579802080687,222.69076305220855
2024-12-29 00:00:00+00:00,479.6246648793568,333.96512644531595,183.34107159439122,864.936247723131,398.82009642222766,214.35742971887524
2024-12-30 00:00:00+00:00,494.9061662198394,330.5942370492508,183.63385097747883,871.4936247723113,398.32529814767804,212.24899598393546
2024-12-31 00:00:00+00:00,535.1206434316357,333.38724951243876,182.31962113473853,862.0673952641148,400.91347373762983,212.65060240963828
2025-01-01 00:00:00+00:00,519.5710455764079,337.0062483388711,183.554101369399,884.6994535519109,412.4968282161885,217.8714859437748
2025-01-02 00:00:00+00:00,549.0616621983919,345.5318926075219,188.75912887208918,948.5883424407995,430.00507485409776,230.0200803212848
2025-01-03 00:00:00+00:00,578.8203753351211,349.7693836383161,197.1350226412414,992.6684881602891,481.9715808170511,245.28112449799164
2025-01-04 00:00:00+00:00,566.2198391420916,349.93440989929564,199.74982657191384,986.6575591985405,500.9261608728745,244.2771084337346
2025-01-05 00:00:00+00:00,555.4959785522793,350.4442740661517,198.60875170014134,971.8123861566463,485.0291804110627,240.16064257028083
2025-01-06 00:00:00+00:00,557.1045576407511,364.23917977102974,201.41965226985943,993.7158469945331,492.0324790662265,241.56626506024062
2025-01-07 00:00:00+00:00,498.39142091152854,345.4243690203811,184.69736116194076,920.6284153005441,441.51230652118716,218.77510040160612
2025-01-08 00:00:00+00:00,477.74798927613983,338.6765335649592,181.74662566298682,899.2714025500889,434.28063943161607,213.85542168674672
2025-01-09 00:00:00+00:00,456.03217158176994,329.74074630917636,175.8424235141172,842.213114754096,407.25704136006067,211.2449799196784
2025-01-10 00:00:00+00:00,472.92225201072443,337.48479599376674,178.45558875421267,854.644808743167,423.59807155544263,216.465863453815
2025-01-11 00:00:00+00:00,483.1099195710462,337.0354628323951,179.31808622789802,856.5118397085585,432.8850545546813,222.9919678714856
2025-01-12 00:00:00+00:00,475.87131367292284,336.8397613532154,178.46979073921318,858.4244080145693,426.17356001014934,216.465863453815
2025-01-13 00:00:00+00:00,452.01072386059036,336.80783917492585,171.38026907299263,832.7413479052796,428.9139812230395,212.85140562248966
2025-01-14 00:00:00+00:00,468.09651474530887,344.0215389197621,176.19364952778386,854.1438979963539,451.5478304998728,217.16867469879492
2025-01-15 00:00:00+00:00,511.26005361930356,358.0462415554082,188.53244334227315,937.4316939890678,488.9241309312355,228.31325301204794
2025-01-16 00:00:00+00:00,485.7908847184992,356.22906443078415,180.69567877294838,961.4754098360619,477.65795483379827,221.08433734939732
2025-01-17 00:00:00+00:00,544.2359249329766,370.80132505541854,189.74015829750962,999.5901639344222,526.8332910428823,242.8714859437748
2025-01-18 00:00:00+00:00,494.63806970509455,372.5069883206155,180.67710694640922,1192.9417122040027,502.9307282415628,228.71485943775073
2025-01-19 00:00:00+00:00,430.0268096514751,361.01835311487076,175.6195615956475,1149.4535519125639,454.7069271758434,204.21686746987925
2025-01-20 00:00:00+00:00,423.5924932975878,364.32614633041027,179.38199516040038,1102.8688524590123,449.8350672418165,204.1164658634536
2025-01-21 00:00:00+00:00,426.2734584450409,378.16316365888025,181.76028141779497,1139.9362477231286,471.66962699822335,209.8393574297186
2025-01-22 00:00:00+00:00,406.1662198391428,369.48018865437336,177.12060216416393,1171.948998178502,460.42882517127595,202.61044176706798
2025-01-23 00:00:00+00:00,410.72386058981294,370.2058481715647,182.3431090330086,1152.5956284152962,446.663283430601,202.20883534136522
2025-01-24 00:00:00+00:00,400.5361930294913,373.6266515986386,180.80710973218325,1153.7795992713984,445.12814006597273,200.50200803212826
2025-01-25 00:00:00+00:00,403.2171581769444,373.1861184127554,181.28123753912362,1167.622950819668,448.5156051763509,200.20080321285116
2025-01-26 00:00:00+00:00,375.8713136729229,365.60869822354516,176.57491820202858,1095.1730418943494,426.35117990357753,191.66666666666643
2025-01-27 00:00:00+00:00,351.4745308310998,363.6948995057052,173.83448132712078,1069.6265938069178,423.71225577264624,190.46184738955802
2025-01-28 00:00:00+00:00,306.9705093833786,361.03242595016593,168.1143587530656,1033.970856102,404.3516873889874,180.32128514056205
2025-01-29 00:00:00+00:00,332.17158176943764,369.57488636630865,170.09061958890703,1038.9799635701238,411.1139304744987,183.63453815261022
2025-01-30 00:00:00+00:00,346.64879356568434,373.1009332249311,177.38224642628887,1085.2003642987208,420.61659477290016,187.55020080321262
2025-01-31 00:00:00+00:00,371.58176943699806,364.9302094251658,180.31004025716504,1055.4189435336937,417.27987820350154,189.75903614457806
2025-02-01 00:00:00+00:00,328.150134048258,358.53896892789237,170.2894473789143,970.0819672131114,390.6622684597818,176.70682730923676
2025-02-02 00:00:00+00:00,289.0080428954429,348.0821041275806,156.75058583188115,926.7304189435304,340.1167216442526,155.72289156626488
2025-02-03 00:00:00+00:00,294.90616621983975,361.0074867483772,157.30883308844002,984.8816029143867,361.39304744988567,168.6746987951805
2025-02-04 00:00:00+00:00,272.1179624664885,348.3049180818478,149.18584389833552,940.9836065573738,334.24257802588164,158.13253012048173
2025-02-05 00:00:00+00:00,268.3646112600542,344.20526958208325,152.3026333757571,893.0783242258622,325.03171783811206,158.33333333333314
2025-02-06 00:00:00+00:00,247.18498659517473,343.99834546209865,146.75238839151584,863.1147540983577,314.5013955848769,149.1967871485942
2025-02-07 00:00:00+00:00,239.41018766756076,343.82893702709055,143.22701873023317,874.2714025500883,312.7505709210859,151.6064257028111
2025-02-08 00:00:00+00:00,256.56836461126056,343.6078331895175,143.79291320948465,907.6502732240407,320.83227607206277,160.2409638554215
2025-02-09 00:00:00+00:00,255.7640750670246,343.6719981929769,143.50450366793564,912.8870673952612,315.7827962446078,157.22891566265042
2025-02-10 00:00:00+00:00,257.1045576407512,347.1209829180722,145.362232552042,912.8870673952612,324.0548084242576,158.6345381526103
2025-02-11 00:00:00+00:00,257.1045576407512,341.23312239518975,142.16132362500196,901.4571948998149,321.0479573712254,157.53012048192755
2025-02-12 00:00:00+00:00,270.5093833780166,348.68563281086927,149.57257487450352,896.0837887067365,335.1687388987565,170.6827309236946
2025-02-13 00:00:00+00:00,259.5174262734589,344.18998541413004,146.16409847437896,884.5628415300517,332.9738645013954,163.55421686746973
2025-02-14 00:00:00+00:00,276.13941018766803,347.3691636033017,148.89961927755581,907.9690346083756,344.83633595534104,167.87148594377496
2025-02-15 00:00:00+00:00,266.4879356568369,347.6156341718372,147.10197571460552,885.6102003642956,344.7602131438719,163.85542168674684
2025-02-16 00:00:00+00:00,260.0536193029495,342.44417003405306,145.37424961627318,857.3315118397056,336.9068764273025,160.2409638554215
2025-02-17 00:00:00+00:00,271.3136729222524,341.23953533279257,149.8882959256689,808.424408014569,327.5691448870842,158.1325301204818
2025-02-18 00:00:00+00:00,248.2573726541559,340.8538327634135,145.95216115975583,771.0382513661175,318.9165186500885,152.91164658634523
2025-02-19 00:00:00+00:00,250.93833780160898,344.3190635971025,148.32880872657347,769.2622950819645,323.26820603907606,154.7188755020079
2025-02-20 00:00:00+00:00,257.908847184987,350.2354616923176,149.56001158008,801.4571948998149,323.19208322760693,156.02409638554204
2025-02-21 00:00:00+00:00,244.7721179624669,342.671686809229,145.4611002168533,769.3078324225838,304.0598832783555,151.4056224899597
2025-02-22 00:00:00+00:00,258.17694369973225,343.98644590010247,150.935419204361,783.5610200364271,312.81400659731,156.62650602409627
2025-02-23 00:00:00+00:00,250.67024128686367,342.9425265406552,154.01998110043525,764.754098360653,308.1070794214664,155.22088353413642
2025-02-24 00:00:00+00:00,211.5281501340486,326.1793926663074,137.29605130193957,645.765027322402,266.9753869576248,136.94779116465853
2025-02-25 00:00:00+00:00,221.1796246648797,315.94548432998727,136.3226690992117,657.2404371584677,268.4344075107838,141.46586345381513
2025-02-26 00:00:00+00:00,223.32439678284211,300.161427890436,127.61958344485524,616.2112932604713,258.24663790915986,144.87951807228902
2025-02-27 00:00:00+00:00,220.10723860589843,301.7949099801701,126.0546339438365,626.958105646628,262.458766810454,144.87951807228902
2025-02-28 00:00:00+00:00,212.33243967828452,300.51716779023735,122.22392160504273,674.7723132969011,256.07713778228856,139.9598393574296
2025-03-01 00:00:00+00:00,203.4852546916893,306.6258115038127,121.12053661654087,654.1894353369739,262.28114691702586,137.0481927710842
2025-03-02 00:00:00+00:00,236.72922252010758,335.85979323264104,137.546770960218,813.7978142076473,303.6158335447853,152.1084337349396
2025-03-03 00:00:00+00:00,193.83378016085817,307.1818844488404,117.38541456140442,647.3588342440778,252.63892413093097,129.61847389558218
2025-03-04 00:00:00+00:00,187.39946380697077,310.9632731063489,118.61443249414162,659.3351548269558,252.53742704897206,131.42570281124483
2025-03-05 00:00:00+00:00,189.81233243967856,322.8059380952011,122.44241368197379,666.1202185792325,259.71834559756377,134.23694779116454
2025-03-06 00:00:00+00:00,183.10991957104582,320.40422170807915,120.29081295439516,652.595628415298,255.68383658969776,134.43775100401595
2025-03-07 00:00:00+00:00,187.1313672922255,309.252336981345,116.98065798888962,634.7449908925294,251.7635117990355,132.02811244979907
2025-03-08 00:00:00+00:00,178.82037533512093,307.18843989616767,120.36619272093638,623.9071038251342,244.02435929966987,127.20883534136533
2025-03-09 00:00:00+00:00,157.3726541554962,287.63582067431355,110.36089428807081,576.0928961748612,213.2580563308802,116.96787148594365
2025-03-10 00:00:00+00:00,152.81501340482595,280.0168589004095,101.87739317103006,538.7978142076481,195.483379852829,115.46184738955812
2025-03-11 00:00:00+00:00,169.70509383378044,295.4689389367211,105.06355388287727,570.8105646630214,208.75412331895436,120.98393574297175
2025-03-12 00:00:00+00:00,186.59517426273487,298.1307711985,104.23164529996225,576.5938069216736,218.77696016239508,123.79518072289144
2025-03-13 00:00:00+00:00,179.35656836461155,288.99468652492214,101.84953543122135,561.7941712203987,209.62953565084973,120.68273092369466
2025-03-14 00:00:00+00:00,189.27613941018797,299.21056738109206,104.4200947163153,608.1056466302343,218.14260340015198,128.31325301204808
2025-03-15 00:00:00+00:00,191.42091152815044,300.47619624444167,105.81407416713544,618.6703096539138,223.2174574980967,128.91566265060231
2025-03-16 00:00:00+00:00,176.40750670241312,294.19183804054865,103.07363729222763,574.3624772313274,213.3595534128391,131.62650602409624
2025-03-17 00:00:00+00:00,198.12332439678315,299.3061557788053,105.2208681782676,582.9234972677572,219.8934280639429,130.020080321285
2025-03-18 00:00:00+00:00,195.17426273458472,294.69240344788057,105.50654656885496,570.7194899817829,213.1692463841662,126.0040160642569
2025-03-19 00:00:00+00:00,200.00000000000026,309.40977459949454,112.30820492371885,616.2568306010905,225.81832022329334,129.8192771084336
2025-03-20 00:00:00+00:00,205.0938337801611,300.0663026493274,108.36059932376693,581.0564663023656,215.03425526516088,129.91967871485932
2025-03-21 00:00:00+00:00,193.0294906166222,299.5867574263602,107.37520005680786,585.0637522768646,212.21771124080155,125.60240963855411
2025-03-22 00:00:00+00:00,189.54423592493322,298.70248458579226,108.19126796414538,585.2003642987227,212.34458259325018,128.61445783132518
2025-03-23 00:00:00+00:00,197.05093833780185,306.68983399754774,109.57323035073433,604.9180327868829,218.97995432631282,130.020080321285
2025-03-24 00:00:00+00:00,214.2091152815016,311.7334669124488,113.68142762723056,642.1220400728573,232.174574980969,135.84337349397578
2025-03-25 00:00:00+00:00,214.74530831099216,311.35834569011445,112.85935118777748,654.0983606557352,241.84217203755364,138.95582329317256
2025-03-26 00:00:00+00:00,228.4182305630029,309.63504684650957,109.76604960862599,625.4098360655713,247.27226592235442,142.67068273092355
2025-03-27 00:00:00+00:00,226.2734584450405,310.78524283300817,109.445958715922,630.3734061930759,241.6391778736358,140.7630522088352
2025-03-28 00:00:00+00:00,208.84718498659544,300.78237838754563,103.61440518263201,589.6630236794149,228.6729256533872,132.9317269076304
2025-03-29 00:00:00+00:00,193.56568364611283,294.45551665831834,99.8552489990331,567.3041894353347,215.13575234711973,127.30923694779104
2025-03-30 00:00:00+00:00,186.05898123324417,293.53436942653417,98.74421678783865,568.397085610198,211.26617609743695,124.99999999999987
2025-03-31 00:00:00+00:00,193.0294906166222,294.1044795794257,99.54662894036798,567.1220400728574,211.44379599086506,124.29718875501996
2025-04-01 00:00:00+00:00,206.9705093833783,303.3972893225306,104.05575917803272,576.8214936247699,220.73077899010377,127.40963855421674
2025-04-02 00:00:00+00:00,189.00804289544263,293.984343881666,98.06033658704442,534.6994535519103,207.85333671656917,120.98393574297177
2025-04-03 00:00:00+00:00,179.8927613941021,296.4668632825837,99.26258924035758,533.5610200364277,205.9248921593502,122.79116465863441
2025-04-04 00:00:00+00:00,194.10187667560345,298.8780565663854,99.24292495343377,559.1530054644785,217.3052524739911,123.49397590361433
2025-04-05 00:00:00+00:00,189.2761394101879,297.6243985198945,98.64971896456596,547.9052823315095,214.3872113676729,123.89558232931715
2025-04-06 00:00:00+00:00,169.97319034852566,279.42594232774,86.34588388238565,482.2859744990871,189.3808678000505,113.75502008032117
2025-04-07 00:00:00+00:00,172.92225201072404,282.0382880876838,84.83173378925338,487.2040072859723,189.77416899264122,114.65863453815248
2025-04-08 00:00:00+00:00,162.1983914209117,271.9171761983112,80.48210276774832,479.9635701275024,180.4744988581576,107.02811244979907
2025-04-09 00:00:00+00:00,186.86327077748007,294.33680605780376,91.19367683929353,542.1220400728573,203.38746511037783,119.7791164658633
2025-04-10 00:00:00+00:00,179.89276139410205,283.62035979430186,83.14989102707655,513.7067395264094,194.83633595534107,116.66666666666652
2025-04-11 00:00:00+00:00,186.05898123324414,297.2177113935817,85.58607768485787,552.8688524590139,203.04491245876653,122.48995983935728
2025-04-12 00:00:00+00:00,199.4638069705096,303.8196881459703,89.8100757621276,602.1857923497241,212.6744481096166,125.90361445783118
2025-04-13 00:00:00+00:00,194.90616621983935,298.41536311834125,87.27447520934263,584.6083788706713,206.29281908145117,120.98393574297175
2025-04-14 00:00:00+00:00,196.78284182305651,301.3780690359863,88.69521993958685,589.3442622950795,201.14184217203731,120.48192771084325
2025-04-15 00:00:00+00:00,187.66756032171602,298.0020492898389,86.7839604966324,574.2714025500886,194.82364882009622,117.16867469879506
2025-04-16 00:00:00+00:00,191.15281501340505,299.3786576011486,86.14814855276303,598.0418943533673,196.28266937325532,118.77510040160631
2025-04-17 00:00:00+00:00,194.10187667560342,302.64758128932874,86.50210571739133,613.9799635701249,197.7670641969041,118.47389558232922
2025-04-18 00:00:00+00:00,196.7828418230565,300.9616199935448,86.7741283531705,610.3825136611995,199.93656432377549,123.39357429718862
2025-04-19 00:00:00+00:00,201.07238605898146,303.10753142517615,88.12167823764283,636.930783242256,199.6320730778988,123.89558232931715
2025-04-20 00:00:00+00:00,202.14477211796265,303.47175065358573,86.70639580932188,627.7777777777751,196.98046181172273,124.09638554216855
2025-04-21 00:00:00+00:00,207.5067024128688,311.79784568049513,86.28088248949864,621.857923497265,202.2202486678506,124.09638554216855
2025-04-22 00:00:00+00:00,236.19302949061685,332.9133690510212,95.9322237577359,677.5500910746781,226.6302968789645,136.3453815261043
2025-04-23 00:00:00+00:00,236.72922252010747,333.7972499898467,98.0521431341595,688.0692167577383,226.64298401420933,136.2449799196786
2025-04-24 00:00:00+00:00,234.85254691689033,334.8282722192261,96.66362598526261,694.6721311475379,231.59096675970545,138.45381526104404
2025-04-25 00:00:00+00:00,242.62734584450425,337.1733053634252,97.48024012279244,686.7941712203976,230.3856889114436,142.0682730923693
2025-04-26 00:00:00+00:00,246.11260053619327,337.1352552669818,99.46196326055716,679.4626593806892,230.80436437452403,141.96787148594362
2025-04-27 00:00:00+00:00,234.85254691689033,334.0046728938671,97.84566812145964,673.8615664845142,227.51839634610485,135.04016064257013
2025-04-28 00:00:00+00:00,240.21447721179646,338.50042717289966,98.31487985666911,673.224043715844,227.18853082973845,137.95180722891553
2025-04-29 00:00:00+00:00,237.8016085790887,335.81283627841606,98.20181020685726,666.25683060109,221.59350418675444,134.63855421686733
2025-04-30 00:00:00+00:00,238.33780160857933,335.5106444075983,97.97239352607964,671.8579234972647,218.52321745749794,132.93172690763038
2025-05-01 00:00:00+00:00,234.04825737265438,343.7687622959177,100.4031178819377,686.9307832422555,229.1930981984266,135.54216867469864
2025-05-02 00:00:00+00:00,233.24396782841842,345.1839907425688,100.62652603059972,674.1803278688495,230.2841918294847,135.14056224899582
2025-05-03 00:00:00+00:00,219.0348525469171,341.51180016146395,100.1523982236593,668.0783242258623,222.83684344075087,130.22088353413642
2025-05-04 00:00:00+00:00,216.89008042895463,335.8869413351598,98.80539456937933,655.5100182149332,216.3029687896471,127.20883534136533
2025-05-05 00:00:00+00:00,212.868632707775,337.5117659591301,99.42427337728658,668.1238615664814,216.4679015478303,127.40963855421674
2025-05-06 00:00:00+00:00,214.2091152815015,344.99473782842307,99.25002594593404,668.8524590163904,218.4597817812736,127.91164658634524
2025-05-07 00:00:00+00:00,221.17962466487953,345.69474559520313,98.92829636265306,670.8561020036399,218.24410048211095,128.51405622489943
2025-05-08 00:00:00+00:00,298.1233243967831,367.8945542046432,120.57430642421319,748.9071038251334,251.4209591474243,144.57831325301186
2025-05-09 00:00:00+00:00,331.63538873994673,366.86274817177906,128.09316502160328,786.7941712203974,260.46688657701065,151.10441767068255
2025-05-10 00:00:00+00:00,367.2922252010727,373.40943115105887,141.10382197265557,810.0637522768636,317.97767064196876,171.3855421686745
2025-05-11 00:00:00+00:00,364.879356568365,370.9456874063451,137.35340547213391,788.6612021857891,294.100482111139,159.73895582329297
2025-05-12 00:00:00+00:00,365.14745308311035,366.2190673736106,136.3101058047881,793.3515482695776,293.08551129155006,158.23293172690745
2025-05-13 00:00:00+00:00,387.13136729222566,370.89481143469595,146.37385086823272,836.7486338797779,305.48084242577994,164.1566265060239
2025-05-14 00:00:00+00:00,372.65415549597896,368.77177281384814,142.55187821251613,804.37158469945,295.33113422989055,157.83132530120463
2025-05-15 00:00:00+00:00,349.0616621983918,369.68344314895256,139.21714288835585,770.309653916208,278.34306013702076,148.7951807228914
2025-05-16 00:00:00+00:00,337.5335120643435,368.61529713633894,138.58515455583273,762.2950819672101,280.525247399137,146.2851405622488
2025-05-17 00:00:00+00:00,326.00536193029524,367.4137620215865,135.19634244263202,755.6466302367911,272.22786094899743,142.3694779116464
2025-05-18 00:00:00+00:00,371.3136729222524,379.2691816307821,136.43628497921577,789.1621129326015,295.660999746257,150.60240963855404
2025-05-19 00:00:00+00:00,355.7640750670246,376.1321150652024,138.0946398431225,759.8360655737675,284.7627505709209,146.58634538152594
2025-05-20 00:00:00+00:00,352.8150134048262,380.67906596276424,137.87887891715312,767.7140255009078,287.046434914996,146.68674698795166
2025-05-21 00:00:00+00:00,365.95174262734633,390.633370219601,139.34277583259117,790.2094717668458,296.9297132707432,148.79518072289142
2025-05-22 00:00:00+00:00,415.54959785522846,397.94490289031165,145.56051411185683,818.21493624772,311.5706673433137,156.024096385542
2025-05-23 00:00:00+00:00,370.2412868632713,382.34753418986486,138.0050580915808,792.3952641165723,285.7269728495304,143.67469879518057
2025-05-24 00:00:00+00:00,369.43699731903536,383.9280026620822,138.21808786658855,800.8652094717636,285.61278863232656,144.37751004016047
2025-05-25 00:00:00+00:00,364.8793565683651,388.3539271761063,139.3553391270147,800.2732240437124,285.34635879218456,145.3815261044175
2025-05-26 00:00:00+00:00,371.3136729222524,389.88804436042756,140.03703440703964,796.49362477231,286.678507992895,144.57831325301186
2025-05-27 00:00:00+00:00,372.65415549597896,388.11871487580686,145.34147580473342,804.6903460837854,286.7038822633847,145.0803212851404
2025-05-28 00:00:00+00:00,375.0670241286868,383.9987943677312,146.47708837458262,784.198542805097,280.3349403704641,143.87550200803196
2025-05-29 00:00:00+00:00,360.0536193029495,376.18915458243634,143.73446657890548,759.1530054644779,272.6084750063433,139.55823293172676
2025-05-30 00:00:00+00:00,311.26005361930333,370.4735526890521,138.26943350466738,711.2932604735855,245.58487693478787,128.21285140562236
2025-05-31 00:00:00+00:00,312.3324396782846,372.6340001125832,138.0902700015839,712.4316939890682,244.24004059883254,128.61445783132518
2025-06-01 00:00:00+00:00,316.35388739946416,376.3786212611688,138.6993166660292,718.0327868852431,245.66099974625706,130.020080321285
2025-06-02 00:00:00+00:00,331.09919571045606,377.1448247949824,142.4246065777038,714.1621129326021,247.48794722151715,132.4297188755019
2025-06-03 00:00:00+00:00,328.6863270777483,375.43078908347053,141.65715315748346,706.6939890710355,245.00126871352427,130.92369477911635
2025-06-04 00:00:00+00:00,316.8900804289547,373.0080168845526,142.43935479289664,697.905282331509,238.6703882263383,128.61445783132518
2025-06-05 00:00:00+00:00,285.2546916890083,361.6493505475584,131.86051465808708,657.0582877959902,217.01344836335937,120.48192771084325
2025-06-06 00:00:00+00:00,296.24664879356595,371.55292134247054,135.25205792224943,673.1785063752252,226.82060390763743,124.59839357429705
2025-06-07 00:00:00+00:00,308.3109919571049,376.0551954413993,137.90291304561555,683.3333333333308,234.85156051763494,127.81124497991956
2025-06-08 00:00:00+00:00,313.13672922252044,376.70308027644074,137.0944923609706,694.2167577413451,233.67165693986277,125.40160642570271
2025-06-09 00:00:00+00:00,339.14209115281534,392.83881508864505,146.39679253631047,733.8797814207621,247.27226592235448,131.72690763052196
2025-06-10 00:00:00+00:00,351.7426273458448,392.8793234778363,153.84027136715937,751.9125683060082,251.8396346105047,134.2369477911645
2025-06-11 00:00:00+00:00,334.8525469168904,387.07465300663495,151.39370633572383,733.0145719489956,244.78558741436157,129.9196787148593
2025-06-12 00:00:00+00:00,308.5790884718501,376.481228262814,144.34952177546646,693.6247723132943,229.76401928444537,122.59036144578299
2025-06-13 00:00:00+00:00,300.8042895442362,377.8880130082881,140.88314497495517,676.6848816029119,228.87591981730503,121.58634538152594
2025-06-14 00:00:00+00:00,293.5656836461129,375.5652826359743,138.23775215351236,658.652094717666,226.1354986044149,120.98393574297175
2025-06-15 00:00:00+00:00,297.85522788203787,376.20433186809635,139.15815002758447,696.5846994535492,222.69728495305733,120.88353413654605
2025-06-16 00:00:00+00:00,283.9142091152818,380.4814762297347,138.97024684142377,686.338797814205,219.13219994925126,119.0763052208834
2025-06-17 00:00:00+00:00,271.58176943699755,372.4889608404658,137.10104712327853,671.994535519123,214.8693225069777,116.56626506024084
2025-06-18 00:00:00+00:00,277.4798927613943,373.6846530565134,137.92312356273166,666.3934426229483,216.5440243592995,117.36947791164644
2025-06-19 00:00:00+00:00,275.87131367292244,372.87167070563027,137.71118624810853,669.5810564662997,216.84851560517617,116.36546184738941
2025-06-20 00:00:00+00:00,263.8069705093836,368.02420242651357,131.44974955345668,638.0236794171198,205.96295356508483,113.45381526104403
2025-06-21 00:00:00+00:00,248.79356568364634,363.827362294635,125.39970394323564,616.7122040072836,195.99086526262354,109.43775100401594
2025-06-22 00:00:00+00:00,237.8016085790887,359.7083324723376,121.68369994483061,599.7723132969012,191.9436691195127,106.42570281124483
2025-06-23 00:00:00+00:00,265.4155495978555,375.2777336393498,131.73215056289004,658.0601092896151,207.76452676985522,116.16465863453797
2025-06-24 00:00:00+00:00,269.70509383378044,377.94647762276736,133.7417314404635,664.4808743169376,210.23851814260323,117.57028112449781
2025-06-25 00:00:00+00:00,253.61930294906193,382.4269121064154,132.10522578424982,653.7795992714003,208.8175589951787,116.6666666666665
2025-06-26 00:00:00+00:00,245.57640750670265,381.0249014367123,131.96702954559098,633.2422586520927,203.00685105303208,112.55020080321268
2025-06-27 00:00:00+00:00,246.11260053619327,381.3830640018304,132.3608615142592,647.040072859743,204.3136259832528,113.7550200803211
2025-06-28 00:00:00+00:00,256.03217158176966,382.270899585511,133.04091810370713,686.3387978142053,207.599594011672,115.96385542168657
2025-06-29 00:00:00+00:00,278.8203753351209,386.04790606899087,136.5624641536435,698.1785063752253,214.97081958893665,119.17670682730908
2025-06-30 00:00:00+00:00,261.39410187667585,381.73545492310586,135.76387561246045,704.9635701275022,209.56609997462556,114.65863453815246
2025-07-01 00:00:00+00:00,248.25737265415574,376.51475367550455,131.3689074849922,668.8524590163912,200.17761989342793,112.34939759036129
2025-07-02 00:00:00+00:00,269.70509383378044,387.80316271831657,140.4035548660915,693.397085610198,214.01928444557203,118.47389558232916
2025-07-03 00:00:00+00:00,271.31367292225224,390.422420199899,141.54189858690233,693.8069216757717,218.23141334686608,119.37751004016049
2025-07-04 00:00:00+00:00,258.7131367292228,384.72010733832514,136.99671715654395,672.5865209471742,206.64805886830737,114.75903614457816
2025-07-05 00:00:00+00:00,259.78552278820405,385.48210683526577,137.4539118275222,671.9034608378846,208.33544785587398,115.16064257028096
2025-07-06 00:00:00+00:00,268.6327077747992,389.06522883855354,140.40027748493756,691.5300546448063,218.16797767064182,118.67469879518057
2025-07-07 00:00:00+00:00,265.41554959785543,385.71304384382995,138.86755556526617,677.9599271402526,213.0423750317177,116.76706827309222
2025-07-08 00:00:00+00:00,273.1903485254694,388.06459680792534,142.85285104848873,690.6648451730392,216.87388987566592,118.97590361445766
2025-07-09 00:00:00+00:00,296.2466487935659,396.2981317687673,151.23693827052583,715.1639344262269,229.0408525754883,124.3975903614456
2025-07-10 00:00:00+00:00,332.7077747989278,413.31382850237316,161.2083704314671,748.3606557377021,247.48794722151723,133.93574297188735
2025-07-11 00:00:00+00:00,331.3672922252013,418.7208612147679,161.58690795475016,741.9398907103798,255.04947982745483,133.53413654618453
2025-07-12 00:00:00+00:00,328.15013404825754,418.3372962912564,160.77084004741266,731.739526411655,250.4694240040598,132.53012048192753
2025-07-13 00:00:00+00:00,329.7587131367294,424.27510647257867,162.34125185035464,733.8342440801432,251.90307028672913,133.53413654618456
2025-07-14 00:00:00+00:00,327.88203753351223,426.9633386608226,164.61302322024534,738.6612021857898,250.5582339507738,133.03212851405607
2025-07-15 00:00:00+00:00,344.77211796246667,419.54182411022344,171.40102582030104,746.7213114754073,252.7150469424003,138.0522088353412
2025-07-16 00:00:00+00:00,363.00268096514765,422.64974743714146,184.15331589038237,790.6648451730393,269.8553666582085,144.17670682730906
2025-07-17 00:00:00+00:00,358.44504021447744,424.59903107638377,189.91713687982374,800.8652094717643,276.90941385435156,145.2811244979918
2025-07-18 00:00:00+00:00,347.9892761394104,420.13591152426335,193.74347937707896,807.2859744990865,299.162649073839,147.38955823293156
2025-07-19 00:00:00+00:00,359.78552278820393,419.8336483985833,196.20643131428432,805.8287795992687,306.3055062166962,149.598393574297
2025-07-20 00:00:00+00:00,375.87131367292244,417.785498637964,205.2017501215361,826.1839708560991,347.31032732808916,155.72289156626488
2025-07-21 00:00:00+00:00,377.74798927613966,418.1960691542697,205.50982395000884,891.2568306010899,344.3542248160364,155.32128514056208
2025-07-22 00:00:00+00:00,379.6246648793569,427.3667836909029,204.62930087997665,936.7030965391589,343.7325551890382,155.2208835341364
2025-07-23 00:00:00+00:00,341.28686327077776,423.0970854623701,198.188154452049,862.4772313296875,305.54427810200445,139.15662650602394
2025-07-24 00:00:00+00:00,332.17158176943724,421.61854707060644,202.48425491470599,832.7413479052796,294.56990611519905,136.6465863453814
2025-07-25 00:00:00+00:00,336.4611260053622,419.0295729054819,203.4685617212804,850.4553734061901,300.34255265161113,141.4658634538151
2025-07-26 00:00:00+00:00,332.43967828418255,420.11863222016694,204.35017725169718,841.8943533697602,298.6932250697791,140.2610441767067
2025-07-27 00:00:00+00:00,342.89544235924956,425.44692830977135,211.50579277118942,859.0163934426197,305.392032479066,142.16867469879503
2025-07-28 00:00:00+00:00,319.0348525469171,420.6257174473952,207.5128500652743,833.8342440801424,286.9195635625474,134.13654618473882
2025-07-29 00:00:00+00:00,308.8471849865954,420.22825782574415,207.2282641350716,826.4116575591952,284.0903324029432,131.82730923694766
2025-07-30 00:00:00+00:00,304.0214477211798,419.83471722151717,208.1137032768347,809.5173041894324,279.10428825171255,129.1164658634537
2025-07-31 00:00:00+00:00,289.0080428954425,412.43767871610214,202.0172281002658,784.2440801457166,266.0999746257293,124.89959839357417
2025-08-01 00:00:00+00:00,278.5522788203755,403.6514197887586,190.53601568773095,740.9380692167549,254.9733570159856,121.08433734939746
2025-08-02 00:00:00+00:00,271.5817694369974,400.9737333201282,185.38724989485053,721.6757741347878,242.29890890636875,118.6746987951806
2025-08-03 00:00:00+00:00,280.1608579088473,406.89661560780837,191.00249627197874,737.5683060109262,252.16950012687116,122.48995983935731
2025-08-04 00:00:00+00:00,288.47184986595187,409.91151571205415,203.2517083349263,772.0856102003615,266.92463841664534,125.70281124497981
2025-08-05 00:00:00+00:00,273.4584450402146,406.61498076475067,197.29834546874727,747.2222222222196,253.50164932758165,121.28514056224888
2025-08-06 00:00:00+00:00,283.1099195710458,409.6879179543022,201.19351297023576,765.4371584699426,260.3907637655415,123.89558232931715
2025-08-07 00:00:00+00:00,297.8552278820377,418.522594560547,213.59293833607342,798.5428051001792,282.0096422227858,129.2168674698794
2025-08-08 00:00:00+00:00,316.6219839142093,415.68212635909816,219.01099561377146,805.0091074681209,292.29890890636875,133.1325301204818
2025-08-09 00:00:00+00:00,332.4396782841825,414.9250790750841,232.72792820350338,819.4444444444413,304.4278102004565,137.75100401606412
2025-08-10 00:00:00+00:00,323.5924932975873,425.0139125118557,232.1789668602141,831.7850637522735,296.68865770109085,136.24497991967857
2025-08-11 00:00:00+00:00,301.07238605898135,422.8477290719132,230.685027284198,796.1748633879748,281.7432123826438,129.8192771084336
2025-08-12 00:00:00+00:00,325.4691689008045,428.00686611852746,250.74806224839259,873.3151183970822,299.1880233443286,135.94377510040147
2025-08-13 00:00:00+00:00,328.41823056300285,439.30913423204777,259.421105242171,917.6229508196684,310.6064450647042,139.75903614457818
2025-08-14 00:00:00+00:00,296.24664879356584,421.4550171617342,248.36212876830535,876.4571948998145,283.9634610504946,129.3172690763051
2025-08-15 00:00:00+00:00,289.81233243967847,418.0595804656226,242.4972551932834,845.7194899817817,290.35777721390497,129.2168674698794
2025-08-16 00:00:00+00:00,297.3190348525471,418.19713797720334,241.5424448170947,863.3879781420729,293.26313118497825,130.42168674698783
2025-08-17 00:00:00+00:00,298.123324396783,418.28389077199716,244.29216760527206,869.7176684881567,297.58944430347606,130.72289156626493
2025-08-18 00:00:00+00:00,286.3270777479894,414.0871218949809,235.58853572072329,833.060109289614,282.4410048211112,127.51004016064245
2025-08-19 00:00:00+00:00,273.7265415549599,402.1372895932992,222.62103095486486,802.4590163934391,265.70667343313863,121.38554216867456
2025-08-20 00:00:00+00:00,285.7908847184988,407.1190732877641,236.85415107634645,855.8287795992678,281.26110124333906,126.30522088353399
2025-08-21 00:00:00+00:00,279.0884718498661,400.8086001768551,230.79864316420213,820.9927140254974,272.4308551129153,124.29718875501993
2025-08-22 00:00:00+00:00,310.4557640750672,416.61289299728645,263.942252544067,913.8888888888854,305.17635117990335,134.33734939759023
2025-08-23 00:00:00+00:00,301.608579088472,411.2761175790739,261.01063510184446,929.5992714025466,299.80969297132685,133.1325301204818
2025-08-24 00:00:00+00:00,290.34852546916903,404.348506106186,261.10622538550183,937.978142076499,294.11316924638396,130.1204819277107
2025-08-25 00:00:00+00:00,261.66219839142104,392.30069836890556,239.0401643060418,852.4590163934395,265.98579040852553,120.88353413654606
2025-08-26 00:00:00+00:00,270.50938337801625,398.18364230629254,251.30030097283594,891.8943533697599,277.07434661253467,126.00401606425689
2025-08-27 00:00:00+00:00,268.90080428954445,396.3979598307846,246.1701070064946,924.1803278688488,277.7467647805123,125.50200803212836
2025-08-28 00:00:00+00:00,273.72654155495997,401.0469476910938,246.41591059304199,976.4571948998145,284.6612534889619,127.30923694779102
2025-08-29 00:00:00+00:00,261.93029490616635,386.12083542050766,238.1661959983175,933.8797814207614,271.39051002283657,122.48995983935728
2025-08-30 00:00:00+00:00,263.8069705093836,387.68463025495777,238.90469921834446,923.041894353366,273.9786856127884,123.89558232931715
2025-08-31 00:00:00+00:00,258.7131367292227,385.6539379355906,239.89501455703453,913.57012750455,271.1367673179394,122.28915662650589
2025-09-01 00:00:00+00:00,253.88739946380716,389.1848657522775,235.6710164797648,898.5428051001785,267.3560010149706,121.58634538152597
2025-09-02 00:00:00+00:00,262.46648793565697,396.31957948230564,236.326492710558,954.690346083785,272.6338492768331,124.89959839357417
2025-09-03 00:00:00+00:00,264.8793565683648,397.9787489498822,243.09756217465156,959.7905282331476,279.49758944430323,125.30120481927698
2025-09-04 00:00:00+00:00,253.08310991957126,394.5056444539141,234.74515630376948,921.3114754098324,269.4874397361073,121.68674698795168
2025-09-05 00:00:00+00:00,261.39410187667585,394.2531172220872,235.2859241941738,926.0473588342405,276.4273027150467,124.49799196787137
2025-09-06 00:00:00+00:00,258.17694369973213,392.57143121803847,233.41180840429763,911.4754098360617,273.9786856127884,123.19277108433724
2025-09-07 00:00:00+00:00,264.87935656836487,395.9537926469265,235.21709918994048,939.6630236794133,290.2435929967011,125.301204819277
2025-09-08 00:00:00+00:00,276.1394101876678,399.2596263537541,235.22693133340243,974.9999999999957,306.5719360568381,129.21686746987942
2025-09-09 00:00:00+00:00,276.6756032171584,397.41113271716955,235.43012896494835,989.1165755919812,305.29053539710713,129.41767068273083
2025-09-10 00:00:00+00:00,282.3056300268099,406.01020512137273,237.57299000944974,1020.3551912568262,311.2915503679266,131.02409638554207
2025-09-11 00:00:00+00:00,286.5951742627349,411.43515843162425,243.55421061543748,1041.5755919854234,324.828723674194,133.0321285140561
2025-09-12 00:00:00+00:00,309.1152815013408,413.3830169736215,257.39240630786617,1102.8233151183922,349.53057599593984,139.65863453815248
2025-09-13 00:00:00+00:00,319.3029490616625,412.9870893315091,254.89995794027513,1103.7340619307786,367.14031971580783,143.4738955823292
2025-09-14 00:00:00+00:00,309.38337801608606,410.67030874019343,251.51114582707436,1091.8032786885199,352.6516112661758,137.34939759036132
2025-09-15 00:00:00+00:00,289.0080428954426,410.96138485249963,247.1003370240286,1066.9854280509971,340.40852575488424,131.12449799196776
2025-09-16 00:00:00+00:00,296.7828418230566,416.0890628774289,245.87405024225305,1079.0528233151138,342.48921593504156,132.12851405622476
2025-09-17 00:00:00+00:00,305.89812332439703,414.87284926105224,250.748608478585,1114.936247723128,358.48769347881216,135.54216867469867
2025-09-18 00:00:00+00:00,306.97050938337827,417.1029126850051,250.591840413387,1127.0491803278637,353.4255265161123,134.43775100401595
2025-09-19 00:00:00+00:00,288.4718498659521,411.9684654481618,244.08787751334165,1086.2021857923448,336.5516366404463,129.21686746987942
2025-09-20 00:00:00+00:00,287.3994638069708,412.15818151891216,244.73406783086529,1090.528233151179,339.4950520172542,129.81927710843365
2025-09-21 00:00:00+00:00,279.0884718498662,410.5430475562083,242.79768179906375,1075.409836065569,330.80436437452397,127.91164658634528
2025-09-22 00:00:00+00:00,258.98123324396806,401.3465387594393,229.36642759991918,1003.5519125683016,306.0390763765539,121.78714859437743
2025-09-23 00:00:00+00:00,256.5683646112603,399.02295332877844,227.46445407023432,971.311475409832,300.7992895204261,121.4859437751003
2025-09-24 00:00:00+00:00,258.44504021447744,403.68373386879057,226.83902050001916,963.5701275045499,305.8487693478811,121.88755020080313
2025-09-25 00:00:00+00:00,243.16353887399487,388.31936856791333,211.62924079465571,877.6867030965358,282.8216188784571,116.86746987951797
2025-09-26 00:00:00+00:00,251.2064343163541,390.6314819657513,220.25312307112466,934.289617486335,294.89977163156544,119.57831325301194
2025-09-27 00:00:00+00:00,247.45308310991976,390.60436949066377,219.49604802455852,926.5027322404336,292.78102004567353,118.47389558232922
2025-09-28 00:00:00+00:00,252.8150134048259,399.611340353838,226.25728534519016,960.0637522768636,301.1291550367925,120.68273092369468
2025-09-29 00:00:00+00:00,251.74262734584465,407.2641481873125,230.23984967745105,968.8069216757704,297.868561278863,120.18072289156618
2025-09-30 00:00:00+00:00,249.59785522788223,406.3270398663835,226.42060817269615,950.2732240437123,295.5214412585636,118.67469879518062
2025-10-01 00:00:00+00:00,261.93029490616635,422.52348382122784,237.50252631463948,1011.1111111111076,315.9857904085255,124.39759036144567
2025-10-02 00:00:00+00:00,273.72654155495997,429.4151115886777,244.94873629645008,1068.943533697628,332.4029434153765,126.80722891566252
2025-10-03 00:00:00+00:00,271.04557640750687,435.4812161494877,246.50658480496853,1060.2914389799596,327.5691448870842,127.10843373493962
2025-10-04 00:00:00+00:00,261.66219839142104,436.0476923044042,245.1016807503018,1037.6138433515446,318.2441004821108,124.19678714859425
2025-10-05 00:00:00+00:00,262.7345844504023,439.93574949070637,246.58578818285602,1040.8014571948956,320.78152753108316,124.99999999999987
2025-10-06 00:00:00+00:00,273.4584450402146,444.1263548221378,255.85476831646395,1058.0601092896136,337.5158589190557,129.016064257028
2025-10-07 00:00:00+00:00,253.61930294906173,432.27813195402985,242.94680264156923,1001.6848816029107,313.1438721136764,122.3895582329316
2025-10-08 00:00:00+00:00,256.30026809651486,439.30760225250935,247.20849060210958,1042.896174863384,324.3339253996444,123.79518072289144
2025-10-09 00:00:00+00:00,247.9892761394103,433.45187767250326,238.59826408044879,1006.0564663023642,315.2626236995683,120.58232931726896
2025-10-10 00:00:00+00:00,179.89276139410194,401.7865731612867,209.19086921610503,858.0601092896142,245.48337985282896,97.79116465863443
2025-10-11 00:00:00+00:00,180.16085790884725,394.1975740569603,204.66098223113184,808.8342440801429,235.05455468155262,99.8995983935742
2025-10-12 00:00:00+00:00,200.80428954423598,409.5686729423206,226.8106165300181,897.0856102003611,262.8393808677997,107.3293172690762
2025-10-13 00:00:00+00:00,210.18766756032176,410.3068733152685,231.64803111327177,950.3187613843317,271.250951535143,111.54618473895572
2025-10-14 00:00:00+00:00,201.60857908847194,402.6902273243877,225.3210467955406,921.8579234972644,259.2869829992384,107.83132530120471
2025-10-15 00:00:00+00:00,192.49329758713142,394.62111295819614,217.70605168430083,882.6958105646601,248.93428063943128,103.6144578313252
2025-10-16 00:00:00+00:00,184.4504021447722,385.4684259017131,212.7298946321959,841.7577413479025,239.1524993656429,100.50200803212843
2025-10-17 00:00:00+00:00,178.2841823056301,379.18873489129777,209.29192180168567,828.5974499089226,234.33138797259545,97.89156626506013
2025-10-18 00:00:00+00:00,180.96514745308318,381.87265616037536,212.44039263026227,854.098360655735,240.57345851306744,99.49799196787139
2025-10-19 00:00:00+00:00,187.39946380697057,387.0663161877515,217.54054393602553,855.4644808743145,247.84318700837318,101.10441767068264
2025-10-20 00:00:00+00:00,191.6890080428955,393.79744237797485,217.35701059140342,863.8888888888861,253.74270489723386,102.30923694779108
2025-10-21 00:00:00+00:00,185.52278820375338,385.83677791213336,211.5576846394608,845.3096539162084,246.47297640192812,100.90361445783122
2025-10-22 00:00:00+00:00,179.8927613941019,383.23515600895877,207.8695383808645,820.2185792349701,240.96675970565812,98.99598393574288
2025-10-23 00:00:00+00:00,186.3270777479893,392.1802776516968,210.67006057692836,871.3570127504524,247.310327328089,101.40562248995974
2025-10-24 00:00:00+00:00,192.4932975871314,395.4819073216514,214.93502591862264,881.5573770491774,250.88809946714,102.81124497991958
2025-10-25 00:00:00+00:00,191.6890080428955,397.76697949926415,215.96958590289123,882.6958105646601,249.32758183202202,102.40963855421677
2025-10-26 00:00:00+00:00,196.24664879356573,408.1457133431147,227.14764055868426,910.8834244080115,261.0631819335191,106.0240963855421
2025-10-27 00:00:00+00:00,191.15281501340488,406.5362441419602,225.05503269187705,904.8269581056435,254.2248160365386,104.31726907630514
2025-10-28 00:00:00+00:00,187.39946380697054,402.22817517010367,217.35591813101883,884.1074681238584,245.6483126110121,101.60642570281115
2025-10-29 00:00:00+00:00,188.47184986595178,391.97759319601624,213.19309783528973,882.8779599271373,244.06242070540443,102.00803212851395
2025-10-30 00:00:00+00:00,172.6541554959786,385.92659466600406,207.84550425240212,841.0291438979935,231.7685866531334,97.69076305220875
2025-10-31 00:00:00+00:00,176.13941018766758,390.5051827224065,210.18883177748768,852.5045537340594,236.53894950520146,100.70281124497984
2025-11-01 00:00:00+00:00,179.3565683646113,392.25124749450146,211.59701321330843,848.5883424407989,237.7061659477287,102.40963855421678
2025-11-02 00:00:00+00:00,179.6246648793566,393.8280463413127,213.38919447433545,854.7814207650248,236.46282669373227,102.10843373493968
2025-11-03 00:00:00+00:00,153.3512064343164,379.72799168883336,196.8520754016158,756.1930783242236,212.39533113422965,92.2690763052208
2025-11-04 00:00:00+00:00,150.13404825737268,361.60852151148714,179.54859536906048,705.9653916211271,205.8233950773913,88.85542168674692
2025-11-05 00:00:00+00:00,154.42359249329763,370.11613829998777,187.04505852856516,739.3897996356992,212.11621415884272,91.9678714859437
2025-11-06 00:00:00+00:00,148.52546916890086,361.0699060077116,181.08295597930885,707.1038251366102,205.07485409794444,90.56224899598384
2025-11-07 00:00:00+00:00,166.2198391420912,368.17059554101365,187.6874252347425,736.7486338797795,226.80791677239256,100.60240963855411
2025-11-08 00:00:00+00:00,163.2707774798928,364.514722323365,185.8007461504428,719.5810564663007,223.35701598579016,100.10040160642559
2025-11-09 00:00:00+00:00,162.46648793565686,373.10100447979374,195.7394044998444,749.2258652094702,227.4803349403702,100.301204819277
2025-11-10 00:00:00+00:00,166.4879356568365,377.6904232752588,194.8867391696209,761.8852459016379,230.6394316163408,101.80722891566253
2025-11-11 00:00:00+00:00,156.30026809651477,367.1727068225823,186.6883702129752,704.1438979963556,218.2948490230903,96.6867469879517
2025-11-12 00:00:00+00:00,153.3512064343164,362.1684065916453,186.53324083835415,698.6338797814193,215.90966759705634,95.38152610441757
2025-11-13 00:00:00+00:00,145.30831099195714,355.1770576444715,176.51647157144967,659.0619307832409,207.86602385181405,93.47389558232922
2025-11-14 00:00:00+00:00,131.36729222520108,337.0141220011505,170.00868506005807,632.604735883423,200.01268713524465,90.26104417670673
2025-11-15 00:00:00+00:00,133.78016085790887,340.58484565840604,173.03917016709184,635.7468123861554,207.00329865516346,90.76305220883523
2025-11-16 00:00:00+00:00,130.56300268096516,335.82929615159657,169.07408520098542,624.6357012750441,201.17990357777188,89.3574297188754
2025-11-17 00:00:00+00:00,126.27345844504023,328.53885492011295,165.5864054229734,596.493624772312,193.02207561532583,86.24497991967863
2025-11-18 00:00:00+00:00,130.56300268096516,331.19555683180965,170.62374025661896,640.6648451730406,205.1890383151482,89.05622489959828
2025-11-19 00:00:00+00:00,127.61394101876678,326.1868031719818,165.26085222834612,624.1347905282319,196.14311088556178,85.9437751004015
2025-11-20 00:00:00+00:00,119.57104557640751,308.6661944844464,154.81365356988744,608.6976320582864,188.93681806648036,82.93172690763043
2025-11-21 00:00:00+00:00,110.72386058981236,303.29429041914267,151.07907774494328,585.974499089252,177.9878203501647,78.8152610441766
2025-11-22 00:00:00+00:00,110.45576407506705,301.9059250555612,151.31231803706723,581.0109289617474,177.96244607967498,78.31325301204811
2025-11-23 00:00:00+00:00,111.79624664879357,309.3529844742783,153.062439573285,594.6265938069205,183.96346105049452,78.81526104417661
2025-11-24 00:00:00+00:00,122.25201072386061,314.59025247735366,161.32253254166375,630.4189435336963,192.60340015224537,83.73493975903604
2025-11-25 00:00:00+00:00,122.52010723860593,311.27672324540276,161.64917819667573,632.7868852459003,194.12585638162878,88.25301204819267
2025-11-26 00:00:00+00:00,126.00536193029495,322.37131906288477,165.31984508911754,651.2750455373393,196.32073077898986,86.34538152610432
2025-11-27 00:00:00+00:00,126.54155495978554,325.3994013166475,164.70096628121033,641.3934426229494,193.6564323775689,87.95180722891556
2025-11-28 00:00:00+00:00,124.39678284182307,323.82021543195077,165.57056474739593,625.3642987249532,190.52270997208808,86.74698795180711
2025-11-29 00:00:00+00:00,122.52010723860592,323.5057677248253,163.2769441698121,618.8979963570115,188.23902562801297,85.64257028112439
2025-11-30 00:00:00+00:00,121.71581769436999,321.92946766204983,163.39165251020094,607.8324225865197,185.21948743973587,84.03614457831314
2025-12-01 00:00:00+00:00,108.57908847184987,307.41488784840976,152.8936544438558,576.7759562841518,171.8726211621414,80.02008032128505
2025-12-02 00:00:00+00:00,122.25201072386061,325.19963831031953,163.65438923271054,631.5118397085596,184.94037046434894,84.93975903614448
2025-12-03 00:00:00+00:00,128.9544235924933,332.8669108808314,174.15784960097895,658.7887067395249,192.41309312357245,90.06024096385532
2025-12-04 00:00:00+00:00,127.88203753351209,328.0504740942263,171.1481212412536,633.0145719489968,186.99568637401651,87.34939759036133
2025-12-05 00:00:00+00:00,117.69436997319036,318.25998476571067,165.05874705718495,606.9672131147527,177.0616594772898,83.33333333333324
2025-12-06 00:00:00+00:00,121.17962466487936,317.92775897045294,165.94800981029437,601.958105646629,177.30271504694218,84.63855421686738
2025-12-07 00:00:00+00:00,118.49865951742629,322.05526812135867,167.1382453993763,602.1857923497255,175.9325044404971,83.73493975903605
2025-12-08 00:00:00+00:00,127.34584450402144,322.90687060758336,170.65105176623544,606.7850637522755,180.90586145648288,86.1445783132529
2025-12-09 00:00:00+00:00,132.4396782841823,330.19075639173957,181.24136273508395,627.868852459015,187.73154021821847,87.65060240963845
2025-12-10 00:00:00+00:00,124.66487935656838,327.8271257284921,181.57456315240378,620.4918032786871,181.83202232935778,85.74297188755008
2025-12-11 00:00:00+00:00,123.32439678284184,329.60140742603954,176.8360162339614,621.1748633879769,178.03856889114417,85.34136546184727
2025-12-12 00:00:00+00:00,116.0857908847185,321.6031916477903,168.50436711038776,602.3224043715835,173.71225577264627,83.13253012048182
2025-12-13 00:00:00+00:00,117.42627345844508,321.50197411595894,170.1310406231395,606.284153005463,176.41461557980182,83.83534136546173
2025-12-14 00:00:00+00:00,111.79624664879357,314.1347913978282,167.3376194195759,589.2531876138421,170.10910936310557,81.02409638554205
2025-12-15 00:00:00+00:00,109.1152815013405,307.9352977348794,161.9490585722636,582.0127504553723,164.61557980208045,79.31726907630511
2025-12-16 00:00:00+00:00,109.91957104557643,313.0347944617874,161.8097698732201,588.1147540983596,167.20375539203224,78.91566265060229
2025-12-17 00:00:00+00:00,104.82573726541557,307.2624380706181,154.7737787658476,561.3387978142066,160.27657954833774,75.60240963855411
2025-12-18 00:00:00+00:00,99.73190348525472,304.6730007488889,154.5050335112224,544.6265938069207,154.87185993402667,70.58232931726897
2025-12-19 00:00:00+00:00,110.18766756032174,314.00927595796844,162.74928580402363,574.999999999999,167.74930220756127,75.50200803212842
2025-12-20 00:00:00+00:00,109.38337801608581,314.80718790548497,162.66352766382818,572.9052823315109,167.39406242070515,74.59839357429708
2025-12-21 00:00:00+00:00,107.77479892761397,315.8687428433401,163.9793961971455,573.9071038251356,166.3537173306265,73.09236947791153
2025-12-22 00:00:00+00:00,107.77479892761397,315.73310921304017,164.38743015081423,573.4517304189426,168.20603907637633,72.28915662650593
2025-12-23 00:00:00+00:00,105.63002680965153,311.6901439561985,161.95834448553316,564.7085610200354,164.019284445572,71.4859437751003
2025-12-24 00:00:00+00:00,106.70241286863273,312.3437291802202,160.99971049799814,557.9690346083779,163.10581070794194,72.38955823293162
2025-12-25 00:00:00+00:00,104.55764075067026,310.7612299444286,158.62251670098823,546.7213114754088,156.87642730271483,70.88353413654609
2025-12-26 00:00:00+00:00,108.0428954423593,311.2752981481576,159.9356540833439,556.7395264116566,154.92260847500611,71.4859437751003
2025-12-27 00:00:00+00:00,112.33243967828422,313.0832121406887,161.08601486838594,567.9872495446256,157.76452676985514,74.09638554216855
2025-12-28 00:00:00+00:00,111.79624664879361,313.3529117943188,161.18761368415886,570.4462659380682,157.23166708957092,74.29718875501997
2025-12-29 00:00:00+00:00,109.38337801608584,310.80348407774505,160.47696820394063,561.384335154826,155.8995178888605,72.18875502008021
2025-12-30 00:00:00+00:00,110.9919571045577,315.2510700698941,162.43192606228126,569.2622950819663,156.50850038061384,71.28514056224888
2025-12-31 00:00:00+00:00,108.04289544235932,312.2680921439379,162.31994887285407,567.6229508196711,149.0357777213903,69.37751004016054
2026-01-01 00:00:00+00:00,131.9034852546918,316.5106778973832,164.09792814888058,577.8688524590154,160.91093631058084,74.89959839357418
2026-01-02 00:00:00+00:00,161.12600536193037,320.6295295825251,170.72151546104567,602.4134790528221,180.0050748540977,81.52610441767055
2026-01-03 00:00:00+00:00,163.53887399463818,322.88431844368,170.81218967297207,607.3315118397074,181.61634103019512,81.22489959839345
2026-01-04 00:00:00+00:00,192.4932975871315,326.0969151632486,171.77300858127637,610.7468123861555,189.71073331641685,90.86345381526091
2026-01-05 00:00:00+00:00,187.66756032171594,334.39803536093814,176.15869079547508,627.9599271402537,192.47652879979677,93.07228915662637
2026-01-06 00:00:00+00:00,179.89276139410202,333.99993444552695,180.08335472734927,642.4408014571939,191.00482111139277,91.66666666666654
2026-01-07 00:00:00+00:00,175.87131367292238,325.5070317860817,173.0850535032474,621.0837887067383,185.76503425526488,88.25301204819263
2026-01-08 00:00:00+00:00,163.0026809651476,324.5658619380042,169.69460269946967,630.1001821493613,180.08119766556686,87.85140562248982
2026-01-09 00:00:00+00:00,164.0750670241288,322.9315960447853,168.6977325984717,619.1712204007274,178.52068003044886,87.0481927710842
2026-01-10 00:00:00+00:00,159.24932975871323,322.444996590455,168.60596592616065,618.5792349726764,177.17584369449352,86.8473895582328
2026-01-11 00:00:00+00:00,155.49597855227896,324.25825469765505,170.6122694225801,636.1566484517292,175.0951535143362,84.93975903614445
2026-01-12 00:00:00+00:00,153.8873994638071,325.2649077641437,169.09921178983254,633.9708561020024,173.33164171530044,84.13654618473882
2026-01-13 00:00:00+00:00,176.1394101876677,339.9355713535504,181.6663298247148,662.6138433515468,188.12484141080915,90.26104417670669
2026-01-14 00:00:00+00:00,167.29222520107254,345.41428645737227,183.25585968438827,667.9872495446251,186.72925653387435,87.65060240963842
2026-01-15 00:00:00+00:00,158.44504021447736,340.61534273945034,181.27686769758517,648.4517304189421,177.6706419690431,84.53815261044166
2026-01-16 00:00:00+00:00,158.98123324396795,340.4234533954012,180.0527658365789,659.7905282331498,175.24739913727453,85.94377510040148
2026-01-17 00:00:00+00:00,155.22788203753365,338.9870622546607,180.8327825512228,654.4626593806909,174.93022075615298,85.24096385542157
2026-01-18 00:00:00+00:00,146.64879356568377,333.7333343784048,179.3836338509776,627.8233151183958,167.0134483633593,81.22489959839346
2026-01-19 00:00:00+00:00,141.55495978552293,330.02045727095316,174.2228509938659,607.6502732240425,163.8670388226336,81.72690763052198
2026-01-20 00:00:00+00:00,133.78016085790895,315.04503663568755,160.58512178202145,572.8597449908914,156.50850038061378,77.61044176706817
2026-01-21 00:00:00+00:00,138.0697050938339,318.704223204431,162.90059156729833,589.8907103825125,160.54300938847982,80.22088353413645
2026-01-22 00:00:00+00:00,132.70777479892772,319.078097466676,161.28484265839313,585.0182149362465,157.7899010403448,78.6144578313252
2026-01-23 00:00:00+00:00,134.85254691689022,319.22270920961984,161.48804028993905,580.2823315118386,158.2973864501393,79.21686746987943
2026-01-24 00:00:00+00:00,134.3163538873996,317.88696556181264,161.31379285858648,579.2805100182137,157.61228114691676,78.51405622489949
2026-01-25 00:00:00+00:00,126.27345844504032,308.78422816376946,153.86703664658364,541.2112932604724,151.54783049987287,75.40160642570271
2026-01-26 00:00:00+00:00,134.31635388739963,314.75795079566757,160.0645644087332,565.7559198542793,155.23978685612764,77.30923694779108
2026-01-27 00:00:00+00:00,134.85254691689022,317.9748228069715,165.3313159231564,579.1894353369752,160.09895965490966,78.6144578313252
2026-01-28 00:00:00+00:00,133.51206434316364,318.15292433517453,164.45789384562448,570.8105646630224,158.58919056077113,78.31325301204811
2026-01-29 00:00:00+00:00,126.80965147453094,301.58677452752704,154.1783878562104,536.5209471766836,148.79472215173791,73.89558232931718
2026-01-30 00:00:00+00:00,124.39678284182317,300.19848041880783,147.88526981040354,535.4735883424396,146.92971327074324,72.69076305220875
2026-01-31 00:00:00+00:00,111.26005361930305,280.5342760826644,133.93291200777836,480.783242258651,132.276072062928,68.37349397590353
2026-02-01 00:00:00+00:00,111.26005361930305,274.21796007305073,124.00244711126167,458.9708561020027,132.276072062928,66.5662650602409
2026-02-02 00:00:00+00:00,113.67292225201082,280.52544047974493,128.2013185996843,476.0928961748622,136.91956356254735,68.97590361445776
2026-02-03 00:00:00+00:00,110.45576407506714,269.9497938240563,122.01253052061203,445.76502732240317,134.50900786602364,67.2690763052208
2026-02-04 00:00:00+00:00,112.60053619302958,260.6710569162465,117.34444729697995,419.4899817850627,131.73052524739893,66.5662650602409
2026-02-05 00:00:00+00:00,91.95710455764083,224.1316704348615,99.78697022499225,356.7850637522759,112.26845978178108,56.425702811244925
2026-02-06 00:00:00+00:00,105.09383378016095,251.4593352063863,112.70804542450283,398.26958105646526,124.94290789139791,63.45381526104411
2026-02-07 00:00:00+00:00,103.75335120643443,246.86026137708592,114.00261098031936,398.8615664845163,124.62572951027637,63.55421686746981
2026-02-08 00:00:00+00:00,101.34048257372663,250.5690769573891,114.14790821147851,396.12932604735784,122.59578787109851,61.34538152610435
2026-02-09 00:00:00+00:00,102.14477211796256,249.8836764373711,114.98254794535518,395.12750455373305,121.9360568383657,61.244979919678656
2026-02-10 00:00:00+00:00,97.5871313672923,245.26383181572368,110.48434231153696,377.9143897996347,117.6985536665819,60.34136546184733
2026-02-11 00:00:00+00:00,95.71045576407514,238.99778611143,106.03311247425896,361.1111111111102,115.60517635117972,59.3373493975903
2026-02-12 00:00:00+00:00,99.46380697050947,236.1107172300672,106.39744801254147,357.01275045537255,117.99035777721372,60.742971887550134
2026-02-13 00:00:00+00:00,101.34048257372663,245.30897177096142,111.90727196255048,384.01639344262196,122.64653641207796,63.45381526104411
2026-02-14 00:00:00+00:00,129.49061662198403,248.7612342197202,113.97584570089532,401.0018214936238,140.8779497589442,70.58232931726899
2026-02-15 00:00:00+00:00,118.4986595174264,245.23280032321222,107.42053716277115,392.3497267759553,130.28419182948468,65.66265060240957
2026-02-16 00:00:00+00:00,119.83914209115297,245.44603049850627,109.15481802341147,393.6703096539152,128.16544024359277,66.06425702811238
2026-02-17 00:00:00+00:00,117.69436997319049,240.49770096186958,108.79048248512892,387.43169398906997,127.70870337477776,65.36144578313248
2026-02-18 00:00:00+00:00,113.67292225201085,236.78347001203508,106.83770954755758,371.63023679417023,125.03171783811193,63.2530120481927
2026-02-19 00:00:00+00:00,113.40482573726554,238.71707758158163,106.4646343261978,375.6830601092887,124.80334940370443,62.34939759036139
2026-02-20 00:00:00+00:00,114.20911528150144,242.33782215213924,107.54617010700653,385.56466302367846,127.01091093631038,64.45783132530116
2026-02-21 00:00:00+00:00,111.52815013404836,242.18077643573213,107.79033500297699,387.8415300546439,124.85409794468387,64.15662650602404
2026-02-22 00:00:00+00:00,108.84718498659527,240.9960574684716,106.94203951429215,377.00364298724867,121.263638670388,62.14859437750998
2026-02-23 00:00:00+00:00,106.4343163538875,230.35278994850424,101.39671060178183,354.73588342440723,117.55899517888841,60.441767068273045
2026-02-24 00:00:00+00:00,105.89812332439688,228.22273272372436,101.15855423792699,359.6994535519117,115.92235473230126,59.23694779116461
2026-02-25 00:00:00+00:00,110.99195710455776,242.22392125482673,112.38576961102953,401.00182149362394,128.07663029687873,62.550200803212796
2026-02-26 00:00:00+00:00,102.68096514745318,240.43236025318288,110.75800363789313,391.21129326047264,123.07789901040324,59.93975903614452
2026-02-27 00:00:00+00:00,98.92761394101885,234.68537059297594,105.41368743615939,372.72313296903366,118.45978178127356,58.03212851405618
2026-02-28 00:00:00+00:00,97.85522788203762,238.6085207989381,107.30746751295936,384.10746812386054,119.32250697792416,58.03212851405618
2026-03-01 00:00:00+00:00,92.49329758713145,234.34466546911005,105.95281663598679,380.69216757741253,116.59477290027891,55.62248995983933
2026-03-02 00:00:00+00:00,94.36997319034862,245.2238222105682,110.73997804154632,394.5355191256821,118.70083735092595,55.22088353413651
2026-03-03 00:00:00+00:00,92.49329758713145,243.47073883454132,108.30652253472664,396.03825136611925,114.14615579802062,55.0200803212851
2026-03-04 00:00:00+00:00,97.85522788203762,258.8930343384308,116.19845635347654,413.7067395264106,125.5138289774167,57.22891566265057
2026-03-05 00:00:00+00:00,93.02949061662206,252.56542443314984,113.22587164682946,404.23497267759456,118.70083735092595,55.421686746987916
2026-03-06 00:00:00+00:00,90.8847184986596,242.67275563216256,108.08147569548765,385.70127504553636,115.82085765034236,54.31726907630519
2026-03-07 00:00:00+00:00,86.86327077747997,239.64046934152682,107.5849524506618,378.96174863387887,114.09540725704117,53.41365461847386
2026-03-08 00:00:00+00:00,85.52278820375344,235.03843843544283,105.81025055578925,371.53916211293165,113.10581070794194,53.11244979919676
2026-03-09 00:00:00+00:00,87.66756032171591,243.8062067260316,108.86258487051619,386.88524590163837,114.80588683075341,54.4176706827309
2026-03-10 00:00:00+00:00,88.20375335120653,249.20899977412225,111.24032489771845,391.0746812386146,119.91880233443266,56.726907630522064
2026-03-11 00:00:00+00:00,89.27613941018777,250.07556578142015,112.08479677505699,394.2622950819662,117.83811215427535,57.53012048192768
2026-03-12 00:00:00+00:00,90.08042895442371,251.32067324444068,113.26192283952308,395.4462659380683,120.21060644506447,59.43775100401603
2026-03-13 00:00:00+00:00,90.61662198391433,252.7053689826161,114.28337329917578,401.54826958105554,121.74574980969275,59.63855421686743
2026-03-14 00:00:00+00:00,90.08042895442372,253.70988440323708,114.49858799495287,400.8652094717658,121.84724689165165,59.03614457831321
2026-03-15 00:00:00+00:00,92.49329758713148,259.4219948083709,118.98532279473221,420.30965391621027,123.54732301446312,59.63855421686743
2026-03-16 00:00:00+00:00,107.50670241286875,266.79484228805086,128.52632556411928,438.0692167577403,130.72824156305484,62.148594377510015
2026-03-17 00:00:00+00:00,98.12332439678296,263.32006330281985,126.58283853981749,430.87431693988975,127.06165947728982,60.843373493975875
2026-03-18 00:00:00+00:00,94.36997319034866,253.83311968750482,120.35581434728226,410.200364298724,120.85765034255245,58.433734939759006
2026-03-19 00:00:00+00:00,91.68900804289557,249.14262586993297,116.77363674599755,404.7814207650264,118.67546308043624,58.3333333333333
2026-03-20 00:00:00+00:00,91.42091152815026,251.2116176777615,117.23301633774508,409.10746812386066,119.46206546561766,59.839357429718845
2026-03-21 00:00:00+00:00,89.00804289544247,245.53755736907115,113.88189410781496,398.72495446265845,115.89698046181154,58.83534136546182
2026-03-22 00:00:00+00:00,87.93565683646123,241.7641848835662,112.18967297198388,392.5318761384326,114.37452423242813,57.329317269076284
2026-03-23 00:00:00+00:00,92.76139410187679,252.62146638231243,117.55037607948744,416.34790528233054,119.4493783303728,61.34538152610438
2026-03-24 00:00:00+00:00,94.63806970509397,251.37553948837606,117.77979276026504,413.47905282331413,120.65465617863467,62.24899598393571
2026-03-25 00:00:00+00:00,95.17426273458457,254.15373094021524,118.47842117625211,417.57741347905187,122.02486678507974,61.54618473895579
2026-03-26 00:00:00+00:00,91.42091152815026,245.1890854652196,112.54690751776613,394.0346083788698,116.78507992895186,59.43775100401603
2026-03-27 00:00:00+00:00,87.93565683646123,236.59207945202178,108.8500215760926,378.46083788706653,114.32377569144867,58.03212851405619
2026-03-28 00:00:00+00:00,88.20375335120654,236.4843064728631,108.95872138436582,373.8160291438972,115.45293072824137,58.5341365461847
2026-03-29 00:00:00+00:00,87.93565683646123,235.17998621930977,108.40702889011489,370.8561020036422,114.75513828977397,58.03212851405619
2026-03-30 00:00:00+00:00,89.00804289544246,237.98186991284834,110.69245601481379,375.86520947176615,115.23724942907872,59.437751004016036
2026-03-31 00:00:00+00:00,91.42091152815024,243.2800608231506,115.00494338324059,378.87067395264046,117.12763258056309,59.83935742971885
2026-04-01 00:00:00+00:00,91.15281501340493,242.67239935785136,116.91237921484874,369.6721311475403,116.9626998223799,60.24096385542167
2026-04-02 00:00:00+00:00,89.54423592493308,238.35460409729728,112.36883647506737,359.4717668488153,114.69170261354964,58.93574297188753
2026-04-03 00:00:00+00:00,91.68900804289555,238.57659862064855,112.18639559082992,366.1202185792343,116.1634103019536,60.040160642570264
2026-04-04 00:00:00+00:00,91.15281501340495,239.7741078356836,112.82493868566095,368.07832422586443,116.81045419944154,60.14056224899596
2026-04-05 00:00:00+00:00,93.5656836461127,245.95104933472913,115.26385649440394,372.90528233151105,117.20375539203228,60.24096385542167
2026-04-06 00:00:00+00:00,89.00804289544246,245.3079029480276,115.09944120651329,364.4353369763198,114.95813245369173,58.534136546184726
2026-04-07 00:00:00+00:00,99.46380697050951,256.24751944010796,122.35610931158615,389.617486338797,120.42628774422714,61.64658634538151
2026-04-08 00:00:00+00:00,94.90616621983926,253.20390362637383,119.62441211975559,376.00182149362394,117.22912966252198,59.538152610441756
2026-04-09 00:00:00+00:00,94.10187667560332,255.7620956910049,119.63533672360211,379.4626593806913,117.48287236741923,59.337349397590344
2026-04-10 00:00:00+00:00,97.31903485254703,259.94735690776713,122.63140932851928,386.29326047358745,118.8530829738643,59.83935742971885
2026-04-11 00:00:00+00:00,97.58713136729233,260.23401521861365,124.81305271667588,386.74863387978064,118.10454199441747,59.738955823293146
2026-04-12 00:00:00+00:00,93.02949061662208,252.03193927945668,119.71454010148963,371.265938069216,115.24993656432356,57.9317269076305
2026-04-13 00:00:00+00:00,100.53619302949073,265.1321813322238,129.42705915126757,393.9435336976312,119.39862978939333,60.24096385542167
2026-04-14 00:00:00+00:00,95.44235924932987,264.1116691950269,126.85868478694296,381.23861566484425,117.95229637147908,58.534136546184726
2026-04-15 00:00:00+00:00,99.73190348525482,266.52877663239565,128.90759423836394,386.6120218579226,120.37553920324765,59.83935742971885
2026-04-16 00:00:00+00:00,106.70241286863282,267.75542908609236,128.264135071802,405.51001821493526,125.8690687642728,62.95180722891565
2026-04-17 00:00:00+00:00,105.89812332439689,274.587737180716,132.13308352405872,404.1894353369753,126.12281146917003,63.35341365461845
2026-04-18 00:00:00+00:00,101.07238605898135,269.67029662686616,128.38157456315244,392.3497267759553,120.26135498604393,60.84337349397588
2026-04-19 00:00:00+00:00,97.85522788203764,262.93681902618835,123.62664073894022,380.1001821493615,118.01573204770341,59.13654618473895
2026-04-20 00:00:00+00:00,100.80428954423604,270.2018935267096,126.38947305173349,388.3424408014562,120.79421466632812,60.24096385542169
2026-04-21 00:00:00+00:00,102.14477211796257,271.96609266124807,127.11541297733693,391.75774134790424,120.75615326059355,61.14457831325301
2026-04-22 00:00:00+00:00,101.60857908847196,278.52895049425945,129.6788712699306,395.582877959926,121.35244861710204,61.2449799196787
2026-04-23 00:00:00+00:00,102.41286863270788,278.8112978859396,127.28583679734318,392.1675774134779,123.24283176858644,61.847389558232926
2026-04-24 00:00:00+00:00,103.75335120643443,275.88860157345005,126.45174329365885,392.4408014571938,124.87947221517359,62.24899598393573
2026-04-25 00:00:00+00:00,103.21715817694384,276.55793412202974,126.69809311039862,392.4408014571938,124.33392539964454,62.04819277108433
2026-04-26 00:00:00+00:00,104.55764075067036,280.2366445230308,129.42596669088292,395.8561020036418,125.88175589951767,62.349397590361434
2026-04-27 00:00:00+00:00,104.82573726541567,275.65413744920437,125.83341071594394,386.24772313296785,125.53920324790641,61.646586345381515
2026-04-28 00:00:00+00:00,104.02144772117975,271.9896780206541,125.05503269187706,382.7868852459005,126.04668865770088,61.54618473895581
2026-04-29 00:00:00+00:00,103.21715817694384,269.9846730791294,123.06020002949647,378.1420765027312,132.04770362852048,61.847389558232926
2026-04-30 00:00:00+00:00,104.02144772117974,272.0032164444823,123.31201214815952,378.3697632058278,135.11799035777696,62.44979919678714
2026-05-01 00:00:00+00:00,105.63002680965161,278.71741960492045,125.39424164131252,381.42076502732147,137.6934788124839,62.95180722891565
2026-05-02 00:00:00+00:00,106.97050938337813,280.3410328962324,126.5598968717397,383.6976320582869,137.66810454199418,62.95180722891565
2026-05-03 00:00:00+00:00,105.63002680965161,279.9196316408642,126.8701556209818,382.1038251366111,137.40167470185207,61.847389558232926
2026-05-04 00:00:00+00:00,106.97050938337816,284.52426334942044,128.20896582237685,382.96903460837785,139.68535904592719,62.14859437751004
2026-05-05 00:00:00+00:00,110.18766756032186,288.24558415804916,128.95238511413478,392.9417122040063,145.6990611519916,63.75502008032129
2026-05-06 00:00:00+00:00,113.67292225201086,290.73875616087366,129.87332921839922,400.50091074681137,147.14539456990582,64.6586345381526
