timestamp,PEPE,BTC,ETH,SOL,DOGE,SHIB,PEPE_lag1,PEPE_lag2,PEPE_lag3,PEPE_lag5
2023-05-11 00:00:00+00:00,-0.32104776629558135,-0.0230965139643067,-0.02560701544919554,-0.036031161474421695,-0.016408503266629865,-0.03509131981127017,-0.04061471915419001,0.0354467489957475,-0.36335362275803745,-0.349424387466051
2023-05-12 00:00:00+00:00,0.22314355131420976,-0.00645829172740886,0.007302038414395143,0.03555280700464476,0.005822029198228047,0.01826534797729319,-0.32104776629558135,-0.04061471915419001,0.0354467489957475,0.05905774964360115
2023-05-13 00:00:00+00:00,0.06632264293107272,-0.0007366023552270455,-0.00685071075121409,-0.0028749420855990995,-0.009443203071665037,-0.01366763872866387,0.22314355131420976,-0.32104776629558135,-0.04061471915419001,-0.36335362275803745
2023-05-14 00:00:00+00:00,-0.04932506656250156,0.005302016968638717,0.0022813782736472547,0.004309319572742259,0.004038159076504462,0.00799547377619757,0.06632264293107272,0.22314355131420976,-0.32104776629558135,0.0354467489957475
2023-05-15 00:00:00+00:00,-0.02849195579430616,0.0090430011641092,0.009398726600278533,0.0028625973746331593,-0.0006950719679295589,0.0,-0.04932506656250156,0.06632264293107272,0.22314355131420976,-0.04061471915419001
2023-05-16 00:00:00+00:00,-0.03529778208102371,-0.004734677357132959,0.0044006103303645,-0.015362760138864626,0.011613568937199139,-0.002277905312993954,-0.02849195579430616,-0.04932506656250156,0.06632264293107272,-0.32104776629558135
2023-05-17 00:00:00+00:00,-0.06174800706844708,0.013658322391184448,-0.0011463582445248271,0.018692133012152327,0.028189968040665255,0.0,-0.03529778208102371,-0.02849195579430616,-0.04932506656250156,0.22314355131420976
2023-05-18 00:00:00+00:00,0.012658396871923465,-0.021552134669642054,-0.011902930731227146,-0.03478611608541554,-0.018750127780031947,-0.008013780723553767,-0.06174800706844708,-0.03529778208102371,-0.02849195579430616,0.06632264293107272
2023-05-19 00:00:00+00:00,-0.03846628082779605,0.002196585934586688,0.0065100648420629,0.0009828010619080778,0.0008166599065557433,-0.0034542348680875576,0.012658396871923465,-0.06174800706844708,-0.03529778208102371,-0.04932506656250156
2023-05-20 00:00:00+00:00,0.11705655542101759,0.008231203535191795,0.0039099765100741425,-0.003937012959339532,0.0014954798518235107,0.005750447128437718,-0.03846628082779605,0.012658396871923465,-0.06174800706844708,-0.02849195579430616
2023-05-21 00:00:00+00:00,-0.07859027459322154,-0.013171912518513606,-0.008007039934466744,-0.03359553851472762,-0.02044948773549794,-0.02320289707966387,0.11705655542101759,-0.03846628082779605,0.012658396871923465,-0.03529778208102371
2023-05-22 00:00:00+00:00,-0.04502368137395513,0.0037871532594394926,0.006868667024691615,-0.004087895319667208,0.010894405483222406,0.031198370855861333,-0.07859027459322154,0.11705655542101759,-0.03846628082779605,-0.06174800706844708
2023-05-23 00:00:00+00:00,0.04502368137395511,0.01369903691712277,0.019993039425737928,0.024780028998486865,-0.0002743484242174777,0.012436565041008343,-0.04502368137395513,-0.07859027459322154,0.11705655542101759,0.012658396871923465
2023-05-24 00:00:00+00:00,-0.10605957196032421,-0.03326629631528951,-0.02964688357265533,-0.040780370344928187,-0.03135489909841698,-0.04598511324182338,0.04502368137395511,-0.04502368137395513,-0.07859027459322154,-0.03846628082779605
2023-05-25 00:00:00+00:00,0.0,0.005483813844004058,0.0031673945975410098,0.00155965719164681,0.003391750001120884,0.0,-0.10605957196032421,0.04502368137395511,-0.04502368137395513,0.11705655542101759
2023-05-26 00:00:00+00:00,0.020761991448429006,0.008730076726596555,0.012214640261706482,0.0051813587419975845,0.001268946240066035,0.0046948443042076635,0.0,-0.10605957196032421,0.04502368137395511,-0.07859027459322154
2023-05-27 00:00:00+00:00,0.0402738991379399,0.005539576292267746,0.001148268974181205,0.054311989353739716,0.02201872679330532,0.010483497294858203,0.020761991448429006,0.0,-0.10605957196032421,-0.04502368137395513
2023-05-28 00:00:00+00:00,-0.019934214900817367,0.04409840842612671,0.0421350907944223,0.018429231576012364,0.013281498717234809,0.020642934852751486,0.0402738991379399,0.020761991448429006,0.0,0.04502368137395511
2023-05-29 00:00:00+00:00,-0.03413300636945847,-0.011777618425209708,-0.008439401459503443,-0.01159993674067718,-0.005318798764571774,-0.01256441428755019,-0.019934214900817367,0.0402738991379399,0.020761991448429006,-0.10605957196032421
2023-05-30 00:00:00+00:00,-0.10227884912041818,-0.0015154032789555,0.00421281919287129,0.03252319170555993,-0.01127624709599936,-0.002301496988279163,-0.03413300636945847,-0.019934214900817367,0.0402738991379399,0.0
2023-05-31 00:00:00+00:00,-0.031252543504104426,-0.017632811059524262,-0.014286638596147112,-0.020923254964882846,-0.009169277912679496,-0.010422792676094726,-0.10227884912041818,-0.03413300636945847,-0.019934214900817367,0.020761991448429006
2023-06-01 00:00:00+00:00,-0.007968169649176845,-0.014526721963616974,-0.006344706338571053,-0.015496678154734716,-0.0032152121078786056,-0.01643229462708158,-0.031252543504104426,-0.10227884912041818,-0.03413300636945847,0.0402738991379399
2023-06-02 00:00:00+00:00,0.0314986670593708,0.015710863858149307,0.023830490355990427,0.03689041066299356,0.015835863640578787,0.01759576189037966,-0.007968169649176845,-0.031252543504104426,-0.10227884912041818,-0.019934214900817367
2023-06-03 00:00:00+00:00,0.0077220460939103185,-0.0063842684993772065,-0.0076973271057092845,-0.0032980006335941265,0.001927578732592429,-0.0011634672632980698,0.0314986670593708,-0.007968169649176845,-0.031252543504104426,-0.03413300636945847
2023-06-04 00:00:00+00:00,-0.05535009508316484,0.0016975360281114345,-0.0010840625375848512,0.02929760812471709,-0.0028927632266872684,0.0011634672632980494,0.0077220460939103185,0.0314986670593708,-0.007968169649176845,-0.10227884912041818
2023-06-05 00:00:00+00:00,-0.17745536714278173,-0.05250715845555731,-0.042979069839285816,-0.08709470685093382,-0.08775156483039816,-0.07607771045733847,-0.05535009508316484,0.0077220460939103185,0.0314986670593708,-0.031252543504104426
2023-06-06 00:00:00+00:00,0.15276275455241017,0.05673457801927024,0.04013377100477853,0.018821754240587667,0.05636325173146713,0.02600765781253195,-0.17745536714278173,-0.05535009508316484,0.0077220460939103185,-0.007968169649176845
2023-06-07 00:00:00+00:00,-0.11466290832013988,-0.03325860556385626,-0.028257596795300086,-0.08924421853713357,-0.04319729254916248,-0.03736424674486782,0.15276275455241017,-0.17745536714278173,-0.05535009508316484,0.0314986670593708
2023-06-08 00:00:00+00:00,0.00930239266231363,0.00602863973269374,0.007346876378127145,0.013322872255973025,0.010056281139038562,0.007585371389256564,-0.11466290832013988,0.15276275455241017,-0.17745536714278173,0.0077220460939103185
2023-06-09 00:00:00+00:00,0.05406722127027579,-0.0007852550651334101,-0.0028594624490205275,-0.082162475292935,0.02197570790105828,-0.0075853713892565,0.00930239266231363,-0.11466290832013988,0.15276275455241017,-0.05535009508316484
2023-06-10 00:00:00+00:00,-0.1929036661244917,-0.024336519277700846,-0.049476946677575705,-0.10855847169314264,-0.117801029196703,-0.140079251595654,0.05406722127027579,0.00930239266231363,-0.11466290832013988,-0.17745536714278173
2023-06-11 00:00:00+00:00,-0.02150620522096362,0.003258464490493794,0.0007019967243075934,-0.003851095902097423,-0.0038942122878096704,-0.026628792346601562,-0.1929036661244917,0.05406722127027579,0.00930239266231363,0.15276275455241017
2023-06-12 00:00:00+00:00,-0.010929070532190317,-0.0007856342026842933,-0.005830653396786247,-0.023423322017561712,-0.0013014480444409455,-0.0015003753752345652,-0.02150620522096362,-0.1929036661244917,0.05406722127027579,-0.11466290832013988
2023-06-13 00:00:00+00:00,0.0,0.0011211542039807445,-0.00140695864642246,-0.009923998085987791,0.0051956603322504446,0.019331457018307158,-0.010929070532190317,-0.02150620522096362,-0.1929036661244917,0.00930239266231363
2023-06-14 00:00:00+00:00,-0.03352269203864345,-0.03155784923802867,-0.05260319656222012,-0.03794493156412337,-0.022436051229393742,-0.03446033861460719,0.0,-0.010929070532190317,-0.02150620522096362,0.05406722127027579
2023-06-15 00:00:00+00:00,0.011299555253933247,0.018526725673652867,0.009650728476360676,0.019829709585718062,0.018866936473706054,0.02855190192844086,-0.03352269203864345,0.0,-0.010929070532190317,-0.1929036661244917
2023-06-16 00:00:00+00:00,0.07571182173569638,0.028745138290379006,0.03011264842388073,0.03590811312630407,0.010669354363398885,0.01178216869826017,0.011299555253933247,-0.03352269203864345,0.0,-0.02150620522096362
2023-06-17 00:00:00+00:00,0.0408219945202552,0.006507155969033793,0.0057115151433317,0.021325525447572723,0.0001607846293357545,0.02172424319158249,0.07571182173569638,0.011299555253933247,-0.03352269203864345,-0.010929070532190317
2023-06-18 00:00:00+00:00,-0.06187540371808741,-0.006698102267960423,-0.00394930791589547,-0.01222273177341068,-0.0012870014646473376,0.032420034522576434,0.0408219945202552,0.07571182173569638,0.011299555253933247,0.0
2023-06-19 00:00:00+00:00,0.0,0.0189678131440085,0.0093463488990178,0.0412102686466629,0.005298238291100343,0.0027700848738156096,-0.06187540371808741,0.0408219945202552,0.07571182173569638,-0.03352269203864345
2023-06-20 00:00:00+00:00,0.12953405219190212,0.05308872645011515,0.031103921349883094,0.03299016340264522,0.010829855807947746,0.005517255374754659,0.0,-0.06187540371808741,0.0408219945202552,0.011299555253933247
2023-06-21 00:00:00+00:00,0.25442485069529847,0.057849597296170514,0.052779084512651064,0.034842615146775786,0.03853203097725177,0.037791271715505316,0.12953405219190212,0.0,-0.06187540371808741,0.07571182173569638
2023-06-22 00:00:00+00:00,0.11617143176204202,-0.0036396889082070654,-0.00909309877120227,-0.036045261112536045,-0.0009149131470773596,0.03257617043461267,0.25442485069529847,0.12953405219190212,0.0,0.0408219945202552
2023-06-23 00:00:00+00:00,0.06252035698133414,0.026533986237444202,0.01095467625486762,0.030224522908726185,0.04007114061762341,0.01778954156349824,0.11617143176204202,0.25442485069529847,0.12953405219190212,-0.06187540371808741
2023-06-24 00:00:00+00:00,-0.06252035698133405,-0.005262367873937984,-0.009380070314859884,-0.029021876942965884,-0.0228293341831174,-0.016508311407449825,0.06252035698133414,0.11617143176204202,0.25442485069529847,0.0
2023-06-25 00:00:00+00:00,0.03797924806521647,-0.002123952410926466,0.012634781833543817,0.01904819497069441,0.0004497414062765312,0.006381642589520611,-0.06252035698133405,0.06252035698133414,0.11617143176204202,0.12953405219190212
2023-06-26 00:00:00+00:00,-0.06412452816953867,-0.00641095284669021,-0.021199536794378554,-0.041534709132810696,-0.03012550955239295,-0.040239043180181774,0.03797924806521647,-0.06252035698133405,0.06252035698133414,0.25442485069529847
2023-06-27 00:00:00+00:00,0.06412452816953877,0.013925651745678577,0.01633201125366475,0.021885371973889758,0.012586505377530461,0.006600684031352093,-0.06412452816953867,0.03797924806521647,-0.06252035698133405,0.11617143176204202
2023-06-28 00:00:00+00:00,-0.12557730738320227,-0.020241978544881276,-0.033121168263168056,-0.040496330977915114,-0.04667982386535671,-0.04990921112161206,0.06412452816953877,-0.06412452816953867,0.03797924806521647,0.06252035698133414
2023-06-29 00:00:00+00:00,0.08112554481236853,0.012223257058951633,0.01302732275023142,0.11910408573552049,0.013493339099929233,0.012371291802546829,-0.12557730738320227,0.06412452816953877,-0.06412452816953867,-0.06252035698133405
2023-06-30 00:00:00+00:00,0.050643732818754936,0.0008105804662547625,0.04322107124698339,0.04722722924286975,0.04682099381624707,0.030937235287713125,0.08112554481236853,-0.12557730738320227,0.06412452816953877,0.03797924806521647
2023-07-01 00:00:00+00:00,-0.03774032798284697,0.0037308892745919983,-0.00481561414669504,-0.008519753344770523,0.030379457088359454,0.011850039917495805,0.050643732818754936,0.08112554481236853,-0.12557730738320227,-0.06412452816953867
2023-07-02 00:00:00+00:00,0.012739025777429712,0.001017271646457164,0.006721965869777927,0.0393235462039143,-0.007324966827260426,0.0026143805740708936,-0.03774032798284697,0.050643732818754936,0.08112554481236853,0.06412452816953877
2023-07-03 00:00:00+00:00,0.1523407245820188,0.01745687224902878,0.00927821051935302,-0.009816663694475652,0.00644879854691056,0.014258180627056158,0.012739025777429712,-0.03774032798284697,0.050643732818754936,-0.12557730738320227
2023-07-04 00:00:00+00:00,-0.07327220110632575,-0.012586501609656327,-0.009939080826960508,-0.006772622917818084,0.006552626285154984,-0.012953549000391378,0.1523407245820188,0.012739025777429712,-0.03774032798284697,0.08112554481236853
2023-07-05 00:00:00+00:00,-0.02967576814611655,-0.008542384639438915,-0.013435583330342312,-0.006818804285721035,-0.027814316034533573,-0.02776120116349528,-0.07327220110632575,0.1523407245820188,0.012739025777429712,0.050643732818754936
2023-07-06 00:00:00+00:00,-0.07503518594291396,-0.02017875019166179,-0.03417848312536383,0.03160066104181435,-0.032764951222626355,-0.04384263786417638,-0.02967576814611655,-0.07327220110632575,0.1523407245820188,-0.03774032798284697
2023-07-07 00:00:00+00:00,0.01929320293467885,0.014916247025860701,0.013311720667936329,0.09201329492536217,0.008445347700700143,0.024897551621727087,-0.07503518594291396,-0.02967576814611655,-0.07327220110632575,0.012739025777429712
2023-07-08 00:00:00+00:00,-0.006389798098770898,-0.0019815498424806542,-0.0030352123725826893,0.014315645079920522,0.005033183812331676,0.042787275205208766,0.01929320293467885,-0.07503518594291396,-0.02967576814611655,0.1523407245820188
2023-07-09 00:00:00+00:00,-0.012903404835907954,-0.004100239112277894,-0.0013089990173964256,-0.02272298091589383,-0.005644991723737337,0.01300408442320661,-0.006389798098770898,0.01929320293467885,-0.07503518594291396,-0.07327220110632575
2023-07-10 00:00:00+00:00,-0.019672765598704893,0.008283044133908972,0.009403788041753397,-0.0009385265822643885,-0.001990964743742942,-0.026179505581771165,-0.012903404835907954,-0.006389798098770898,0.01929320293467885,-0.02967576814611655
2023-07-11 00:00:00+00:00,0.0,0.006898842392956891,-0.0011174077306010499,0.03551214755326548,0.0007662248478471292,-0.0013271402080624634,-0.019672765598704893,-0.012903404835907954,-0.006389798098770898,-0.07503518594291396
2023-07-12 00:00:00+00:00,-0.006644542718668501,-0.007937473335964864,-0.0034558928510683502,-0.00590776542156076,-0.0038370087747910736,-0.002659576035758831,0.0,-0.019672765598704893,-0.012903404835907954,0.01929320293467885
2023-07-13 00:00:00+00:00,0.13685918271719735,0.034748976139702924,0.06847844472655594,0.17016962461347596,0.07962861184584581,0.05944902702608032,-0.006644542718668501,0.0,-0.019672765598704893,-0.006389798098770898
2023-07-14 00:00:00+00:00,-0.047628048989254705,-0.03698946968873567,-0.03382087398995878,0.02505825873336282,-0.027789564517092677,0.0012539186595936812,0.13685918271719735,-0.006644542718668501,0.0,-0.012903404835907954
2023-07-15 00:00:00+00:00,0.0060790460763821925,-0.0007422255191403193,-0.0033184841941049197,0.029191062145902016,0.049561616309899234,0.01369031960868306,-0.047628048989254705,0.13685918271719735,-0.006644542718668501,-0.019672765598704893
2023-07-16 00:00:00+00:00,-0.04969966855227265,-0.0019011428276580337,-0.004826765168303919,-0.0014577262056566255,-0.03463488456257639,-0.028842124629285253,0.0060790460763821925,-0.047628048989254705,0.13685918271719735,0.0
2023-07-17 00:00:00+00:00,0.0063492276786587445,-0.0031138012758330853,-0.005692223930894661,-0.022870786617357405,0.004306020719753339,-0.0012730746467980965,-0.04969966855227265,0.0060790460763821925,-0.047628048989254705,-0.006644542718668501
2023-07-18 00:00:00+00:00,-0.03871451218069028,-0.00929617827722886,-0.007346931096489898,-0.04815603691241778,-0.016753713647343946,-0.016699167757632145,0.0063492276786587445,-0.04969966855227265,0.0060790460763821925,0.13685918271719735
2023-07-19 00:00:00+00:00,0.0,0.0016758040032582482,-0.004532687429924358,0.02970324444780808,0.01975693363788029,0.0025873235649509544,-0.03871451218069028,0.0063492276786587445,-0.04969966855227265,-0.047628048989254705
2023-07-20 00:00:00+00:00,-0.006600684031352136,-0.00365806621063334,0.0015660467406395737,-0.03598763276595981,0.008389668832814069,-0.006480904084083339,0.0,-0.03871451218069028,0.0063492276786587445,0.0060790460763821925
2023-07-21 00:00:00+00:00,0.0131580845775112,0.0034076103143899864,7.400907143141417e-05,0.004716989878138867,0.03615521719184978,0.019318050844763877,-0.006600684031352136,0.0,-0.03871451218069028,-0.04969966855227265
2023-07-22 00:00:00+00:00,-0.02649161544697634,-0.0036089728683473903,-0.013416019757593498,-0.03918934109636983,-0.03828152035315886,-0.00768249617201617,0.0131580845775112,-0.006600684031352136,0.0,0.0063492276786587445
2023-07-23 00:00:00+00:00,0.013333530869465168,0.009678127907075769,0.011828910977324096,0.009740336748384804,0.018697388715247263,0.008957193604016752,-0.02649161544697634,0.0131580845775112,-0.006600684031352136,-0.03871451218069028
2023-07-24 00:00:00+00:00,-0.11200505837649487,-0.030621568131757492,-0.020719006444616717,-0.057776299265628765,0.03287967411915621,-0.024501548041817128,0.013333530869465168,-0.02649161544697634,0.0131580845775112,0.0
2023-07-25 00:00:00+00:00,-0.03774032798284697,0.0017946972401168204,0.0041319920912332355,-0.004288171236566258,0.09812415364380919,0.03337922207383461,-0.11200505837649487,0.013333530869465168,-0.02649161544697634,-0.006600684031352136
2023-07-26 00:00:00+00:00,0.022814677766171264,0.004201036310069169,0.007689746873933568,0.07848783183302423,-0.04907731596167446,-0.0076045993852194155,-0.03774032798284697,-0.11200505837649487,0.013333530869465168,0.0131580845775112
2023-07-27 00:00:00+00:00,0.014925650216675792,-0.004410782171051959,-0.005742954969081114,-0.0027849630094863333,-0.004114702989422089,-0.007662872745569025,0.022814677766171264,-0.03774032798284697,-0.11200505837649487,-0.02649161544697634
2023-07-28 00:00:00+00:00,-0.014925650216675706,0.0031214513568593983,0.006912142997172488,-0.011218066361277132,-0.005685504396535686,0.046345175176365515,0.014925650216675792,0.022814677766171264,-0.03774032798284697,0.013333530869465168
2023-07-29 00:00:00+00:00,0.014925650216675792,0.0013213554199944793,0.003339861679952561,0.014003029370763406,0.03888672929605286,0.041947431969312755,-0.014925650216675706,0.014925650216675792,0.022814677766171264,-0.11200505837649487
2023-07-30 00:00:00+00:00,-0.03774032798284697,-0.002449433712539638,-0.009978037223819103,-0.03723619176373234,-0.02793230568705405,-0.028573372444056,0.014925650216675792,-0.014925650216675706,0.014925650216675792,-0.03774032798284697
2023-07-31 00:00:00+00:00,-0.047252884850545615,-0.0016693633056041337,-0.0030393279859110174,-0.021676546935819996,-0.002052861896200866,0.021506205220963682,-0.03774032798284697,0.014925650216675792,-0.014925650216675706,0.022814677766171264
2023-08-01 00:00:00+00:00,0.04725288485054551,0.016076157104390566,0.009293263759436142,0.013394926104097928,0.0037177146851758345,-0.003552401604367772,-0.047252884850545615,-0.03774032798284697,0.014925650216675792,0.014925650216675792
2023-08-02 00:00:00+00:00,-0.06351340572232599,-0.017659224099430867,-0.018081103995239624,-0.038140216019527225,-0.0515964012350341,-0.03377884476099287,0.04725288485054551,-0.047252884850545615,-0.03774032798284697,-0.014925650216675706
2023-08-03 00:00:00+00:00,-0.016529301951210582,0.0002613924558795061,-0.0022254213134208136,-0.02183492860320007,-0.0086604059558231,0.01582504114439711,-0.06351340572232599,0.04725288485054551,-0.047252884850545615,0.014925650216675792
2023-08-04 00:00:00+00:00,-0.03390155167568134,-0.002732062666357572,-0.003044158988505136,0.006600684031352093,-0.0014960900444424203,0.04832997088013234,-0.016529301951210582,-0.06351340572232599,0.04725288485054551,-0.03774032798284697
2023-08-05 00:00:00+00:00,-0.008658062743114541,-0.0014388313646510047,0.0034090539218758144,-0.006600684031352136,0.030033092483029315,0.13740764469644623,-0.03390155167568134,-0.016529301951210582,-0.06351340572232599,-0.047252884850545615
2023-08-06 00:00:00+00:00,0.0,0.0005601735343276643,-0.003381735324192536,0.023992426743221367,-0.019203150434010142,-0.062067487723416026,-0.008658062743114541,-0.03390155167568134,-0.016529301951210582,0.04725288485054551
2023-08-07 00:00:00+00:00,-0.03540192705091595,0.004207247848642796,-0.0006449180139251584,-0.003454234868087446,-0.009877625808079285,-0.04251321393622258,0.0,-0.008658062743114541,-0.03390155167568134,-0.06351340572232599
2023-08-08 00:00:00+00:00,0.05264373348542209,0.01896787840738051,0.01476121663329752,0.04648069432076937,0.01912516205704088,0.05944483535200253,-0.03540192705091595,0.0,-0.008658062743114541,-0.016529301951210582
2023-08-09 00:00:00+00:00,0.058107630807280757,-0.006349552885029144,-0.0005119017260491729,0.006584385928179238,0.005985254284389039,0.0093995470115043,0.05264373348542209,-0.03540192705091595,0.0,-0.03390155167568134
2023-08-10 00:00:00+00:00,0.0,-0.004276592986209428,-0.0015534737819997478,0.009795996703182108,0.006213252852257808,0.030708656619166358,0.058107630807280757,0.05264373348542209,-0.03540192705091595,-0.008658062743114541
2023-08-11 00:00:00+00:00,0.008032171697264253,-0.0010094804377126705,-0.0019614683254447346,0.0,-0.0018467225931646629,0.05872528601278222,0.0,0.058107630807280757,0.05264373348542209,0.0
2023-08-12 00:00:00+00:00,0.08434114843375075,0.0001406818655240356,0.0005893851369798252,0.011710208517781527,0.01259528589956183,0.014157858004098179,0.008032171697264253,0.0,0.058107630807280757,-0.03540192705091595
2023-08-13 00:00:00+00:00,0.0,-0.004301773191170979,-0.0049855684653567585,-0.02767779444565464,-0.025217522169634375,-0.04211148535012685,0.08434114843375075,0.008032171697264253,0.0,0.05264373348542209
2023-08-14 00:00:00+00:00,0.028987536873252406,0.0043275966976988696,0.0025880114167464037,0.03845849378776662,-0.0013379718346007694,-0.003917732728901664,0.0,0.08434114843375075,0.008032171697264253,0.058107630807280757
2023-08-15 00:00:00+00:00,-0.10536051565782628,-0.0078774528796102,-0.008991809076098535,-0.05217156967873616,-0.051652739154979914,-0.02584636917755235,0.028987536873252406,0.0,0.08434114843375075,0.0
2023-08-16 00:00:00+00:00,-0.08269171584511341,-0.016209084961303622,-0.011642266459590973,-0.04624111450353534,-0.054466755935222474,-0.0752706277898657,-0.10536051565782628,0.028987536873252406,0.0,0.008032171697264253
2023-08-17 00:00:00+00:00,-0.07145896398214487,-0.07616872037641167,-0.07243586284279085,-0.05217010286108505,-0.09602503999024953,-0.12472892670749619,-0.08269171584511341,-0.10536051565782628,0.028987536873252406,0.08434114843375075
2023-08-18 00:00:00+00:00,0.0,-0.021619596661148415,-0.011905329843399048,-0.014883995699237216,0.03605153858897908,0.05503781243644489,-0.07145896398214487,-0.08269171584511341,-0.10536051565782628,0.0
2023-08-19 00:00:00+00:00,0.045256591588120856,0.0017643901949644589,0.004851026845808832,0.02590339094884768,0.008343220376361139,-0.017616427388298318,0.0,-0.07145896398214487,-0.08269171584511341,0.028987536873252406
2023-08-20 00:00:00+00:00,-0.008888947417245928,0.003441579224086804,0.009281984784250725,-0.005953761575999059,0.0007835148876892458,-0.015522699740509,0.045256591588120856,0.0,-0.07145896398214487,-0.10536051565782628
2023-08-21 00:00:00+00:00,-0.027150989065950974,-0.0024110762869472635,-0.010552503530499763,-0.02653169356848931,-0.020893447588277225,-0.040521197405639434,-0.008888947417245928,0.045256591588120856,0.0,-0.08269171584511341
2023-08-22 00:00:00+00:00,-0.009216655104923952,-0.0027181324335439115,-0.01971879524303507,-0.02919566063826871,0.0011190153833342124,0.0025031302181184748,-0.027150989065950974,-0.008888947417245928,0.045256591588120856,-0.07145896398214487
2023-08-23 00:00:00+00:00,0.027398974188114347,0.01435456870308414,0.026924935486139112,0.054348360653365305,0.018990917317253785,0.03922071315328133,-0.009216655104923952,-0.027150989065950974,-0.008888947417245928,0.0
2023-08-24 00:00:00+00:00,-0.15565330971179328,-0.009604966342235453,-0.011045470103193834,-0.031778374987233945,-0.011192676159026345,-0.013309331368780493,0.027398974188114347,-0.009216655104923952,-0.027150989065950974,0.045256591588120856
2023-08-25 00:00:00+00:00,-0.07654007712233438,-0.004595714908301547,-0.0044404831995776915,-0.030860693969309846,0.0006339144427811062,-0.008562743449887802,-0.15565330971179328,0.027398974188114347,-0.009216655104923952,-0.008888947417245928
2023-08-26 00:00:00+00:00,-0.02298951822469872,-0.0016375635459644805,-0.004095932823676615,-0.006386658898796192,-0.0036505079822066696,-0.007398307481444813,-0.07654007712233438,-0.15565330971179328,0.027398974188114347,-0.027150989065950974
2023-08-27 00:00:00+00:00,0.0454623740767572,0.00323873624067934,0.0068313344079224,0.024343948032198078,0.004600626818527051,-0.004962789342129125,-0.02298951822469872,-0.07654007712233438,-0.15565330971179328,-0.009216655104923952
2023-08-28 00:00:00+00:00,-0.04546237407675729,0.000698176287035663,-0.0031708573681733664,-0.011124661282957242,0.004264398786457739,0.0221411258772135,0.0454623740767572,-0.02298951822469872,-0.07654007712233438,0.027398974188114347
2023-08-29 00:00:00+00:00,0.0454623740767572,0.059320826564098275,0.04514587765984236,0.05810370836956416,0.04544486232199146,0.018083675433295327,-0.04546237407675729,0.0454623740767572,-0.02298951822469872,-0.15565330971179328
2023-08-30 00:00:00+00:00,-0.04546237407675729,-0.0151357950818478,-0.014086093183490871,-0.04553708576970567,-0.00786215117294867,-0.025409715525368325,0.0454623740767572,-0.04546237407675729,0.0454623740767572,-0.07654007712233438
2023-08-31 00:00:00+00:00,-0.07232066157962626,-0.05107008806335594,-0.035497715393938846,-0.053267029181487444,-0.03270887082747996,-0.02105340919783238,-0.04546237407675729,0.0454623740767572,-0.04546237407675729,-0.02298951822469872
2023-09-01 00:00:00+00:00,-0.03822121282019762,-0.005246038619321044,-0.010162291872580201,-0.02098874078509605,0.001880288864852128,-0.01132800030520736,-0.07232066157962626,-0.04546237407675729,0.0454623740767572,0.0454623740767572
2023-09-02 00:00:00+00:00,0.012903404835908001,0.0024948459526167835,0.004843632695716121,0.008756172349461763,-0.006281427688603588,-0.007623925110659483,-0.03822121282019762,-0.07232066157962626,-0.04546237407675729,-0.04546237407675729
2023-09-03 00:00:00+00:00,0.025317807984289786,0.003923561650647033,-0.0007271905406814061,0.0035833158382837763,-0.004895390747599144,-0.019318050844763852,0.012903404835908001,-0.03822121282019762,-0.07232066157962626,0.0454623740767572
2023-09-04 00:00:00+00:00,0.0,-0.005606105973525642,-0.0032635845704295906,-0.00255820042303844,0.0014237129668936937,-0.026351985988424385,0.025317807984289786,0.012903404835908001,-0.03822121282019762,-0.04546237407675729
2023-09-05 00:00:00+00:00,0.01242251999855711,-0.0013142673496244822,0.0024135070031771496,0.03720891783559097,0.011942316664214182,0.01982880564930103,0.0,0.025317807984289786,0.012903404835908001,-0.07232066157962626
2023-09-06 00:00:00+00:00,-0.02500130220541727,-0.0012472832474370724,-0.0007956910690343726,-0.031080195894217597,-0.005796209538301371,0.005221943981151625,0.01242251999855711,0.0,0.025317807984289786,-0.03822121282019762
2023-09-07 00:00:00+00:00,0.0250013022054174,0.019035486849342184,0.009118511581993099,0.01415594923013246,0.0,0.001301236357971734,-0.02500130220541727,0.01242251999855711,0.0,0.012903404835908001
2023-09-08 00:00:00+00:00,-0.02500130220541727,-0.01320815513349337,-0.007106026156969444,-0.015684611948197348,0.0009422111249812828,-0.011772536225267123,0.0250013022054174,-0.02500130220541727,0.01242251999855711,0.025317807984289786
2023-09-09 00:00:00+00:00,-0.012739025777429601,-0.0003431630206622342,-0.0005501256258888519,-0.00870684117596184,-0.005035415832321823,-0.003955179842927943,-0.02500130220541727,0.0250013022054174,-0.02500130220541727,0.0
2023-09-10 00:00:00+00:00,-0.10821358464023284,-0.0023191454606873935,-0.011140737921668128,-0.06371581438610786,-0.03352627735390932,-0.02813313470857262,-0.012739025777429601,-0.02500130220541727,0.0250013022054174,0.01242251999855711
2023-09-11 00:00:00+00:00,-0.04380262265839277,-0.02663039767580389,-0.04138451952242031,-0.028923039469250476,-0.01330178082334277,-0.04161488123563406,-0.10821358464023284,-0.012739025777429601,-0.02500130220541727,-0.02500130220541727
2023-09-12 00:00:00+00:00,0.0,0.02657196307677719,0.026152430753237553,0.011223462369849576,0.0067551125970285565,0.01546060310637828,-0.04380262265839277,-0.10821358464023284,-0.012739025777429601,0.0250013022054174
2023-09-13 00:00:00+00:00,0.014815085785140463,0.014671204201257093,0.009154626062353411,0.02643325706815543,0.005893926688777798,0.012474174225175818,0.0,-0.04380262265839277,-0.10821358464023284,-0.02500130220541727
2023-09-14 00:00:00+00:00,0.014598799421152631,0.011403348118842957,0.011657197827190198,0.024162249279079995,0.013296774470334193,0.015037877364540502,0.014815085785140463,0.0,-0.04380262265839277,-0.012739025777429601
2023-09-15 00:00:00+00:00,0.0,0.0029091145916004006,0.009070495757411094,0.01526747213078838,0.00674268086739237,0.010796326190222864,0.014598799421152631,0.014815085785140463,0.0,-0.10821358464023284
2023-09-16 00:00:00+00:00,-0.029413885206293226,-0.0015173159554027868,-0.004206753484545366,-0.0010454784015529453,-0.005776652777454457,-0.006734032181344068,0.0,0.014598799421152631,0.014815085785140463,-0.04380262265839277
2023-09-17 00:00:00+00:00,-0.07755823434587461,-0.0012115920994153866,-0.007319921657535613,-0.016346264310316373,-0.010840653045983306,-0.026011048913266433,-0.029413885206293226,0.0,0.014598799421152631,0.0
2023-09-18 00:00:00+00:00,0.0,0.008819719840065637,0.008701736946528362,0.043179659613380945,0.008262501440684075,0.005532517569725698,-0.07755823434587461,-0.029413885206293226,0.0,0.014815085785140463
2023-09-19 00:00:00+00:00,0.04725288485054551,0.01659208048714994,0.0039392937049882275,0.019662846751407066,0.011230665128217883,0.0204785313435407,0.0,-0.07755823434587461,-0.029413885206293226,0.014598799421152631
2023-09-20 00:00:00+00:00,-0.031252543504104426,-0.003138296199427117,-0.012776634737105578,0.012897004159996416,-0.0009577015895604776,0.0067340321813441194,0.04725288485054551,0.0,-0.07755823434587461,0.0
2023-09-21 00:00:00+00:00,-0.01600034134644119,-0.020745316649489014,-0.02390482489121464,-0.04176707707986425,-0.021141754123662954,-0.028592825993843086,-0.031252543504104426,0.04725288485054551,0.0,-0.029413885206293226
2023-09-22 00:00:00+00:00,0.13554549199622376,0.0004538251782273123,0.005753835491244665,-0.0015428133685103705,0.003419363422791947,0.008253141756720482,-0.01600034134644119,-0.031252543504104426,0.04725288485054551,-0.07755823434587461
2023-09-23 00:00:00+00:00,-0.04317217186520878,-0.0001572726369548166,0.0004894977725181305,0.003083250130120565,0.0,0.0270286723879192,0.13554549199622376,-0.01600034134644119,-0.031252543504104426,0.0
2023-09-24 00:00:00+00:00,-0.014815085785140474,-0.01240277490489352,-0.00828463395836899,-0.006692431671038407,-0.013583385349624668,-0.02702867238791926,-0.04317217186520878,0.13554549199622376,-0.01600034134644119,0.04725288485054551
2023-09-25 00:00:00+00:00,0.057987257650349316,0.002147539347757194,0.004809036607637084,0.0015483874061295432,0.0041108337097990905,-0.0027434859457509436,-0.014815085785140474,-0.04317217186520878,0.13554549199622376,-0.031252543504104426
2023-09-26 00:00:00+00:00,-0.028573372444056114,-0.0031656440496646743,0.003569704074099457,-0.018740787946502274,-0.005264901927905866,-0.002751033371889871,0.057987257650349316,-0.014815085785140474,-0.04317217186520878,-0.01600034134644119
2023-09-27 00:00:00+00:00,0.05635293655113178,0.005754212215801185,0.002900413916830404,0.005763704716750134,-0.001485761726061196,-0.005524875931969804,-0.028573372444056114,0.057987257650349316,-0.014815085785140474,0.13554549199622376
2023-09-28 00:00:00+00:00,0.013605652055778678,0.024288394222757907,0.03343250142291594,0.04194988485850975,0.015898064908876283,0.011019395249610698,0.05635293655113178,-0.028573372444056114,0.057987257650349316,-0.04317217186520878
2023-09-29 00:00:00+00:00,0.07796154146971171,-0.0042437853832940535,0.008709744136773601,0.015904907839664514,0.010191789263130307,0.0013689256073417405,0.013605652055778678,0.05635293655113178,-0.028573372444056114,-0.014815085785140474
2023-09-30 00:00:00+00:00,0.0,0.002064247824862265,0.0020609052508540116,0.052352890608073833,-0.0009661836500410655,0.004095568864736981,0.07796154146971171,0.013605652055778678,0.05635293655113178,0.057987257650349316
2023-10-01 00:00:00+00:00,0.02469261259037163,0.03748988079317705,0.036953345156396686,0.11063437101968246,0.017883280359802557,0.02422729533532427,0.0,0.07796154146971171,0.013605652055778678,-0.028573372444056114
2023-10-02 00:00:00+00:00,-0.08923113372794264,-0.017952769440012815,-0.042047422395011,-0.02116929179997209,-0.019011675740272276,-0.028322864200061255,0.02469261259037163,0.0,0.07796154146971171,0.05635293655113178
2023-10-03 00:00:00+00:00,-0.027028672387919374,-0.0024781075361443865,-0.0033260255770674258,0.009793563480797834,-0.010213268644085897,-0.00411241155309266,-0.08923113372794264,0.02469261259037163,0.0,0.013605652055778678
2023-10-04 00:00:00+00:00,-0.013793322132335873,0.012756619276586195,-0.006235906218074599,-0.020116235788216676,0.001628134517912313,-0.006891826037921258,-0.027028672387919374,-0.08923113372794264,0.02469261259037163,0.07796154146971171
2023-10-05 00:00:00+00:00,-0.028170876966696335,-0.013342721522066095,-0.021355046922359133,-0.018765551755990754,-0.009973106450093014,-0.012526259819180256,-0.013793322132335873,-0.027028672387919374,-0.08923113372794264,0.0
2023-10-06 00:00:00+00:00,0.02817087696669644,0.018818266735082634,0.020413258487783748,0.030798357015462362,0.008344971932180688,0.012526259819180256,-0.028170876966696335,-0.013793322132335873,-0.027028672387919374,0.02469261259037163
2023-10-07 00:00:00+00:00,-0.013986241974739952,0.0009154062279922295,-0.00699081722214893,-0.004709920931164497,0.0009771987748303742,0.0,0.02817087696669644,-0.028170876966696335,-0.013793322132335873,-0.08923113372794264
2023-10-08 00:00:00+00:00,0.0,-0.0014181982742726472,-0.000446973902329224,-0.0034393843019094672,-0.007680403797445184,-0.004158010148663788,-0.013986241974739952,0.02817087696669644,-0.028170876966696335,-0.027028672387919374
2023-10-09 00:00:00+00:00,-0.05798725765034928,-0.011779875664382407,-0.03281370787343065,-0.04943636774603818,-0.03726724184396273,-0.0396652563924314,0.0,-0.013986241974739952,0.02817087696669644,-0.013793322132335873
2023-10-10 00:00:00+00:00,-0.030305349495328922,-0.007275373195296091,-0.007942197439895009,0.0004523863456477932,0.006787740298310502,-0.002894358026364526,-0.05798725765034928,0.0,-0.013986241974739952,-0.028170876966696335
2023-10-11 00:00:00+00:00,-0.015504186535965312,-0.01896652932854734,-0.0004849258349932817,-0.0045330993309844955,-0.010540730032593792,-0.01902032467903,-0.030305349495328922,-0.05798725765034928,0.0,0.02817087696669644
2023-10-12 00:00:00+00:00,-0.0317486983145803,-0.004321426540286491,-0.01755086126039427,-0.03372923106492673,-0.010825778036861642,0.004421525257877256,-0.015504186535965312,-0.030305349495328922,-0.05798725765034928,-0.013986241974739952
2023-10-13 00:00:00+00:00,0.04725288485054551,0.0038182399293200187,0.008118371630919484,0.02597548640326052,0.00877274053216298,0.01604702559751746,-0.0317486983145803,-0.015504186535965312,-0.030305349495328922,0.0
2023-10-14 00:00:00+00:00,-0.015504186535965312,-0.0003544668067039467,0.0017894504469295222,0.007299302481611535,0.024529691370775625,0.015793580258141267,0.04725288485054551,-0.0317486983145803,-0.015504186535965312,-0.05798725765034928
2023-10-15 00:00:00+00:00,0.030771658666753687,0.011171707530674917,0.0018183517126618392,-0.003186890928519019,-0.008896407815586507,-0.005714301263438552,-0.015504186535965312,0.04725288485054551,-0.0317486983145803,-0.030305349495328922
2023-10-16 00:00:00+00:00,0.015037877364540502,0.04840156611029453,0.026385752136300226,0.08811276142712733,0.011566636371465292,0.015636423769755103,0.030771658666753687,-0.015504186535965312,0.04725288485054551,-0.015504186535965312
2023-10-17 00:00:00+00:00,-0.04580953603129422,-0.0036863346095197267,-0.02174884977866825,-0.0008354219366422798,-0.01612938192988353,-0.028614255518468884,0.015037877364540502,0.030771658666753687,-0.015504186535965312,-0.0317486983145803
2023-10-18 00:00:00+00:00,-0.015748356968139168,-0.0026768518861103275,-0.0010036920083754475,-0.021542543750710547,-0.007821838892629693,-0.017569998101383495,-0.04580953603129422,0.015037877364540502,0.030771658666753687,0.04725288485054551
2023-10-19 00:00:00+00:00,0.0,0.01380644022600064,0.0019999942769046096,0.06248153936589507,0.004938281640582577,0.008823586658515025,-0.015748356968139168,-0.04580953603129422,0.015037877364540502,-0.015504186535965312
2023-10-20 00:00:00+00:00,0.03125254350410453,0.03272936881268124,0.023543412522501424,0.08087546275288987,0.01734488208123373,0.011644964196879834,0.0,-0.015748356968139168,-0.04580953603129422,0.030771658666753687
2023-10-21 00:00:00+00:00,0.07410797215372183,0.008082108028452294,0.015497567989964853,0.08132251673009445,0.02130727235304545,0.02147541372557218,0.03125254350410453,0.0,-0.015748356968139168,0.015037877364540502
2023-10-22 00:00:00+00:00,0.055569851154810786,0.002759830846653565,0.021114541154504913,-0.009251393720530477,0.008300153436892966,0.009866182921053979,0.07410797215372183,0.03125254350410453,0.0,-0.04580953603129422
2023-10-23 00:00:00+00:00,0.3011050927839216,0.09768020786547688,0.059367241974827685,0.09296037062409401,0.08865777889457244,0.051924231349838756,0.055569851154810786,0.07410797215372183,0.03125254350410453,-0.015748356968139168
2023-10-24 00:00:00+00:00,-0.07257069283483537,0.02545906657086265,0.010995931028651353,-0.05513080075104445,-0.012237132259570977,-0.016107730815932968,0.3011050927839216,0.055569851154810786,0.07410797215372183,0.0
2023-10-25 00:00:00+00:00,0.25489224962879004,0.016759533553249224,0.0012149615310383514,0.07254417607624238,0.025497971933970857,0.0539959987354356,-0.07257069283483537,0.3011050927839216,0.055569851154810786,0.03125254350410453
2023-10-26 00:00:00+00:00,0.07232066157962608,-0.01003363081588025,0.009040509641070294,0.01012123346351115,0.05037806304471937,0.012739025777429932,0.25489224962879004,-0.07257069283483537,0.3011050927839216,0.07410797215372183
2023-10-27 00:00:00+00:00,-0.10622221325530755,-0.00763160546721126,-0.013386453030617656,-0.03225085711561914,-0.05860856218123489,-0.026941975955423348,0.07232066157962608,0.25489224962879004,-0.07257069283483537,0.055569851154810786
2023-10-28 00:00:00+00:00,-0.017391742711868996,0.005560455807826632,-0.001799977986263272,-0.003156568277546769,0.01813445425346051,0.03576370928457111,-0.10622221325530755,0.07232066157962608,0.25489224962879004,0.3011050927839216
2023-10-29 00:00:00+00:00,0.0,0.012969433130901344,0.010606762485537609,0.03723669419594381,0.005059642163581147,0.006253929076299451,-0.017391742711868996,-0.10622221325530755,0.07232066157962608,-0.07257069283483537
2023-10-30 00:00:00+00:00,0.03448617607116919,-0.0014828854979810758,0.007713304504797227,0.062289573192409284,0.0034547320959181327,-0.007509422022131459,0.0,-0.017391742711868996,-0.10622221325530755,0.25489224962879004
2023-10-31 00:00:00+00:00,-0.0344861760711692,0.004775852062776867,0.0031073151714650442,0.09442515488777076,-0.019150447426569784,-0.021588139973634703,0.03448617607116919,0.0,-0.017391742711868996,0.07232066157962608
2023-11-01 00:00:00+00:00,0.042925044717033844,0.022314560261213128,0.017653654013214524,0.06916646752939758,0.009766129658530444,0.022843632919466828,-0.0344861760711692,0.03448617607116919,0.0,-0.10622221325530755
2023-11-02 00:00:00+00:00,-0.0786431273191131,-0.013639193957310053,-0.02532627640689565,-0.022610941161382,-0.01520052652406886,-0.013897886361008551,0.042925044717033844,-0.0344861760711692,0.03448617607116919,-0.017391742711868996
2023-11-03 00:00:00+00:00,-0.01834913866819654,-0.0064546666973641625,0.017564735146825508,-0.019578938669813483,0.002500552895209599,-0.0051020518838953985,-0.0786431273191131,0.042925044717033844,-0.0344861760711692,0.0
2023-11-04 00:00:00+00:00,0.027398974188114347,0.00989677583723088,0.012380013060606685,0.07235013619461587,0.01472866581861767,0.015228720701824683,-0.01834913866819654,-0.0786431273191131,0.042925044717033844,0.03448617607116919
2023-11-05 00:00:00+00:00,0.008968669982760536,-0.0014324869251003767,0.019305423108153284,-0.03016025636342049,0.028540750007972824,0.02118459286827731,0.027398974188114347,-0.01834913866819654,-0.0786431273191131,-0.0344861760711692
2023-11-06 00:00:00+00:00,0.06899287148695142,0.0009766198683485855,0.004872579288074975,0.024247977110028,0.0717839456138421,0.04225130549081043,0.008968669982760536,0.027398974188114347,-0.01834913866819654,0.042925044717033844
2023-11-07 00:00:00+00:00,-0.025317807984289783,0.010022908737337355,-0.00828271449710818,0.01809897800336239,-0.039938529973156715,-0.03121501934792464,0.06899287148695142,0.008968669982760536,0.027398974188114347,-0.0786431273191131
2023-11-08 00:00:00+00:00,0.016949558313773205,0.0063528178351219345,0.0015105783085971145,0.004647928423282493,0.0263597833367591,0.009708814126960903,-0.025317807984289783,0.06899287148695142,0.008968669982760536,-0.01834913866819654
2023-11-09 00:00:00+00:00,0.1112256351102244,0.029766675983155067,0.11645691140702073,0.048867446908370624,-0.023773868319722054,-0.006056953708189796,0.016949558313773205,-0.025317807984289783,0.06899287148695142,0.027398974188114347
2023-11-10 00:00:00+00:00,0.014925650216675792,0.01623057053490802,-0.02076739778150022,0.2241587126134054,0.0244373062794374,0.031102985634277488,0.1112256351102244,0.016949558313773205,-0.025317807984289783,0.008968669982760536
2023-11-11 00:00:00+00:00,-0.05324451451881224,-0.004611757237879132,-0.011886198392189226,-0.005840207733301346,0.04029658791511183,0.06828590786613137,0.014925650216675792,0.1112256351102244,0.016949558313773205,0.06899287148695142
2023-11-12 00:00:00+00:00,-0.039845908547199674,-0.0017756126342137468,-0.004143642225854702,-0.0010655302020382848,-0.006903632634936826,-0.018878961597469497,-0.05324451451881224,0.014925650216675792,0.1112256351102244,-0.025317807984289783
2023-11-13 00:00:00+00:00,-0.05859416426605294,-0.016353527492521336,0.004377399732726625,-0.08681755975867124,-0.04446342512644985,-0.04470658508833022,-0.039845908547199674,-0.05324451451881224,0.014925650216675792,0.016949558313773205
2023-11-14 00:00:00+00:00,-0.008658062743114541,-0.0253224983929354,-0.03682998133401603,0.09619069408151855,-0.028845537362123044,-0.022526145132932374,-0.05859416426605294,-0.039845908547199674,-0.05324451451881224,0.1112256351102244
2023-11-15 00:00:00+00:00,0.09134977858822804,0.06287397140001015,0.03917912993641699,0.14126850231261195,0.050996452984969846,0.052551495326430345,-0.008658062743114541,-0.05859416426605294,-0.039845908547199674,0.014925650216675792
2023-11-16 00:00:00+00:00,-0.1000834585569824,-0.04579700167213188,-0.04812071941568879,-0.12399209320331572,0.041624505951905574,-0.03354854820081498,0.09134977858822804,-0.008658062743114541,-0.05859416426605294,-0.05324451451881224
2023-11-17 00:00:00+00:00,0.01739174271186902,0.012377896572665345,-0.0004843738543024243,0.01220890412181297,0.08372381790121985,0.03695570652242912,-0.1000834585569824,0.09134977858822804,-0.008658062743114541,-0.039845908547199674
2023-11-18 00:00:00+00:00,-0.008658062743114541,-0.001252220312786142,0.0009073716921085151,0.0008541898529113509,-0.0735828859251705,-0.02992167986504927,0.01739174271186902,-0.1000834585569824,0.09134977858822804,-0.05859416426605294
2023-11-19 00:00:00+00:00,0.03419136474827934,0.021420590373204398,0.024595673263129086,0.04245999652449361,0.00223964259350466,0.012768600638799739,-0.008658062743114541,0.01739174271186902,-0.1000834585569824,-0.008658062743114541
2023-11-20 00:00:00+00:00,-0.042925044717033886,0.0023772666332884944,0.004924542605039942,-0.0770330568224853,-0.03516234253857271,-0.028072018778686376,0.03419136474827934,-0.008658062743114541,0.01739174271186902,0.09134977858822804
2023-11-21 00:00:00+00:00,-0.10146946016485965,-0.046657457238005864,-0.04471196713987043,-0.09098861378941683,-0.07927060623252877,-0.08539508441212841,-0.042925044717033886,0.03419136474827934,-0.008658062743114541,-0.1000834585569824
2023-11-22 00:00:00+00:00,0.06575137756278043,0.045576998787717926,0.06518464889455769,0.10833768645351965,0.054111226638937734,0.04546237407675741,-0.10146946016485965,-0.042925044717033886,0.03419136474827934,0.01739174271186902
2023-11-23 00:00:00+00:00,-0.027651531330510234,-0.003053710529443689,-0.0004896483114064268,-0.018410268377415166,0.005923018303122071,0.0012338064489285658,0.06575137756278043,-0.10146946016485965,-0.042925044717033886,-0.008658062743114541
2023-11-24 00:00:00+00:00,0.027651531330510164,0.011180012954367782,0.008998284241456845,0.006174492581101822,0.02565239767220807,0.009816029737656414,-0.027651531330510234,0.06575137756278043,-0.10146946016485965,0.03419136474827934
2023-11-25 00:00:00+00:00,0.07020425867324835,0.0017776195288349984,0.0010807099153864956,0.03388982690299525,0.009674209869892189,0.03479655193883374,0.027651531330510164,-0.027651531330510234,0.06575137756278043,-0.042925044717033886
2023-11-26 00:00:00+00:00,-0.06115442315333058,-0.008859513391713852,-0.010015956671339116,-0.021480334438130737,-0.0032990767138426683,-0.022660480656608077,0.07020425867324835,0.027651531330510164,-0.027651531330510234,-0.10146946016485965
2023-11-27 00:00:00+00:00,-0.018182319083190474,-0.005482130309367848,-0.017032904579779306,-0.04457809897325696,0.0020314887636611583,-0.012136071282225673,-0.06115442315333058,0.07020425867324835,0.027651531330510164,0.06575137756278043
2023-11-28 00:00:00+00:00,0.009132483563272693,0.01535223194675372,0.010128557208434865,0.05511815335259422,0.024927701461233718,0.014545711002378935,-0.018182319083190474,-0.06115442315333058,0.07020425867324835,-0.027651531330510234
2023-11-29 00:00:00+00:00,-0.0370412716803491,0.0009453771250752638,-0.009482649945161606,0.019236272783579665,-0.004463739587711511,-0.01088939979926843,0.009132483563272693,-0.018182319083190474,-0.06115442315333058,0.027651531330510164
2023-11-30 00:00:00+00:00,0.027908788117076443,-0.0034581251896556686,0.011346019670436606,-0.0001686198469555516,0.036123512755941785,0.0096853057344639,-0.0370412716803491,0.009132483563272693,-0.018182319083190474,0.07020425867324835
2023-12-01 00:00:00+00:00,0.018182319083190547,0.025092382063089787,0.017047185146421714,0.0075598848079402575,0.0050215313552345806,0.008398369698831641,0.027908788117076443,-0.0370412716803491,0.009132483563272693,-0.06115442315333058
2023-12-02 00:00:00+00:00,0.05264373348542209,0.019655100831166433,0.03645764277647056,0.06338723104232659,0.027292600982457563,0.017762456339840468,0.018182319083190547,0.027908788117076443,-0.0370412716803491,-0.018182319083190474
2023-12-03 00:00:00+00:00,0.025317807984289786,0.013142794289187723,0.012947407494196705,-0.010739206181068186,-0.005352584340884072,0.05702799323330799,0.05264373348542209,0.018182319083190547,0.027908788117076443,0.009132483563272693
2023-12-04 00:00:00+00:00,0.14698219034864585,0.049271977534901416,0.022731530221834852,-0.021506205220963505,0.06951387291010613,0.020845516192683128,0.025317807984289786,0.05264373348542209,0.018182319083190547,-0.0370412716803491
2023-12-05 00:00:00+00:00,0.14693043185377117,0.04839691964470645,0.022025710207649485,-0.009945463895511457,0.02652789399366177,0.029948762354621034,0.14698219034864585,0.025317807984289786,0.05264373348542209,0.027908788117076443
2023-12-06 00:00:00+00:00,-0.08419209122034797,-0.007072982823143485,-0.02679329436545996,0.01334655228209343,0.006128506079147823,0.023947005850511138,0.14693043185377117,0.14698219034864585,0.025317807984289786,0.018182319083190547
2023-12-07 00:00:00+00:00,0.033225647628320386,-0.011249508685349425,0.05363904278121185,0.09096474855112859,0.01047898093614909,0.006153865574378286,-0.08419209122034797,0.14693043185377117,0.14698219034864585,0.05264373348542209
2023-12-08 00:00:00+00:00,0.03215711163453123,0.020536119557329653,0.0012684408153208265,0.10101094597591577,0.057818399622106983,0.04106736318790753,0.033225647628320386,-0.08419209122034797,0.14693043185377117,0.025317807984289786
2023-12-09 00:00:00+00:00,-0.025642430613337555,-0.010408972260493799,-0.0077587898612528645,-0.035863664200822355,-0.03178678412190866,-0.019822254574171444,0.03215711163453123,0.033225647628320386,-0.08419209122034797,0.14698219034864585
2023-12-10 00:00:00+00:00,0.03822121282019767,0.0017350244818206502,0.00507152345936957,0.034929147077874936,0.03394894712640405,0.033467690471085144,-0.025642430613337555,0.03215711163453123,0.033225647628320386,0.14693043185377117
2023-12-11 00:00:00+00:00,-0.11934675763256612,-0.05966075735492428,-0.05562098586873983,-0.0636929680287388,-0.07892251589732965,-0.08270840657424808,0.03822121282019767,-0.025642430613337555,0.03215711163453123,-0.08419209122034797
2023-12-12 00:00:00+00:00,-0.021353124470568946,0.005776503301278852,-0.009781994551532417,-0.023767773482015666,-0.0034053454212692345,0.006289328907563918,-0.11934675763256612,0.03822121282019767,-0.025642430613337555,0.033225647628320386
2023-12-13 00:00:00+00:00,0.021353124470568842,0.032639616880829996,0.02540675504178913,0.029020855768400997,0.02744218883961665,0.023749180211663282,-0.021353124470568946,-0.11934675763256612,0.03822121282019767,0.03215711163453123
2023-12-14 00:00:00+00:00,0.04811924834419835,0.0035680023564587876,0.024112299688721868,0.0692005342433826,0.019310378175644613,0.02817087696669644,0.021353124470568842,-0.021353124470568946,-0.11934675763256612,-0.025642430613337555
2023-12-15 00:00:00+00:00,-0.11359717772370533,-0.025470477640977214,-0.04181551117712235,-0.04278944136012155,-0.05510200537265362,-0.048790164169432056,0.04811924834419835,0.021353124470568842,-0.021353124470568946,0.03822121282019767
2023-12-16 00:00:00+00:00,0.05841076215641451,0.008020387258140575,0.003802713225757799,0.016549649418121138,0.0431282656337719,0.18924199963852853,-0.11359717772370533,0.04811924834419835,0.021353124470568842,-0.11934675763256612
2023-12-17 00:00:00+00:00,-0.0584107621564146,-0.021599191335207872,-0.01466081918858795,-0.039426919979457874,-0.04398857324678604,-0.11886120287672894,0.05841076215641451,-0.11359717772370533,0.04811924834419835,-0.021353124470568946
2023-12-18 00:00:00+00:00,-0.01515180502060222,0.030541766708551847,0.01037611637258206,0.04887751009631167,-0.008861091046612318,0.013500687218902524,-0.0584107621564146,0.05841076215641451,-0.11359717772370533,0.021353124470568842
2023-12-19 00:00:00+00:00,-0.04688358589885027,-0.008990828549252048,-0.018884704816843227,-0.019265281770085383,-0.020838657114431374,-0.031130918595173213,-0.01515180502060222,-0.0584107621564146,0.05841076215641451,0.04811924834419835
2023-12-20 00:00:00+00:00,0.015873349156289945,0.03241755264462973,0.011077536520739216,0.11881750801565082,0.01397700627506626,0.011787955752042393,-0.04688358589885027,-0.01515180502060222,-0.0584107621564146,-0.11359717772370533
2023-12-21 00:00:00+00:00,0.031010236742560218,0.004406916568444891,0.016858505702015424,0.132314255181178,0.037432650620615474,0.018384649401319352,0.015873349156289945,-0.04688358589885027,-0.01515180502060222,0.05841076215641451
2023-12-22 00:00:00+00:00,0.18739770982581527,0.0024419680670525194,0.03722042643648378,0.04235534519124476,0.0,0.0449935308322984,0.031010236742560218,0.015873349156289945,-0.04688358589885027,-0.0584107621564146
2023-12-23 00:00:00+00:00,-0.06538275926285163,-0.006088221088727501,-0.0070541699979998745,0.09707294873506445,-0.01623808562981105,0.01455894687556618,0.18739770982581527,0.031010236742560218,0.015873349156289945,-0.01515180502060222
2023-12-24 00:00:00+00:00,-0.06995858860691047,-0.016395107062850675,-0.019312755101442716,0.041489180133795614,-0.018902112701427325,-0.037740327982847086,-0.06538275926285163,0.18739770982581527,0.031010236742560218,-0.04688358589885027
2023-12-25 00:00:00+00:00,0.021506205220963682,0.013507101635684676,0.0032191234748903032,0.07253778878083063,0.02837984724370636,0.03321338498707001,-0.06995858860691047,-0.06538275926285163,0.18739770982581527,0.015873349156289945
2023-12-26 00:00:00+00:00,-0.0584107621564146,-0.02479535186467053,-0.01797824191304084,-0.07218213838142092,-0.03231298899054357,-0.03980164411145326,0.021506205220963682,-0.06995858860691047,-0.06538275926285163,0.031010236742560218
2023-12-27 00:00:00+00:00,0.0794641713542468,0.02140979529821103,0.06401084348004162,-0.050876969779326035,0.024866146066081694,0.027934777331554066,-0.0584107621564146,0.021506205220963682,-0.06995858860691047,0.18739770982581527
2023-12-28 00:00:00+00:00,-0.07197349962508923,-0.02012077980823538,-0.014484107103263628,-0.048977254908986086,-0.020605939721071526,-0.026047984318977414,0.0794641713542468,-0.0584107621564146,0.021506205220963682,-0.06538275926285163
2023-12-29 00:00:00+00:00,0.0,-0.011740790238734814,-0.019361626498728475,0.04203147890905933,-0.008428707335055503,-0.019030069999014267,-0.07197349962508923,0.0794641713542468,-0.0584107621564146,-0.06995858860691047
2023-12-30 00:00:00+00:00,-0.02264247674975989,0.0017416561151908701,-0.0032760632932055125,-0.04104964279680258,-0.010720111503705438,0.0019193863858034481,0.0,-0.07197349962508923,0.0794641713542468,0.021506205220963682
2023-12-31 00:00:00+00:00,-0.007662872745569025,0.0033947781497301243,-0.00428989080455275,-0.0017679996747602916,-0.005012541823544175,-0.006734032181344068,-0.02264247674975989,0.0,-0.07197349962508923,-0.0584107621564146
2024-01-01 00:00:00+00:00,0.08122543992258578,0.04386318131378095,0.030287754449622444,0.07743790852689017,0.02688274698234516,0.03042059670071172,-0.007662872745569025,-0.02264247674975989,0.0,0.0794641713542468
2024-01-02 00:00:00+00:00,-0.05092009042725687,0.01722000317113513,0.0014020540260539925,-0.02935956815493531,-0.009722071223153314,-0.011299555253933282,0.08122543992258578,-0.007662872745569025,-0.02264247674975989,-0.07197349962508923
2024-01-03 00:00:00+00:00,-0.12715517548524674,-0.04788769521256018,-0.06381928005018102,-0.0800427076735365,-0.10511661321759277,-0.09844007281325265,-0.05092009042725687,0.08122543992258578,-0.007662872745569025,0.0
2024-01-04 00:00:00+00:00,0.05762911283663642,0.03002352150755492,0.025640081953999767,0.06284326649105705,0.024094648328435938,0.04295138719559926,-0.12715517548524674,-0.05092009042725687,0.08122543992258578,-0.02264247674975989
2024-01-05 00:00:00+00:00,-0.04919024419077178,-0.0001356796630157846,0.0007363494597344715,-0.04853283382733521,-0.016079060112171643,-0.018182319083190474,0.05762911283663642,-0.12715517548524674,-0.05092009042725687,-0.007662872745569025
2024-01-06 00:00:00+00:00,-0.03419136474827931,-0.004012787545087865,-0.012418222543956053,-0.06372503048452523,-0.02560629950138299,-0.02059805059507057,-0.04919024419077178,0.05762911283663642,-0.12715517548524674,0.08122543992258578
2024-01-07 00:00:00+00:00,-0.026433257068155483,-0.000894225072540774,-0.00867738849855344,-0.04727696602474476,-0.029469454036639194,-0.06335988890766875,-0.03419136474827931,-0.04919024419077178,0.05762911283663642,-0.05092009042725687
2024-01-08 00:00:00+00:00,0.06062462181643484,0.06653020711240704,0.04791045990948524,0.09017422916768186,0.03836499082720285,0.060233257908236824,-0.026433257068155483,-0.03419136474827931,-0.04919024419077178,-0.12715517548524674
2024-01-09 00:00:00+00:00,0.00836824967051658,-0.018075510415030107,0.0059254932475093485,0.015007379610697655,-0.025791001576614354,0.009350717482433928,0.06062462181643484,-0.026433257068155483,-0.03419136474827931,0.05762911283663642
2024-01-10 00:00:00+00:00,0.10285738543970782,0.01172860796383382,0.09750304973321598,0.026223195099102346,0.0473286108738298,0.03155478085816948,0.00836824967051658,0.06062462181643484,-0.026433257068155483,-0.04919024419077178
2024-01-11 00:00:00+00:00,0.02963179760637115,-0.006771062230729273,0.012928853258319134,-0.020803127629763173,0.017777715711001906,0.016890615164423802,0.10285738543970782,0.00836824967051658,0.06062462181643484,-0.03419136474827931
2024-01-12 00:00:00+00:00,-0.09969936022308805,-0.0798528754667809,-0.03714815678577363,-0.08107761070202343,-0.05456008947743966,-0.051552596865342096,0.02963179760637115,0.10285738543970782,0.00836824967051658,-0.026433257068155483
2024-01-13 00:00:00+00:00,0.008032171697264253,0.0015242196406752171,0.02182127193995902,0.03969239453916903,0.010559760215002253,0.024591403137322332,-0.09969936022308805,0.02963179760637115,0.10285738543970782,0.06062462181643484
2024-01-14 00:00:00+00:00,-0.04919024419077178,-0.02638212870563945,-0.04170818291825345,-0.021513009353793775,-0.011059447920589988,-0.03083491977700728,0.008032171697264253,-0.09969936022308805,0.02963179760637115,0.00836824967051658
2024-01-15 00:00:00+00:00,0.016667052485211643,0.01848861088034885,0.015612245726752063,0.005845794401614637,0.013034757204844327,-0.004184106522573985,-0.04919024419077178,0.008032171697264253,-0.09969936022308805,0.10285738543970782
2024-01-16 00:00:00+00:00,0.024491020008295696,0.014637901828299413,0.02966184534886525,0.03386269264739939,0.0032015788952792154,0.01353482400500776,0.016667052485211643,-0.04919024419077178,0.008032171697264253,0.02963179760637115
2024-01-17 00:00:00+00:00,-0.024491020008295755,-0.008423584725432613,-0.02235911176778112,0.04497277798374611,-0.009263328142658551,-0.014583591799092233,0.024491020008295696,0.016667052485211643,-0.04919024419077178,-0.09969936022308805
2024-01-18 00:00:00+00:00,-0.05959209720224554,-0.03445139745815894,-0.023748366630328005,-0.0784116520191648,-0.03164063023158293,-0.03415486739889534,-0.024491020008295755,0.024491020008295696,0.016667052485211643,0.008032171697264253
2024-01-19 00:00:00+00:00,0.0,0.007990013891329613,0.008539568821651248,-0.008297037279530455,0.006256005082893137,0.01079924102176023,-0.05959209720224554,-0.024491020008295755,0.024491020008295696,-0.04919024419077178
2024-01-20 00:00:00+00:00,0.02597548640326052,0.0008880084302503328,-0.008054016030501146,-0.007935698482288568,0.11072980941629595,0.03897280999950992,0.0,-0.05959209720224554,-0.024491020008295755,0.016667052485211643
2024-01-21 00:00:00+00:00,-0.03478611608541554,-0.002778941360300473,-0.006070141542372212,-0.019460308632917454,-0.02667132638814743,-0.034685557987889984,0.02597548640326052,0.0,-0.05959209720224554,0.024491020008295696
2024-01-22 00:00:00+00:00,-0.06394872460027341,-0.049606002668420156,-0.059897387892233325,-0.08293780818398647,-0.05892205842677418,-0.04595994841218807,-0.03478611608541554,0.02597548640326052,0.0,-0.024491020008295755
2024-01-23 00:00:00+00:00,-0.019048194970694474,0.008294955472882228,-0.031428148415456714,0.006064588419245066,-0.029728855175584542,-0.011261380272538962,-0.06394872460027341,-0.03478611608541554,0.02597548640326052,-0.05959209720224554
2024-01-24 00:00:00+00:00,0.0,0.004683034141144241,-0.0033857304732878464,0.0510739460882507,0.010556536826092387,0.00789626212222554,-0.019048194970694474,-0.06394872460027341,-0.03478611608541554,0.0
2024-01-25 00:00:00+00:00,-0.009661910911736746,-0.003092975166303934,-0.007355781023558437,-0.021175654630859218,-0.013886457935826787,-0.003376480416605951,0.0,-0.019048194970694474,-0.06394872460027341,0.02597548640326052
2024-01-26 00:00:00+00:00,0.0474022388945839,0.04555239092628425,0.02186288688866119,0.05995433285618432,0.024082279157235823,0.018984378082597043,-0.009661910911736746,0.0,-0.019048194970694474,-0.03478611608541554
2024-01-27 00:00:00+00:00,0.009216655104923827,0.00707902280697713,0.00011464805265211808,0.021441644762377376,0.0036252305469770215,0.009906520202792014,0.0474022388945839,-0.009661910911736746,0.0,-0.06394872460027341
2024-01-28 00:00:00+00:00,-0.0279087881170765,-0.002128775638974226,-0.004879740236961713,0.01787075836216913,-0.016608333441140904,-0.014341117270657712,0.009216655104923827,0.0474022388945839,-0.009661910911736746,-0.019048194970694474
2024-01-29 00:00:00+00:00,0.009389740349838917,0.029806119942710457,0.026539977220855035,0.05769079045109908,0.03159406189818929,0.021978906718775167,-0.0279087881170765,0.009216655104923827,0.0474022388945839,0.0
2024-01-30 00:00:00+00:00,-0.05770831762064661,-0.008385579459892248,0.010904260075984275,-0.0027575357241158703,-0.02024033832045288,-0.016438726343159946,0.009389740349838917,-0.0279087881170765,0.009216655104923827,-0.009661910911736746
2024-01-31 00:00:00+00:00,-0.09333193979221922,-0.008444749797383772,-0.025884739060646825,-0.04477456883607861,-0.012242217638851513,-0.012229168526411859,-0.05770831762064661,0.009389740349838917,-0.0279087881170765,0.0474022388945839
2024-02-01 00:00:00+00:00,0.0,0.011742435619609937,0.009216574739179674,0.00872829898139722,0.007842185397041672,0.010016778243471209,-0.09333193979221922,-0.05770831762064661,0.009389740349838917,0.009216655104923827
2024-02-02 00:00:00+00:00,0.010810916104215676,0.0027134001651212595,0.0020722520822371486,0.027926609441417068,-0.0011345730810515282,0.0055218251843077255,0.0,-0.09333193979221922,-0.05770831762064661,-0.0279087881170765
2024-02-03 00:00:00+00:00,0.0,-0.004382505832045197,-0.005458644987954984,-0.02639419865985171,-0.006834604506141117,0.003298518658664887,0.010810916104215676,0.0,-0.09333193979221922,0.009389740349838917
2024-02-04 00:00:00+00:00,-0.055262678675049415,-0.010005694851545816,-0.0029217600174053704,-0.02553770212185586,-0.0054759767527452,-0.02332143453377272,0.0,0.010810916104215676,0.0,-0.05770831762064661
2024-02-05 00:00:00+00:00,0.022472855852058576,0.002950351987088814,0.005244348441227879,0.0017787082900397946,0.0005106600391835751,0.0011229647446237235,-0.055262678675049415,0.0,0.010810916104215676,-0.09333193979221922
2024-02-06 00:00:00+00:00,0.0,0.009095988310426472,0.030298800498996734,0.012672860992685917,0.0017852593366925603,-0.005627476865728336,0.022472855852058576,-0.055262678675049415,0.0,0.0
2024-02-07 00:00:00+00:00,0.07490130817311791,0.028605054685199374,0.021869501408000494,0.04303259640700026,0.020679087651256967,0.022322355437898272,0.0,0.022472855852058576,-0.055262678675049415,0.010810916104215676
2024-02-08 00:00:00+00:00,-0.020834086902842025,0.02095275967005496,-0.0022911881881718175,0.015890476589846006,-0.0032500028606817512,0.01642073021232749,0.07490130817311791,0.0,0.022472855852058576,0.0
2024-02-09 00:00:00+00:00,0.061243625240718594,0.03991206359421791,0.027318656720714377,0.0398717572789025,0.020816016137725213,0.019355442952956072,-0.020834086902842025,0.07490130817311791,0.0,-0.055262678675049415
2024-02-10 00:00:00+00:00,0.0,0.013033381077871586,0.005486498081285188,0.019171691619681634,-0.0015953859921899634,0.0021276603771166066,0.061243625240718594,-0.020834086902842025,0.07490130817311791,0.022472855852058576
2024-02-11 00:00:00+00:00,-0.009950330853168203,0.01142945972783506,0.0027838538582977777,-0.01432093583959186,-0.002336306011970429,0.0,0.0,0.061243625240718594,-0.020834086902842025,0.0
2024-02-12 00:00:00+00:00,0.0769610411361284,0.03293568144658824,0.05915178226329729,0.038160723367446074,0.012235561919941709,0.02103126938491288,-0.009950330853168203,0.0,0.061243625240718594,0.07490130817311791
2024-02-13 00:00:00+00:00,0.0,-0.004370351494182536,-0.00754723411578204,0.0074960193942334346,-0.014453950801119001,-0.014675315784214108,0.0769610411361284,-0.009950330853168203,0.0,-0.020834086902842025
2024-02-14 00:00:00+00:00,0.14618251017808145,0.041300218103198914,0.04980714711359402,0.03914206360026086,0.05345012776102946,0.029138377811768767,0.0,0.0769610411361284,-0.009950330853168203,0.061243625240718594
2024-02-15 00:00:00+00:00,0.0,0.0016364577734705157,0.017072626772787942,-0.03011465474115827,-0.002576415525180228,0.011218883604788244,0.14618251017808145,0.0,0.0769610411361284,0.0
2024-02-16 00:00:00+00:00,-0.06613980250454507,0.004694246184426713,-0.00739283537876803,-0.02832696214924265,0.007360276232430759,0.001013684830846201,0.0,0.14618251017808145,0.0,-0.009950330853168203
2024-02-17 00:00:00+00:00,0.016949558313773205,-0.009279917800631372,-0.005680318366057286,-0.012862206966655871,-0.027735299961600193,-0.024616627635356145,-0.06613980250454507,0.0,0.14618251017808145,0.0769610411361284
2024-02-18 00:00:00+00:00,0.03306086226088821,0.009540032294676114,0.0336251246192515,0.03002576798864668,0.019084322464624413,0.011357891844409582,0.016949558313773205,-0.06613980250454507,0.0,0.0
2024-02-19 00:00:00+00:00,0.0,-0.00698552773070659,0.021834029049603604,-0.006345822787759885,0.04869511165284505,0.016293639486100533,0.03306086226088821,0.016949558313773205,-0.06613980250454507,0.14618251017808145
2024-02-20 00:00:00+00:00,-0.024692612590371636,0.009306488030900633,0.02349590686861879,-0.029296127158799805,-0.03725440783189594,-0.014242356715543216,0.0,0.03306086226088821,0.016949558313773205,0.0
2024-02-21 00:00:00+00:00,-0.04255961441879589,-0.007865510526459354,-0.01568217793614364,-0.030751462212961798,-0.018510369179807765,-0.020704673361691166,-0.024692612590371636,0.0,0.03306086226088821,-0.06613980250454507
2024-02-22 00:00:00+00:00,0.05085841723349116,-0.01087817419895304,0.0011785902059659025,-0.03162892404287193,-0.0055730268152286485,-0.00314300939719914,-0.04255961441879589,-0.024692612590371636,0.0,0.016949558313773205
2024-02-23 00:00:00+00:00,-0.01666705248521176,-0.010668655359765033,-0.01668277674193129,-0.018447413937304195,0.0048633035774887185,-0.0010498688628368148,0.05085841723349116,-0.04255961441879589,-0.024692612590371636,0.03306086226088821
2024-02-24 00:00:00+00:00,0.10367842947484152,0.016109250933854777,0.02379881241743993,0.04031736271053387,0.019220092417547793,0.013563066547620566,-0.01666705248521176,0.05085841723349116,-0.04255961441879589,0.0
2024-02-25 00:00:00+00:00,0.03717900324175403,0.0031100616788884284,0.039305919138802874,-0.005205332748182605,-0.00034829047777634986,0.0020703941143082735,0.10367842947484152,-0.01666705248521176,0.05085841723349116,-0.024692612590371636
2024-02-26 00:00:00+00:00,0.2785161054377009,0.051753212367562834,0.020148474483354707,0.06028914579271653,0.03547563341589783,0.03953885520639024,0.03717900324175403,0.10367842947484152,-0.01666705248521176,-0.04255961441879589
2024-02-27 00:00:00+00:00,0.38875162713442374,0.045937275755513214,0.020697808196250323,-0.014111844192681426,0.08945524847563104,0.07927777227327595,0.2785161054377009,0.03717900324175403,0.10367842947484152,0.05085841723349116
2024-02-28 00:00:00+00:00,0.17480272437992733,0.09037342510456357,0.04249098920918258,0.09391654496289407,0.1716236964906941,0.07259824066475669,0.38875162713442374,0.2785161054377009,0.03717900324175403,-0.01666705248521176
2024-02-29 00:00:00+00:00,-0.14892327639210656,-0.021060790861507746,-0.012794696190860875,0.05436343176757736,0.012608993230865036,0.07007398343042677,0.17480272437992733,0.38875162713442374,0.2785161054377009,0.10367842947484152
2024-03-01 00:00:00+00:00,0.37583331050179325,0.02035257099534111,0.027562008777578344,0.029401200506981078,0.17201174549272255,0.29501973551782434,-0.14892327639210656,0.17480272437992733,0.38875162713442374,0.03717900324175403
2024-03-02 00:00:00+00:00,0.09325749348658272,-0.006442143609634661,-0.0035099374748775738,0.00454809032197586,0.018628338176322964,0.2919704339220349,0.37583331050179325,-0.14892327639210656,0.17480272437992733,0.2785161054377009
2024-03-03 00:00:00+00:00,0.30297548862127915,0.018012936948412033,0.019224208049935323,0.0010761781344596146,0.07795978040870771,-0.003103527208422117,0.09325749348658272,0.37583331050179325,-0.14892327639210656,0.38875162713442374
2024-03-04 00:00:00+00:00,0.16731348803686458,0.07817243529189463,0.0393413458288056,0.02361268268085325,0.17028177451479992,0.46661200496650185,0.30297548862127915,0.09325749348658272,0.37583331050179325,0.17480272437992733
2024-03-05 00:00:00+00:00,-0.10520202449337694,-0.06855316030923639,-0.020640133617123094,-0.061586478414442,-0.17308755756980584,-0.021675725479040394,0.16731348803686458,0.30297548862127915,0.09325749348658272,-0.14892327639210656
2024-03-06 00:00:00+00:00,0.13194534946888783,0.03621451680304252,0.0719060002353233,0.042802316323867336,0.03088253658236255,-0.05468399272856579,-0.10520202449337694,0.16731348803686458,0.30297548862127915,0.37583331050179325
2024-03-07 00:00:00+00:00,-0.05568890586058854,0.011273945248864211,0.013052797728649309,0.09496953417328696,-0.001267909387556961,-0.05466854419879787,0.13194534946888783,-0.10520202449337694,0.16731348803686458,0.09325749348658272
2024-03-08 00:00:00+00:00,0.2799429514588256,0.019282486315176334,0.003766716011167122,0.00672189911898227,0.04302205928048841,0.11049019347782464,-0.05568890586058854,0.13194534946888783,-0.10520202449337694,0.30297548862127915
2024-03-09 00:00:00+00:00,-0.02813916667194635,0.0027716745979517753,0.005610800781601544,-0.003459253484165936,0.0826521699668256,-0.0065592706295926895,0.2799429514588256,-0.05568890586058854,0.13194534946888783,0.16731348803686458
2024-03-10 00:00:00+00:00,-0.025434897147821718,0.009362842188647231,-0.006870813084617783,0.000692808673963239,-0.05036623068485689,-0.06166235607069729,-0.02813916667194635,0.2799429514588256,-0.05568890586058854,-0.10520202449337694
2024-03-11 00:00:00+00:00,0.05689816660360669,0.044283373561153284,0.04692379532758898,0.030286742997939774,0.06838473618753521,0.0299782640958672,-0.025434897147821718,-0.02813916667194635,0.2799429514588256,0.13194534946888783
2024-03-12 00:00:00+00:00,-0.08781620600691671,-0.008724217811494954,-0.021092772302799184,0.014806192851613695,-0.07909077994815428,-0.05026792415462673,0.05689816660360669,-0.025434897147821718,-0.02813916667194635,-0.05568890586058854
2024-03-13 00:00:00+00:00,0.08670939903172568,0.022424831790492365,0.0062193756940735045,0.08164557791710296,0.004805277243917467,-0.005605744981793882,-0.08781620600691671,0.05689816660360669,-0.025434897147821718,0.2799429514588256
2024-03-14 00:00:00+00:00,0.09802470416761272,-0.02330791194500903,-0.031217942680779823,0.07491388805537026,0.047501418797419453,0.005916255774538761,0.08670939903172568,-0.08781620600691671,0.05689816660360669,-0.02813916667194635
2024-03-15 00:00:00+00:00,-0.11028112500458895,-0.02681836109117046,-0.03660220045834964,0.04049360774562904,-0.0799815698995437,-0.07441848294646675,0.09802470416761272,0.08670939903172568,-0.08781620600691671,-0.025434897147821718
2024-03-16 00:00:00+00:00,-0.18277008786225019,-0.062322910279710986,-0.06033255610742313,-0.010382606929340826,-0.1376885294034946,-0.16310930637214974,-0.11028112500458895,0.09802470416761272,0.08670939903172568,0.05689816660360669
2024-03-17 00:00:00+00:00,0.05371297563264861,0.046275814432356635,0.033938355810842834,0.10329301318927102,0.07921662947308737,0.15133456982761626,-0.18277008786225019,-0.11028112500458895,0.09802470416761272,-0.08781620600691671
2024-03-18 00:00:00+00:00,-0.1393793625069457,-0.01152174525222046,-0.03468513836288729,-0.02986797516680125,-0.07222506075673811,-0.09619043174862617,0.05371297563264861,-0.18277008786225019,-0.11028112500458895,0.08670939903172568
2024-03-19 00:00:00+00:00,-0.03278982282299084,-0.08763155563733493,-0.10845010767802181,-0.14296736007269487,-0.10820562217529227,-0.07542719572398036,-0.1393793625069457,0.05371297563264861,-0.18277008786225019,0.09802470416761272
2024-03-20 00:00:00+00:00,0.2399708714467348,0.09103531158594273,0.10733315272751459,0.12155768471420704,0.1661340004762808,0.10876972381294277,-0.03278982282299084,-0.1393793625069457,0.05371297563264861,-0.11028112500458895
2024-03-21 00:00:00+00:00,-0.060177761006138836,-0.03508997737785613,-0.00675668606585365,-0.06634439541551264,0.021336918219632503,-0.020018866890491902,0.2399708714467348,-0.03278982282299084,-0.1393793625069457,-0.18277008786225019
2024-03-22 00:00:00+00:00,-0.06268370229368683,-0.026369007379098856,-0.0458406268133607,-0.023967087370915522,-0.01589446027569782,-0.024563944397890208,-0.060177761006138836,0.2399708714467348,-0.03278982282299084,0.05371297563264861
2024-03-23 00:00:00+00:00,-0.014935783417601926,0.003026453038660462,-0.0020462421704777038,-0.014718830662994795,0.05706395185537735,0.021618434168133357,-0.06268370229368683,-0.060177761006138836,0.2399708714467348,-0.1393793625069457
2024-03-24 00:00:00+00:00,0.06744128079553248,0.04909491976870599,0.036985515601003736,0.06301694710202592,0.08639867130859825,0.034429927301596205,-0.014935783417601926,-0.06268370229368683,-0.060177761006138836,-0.03278982282299084
2024-03-25 00:00:00+00:00,0.03394417651318081,0.038957731173826136,0.038452518809786,0.02741073266891904,-0.007106946364482981,0.022195732391784347,0.06744128079553248,-0.014935783417601926,-0.06268370229368683,0.2399708714467348
2024-03-26 00:00:00+00:00,-0.00619964787952545,0.0015441704140665396,-0.0008609940972833262,0.007748095158953927,0.03938309605691269,0.06540922210681506,0.03394417651318081,0.06744128079553248,-0.014935783417601926,-0.060177761006138836
2024-03-27 00:00:00+00:00,-0.052341237894509264,-0.007428938024621631,-0.024305282494903636,-0.02192290352657861,0.04384102016585093,-0.015126891532687646,-0.00619964787952545,0.03394417651318081,0.06744128079553248,-0.06268370229368683
2024-03-28 00:00:00+00:00,0.05109668266230452,0.01869009109453202,0.016795265133333685,0.01755550991299571,0.14417829801432125,0.059181254228865894,-0.052341237894509264,-0.00619964787952545,0.03394417651318081,-0.014935783417601926
2024-03-29 00:00:00+00:00,-0.036782840357034476,-0.01322713532737063,-0.014356215181719081,0.012472648852508154,-0.032380834155364496,-0.039170745632159665,0.05109668266230452,-0.052341237894509264,-0.00619964787952545,0.06744128079553248
2024-03-30 00:00:00+00:00,0.04915923595808335,-0.0038493164497219014,-0.0011688605511880762,0.01134110185239936,-0.06738450765008852,-0.032010652599816766,-0.036782840357034476,0.05109668266230452,-0.052341237894509264,0.03394417651318081
2024-03-31 00:00:00+00:00,0.07919079792444156,0.024107423379159526,0.039062823229440984,0.04160438662094563,0.09971988829302506,0.030385428773857567,0.04915923595808335,-0.036782840357034476,0.05109668266230452,-0.00619964787952545
2024-04-01 00:00:00+00:00,-0.10536051565782628,-0.02313609473301786,-0.03958782951874899,-0.05174835104995661,-0.07047123645740622,-0.07076039601800498,0.07919079792444156,0.04915923595808335,-0.036782840357034476,-0.052341237894509264
2024-04-02 00:00:00+00:00,-0.08838973695975116,-0.06197960825197718,-0.06632179487259003,-0.05732366212587374,-0.1165157319188227,-0.08106161578340404,-0.10536051565782628,0.07919079792444156,0.04915923595808335,0.05109668266230452
2024-04-03 00:00:00+00:00,-0.0640788566845224,0.007598003093028574,0.009672614295133657,0.019205129529825175,-0.04059825073791495,-0.003033752800822784,-0.08838973695975116,-0.10536051565782628,0.07919079792444156,-0.036782840357034476
2024-04-04 00:00:00+00:00,0.01749315744751712,0.03755725764251874,0.004992305001377068,-0.005690301223179418,0.026803406367584704,0.05072343968507463,-0.0640788566845224,-0.08838973695975116,-0.10536051565782628,0.04915923595808335
2024-04-05 00:00:00+00:00,-0.05190193713305901,-0.009789202703133824,-0.002874235453763564,-0.053756279279583215,-0.015566695434821937,-0.03340372963677547,0.01749315744751712,-0.0640788566845224,-0.08838973695975116,0.07919079792444156
2024-04-06 00:00:00+00:00,0.028509057558353524,0.015731842680183246,0.010117877313201287,0.02441701815451563,0.0472303112323322,0.02360862139299456,-0.05190193713305901,0.01749315744751712,-0.0640788566845224,-0.10536051565782628
2024-04-07 00:00:00+00:00,0.09584795879012784,0.006717834111896003,0.030156021824738675,0.004690125850413624,0.06814199551809715,0.026975201521022313,0.028509057558353524,-0.05190193713305901,0.01749315744751712,-0.08838973695975116
2024-04-08 00:00:00+00:00,0.04211148535012685,0.03205840927643814,0.06728411886400808,0.0064408884520718145,0.018582246893173147,0.0196773741803447,0.09584795879012784,0.028509057558353524,-0.05190193713305901,-0.0640788566845224
2024-04-09 00:00:00+00:00,-0.09737416402517636,-0.03515415339654028,-0.05228798260119764,-0.04679415000462452,-0.06885185759684957,-0.04483141329673026,0.04211148535012685,0.09584795879012784,0.028509057558353524,0.01749315744751712
2024-04-10 00:00:00+00:00,0.014104606181541945,0.02125006308303191,0.01113166146509165,0.005148537679505055,0.05448458006298851,0.020530164614556697,-0.09737416402517636,0.04211148535012685,0.09584795879012784,-0.05190193713305901
2024-04-11 00:00:00+00:00,0.023530497410194036,-0.00888603616768445,-0.012235970235867036,-0.005438569294983824,-0.030039614824056066,-0.019439057032222182,0.014104606181541945,-0.09737416402517636,0.04211148535012685,0.028509057558353524
2024-04-12 00:00:00+00:00,-0.21090682486577284,-0.04215402471169341,-0.07870290424943296,-0.11816020255720636,-0.10759900131058324,-0.10572408592178391,0.023530497410194036,0.014104606181541945,-0.09737416402517636,0.09584795879012784
2024-04-13 00:00:00+00:00,-0.16093036681263712,-0.04872735746222276,-0.07383357559576002,-0.10082943094247125,-0.13180084140999002,-0.15955244853267844,-0.21090682486577284,0.023530497410194036,0.014104606181541945,0.04211148535012685
2024-04-14 00:00:00+00:00,0.07637297878457396,0.026815078915186055,0.0480771311040579,0.08828040124432822,0.060909945024015186,0.07353231563544625,-0.16093036681263712,-0.21090682486577284,0.023530497410194036,-0.09737416402517636
2024-04-15 00:00:00+00:00,-0.06650123030541975,-0.03473882339914055,-0.016979519656058945,-0.08799157172394369,-0.0055048847844591875,-0.03540589403765235,0.07637297878457396,-0.16093036681263712,-0.21090682486577284,0.014104606181541945
2024-04-16 00:00:00+00:00,0.059121123007797254,0.005870468536476564,-0.00574505193835904,-0.016671299373834925,-0.032975909726111405,0.03408401677973652,-0.06650123030541975,0.07637297878457396,-0.16093036681263712,0.023530497410194036
2024-04-17 00:00:00+00:00,-0.09309042306601185,-0.040238973210926274,-0.032561698237881825,-0.032682159652010746,-0.05562113452106215,-0.028170876966696335,0.059121123007797254,-0.06650123030541975,0.07637297878457396,-0.21090682486577284
2024-04-18 00:00:00+00:00,0.03396930005821473,0.035158006998813135,0.02611470081424689,0.07473082772282405,0.03102627356310068,0.03257035612618106,-0.09309042306601185,0.059121123007797254,-0.06650123030541975,-0.16093036681263712
2024-04-19 00:00:00+00:00,0.007827828620246696,0.005466825160537417,-0.0025944081235797613,0.0030221058247194843,0.026708011297657368,0.00394305001565363,0.03396930005821473,-0.09309042306601185,0.059121123007797254,0.07637297878457396
2024-04-20 00:00:00+00:00,0.12275225836969562,0.01743741302682119,0.03198147730884544,0.059393730421418614,0.03932403952447735,0.13478770850736477,0.007827828620246696,0.03396930005821473,-0.09309042306601185,-0.06650123030541975
2024-04-21 00:00:00+00:00,0.025533302005164626,8.623229100669178e-06,-0.0025763642480408425,-0.01613260773113224,-0.02711713608942456,0.003813887155394187,0.12275225836969562,0.007827828620246696,0.03396930005821473,0.059121123007797254
2024-04-22 00:00:00+00:00,0.145227432387714,0.028510785110948657,0.016550811254883464,0.053324160888970996,0.018469769048242355,0.023326866583324703,0.025533302005164626,0.12275225836969562,0.007827828620246696,-0.09309042306601185
2024-04-23 00:00:00+00:00,0.11000089521432829,-0.006084382651452649,0.006000335776795954,-0.014116371723256981,-0.008785376921230912,-0.0026065924272407385,0.145227432387714,0.025533302005164626,0.12275225836969562,0.03396930005821473
2024-04-24 00:00:00+00:00,-0.05899834076195565,-0.03251015685090299,-0.024736099089373503,-0.046086230204203944,-0.054001164527509665,-0.04265688595235835,0.11000089521432829,0.145227432387714,0.025533302005164626,0.007827828620246696
2024-04-25 00:00:00+00:00,0.07193513179267531,0.0032417662557915235,0.004764485079372048,-0.02009499646306108,-0.0007929690496795188,0.00038902937662399706,-0.05899834076195565,0.11000089521432829,0.145227432387714,0.12275225836969562
2024-04-26 00:00:00+00:00,-0.05413863198905502,-0.011356469895713836,-0.007793775832009595,-0.03950244297624637,-0.021854045809992822,-0.01924269074102461,0.07193513179267531,-0.05899834076195565,0.11000089521432829,0.025533302005164626
2024-04-27 00:00:00+00:00,-0.02194875490438754,-0.004842030716018614,0.03891605008616172,0.01482881667346084,-0.001622937873130525,-0.017600454335777047,-0.05413863198905502,0.07193513179267531,-0.05899834076195565,0.145227432387714
2024-04-28 00:00:00+00:00,0.0027700848738156096,-0.005425173243951366,0.0024206141277699957,-0.023774839831191746,-0.007199650742048535,-0.022445341372562034,-0.02194875490438754,-0.05413863198905502,0.07193513179267531,0.11000089521432829
2024-04-29 00:00:00+00:00,0.01646127705407193,0.01177132522006203,-0.014419602393225955,-0.0015955907069554328,-0.022612296694507303,-0.005379694331825055,0.0027700848738156096,-0.02194875490438754,-0.05413863198905502,-0.05899834076195565
2024-04-30 00:00:00+00:00,-0.097080453297213,-0.051304831768252054,-0.06508062629125812,-0.08321120710587246,-0.07250022030147596,-0.07359740988594582,0.01646127705407193,0.0027700848738156096,-0.02194875490438754,0.07193513179267531
2024-05-01 00:00:00+00:00,0.04542905684674891,-0.03876642553474422,-0.013894796510902776,0.06023012893191515,-0.024128636412315864,0.011986824989196716,-0.097080453297213,0.01646127705407193,0.0027700848738156096,-0.05413863198905502
2024-05-02 00:00:00+00:00,0.07717326524558366,0.011848323644138173,0.0046084345613266195,0.02160101621531763,0.012819710097156642,0.005720587657732731,0.04542905684674891,-0.097080453297213,0.01646127705407193,-0.02194875490438754
2024-05-03 00:00:00+00:00,0.06916969051313937,0.06269590851696512,0.038245365378809904,0.04345263514324716,0.10191231494964258,0.06989929104580166,0.07717326524558366,0.04542905684674891,-0.097080453297213,0.0027700848738156096
2024-05-04 00:00:00+00:00,0.07047691825944644,0.01593467072506892,0.004701094216412664,0.01629082759263478,0.09204297733693678,0.02465269322747922,0.06916969051313937,0.07717326524558366,0.04542905684674891,0.01646127705407193
2024-05-05 00:00:00+00:00,-0.016279429288862723,0.0018757817997593531,0.006134046775861456,-0.0021934342881448177,0.0053565995412149115,-0.013665807530355126,0.07047691825944644,0.06916969051313937,0.07717326524558366,-0.097080453297213
2024-05-06 00:00:00+00:00,-0.02132782264082364,-0.013317207511333138,-0.023814605339407262,0.04750516367381544,-0.028351927379080637,-0.03416673147611734,-0.016279429288862723,0.07047691825944644,0.06916969051313937,0.04542905684674891
2024-05-07 00:00:00+00:00,-0.056665404004981136,-0.013598050793730939,-0.018757069465325283,-0.03184580229401987,-0.04235958107923909,-0.0384170161037916,-0.02132782264082364,-0.016279429288862723,0.07047691825944644,0.07717326524558366
2024-05-08 00:00:00+00:00,0.008832864998508664,-0.018122013335120257,-0.010528701418179225,-0.04032109542406368,-0.04604708007703616,-0.019332763808979327,-0.056665404004981136,-0.02132782264082364,-0.016279429288862723,0.06916969051313937
2024-05-09 00:00:00+00:00,0.06916036164729616,0.030275504659909153,0.0206381567242151,0.07052964662377363,0.060673900297353575,0.04085748634826533,0.008832864998508664,-0.056665404004981136,-0.02132782264082364,0.07047691825944644
2024-05-10 00:00:00+00:00,-0.014167887518730878,-0.03671917430504504,-0.0424669694883011,-0.0439483946116381,-0.056146326652259375,-0.04619557731588182,0.06916036164729616,0.008832864998508664,-0.056665404004981136,-0.016279429288862723
2024-05-11 00:00:00+00:00,0.01299486685636746,0.0004275402409262431,0.0008450066111037531,-0.004049005291561865,-0.005784996095088411,0.00400623727462714,-0.014167887518730878,0.06916036164729616,0.008832864998508664,-0.02132782264082364
2024-05-12 00:00:00+00:00,0.027779564107075886,0.01075965097938284,0.0057654214829464265,-0.013778995915788949,-0.01287435559926534,-0.00892464647419965,0.01299486685636746,-0.014167887518730878,0.06916036164729616,-0.056665404004981136
2024-05-13 00:00:00+00:00,0.1243570163484813,0.023406346968515828,0.007380634427828049,0.028252214150034496,0.051137507984555845,0.04599014951558519,0.027779564107075886,0.01299486685636746,-0.014167887518730878,0.008832864998508664
2024-05-14 00:00:00+00:00,0.06346687858536497,-0.021886781008613777,-0.023680498679313364,-0.038061022563119516,-0.021213740855661467,-0.016400885539416668,0.1243570163484813,0.027779564107075886,0.01299486685636746,0.06916036164729616
2024-05-15 00:00:00+00:00,-0.006644542718668724,0.07248226375544757,0.05094364115236379,0.10984246542919768,0.06530272878163436,0.09420188330075917,0.06346687858536497,0.1243570163484813,0.027779564107075886,-0.014167887518730878
2024-05-16 00:00:00+00:00,-0.04579465518963343,-0.014779291590717515,-0.029396905403768096,0.005347774549307929,-0.03684937995527313,-0.02729996918828111,-0.006644542718668724,0.06346687858536497,0.1243570163484813,0.01299486685636746
2024-05-17 00:00:00+00:00,0.014844409148532495,0.027051410361314365,0.048814420530057585,0.061270338981553915,0.03820034030741791,0.01814931850567727,-0.04579465518963343,-0.006644542718668724,0.06346687858536497,0.027779564107075886
2024-05-18 00:00:00+00:00,-0.06493152566218154,-0.0016246180943355483,0.009953500947915903,0.01731847637649635,-0.016398591539940256,-0.010446057222369737,0.014844409148532495,-0.04579465518963343,-0.006644542718668724,0.1243570163484813
2024-05-19 00:00:00+00:00,-0.04064730677415629,-0.00962833180615985,-0.016709757177628334,-0.01443077068357859,-0.026085557192648115,-0.03702603114662541,-0.06493152566218154,0.014844409148532495,-0.04579465518963343,0.06346687858536497
2024-05-20 00:00:00+00:00,0.21964398518794528,0.07515278314448008,0.1758842593438205,0.09411646300166264,0.10587688352439491,0.08858181127564031,-0.04064730677415629,-0.06493152566218154,0.014844409148532495,-0.006644542718668724
2024-05-21 00:00:00+00:00,0.19307278631553923,-0.018338454758227797,0.034311104640699,-0.0468771584958318,0.026849248017827086,0.0019160764628200079,0.21964398518794528,-0.04064730677415629,-0.06493152566218154,-0.04579465518963343
2024-05-22 00:00:00+00:00,-0.03380189548944103,-0.014093766386815483,-0.013781997342475151,-0.006758685260372728,-0.02353609176884277,-0.030711840394646528,0.19307278631553923,0.21964398518794528,-0.04064730677415629,0.014844409148532495
2024-05-23 00:00:00+00:00,0.11028112500458875,-0.017457094288918538,0.012200105053972433,-0.004474533817102543,-0.04018822458257148,-0.028836599610619327,-0.03380189548944103,0.19307278631553923,0.21964398518794528,-0.06493152566218154
2024-05-24 00:00:00+00:00,-0.05432755561542461,0.008501978114690344,-0.014731579039831756,-0.04921600414520672,0.025527514911803408,-0.008569732103808334,0.11028112500458875,-0.03380189548944103,0.19307278631553923,-0.04064730677415629
2024-05-25 00:00:00+00:00,0.05633357434229045,0.01074556177134258,0.0056114858771316835,0.003868476777920332,0.060157830424209705,0.027487583465563858,-0.05432755561542461,0.11028112500458875,-0.03380189548944103,0.21964398518794528
2024-05-26 00:00:00+00:00,0.06841376818992459,-0.011363112097898122,0.02038421999818265,-0.029782765543390686,-0.04591818605485965,-0.030360558969288777,0.05633357434229045,-0.05432755561542461,0.11028112500458875,0.19307278631553923
2024-05-27 00:00:00+00:00,0.04154537598584079,0.013465947937329524,0.017550695354859168,0.04041802088322203,0.0171199266155705,0.047752301681157856,0.06841376818992459,0.05633357434229045,-0.05432755561542461,-0.03380189548944103
2024-05-28 00:00:00+00:00,-0.04341862036752123,-0.0150623714003808,-0.012800427009197146,-0.0086769720685556,-0.02460833651075615,0.046698113197208097,0.04154537598584079,0.06841376818992459,0.05633357434229045,0.11028112500458875
2024-05-29 00:00:00+00:00,-0.08066790306745482,-0.010966160005080427,-0.020299904134328608,-0.002136499329014181,-0.0067512344741643806,0.02984196392512617,-0.04341862036752123,0.04154537598584079,0.06841376818992459,-0.05432755561542461
2024-05-30 00:00:00+00:00,-0.02330468731552338,0.010290184685345129,-0.005194720104684686,-0.008591938296882713,-0.02721929763931936,-0.06253206596622371,-0.08066790306745482,-0.04341862036752123,0.04154537598584079,0.05633357434229045
2024-05-31 00:00:00+00:00,0.0670492362783806,-0.011953148002230988,0.0038294632828156368,-0.007397862506557391,-0.0030146989293826855,-0.01754089019867154,-0.02330468731552338,-0.08066790306745482,-0.04341862036752123,0.06841376818992459
2024-06-01 00:00:00+00:00,-0.036992328845570424,0.003352974306247208,0.014127768098339709,0.0029536776650205335,0.008331032556615704,-0.006707462511683262,0.0670492362783806,-0.02330468731552338,-0.08066790306745482,0.04154537598584079
2024-06-02 00:00:00+00:00,-0.015598824257580147,-1.800306465331948e-05,-0.00919086126335398,-0.018160783371595778,-0.020226895440006828,-0.025662996166037535,-0.036992328845570424,0.0670492362783806,-0.02330468731552338,-0.04341862036752123
2024-06-03 00:00:00+00:00,-0.013072081567352775,0.015292495676779325,-0.003669865021776319,0.010608561873547147,0.007925227723073275,-0.007747235486658322,-0.015598824257580147,-0.036992328845570424,0.0670492362783806,-0.08066790306745482
2024-06-04 00:00:00+00:00,-0.005555569844602105,0.02480167347858517,0.011394698393577755,0.04093600342520185,0.018830120661307678,0.007340979133315381,-0.013072081567352775,-0.015598824257580147,-0.036992328845570424,-0.02330468731552338
2024-06-05 00:00:00+00:00,0.015204162960433957,0.008050544645661345,0.014528239359286061,0.010193532027265013,0.011706128377253553,0.052633314485333274,-0.005555569844602105,-0.013072081567352775,-0.015598824257580147,0.0670492362783806
2024-06-06 00:00:00+00:00,-0.016597891409037713,-0.004354124285061161,-0.013680880614828677,-0.019727719418428883,-0.019170706456299372,-0.02735614121528544,0.015204162960433957,-0.005555569844602105,-0.013072081567352775,-0.036992328845570424
2024-06-07 00:00:00+00:00,-0.11517138622208563,-0.020598830454873523,-0.03608078731115959,-0.04600239917712255,-0.07761060270492394,-0.06337701950231835,-0.016597891409037713,0.015204162960433957,-0.005555569844602105,-0.015598824257580147
2024-06-08 00:00:00+00:00,-0.05384989138438784,-0.00065106056369522,0.000883165430799822,-0.029159497358966578,-0.015778346921506942,-0.02046979788434834,-0.11517138622208563,-0.016597891409037713,0.015204162960433957,-0.013072081567352775
2024-06-09 00:00:00+00:00,0.05228372035164301,0.004860162159083764,0.0067217634855674885,0.026818297349282202,0.006218628028662307,0.011991578384475817,-0.05384989138438784,-0.11517138622208563,-0.016597891409037713,-0.005555569844602105
2024-06-10 00:00:00+00:00,-0.054764085409974995,-0.0015538683361776106,-0.010455395782558196,-0.019118183564954584,-0.013787645104146644,-0.02500130220541727,0.05228372035164301,-0.05384989138438784,-0.11517138622208563,0.015204162960433957
2024-06-11 00:00:00+00:00,0.0531954576373484,-0.032530322415029955,-0.0476058391088094,-0.06319393665658064,-0.0475269755896659,-0.05749225650043666,-0.054764085409974995,0.05228372035164301,-0.05384989138438784,-0.016597891409037713
2024-06-12 00:00:00+00:00,0.03622746839021663,0.014010590579490376,0.017794431932076193,0.03881878388742018,0.057355571154017175,0.02646139794136852,0.0531954576373484,-0.054764085409974995,0.05228372035164301,-0.11517138622208563
2024-06-13 00:00:00+00:00,-0.10275645689703039,-0.02208343776467173,-0.02581258381583872,-0.0524400329245411,-0.03557508557057826,-0.04748529773307563,0.03622746839021663,0.0531954576373484,-0.054764085409974995,-0.05384989138438784
2024-06-14 00:00:00+00:00,-0.04636023293901886,-0.010977921824138023,0.003567733097309177,-0.029209213005332302,-0.04426815723803273,-0.04292918633553701,-0.10275645689703039,0.03622746839021663,0.0531954576373484,0.05228372035164301
2024-06-15 00:00:00+00:00,0.040470438882955415,0.0027860739213107213,0.024663190874200495,0.017119314713747606,0.013099981272724178,0.023381484050297534,-0.04636023293901886,-0.10275645689703039,0.03622746839021663,-0.054764085409974995
2024-06-16 00:00:00+00:00,0.03808407261522201,0.006751007092293841,0.015478924122645602,0.038951086584443344,0.0026286981183029296,0.008629008480125875,0.040470438882955415,-0.04636023293901886,-0.10275645689703039,0.0531954576373484
2024-06-17 00:00:00+00:00,-0.0971803271152529,-0.002591057844952401,-0.031659611030654206,-0.054533658889029286,-0.06274621010718386,-0.08099781758377479,0.03808407261522201,0.040470438882955415,-0.04636023293901886,0.03622746839021663
2024-06-18 00:00:00+00:00,-0.01897933156123982,-0.020186188658431685,-0.008017335592698611,-0.041761804561598004,-0.0521150425495975,-0.06578152937716815,-0.0971803271152529,0.03808407261522201,0.040470438882955415,-0.10275645689703039
2024-06-19 00:00:00+00:00,0.03584613177313588,-0.0030879852219766885,0.02188922321442301,-0.013112300087986912,0.0017979736782145453,0.0016570012076293867,-0.01897933156123982,-0.0971803271152529,0.03808407261522201,-0.04636023293901886
2024-06-20 00:00:00+00:00,-0.033112644877475284,-0.001607771373120505,-0.013410647446931425,-0.015380917699726122,0.016841139674993507,-0.004424785980355584,0.03584613177313588,-0.01897933156123982,-0.0971803271152529,0.040470438882955415
2024-06-21 00:00:00+00:00,0.03750439545845427,-0.011261416759841722,0.0015416168410010394,0.007831477654657346,-0.002975115771442678,-0.009468185463140905,-0.033112644877475284,0.03584613177313588,-0.01897933156123982,0.03808407261522201
2024-06-22 00:00:00+00:00,0.0017513139327351016,0.001844936066219504,-0.006486817485643583,-0.006783730215596228,-0.003468724487947104,0.006692718791104935,0.03750439545845427,-0.033112644877475284,0.03584613177313588,-0.0971803271152529
2024-06-23 00:00:00+00:00,-0.04564550748996038,-0.016505957689856198,-0.021641347386467055,-0.03811727548945773,-0.012440701982030221,-0.025902349029298513,0.0017513139327351016,0.03750439545845427,-0.033112644877475284,-0.01897933156123982
2024-06-24 00:00:00+00:00,0.03509131981126998,-0.04724168823827901,-0.020131658213640387,0.027892391279384688,-0.02653115325006335,-0.02835017753197352,-0.04564550748996038,0.0017513139327351016,0.03750439545845427,0.03584613177313588
2024-06-25 00:00:00+00:00,0.12765652121319973,0.024779622477455705,0.012502311747657655,0.031611720747985184,0.05818012887036078,0.0408219945202552,0.03509131981126998,-0.04564550748996038,0.0017513139327351016,-0.033112644877475284
2024-06-26 00:00:00+00:00,-0.024420276136454193,-0.015342476362678105,-0.006937298285359013,0.0016825783990794068,-0.027240445335531473,-0.03497060275179123,0.12765652121319973,0.03509131981126998,-0.04564550748996038,0.03750439545845427
2024-06-27 00:00:00+00:00,0.0047732787526575905,0.013730655086801458,0.02316180634208464,0.09010698752972261,0.034821623555042085,0.024777989029372102,-0.024420276136454193,0.12765652121319973,0.03509131981126998,0.0017513139327351016
2024-06-28 00:00:00+00:00,-0.08355415660577191,-0.020938861751513153,-0.020581671934651647,-0.0668434040940596,-0.032380811994233295,-0.032979558142789765,0.0047732787526575905,-0.024420276136454193,0.12765652121319973,-0.04564550748996038
2024-06-29 00:00:00+00:00,-0.024455367223631355,0.009205553774616642,-0.000399470337242364,0.0017837399042916566,-0.009471004825118486,-0.005308181145727221,-0.08355415660577191,0.0047732787526575905,-0.024420276136454193,0.03509131981126998
2024-06-30 00:00:00+00:00,0.05336894598179555,0.028853793809744524,0.017415827691843896,0.044135574678195934,0.020944023942855532,0.020486522744793133,-0.024455367223631355,-0.08355415660577191,0.0047732787526575905,0.12765652121319973
2024-07-01 00:00:00+00:00,-0.043690031881960405,0.0020367312407112426,0.0011743572906945748,0.0004091653084905851,-0.007741974153615285,-0.00989818852778234,0.05336894598179555,-0.024455367223631355,-0.08355415660577191,-0.024420276136454193
2024-07-02 00:00:00+00:00,-0.007912129187949285,-0.012229003319739846,-0.006075591825215269,0.04896222337770248,0.014307775625556518,0.00989818852778239,-0.043690031881960405,0.05336894598179555,-0.024455367223631355,0.0047732787526575905
2024-07-03 00:00:00+00:00,-0.10017636945549774,-0.0315021343281225,-0.03748337741811465,-0.08952289434951448,-0.055882293073374015,-0.051720292899543524,-0.007912129187949285,-0.043690031881960405,0.05336894598179555,-0.08355415660577191
2024-07-04 00:00:00+00:00,-0.13786131069600963,-0.05388661548310068,-0.07423496066796823,-0.096688578948271,-0.1206777606189354,-0.11359717772370533,-0.10017636945549774,-0.007912129187949285,-0.043690031881960405,-0.024455367223631355
2024-07-05 00:00:00+00:00,-0.00448934536259444,-0.007410738462197537,-0.025796434310749378,0.0492890974307046,0.004275744078809632,0.023641763057040494,-0.13786131069600963,-0.10017636945549774,-0.007912129187949285,0.05336894598179555
2024-07-06 00:00:00+00:00,0.08925856894653458,0.027885405242016163,0.02812401720644482,0.06296920672683406,0.0727593542824283,0.14975422813140987,-0.00448934536259444,-0.13786131069600963,-0.10017636945549774,-0.043690031881960405
2024-07-07 00:00:00+00:00,-0.14595391262307983,-0.04159356377998373,-0.04530079310938496,-0.0831232954209803,-0.0853537388639701,-0.11563018229528232,0.08925856894653458,-0.00448934536259444,-0.13786131069600963,-0.007912129187949285
2024-07-08 00:00:00+00:00,0.08552217343816214,0.015222671228313616,0.029585301345544966,0.06021343392459412,0.032402589138115306,0.04293588770514476,-0.14595391262307983,0.08925856894653458,-0.00448934536259444,-0.10017636945549774
2024-07-09 00:00:00+00:00,-0.007679686674228186,0.023272682322844962,0.015656797515207238,0.011449828176361485,-0.00018592544443251562,0.011674479752697807,0.08552217343816214,-0.14595391262307983,0.08925856894653458,-0.13786131069600963
2024-07-10 00:00:00+00:00,0.014215657654013607,-0.0055996280225802065,0.011155003229838744,0.00395201643514512,0.00408239572355581,0.0018309434471091147,-0.007679686674228186,0.08552217343816214,-0.14595391262307983,-0.00448934536259444
2024-07-11 00:00:00+00:00,-0.03536280074140228,-0.006708538049520128,-0.00047737162674238903,-0.045018584301366155,-0.01267255125376647,-0.010419953303652902,0.014215657654013607,-0.007679686674228186,0.08552217343816214,0.08925856894653458
2024-07-12 00:00:00+00:00,-0.02275411024851253,0.009532569171711086,0.011008461282564313,0.027110203482991136,0.009798053470336226,0.016498999380035288,-0.03536280074140228,0.014215657654013607,-0.007679686674228186,-0.14595391262307983
2024-07-13 00:00:00+00:00,-0.0011514106050418138,0.022460333746386348,0.013328649364562585,0.017344762373132188,0.042006175634155214,0.036302706997567095,-0.02275411024851253,-0.03536280074140228,0.014215657654013607,0.08552217343816214
2024-07-14 00:00:00+00:00,0.05818195538273589,0.02656596839138983,0.021539500325223178,0.03978974946502237,0.026708079644817875,0.029938908505676598,-0.0011514106050418138,-0.02275411024851253,-0.03536280074140228,-0.007679686674228186
2024-07-15 00:00:00+00:00,0.20736758872004224,0.06257882518464983,0.0708659543880182,0.07637895433858262,0.07954243251176941,0.0884284099602006,0.05818195538273589,-0.0011514106050418138,-0.02275411024851253,0.014215657654013607
2024-07-16 00:00:00+00:00,0.08870311362935965,0.004929571655444641,-0.011334624893841374,0.0077500387907141624,-0.0009612304488917007,0.0036278868502601243,0.20736758872004224,0.05818195538273589,-0.0011514106050418138,-0.03536280074140228
2024-07-17 00:00:00+00:00,-0.05654041092041947,-0.014806827344029673,-0.016711996605915814,-0.032395595141027335,-0.024336048502212344,-0.037422021371318434,0.08870311362935965,0.20736758872004224,0.05818195538273589,-0.02275411024851253
2024-07-18 00:00:00+00:00,-0.004286333180685266,-0.0015626673332034774,0.011579995990526091,0.023641162041143284,-0.018397800764690855,-0.06834094348272929,-0.05654041092041947,0.08870311362935965,0.20736758872004224,-0.0011514106050418138
2024-07-19 00:00:00+00:00,0.08636683942300444,0.040910757335444886,0.02223169961375485,0.06038075632551852,0.047929496620846335,0.022741173311552,-0.004286333180685266,-0.05654041092041947,0.08870311362935965,0.05818195538273589
2024-07-20 00:00:00+00:00,-0.037740327982847086,0.00717432290208512,0.003979478348910874,0.0260861522402991,0.06788140868231264,0.017275436594036204,0.08636683942300444,-0.004286333180685266,-0.05654041092041947,0.20736758872004224
2024-07-21 00:00:00+00:00,0.022654690564806176,0.015156828740989328,0.005223010078664497,0.06084145924342437,0.04386860038986827,0.008253141756720482,-0.037740327982847086,0.08636683942300444,-0.004286333180685266,0.08870311362935965
2024-07-22 00:00:00+00:00,-0.04919024419077178,-0.009334516829783621,-0.027618334530467182,-0.030768270955000534,-0.017984802429343735,-0.03797217782949473,0.022654690564806176,-0.037740327982847086,0.08636683942300444,-0.05654041092041947
2024-07-23 00:00:00+00:00,0.0507889655544688,-0.023916981434216472,0.012398112613455527,-0.0333620006461165,-0.05559681352260595,-0.030629380797836205,-0.04919024419077178,0.022654690564806176,-0.037740327982847086,-0.004286333180685266
2024-07-24 00:00:00+00:00,-0.02425341192850324,-0.008529507623456261,-0.043037769729975965,0.028655582276968107,-0.018276664551016755,-0.014780050311720182,0.0507889655544688,-0.04919024419077178,0.022654690564806176,0.08636683942300444
2024-07-25 00:00:00+00:00,-0.062467562852028834,0.006463859817351855,-0.049256726417778035,-0.03549856884968233,-0.021247985508530992,-0.02411207833371109,-0.02425341192850324,0.0507889655544688,-0.04919024419077178,-0.037740327982847086
2024-07-26 00:00:00+00:00,0.04596553821564111,0.03153462223775808,0.03073997600638479,0.06319196466079043,0.06886512901559959,0.034186237608018734,-0.062467562852028834,-0.02425341192850324,0.0507889655544688,0.022654690564806176
2024-07-27 00:00:00+00:00,-0.01003352898957781,-0.00016921384598440523,-0.007848443474350228,0.004686912498292673,-0.020706232383853863,0.003531492781470938,0.04596553821564111,-0.062467562852028834,-0.02425341192850324,-0.04919024419077178
2024-07-28 00:00:00+00:00,-0.0126851595273158,0.005191188977428364,0.006488578823412966,0.0053142579381531855,-0.010708378293308125,-0.013010236736014888,-0.01003352898957781,0.04596553821564111,-0.062467562852028834,0.0507889655544688
2024-07-29 00:00:00+00:00,0.003398473959111773,-0.02170181316434392,0.014420801773655689,-0.012681477267660285,-0.012458086610740136,-0.010772096981910957,-0.0126851595273158,-0.01003352898957781,0.04596553821564111,-0.02425341192850324
2024-07-30 00:00:00+00:00,-0.0415644244212505,-0.008974685027823451,-0.01165717542179405,-0.018854399786319566,-0.02299857215260948,-0.012715884325302561,0.003398473959111773,-0.0126851595273158,-0.01003352898957781,-0.062467562852028834
2024-07-31 00:00:00+00:00,-0.02325686216426735,-0.02385142421501373,-0.014272464880157914,-0.04247225401338802,-0.029020344734018697,-0.030314724685762615,-0.0415644244212505,0.003398473959111773,-0.0126851595273158,0.04596553821564111
2024-08-01 00:00:00+00:00,-0.05010324307490212,0.011171199683345215,-0.009117329095398752,-0.025600076800164583,-0.024325635971274025,-0.00819935214868631,-0.02325686216426735,-0.0415644244212505,0.003398473959111773,-0.01003352898957781
2024-08-02 00:00:00+00:00,-0.12016455619135985,-0.06080893312569105,-0.06906980163942816,-0.09127340814791517,-0.06465618500565448,-0.07425413180904528,-0.05010324307490212,-0.02325686216426735,-0.0415644244212505,-0.0126851595273158
2024-08-03 00:00:00+00:00,-0.07807754402189805,-0.013099436128860992,-0.02917782177676601,-0.06945118163999618,-0.031234043656727693,-0.029770284356744444,-0.12016455619135985,-0.05010324307490212,-0.02325686216426735,0.003398473959111773
2024-08-04 00:00:00+00:00,-0.06222102299720868,-0.04269555681819708,-0.07682549632844399,-0.029840205850911353,-0.04116506819387236,-0.06458537161428335,-0.07807754402189805,-0.12016455619135985,-0.05010324307490212,-0.0415644244212505
2024-08-05 00:00:00+00:00,-0.14025589150844206,-0.07388270778154322,-0.10554152167987006,-0.06380142569370156,-0.09486690457133339,-0.008280062360613252,-0.06222102299720868,-0.07807754402189805,-0.12016455619135985,-0.02325686216426735
2024-08-06 00:00:00+00:00,0.09479351743168465,0.03641232998749407,0.017103749924450695,0.10674651726570339,0.021907484812263657,0.015748356968139112,-0.14025589150844206,-0.06222102299720868,-0.07807754402189805,-0.05010324307490212
2024-08-07 00:00:00+00:00,-0.05034175486085093,-0.015975161468007117,-0.049355059018510734,0.0025590497072263047,-0.00906114620172589,-0.04255961441879589,0.09479351743168465,-0.14025589150844206,-0.06222102299720868,-0.12016455619135985
2024-08-08 00:00:00+00:00,0.175276873643307,0.11228735091416127,0.13540240028922618,0.11940115278225889,0.11734119059727835,0.10528287289215199,-0.05034175486085093,0.09479351743168465,-0.14025589150844206,-0.07807754402189805
2024-08-09 00:00:00+00:00,-0.028920465542867407,-0.013842409307287744,-0.0317070913877183,-0.042898158761341405,-0.034260945331117704,-0.019048194970694588,0.175276873643307,-0.05034175486085093,0.09479351743168465,-0.06222102299720868
2024-08-10 00:00:00+00:00,-0.009434032233358529,0.001404713543484379,0.004277465388845785,-0.014631734816495781,0.012629329745025213,0.0035549273129239227,-0.028920465542867407,0.175276873643307,-0.05034175486085093,-0.14025589150844206
2024-08-11 00:00:00+00:00,-0.0878734460085351,-0.036964958668207114,-0.021118628942741847,-0.08422324096396835,-0.04462031901495126,-0.05095716620750768,-0.009434032233358529,-0.028920465542867407,0.175276873643307,0.09479351743168465
2024-08-12 00:00:00+00:00,0.061461346468757706,0.010741321896940523,0.06327617065377597,0.03279665858358878,0.07024469722939541,0.03809984623227038,-0.0878734460085351,-0.009434032233358529,-0.028920465542867407,-0.05034175486085093
2024-08-13 00:00:00+00:00,-0.004878058453432855,0.020687318243458014,-0.007322042615237078,0.0024578424334653353,-0.01446798000082328,-0.0021590508566931496,0.061461346468757706,-0.0878734460085351,-0.009434032233358529,0.175276873643307
2024-08-14 00:00:00+00:00,-0.022250608934819806,-0.031926101818424826,-0.015283981564079844,-0.020251415337304575,-0.03794285376941159,-0.01964413841528369,-0.004878058453432855,0.061461346468757706,-0.0878734460085351,-0.028920465542867407
2024-08-15 00:00:00+00:00,-0.07257069283483537,-0.019657942646201854,-0.035007990620865556,-0.007894134396673068,-0.021618728535170002,-0.025298968319258562,-0.022250608934819806,-0.004878058453432855,0.061461346468757706,-0.009434032233358529
2024-08-16 00:00:00+00:00,-0.035571465784867654,0.022910978337253942,0.008848278205884167,-0.02514158417240065,0.0013960911721097135,-0.004531729809882192,-0.07257069283483537,-0.022250608934819806,-0.004878058453432855,-0.0878734460085351
2024-08-17 00:00:00+00:00,0.042269414468995306,0.010431923382209742,0.008365324821256171,0.020572316794084628,0.023634778133996764,0.012039272579617764,-0.035571465784867654,-0.07257069283483537,-0.022250608934819806,0.061461346468757706
2024-08-18 00:00:00+00:00,-0.02706525150856143,-0.018057579517003593,-0.0009030624377273868,0.0034464602428121117,-0.026728747366925577,-0.009770840604989693,0.042269414468995306,-0.035571465784867654,-0.07257069283483537,-0.004878058453432855
2024-08-19 00:00:00+00:00,0.05211600113901389,0.017158062435947308,0.00922554085269927,0.013044724755185755,0.012812411450807852,0.006774583681755121,-0.02706525150856143,0.042269414468995306,-0.035571465784867654,-0.022250608934819806
2024-08-20 00:00:00+00:00,0.009073296205674975,-0.007170849698593443,-0.024396604272670947,-0.014098502646088614,0.015277938927492586,0.02298951822469878,0.05211600113901389,-0.02706525150856143,0.042269414468995306,-0.07257069283483537
2024-08-21 00:00:00+00:00,0.020434938414306974,0.03565715238614722,0.022251198129545374,0.0036483587791281825,0.031192731761546202,0.03458557964977995,0.009073296205674975,0.05211600113901389,-0.02706525150856143,-0.035571465784867654
2024-08-22 00:00:00+00:00,0.010062977998620746,-0.012839442327577983,-0.002980821037672695,0.0030068901365898452,-0.008514715586774232,-0.004258345682577304,0.020434938414306974,0.009073296205674975,0.05211600113901389,0.042269414468995306
2024-08-23 00:00:00+00:00,0.12788343283501868,0.05887576421662603,0.05185587630264984,0.06775391596346456,0.07042968517308822,0.08451894201587097,0.010062977998620746,0.020434938414306974,0.009073296205674975,-0.02706525150856143
2024-08-24 00:00:00+00:00,0.04521760599329325,0.0018685710918962383,0.0019962107567640143,0.047216746512985526,-0.0031040776996984023,0.021339316034995604,0.12788343283501868,0.010062977998620746,0.020434938414306974,0.05211600113901389
2024-08-25 00:00:00+00:00,-0.03863141314043645,0.0009813284334161388,-0.007932389942457324,-0.010951641108845516,-0.0269179505605796,-0.033835368148737194,0.04521760599329325,0.12788343283501868,0.010062977998620746,0.009073296205674975
2024-08-26 00:00:00+00:00,-0.07024404462483437,-0.021818360418123024,-0.02419303418173669,-0.01139108634024231,-0.04088282917169134,-0.03365055052203998,-0.03863141314043645,0.04521760599329325,0.12788343283501868,0.020434938414306974
2024-08-27 00:00:00+00:00,-0.1090187376627953,-0.05594960850125526,-0.0869242189766755,-0.06800685063701396,-0.06165295455186016,-0.05994039325741058,-0.07024404462483437,-0.03863141314043645,0.04521760599329325,0.010062977998620746
2024-08-28 00:00:00+00:00,0.006523180339123476,-0.006417925294743356,0.028483611085400803,-0.019536976910957064,0.007353344642230461,0.007241161256559474,-0.1090187376627953,-0.07024404462483437,-0.03863141314043645,0.12788343283501868
2024-08-29 00:00:00+00:00,-0.005215135679108048,0.005475126375226921,-0.0002848135084145817,-0.027823594448880554,0.007299667431729275,0.01503787736454072,0.006523180339123476,-0.1090187376627953,-0.07024404462483437,0.04521760599329325
2024-08-30 00:00:00+00:00,0.015564516541111767,-0.003967156608714223,-0.0006371683032404386,-0.014461203845841226,0.013852007378131206,-0.004987541511039162,-0.005215135679108048,0.006523180339123476,-0.1090187376627953,-0.03863141314043645
2024-08-31 00:00:00+00:00,-0.023438572972017468,-0.00254026496747557,-0.005155786067161088,-0.019317202703152934,-0.004826406807974219,-0.011494379425735134,0.015564516541111767,-0.005215135679108048,0.006523180339123476,-0.07024404462483437
2024-09-01 00:00:00+00:00,-0.06111881505604553,-0.028763415319443375,-0.035352850323422016,-0.05193511172503564,-0.06306514684451325,-0.05038102429235237,-0.023438572972017468,0.015564516541111767,-0.005215135679108048,-0.1090187376627953
2024-09-02 00:00:00+00:00,0.06506359334706187,0.03144134758080365,0.04525192185704056,0.048901330864004826,0.041507425769534284,0.0372899282454728,-0.06111881505604553,-0.023438572972017468,0.015564516541111767,0.006523180339123476
2024-09-03 00:00:00+00:00,-0.04839654086185021,-0.028202897779850595,-0.04542920452647489,-0.056400194312153644,-0.023994208428035912,-0.0426232742208354,0.06506359334706187,-0.06111881505604553,-0.023438572972017468,-0.005215135679108048
2024-09-04 00:00:00+00:00,0.012320484388040657,0.008369626775024829,0.01042667362399451,0.04671957660143001,0.012630449777720803,0.037485648241243806,-0.04839654086185021,0.06506359334706187,-0.06111881505604553,0.015564516541111767
2024-09-05 00:00:00+00:00,-0.03460552917747561,-0.03138033882672037,-0.033990059149168084,-0.03216395865497694,0.004276556767260172,-0.029875261433829077,0.012320484388040657,-0.04839654086185021,0.06506359334706187,-0.023438572972017468
2024-09-06 00:00:00+00:00,-0.065477929379507,-0.040262751080288636,-0.06252743828077964,-0.03427200150995066,-0.06160305195897853,-0.030013795803651874,-0.03460552917747561,0.012320484388040657,-0.04839654086185021,-0.06111881505604553
2024-09-07 00:00:00+00:00,0.01788423225642094,0.0036604367595428834,0.021495400637582665,0.021048411184542638,0.030332767678263216,0.005453850682463945,-0.065477929379507,-0.03460552917747561,0.012320484388040657,0.06506359334706187
2024-09-08 00:00:00+00:00,0.04335939298429775,0.01300733247035669,0.010378838616076844,0.018925562932403855,0.008039719629780697,0.01618532442101735,0.01788423225642094,-0.065477929379507,-0.03460552917747561,-0.04839654086185021
2024-09-09 00:00:00+00:00,0.0429131587038996,0.03882199877924005,0.026715211868316886,0.037179564076792605,0.07606706922129114,0.034563921455076335,0.04335939298429775,0.01788423225642094,-0.065477929379507,0.012320484388040657
2024-09-10 00:00:00+00:00,0.010781775603288413,0.010359360363052208,0.012224195084661072,0.004063394457256417,-0.009295186987123715,-0.0007388253014324261,0.0429131587038996,0.04335939298429775,0.01788423225642094,-0.03460552917747561
2024-09-11 00:00:00+00:00,-0.02993420781804439,-0.005183618786241656,-0.020287982782529586,-0.023951900477923473,-0.014600229955478772,-0.02015745742498017,0.010781775603288413,0.0429131587038996,0.04335939298429775,-0.065477929379507
2024-09-12 00:00:00+00:00,0.024557850781664184,0.013758211280425158,0.0090211593201128,0.02704377573255555,0.013529618144617658,0.019418085857101516,-0.02993420781804439,0.010781775603288413,0.0429131587038996,0.01788423225642094
2024-09-13 00:00:00+00:00,0.06394872460027351,0.039888515176949337,0.03225891317213316,0.021595342443084517,0.04074019158348402,0.032026026719408435,0.024557850781664184,-0.02993420781804439,0.010781775603288413,0.04335939298429775
2024-09-14 00:00:00+00:00,-0.0191454475844352,-0.008381917831569096,-0.008812117192878863,-0.01361550581612167,-0.014692296686425839,-0.016612877554346643,0.06394872460027351,0.024557850781664184,-0.02993420781804439,0.0429131587038996
2024-09-15 00:00:00+00:00,-0.05428202097038211,-0.014456155768720775,-0.042969163114274886,-0.04298453237480154,-0.02488001155263476,-0.02582216507979726,-0.0191454475844352,0.06394872460027351,0.024557850781664184,0.010781775603288413
2024-09-16 00:00:00+00:00,-0.020619287202735703,-0.01564652918074257,-0.008855640749803263,0.0007609192270961293,-0.0313189341606474,-0.01506052562572135,-0.05428202097038211,-0.0191454475844352,0.06394872460027351,-0.02993420781804439
2024-09-17 00:00:00+00:00,0.01789448987655065,0.035438379599161005,0.019890768510761287,0.0005322991646921247,0.014744240004567668,0.009815103332659203,-0.020619287202735703,-0.05428202097038211,-0.0191454475844352,0.024557850781664184
2024-09-18 00:00:00+00:00,0.026919525913242152,0.023691660342147144,0.013972304355667368,0.021062911965513555,0.026639619923573984,0.0281500068933373,0.01789448987655065,-0.020619287202735703,-0.05428202097038211,0.06394872460027351
2024-09-19 00:00:00+00:00,0.0530182334472421,0.01905308607791393,0.037384827775575745,0.06170120364216006,0.010917557204728597,0.02879968661023142,0.026919525913242152,0.01789448987655065,-0.020619287202735703,-0.0191454475844352
2024-09-20 00:00:00+00:00,0.03829992508754526,0.004012085061529829,0.03827698744610405,0.026041879184774713,0.005319666767479816,0.020373026382311803,0.0530182334472421,0.026919525913242152,0.01789448987655065,-0.05428202097038211
2024-09-21 00:00:00+00:00,0.020396627907645654,0.0023375749611005414,0.019715355036530664,0.018577222197340072,0.04065902529644271,0.042211848809309595,0.03829992508754526,0.0530182334472421,0.026919525913242152,-0.020619287202735703
2024-09-22 00:00:00+00:00,-0.04991906717396768,0.0036209624041565595,-0.012092418309888196,-0.03251544777735283,-0.03329633392777764,-0.03252319170556006,0.020396627907645654,0.03829992508754526,0.0530182334472421,0.01789448987655065
2024-09-23 00:00:00+00:00,0.014870162479451407,-0.0037625690717466927,0.025238668859070917,0.0011056597076896262,0.01623169965207961,-0.0027586224390797514,-0.04991906717396768,0.020396627907645654,0.03829992508754526,0.026919525913242152
2024-09-24 00:00:00+00:00,0.05503781243644489,0.01446248637939056,0.002350869073716024,0.05338723978902403,0.01579028493156685,0.023883769192270372,0.014870162479451407,-0.04991906717396768,0.020396627907645654,0.0530182334472421
2024-09-25 00:00:00+00:00,-0.01643229462708158,-0.017434692343162504,-0.027996439768490675,-0.03159452708494948,-0.011911447412281676,0.028582869706470195,0.05503781243644489,0.014870162479451407,-0.04991906717396768,0.03829992508754526
2024-09-26 00:00:00+00:00,0.11922840743419137,0.03151578569135097,0.020072773877989385,0.04989009384624139,0.08555088308316917,0.19900124599261007,-0.01643229462708158,0.05503781243644489,0.014870162479451407,0.020396627907645654
2024-09-27 00:00:00+00:00,0.11684889266458635,0.009102584128001627,0.023343886429398778,0.013346728983156763,0.04411323853239449,0.08490568861498765,0.11922840743419137,-0.01643229462708158,0.05503781243644489,-0.04991906717396768
2024-09-28 00:00:00+00:00,0.06161368723032446,0.0013378619530761801,-0.0071587972686246865,-0.005661772813772763,0.03617677964073315,-0.032592506326691806,0.11684889266458635,0.11922840743419137,-0.01643229462708158,0.014870162479451407
2024-09-29 00:00:00+00:00,-0.00882618262827196,-0.003894573316477157,-0.006596896503964429,0.010850016024065844,-0.029157508414912957,-0.014373964112068583,0.06161368723032446,0.11684889266458635,0.11922840743419137,0.05503781243644489
2024-09-30 00:00:00+00:00,-0.07547278743313608,-0.03528524055475455,-0.021062215708309424,-0.038403175410175044,-0.0853025366132275,-0.09598258782614258,-0.00882618262827196,0.06161368723032446,0.11684889266458635,-0.01643229462708158
2024-10-01 00:00:00+00:00,-0.0754325731274396,-0.04063624492665931,-0.06118319307059319,-0.049469127644649405,-0.06661287729735905,-0.06769279817472375,-0.07547278743313608,-0.00882618262827196,0.06161368723032446,0.11922840743419137
2024-10-02 00:00:00+00:00,-0.0485839998557444,-0.002577086316775542,-0.0347881768230544,-0.0347025814100927,-0.02109124382269152,-0.008562743449887802,-0.0754325731274396,-0.07547278743313608,-0.00882618262827196,0.11684889266458635
2024-10-03 00:00:00+00:00,-0.06713930283762844,0.001703926352847916,-0.006067181682279811,-0.024261117739326817,0.004292056758218761,-0.012361096823573975,-0.0485839998557444,-0.0754325731274396,-0.07547278743313608,0.06161368723032446
2024-10-04 00:00:00+00:00,0.0832427104042073,0.02170883041003728,0.02712473268730683,0.0458553517973802,0.038920501904820354,0.07831906461537146,-0.06713930283762844,-0.0485839998557444,-0.0754325731274396,-0.00882618262827196
2024-10-05 00:00:00+00:00,-0.0042689499195758904,-0.00045108906551724495,0.00010353960502683366,-0.004548165836204241,0.0014635933823765716,0.0028710901146416987,0.0832427104042073,-0.06713930283762844,-0.0485839998557444,-0.07547278743313608
2024-10-06 00:00:00+00:00,0.08994823666293958,0.012202629820996201,0.010451843867824944,0.026915521072227513,0.01982055020972891,0.03824988213399964,-0.0042689499195758904,0.0832427104042073,-0.06713930283762844,-0.0754325731274396
2024-10-07 00:00:00+00:00,-0.042942194287008954,-0.009531284031326389,-0.007123585979335531,-0.017353417155425196,-0.02891110452440935,-0.038823441082903636,0.08994823666293958,-0.0042689499195758904,0.0832427104042073,-0.0485839998557444
2024-10-08 00:00:00+00:00,-0.030038509119227206,-0.0010211885021863328,0.007475978564708481,-0.0032701368505147796,-0.012250733260416766,-0.010380716054560854,-0.042942194287008954,0.08994823666293958,-0.0042689499195758904,-0.06713930283762844
2024-10-09 00:00:00+00:00,-0.041874072471058885,-0.024830482976427176,-0.029274479174812445,-0.029420126234814863,0.007905914777713016,-0.02049852154834093,-0.030038509119227206,-0.042942194287008954,0.08994823666293958,0.0832427104042073
2024-10-10 00:00:00+00:00,0.01954459607297013,-0.005119452832531935,0.006735419496232244,-0.0021554829440484564,-0.01785344425278983,-0.007125920889967773,-0.041874072471058885,-0.030038509119227206,-0.042942194287008954,-0.0042689499195758904
2024-10-11 00:00:00+00:00,0.04622671749523331,0.03603669892744918,0.02196943305546825,0.04569251374378298,0.04373390659113448,0.05111449413675401,0.01954459607297013,-0.041874072471058885,-0.030038509119227206,0.08994823666293958
2024-10-12 00:00:00+00:00,0.015283027980176939,0.010596362001929363,0.015012792389185134,0.005960350601976317,0.00549179863268112,0.010701313049834044,0.04622671749523331,0.01954459607297013,-0.041874072471058885,-0.042942194287008954
2024-10-13 00:00:00+00:00,-0.019398260125283576,-0.0053332935199566596,-0.003029134969148349,0.009111370573380479,0.0001795493316610115,-0.011834457647002796,0.015283027980176939,0.04622671749523331,0.01954459607297013,-0.030038509119227206
2024-10-14 00:00:00+00:00,0.11663690372576088,0.04985708823410627,0.06312723739912225,0.06454275153338805,0.046393518324832225,0.058354473281895795,-0.019398260125283576,0.015283027980176939,0.04622671749523331,-0.041874072471058885
2024-10-15 00:00:00+00:00,-0.04888191149735544,0.014872066015212413,-0.008546603615558843,-0.018121193801667743,0.006747260512403464,-0.024906539214355553,0.11663690372576088,-0.019398260125283576,0.015283027980176939,0.01954459607297013
2024-10-16 00:00:00+00:00,0.005763704716750134,0.008105370403983361,0.0014141970083359115,-0.0031063964922850907,0.06786864427467051,0.0190068170871672,-0.04888191149735544,0.11663690372576088,-0.019398260125283576,0.04622671749523331
2024-10-17 00:00:00+00:00,-0.05513207069471622,-0.0029358340463448997,-0.002031858698996803,-0.024806049151096583,0.03085601095570314,-0.0206529079938361,0.005763704716750134,-0.04888191149735544,0.11663690372576088,0.015283027980176939
2024-10-18 00:00:00+00:00,0.06086274540370112,0.014813986471420449,0.01386081943641187,0.029074861014826137,0.0561553660339267,0.03135391968585734,-0.05513207069471622,0.005763704716750134,-0.04888191149735544,-0.019398260125283576
2024-10-19 00:00:00+00:00,-0.0009528347552718544,-0.0007309621248523259,0.0022796147004131985,0.030822507947540594,0.049151164978662024,0.012691867882684024,0.06086274540370112,-0.05513207069471622,0.005763704716750134,0.11663690372576088
2024-10-20 00:00:00+00:00,0.017950411123842987,0.00951888488044817,0.03659647963870094,0.04652570490407798,-0.01348680517463267,0.0005253480551612175,-0.0009528347552718544,0.06086274540370112,-0.05513207069471622,-0.04888191149735544
2024-10-21 00:00:00+00:00,-0.047947822409671985,-0.02425888605349007,-0.02963489062861841,-0.007374797342252887,0.010706515623878636,-0.03636764417087483,0.017950411123842987,-0.0009528347552718544,0.06086274540370112,0.005763704716750134
2024-10-22 00:00:00+00:00,-0.00987174847915423,0.0007195659176902162,-0.016595490814311574,0.008509159683659855,-0.028021736759711608,-0.011503824481484577,-0.047947822409671985,0.017950411123842987,-0.0009528347552718544,-0.05513207069471622
2024-10-23 00:00:00+00:00,-0.027150989065950974,-0.01129587277243706,-0.03815966676698236,0.019265458164518676,0.0019308476696384886,-0.02793477733155407,-0.00987174847915423,-0.047947822409671985,0.017950411123842987,0.06086274540370112
2024-10-24 00:00:00+00:00,0.019182819416774122,0.02268451715263484,0.004430460785638904,0.03643662460867724,0.013553515972866552,0.02130125383592015,-0.027150989065950974,-0.00987174847915423,-0.047947822409671985,-0.0009528347552718544
2024-10-25 00:00:00+00:00,-0.1301086853470204,-0.022239429463163648,-0.03826495074970141,-0.07188337360442476,-0.07513862605918878,-0.08504688825811219,0.019182819416774122,-0.027150989065950974,-0.00987174847915423,0.017950411123842987
2024-10-26 00:00:00+00:00,0.03359778496617649,0.005896224370562871,0.017018039738213687,0.03562232620627667,0.04356270763709632,0.02681125745065677,-0.1301086853470204,0.019182819416774122,-0.027150989065950974,-0.047947822409671985
2024-10-27 00:00:00+00:00,0.009863093655171577,0.013750632418520554,0.010135729647841258,0.03309559339552217,0.04821151559219791,0.012850644132067676,0.03359778496617649,-0.1301086853470204,0.019182819416774122,-0.00987174847915423
2024-10-28 00:00:00+00:00,0.0010899183640256005,0.02812846721520796,0.023518998337260344,0.009354288879326792,0.11264020689134278,0.05641653815073353,0.009863093655171577,0.03359778496617649,-0.1301086853470204,-0.027150989065950974
2024-10-29 00:00:00+00:00,0.052001104832803964,0.03888698282937757,0.027399395255018,0.0063179880844584,0.0854307899839867,0.04452330953548449,0.0010899183640256005,0.009863093655171577,0.03359778496617649,0.019182819416774122
2024-10-30 00:00:00+00:00,-0.003107200842748827,-0.005399473668343945,0.007697296775859888,-0.025686585405569246,-0.044058965228535744,-0.03632878129851506,0.052001104832803964,0.0010899183640256005,0.009863093655171577,-0.1301086853470204
2024-10-31 00:00:00+00:00,-0.05654839735058732,-0.02878461169591104,-0.054314403100932634,-0.03598012975334807,-0.0402576185120473,-0.026462404080831628,-0.003107200842748827,0.052001104832803964,0.0010899183640256005,0.03359778496617649
2024-11-01 00:00:00+00:00,-0.024445661746053747,-0.011388795745506882,-0.002830959525723158,-0.01547269435297089,-0.015461654651545125,-0.018038820589678355,-0.05654839735058732,-0.003107200842748827,0.052001104832803964,0.009863093655171577
2024-11-02 00:00:00+00:00,-0.01930781160492493,-0.0017465165389545408,-0.006896138178868885,0.00042134409387303064,0.0024473671655245266,-0.007422243608594842,-0.024445661746053747,-0.05654839735058732,-0.003107200842748827,0.0010899183640256005
2024-11-03 00:00:00+00:00,-0.06392708730623259,-0.008668122839253566,-0.014741904629285514,-0.022148760598037623,-0.05249806410046515,-0.03261791782872749,-0.01930781160492493,-0.024445661746053747,-0.05654839735058732,0.052001104832803964
2024-11-04 00:00:00+00:00,-0.032300944788321066,-0.013555167807772158,-0.024515533959114086,-0.02858407286699046,0.04412718096946295,-0.0017777782459991608,-0.06392708730623259,-0.01930781160492493,-0.024445661746053747,-0.003107200842748827
2024-11-05 00:00:00+00:00,0.07770898432731611,0.02218393837390412,0.010098078656152792,0.05343724329866906,0.07175314219742801,0.05761962287464341,-0.032300944788321066,-0.06392708730623259,-0.01930781160492493,-0.05654839735058732
2024-11-06 00:00:00+00:00,0.14442395548097003,0.08560223984821512,0.11649843968337495,0.11319792586239448,0.1447192364560451,0.06607709057178765,0.07770898432731611,-0.032300944788321066,-0.06392708730623259,-0.024445661746053747
2024-11-07 00:00:00+00:00,0.1054616227809092,0.0037760095920657505,0.06182830263713826,0.05098508461486104,-0.016525908560517562,0.0041841065225738695,0.14442395548097003,0.07770898432731611,-0.032300944788321066,-0.01930781160492493
2024-11-08 00:00:00+00:00,-0.021150213681891534,0.00855685431952021,0.022632863127550862,0.017668304133313897,0.04418623183409111,-0.00733371542547018,0.1054616227809092,0.14442395548097003,0.07770898432731611,-0.06392708730623259
2024-11-09 00:00:00+00:00,0.040078223567410524,0.0021892171563324633,0.054041098393057894,0.00020013008522283156,0.08049583300852027,0.0749338290271182,-0.021150213681891534,0.1054616227809092,0.14442395548097003,-0.032300944788321066
2024-11-10 00:00:00+00:00,0.09531017980432493,0.04703330369431591,0.018068713372695295,0.0496735932650337,0.23821442895925574,0.24036034180104787,0.040078223567410524,-0.021150213681891534,0.1054616227809092,0.07770898432731611
2024-11-11 00:00:00+00:00,0.05295587257713438,0.09803226217915882,0.05749432156742296,0.055821987561942114,0.23498190539303815,0.06748297369398717,0.09531017980432493,0.040078223567410524,-0.021150213681891534,0.14442395548097003
2024-11-12 00:00:00+00:00,0.08412036601392799,-0.007882034011635572,-0.038638961114455625,-0.04837607803360012,0.07796509906811942,-0.05225618540038769,0.05295587257713438,0.09531017980432493,0.040078223567410524,0.1054616227809092
2024-11-13 00:00:00+00:00,0.38713344370910685,0.027178568661184198,-0.01761524394286781,0.016355778526662364,0.049260164084083805,-0.024475409131260773,0.08412036601392799,0.05295587257713438,0.09531017980432493,-0.021150213681891534
2024-11-14 00:00:00+00:00,-0.007718320998501206,-0.03432634643790914,-0.041101017450192553,-0.0261846841307417,-0.09590178899854165,-0.09837332560492958,0.38713344370910685,0.08412036601392799,0.05295587257713438,0.040078223567410524
2024-11-15 00:00:00+00:00,0.12202476662629674,0.041568314974823425,0.01014510647198041,0.04149934296559328,0.05097603768973882,0.0878653480065145,-0.007718320998501206,0.38713344370910685,0.08412036601392799,0.09531017980432493
2024-11-16 00:00:00+00:00,-0.09103301331795913,-0.004902030249246929,0.013775190182858242,-0.012622242390819386,-0.0463802263669863,-0.03787576510636948,0.12202476662629674,-0.007718320998501206,0.38713344370910685,0.05295587257713438
2024-11-17 00:00:00+00:00,-0.004234304138788344,-0.008101554091419313,-0.018319465689832976,0.09610638670008557,0.00774020958348052,0.0072874816441346885,-0.09103301331795913,0.12202476662629674,-0.007718320998501206,0.08412036601392799
2024-11-18 00:00:00+00:00,-0.035023968405283934,0.006744588166355547,0.04195529227774299,0.009722240599326389,0.011081571601844193,0.0028197400354658363,-0.004234304138788344,-0.09103301331795913,0.12202476662629674,0.38713344370910685
2024-11-19 00:00:00+00:00,-0.039845908547199674,0.02020817024435305,-0.03178610783031856,-0.009048698161739362,0.051310808312805566,-0.004434597067865753,-0.035023968405283934,-0.004234304138788344,-0.09103301331795913,-0.007718320998501206
2024-11-20 00:00:00+00:00,-0.04787594804602887,0.021177619537080205,-0.012131446526433241,-0.009088857984237447,-0.033551198251981995,-0.03620304866396047,-0.039845908547199674,-0.035023968405283934,-0.004234304138788344,0.12202476662629674
2024-11-21 00:00:00+00:00,0.09840675669324477,0.04185951709945262,0.08902538242000183,0.08499572936068567,0.023182011933155063,0.036607007465656656,-0.04787594804602887,-0.039845908547199674,-0.035023968405283934,-0.09103301331795913
2024-11-22 00:00:00+00:00,-0.002902759657961351,0.005830172847894076,-0.008387756979741928,0.0020651905950916133,0.06539650957100622,0.026306817944912582,0.09840675669324477,-0.04787594804602887,-0.039845908547199674,-0.004234304138788344
2024-11-23 00:00:00+00:00,-0.007293978362553611,-0.012409323871574746,0.01967723407217556,-0.007854824574334979,0.04124344795952214,0.019864333789264988,-0.002902759657961351,0.09840675669324477,-0.04787594804602887,-0.035023968405283934
2024-11-24 00:00:00+00:00,-0.014254357843649283,0.002327936418892903,-0.009684596004898337,-0.008510354346510644,0.000185964341873581,-0.00735439738259245,-0.007293978362553611,-0.002902759657961351,0.09840675669324477,-0.039845908547199674
2024-11-25 00:00:00+00:00,-0.0628238204602363,-0.051239836346874276,0.01573008765630806,-0.07623167477441364,-0.09142678788668404,-0.038816754351585256,-0.014254357843649283,-0.007293978362553611,-0.002902759657961351,-0.04787594804602887
2024-11-26 00:00:00+00:00,-0.03705121792091877,-0.011297312096130885,-0.02663967292507817,-0.015015232517584834,-0.014339277871824105,-0.017108360257014243,-0.0628238204602363,-0.014254357843649283,-0.007293978362553611,0.09840675669324477
2024-11-27 00:00:00+00:00,0.07683946797933149,0.04151142667791282,0.09423692640189818,0.04769760533571974,0.03523296482682728,0.055536538734271654,-0.03705121792091877,-0.0628238204602363,-0.014254357843649283,-0.002902759657961351
2024-11-28 00:00:00+00:00,0.0055569731278639735,-0.002288480239917697,-0.020600639750357863,-0.01822592417801664,0.0016697198999697182,-0.009763795589690177,0.07683946797933149,-0.03705121792091877,-0.0628238204602363,-0.007293978362553611
2024-11-29 00:00:00+00:00,0.03026775339028103,0.01880928130380514,0.003742857528017959,0.02387204768966619,0.0598274914434166,0.021355888302511304,0.0055569731278639735,0.07683946797933149,-0.03705121792091877,-0.014254357843649283
2024-11-30 00:00:00+00:00,-0.012789156116321336,-0.010852955416106586,0.030537707609040697,-0.023829959261873247,-0.011227062593783553,0.02653681114435364,0.03026775339028103,0.0055569731278639735,0.07683946797933149,-0.0628238204602363
2024-12-01 00:00:00+00:00,0.09710874144023977,0.008029148706736931,0.0010821445867332416,-0.0033726844786391187,0.0437399343286523,0.1436743167841872,-0.012789156116321336,0.03026775339028103,0.0055569731278639735,-0.03705121792091877
2024-12-02 00:00:00+00:00,-0.08578693701786813,-0.013931627244584067,-0.017464663200909804,-0.047920609908911296,-0.03672003951667942,-0.03093369382873827,0.09710874144023977,-0.012789156116321336,0.03026775339028103,0.07683946797933149
2024-12-03 00:00:00+00:00,-0.0088496152769825,9.463180488125695e-05,-0.007966500888801449,0.035683883460474276,-0.04393586554613565,-0.04477084604425764,-0.08578693701786813,0.09710874144023977,-0.012789156116321336,0.0055569731278639735
2024-12-04 00:00:00+00:00,0.07329635540398032,0.028161417666881416,0.059942985664728034,-0.02060236560628058,0.06299605926629394,0.13819543786860064,-0.0088496152769825,-0.08578693701786813,0.09710874144023977,0.03026775339028103
2024-12-05 00:00:00+00:00,-0.028393808783268096,-0.01679234704122157,-0.013800560101564462,0.028776798045838648,-0.013774707073458776,-0.07586575077471336,0.07329635540398032,-0.0088496152769825,-0.08578693701786813,-0.012789156116321336
2024-12-06 00:00:00+00:00,0.01731847637649635,0.028424916087496886,0.05491309555730834,0.004357858433518819,0.01822474381491593,0.012726554539222673,-0.028393808783268096,0.07329635540398032,-0.0088496152769825,0.09710874144023977
2024-12-07 00:00:00+00:00,0.14409029982974392,0.0009134510578209996,-0.0006629068833607846,0.005347268588538437,0.04088548895002045,0.035985414376621214,0.01731847637649635,-0.028393808783268096,0.07329635540398032,-0.08578693701786813
2024-12-08 00:00:00+00:00,0.059655182714678734,0.012716305068205409,0.001982408962845158,-0.004714210262726297,0.02946381372211143,0.006857882238966653,0.14409029982974392,0.01731847637649635,-0.028393808783268096,-0.0088496152769825
2024-12-09 00:00:00+00:00,0.0026460041897990415,-0.03864784755258232,-0.07576050836477918,-0.0899536966291027,-0.11899799020481415,-0.16660232420146373,0.059655182714678734,0.14409029982974392,0.01731847637649635,0.07329635540398032
2024-12-10 00:00:00+00:00,-0.12061830832408263,-0.007050855728157901,-0.022820376555618988,-0.014085722045160193,-0.04979059197196966,-0.003308218418757737,0.0026460041897990415,0.059655182714678734,0.14409029982974392,-0.028393808783268096
2024-12-11 00:00:00+00:00,0.06751534664010238,0.04585110055392514,0.05458683804756234,0.06212162808402803,0.04976643884111881,0.05828280193358913,-0.12061830832408263,0.0026460041897990415,0.059655182714678734,0.01731847637649635
2024-12-12 00:00:00+00:00,-0.06030122666205604,-0.011144290310743151,0.012912739605591311,-0.001452944669471963,-0.01929022297140298,-0.023191482122318998,0.06751534664010238,-0.12061830832408263,0.0026460041897990415,0.14409029982974392
2024-12-13 00:00:00+00:00,0.04546237407675741,0.014099129370686553,0.006468608569695954,-0.009607157456266889,0.007115546755854391,0.014820313600253826,-0.06030122666205604,0.06751534664010238,-0.12061830832408263,0.059655182714678734
2024-12-14 00:00:00+00:00,-0.059085402981360745,-4.190407172619906e-05,-0.00938918495649458,-0.021857319140724054,-0.026584330101775282,-0.03783463392486488,0.04546237407675741,-0.06030122666205604,0.06751534664010238,0.0026460041897990415
2024-12-15 00:00:00+00:00,0.034544294065243154,0.02957210835064263,0.022684761244299443,0.019541369234592747,0.020650031176150784,0.014087283715168854,-0.059085402981360745,0.04546237407675741,-0.06030122666205604,-0.12061830832408263
2024-12-16 00:00:00+00:00,-0.02941388520629334,0.015149918553743596,0.006834229836600995,-0.03669303247182461,-0.01147760392206455,-0.02506032724794382,0.034544294065243154,-0.059085402981360745,0.04546237407675741,0.06751534664010238
2024-12-17 00:00:00+00:00,-0.044025414237792874,0.0007076596818099129,-0.023665793377496414,0.03168654040890594,-0.019596155268052542,-0.032520152187262875,-0.02941388520629334,0.034544294065243154,-0.059085402981360745,-0.06030122666205604
2024-12-18 00:00:00+00:00,-0.14402681726514688,-0.057491789143001994,-0.0708319205483303,-0.07739851077572038,-0.09552839465547254,-0.0901941099053463,-0.044025414237792874,-0.02941388520629334,0.034544294065243154,0.04546237407675741
2024-12-19 00:00:00+00:00,-0.13066805965982276,-0.02774708582409932,-0.05958481711713975,-0.06356738258690231,-0.1308233928174615,-0.10883153615070518,-0.14402681726514688,-0.044025414237792874,-0.02941388520629334,-0.059085402981360745
2024-12-20 00:00:00+00:00,0.03571808260207903,0.003519077229743537,0.016025379167371515,0.003451032295211555,0.011451472729793185,0.04087762579617296,-0.13066805965982276,-0.14402681726514688,-0.044025414237792874,0.034544294065243154
2024-12-21 00:00:00+00:00,-0.014823532551507158,-0.005263536125710258,-0.039143877434748564,-0.06934919634878861,0.007801402455791767,-0.034868825650823936,0.03571808260207903,-0.13066805965982276,-0.14402681726514688,-0.02941388520629334
2024-12-22 00:00:00+00:00,0.02495875444555037,-0.02188095438284901,-0.017246207763233396,-0.005138558700278808,-0.024644239751243007,-0.007864949170142249,-0.014823532551507158,0.03571808260207903,-0.13066805965982276,-0.044025414237792874
2024-12-23 00:00:00+00:00,0.034685557987889894,-0.0032072803231183965,0.04197885002231501,0.05176127704473492,0.03874447490948732,0.04451234354236916,0.02495875444555037,-0.014823532551507158,0.03571808260207903,-0.14402681726514688
2024-12-24 00:00:00+00:00,0.04134134015644133,0.039087452998785556,0.02043245246735483,0.03605762520086761,0.036646751863202466,0.04304076623147226,0.034685557987889894,0.02495875444555037,-0.014823532551507158,-0.13066805965982276
2024-12-25 00:00:00+00:00,-0.038099846232270404,0.007733974670366026,0.0010929619495551213,0.0017742635126199444,-0.008251093085621681,-0.028924960608409035,0.04134134015644133,0.034685557987889894,0.02495875444555037,0.03571808260207903
2024-12-26 00:00:00+00:00,-0.06403523177151726,-0.03727485759295436,-0.047417786322290045,-0.04654895793841273,-0.06675635473902918,-0.05584521601498806,-0.038099846232270404,0.04134134015644133,0.034685557987889894,-0.014823532551507158
2024-12-27 00:00:00+00:00,0.027787441379176415,-0.01570409519397809,-0.0004618688374630609,-0.02275508721852076,-0.0028178052586248195,0.0050820160196977295,-0.06403523177151726,-0.038099846232270404,0.04134134015644133,0.02495875444555037
2024-12-28 00:00:00+00:00,0.048044173832710396,0.010558907393903796,0.02092540778964204,0.05942968386533102,0.03939212646881597,0.0218787213758071,0.027787441379176415,-0.06403523177151726,-0.038099846232270404,0.034685557987889894
2024-12-29 00:00:00+00:00,-0.04748504605745085,-0.016524020398176582,-0.014058404920025682,-0.028852146610614058,-0.03143948079648528,-0.03813924224758739,0.048044173832710396,0.027787441379176415,-0.06403523177151726,0.04134134015644133
2024-12-30 00:00:00+00:00,0.03136433155407839,-0.010144822242994745,0.0015956373430380765,0.007552747536310258,-0.0012414255704571843,-0.009884759232541973,-0.04748504605745085,0.048044173832710396,0.027787441379176415,-0.038099846232270404
2024-12-31 00:00:00+00:00,0.0781240418086118,0.008412972329420844,-0.0071825277956856,-0.010875097329298127,0.0064766243282991555,0.0018903597311687712,0.03136433155407839,-0.04748504605745085,0.048044173832710396,-0.06403523177151726
2025-01-01 00:00:00+00:00,-0.029488664420697603,0.010796745473918477,0.006748147479969488,0.02591453445572557,0.02848288876415222,0.024254920373153382,0.0781240418086118,0.03136433155407839,-0.04748504605745085,0.027787441379176415
2025-01-02 00:00:00+00:00,0.055207193708686784,0.02498347626229524,0.027962297453185226,0.06972693731827936,0.041568494031941426,0.05426123591899038,-0.029488664420697603,0.0781240418086118,0.03136433155407839,0.048044173832710396
2025-01-03 00:00:00+00:00,0.05278144435540895,0.012189085912690157,0.04341713623585484,0.0454218353815003,0.11408814074762097,0.06423838880424504,0.055207193708686784,-0.029488664420697603,0.0781240418086118,-0.04748504605745085
2025-01-04 00:00:00+00:00,-0.022009785688655276,0.00047170321374159335,0.013176828339608015,-0.00607373145870815,0.03857355538371521,-0.004101728474217959,0.05278144435540895,0.055207193708686784,-0.029488664420697603,0.03136433155407839
2025-01-05 00:00:00+00:00,-0.019121041446778397,0.001455967374787927,-0.00572889881064915,-0.015160260592736171,-0.03224965181197498,-0.01699522771300013,-0.022009785688655276,0.05278144435540895,0.055207193708686784,0.0781240418086118
2025-01-06 00:00:00+00:00,0.0028915682797990743,0.03860903512357024,0.01405373621555297,0.0222885301010731,0.014335673752104908,0.005835781464101773,-0.019121041446778397,-0.022009785688655276,0.05278144435540895,-0.029488664420697603
2025-01-07 00:00:00+00:00,-0.1113671839377287,-0.05303702286757633,-0.08667195387993966,-0.07639480060071738,-0.1083388346799977,-0.09909956159000434,0.0028915682797990743,-0.019121041446778397,-0.022009785688655276,0.055207193708686784
2025-01-08 00:00:00+00:00,-0.0423023796906895,-0.019728242676769096,-0.016105049519729974,-0.02347161423557316,-0.01651493423833464,-0.022744076241149106,-0.1113671839377287,0.0028915682797990743,-0.019121041446778397,0.05278144435540895
2025-01-09 00:00:00+00:00,-0.0465200156348927,-0.026738745131460816,-0.03302527736907786,-0.06555179511219913,-0.06424642240612369,-0.012281684845870338,-0.0423023796906895,-0.1113671839377287,0.0028915682797990743,-0.022009785688655276
2025-01-10 00:00:00+00:00,0.03636764417087479,0.02321373193383758,0.014751494709359207,0.014652866626702456,0.039340523852520154,0.02441435817128734,-0.0465200156348927,-0.0423023796906895,-0.1113671839377287,-0.019121041446778397
2025-01-11 00:00:00+00:00,0.021313201601546598,-0.0013323046178590012,0.004821479079346203,0.0021821867775477454,0.021687168634988093,0.02970289186553956,0.03636764417087479,-0.0465200156348927,-0.0423023796906895,0.0028915682797990743
2025-01-12 00:00:00+00:00,-0.015096736258767004,-0.0005808240981644022,-0.004741899504320375,0.0022304841961075634,-0.01562554867730886,-0.029702891865539562,0.021313201601546598,0.03636764417087479,-0.0465200156348927,-0.1113671839377287
2025-01-13 00:00:00+00:00,-0.05144156334771536,-9.477411717486941e-05,-0.0405344640637944,-0.030375537992279225,0.006409707692152429,-0.016838564362829593,-0.015096736258767004,0.021313201601546598,0.03636764417087479,-0.0423023796906895
2025-01-14 00:00:00+00:00,0.03496859783774664,0.021191710994825055,0.027698788303026533,0.025376591185708227,0.05142491526931952,0.020080058287000706,-0.05144156334771536,-0.015096736258767004,0.021313201601546598,-0.0465200156348927
2025-01-15 00:00:00+00:00,0.08820386920087145,0.03995787586321273,0.0676864337198248,0.09304421702616351,0.0795260218448512,0.050044248357422556,0.03496859783774664,-0.05144156334771536,-0.015096736258767004,0.03636764417087479
2025-01-16 00:00:00+00:00,-0.05110011899749445,-0.005088181069371945,-0.042455821806418985,0.025325094463135276,-0.023312425284291203,-0.03217435702785608,0.08820386920087145,0.03496859783774664,-0.05144156334771536,0.021313201601546598
2025-01-17 00:00:00+00:00,0.11360458543290843,0.04009244384371839,0.04884126475735179,0.03887636900249958,0.09798926203115714,0.09398819332740205,-0.05110011899749445,0.08820386920087145,0.03496859783774664,-0.015096736258767004
2025-01-18 00:00:00+00:00,-0.09555651556120527,0.004589391046213007,-0.04894404962267318,0.1768322038241924,-0.04643171931237742,-0.06005636660289985,0.11360458543290843,-0.05110011899749445,0.08820386920087145,-0.05144156334771536
2025-01-19 00:00:00+00:00,-0.13997876804816783,-0.0313270015419219,-0.028391425023029025,-0.03713562655775609,-0.10079934808025152,-0.11329356739862219,-0.09555651556120527,0.11360458543290843,-0.05110011899749445,0.03496859783774664
2025-01-20 00:00:00+00:00,-0.01507566240544716,0.009120676170877553,0.021197509558280835,-0.041371824755450606,-0.010772096981911183,-0.0004917629801585048,-0.13997876804816783,-0.09555651556120527,0.11360458543290843,0.08820386920087145
2025-01-21 00:00:00+00:00,0.006309169193264756,0.03727627951194209,0.013171100661510199,0.03305750535311045,0.047397799370756714,0.02765153133050995,-0.01507566240544716,-0.13997876804816783,-0.09555651556120527,-0.05110011899749445
2025-01-22 00:00:00+00:00,-0.04831857727080768,-0.023228630058235156,-0.025857815117860245,0.027695835502626588,-0.02412051384975449,-0.03505714404530247,0.006309169193264756,-0.01507566240544716,-0.13997876804816783,0.11360458543290843
2025-01-23 00:00:00+00:00,0.011158632357067029,0.001962075026061362,0.029059258050247016,-0.016651706085125853,-0.030353254022040397,-0.0019841276350465926,-0.04831857727080768,0.006309169193264756,-0.01507566240544716,-0.09555651556120527
2025-01-24 00:00:00+00:00,-0.02511698460777395,0.009197843721146091,-0.008459355832431204,0.0010266941353610753,-0.0034428339195285134,-0.008476739862692375,0.011158632357067029,-0.04831857727080768,0.006309169193264756,-0.13997876804816783
2025-01-25 00:00:00+00:00,0.006671138817022601,-0.0011797688916675218,0.0026188530036542652,0.011926854865030211,0.007581279124186903,-0.0015033828940316221,-0.02511698460777395,0.011158632357067029,-0.04831857727080768,-0.01507566240544716
2025-01-26 00:00:00+00:00,-0.07022843691524977,-0.02051364123722352,-0.026304371881395026,-0.06405763630022053,-0.05068010240650966,-0.04356312679603599,0.006671138817022601,-0.02511698460777395,0.011158632357067029,0.006309169193264756
2025-01-27 00:00:00+00:00,-0.06710958383083558,-0.005248302947392055,-0.015641662305110726,-0.02360277009407171,-0.006208789832645978,-0.006305853790733396,-0.07022843691524977,0.006671138817022601,-0.02511698460777395,-0.04831857727080768
2025-01-28 00:00:00+00:00,-0.13538556777535973,-0.00734755111376838,-0.03345913505110637,-0.03390301971535649,-0.046769570181324896,-0.0547117210728692,-0.06710958383083558,-0.07022843691524977,0.006671138817022601,0.011158632357067029
2025-01-29 00:00:00+00:00,0.07889996564080244,0.023385612440133215,0.01168689674058888,0.004832837489543593,0.016585366560286547,0.01820739952872068,-0.13538556777535973,-0.06710958383083558,-0.07022843691524977,-0.02511698460777395
2025-01-30 00:00:00+00:00,0.04266049714271504,0.009495592181071395,0.04197563692127093,0.04352520990934149,0.02285133830651007,0.021098970397922318,0.07889996564080244,-0.13538556777535973,-0.06710958383083558,0.006671138817022601
2025-01-31 00:00:00+00:00,0.0694568009779911,-0.022142853251164527,0.016370826701882987,-0.027826846520804412,-0.007964550073789134,0.011708489264900002,0.04266049714271504,0.07889996564080244,-0.13538556777535973,-0.07022843691524977
2025-02-01 00:00:00+00:00,-0.12429771667757719,-0.017668774175154188,-0.05717819419778655,-0.08431249975235626,-0.06591374421952062,-0.07126302002149042,0.0694568009779911,0.04266049714271504,0.07889996564080244,-0.06710958383083558
2025-02-02 00:00:00+00:00,-0.12701671160332895,-0.029598970722466058,-0.0828437039863488,-0.045717857137654985,-0.13855456554643591,-0.1264139248556588,-0.12429771667757719,0.0694568009779911,0.04266049714271504,-0.13538556777535973
2025-02-03 00:00:00+00:00,0.02020270731751947,0.03646031368487303,0.0035550460255048323,0.06085872078934718,0.06067728249734967,0.07989390922076575,-0.12701671160332895,-0.12429771667757719,0.0694568009779911,0.07889996564080244
2025-02-04 00:00:00+00:00,-0.0804215673105742,-0.03582039951426249,-0.053018159665724804,-0.04559571572621912,-0.07809912927110975,-0.06453852113757105,0.02020270731751947,-0.12701671160332895,-0.12429771667757719,0.04266049714271504
2025-02-05 00:00:00+00:00,-0.013889112160667037,-0.011840104206887518,0.020676747235431996,-0.0522514320045525,-0.02794423996067473,0.0012690357033049863,-0.0804215673105742,0.02020270731751947,-0.12701671160332895,0.0694568009779911
2025-02-06 00:00:00+00:00,-0.08220955575862687,-0.0006013456532248081,-0.037122816649653355,-0.03412663274098373,-0.032934257313417384,-0.05943636168533391,-0.013889112160667037,-0.0804215673105742,0.02020270731751947,-0.12429771667757719
2025-02-07 00:00:00+00:00,-0.03195864268009489,-0.0004925900520273397,-0.024315818803290066,0.01284320329601559,-0.005582538769996519,0.016021704531265585,-0.08220955575862687,-0.013889112160667037,-0.0804215673105742,-0.12701671160332895
2025-02-08 00:00:00+00:00,0.0692168105764552,-0.0006432703479849328,0.003943246789126041,0.03746828607513934,0.02551250729615596,0.05539084820078404,-0.03195864268009489,-0.08220955575862687,-0.013889112160667037,0.02020270731751947
2025-02-09 00:00:00+00:00,-0.0031397200046677527,0.00018672162550374357,-0.0020077426491750087,0.005753036203181105,-0.015863858533815937,-0.01897590145900569,0.0692168105764552,-0.03195864268009489,-0.08220955575862687,-0.0804215673105742
2025-02-10 00:00:00+00:00,0.00522740343515173,0.009985664239646478,0.01286236359572681,0.0,0.02585803969456952,0.008900249470264299,-0.0031397200046677527,0.0692168105764552,-0.03195864268009489,-0.013889112160667037
2025-02-11 00:00:00+00:00,0.0,-0.017107486030289196,-0.022266288133639834,-0.012599619532699466,-0.009322151408028953,-0.006986373287979933,0.00522740343515173,-0.0031397200046677527,0.0692168105764552,-0.08220955575862687
2025-02-12 00:00:00+00:00,0.050823945470170676,0.021604863590941464,0.05081923108843668,-0.00597863664606599,0.04304359133563053,0.08018977731127479,0.0,0.00522740343515173,-0.0031397200046677527,-0.03195864268009489
2025-02-13 00:00:00+00:00,-0.0414829330770319,-0.012976962582638805,-0.023051773014207893,-0.012940364189862559,-0.006570101297408704,-0.042661921442262184,0.050823945470170676,0.0,0.00522740343515173,0.0692168105764552
2025-02-14 00:00:00+00:00,0.06208199394710429,0.009194298389878524,0.01854243009741044,0.026116716571051156,0.035005914018734416,0.026054185042601628,-0.0414829330770319,0.050823945470170676,0.0,-0.0031397200046677527
2025-02-15 00:00:00+00:00,-0.035576874567107446,0.0007092833675137415,-0.012146324170659471,-0.024933375810940028,-0.00022077492086588,-0.024214258120594627,0.06208199394710429,-0.0414829330770319,0.050823945470170676,0.00522740343515173
2025-02-16 00:00:00+00:00,-0.024441135159145463,-0.014988732643856638,-0.011814609501231234,-0.032452227271247386,-0.023042579927769275,-0.022305757514298277,-0.035576874567107446,0.06208199394710429,-0.0414829330770319,0.0
2025-02-17 00:00:00+00:00,0.0423877783499822,-0.0035239568777999416,0.030578873730619873,-0.058737494017914206,-0.02810739887280399,-0.013245226750020567,-0.024441135159145463,-0.035576874567107446,0.06208199394710429,0.050823945470170676
2025-02-18 00:00:00+00:00,-0.08880961520123154,-0.001130937870179614,-0.026611418119546062,-0.04734919306598339,-0.02676979070229959,-0.03357319836457166,0.0423877783499822,-0.024441135159145463,-0.035576874567107446,-0.0414829330770319
2025-02-19 00:00:00+00:00,0.010741241831412836,0.010114995490717066,0.01615258534033704,-0.0023059877180860036,0.013552966404703668,0.011749482424953944,-0.08880961520123154,0.0423877783499822,-0.024441135159145463,0.06208199394710429
2025-02-20 00:00:00+00:00,0.027398974188114347,0.017036938024453396,0.008266237470579285,0.040999567103514885,-0.0002355065363949154,0.00840069560747714,0.010741241831412836,-0.08880961520123154,0.0423877783499822,-0.035576874567107446
2025-02-21 00:00:00+00:00,-0.05227857007073788,-0.021832868521335577,-0.027789029131547016,-0.040940372738801224,-0.06102216490724293,-0.030047982359691385,0.027398974188114347,0.010741241831412836,-0.08880961520123154,-0.024441135159145463
2025-02-22 00:00:00+00:00,0.053317531203157006,0.0038294476827775473,0.03694335953723281,0.01835774846571574,0.028384119317434984,0.033901551675681416,-0.05227857007073788,0.027398974188114347,0.010741241831412836,0.0423877783499822
2025-02-23 00:00:00+00:00,-0.029506882509438406,-0.0030393831239023624,0.020230283460336135,-0.024294598009649043,-0.015161402780051809,-0.009014871096215427,0.053317531203157006,-0.05227857007073788,0.027398974188114347,-0.08880961520123154
2025-02-24 00:00:00+00:00,-0.16978020844281275,-0.05011535775172125,-0.11494278867850116,-0.16911863928216248,-0.1432909125412218,-0.12524939074396,-0.029506882509438406,0.053317531203157006,-0.05227857007073788,0.010741241831412836
2025-02-25 00:00:00+00:00,0.04461706548880669,-0.03187783350742482,-0.007114910175048293,0.017614210906217453,0.0054501213080964,0.03245867349527278,-0.16978020844281275,-0.029506882509438406,0.053317531203157006,0.027398974188114347
2025-02-26 00:00:00+00:00,0.009650255832161548,-0.05124925785668909,-0.06597080814131187,-0.06446000046696441,-0.038691502609640605,0.02384404687519061,0.04461706548880669,-0.16978020844281275,-0.029506882509438406,-0.05227857007073788
2025-02-27 00:00:00+00:00,-0.014510532714414577,0.005427257747781736,-0.01233841870588364,0.017289807990776423,0.016178901705970045,0.0,0.009650255832161548,0.04461706548880669,-0.16978020844281275,0.053317531203157006
2025-02-28 00:00:00+00:00,-0.03596171763800224,-0.004242797559089215,-0.0308606303070003,0.07349559908522685,-0.02461527232215563,-0.0345469674534017,-0.014510532714414577,0.009650255832161548,0.04461706548880669,-0.029506882509438406
2025-03-01 00:00:00+00:00,-0.04255961441879601,0.020123266049919198,-0.009068565261909826,-0.030978354341855335,0.023938289704423955,-0.021022883701409152,-0.03596171763800224,-0.014510532714414577,0.009650255832161548,-0.16978020844281275
2025-03-02 00:00:00+00:00,0.15132342320833012,0.09106564168828868,0.1271777915729189,0.21831498366205024,0.14634618855392162,0.10426101032440946,-0.04255961441879601,-0.03596171763800224,-0.014510532714414577,0.04461706548880669
2025-03-03 00:00:00+00:00,-0.19991597844519535,-0.08925376118948612,-0.15850134915595218,-0.22881119646230996,-0.183801904820564,-0.1599983270968271,0.15132342320833012,-0.04255961441879601,-0.03596171763800224,0.009650255832161548
2025-03-04 00:00:00+00:00,-0.033758479924954427,0.01223478265846054,0.010415507117134374,0.018331232946934468,-0.0004018283242575855,0.013846375063257416,-0.19991597844519535,0.15132342320833012,-0.04255961441879601,-0.014510532714414577
2025-03-05 00:00:00+00:00,0.012793351459909542,0.03737651951263447,0.031762657397629936,0.01023817648785012,0.02803829400620376,0.02116481119204333,-0.033758479924954427,-0.19991597844519535,0.15132342320833012,-0.03596171763800224
2025-03-06 00:00:00+00:00,-0.03594923412292968,-0.007467940338037054,-0.017728574794086408,-0.020512477211200347,-0.01565608977313223,0.001494768589229283,0.012793351459909542,-0.033758479924954427,-0.19991597844519535,-0.04255961441879601
2025-03-07 00:00:00+00:00,0.02172424319158249,-0.035425823298239754,-0.027903647473347906,-0.027734356328185276,-0.015451466246549549,-0.018086401079307653,-0.03594923412292968,0.012793351459909542,-0.033758479924954427,0.15132342320833012
2025-03-08 00:00:00+00:00,-0.04542905684674878,-0.006696198157303769,0.028530097293870307,-0.017221843876777693,-0.031222148148512405,-0.03718476429072576,0.02172424319158249,-0.03594923412292968,0.012793351459909542,-0.19991597844519535
2025-03-09 00:00:00+00:00,-0.1277652260875273,-0.06576620160006473,-0.08678284940341682,-0.07973255943843903,-0.13476508903903306,-0.08393081432133814,-0.04542905684674878,0.02172424319158249,-0.03594923412292968,-0.033758479924954427
2025-03-10 00:00:00+00:00,-0.029388458999500638,-0.026845356703792466,-0.07998579015319479,-0.06692853802403392,-0.08702760219548736,-0.012959144642505228,-0.1277652260875273,-0.04542905684674878,0.02172424319158249,0.012793351459909542
2025-03-11 00:00:00+00:00,0.10483406131558046,0.053713906024732805,0.030795379592982407,0.057717006201757945,0.06568175369096885,0.04671762456745957,-0.029388458999500638,-0.1277652260875273,-0.04542905684674878,-0.03594923412292968
2025-03-12 00:00:00+00:00,0.09487923819024349,0.008968502033038601,-0.00794966121863827,0.010080650511678226,0.04689564813814963,0.022970657239589066,0.10483406131558046,-0.029388458999500638,-0.1277652260875273,0.02172424319158249
2025-03-13 00:00:00+00:00,-0.03956560020619113,-0.03112391755655611,-0.02311919955008724,-0.026002505032607256,-0.04271090721603463,-0.025463388069191416,0.09487923819024349,0.10483406131558046,-0.029388458999500638,-0.04542905684674878
2025-03-14 00:00:00+00:00,0.05383117736501364,0.034739262047201416,0.02492555369388252,0.0792130883463494,0.03980713608339876,0.06130951984232717,-0.03956560020619113,0.09487923819024349,0.10483406131558046,-0.1277652260875273
2025-03-15 00:00:00+00:00,0.011267724846342288,0.004220972745167093,0.013261401678778083,0.017223885333433248,0.02299744907823054,0.0046838493124264375,0.05383117736501364,-0.03956560020619113,0.09487923819024349,-0.029388458999500638
2025-03-16 00:00:00+00:00,-0.08167803101426724,-0.021136472120496245,-0.02623987877176881,-0.07431182266405416,-0.04516765528987005,0.020809999513793278,0.011267724846342288,0.05383117736501364,-0.03956560020619113,0.10483406131558046
2025-03-17 00:00:00+00:00,0.11609298962288463,0.017234917011719673,0.020617989385469538,0.014795264768916476,0.03016422433705012,-0.012279509630061679,-0.08167803101426724,0.011267724846342288,0.05383117736501364,0.09487923819024349
2025-03-18 00:00:00+00:00,-0.014996872751515917,-0.015534869726955195,0.002711356431177048,-0.021158127244587332,-0.031056576935007508,-0.0313751225677538,0.11609298962288463,-0.08167803101426724,0.011267724846342288,-0.03956560020619113
2025-03-19 00:00:00+00:00,0.024424552007074794,0.04873441757894435,0.06247391784342425,0.07676598146498344,0.05764434900196058,0.02982952720597315,-0.014996872751515917,0.11609298962288463,-0.08167803101426724,0.05383117736501364
2025-03-20 00:00:00+00:00,0.025150233622774895,-0.030663070683642123,-0.03578237356016173,-0.05881586917772486,-0.04893344090869862,0.0007730962889884549,0.024424552007074794,-0.014996872751515917,0.11609298962288463,0.011267724846342288
2025-03-21 00:00:00+00:00,-0.060624621816434854,-0.0015994092488549737,-0.009135304596834008,0.0068728792877620504,-0.013184654706045669,-0.033794964593934634,0.025150233622774895,0.024424552007074794,-0.014996872751515917,-0.08167803101426724
2025-03-22 00:00:00+00:00,-0.018220546113528174,-0.00295600663481781,0.007571416958698752,0.00023347212059823054,0.0005976572016291602,0.02369779142982296,-0.060624621816434854,0.025150233622774895,0.024424552007074794,0.11609298962288463
2025-03-23 00:00:00+00:00,0.03883983331626396,0.026388880980959678,0.012692435634265985,0.03313867418949608,0.030769848123780884,0.010869672236903891,-0.018220546113528174,-0.060624621816434854,0.025150233622774895,-0.014996872751515917
2025-03-24 00:00:00+00:00,0.083490446553438,0.01631162582836565,0.03680694595155828,0.059685413340592915,0.05850937419209341,0.043813654037149874,0.03883983331626396,-0.018220546113528174,-0.060624621816434854,0.024424552007074794
2025-03-25 00:00:00+00:00,0.0025000013020844273,-0.0012040641846587025,-0.007257678306284416,0.018479359508743253,0.040795764668058856,0.022653508006826868,0.083490446553438,0.03883983331626396,-0.018220546113528174,0.025150233622774895
2025-03-26 00:00:00+00:00,0.061725579760956446,-0.005550150091920325,-0.02779108454557782,-0.04485056616535167,0.022204689004035234,0.026382991919485756,0.0025000013020844273,0.083490446553438,0.03883983331626396,-0.060624621816434854
2025-03-27 00:00:00+00:00,-0.009434032233358529,0.0037078004164337397,-0.0029203794321743964,0.007905179507113247,-0.023044407747615202,-0.013461060502565236,0.061725579760956446,0.0025000013020844273,0.083490446553438,-0.018220546113528174
2025-03-28 00:00:00+00:00,-0.0801414487252089,-0.0327151282624945,-0.05475453339943444,-0.0667611246188949,-0.055152902641910834,-0.05724233109758189,-0.009434032233358529,0.061725579760956446,0.0025000013020844273,0.03883983331626396
2025-03-29 00:00:00+00:00,-0.07598590697792199,-0.02125906318917359,-0.036954739000034896,-0.03865557825474937,-0.061023475204952944,-0.043216601499782265,-0.0801414487252089,-0.009434032233358529,0.061725579760956446,0.083490446553438
2025-03-30 00:00:00+00:00,-0.039553178386021806,-0.003133210305684936,-0.01118878943123005,0.0019246196798973169,-0.018150398592261335,-0.018305326098363356,-0.07598590697792199,-0.0801414487252089,-0.009434032233358529,0.0025000013020844273
2025-03-31 00:00:00+00:00,0.03677925150329649,0.0019403425512951966,0.00809332906461524,-0.0022457500615909124,0.0008403866272861159,-0.005638355654266492,-0.039553178386021806,-0.07598590697792199,-0.0801414487252089,0.061725579760956446
2025-04-01 00:00:00+00:00,0.06973333801467535,0.031108055610873073,0.04430073445199792,0.016958330051235104,0.042984541125333946,0.02473201446984635,0.03677925150329649,-0.039553178386021806,-0.07598590697792199,-0.009434032233358529
2025-04-02 00:00:00+00:00,-0.09078674721250761,-0.031516618721199686,-0.059343932731742675,-0.07582802885950128,-0.060111045247222605,-0.05174962178963237,0.06973333801467535,0.03677925150329649,-0.039553178386021806,-0.0801414487252089
2025-04-03 00:00:00+00:00,-0.04942866584058693,0.008408938788086611,0.012185786577508531,-0.002131378955975606,-0.009321217915192841,0.014827289762416932,-0.09078674721250761,0.06973333801467535,0.03677925150329649,-0.07598590697792199
2025-04-04 00:00:00+00:00,0.0760222554140345,0.008100200026060092,-0.00019812333242212469,0.04684970749235716,0.05379155736444796,0.005707312679290873,-0.04942866584058693,-0.09078674721250761,0.06973333801467535,-0.039553178386021806
2025-04-05 00:00:00+00:00,-0.02517615489247428,-0.004203368759459135,-0.005995248271208042,-0.020320718970891768,-0.01351927955672861,0.003246756098869873,0.0760222554140345,-0.04942866584058693,-0.09078674721250761,0.03677925150329649
2025-04-06 00:00:00+00:00,-0.10756628305601618,-0.06309499122461922,-0.13321424803042528,-0.12756518334595185,-0.12402361807955026,-0.08539194343732685,-0.02517615489247428,0.0760222554140345,-0.04942866584058693,0.06973333801467535
2025-04-07 00:00:00+00:00,0.01720136235854646,0.00930554243469642,-0.01769144361261582,0.010145695294937352,0.002074620118373073,0.007912129187949228,-0.10756628305601618,-0.02517615489247428,0.0760222554140345,-0.09078674721250761
2025-04-08 00:00:00+00:00,-0.06402185876493115,-0.036545314426559464,-0.05263485816822717,-0.014972736043253174,-0.050245293757081234,-0.06886778549016578,0.01720136235854646,-0.10756628305601618,-0.02517615489247428,-0.04942866584058693
2025-04-09 00:00:00+00:00,0.1415569527296825,0.0792271898213657,0.12495072793418767,0.12178093682560974,0.11952336769514209,0.1125578173721262,-0.06402185876493115,0.01720136235854646,-0.10756628305601618,0.0760222554140345
2025-04-10 00:00:00+00:00,-0.03801627378884214,-0.03708812786599812,-0.09234066669439746,-0.053838585316042735,-0.042952951563980574,-0.026328484686059507,0.1415569527296825,-0.06402185876493115,0.01720136235854646,-0.02517615489247428
2025-04-11 00:00:00+00:00,0.033702823535122606,0.04682832264786211,0.028877730971497012,0.07346825993905484,0.041267294851432594,0.04870820031544572,-0.03801627378884214,0.1415569527296825,-0.06402185876493115,-0.10756628305601618
2025-04-12 00:00:00+00:00,0.0695690743262875,0.02196948907660708,0.04817454521355104,0.08544520595688501,0.0463353856541522,0.027487583465563858,0.033702823535122606,-0.03801627378884214,0.1415569527296825,0.01720136235854646
2025-04-13 00:00:00+00:00,-0.02311455729957248,-0.01794804235026729,-0.028639131361487033,-0.029623837629136753,-0.03046597252947627,-0.03985887526811063,0.0695690743262875,0.033702823535122606,-0.03801627378884214,-0.06402185876493115
2025-04-14 00:00:00+00:00,0.009582551080996156,0.009879167909975919,0.016147957763760806,0.00806831374548794,-0.025286269704700406,-0.004158010148663677,-0.02311455729957248,0.0695690743262875,0.033702823535122606,0.1415569527296825
2025-04-15 00:00:00+00:00,-0.04742869357111092,-0.01126515660201265,-0.021784179981145808,-0.025908387661336827,-0.031915557276412695,-0.027885203489535663,0.009582551080996156,-0.02311455729957248,0.0695690743262875,-0.03801627378884214
2025-04-16 00:00:00+00:00,0.018401085370891374,0.0046088222541115645,-0.007353345914930207,0.04055869762928561,0.007461026598380292,0.013617231691830853,-0.04742869357111092,0.009582551080996156,-0.02311455729957248,0.033702823535122606
2025-04-17 00:00:00+00:00,0.015309971971420292,0.010859844983458261,0.0041002854241772085,0.026301486048914607,0.007534083739531138,-0.0025391465186762985,0.018401085370891374,-0.04742869357111092,0.009582551080996156,0.0695690743262875
2025-04-18 00:00:00+00:00,0.013717636228799126,-0.005586282238964962,0.003139759594925102,-0.005876462776873703,0.010910243163471589,0.04068639210632423,0.015309971971420292,0.018401085370891374,-0.04742869357111092,-0.02311455729957248
2025-04-19 00:00:00+00:00,0.02156417791584064,0.0071048834511910006,0.015410049874644342,0.04257515692210305,-0.0015241001235640596,0.00406009489929836,0.013717636228799126,0.015309971971420292,0.018401085370891374,0.009582551080996156
2025-04-20 00:00:00+00:00,0.005319161477599805,0.001200895852997235,-0.016190916172083583,-0.014474742333706771,-0.013371492532881498,0.001619433552302976,0.02156417791584064,0.013717636228799126,0.015309971971420292,-0.04742869357111092
2025-04-21 00:00:00+00:00,0.026179505581771078,0.027066519704468342,-0.004919600819362497,-0.009474598971320703,0.026252898153427226,0.0,0.005319161477599805,0.02156417791584064,0.013717636228799126,0.018401085370891374
2025-04-22 00:00:00+00:00,0.1294857523464523,0.06552725583428472,0.10603388993379359,0.08577183735342071,0.11396259832983162,0.09413267010100546,0.026179505581771078,0.005319161477599805,0.02156417791584064,0.015309971971420292
2025-04-23 00:00:00+00:00,0.0022675746677805605,0.0026514695623879032,0.021857470360468853,0.015405953439087912,5.5980071109142754e-05,-0.0007366482837722926,0.1294857523464523,0.026179505581771078,0.005319161477599805,0.013717636228799126
2025-04-24 00:00:00+00:00,-0.007959109667568492,0.0030840074520417163,-0.014262231474765616,0.00955054188398481,0.021596719556828906,0.016082217958432572,0.0022675746677805605,0.1294857523464523,0.026179505581771078,0.02156417791584064
2025-04-25 00:00:00+00:00,0.03256885276353456,0.006979277255771385,0.008412513564324264,-0.01140533838817783,-0.0052179285170256716,0.02577093228403611,-0.007959109667568492,0.0022675746677805605,0.1294857523464523,0.005319161477599805
2025-04-26 00:00:00+00:00,0.014262446920564371,-0.00011285663183106742,0.020125600231878177,-0.010732363122170581,0.001815631430520336,-0.0007069636208198944,0.03256885276353456,-0.007959109667568492,0.0022675746677805605,0.026179505581771078
2025-04-27 00:00:00+00:00,-0.04683129968409897,-0.009329217194183042,-0.016383870030276824,-0.00827758015492547,-0.014339346041893106,-0.05002855442057855,0.014262446920564371,0.03256885276353456,-0.007959109667568492,0.1294857523464523
2025-04-28 00:00:00+00:00,0.022574322038538975,0.013370370730845774,0.004783965327616204,-0.0009465216040307133,-0.0014508931116645096,0.021332180746355213,-0.04683129968409897,0.014262446920564371,0.03256885276353456,0.0022675746677805605
2025-04-29 00:00:00+00:00,-0.010095430665351028,-0.007971384433910092,-0.0011507385174512378,-0.010402949503303114,-0.024935563863081284,-0.024310589500616125,0.022574322038538975,-0.04683129968409897,0.014262446920564371,-0.007959109667568492
2025-04-30 00:00:00+00:00,0.002252253204325053,-0.0009002869702098006,-0.002338908796338469,0.008371667066085161,-0.013952373929479272,-0.01275814678472501,-0.010095430665351028,0.022574322038538975,-0.04683129968409897,0.03256885276353456
2025-05-01 00:00:00+00:00,-0.018161679674302388,0.024315545810009744,0.02450752110385425,0.02218664014891393,0.047672604537541574,0.01944713493552151,0.002252253204325053,-0.010095430665351028,0.022574322038538975,0.014262446920564371
2025-05-02 00:00:00+00:00,-0.00344234419097279,0.004108352658419524,0.0022226397688022595,-0.018735911057469704,0.004749291012236992,-0.0029673612278020007,-0.018161679674302388,0.002252253204325053,-0.010095430665351028,-0.04683129968409897
2025-05-03 00:00:00+00:00,-0.06285411678862657,-0.01069534904680462,-0.0047228930029837345,-0.0090922053960477,-0.032874302912369674,-0.03708332588822921,-0.00344234419097279,-0.018161679674302388,0.002252253204325053,0.022574322038538975
2025-05-04 00:00:00+00:00,-0.009840177801511123,-0.016607613109211234,-0.013540803974340185,-0.01899183209336793,-0.029759801716376856,-0.023402003995304788,-0.06285411678862657,-0.00344234419097279,-0.018161679674302388,-0.010095430665351028
2025-05-05 00:00:00+00:00,-0.018715455811356023,0.004825752587870044,0.006244078649583546,0.019059991449969886,0.0007622175034088508,0.0015772873932486684,-0.009840177801511123,-0.06285411678862657,-0.00344234419097279,0.002252253204325053
2025-05-06 00:00:00+00:00,0.00627748451913881,0.021928792437757434,-0.0017541018302236297,0.0010899183640256005,0.009159656817545842,0.0039323684177208895,-0.018715455811356023,-0.009840177801511123,-0.06285411678862657,-0.018161679674302388
2025-05-07 00:00:00+00:00,0.03202244056840644,0.0020269832486365163,-0.003246872434657581,0.0029911647046841332,-0.0009877691747610512,0.004698520781554114,0.00627748451913881,-0.018715455811356023,-0.009840177801511123,-0.00344234419097279
2025-05-08 00:00:00+00:00,0.2985320884758467,0.06224021212940302,0.1978709051504642,0.11006028796588499,0.141514499055788,0.11778303565638346,0.03202244056840644,0.00627748451913881,-0.018715455811356023,-0.06285411678862657
2025-05-09 00:00:00+00:00,0.10652889758196028,-0.002808564699583071,0.060491637192219526,0.049351729387988735,0.035347075845766275,0.04414978461292975,0.2985320884758467,0.03202244056840644,0.00627748451913881,-0.009840177801511123
2025-05-10 00:00:00+00:00,0.1021216464296826,0.017687693367897713,0.09673809457506417,0.029146272806440294,0.19950542396163304,0.12594454561146465,0.10652889758196028,0.2985320884758467,0.03202244056840644,-0.018715455811356023
2025-05-11 00:00:00+00:00,-0.006591016170704441,-0.0066198315306769204,-0.02693873911823869,-0.026776123996226437,-0.07805967737291877,-0.07037469445665394,0.1021216464296826,0.10652889758196028,0.2985320884758467,0.00627748451913881
2025-05-12 00:00:00+00:00,0.0007344840579916562,-0.012823957677924932,-0.007624726562569798,0.005929610649794066,-0.0034570709855054507,-0.009472757919962192,-0.006591016170704441,0.1021216464296826,0.10652889758196028,0.03202244056840644
2025-05-13 00:00:00+00:00,0.05846283274331388,0.012686796194268246,0.07123149149621383,0.05325726970220016,0.041422653878783605,0.03675281291352937,0.0007344840579916562,-0.006591016170704441,0.1021216464296826,0.2985320884758467
2025-05-14 00:00:00+00:00,-0.03811329332803407,-0.005740544445962826,-0.02645798019825446,-0.039462375004215657,-0.033789851993050096,-0.039294110342202086,0.05846283274331388,0.0007344840579916562,-0.006591016170704441,0.10652889758196028
2025-05-15 00:00:00+00:00,-0.06540220335622292,0.0024691295519930546,-0.023671097836287125,-0.04326875048444258,-0.05924283356286074,-0.05895616713311958,-0.03811329332803407,0.05846283274331388,0.0007344840579916562,0.1021216464296826
2025-05-16 00:00:00+00:00,-0.033583788724167486,-0.0028935353660749547,-0.004549922218868295,-0.01045885454891279,0.007809347293095139,-0.01701299966082747,-0.06540220335622292,-0.03811329332803407,0.05846283274331388,-0.006591016170704441
2025-05-17 00:00:00+00:00,-0.0347509715182348,-0.0032649150658740724,-0.024756860728527823,-0.008759880819235797,-0.030024289787074818,-0.027132099103131968,-0.033583788724167486,-0.06540220335622292,-0.03811329332803407,0.0007344840579916562
2025-05-18 00:00:00+00:00,0.13013335609532653,0.03175756480007516,0.009129618637998178,0.04339791948542134,0.08257408719418946,0.05621767999822875,-0.0347509715182348,-0.033583788724167486,-0.06540220335622292,0.05846283274331388
2025-05-19 00:00:00+00:00,-0.04277938428923129,-0.00830574322175089,0.012081517129454255,-0.037869059247631925,-0.03755714742323797,-0.02702867238791926,0.13013335609532653,-0.0347509715182348,-0.033583788724167486,-0.03811329332803407
2025-05-20 00:00:00+00:00,-0.008323922446945093,0.012016222070838009,-0.0015636353147152056,0.010314594353781239,0.007987617352094268,0.0006846970483173846,-0.04277938428923129,0.13013335609532653,-0.0347509715182348,-0.06540220335622292
2025-05-21 00:00:00+00:00,0.03655759573379773,0.025812774424210004,0.010561299937301044,0.028880763274702622,0.03385145833999992,0.014271394105332761,-0.008323922446945093,-0.04277938428923129,0.13013335609532653,-0.033583788724167486
2025-05-22 00:00:00+00:00,0.12710050229423217,0.018544112729196732,0.04365499400221554,0.03482699588772073,0.04813071881233133,0.047439725071560565,0.03655759573379773,-0.008323922446945093,-0.04277938428923129,-0.0347509715182348
2025-05-23 00:00:00+00:00,-0.11544705650400029,-0.03998359037453153,-0.05330156737301998,-0.03206472216264619,-0.08658945947934595,-0.0824587513711418,0.12710050229423217,0.03655759573379773,-0.008323922446945093,0.13013335609532653
2025-05-24 00:00:00+00:00,-0.0021747018356882094,0.004125071563271793,0.0015424472594757481,0.01063231692078598,-0.0003997068869418043,0.00487975872454099,-0.11544705650400029,0.12710050229423217,0.03655759573379773,-0.04277938428923129
2025-05-25 00:00:00+00:00,-0.012413448922137848,0.011462065339148519,0.008194283121783164,-0.0007394556805757028,-0.0009332711829984346,0.0069300346646696325,-0.0021747018356882094,-0.11544705650400029,0.12710050229423217,-0.008323922446945093
2025-05-26 00:00:00+00:00,0.017480415969972726,0.003942524889582682,0.004879851401569555,-0.004734074148725389,0.00465767027398094,-0.005540180375615468,-0.012413448922137848,-0.0021747018356882094,-0.11544705650400029,0.03655759573379773
2025-05-27 00:00:00+00:00,0.003603607503298618,-0.004548373170012511,0.0371790601849991,0.01023841490099243,8.850732403869682e-05,0.003466207976486329,0.017480415969972726,-0.012413448922137848,-0.0021747018356882094,0.12710050229423217
2025-05-28 00:00:00+00:00,0.006453948540743738,-0.0106718460844975,0.007783043587972976,-0.025795308503156082,-0.022464810120118205,-0.008339172718360701,0.003603607503298618,0.017480415969972726,-0.012413448922137848,-0.11544705650400029
2025-05-29 00:00:00+00:00,-0.040851778142243576,-0.02054732532520838,-0.018901407621664652,-0.03245888635686857,-0.02794849557134506,-0.030466401703434308,0.006453948540743738,0.003603607503298618,0.017480415969972726,-0.0021747018356882094
2025-05-30 00:00:00+00:00,-0.14562421482534607,-0.015310028157546413,-0.038763416887778096,-0.06511853855435412,-0.10439398993218259,-0.08479017009219818,-0.040851778142243576,0.006453948540743738,0.003603607503298618,-0.012413448922137848
2025-05-31 00:00:00+00:00,0.003439384301909473,0.00581464554481119,-0.0012965966160090577,0.0015992327093055612,-0.005491103726920767,0.0031274458641949517,-0.14562421482534607,-0.040851778142243576,0.006453948540743738,0.017480415969972726
2025-06-01 00:00:00+00:00,0.012793351459909542,0.00999890319604234,0.004400798850344821,0.007831192729573826,0.0058010210847732994,0.010869672236903891,0.003439384301909473,-0.14562421482534607,-0.040851778142243576,0.003603607503298618
2025-06-02 00:00:00+00:00,0.04555653160236701,0.002033656157331761,0.026504382446835256,-0.005405246698131419,0.007409346991534366,0.01836317858367657,0.012793351459909542,0.003439384301909473,-0.14562421482534607,0.006453948540743738
2025-06-03 00:00:00+00:00,-0.007314132565920953,-0.004555126803574655,-0.005403059231682269,-0.010512243462799997,-0.010098493774207039,-0.011437410230716358,0.04555653160236701,0.012793351459909542,0.003439384301909473,-0.040851778142243576
2025-06-04 00:00:00+00:00,-0.036548918530113134,-0.00647422512636591,0.005506604904045108,-0.01251434714127517,-0.0261799176557869,-0.017795440589864084,-0.007314132565920953,0.04555653160236701,0.012793351459909542,-0.14562421482534607
2025-06-05 00:00:00+00:00,-0.10517252806445382,-0.030924814911036578,-0.07717167198088684,-0.060310662233093885,-0.09512414565323356,-0.06531946612064252,-0.036548918530113134,-0.007314132565920953,0.04555653160236701,0.003439384301909473
2025-06-06 00:00:00+00:00,0.037809944050263423,0.027016209665029333,0.025395476560089048,0.02423780160383429,0.04420008823609283,0.03359594942851554,-0.10517252806445382,-0.036548918530113134,-0.007314132565920953,0.012793351459909542
2025-06-07 00:00:00+00:00,0.03991660740544263,0.012044621848145592,0.01940977560768664,0.014972249204584034,0.03479424331188732,0.02545881335279941,0.037809944050263423,-0.10517252806445382,-0.036548918530113134,0.04555653160236701
2025-06-08 00:00:00+00:00,0.01553094203087666,0.0017213626629398297,-0.005879495570297428,0.015801459316680925,-0.005036702678372711,-0.01903308843182879,0.03991660740544263,0.037809944050263423,-0.10517252806445382,-0.007314132565920953
2025-06-09 00:00:00+00:00,0.07977923777344811,0.0419420963494116,0.0656502790426938,0.055560986888882814,0.056573066220293955,0.04920945937845653,0.01553094203087666,0.03991660740544263,0.037809944050263423,-0.036548918530113134
2025-06-10 00:00:00+00:00,0.03648056834241375,0.00010311175786527098,0.04959417285383804,0.02427482197005151,0.018302493613730014,0.018875607597908815,0.07977923777344811,0.01553094203087666,0.03991660740544263,-0.10517252806445382
2025-06-11 00:00:00+00:00,-0.04920945937845663,-0.01488492352072924,-0.016031094874014874,-0.025454470075059903,-0.028409840384837678,-0.03269010204109743,0.03648056834241375,0.07977923777344811,0.01553094203087666,0.037809944050263423
2025-06-12 00:00:00+00:00,-0.08171210140369509,-0.027749388787279217,-0.04764617720998437,-0.05523444117508288,-0.06332989485303973,-0.05806800095014116,-0.04920945937845663,0.03648056834241375,0.07977923777344811,0.03991660740544263
2025-06-13 00:00:00+00:00,-0.025518322639241097,0.0037297023772628075,-0.024306805427401885,-0.024725438759396416,-0.0038727572608444655,-0.008223730557612496,-0.08171210140369509,-0.04920945937845663,0.03648056834241375,0.01553094203087666
2025-06-14 00:00:00+00:00,-0.0243584438320403,-0.0061655785271072,-0.018955743264715684,-0.02701023563979245,-0.012045650889604072,-0.0049668976283368,-0.025518322639241097,-0.08171210140369509,-0.04920945937845663,0.07977923777344811
2025-06-15 00:00:00+00:00,0.014506147389028886,0.0017001202861056666,0.0066360118836382735,0.05599392709130769,-0.015320988270664845,-0.0008302200559890197,-0.0243584438320403,-0.025518322639241097,-0.08171210140369509,0.03648056834241375
2025-06-16 00:00:00+00:00,-0.0479354440382236,0.011305061807508105,-0.0013511976257330142,-0.01481801290712109,-0.016138182261702435,-0.015063046311095628,0.014506147389028886,-0.0243584438320403,-0.025518322639241097,-0.04920945937845663
2025-06-17 00:00:00+00:00,-0.04440884135272315,-0.02123009135616664,-0.013541634518074394,-0.02112117135269488,-0.019645159379942167,-0.02130459785977923,-0.0479354440382236,0.014506147389028886,-0.0243584438320403,-0.08171210140369509
2025-06-18 00:00:00+00:00,0.021485201450785935,0.0032048660451346727,0.005978230100768063,-0.008369958019474115,0.0077638314931894785,0.006866979774176755,-0.04440884135272315,-0.0479354440382236,0.014506147389028886,-0.025518322639241097
2025-06-19 00:00:00+00:00,-0.005813969865419734,-0.0021779540173212956,-0.0015378154957248734,0.004771977151492939,0.0014051524560249953,-0.008591118132316675,0.021485201450785935,-0.04440884135272315,-0.0479354440382236,-0.0243584438320403
2025-06-20 00:00:00+00:00,-0.0447168387817961,-0.013085610610985732,-0.04653399289162982,-0.04827683022423675,-0.051502709442794475,-0.025339931633365526,-0.005813969865419734,0.021485201450785935,-0.04440884135272315,0.014506147389028886
2025-06-21 00:00:00+00:00,-0.05859416426605294,-0.011469227749354669,-0.04711837861639429,-0.033972926715860115,-0.04962826321277062,-0.03603993648319681,-0.0447168387817961,-0.005813969865419734,0.021485201450785935,-0.0479354440382236
2025-06-22 00:00:00+00:00,-0.045186750476621025,-0.011385960226360707,-0.0300812126348831,-0.02785236565632484,-0.020866113363515317,-0.027908788117076616,-0.05859416426605294,-0.0447168387817961,-0.005813969865419734,-0.04440884135272315
2025-06-23 00:00:00+00:00,0.1098599608190562,0.0423728593887924,0.07934564398281163,0.09274617329928392,0.07920341659629042,0.08756154008756357,-0.045186750476621025,-0.05859416426605294,-0.0447168387817961,0.021485201450785935
2025-06-24 00:00:00+00:00,0.01603240753104901,0.007086217120930923,0.015139864214513837,0.009709817015782222,0.011837331288668335,0.012027636404040695,0.1098599608190562,-0.045186750476621025,-0.05859416426605294,-0.005813969865419734
2025-06-25 00:00:00+00:00,-0.06149478160780634,0.011784963544526447,-0.012311792807958116,-0.016235805186418723,-0.006781739585725881,-0.007715426185860736,0.01603240753104901,0.1098599608190562,-0.045186750476621025,-0.0447168387817961
2025-06-26 00:00:00+00:00,-0.032226204377747925,-0.003672824455672302,-0.0010466548339375498,-0.03191722646873073,-0.028221219775193238,-0.0359215143396967,-0.06149478160780634,0.01603240753104901,0.1098599608190562,-0.05859416426605294
2025-06-27 00:00:00+00:00,0.002181025946360146,0.0009395562683027059,0.002979876686593695,0.02155516497911215,0.006416468050752611,0.010647837955846421,-0.032226204377747925,-0.06149478160780634,0.01603240753104901,-0.045186750476621025
2025-06-28 00:00:00+00:00,0.03951394986023972,0.0023252311283283957,0.005124743916839685,0.05896315117806891,0.015955000109268095,0.019231361927887592,0.002181025946360146,-0.032226204377747925,-0.06149478160780634,0.1098599608190562
2025-06-29 00:00:00+00:00,0.08526465165468813,0.00983195226177919,0.026125386978616508,0.01710342968430138,0.03489110041229222,0.027328771653774203,0.03951394986023972,0.002181025946360146,-0.032226204377747925,0.01603240753104901
2025-06-30 00:00:00+00:00,-0.06453852113757118,-0.011233628430860393,-0.005864954752458621,0.009671318040019791,-0.025463093470525482,-0.03864800439371241,0.08526465165468813,0.03951394986023972,0.002181025946360146,-0.06149478160780634
2025-07-01 00:00:00+00:00,-0.05156323635166779,-0.01377060945880646,-0.032907714920473924,-0.05258263168019379,-0.0458341307156273,-0.020345681904030445,-0.06453852113757118,0.08526465165468813,0.03951394986023972,-0.032226204377747925
2025-07-02 00:00:00+00:00,0.0828631160135052,0.029540665453745153,0.06651135770377255,0.03603933398046088,0.06686105330527645,0.053079009147785385,-0.05156323635166779,-0.06453852113757118,0.08526465165468813,0.002181025946360146
2025-07-03 00:00:00+00:00,0.005946499187726303,0.006731383365643195,0.00807496551084155,0.0005908807577621262,0.019489903686079384,0.007598179231071323,0.0828631160135052,-0.05156323635166779,-0.06453852113757118,0.03951394986023972
2025-07-04 00:00:00+00:00,-0.04755574850842476,-0.014713205707567904,-0.03263881316104407,-0.03106295207306939,-0.05453888129614154,-0.039456232895971055,0.005946499187726303,0.0828631160135052,-0.05156323635166779,0.08526465165468813
2025-07-05 00:00:00+00:00,0.0041365105517802755,0.001978700480306492,0.0033317110300457526,-0.0010160881483855112,0.008132363141588099,0.0034934533345599055,-0.04755574850842476,0.005946499187726303,0.0828631160135052,-0.06453852113757118
2025-07-06 00:00:00+00:00,0.033488669754043826,0.009252236497324772,0.021208793768126077,0.028791942396139344,0.04611579512433486,0.030058080836672926,0.0041365105517802755,-0.04755574850842476,0.005946499187726303,-0.05156323635166779
2025-07-07 00:00:00+00:00,-0.012048338516174593,-0.008653329682976453,-0.010976826745835281,-0.019818431451092487,-0.023774216115703132,-0.016205045447379114,0.033488669754043826,0.0041365105517802755,-0.04755574850842476,0.0828631160135052
2025-07-08 00:00:00+00:00,0.028872090094089278,0.0060781291164992805,0.028294445582588534,0.01856649572931009,0.017824942225494397,0.018739901050567012,-0.012048338516174593,0.033488669754043826,0.0041365105517802755,0.005946499187726303
2025-07-09 00:00:00+00:00,0.08102358072912819,0.02099497361671242,0.05703264782490422,0.03485711792135013,0.054584351210694784,0.04456182805991091,0.028872090094089278,-0.012048338516174593,0.033488669754043826,-0.04755574850842476
2025-07-10 00:00:00+00:00,0.11607217125275403,0.042040393709379065,0.06385001983809137,0.04537322651838623,0.07746149955827464,0.0738773448464265,0.08102358072912819,0.028872090094089278,-0.012048338516174593,0.0041365105517802755
2025-07-11 00:00:00+00:00,-0.004037147186971145,0.012997315848983379,0.002345373195644777,-0.008616791788178198,0.03009568214634776,-0.0030030052597695457,0.11607217125275403,0.08102358072912819,0.028872090094089278,0.033488669754043826
2025-07-12 00:00:00+00:00,-0.009756174945364685,-0.0009164595002588142,-0.005063130362084512,-0.013843617661201877,-0.01812071166344699,-0.007547205635382854,-0.004037147186971145,0.11607217125275403,0.08102358072912819,-0.012048338516174593
2025-07-13 00:00:00+00:00,0.00488998529419177,0.014094044790011754,0.009720615278929012,0.0028585652077851727,0.0057075185875184505,0.007547205635382904,-0.009756174945364685,-0.004037147186971145,0.11607217125275403,0.028872090094089278
2025-07-14 00:00:00+00:00,-0.005707312679290867,0.006316070756330813,0.013896792937287883,0.00655618380057635,-0.005353007429365442,-0.003766482795476782,0.00488998529419177,-0.009756174945364685,-0.004037147186971145,0.08102358072912819
2025-07-15 00:00:00+00:00,0.05022976911039234,-0.01753493076270058,0.04040858556728951,0.010852677106008285,0.008571192939287516,0.037041271680349076,-0.005707312679290867,0.00488998529419177,-0.009756174945364685,0.11607217125275403
2025-07-16 00:00:00+00:00,0.05152654867465566,0.0073805949622627876,0.07176265809814222,0.057182129188014845,0.06562357911900901,0.04340773950749784,0.05022976911039234,-0.005707312679290867,0.00488998529419177,-0.004037147186971145
2025-07-17 00:00:00+00:00,-0.012634876370277114,0.004601451493544703,0.030819206153466738,0.012818487392226498,0.025804290478752392,0.007630977023314475,0.05152654867465566,0.05022976911039234,-0.005707312679290867,-0.009756174945364685
2025-07-18 00:00:00+00:00,-0.02960367983790798,-0.01056700950065718,0.019947157492513926,0.007985317810646143,0.07729697541832675,0.014408482542977032,-0.012634876370277114,0.05152654867465566,0.05022976911039234,0.00488998529419177
2025-07-19 00:00:00+00:00,0.033336420267591926,-0.0007197002204572691,0.01263231313452492,-0.0018066852249489244,0.023595587900792216,0.01487518976504388,-0.02960367983790798,-0.012634876370277114,0.05152654867465566,-0.005707312679290867
2025-07-20 00:00:00+00:00,0.043738750062908324,-0.004890417918115617,0.04482631614396699,0.02494618604810182,0.12563570512664768,0.04012376423703404,0.033336420267591926,-0.02960367983790798,-0.012634876370277114,0.05022976911039234
2025-07-21 00:00:00+00:00,0.004980444304144972,0.0009822478512299445,0.0015001957855612833,0.07581516203885108,-0.008547844477485916,-0.0025823126034726844,0.043738750062908324,0.033336420267591926,-0.02960367983790798,0.05152654867465566
2025-07-22 00:00:00+00:00,0.00495576235498485,0.021692235206271098,-0.004293784082249591,0.04973373023798862,-0.001806951722407527,-0.000646621425698737,0.004980444304144972,0.043738750062908324,0.033336420267591926,-0.012634876370277114
2025-07-23 00:00:00+00:00,-0.10645967569625858,-0.01004095354590667,-0.03198319934152158,-0.0825576159069335,-0.11776919453857458,-0.10924904939751878,0.00495576235498485,0.004980444304144972,0.043738750062908324,-0.02960367983790798
2025-07-24 00:00:00+00:00,-0.027071716928264055,-0.0035006808084234644,0.021445275536585953,-0.03508566286543633,-0.036578357482352795,-0.018202177098382392,-0.10645967569625858,0.00495576235498485,0.004980444304144972,0.033336420267591926
2025-07-25 00:00:00+00:00,0.012830969936741727,-0.006159491204291899,0.004849375076047342,0.02104885221619465,0.01940731829116361,0.034660509247214207,-0.027071716928264055,-0.10645967569625858,0.00495576235498485,0.043738750062908324
2025-07-26 00:00:00+00:00,-0.0120241929668017,0.002595631902628258,0.00432357231054932,-0.01011740413661094,-0.005506621844194552,-0.008553152641718444,0.012830969936741727,-0.027071716928264055,-0.10645967569625858,0.004980444304144972
2025-07-27 00:00:00+00:00,0.03096714297976018,0.012603083346820849,0.03441730969773146,0.020133470822935467,0.02217926006149151,0.013508914996703189,-0.0120241929668017,0.012830969936741727,-0.027071716928264055,0.00495576235498485
2025-07-28 00:00:00+00:00,-0.0721252154732676,-0.011396806340220294,-0.019059121321626165,-0.029753371635438258,-0.062394393494498254,-0.05815592015707395,0.03096714297976018,-0.0120241929668017,0.012830969936741727,-0.10645967569625858
2025-07-29 00:00:00+00:00,-0.032453744849738515,-0.0009453714032179849,-0.0013723547780699651,-0.008941610357859443,-0.009909650716653963,-0.017365479793794887,-0.0721252154732676,0.03096714297976018,-0.0120241929668017,-0.027071716928264055
2025-07-30 00:00:00+00:00,-0.015748356968139168,-0.0009369312651676298,0.004263669711191031,-0.02065487486116896,-0.017706754433380337,-0.020777969505231475,-0.032453744849738515,-0.0721252154732676,0.03096714297976018,0.012830969936741727
2025-07-31 00:00:00+00:00,-0.050643732818754915,-0.01777599093867902,-0.029731599322331093,-0.03171785066657496,-0.04771342236755866,-0.03320463149844002,-0.015748356968139168,-0.032453744849738515,-0.0721252154732676,-0.0120241929668017
2025-08-01 00:00:00+00:00,-0.03684876036971509,-0.02153342924967691,-0.05851174596384749,-0.05680325411679142,-0.04271302521797313,-0.03102289601199403,-0.050643732818754915,-0.015748356968139168,-0.032453744849738515,0.03096714297976018
2025-08-02 00:00:00+00:00,-0.025342486850544146,-0.006655760991846373,-0.027394355452404134,-0.026341072760932224,-0.05098693266622942,-0.02010117932108715,-0.03684876036971509,-0.050643732818754915,-0.015748356968139168,-0.0721252154732676
2025-08-03 00:00:00+00:00,0.031100660150228002,0.014663215250676506,0.02983961747477572,0.02178273050800981,0.039929356212063345,0.031642939761258794,-0.025342486850544146,-0.03684876036971509,-0.050643732818754915,-0.032453744849738515
2025-08-04 00:00:00+00:00,0.029233576322818474,0.007382183600908784,0.0621586560364612,0.045736735673342487,0.05686488448280895,0.02589141393274171,0.031100660150228002,-0.025342486850544146,-0.03684876036971509,-0.015748356968139168
2025-08-05 00:00:00+00:00,-0.0534478344434129,-0.008074576568790104,-0.02972812635652487,-0.03273281078458872,-0.051596036204887626,-0.035776173165283705,0.029233576322818474,0.031100660150228002,-0.025342486850544146,-0.050643732818754915
2025-08-06 00:00:00+00:00,0.03468555798789011,0.00752894963418136,0.019550168879219083,0.02408449245824383,0.02681311106172284,0.02129482597057292,-0.0534478344434129,0.029233576322818474,0.031100660150228002,-0.03684876036971509
2025-08-07 00:00:00+00:00,0.05077232537342314,0.021335183728332856,0.05980485030798321,0.04234145351434783,0.0797578223379564,0.04205300313079347,0.03468555798789011,-0.0534478344434129,0.029233576322818474,-0.025342486850544146
2025-08-08 00:00:00+00:00,0.061101026557732266,-0.00681002901994848,0.025049890523005283,0.008065017873151129,0.03583567669031019,0.02985296314968113,0.05077232537342314,0.03468555798789011,-0.0534478344434129,0.031100660150228002
2025-08-09 00:00:00+00:00,0.0487498424017201,-0.0018228772606176664,0.06074814433253135,0.017773012892237684,0.04065704320222395,0.03410263754002281,0.061101026557732266,0.05077232537342314,0.03468555798789011,0.029233576322818474
2025-08-10 00:00:00+00:00,-0.026973437501551047,0.024023932127064194,-0.0023615980070610175,0.014947466738493122,-0.025750684132359338,-0.010993148450961429,0.0487498424017201,0.061101026557732266,0.05077232537342314,-0.0534478344434129
2025-08-11 00:00:00+00:00,-0.07213426635908834,-0.005109768025592827,-0.006455221328954463,-0.043755231268419105,-0.05168723668572705,-0.04831128106301169,-0.026973437501551047,0.0487498424017201,0.061101026557732266,0.03468555798789011
2025-08-12 00:00:00+00:00,0.0779170168810006,0.01212710210107966,0.08339543715453994,0.0924776117304214,0.06007615466235911,0.04609807470036293,-0.07213426635908834,-0.026973437501551047,0.0487498424017201,0.05077232537342314
2025-08-13 00:00:00+00:00,0.009020151359383744,0.02606410567702287,0.03400393134970226,0.04949012622134757,0.03745444449883909,0.02767838742214462,0.0779170168810006,-0.07213426635908834,-0.026973437501551047,0.061101026557732266
2025-08-14 00:00:00+00:00,-0.10309550902697424,-0.04149029256629387,-0.04356475257801217,-0.04589871051985037,-0.08968108925748539,-0.077650934230066,0.009020151359383744,0.0779170168810006,-0.07213426635908834,0.0487498424017201
2025-08-15 00:00:00+00:00,-0.021958796312644833,-0.008089091530436165,-0.023897486238018403,-0.03570013427531156,0.022268305499687686,-0.0007766990681722488,-0.10309550902697424,0.009020151359383744,0.0779170168810006,-0.026973437501551047
2025-08-16 00:00:00+00:00,0.025572169711158887,0.00032898393468814104,-0.003945178937148229,0.020676426669200387,0.009956387544665792,0.009280809074472783,-0.021958796312644833,-0.10309550902697424,0.009020151359383744,-0.07213426635908834
2025-08-17 00:00:00+00:00,0.002701487460160518,0.00020742322210116917,0.011319704604323999,0.007304480834141732,0.014644568264052098,0.002306806097915092,0.025572169711158887,-0.021958796312644833,-0.10309550902697424,0.0779170168810006
2025-08-18 00:00:00+00:00,-0.040372455290387625,-0.010083975477294543,-0.03627812652559123,-0.04306284042684481,-0.052245136633206825,-0.024884643315877638,0.002701487460160518,0.025572169711158887,-0.021958796312644833,0.009020151359383744
2025-08-19 00:00:00+00:00,-0.04500520135547453,-0.02928284432910472,-0.05661587760273519,-0.03742501578963468,-0.06107672741466005,-0.04922332883784433,-0.040372455290387625,0.002701487460160518,0.025572169711158887,-0.10309550902697424
2025-08-20 00:00:00+00:00,0.04313078656112412,0.012312159298069381,0.06197364233702371,0.06438954851633527,0.05689045495544192,0.03972958664559321,-0.04500520135547453,-0.040372455290387625,0.002701487460160518,-0.021958796312644833
2025-08-21 00:00:00+00:00,-0.023731536110820847,-0.01562169894735077,-0.025898899620050653,-0.04155609740081013,-0.03189858462682092,-0.016025984015844458,0.04313078656112412,-0.04500520135547453,-0.040372455290387625,0.025572169711158887
2025-08-22 00:00:00+00:00,0.10651258951797164,0.03867346942564925,0.13418468307705242,0.10719476339648297,0.11350497090342974,0.07767878744363242,-0.023731536110820847,0.04313078656112412,-0.04500520135547453,0.002701487460160518
2025-08-23 00:00:00+00:00,-0.02891134349441992,-0.012892668639070098,-0.011169184846589514,0.01704460402476061,-0.017741893499127977,-0.009009069942365968,0.10651258951797164,-0.023731536110820847,0.04313078656112412,-0.040372455290387625
2025-08-24 00:00:00+00:00,-0.038048067637530006,-0.016987662875338143,0.00036616432817805254,0.008973043722303356,-0.019183293922743642,-0.022884293833587845,-0.02891134349441992,0.10651258951797164,-0.023731536110820847,-0.04500520135547453
2025-08-25 00:00:00+00:00,-0.10402766058789806,-0.03024851157390859,-0.08829572903520404,-0.09560151265416404,-0.10052173484382727,-0.07363325104345364,-0.038048067637530006,-0.02891134349441992,0.10651258951797164,0.04313078656112412
2025-08-26 00:00:00+00:00,0.0332524339405166,0.014884678291290745,0.050017052910167316,0.045222554249156804,0.04084298165990904,0.04148622569711783,-0.10402766058789806,-0.038048067637530006,-0.02891134349441992,-0.023731536110820847
2025-08-27 00:00:00+00:00,-0.005964232391673328,-0.004494655997296272,-0.02062585335400408,0.0355595249922581,0.0024239109990365736,-0.00399202126953745,0.0332524339405166,-0.10402766058789806,-0.038048067637530006,0.10651258951797164
2025-08-28 00:00:00+00:00,0.01778703020273008,0.011659841291183425,0.0009980129283716935,0.05502370149623274,0.02459010859596858,0.014297304700824394,-0.005964232391673328,0.0332524339405166,-0.10402766058789806,-0.02891134349441992
2025-08-29 00:00:00+00:00,-0.04405116612188296,-0.037928131382763526,-0.03405206930103277,-0.04458319786563948,-0.04774110905797216,-0.038589997269868975,0.01778703020273008,-0.005964232391673328,0.0332524339405166,-0.038048067637530006
2025-08-30 00:00:00+00:00,0.007139245009470813,0.004041834886721533,0.0030959918843136355,-0.011673093457545547,0.009491533592996454,0.01141006673803096,-0.04405116612188296,0.01778703020273008,-0.005964232391673328,-0.10402766058789806
2025-08-31 00:00:00+00:00,-0.019497795713267478,-0.005251767001620112,0.004136663921829146,-0.010314482002615208,-0.01042694360461026,-0.013050756195490827,0.007139245009470813,-0.04405116612188296,0.01778703020273008,0.0332524339405166
2025-09-01 00:00:00+00:00,-0.01882900815290766,0.009114030534832748,-0.017764553752352776,-0.016585795089801625,-0.014042262592978404,-0.0057637047167501294,-0.019497795713267478,0.007139245009470813,-0.04405116612188296,-0.005964232391673328
2025-09-02 00:00:00+00:00,0.03323254934443204,0.018166440657325495,0.0027774580984313694,0.06061269725123424,0.01954857608534797,0.026885529746032494,-0.01882900815290766,-0.019497795713267478,0.007139245009470813,0.01778703020273008
2025-09-03 00:00:00+00:00,0.009151055217357614,0.004177704576073605,0.02824856055761766,0.005328017932184218,0.02486398451382781,0.0032102756302484106,0.03323254934443204,-0.01882900815290766,-0.019497795713267478,-0.04405116612188296
2025-09-04 00:00:00+00:00,-0.045556531602367216,-0.008765161209067217,-0.034962368743768533,-0.04091688918724616,-0.03647188456950384,-0.029270382300113338,0.009151055217357614,0.03323254934443204,-0.01882900815290766,0.007139245009470813
2025-09-05 00:00:00+00:00,0.03231130485234657,-0.0006403155254173387,0.0023009888130162623,0.005127205079434232,0.02542608327668021,0.02283949196982295,-0.045556531602367216,0.009151055217357614,0.03323254934443204,-0.019497795713267478
2025-09-06 00:00:00+00:00,-0.012384059199721666,-0.00427462149747006,-0.00799716170022149,-0.015860760722543034,-0.00889755310876356,-0.010539213888171124,0.03231130485234657,-0.045556531602367216,0.009151055217357614,-0.01882900815290766
2025-09-07 00:00:00+00:00,0.025629285949742443,0.008579008182539868,0.007704602454888019,0.03045670947998986,0.05767023262098188,0.01697010421846156,-0.012384059199721666,0.03231130485234657,-0.045556531602367216,0.03323254934443204
2025-09-08 00:00:00+00:00,0.04163138347581365,0.008314378685943164,4.1799418529761376e-05,0.03691614545249486,0.05473188324284859,0.030771658666753687,0.025629285949742443,-0.012384059199721666,0.03231130485234657,0.009151055217357614
2025-09-09 00:00:00+00:00,0.001939864817826676,-0.004640554288638579,0.0008634637034529795,0.014374725864516444,-0.004188531223597594,0.00155279534306082,0.04163138347581365,0.025629285949742443,-0.012384059199721666,-0.045556531602367216
2025-09-10 00:00:00+00:00,0.020144566092467495,0.02140695144426305,0.009060725473809083,0.03109387552148277,0.019466035759053115,0.012336316817606321,0.001939864817826676,0.04163138347581365,0.025629285949742443,0.03231130485234657
2025-09-11 00:00:00+00:00,0.015080398891069623,0.013273138970620393,0.024864645993088238,0.02058376560218324,0.04256810530764764,0.015209418663528708,0.020144566092467495,0.001939864817826676,0.04163138347581365,-0.012384059199721666
2025-09-12 00:00:00+00:00,0.0756436092440139,0.004723131039401508,0.05526224459511558,0.05713898268695212,0.07329300347932552,0.0486104535031204,0.015080398891069623,0.020144566092467495,0.001939864817826676,0.025629285949742443
2025-09-13 00:00:00+00:00,0.03242604908624102,-0.0009582332889029288,-0.009730646826155577,0.0008254912141210655,0.049153074715966305,0.026951986006424483,0.0756436092440139,0.015080398891069623,0.020144566092467495,0.04163138347581365
2025-09-14 00:00:00+00:00,-0.03155912228725524,-0.005625607702316823,-0.013383840415569823,-0.010868319531933538,-0.040263484862809014,-0.04362507974737168,0.03242604908624102,0.0756436092440139,0.015080398891069623,0.001939864817826676
2025-09-15 00:00:00+00:00,-0.06812669559910241,0.0007085318805328954,-0.017692829050488672,-0.022993398081066378,-0.035334189998349565,-0.046380788346119355,-0.03155912228725524,0.03242604908624102,0.0756436092440139,0.020144566092467495
2025-09-16 00:00:00+00:00,0.026546181239694492,0.01240007484979025,-0.004975062976067039,0.011246325592147385,0.006093728216519015,0.0076278020488860674,-0.06812669559910241,-0.03155912228725524,0.03242604908624102,0.015080398891069623
2025-09-17 00:00:00+00:00,0.030251417153438636,-0.00292724484014056,0.019631463454173458,0.03271358546338041,0.04565416075129897,0.025507759547212665,0.026546181239694492,-0.06812669559910241,-0.03155912228725524,0.0756436092440139
2025-09-18 00:00:00+00:00,0.0034995661262645535,0.005360898398273296,-0.0006253956593931097,0.010805646025875845,-0.014221543131393462,-0.008181525741302492,0.030251417153438636,0.026546181239694492,-0.06812669559910241,0.03242604908624102
2025-09-19 00:00:00+00:00,-0.06215417526661026,-0.01238617811420754,-0.026297167533291962,-0.036915493427243144,-0.04892119906708466,-0.03960913809504583,0.0034995661262645535,0.030251417153438636,0.026546181239694492,-0.03155912228725524
2025-09-20 00:00:00+00:00,-0.0037243990909824397,0.0004604051447670285,0.0026438694092462277,0.003974817475649441,0.008707783130937213,0.00465117117573088,-0.06215417526661026,0.0034995661262645535,0.030251417153438636,-0.06812669559910241
2025-09-21 00:00:00+00:00,-0.029344273015778487,-0.003926421842189095,-0.007943672245900365,-0.01396036464504357,-0.02593221611342147,-0.014803542639748856,-0.0037243990909824397,-0.06215417526661026,0.0034995661262645535,0.026546181239694492
2025-09-22 00:00:00+00:00,-0.07477323440245082,-0.02265554900340918,-0.056907666110895525,-0.06915621235247668,-0.07781436207953601,-0.049064927188058445,-0.029344273015778487,-0.0037243990909824397,-0.06215417526661026,0.030251417153438636
2025-09-23 00:00:00+00:00,-0.009360442759563808,-0.005806298169945148,-0.008326864910836613,-0.03265370358232604,-0.017269564270103163,-0.0024762703532635122,-0.07477323440245082,-0.029344273015778487,-0.0037243990909824397,0.0034995661262645535
2025-09-24 00:00:00+00:00,0.007287903157591352,0.011612792050812145,-0.0027533752231514953,-0.008001925493160669,0.016647531862893753,0.0033003330286569214,-0.009360442759563808,-0.07477323440245082,-0.029344273015778487,-0.06215417526661026
2025-09-25 00:00:00+00:00,-0.06094884449540902,-0.03880361851008345,-0.06940472566749337,-0.09335556956100288,-0.07827438504655164,-0.042058343328060514,0.007287903157591352,-0.009360442759563808,-0.07477323440245082,-0.0037243990909824397
2025-09-26 00:00:00+00:00,0.03254083212328557,0.0059364982695478945,0.03994156493275973,0.06249677335497299,0.04181916450556929,0.022930941063916892,-0.06094884449540902,0.007287903157591352,-0.009360442759563808,-0.029344273015778487
2025-09-27 00:00:00+00:00,-0.015054047735570024,-6.94091932618392e-05,-0.0034432164711230614,-0.008369478412512002,-0.007210583690417096,-0.00927885189558958,0.03254083212328557,-0.06094884449540902,0.007287903157591352,-0.07477323440245082
2025-09-28 00:00:00+00:00,0.02143704813060526,0.022797220643522374,0.03033855457312372,0.035582696166299735,0.028114301480839255,0.01847239763544248,-0.015054047735570024,0.03254083212328557,-0.06094884449540902,-0.009360442759563808
2025-09-29 00:00:00+00:00,-0.0042508034251946,0.01896956203457031,0.017448807761483453,0.009065645921581393,-0.010886939546951028,-0.004168409537179737,0.02143704813060526,-0.015054047735570024,0.03254083212328557,0.007287903157591352
2025-09-30 00:00:00+00:00,-0.0085562019311958,-0.0023036354107678868,-0.016727222559593583,-0.019315789299291522,-0.00791092620711303,-0.012610507591929696,-0.0042508034251946,0.02143704813060526,-0.015054047735570024,-0.06094884449540902
2025-10-01 00:00:00+00:00,0.04822737476571562,0.03908667600199795,0.04778389284816072,0.06205556766776859,0.0669558520497394,0.04709668366309881,-0.0085562019311958,-0.0042508034251946,0.02143704813060526,0.03254083212328557
2025-10-02 00:00:00+00:00,0.04405116612188294,0.01617904889913795,0.030870688512346534,0.05562097285001741,0.05065067246809444,0.019185240721348643,0.04822737476571562,-0.0085562019311958,-0.0042508034251946,-0.015054047735570024
2025-10-03 00:00:00+00:00,-0.009842599144194247,0.014027586512955888,0.0063397572859535895,-0.008126996268443156,-0.014648755765492613,0.0023724803536303955,0.04405116612188294,0.04822737476571562,-0.0085562019311958,0.02143704813060526
2025-10-04 00:00:00+00:00,-0.03523263260737894,0.001299959712627995,-0.005715558413766914,-0.021620117133564987,-0.02888046232078418,-0.023173230311633593,-0.009842599144194247,0.04405116612188294,0.04822737476571562,-0.0042508034251946
2025-10-05 00:00:00+00:00,0.004089985251525066,0.008877068978927581,0.006036810101716383,0.0030673526525478645,0.007941591929277816,0.006446436506320049,-0.03523263260737894,-0.009842599144194247,0.04405116612188294,-0.0085562019311958
2025-10-06 00:00:00+00:00,0.040005334613699206,0.009480412513902298,0.03690001421518396,0.016446097608469757,0.0508522067730817,0.03162318843051236,0.004089985251525066,-0.03523263260737894,-0.009842599144194247,0.04822737476571562
2025-10-07 00:00:00+00:00,-0.07531533722643868,-0.027039899832890336,-0.051767472030075326,-0.05475368211335538,-0.07494975835214218,-0.05272786784804869,0.040005334613699206,0.004089985251525066,-0.03523263260737894,0.04405116612188294
2025-10-08 00:00:00+00:00,0.010515343999523127,0.01613065116385741,0.017389571885848193,0.04031816256756141,0.03511087875704338,0.011419373683072732,-0.07531533722643868,0.040005334613699206,0.004089985251525066,-0.009842599144194247
2025-10-09 00:00:00+00:00,-0.032964175538976195,-0.013419074980521103,-0.03545083789043667,-0.03596342672225656,-0.028367601503798513,-0.0262956810843608,0.010515343999523127,-0.07531533722643868,0.040005334613699206,-0.03523263260737894
2025-10-10 00:00:00+00:00,-0.3210246005407434,-0.07585974612842505,-0.13153414915544512,-0.15911932412853777,-0.25017677173044506,-0.20949851843744852,-0.032964175538976195,0.010515343999523127,-0.07531533722643868,0.004089985251525066
2025-10-11 00:00:00+00:00,0.0014892035514678331,-0.019068794493195606,-0.021892220065384466,-0.05908014830404103,-0.04341161098591606,0.02133143351605774,-0.3210246005407434,-0.032964175538976195,0.010515343999523127,0.040005334613699206
2025-10-12 00:00:00+00:00,0.10848064299406987,0.0382523481182313,0.10276051587678621,0.1035572919076304,0.11172549169587606,0.07173617386645242,0.0014892035514678331,-0.3210246005407434,-0.032964175538976195,-0.07531533722643868
2025-10-13 00:00:00+00:00,0.045670036833188266,0.001800762507920933,0.02110373156831671,0.05764616852875056,0.031501286333147346,0.03853687861458493,0.10848064299406987,0.0014892035514678331,-0.3210246005407434,0.010515343999523127
2025-10-14 00:00:00+00:00,-0.041672696400567956,-0.01873775155179968,-0.02769285259047492,-0.030406350920861976,-0.04510892207050017,-0.03387051457082004,0.045670036833188266,0.10848064299406987,0.0014892035514678331,-0.032964175538976195
2025-10-15 00:00:00+00:00,-0.046266754901615664,-0.020241502815851853,-0.0343804937045906,-0.04341046983760691,-0.04074656228843445,-0.03989132902730209,-0.041672696400567956,0.045670036833188266,0.10848064299406987,-0.3210246005407434
2025-10-16 00:00:00+00:00,-0.042680731114880445,-0.023466811492917763,-0.023122505456865863,-0.04748839112562941,-0.04008750734394475,-0.030499166726287285,-0.046266754901615664,-0.041672696400567956,0.045670036833188266,0.0014892035514678331
2025-10-17 00:00:00+00:00,-0.03400179727748958,-0.016425222998888867,-0.016293228229644297,-0.015757802680837523,-0.02036511968287121,-0.02631730831737353,-0.042680731114880445,-0.046266754901615664,-0.041672696400567956,0.10848064299406987
2025-10-18 00:00:00+00:00,0.014925650216675574,0.007053129818340636,0.014931411304294739,0.030311911519582103,0.026289182284618833,0.0162770633321408,-0.03400179727748958,-0.042680731114880445,-0.046266754901615664,0.045670036833188266
2025-10-19 00:00:00+00:00,0.03493805136128044,0.013508845814879343,0.02372379831186929,0.001598210344983933,0.0297707520112665,0.016016358388574334,0.014925650216675574,-0.03400179727748958,-0.042680731114880445,-0.041672696400567956
2025-10-20 00:00:00+00:00,0.022631800460197343,0.017240633452995615,-0.0008440302945235186,0.009799585798084586,0.023524545046957196,0.011846140504162656,0.03493805136128044,0.014925650216675574,-0.03400179727748958,-0.046266754901615664
2025-10-21 00:00:00+00:00,-0.03269658707633818,-0.02042224657419341,-0.027043509852020572,-0.021741145143322243,-0.029068422497347427,-0.013834212729548746,0.022631800460197343,0.03493805136128044,0.014925650216675574,-0.042680731114880445
2025-10-22 00:00:00+00:00,-0.030816818645987773,-0.006765639759505252,-0.017587038317258403,-0.030132149787760906,-0.022593360826544544,-0.019086465890540645,-0.03269658707633818,0.022631800460197343,0.03493805136128044,-0.03400179727748958
2025-10-23 00:00:00+00:00,0.03514270859311032,0.02307284091421478,0.013382552088275646,0.060480916438340304,0.025984936533908903,0.024049255232669663,-0.030816818645987773,-0.03269658707633818,0.022631800460197343,0.014925650216675574
2025-10-24 00:00:00+00:00,0.03255772348343202,0.008383413777914583,0.02004256174236033,0.011638308744146772,0.01436308688970961,0.01376619576414797,0.03514270859311032,-0.030816818645987773,-0.03269658707633818,0.03493805136128044
2025-10-25 00:00:00+00:00,-0.004187026354216464,0.005761315360732372,0.004801814340076848,0.0012905558924121592,-0.006239399347315852,-0.003913899321136329,0.03255772348343202,0.03514270859311032,-0.030816818645987773,0.022631800460197343
2025-10-26 00:00:00+00:00,0.02349797126730392,0.025757896011683146,0.05046261323567923,0.03143427879089124,0.04599483287889225,0.03468555798789011,-0.004187026354216464,0.03255772348343202,0.03514270859311032,-0.03269658707633818
2025-10-27 00:00:00+00:00,-0.026299093547015595,-0.003951164697453273,-0.009255242961713369,-0.006671205741390492,-0.026543476348222756,-0.016229473166979404,0.02349797126730392,-0.004187026354216464,0.03255772348343202,-0.030816818645987773
2025-10-28 00:00:00+00:00,-0.019830678180485735,-0.010653558973310539,-0.034808776398675446,-0.023165093380094755,-0.0343180885391916,-0.02633014125181667,-0.026299093547015595,0.02349797126730392,-0.004187026354216464,0.03514270859311032
2025-10-29 00:00:00+00:00,0.005706149576854689,-0.025814849578232026,-0.019337868003501114,-0.0013916452005011052,-0.006476874373835311,0.003944778291016325,-0.019830678180485735,-0.026299093547015595,0.02349797126730392,0.03255772348343202
2025-10-30 00:00:00+00:00,-0.08765816570631124,-0.015557495821203146,-0.025403281941540668,-0.048560667089355226,-0.051684612601291834,-0.04324454595242206,0.005706149576854689,-0.019830678180485735,-0.026299093547015595,-0.004187026354216464
2025-10-31 00:00:00+00:00,0.0199852923802568,0.011794059086766558,0.011211289925523064,0.013552237532357073,0.020373483187741997,0.030366705775930623,-0.08765816570631124,0.005706149576854689,-0.019830678180485735,0.02349797126730392
2025-11-01 00:00:00+00:00,0.018100041643617937,0.004461330755654716,0.006677259014800738,-0.0046043554949096845,0.00492242834486702,0.01680711831638119,0.0199852923802568,-0.08765816570631124,0.005706149576854689,-0.026299093547015595
2025-11-02 00:00:00+00:00,0.001493652256783372,0.004011811464844439,0.00843411787205513,0.007271592753114535,-0.005244299491897806,-0.0029455102297569146,0.018100041643617937,0.0199852923802568,-0.08765816570631124,-0.019830678180485735
2025-11-03 00:00:00+00:00,-0.15813872100521378,-0.03645919836858115,-0.08066514211210017,-0.12254904984449724,-0.10734170692981597,-0.10132627369287285,0.001493652256783372,0.018100041643617937,0.0199852923802568,0.005706149576854689
2025-11-04 00:00:00+00:00,-0.02120220765060305,-0.048892990692747336,-0.09200666281684843,-0.06873052225561371,-0.0314308120053858,-0.03769847734775757,-0.15813872100521378,0.001493652256783372,0.018100041643617937,-0.08765816570631124
2025-11-05 00:00:00+00:00,0.02817087696669644,0.02325464931597804,0.04090364494926036,0.046259035020752355,0.030115808827247036,0.034428719666200716,-0.02120220765060305,-0.15813872100521378,0.001493652256783372,0.0199852923802568
2025-11-06 00:00:00+00:00,-0.03894297394860741,-0.02474525864647728,-0.0323942959310574,-0.0446477427382682,-0.033759250039281784,-0.015401844611506703,0.02817087696669644,-0.02120220765060305,-0.15813872100521378,0.018100041643617937
2025-11-07 00:00:00+00:00,0.11255479129185336,0.0194748205542768,0.03582270079696168,0.04106925915649053,0.10072842321672433,0.10513876158218644,-0.03894297394860741,0.02817087696669644,-0.02120220765060305,0.001493652256783372
2025-11-08 00:00:00+00:00,-0.017901210329240178,-0.009979464496075391,-0.010103105142434262,-0.02357759072265795,-0.015332017825935709,-0.00500251168297191,0.11255479129185336,-0.03894297394860741,0.02817087696669644,-0.15813872100521378
2025-11-09 00:00:00+00:00,-0.004938281640582677,0.02328223138207566,0.05210936343989393,0.04037131710397147,0.01829233501002558,0.002004008686715262,-0.017901210329240178,0.11255479129185336,-0.03894297394860741,-0.02120220765060305
2025-11-10 00:00:00+00:00,0.024451095864164336,0.012225701545984949,-0.00436564064271813,0.016755454671013432,0.013791794118883326,0.014903405502574948,-0.004938281640582677,-0.017901210329240178,0.11255479129185336,0.02817087696669644
2025-11-11 00:00:00+00:00,-0.06314389558298632,-0.028242545864333283,-0.042977807748070314,-0.07881321258223291,-0.05500892153676836,-0.05160477235300295,0.024451095864164336,-0.004938281640582677,-0.017901210329240178,-0.03894297394860741
2025-11-12 00:00:00+00:00,-0.019048194970694474,-0.013723012931130311,-0.0008312990403620452,-0.007855907956188964,-0.010986552771790786,-0.013591427203538889,-0.06314389558298632,0.024451095864164336,-0.004938281640582677,0.11255479129185336
2025-11-13 00:00:00+00:00,-0.05387298994015175,-0.019492896160439244,-0.055195262890100356,-0.05830932088163698,-0.0379663585702682,-0.020202707317519466,-0.019048194970694474,-0.06314389558298632,0.024451095864164336,-0.017901210329240178
2025-11-14 00:00:00+00:00,-0.10086061033497395,-0.052491584544810524,-0.037564671036127026,-0.04097170977363998,-0.03851295586007314,-0.03497624280544686,-0.05387298994015175,-0.019048194970694474,-0.06314389558298632,-0.004938281640582677
2025-11-15 00:00:00+00:00,0.01820070464684637,0.01053943964071668,0.017668461686243114,0.004954593124683395,0.034353928458287775,0.005546325920556135,-0.10086061033497395,-0.05387298994015175,-0.019048194970694474,0.024451095864164336
2025-11-16 00:00:00+00:00,-0.024341972668928784,-0.014061290467363924,-0.023180993184499878,-0.01763178851024117,-0.02853517824788164,-0.015607897665991055,0.01820070464684637,-0.10086061033497395,-0.05387298994015175,-0.06314389558298632
2025-11-17 00:00:00+00:00,-0.033406029066172085,-0.02194787294779212,-0.020843847110688898,-0.04610004808075793,-0.041394986632321024,-0.03545254074193006,-0.024341972668928784,0.01820070464684637,-0.10086061033497395,-0.019048194970694474
2025-11-18 00:00:00+00:00,0.03340602906617204,0.008053896310369823,0.029967637075662683,0.07143790397956429,0.06112712856253203,0.03207606032532401,-0.033406029066172085,-0.024341972668928784,0.01820070464684637,-0.05387298994015175
2025-11-19 00:00:00+00:00,-0.02284626885116973,-0.015238773937443459,-0.0319356346465724,-0.026140102231444213,-0.04508714197836559,-0.035574606167837405,0.03340602906617204,-0.033406029066172085,-0.024341972668928784,-0.10086061033497395
2025-11-20 00:00:00+00:00,-0.06509890221135606,-0.055209816891895,-0.06530298953202794,-0.02504471017429606,-0.037431887148805416,-0.0356756026207639,-0.02284626885116973,0.03340602906617204,-0.033406029066172085,0.01820070464684637
2025-11-21 00:00:00+00:00,-0.07687135905903118,-0.017556826574241523,-0.02441876521160861,-0.03804537361255597,-0.059697540273835246,-0.05091105573856983,-0.06509890221135606,-0.02284626885116973,0.03340602906617204,-0.024341972668928784
2025-11-22 00:00:00+00:00,-0.0024242436115063915,-0.004588127246522274,0.0015426387233994602,-0.00850670443717382,-0.00014257199910090712,-0.006389798098770898,-0.07687135905903118,-0.06509890221135606,-0.02284626885116973,-0.033406029066172085
2025-11-23 00:00:00+00:00,0.012062872449274944,0.024367507087485724,0.01149990779395844,0.023164067824835696,0.03316460568899426,0.006389798098770988,-0.0024242436115063915,-0.07687135905903118,-0.06509890221135606,0.03340602906617204
2025-11-24 00:00:00+00:00,0.08940658771558471,0.016788036787637094,0.05255972882393761,0.058450953008655895,0.04589599652404947,0.06054968457633831,0.012062872449274944,-0.0024242436115063915,-0.07687135905903118,-0.02284626885116973
2025-11-25 00:00:00+00:00,0.0021905813798186818,-0.010588704373343843,0.0020227515632153313,0.003749103165706087,0.007873539789098277,0.052551495326430345,0.08940658771558471,0.012062872449274944,-0.0024242436115063915,-0.06509890221135606
2025-11-26 00:00:00+00:00,0.028049303809899586,0.035021744042270514,0.022453632291662327,0.028798358687400473,0.011243010387586303,-0.021852508437623607,0.0021905813798186818,0.08940658771558471,0.012062872449274944,-0.07687135905903118
2025-11-27 00:00:00+00:00,0.004246290881451004,0.009349308992866888,-0.0037505485232770127,-0.015288986297868411,-0.013664081421331969,0.018433701688837966,0.028049303809899586,0.0021905813798186818,0.08940658771558471,-0.0024242436115063915
2025-11-28 00:00:00+00:00,-0.017094433359300183,-0.00486488380362324,0.005265972958720706,-0.02530870578019094,-0.016314222007787024,-0.013793322132335873,0.004246290881451004,0.028049303809899586,0.0021905813798186818,0.012062872449274944
2025-11-29 00:00:00+00:00,-0.01520116133205044,-0.0009715282254700339,-0.013949673991055718,-0.010393886574934653,-0.012058831729487058,-0.012813221312376532,-0.017094433359300183,0.004246290881451004,0.028049303809899586,0.08940658771558471
2025-11-30 00:00:00+00:00,-0.006586192852856838,-0.004884465893088772,0.0007022918411458271,-0.018041248084082726,-0.016171027750813697,-0.018935477002203775,-0.01520116133205044,-0.017094433359300183,0.004246290881451004,0.0021905813798186818
2025-12-01 00:00:00+00:00,-0.11421013093480879,-0.04613421557385573,-0.06640748416649328,-0.05244532279488899,-0.07478791261924357,-0.04896939169926021,-0.006586192852856838,-0.01520116133205044,-0.017094433359300183,0.028049303809899586
2025-12-02 00:00:00+00:00,0.118605742407847,0.0562410040171468,0.06801421071564936,0.09066278972853847,0.07327982349327633,0.05966468081600824,-0.11421013093480879,-0.006586192852856838,-0.01520116133205044,0.004246290881451004
2025-12-03 00:00:00+00:00,0.05337446059137489,0.023303477601614594,0.06220524814757158,0.04228616582467599,0.039611136186868116,0.05853650245257287,0.118605742407847,-0.11421013093480879,-0.006586192852856838,-0.017094433359300183
2025-12-04 00:00:00+00:00,-0.008350779217419852,-0.014575262088996607,-0.01743268193693491,-0.039909413652497595,-0.028559038424122867,-0.03056265041016681,0.05337446059137489,0.118605742407847,-0.11421013093480879,-0.01520116133205044
2025-12-05 00:00:00+00:00,-0.0830170778131698,-0.030298870064162046,-0.03622793434865705,-0.04201866737307444,-0.054587518530093276,-0.04706751085798574,-0.008350779217419852,0.05337446059137489,0.118605742407847,-0.006586192852856838
2025-12-06 00:00:00+00:00,0.029182766757059702,-0.001044426991022257,0.005373092083985153,-0.008286924024618449,0.0013604957166353493,0.015541257211211997,-0.0830170778131698,-0.008350779217419852,0.05337446059137489,-0.11421013093480879
2025-12-07 00:00:00+00:00,-0.022372297754532984,0.012898987020788722,0.007146741340972185,0.00037817192146046594,-0.007758102269435895,-0.010733555643108777,0.029182766757059702,-0.0830170778131698,-0.008350779217419852,0.118605742407847
2025-12-08 00:00:00+00:00,0.07200492195694304,0.002640784411958209,0.02079955190022366,0.007608609533185162,0.02787636952825487,0.02837069712921535,-0.022372297754532984,0.029182766757059702,-0.0830170778131698,0.05337446059137489
2025-12-09 00:00:00+00:00,0.03922071315328133,0.02230658176977993,0.06020880009551028,0.034156678602710766,0.037036171220415,0.01733145635163994,0.07200492195694304,-0.022372297754532984,0.029182766757059702,-0.008350779217419852
2025-12-10 00:00:00+00:00,-0.06049811160056613,-0.007184123390461821,0.0018367468857913162,-0.011818916303142527,-0.03192965807768976,-0.022004362051032376,0.03922071315328133,0.07200492195694304,-0.022372297754532984,-0.0830170778131698
2025-12-11 00:00:00+00:00,-0.01081091610421573,0.005397654393828906,-0.026443544422017597,0.0011002311595069139,-0.021083100673708697,-0.004694844304207729,-0.06049811160056613,0.03922071315328133,0.07200492195694304,0.029182766757059702
2025-12-12 00:00:00+00:00,-0.060488761480650834,-0.024565606595954068,-0.0482611741620481,-0.03081976846707286,-0.02459997810105991,-0.026223195099102443,-0.01081091610421573,-0.06049811160056613,0.03922071315328133,-0.022372297754532984
2025-12-13 00:00:00+00:00,0.011481182373956452,-0.0003147775451217187,0.00960730028486934,0.0065559181346014,0.015436767017989385,0.008418570465595606,-0.060488761480650834,-0.01081091610421573,-0.06049811160056613,0.07200492195694304
2025-12-14 00:00:00+00:00,-0.049132688577644766,-0.023181518223391553,-0.01655552255370258,-0.028492824105757167,-0.036396943946201014,-0.03410805658090657,0.011481182373956452,-0.060488761480650834,-0.01081091610421573,0.03922071315328133
2025-12-15 00:00:00+00:00,-0.02427303635620642,-0.019932477149059748,-0.03273161223283604,-0.012363595923177156,-0.03282711468777492,-0.02129072280888165,-0.049132688577644766,0.011481182373956452,-0.060488761480650834,-0.06049811160056613
2025-12-16 00:00:00+00:00,0.007343974255758505,0.016424660160555687,-0.0008604473169493417,0.01042973339822661,0.01560022460979986,-0.005076153031860772,-0.02427303635620642,-0.049132688577644766,0.011481182373956452,-0.01081091610421573
2025-12-17 00:00:00+00:00,-0.04744959971298764,-0.018612119227458226,-0.04445682621664209,-0.04659744797842154,-0.04231221581385178,-0.042891564629312866,0.007343974255758505,-0.02427303635620642,-0.049132688577644766,-0.060488761480650834
2025-12-18 00:00:00+00:00,-0.04981370571221916,-0.00846315677488792,-0.0017378838226009337,-0.03022423004689669,-0.034302880160237796,-0.06870833598922872,-0.04744959971298764,0.007343974255758505,-0.02427303635620642,0.011481182373956452
2025-12-19 00:00:00+00:00,0.09969936022308797,0.030183453965176642,0.051984217610352844,0.054269629934057616,0.07987255122372378,0.06737943213917494,-0.04981370571221916,-0.04744959971298764,0.007343974255758505,-0.049132688577644766
2025-12-20 00:00:00+00:00,-0.007326040092072786,0.0025378227881089903,-0.0005270729278721063,-0.0036496390875493927,-0.0021199281107072464,-0.012040279232080712,0.09969936022308797,-0.04981370571221916,-0.04744959971298764,-0.02427303635620642
2025-12-21 00:00:00+00:00,-0.0148150857851407,0.003366407020219751,0.008056967137236328,0.0017471414863608975,-0.006234339359150677,-0.0203949965210732,-0.007326040092072786,0.09969936022308797,-0.04981370571221916,0.007343974255758505
2025-12-22 00:00:00+00:00,0.0,-0.00042949092673883664,0.002485233774808831,-0.0007937768316452504,0.01107330237767143,-0.011049836186584935,-0.0148150857851407,-0.007326040092072786,0.09969936022308797,-0.04744959971298764
2025-12-23 00:00:00+00:00,-0.02010117932108704,-0.012887699635666881,-0.014886851399567445,-0.01536398950307408,-0.02520564204046018,-0.011173300598125189,0.0,-0.0148150857851407,-0.007326040092072786,-0.04981370571221916
2025-12-24 00:00:00+00:00,0.010101095986503699,0.002094711492890748,-0.005936602528958959,-0.012006309553325826,-0.005584873343528051,0.012561225872973258,-0.02010117932108704,0.0,-0.0148150857851407,0.09969936022308797
2025-12-25 00:00:00+00:00,-0.02030526616074557,-0.005079409544226788,-0.014875296077072641,-0.02036428013765813,-0.03894072746183206,-0.021023899791706876,0.010101095986503699,-0.02010117932108704,0.0,-0.007326040092072786
2025-12-26 00:00:00+00:00,0.03278982282299097,0.00165285573288968,0.008244301609216041,0.018158306776882394,-0.012532716122494764,0.008462673918733508,-0.02030526616074557,0.010101095986503699,-0.02010117932108704,-0.0148150857851407
2025-12-27 00:00:00+00:00,0.038934357975454685,0.00579128502519536,0.007166903796686185,0.02000147653703844,0.018177892404483146,0.035865913188496655,0.03278982282299097,-0.02030526616074557,0.010101095986503699,0.0
2025-12-28 00:00:00+00:00,-0.0047846981233362704,0.0008610604018155715,0.0006305127701269662,0.004320006718482828,-0.0033832801726308816,0.0027063615977430673,0.038934357975454685,0.03278982282299097,-0.02030526616074557,-0.02010117932108704
2025-12-29 00:00:00+00:00,-0.021819047394639725,-0.00816924063180667,-0.004418556946778186,-0.016013216844240164,-0.008508620677420753,-0.028788828477168793,-0.0047846981233362704,0.038934357975454685,0.03278982282299097,0.010101095986503699
2025-12-30 00:00:00+00:00,0.014598799421152851,0.014208540730604829,0.012108565473992942,0.013935543090611487,0.003898640415657323,-0.012596387685685615,-0.021819047394639725,-0.0047846981233362704,0.038934357975454685,-0.02030526616074557
2025-12-31 00:00:00+00:00,-0.026929411878631293,-0.009507280651887915,-0.0006896169199165761,-0.002883924132904871,-0.048923927979224686,-0.02712514626769117,0.014598799421152851,-0.021819047394639725,-0.0047846981233362704,0.03278982282299097
2026-01-01 00:00:00+00:00,0.1995421545456251,0.013494889906895059,0.010893991936288143,0.017889564750775123,0.07666462524354363,0.07658577643609095,-0.026929411878631293,0.014598799421152851,-0.021819047394639725,0.038934357975454685
2026-01-02 00:00:00+00:00,0.2001162180428994,0.012929364730521834,0.03957029191827393,0.04159710775394665,0.112134022826083,0.08477473995791715,0.1995421545456251,-0.026929411878631293,0.014598799421152851,-0.0047846981233362704
2026-01-03 00:00:00+00:00,0.01486402263214934,0.00700776866128145,0.0005309825220397415,0.008130738160014523,0.008911401638702868,-0.0037014231031862292,0.2001162180428994,0.1995421545456251,-0.026929411878631293,-0.021819047394639725
2026-01-04 00:00:00+00:00,0.16301061188086727,0.009900511123453195,0.005609240751981426,0.005607700963724674,0.04360401005162822,0.11213602664143439,0.01486402263214934,0.2001162180428994,0.1995421545456251,0.014598799421152851
2026-01-05 00:00:00+00:00,-0.025389234004819464,0.025137383113592964,0.025211353372353303,0.027793863201228335,0.014473762164249216,0.024018621865929016,0.16301061188086727,0.01486402263214934,0.2001162180428994,-0.026929411878631293
2026-01-06 00:00:00+00:00,-0.042311198071722816,-0.0011912093706725466,0.02203458447856464,0.02279832056859527,-0.007675548832258692,-0.015217684970886578,-0.025389234004819464,0.16301061188086727,0.01486402263214934,0.1995421545456251
2026-01-07 00:00:00+00:00,-0.022608348027592765,-0.025756732261084898,-0.039636713089381,-0.03380867642906761,-0.027816050709246167,-0.037950982909791514,-0.042311198071722816,-0.025389234004819464,0.16301061188086727,0.2001162180428994
2026-01-08 00:00:00+00:00,-0.07598590697792199,-0.0028955845252425483,-0.01978274564878561,0.014412827742509267,-0.031074771121659607,-0.004561011327562673,-0.022608348027592765,-0.042311198071722816,-0.025389234004819464,0.01486402263214934
2026-01-09 00:00:00+00:00,0.0065574005461590396,-0.005047956075853812,-0.005891817755608885,-0.01749698351369844,-0.008703398296672622,-0.009184909577072442,-0.07598590697792199,-0.022608348027592765,-0.042311198071722816,0.16301061188086727
2026-01-10 00:00:00+00:00,-0.02985296314968116,-0.0015079553615388976,-0.0005441189941084002,-0.0009565506045574026,-0.007561742408978561,-0.002309469848662529,0.0065574005461590396,-0.07598590697792199,-0.022608348027592765,-0.025389234004819464
2026-01-11 00:00:00+00:00,-0.0238512158221798,0.005607712208944919,0.011829121681259684,0.028019543699878927,-0.011813146091237153,-0.022210147325655974,-0.02985296314968116,0.0065574005461590396,-0.07598590697792199,-0.042311198071722816
2026-01-12 00:00:00+00:00,-0.010398707220898622,0.003099670437196053,-0.008907957026604093,-0.0034418505223956903,-0.010122796996245367,-0.009501259124140364,-0.0238512158221798,-0.02985296314968116,0.0065574005461590396,-0.022608348027592765
2026-01-13 00:00:00+00:00,0.13505462216504413,0.04411615250637421,0.07168605713123949,0.044189397031666786,0.08189902897882821,0.07026493398953734,-0.010398707220898622,-0.0238512158221798,-0.02985296314968116,-0.07598590697792199
2026-01-14 00:00:00+00:00,-0.05153365011518279,0.01598842328794414,0.008711664887586325,0.008076703727484109,-0.0074460507840785626,-0.029347478632018118,0.13505462216504413,-0.010398707220898622,-0.0238512158221798,0.0065574005461590396
2026-01-15 00:00:00+00:00,-0.0543343509633295,-0.01399071349755265,-0.010857798383258989,-0.02968151752179601,-0.04972823141198801,-0.03615554159727535,-0.05153365011518279,0.13505462216504413,-0.010398707220898622,-0.02985296314968116
2026-01-16 00:00:00+00:00,0.0033783815916271906,-0.0005635195827788953,-0.0067755668532725605,0.017334834854755406,-0.013732825374596396,0.01649036189941521,-0.0543343509633295,-0.05153365011518279,0.13505462216504413,-0.0238512158221798
2026-01-17 00:00:00+00:00,-0.02389192142473024,-0.004228351630570454,0.004322799473588365,-0.008107871587312835,-0.0018115290632038747,-0.008211189830394717,0.0033783815916271906,-0.0543343509633295,-0.05153365011518279,-0.010398707220898622
2026-01-18 00:00:00+00:00,-0.05685367515101393,-0.015619668190674642,-0.008046032619523117,-0.04155575006178031,-0.0463128175735254,-0.04826026925285563,-0.02389192142473024,0.0033783815916271906,-0.0543343509633295,0.13505462216504413
2026-01-19 00:00:00+00:00,-0.03535251871571972,-0.011187629751686884,-0.029191485734118488,-0.03265927357310108,-0.019018978185064848,0.0061614489440486265,-0.05685367515101393,-0.02389192142473024,0.0033783815916271906,-0.05153365011518279
2026-01-20 00:00:00+00:00,-0.056490187954742935,-0.046439042216747994,-0.08151107682426144,-0.058958594344096456,-0.04594503607505513,-0.05168131741511822,-0.03535251871571972,-0.05685367515101393,-0.02389192142473024,-0.0543343509633295
2026-01-21 00:00:00+00:00,0.03156080491221751,0.011547870630407164,0.014315991312259694,0.029296369488430757,0.025451553903718997,0.03308189717885271,-0.056490187954742935,-0.03535251871571972,-0.05685367515101393,0.0033783815916271906
2026-01-22 00:00:00+00:00,-0.03960913809504583,0.0011724197832196023,-0.00996813624058588,-0.008294299711252626,-0.017297470053088716,-0.02022824977547155,0.03156080491221751,-0.056490187954742935,-0.03535251871571972,-0.02389192142473024
2026-01-23 00:00:00+00:00,0.01603240753104901,0.0004531147192842445,0.0012590751523696786,-0.008128219819330406,0.0032110487572805193,0.007633624855071205,-0.03960913809504583,0.03156080491221751,-0.056490187954742935,-0.05685367515101393
2026-01-24 00:00:00+00:00,-0.003984069014874347,-0.004193141802223088,-0.0010795939203757394,-0.0017279300560683112,-0.004337356197344565,-0.008911580300563276,0.01603240753104901,-0.03960913809504583,0.03156080491221751,-0.03535251871571972
2026-01-25 00:00:00+00:00,-0.0617480070684472,-0.029053123136142035,-0.0472626609961986,-0.06797707036191658,-0.039236812453767034,-0.0404490887811763,-0.003984069014874347,0.01603240753104901,-0.03960913809504583,-0.056490187954742935
2026-01-26 00:00:00+00:00,0.06174800706844725,0.019161191027651143,0.03948843032131871,0.044352985034228715,0.024069645510884228,0.02498486308359498,-0.0617480070684472,-0.003984069014874347,0.01603240753104901,0.03156080491221751
2026-01-27 00:00:00+00:00,0.003984069014874292,0.010168272808073633,0.032374174511626955,0.023466852622961623,0.03082118838211653,0.01674218114307341,0.06174800706844725,-0.0617480070684472,-0.003984069014874347,-0.03960913809504583
2026-01-28 00:00:00+00:00,-0.00999009307508641,0.0005599552406158251,-0.005296862928045633,-0.014572206859090723,-0.009474970362518074,-0.0038387763071656015,0.003984069014874292,0.06174800706844725,-0.0617480070684472,0.01603240753104901
2026-01-29 00:00:00+00:00,-0.05150468853272003,-0.05347437718715272,-0.0645442782447754,-0.061951788510761184,-0.0637494991639598,-0.058063800954761206,-0.00999009307508641,0.003984069014874292,0.06174800706844725,-0.003984069014874347
2026-01-30 00:00:00+00:00,-0.019210836265677697,-0.00461392684575843,-0.04167352557749497,-0.0019540382582167613,-0.012613320942055087,-0.016438726343159835,-0.05150468853272003,-0.00999009307508641,0.003984069014874292,-0.0617480070684472
2026-01-31 00:00:00+00:00,-0.11160603199555688,-0.06774794341998952,-0.09909775123222339,-0.10773503843985434,-0.10506313785632632,-0.06122908623620399,-0.019210836265677697,-0.05150468853272003,-0.00999009307508641,0.06174800706844725
2026-02-01 00:00:00+00:00,0.0,-0.02277264898561169,-0.07703771774360114,-0.046429815028683555,0.0,-0.026787315963649843,-0.11160603199555688,-0.019210836265677697,-0.05150468853272003,0.003984069014874292
2026-02-02 00:00:00+00:00,0.021454935001259466,0.02274115286261672,0.033300529744083436,0.036626281507855844,0.03450243255954052,0.035559302036486926,0.0,-0.11160603199555688,-0.019210836265677697,-0.00999009307508641
2026-02-03 00:00:00+00:00,-0.028710105882431253,-0.03842842483956077,-0.04947808127825783,-0.06582102660130365,-0.017762456339840388,-0.02505657983733762,0.021454935001259466,0.0,-0.11160603199555688,-0.05150468853272003
2026-02-04 00:00:00+00:00,0.019231361927887373,-0.03497669878289926,-0.039010144919084666,-0.06075232432085447,-0.020872809244297484,-0.010502722199149288,-0.028710105882431253,0.021454935001259466,0.0,-0.019210836265677697
2026-02-05 00:00:00+00:00,-0.20252426411147395,-0.15102560052391373,-0.16207598779923496,-0.16190610615045478,-0.1598653950361039,-0.16527314029217133,0.019231361927887373,-0.028710105882431253,0.021454935001259466,-0.11160603199555688
2026-02-06 00:00:00+00:00,0.13353139262452257,0.11504759382534949,0.12176319054419493,0.10999557718274475,0.10696393059693927,0.11738754425316629,-0.20252426411147395,0.019231361927887373,-0.028710105882431253,0.0
2026-02-07 00:00:00+00:00,-0.012837146760680606,-0.01845885430431717,0.01142054499810375,0.0014852901902231578,-0.0025418141894198894,0.0015810279973187732,0.13353139262452257,-0.20252426411147395,0.019231361927887373,0.021454935001259466
2026-02-08 00:00:00+00:00,-0.023530497410194272,0.014912205705875922,0.0012736964291543084,-0.006873666655548294,-0.016422415675561082,-0.03537346297258093,-0.012837146760680606,0.13353139262452257,-0.20252426411147395,-0.028710105882431253
2026-02-09 00:00:00+00:00,0.007905179507113247,-0.0027391234992863328,0.007285311952573169,-0.002532229714051079,-0.005395883176024073,-0.0016380020042383583,-0.023530497410194272,-0.012837146760680606,0.13353139262452257,0.019231361927887373
2026-02-10 00:00:00+00:00,-0.04564550748996038,-0.01866101963278177,-0.03990654747058609,-0.044540821195041706,-0.03537005717001275,-0.014864022632149393,0.007905179507113247,-0.023530497410194272,-0.012837146760680606,-0.20252426411147395
2026-02-11 00:00:00+00:00,-0.019418085857101513,-0.02588020693947351,-0.04112238521584158,-0.04548198996955431,-0.01794599252625338,-0.016778917129109366,-0.04564550748996038,0.007905179507113247,-0.023530497410194272,0.13353139262452257
2026-02-12 00:00:00+00:00,0.03846628082779614,-0.012153452937677535,0.0034301646117153427,-0.011414201284440012,0.020422174014329098,0.02341244062474326,-0.019418085857101513,-0.04564550748996038,0.007905179507113247,-0.012837146760680606
2026-02-13 00:00:00+00:00,0.018692133012152546,0.038217689464747844,0.05048900769150072,0.07291374623018786,0.0387036233232582,0.043660936116015944,0.03846628082779614,-0.019418085857101513,-0.04564550748996038,-0.023530497410194272
2026-02-14 00:00:00+00:00,0.2451224580329851,0.013975012427655345,0.018315946661219388,0.04328072674105768,0.1385873802819802,0.10646749766380742,0.018692133012152546,0.03846628082779614,-0.019418085857101513,0.007905179507113247
2026-02-15 00:00:00+00:00,-0.08870677157487457,-0.014285572925026392,-0.059235161078925104,-0.02181236747947471,-0.07817575554829065,-0.07224954035346609,0.2451224580329851,0.018692133012152546,0.03846628082779614,-0.04564550748996038
2026-02-16 00:00:00+00:00,0.011248712535870887,0.0008691232444626728,0.016015838277322805,0.0033601792811663693,-0.016396224170297236,0.006097579868118538,-0.08870677157487457,0.2451224580329851,0.018692133012152546,-0.019418085857101513
2026-02-17 00:00:00+00:00,-0.018059181538397532,-0.0203665579406587,-0.0033433698897348285,-0.015974221797263162,-0.0035700156916925923,-0.010695289116747806,0.011248712535870887,-0.08870677157487457,0.2451224580329851,0.03846628082779614
2026-02-18 00:00:00+00:00,-0.034765957843213666,-0.015564435209118136,-0.0181129035794378,-0.041640186850884935,-0.021184467749484764,-0.032789822822990956,-0.018059181538397532,0.011248712535870887,-0.08870677157487457,0.018692133012152546
2026-02-19 00:00:00+00:00,-0.00236127618567982,0.008132980025301773,-0.003498091910448056,0.010846489859483915,-0.0018281540740625898,-0.014388737452099556,-0.034765957843213666,-0.018059181538397532,0.011248712535870887,0.2451224580329851
2026-02-20 00:00:00+00:00,0.007067167223092353,0.015053637111473492,0.010107386784196133,0.025963054313550508,0.017533701906725797,0.033257221756482554,-0.00236127618567982,-0.034765957843213666,-0.018059181538397532,-0.08870677157487457
2026-02-21 00:00:00+00:00,-0.023754086008107144,-0.0006482546691270726,0.0022677529802455527,0.005887911498803702,-0.01712715652049831,-0.004683849312426426,0.007067167223092353,-0.00236127618567982,-0.034765957843213666,0.011248712535870887
2026-02-22 00:00:00+00:00,-0.02433210065953067,-0.00490388304368946,-0.007900996797005063,-0.02834197800227497,-0.029178831760881957,-0.03179918169293871,-0.023754086008107144,0.007067167223092353,-0.00236127618567982,-0.018059181538397532
2026-02-23 00:00:00+00:00,-0.02241687891454226,-0.04516857121636174,-0.05324635010803816,-0.060881328274011874,-0.031026713161509754,-0.027847827375775038,-0.02433210065953067,-0.023754086008107144,0.007067167223092353,-0.034765957843213666
2026-02-24 00:00:00+00:00,-0.00505051578606848,-0.009289953077215952,-0.0023515209420675166,0.013895309299625066,-0.014019682977973152,-0.02013490840905581,-0.02241687891454226,-0.02433210065953067,-0.023754086008107144,-0.00236127618567982
2026-02-25 00:00:00+00:00,0.046980208924192544,0.059540542765822574,0.10524819469624078,0.10869713815128017,0.09970814774831724,0.05442398188768791,-0.00505051578606848,-0.02241687891454226,-0.02433210065953067,0.007067167223092353
2026-02-26 00:00:00+00:00,-0.07783098464466852,-0.007423789136971464,-0.014589650635596656,-0.024718163677642707,-0.039811278785654304,-0.04262940539485108,0.046980208924192544,-0.00505051578606848,-0.02241687891454226,-0.023754086008107144
2026-02-27 00:00:00+00:00,-0.03723834514011876,-0.024193035094981677,-0.049455184425750795,-0.04841193283282131,-0.03824397147735773,-0.03234324472022457,-0.07783098464466852,0.046980208924192544,-0.00505051578606848,-0.02433210065953067
2026-02-28 00:00:00+00:00,-0.010899290458035631,0.0165784521278679,0.01780575243133493,0.030086505174833324,0.007256461251204897,0.0,-0.03723834514011876,-0.07783098464466852,0.046980208924192544,-0.02241687891454226
2026-03-01 00:00:00+00:00,-0.056352936551131744,-0.018031259656580454,-0.01270437299197371,-0.008931288901321336,-0.023125526385398013,-0.04240918192509351,-0.010899290458035631,-0.03723834514011876,-0.07783098464466852,-0.00505051578606848
2026-03-02 00:00:00+00:00,0.020086758566737292,0.04537839252942392,0.044191044167984486,0.035718082602079246,0.017901912354336982,-0.00724640852076731,-0.056352936551131744,-0.010899290458035631,-0.03723834514011876,0.046980208924192544
2026-03-03 00:00:00+00:00,-0.020086758566737344,-0.007174587301422502,-0.022219534368930142,0.003801628908938638,-0.03912666028695094,-0.0036429912785009805,0.020086758566737292,-0.056352936551131744,-0.010899290458035631,-0.07783098464466852
2026-03-04 00:00:00+00:00,0.05635293655113178,0.061418215316930716,0.0703341811985782,0.04364656324050637,0.09493624790610396,0.039361073880580306,-0.020086758566737344,0.020086758566737292,-0.056352936551131744,-0.03723834514011876
2026-03-05 00:00:00+00:00,-0.050572573635632445,-0.024744659742350593,-0.02591487216327477,-0.023161039761952218,-0.05580958761915293,-0.03208831455150051,0.05635293655113178,-0.020086758566737344,0.020086758566737292,-0.010899290458035631
2026-03-06 00:00:00+00:00,-0.02332467256640878,-0.03995647071445988,-0.04649934048084505,-0.04693315342221922,-0.024561689138989005,-0.020128767430613766,-0.050572573635632445,0.05635293655113178,-0.020086758566737344,-0.056352936551131744
2026-03-07 00:00:00+00:00,-0.04525659158812095,-0.012574095363267338,-0.004604556456607148,-0.017627898103213482,-0.01500966265056529,-0.016775789504837126,-0.02332467256640878,-0.050572573635632445,0.05635293655113178,0.020086758566737292
2026-03-08 00:00:00+00:00,-0.01555241300748477,-0.01939068716249424,-0.016633389943739165,-0.019780998114086363,-0.008711245617274684,-0.005655057483344988,-0.04525659158812095,-0.02332467256640878,-0.050572573635632445,-0.020086758566737344
2026-03-09 00:00:00+00:00,0.02476906811240895,0.03662460641351922,0.028438996738981388,0.04047385205291979,0.014919003053892444,0.02427756958134684,-0.01555241300748477,-0.04525659158812095,-0.02332467256640878,0.05635293655113178
2026-03-10 00:00:00+00:00,0.006097579868118538,0.02191822593227371,0.021606552422364315,0.010770415516951523,0.043572104955665186,0.04155972970679472,0.02476906811240895,-0.01555241300748477,-0.04525659158812095,-0.050572573635632445
2026-03-11 00:00:00+00:00,0.012084739215072046,0.003471234391040441,0.007562748838870995,0.00811786900325436,-0.017503114929071067,0.01405998556829873,0.006097579868118538,0.02476906811240895,-0.01555241300748477,-0.02332467256640878
2026-03-12 00:00:00+00:00,0.008968669982760536,0.004966571049048208,0.010447338866057455,0.002998502996256633,0.01993350657289961,0.032620918169266024,0.012084739215072046,0.006097579868118538,0.02476906811240895,-0.04525659158812095
2026-03-13 00:00:00+00:00,0.0059347355198145265,0.005494554272369187,0.008978057012718366,0.015312834919700482,0.012689594008958137,0.003372684478639156,0.008968669982760536,0.012084739215072046,0.006097579868118538,-0.01555241300748477
2026-03-14 00:00:00+00:00,-0.005934735519814466,0.003967166199519513,0.0018813962258369705,-0.0017025144569768403,0.0008333333815586311,-0.010152371464018073,0.0059347355198145265,0.008968669982760536,0.012084739215072046,0.02476906811240895
2026-03-15 00:00:00+00:00,0.02643325706815543,0.022264632539767723,0.03843765664895041,0.047366476035991666,0.013856079401502401,0.010152371464018128,-0.005934735519814466,0.0059347355198145265,0.008968669982760536,0.006097579868118538
2026-03-16 00:00:00+00:00,0.15041701027520932,0.028023922724339036,0.0771336039105157,0.04138521616285449,0.05649641160148882,0.04122595332195126,0.02643325706815543,-0.005934735519814466,0.0059347355198145265,0.012084739215072046
2026-03-17 00:00:00+00:00,-0.09132809390520281,-0.01310971909840106,-0.015236807591981155,-0.01656048746865882,-0.028448200244216248,-0.021225286615281704,0.15041701027520932,0.02643325706815543,-0.005934735519814466,0.008968669982760536
2026-03-18 00:00:00+00:00,-0.039002157803269086,-0.03669322101311266,-0.0504444689177715,-0.049170705811621834,-0.050059066739113034,-0.04040953833787655,-0.09132809390520281,0.15041701027520932,0.02643325706815543,0.0059347355198145265
2026-03-19 00:00:00+00:00,-0.028820438535492085,-0.018651514850332427,-0.030215142920116105,-0.013298514137796673,-0.018220843074974156,-0.0017196908795265881,-0.039002157803269086,-0.09132809390520281,0.15041701027520932,-0.005934735519814466
2026-03-20 00:00:00+00:00,-0.002928259779088334,0.008270155102978788,0.003926214710660879,0.01063066017660417,0.006606310654281169,0.025489910213438473,-0.028820438535492085,-0.039002157803269086,-0.09132809390520281,0.02643325706815543
2026-03-21 00:00:00+00:00,-0.026747508367028223,-0.022845763534559155,-0.02900165207647062,-0.025706037775525617,-0.03029718012800548,-0.016920877488337177,-0.002928259779088334,-0.028820438535492085,-0.039002157803269086,0.15041701027520932
2026-03-22 00:00:00+00:00,-0.01212136053234485,-0.015487110258322837,-0.014970947155609399,-0.015654094985014813,-0.013223333174689541,-0.025930579921002332,-0.026747508367028223,-0.002928259779088334,-0.028820438535492085,-0.09132809390520281
2026-03-23 00:00:00+00:00,0.05342516667358057,0.04392937957609135,0.04667602669141419,0.05890347450668785,0.0434143054538351,0.06770774951558495,-0.01212136053234485,-0.026747508367028223,-0.002928259779088334,-0.039002157803269086
2026-03-24 00:00:00+00:00,0.020029281875572583,-0.004944193784823292,0.0019497436693815858,-0.006914366569087656,0.01003971444818325,0.014622518867541963,0.05342516667358057,-0.01212136053234485,-0.026747508367028223,-0.028820438535492085
2026-03-25 00:00:00+00:00,0.005649732542118907,0.010991329616637294,0.005914126249124355,0.009863093655171577,0.011292466298172026,-0.011354542102925897,0.020029281875572583,0.05342516667358057,-0.01212136053234485,-0.002928259779088334
2026-03-26 00:00:00+00:00,-0.04023531219189895,-0.03590963357008416,-0.051360753758471496,-0.05803120464377169,-0.043889528170429695,-0.03485830105220563,0.005649732542118907,0.020029281875572583,0.05342516667358057,-0.026747508367028223
2026-03-27 00:00:00+00:00,-0.03886886889937302,-0.035692215836955574,-0.033399104556955043,-0.04032614305371253,-0.02130076143214105,-0.023932766211628247,-0.04023531219189895,0.005649732542118907,0.020029281875572583,-0.01212136053234485
2026-03-28 00:00:00+00:00,0.003044142381228052,-0.00045562612816699334,0.0009981217082480726,-0.01234882520476018,0.009828360269904073,0.00861331767811493,-0.03886886889937302,-0.04023531219189895,0.005649732542118907,0.05342516667358057
2026-03-29 00:00:00+00:00,-0.0030441423812281325,-0.005530728522709364,-0.005076178544251064,-0.007949653557962219,-0.006062294675545879,-0.008613317678114947,0.003044142381228052,-0.03886886889937302,-0.04023531219189895,0.020029281875572583
2026-03-30 00:00:00+00:00,0.01212136053234482,0.011843374134185144,0.020862760314965433,0.013416471522223338,0.00419241567281798,0.02393276621162836,-0.0030441423812281325,0.003044142381228052,-0.03886886889937302,0.005649732542118907
2026-03-31 00:00:00+00:00,0.026747508367028144,0.02201879944892802,0.03821942400252258,0.007964323502727062,0.016271175245667235,0.0067340321813441194,0.01212136053234482,-0.0030441423812281325,0.003044142381228052,-0.04023531219189895
2026-04-01 00:00:00+00:00,-0.0029368596733097135,-0.0025009104050785873,0.016449645255176452,-0.024578436416411206,-0.0014091379492865241,0.00668898815079671,0.026747508367028144,0.01212136053234482,-0.0030441423812281325,-0.03886886889937302
2026-04-02 00:00:00+00:00,-0.017804624633506592,-0.01795288497272631,-0.03963811517851658,-0.02798084117605069,-0.019607397412372204,-0.02190483538804998,-0.0029368596733097135,0.026747508367028144,0.01212136053234482,0.003044142381228052
2026-04-03 00:00:00+00:00,0.023669744085904703,0.0009309289814481332,-0.0016249091388430203,0.018326105950219745,0.012750227686235165,0.01856593412253541,-0.017804624633506592,-0.0029368596733097135,0.026747508367028144,-0.0030441423812281325
2026-04-04 00:00:00+00:00,-0.005865119452398022,0.005006835781815329,0.005675667948106122,0.005334007560832141,0.005554662215388539,0.0016708441648175007,0.023669744085904703,-0.017804624633506592,-0.0029368596733097135,0.01212136053234482
2026-04-05 00:00:00+00:00,0.026126304592219998,0.025435266920256033,0.021386502269566166,0.01302869953634387,0.0033613477027049274,0.0016680571006970134,-0.005865119452398022,0.023669744085904703,-0.017804624633506592,0.026747508367028144
2026-04-06 00:00:00+00:00,-0.04993695328593863,-0.002618361461522849,-0.0014274436722272771,-0.02297531890314212,-0.019345922768490204,-0.02874246886565398,0.026126304592219998,-0.005865119452398022,0.023669744085904703,-0.0029368596733097135
2026-04-07 00:00:00+00:00,0.11106709369094671,0.043629681945818906,0.06113926085205601,0.06681631983525006,0.046469849333593695,0.051807741796650014,-0.04993695328593863,0.026126304592219998,-0.005865119452398022,-0.017804624633506592
2026-04-08 00:00:00+00:00,-0.04690514947366071,-0.011948742855087834,-0.022578786314288474,-0.035571465784867765,-0.02690745291992438,-0.03480052914941691,0.11106709369094671,-0.04993695328593863,0.026126304592219998,0.023669744085904703
2026-04-09 00:00:00+00:00,-0.00851068966790873,0.010052591375903568,9.132003111209872e-05,0.009162209964778276,0.0021621630044953172,-0.003378381591627195,-0.04690514947366071,0.11106709369094671,-0.04993695328593863,-0.005865119452398022
2026-04-10 00:00:00+00:00,0.033616610798985064,0.01623143839049557,0.024734928801607114,0.017840625425527862,0.01159557763732816,0.008424649659251403,-0.00851068966790873,-0.04690514947366071,0.11106709369094671,0.026126304592219998
2026-04-11 00:00:00+00:00,0.0027510333718897976,0.0011021476555086477,0.017633855307847893,0.0011781339722747306,-0.0063179521610633085,-0.0016792615197200253,0.033616610798985064,-0.00851068966790873,-0.04690514947366071,-0.04993695328593863
2026-04-12 00:00:00+00:00,-0.047829087689881526,-0.0320254620862258,-0.04170696316491059,-0.04085633711709852,-0.02446704989104086,-0.0307191390375302,0.0027510333718897976,0.033616610798985064,-0.00851068966790873,0.11106709369094671
2026-04-13 00:00:00+00:00,0.0776012460235517,0.050672676455567146,0.07800739628038564,0.05928896351746347,0.035364593633338604,0.03908738870804691,-0.047829087689881526,0.0027510333718897976,0.033616610798985064,-0.04690514947366071
2026-04-14 00:00:00+00:00,-0.05199529511838044,-0.00385649602156905,-0.02004372394265993,-0.032782116614484075,-0.012187450402929985,-0.02874246886565398,0.0776012460235517,-0.047829087689881526,0.0027510333718897976,-0.00851068966790873
2026-04-15 00:00:00+00:00,0.043963123421116204,0.009110214548757956,0.016022075230612904,0.013996195739502781,0.020336074781648814,0.02205348071485722,-0.05199529511838044,0.0776012460235517,-0.047829087689881526,0.033616610798985064
2026-04-16 00:00:00+00:00,0.06755815101129109,0.004591768185657028,-0.005004130983163293,0.047723916418368935,0.04462588041239585,0.05070587356757105,0.043963123421116204,-0.05199529511838044,0.0776012460235517,0.0027510333718897976
2026-04-17 00:00:00+00:00,-0.007566240383315813,0.025196849489872067,0.029717930238648552,-0.003261911671277446,0.0020138965622426724,0.0063593219082924216,0.06755815101129109,0.043963123421116204,-0.05199529511838044,-0.047829087689881526
2026-04-18 00:00:00+00:00,-0.046640577453111245,-0.01807074609568446,-0.028802742529378436,-0.029730065216260135,-0.04758879375910353,-0.040425876471898686,-0.007566240383315813,0.06755815101129109,0.043963123421116204,0.0776012460235517
2026-04-19 00:00:00+00:00,-0.03234783386551917,-0.025286317737347935,-0.03774081891448072,-0.03171874698548784,-0.018849394668999174,-0.028453802417727582,-0.046640577453111245,-0.007566240383315813,0.06755815101129109,-0.05199529511838044
2026-04-20 00:00:00+00:00,0.029691789807403,0.027255661894529427,0.022102133668732284,0.021452674554889143,0.023270454501649003,0.018503471564559726,-0.03234783386551917,-0.046640577453111245,-0.007566240383315813,0.043963123421116204
2026-04-21 00:00:00+00:00,0.013210231736806482,0.006507965819314458,0.005727241958039267,0.00875611221572236,-0.0003151426046355852,0.014888612493750559,0.029691789807403,-0.03234783386551917,-0.046640577453111245,0.06755815101129109
2026-04-22 00:00:00+00:00,-0.005263170044274533,0.02384460627844536,0.01996573604137758,0.009716675638572349,0.004925860193297429,0.0016406894574597963,0.013210231736806482,0.029691789807403,-0.03234783386551917,-0.007566240383315813
2026-04-23 00:00:00+00:00,0.007884403524148835,0.0010131958589200225,-0.01862593251721405,-0.008671075775666868,0.015457541031336917,0.009788006366162944,-0.005263170044274533,0.013210231736806482,0.029691789807403,-0.046640577453111245
2026-04-24 00:00:00+00:00,0.01300408442320661,-0.010538034574907543,-0.006574481460526121,0.0006964596915296963,0.013192398723521225,0.006472514505617298,0.007884403524148835,-0.005263170044274533,0.013210231736806482,-0.03234783386551917
2026-04-25 00:00:00+00:00,-0.005181358741997518,0.0024231589225083856,0.001946277335221321,0.0,-0.00437815697054799,-0.0032310205814464203,0.01300408442320661,0.007884403524148835,-0.005263170044274533,0.029691789807403
2026-04-26 00:00:00+00:00,0.012903404835907782,0.013214079557603819,0.021301995097394905,0.008665064903280952,0.012372128202330952,0.004842624475787991,-0.005181358741997518,0.01300408442320661,0.007884403524148835,0.013210231736806482
2026-04-27 00:00:00+00:00,0.0025608208616736505,-0.01648745051910991,-0.028150136898354685,-0.024571833044528448,-0.0027249348243281175,-0.011336153786336352,0.012903404835907782,-0.005181358741997518,0.01300408442320661,-0.005263170044274533
2026-04-28 00:00:00+00:00,-0.007702220362092239,-0.013382837592731378,-0.006204993031280721,-0.009000534469473919,0.004034296949251128,-0.0016299922109310643,0.0025608208616736505,0.012903404835907782,-0.005181358741997518,0.007884403524148835
2026-04-29 00:00:00+00:00,-0.007762005335489189,-0.00739892610895058,-0.016080235176460716,-0.01220841015939207,0.04651086520642404,0.00488202759730854,-0.007702220362092239,0.0025608208616736505,0.012903404835907782,0.01300408442320661
2026-04-30 00:00:00+00:00,0.007762005335489109,0.007448700376110247,0.002044160777080734,0.000601938259311541,0.022985150945229803,0.009693129205659533,-0.007762005335489189,-0.007702220362092239,0.0025608208616736505,-0.005181358741997518
2026-05-01 00:00:00+00:00,0.015345569674660539,0.024384544212578043,0.016744879667466878,0.008031208885391553,0.01888164730844387,0.008006447893741282,0.007762005335489109,-0.007762005335489189,-0.007702220362092239,0.012903404835907782
2026-05-02 00:00:00+00:00,0.012610507591929514,0.005808401067078971,0.009252981943609871,0.005951689988589141,-0.00018429782580739224,0.0,0.015345569674660539,0.007762005335489109,-0.007762005335489189,0.0025608208616736505
2026-05-03 00:00:00+00:00,-0.01261050759192947,-0.0015043045550349114,0.002448477607068359,-0.004162460668892492,-0.001937180625171376,-0.01769957709940086,0.012610507591929514,0.015345569674660539,0.007762005335489109,-0.007702220362092239
2026-05-04 00:00:00+00:00,0.012610507591929514,0.016316001996395605,0.010497311483725812,0.0022617710969242387,0.016483889721689415,0.0048583091510763675,-0.01261050759192947,0.012610507591929514,0.015345569674660539,-0.007762005335489189
2026-05-05 00:00:00+00:00,0.02963179760637115,0.01299430543480134,0.005781750329178449,0.02570714954131399,0.04215081152422879,0.025519726208095676,0.012610507591929514,-0.01261050759192947,0.012610507591929514,0.007762005335489109
2026-05-06 00:00:00+00:00,0.031140240735723225,0.008612279259898676,0.007116356218423532,0.01905475466335108,0.009877907195431248,0.0140737272116619,0.02963179760637115,0.012610507591929514,-0.01261050759192947,0.015345569674660539
