timestamp,PEPE,BTC,ETH,SOL,DOGE,SHIB
2023-05-01 00:00:00+00:00,,,,,,
2023-05-02 00:00:00+00:00,,102.14334625659018,102.1494158068093,101.32058287795994,99.92387718853082,100.50200803212851
2023-05-03 00:00:00+00:00,,103.41275162763918,104.06340640072538,101.27504553734062,101.01497081958894,101.50602409638554
2023-05-04 00:00:00+00:00,,102.74295592245475,102.53123071124632,98.99817850637523,99.4417660492261,99.29718875502009
2023-05-05 00:00:00+00:00,,105.12090881301512,108.8800642366706,103.91621129326047,101.71276325805634,100.30120481927709
2023-05-06 00:00:00+00:00,70.50938337801608,102.7787258633061,103.58327006166937,99.77231329690346,97.33570159857904,94.87951807228913
2023-05-07 00:00:00+00:00,74.79892761394102,101.28914296789327,102.16689517296378,98.63387978142076,97.08195889368181,93.77510040160641
2023-05-08 00:00:00+00:00,52.01072386058981,98.57679100877645,100.91930541368741,93.89799635701274,91.84217203755392,89.55823293172689
2023-05-09 00:00:00+00:00,53.887399463806965,98.43242865785054,100.86249747368534,94.03460837887067,92.74295863993909,90.36144578313251
2023-05-10 00:00:00+00:00,51.742627345844504,98.32725648116413,100.55223872444323,95.21857923497268,92.76833291042882,90.26104417670682
2023-05-11 00:00:00+00:00,37.533512064343164,96.08226516356909,98.01008340935036,91.8488160291439,91.25856381629026,87.14859437751002
2023-05-12 00:00:00+00:00,46.91689008042895,95.46373733177617,98.72837611226122,95.17304189435337,91.79142349657445,88.75502008032127
2023-05-13 00:00:00+00:00,50.134048257372655,95.39344441016291,98.05432805492889,94.89981785063752,90.92869829992387,87.55020080321283
2023-05-14 00:00:00+00:00,47.72117962466488,95.90056526482225,98.27828243378323,95.3096539162113,91.29662522202486,88.25301204819277
2023-05-15 00:00:00+00:00,46.38069705093834,96.77172721073552,99.2063275305479,95.58287795992713,91.23318954580056,88.25301204819277
2023-05-16 00:00:00+00:00,44.772117962466496,96.31462726937828,99.64385791460234,94.1256830601093,92.29890890636892,88.05220883534136
2023-05-17 00:00:00+00:00,42.09115281501341,97.63914827638051,99.52969580440585,95.90163934426228,94.93783303730015,88.05220883534136
2023-05-18 00:00:00+00:00,42.62734584450403,95.55733059334635,98.35202350974743,92.62295081967211,93.1743212382644,87.34939759036143
2023-05-19 00:00:00+00:00,41.01876675603218,95.7674611821324,98.99439021592475,92.71402550091072,93.25044404973355,87.04819277108432
2023-05-20 00:00:00+00:00,46.112600536193035,96.55899581947722,99.38221365247739,92.34972677595627,93.39000253742702,87.55020080321283
2023-05-21 00:00:00+00:00,42.62734584450403,95.29546897456413,98.58963364340998,89.29872495446263,91.49961938594264,85.54216867469879
2023-05-22 00:00:00+00:00,40.75067024128687,95.65705177307035,99.26914400266557,88.93442622950818,92.5019030702867,88.25301204819276
2023-05-23 00:00:00+00:00,42.62734584450403,96.97647805742145,101.27380880850805,91.16575591985425,92.47652879979698,89.35742971887547
2023-05-24 00:00:00+00:00,38.3378016085791,93.80349904126582,98.31542608686149,87.52276867030962,89.6219233697031,85.34136546184736
2023-05-25 00:00:00+00:00,38.3378016085791,94.3193129891201,98.62732352668058,87.65938069216755,89.92641461557977,85.34136546184736
2023-05-26 00:00:00+00:00,39.14209115281502,95.14633254786723,99.83940832345564,88.11475409836062,90.04059883278353,85.74297188755017
2023-05-27 00:00:00+00:00,40.75067024128686,95.67486548863378,99.95411666384447,93.03278688524586,92.04516620147167,86.64658634538151
2023-05-28 00:00:00+00:00,39.946380697050934,99.98838545745265,104.25567942842473,94.76320582877955,93.27581832022325,88.45381526104414
2023-05-29 00:00:00+00:00,38.605898123324394,98.81766807062498,103.37952619993118,93.67030965391618,92.78102004567366,87.3493975903614
2023-05-30 00:00:00+00:00,34.852546916890084,98.66803285989228,103.81596412360096,96.7668488160291,91.740674955595,87.14859437751001
2023-05-31 00:00:00+00:00,33.78016085790885,96.943487056198,102.34332752508564,94.76320582877953,90.90332402943413,86.2449799196787
2023-06-01 00:00:00+00:00,33.51206434316354,95.54539540391889,101.69604474717735,93.3060109289617,90.6115199188023,84.83935742971886
2023-06-02 00:00:00+00:00,34.58445040214477,97.05834989415092,104.14861831072851,96.8123861566484,92.05785333671653,86.3453815261044
2023-06-03 00:00:00+00:00,34.85254691689008,96.44067712070505,103.35002976954549,96.49362477231324,92.23547323014459,86.2449799196787
2023-06-04 00:00:00+00:00,32.975871313672926,96.60452767645734,103.2380525801183,99.36247723132963,91.9690433900025,86.3453815261044
2023-06-05 00:00:00+00:00,27.61394101876676,91.66296735173468,98.89497632092117,91.07468123861563,84.24257802588173,80.02008032128512
2023-06-06 00:00:00+00:00,32.171581769437,97.01377997781125,102.94472696683839,92.8051001821493,89.1271250951535,82.12851405622487
2023-06-07 00:00:00+00:00,28.686327077747986,93.84030217761985,100.07647222692589,84.88160291438976,85.35904592742958,79.1164658634538
2023-06-08 00:00:00+00:00,28.9544235924933,94.40774027317688,100.81442921676054,86.02003642987245,86.22177112408018,79.71887550200802
2023-06-09 00:00:00+00:00,30.563002680965152,94.33363521643308,100.52656590540386,79.23497267759558,88.13752854605428,79.1164658634538
2023-06-10 00:00:00+00:00,25.201072386058982,92.06559295089896,95.673856876765,71.08378870673947,78.34306013702104,68.77510040160641
2023-06-11 00:00:00+00:00,24.664879356568363,92.36607470502267,95.74104319042131,70.81056466302364,78.03856889114437,66.96787148594375
2023-06-12 00:00:00+00:00,24.396782841823057,92.29353725524845,95.18443462443943,69.17122040072854,77.93707180918547,66.86746987951805
2023-06-13 00:00:00+00:00,24.396782841823057,92.39707057010303,95.05060822731916,68.48816029143893,78.34306013702104,68.1726907630522
2023-06-14 00:00:00+00:00,23.592493297587133,89.52674658136985,90.17987360233349,65.9380692167577,76.604922608475,65.86345381526102
2023-06-15 00:00:00+00:00,23.86058981233244,91.20084394258853,91.05438814025005,67.25865209471762,78.06394316163407,67.77108433734938
2023-06-16 00:00:00+00:00,25.737265415549597,93.86046730363763,93.83797720035177,69.71766848816024,78.90129408779494,68.57429718875501
2023-06-17 00:00:00+00:00,26.80965147453083,94.47322349158803,94.37546770960218,71.22040072859741,78.91398122303978,70.08032128514056
2023-06-18 00:00:00+00:00,25.201072386058982,93.84254670578086,94.00348494862705,70.35519125683055,78.8124841410809,72.3895582329317
2023-06-19 00:00:00+00:00,25.201072386058982,95.63952307695597,94.88619293942853,73.31511839708557,79.23115960416133,72.59036144578312
2023-06-20 00:00:00+00:00,28.686327077747986,100.85409640640354,97.88390423492267,75.7741347905282,80.09388480081194,72.99196787148591
2023-06-21 00:00:00+00:00,36.99731903485254,106.86052502007605,103.18889186280882,78.46083788706736,83.24029434153762,75.8032128514056
2023-06-22 00:00:00+00:00,41.55495978552278,106.47229290308698,102.25483823392854,75.68306010928958,83.16417153006846,78.31325301204816
2023-06-23 00:00:00+00:00,44.23592493297587,109.33524201357692,103.38116489050817,78.00546448087428,86.56432377569139,79.718875502008
2023-06-24 00:00:00+00:00,41.55495978552279,108.76139098041703,102.4159761406652,75.77413479052821,84.61050494798268,78.41365461847386
2023-06-25 00:00:00+00:00,43.163538873994646,108.53063210900855,103.71818891917431,77.23132969034606,84.64856635371727,78.91566265060239
2023-06-26 00:00:00+00:00,40.48257372654156,107.83707290726252,101.54255406313328,74.0892531876138,82.13651357523466,75.8032128514056
2023-06-27 00:00:00+00:00,43.16353887399465,109.34927922144088,103.21456468184822,75.72859744990888,83.1768586653133,76.30522088353412
2023-06-28 00:00:00+00:00,38.06970509383379,107.15808532484736,99.85197161787922,72.72313296903457,79.38340522709966,72.59036144578312
2023-06-29 00:00:00+00:00,41.28686327077749,108.47594400222886,101.1612853888886,81.92167577413473,80.46181172291291,73.49397590361444
2023-06-30 00:00:00+00:00,43.431635388739956,108.563908129681,105.62944836212877,85.8834244080145,84.31870083735087,75.8032128514056
2023-07-01 00:00:00+00:00,41.823056300268114,108.96970457021563,105.1220005134564,85.15482695810557,86.91956356254752,76.70682730923693
2023-07-02 00:00:00+00:00,42.35924932975873,109.08061276331344,105.83100730309769,88.57012750455365,86.28520680030444,76.90763052208834
2023-07-03 00:00:00+00:00,49.32975871313675,111.00153696737883,106.81749903044144,87.70491803278682,86.84344075107835,78.01204819277106
2023-07-04 00:00:00+00:00,45.84450402144774,109.61317160379731,105.76108983847976,87.1129326047358,87.41436183709712,77.00803212851403
2023-07-05 00:00:00+00:00,44.5040214477212,108.68080173120815,104.34963102150509,86.5209471766848,85.01649327581826,74.89959839357428
2023-07-06 00:00:00+00:00,41.28686327077751,106.50973733320129,100.84337941695392,89.29872495446257,82.27607206292814,71.68674698795179
2023-07-07 00:00:00+00:00,42.09115281501343,108.11037093143642,102.19475291277253,97.90528233151174,82.97386450139554,73.49397590361443
2023-07-08 00:00:00+00:00,41.82305630026813,107.89635695265756,101.88504039372275,99.31693989071027,83.39253996447596,76.7068273092369
2023-07-09 00:00:00+00:00,41.28686327077751,107.45486182613386,101.7517602267948,97.0856102003642,82.92311596041607,77.71084337349393
2023-07-10 00:00:00+00:00,40.48257372654158,108.34861156338155,102.71312536529148,96.99453551912558,82.75818320223286,75.70281124497987
2023-07-11 00:00:00+00:00,40.48257372654158,109.09867587089475,102.59841702490266,100.50091074681227,82.82161887845719,75.60240963855416
2023-07-12 00:00:00+00:00,40.21447721179628,108.23613576331417,102.24445986027435,99.90892531876128,82.50444049733564,75.40160642570277
2023-07-13 00:00:00+00:00,46.11260053619307,112.06334129725177,109.4912958218853,118.44262295081953,89.34280639431607,80.02008032128509
2023-07-14 00:00:00+00:00,43.967828418230596,107.99390485908282,105.85012535982918,121.44808743169386,86.89418929205776,80.1204819277108
2023-07-15 00:00:00+00:00,44.235924932975905,107.91377876647859,105.49944557635484,125.04553734061916,91.30931235726966,81.22489959839353
2023-07-16 00:00:00+00:00,42.09115281501343,107.70881415520593,104.99145149749012,124.86338797814194,88.20096422227853,78.91566265060237
2023-07-17 00:00:00+00:00,42.35924932975874,107.37395193004484,104.39551435766066,122.04007285974485,88.58157827962438,78.81526104417667
2023-07-18 00:00:00+00:00,40.7506702412869,106.38040975821087,103.63133831859427,116.30236794171208,87.10987059122043,77.51004016064253
2023-07-19 00:00:00+00:00,40.7506702412869,106.55883193329404,103.16267281357716,119.80874316939875,88.84800811976648,77.71084337349394
2023-07-20 00:00:00+00:00,40.48257372654158,106.16974475795793,103.32435695050613,115.57377049180313,89.59654909921332,77.20883534136541
2023-07-21 00:00:00+00:00,41.0187667560322,106.53214698738007,103.33200417319873,116.12021857923483,92.89520426287736,78.71485943775095
2023-07-22 00:00:00+00:00,39.94638069705096,106.14836829928184,101.95495785834072,111.65755919854266,89.40624207054042,78.11244979919674
2023-07-23 00:00:00+00:00,40.48257372654158,107.18067311618181,103.16813511550042,112.75045537340604,91.09363105810701,78.81526104417665
2023-07-24 00:00:00+00:00,36.193029490616645,103.94837442720002,101.05258558061543,106.42076502732228,94.13854351687381,76.9076305220883
2023-07-25 00:00:00+00:00,34.852546916890105,104.13509779373572,101.47099790793841,105.96539162112919,103.84420197919302,79.51807228915658
2023-07-26 00:00:00+00:00,35.65683646112603,104.57349333375139,102.25429200373625,114.61748633879768,98.87084496320722,78.91566265060234
2023-07-27 00:00:00+00:00,36.193029490616645,104.11325817845498,101.668733237561,114.29872495446251,98.46485663537165,78.31325301204814
2023-07-28 00:00:00+00:00,35.65683646112603,104.43875038922971,102.37391641585603,113.02367941712188,97.90662268459775,82.02811244979914
2023-07-29 00:00:00+00:00,36.19302949061665,104.57684231227734,102.71640274644544,114.61748633879768,101.7888860695254,85.54216867469873
2023-07-30 00:00:00+00:00,34.85254691689011,104.32100172935554,101.69659097736971,110.42805100182136,98.98502918041099,83.13253012048186
2023-07-31 00:00:00+00:00,33.243967828418256,104.1469973557321,101.3879709187046,108.06010928961736,98.7820350164932,84.93975903614452
2023-08-01 00:00:00+00:00,34.85254691689011,105.83481127793463,102.33458784200839,109.5173041894352,99.14996193859417,84.63855421686742
2023-08-02 00:00:00+00:00,32.70777479892764,103.98225611420165,100.50089308636447,105.41894353369747,94.16391778736353,81.82730923694773
2023-08-03 00:00:00+00:00,32.17158176943702,104.0094398441514,100.27748493770245,103.14207650273208,93.3519411316924,83.13253012048187
2023-08-04 00:00:00+00:00,31.099195710455785,103.72566735522622,99.97268849038362,103.82513661202171,93.21238264399891,87.24899598393569
2023-08-05 00:00:00+00:00,30.831099195710475,103.5765309285293,100.31408236058839,103.14207650273208,96.05430093884793,100.10040160642563
2023-08-06 00:00:00+00:00,30.831099195710475,103.63456801383488,99.97541964134523,105.64663023679401,94.22735346358786,94.07630522088348
2023-08-07 00:00:00+00:00,29.75871313672924,104.07150282917435,99.91096447865057,105.28233151183957,93.30119259071294,90.16064257028108
2023-08-08 00:00:00+00:00,31.367292225201098,106.06435881668479,101.39671060178179,110.2914389799634,95.10276579548331,95.68273092369473
2023-08-09 00:00:00+00:00,33.243967828418256,105.39303113196192,101.34481873351066,111.02003642987232,95.6736868815021,96.58634538152604
2023-08-10 00:00:00+00:00,33.243967828418256,104.9432704414168,101.18750443812033,112.11293260473572,96.26998223801061,99.59839357429713
2023-08-11 00:00:00+00:00,33.512064343163566,104.83738571610786,100.98922287830538,112.11293260473572,96.09236234458255,105.6224899598393
2023-08-12 00:00:00+00:00,36.461126005361955,104.85213547259436,101.04876196926911,113.43351548269563,97.31032732808929,107.12851405622483
2023-08-13 00:00:00+00:00,36.461126005361955,104.4020541351691,100.54623019232767,110.3369763205827,94.8870844963207,102.71084337349392
2023-08-14 00:00:00+00:00,37.53351206434319,104.85484315736,100.80678199406796,114.66302367941692,94.76021314387208,102.3092369477911
2023-08-15 00:00:00+00:00,33.780160857908875,104.03209889034808,99.90440971634268,108.83424408014552,89.98985029180409,99.69879518072283
2023-08-16 00:00:00+00:00,31.099195710455792,102.35942662637447,98.74804039918504,103.91621129326029,85.21948743973607,92.46987951807223
2023-08-17 00:00:00+00:00,28.954423592493324,94.8523706136398,91.84806060970216,98.6338797814206,77.41689926414612,81.62650602409633
2023-08-18 00:00:00+00:00,28.954423592493324,92.8237090578469,90.76106252697014,97.17668488160275,80.25881755899513,86.24497991967867
2023-08-19 00:00:00+00:00,30.294906166219864,92.98763086846145,91.20241652237088,99.72677595628396,80.9312357269728,84.73895582329311
2023-08-20 00:00:00+00:00,30.02680965147456,93.30820649374067,92.05289693182503,99.13479052823297,80.9946714031971,83.43373493975898
2023-08-21 00:00:00+00:00,29.22252010723863,93.08350428562375,91.08661572159743,96.53916211293242,79.31996955087538,80.12048192771078
2023-08-22 00:00:00+00:00,28.954423592493324,92.83083454407226,89.30809021537858,93.76138433515464,79.4087794975894,80.32128514056218
2023-08-23 00:00:00+00:00,29.75871313672925,94.17299112948226,91.74536933354456,98.99817850637504,80.9312357269728,83.53413654618467
2023-08-24 00:00:00+00:00,25.469168900804313,93.27279282720059,90.73757462870006,95.90163934426211,80.03044912458762,82.42971887550192
2023-08-25 00:00:00+00:00,23.592493297587154,92.8451211439541,90.3355492071469,92.98724954462642,80.08119766556706,81.72690763052202
2023-08-26 00:00:00+00:00,23.056300268096535,92.69320577762929,89.9662975971334,92.3952641165754,79.78939355493524,81.1244979919678
2023-08-27 00:00:00+00:00,24.128686327077766,92.99390129633976,90.58299148427132,94.67213114754078,80.15732047703624,80.72289156626499
2023-08-28 00:00:00+00:00,23.056300268096532,93.05885010328396,90.29622063329931,93.6247723132967,80.49987312864751,82.53012048192763
2023-08-29 00:00:00+00:00,24.128686327077766,98.7461994437846,94.4661419215286,99.22586520947155,84.24257802588171,84.03614457831317
2023-08-30 00:00:00+00:00,23.05630026809653,97.26285134881897,93.144811086288,94.8087431693987,83.58284699314889,81.9277108433734
2023-08-31 00:00:00+00:00,21.447721179624676,92.42033528262888,89.89638013251546,89.89071038251345,80.89317432123822,80.22088353413646
2023-09-01 00:00:00+00:00,20.643431635388755,91.93676415994439,88.98745309248226,88.02367941712183,81.04541994417656,79.31726907630514
2023-09-02 00:00:00+00:00,20.911528150134064,92.16641858098795,89.41952117461342,88.79781420765008,80.53793453438207,78.71485943775092
2023-09-03 00:00:00+00:00,21.44772117962468,92.52874955554783,89.35451978172644,89.11657559198522,80.14463334179138,77.20883534136537
2023-09-04 00:00:00+00:00,21.44772117962468,92.01147488301737,89.0633790892158,88.88888888888869,80.25881755899512,75.20080321285133
2023-09-05 00:00:00+00:00,21.71581769436999,91.89062663663515,89.27859378499289,92.25865209471746,81.2230398376046,76.70682730923687
2023-09-06 00:00:00+00:00,21.17962466487937,91.7760844455624,89.20758385999031,89.43533697632037,80.75361583354473,77.10843373493968
2023-09-07 00:00:00+00:00,21.715817694369992,93.5398204234962,90.02474422771245,90.710382513661,80.75361583354473,77.20883534136537
2023-09-08 00:00:00+00:00,21.179624664879373,92.31245542117684,89.3872935932661,89.29872495446246,80.8297386450139,76.30522088353405
2023-09-09 00:00:00+00:00,20.911528150134068,92.2807826349051,89.3381328759566,88.52459016393423,80.42375031717833,76.00401606425694
2023-09-10 00:00:00+00:00,18.766756032171596,92.0670180481441,88.3483637674589,83.06010928961729,77.77213905100223,73.8955823293172
2023-09-11 00:00:00+00:00,17.962466487935675,89.6475948277521,84.76673239636649,80.69216757741329,76.74448109616844,70.88353413654612
2023-09-12 00:00:00+00:00,17.962466487935675,92.06163830604393,87.01283094721781,81.60291438979944,77.26465364120777,71.98795180722884
2023-09-13 00:00:00+00:00,18.23056300268098,93.42224990077763,87.8130581789778,83.7887067395262,77.72139051002279,72.89156626506016
2023-09-14 00:00:00+00:00,18.49865951742629,94.49367363705483,88.84270209151543,85.83788706739507,78.76173560010146,73.9959839357429
2023-09-15 00:00:00+00:00,18.49865951742629,94.76896679737187,89.652215236545,87.158469945355,79.29459528038564,74.79919678714853
2023-09-16 00:00:00+00:00,17.962466487935675,94.62528136763734,89.27586263403126,87.06739526411637,78.83785841157062,74.29718875502002
2023-09-17 00:00:00+00:00,16.621983914209128,94.51070354913345,88.62475624477669,85.65573770491783,77.98782035016488,72.38955823293166
2023-09-18 00:00:00+00:00,16.621983914209128,95.34794818061401,89.39931065749731,89.43533697632037,78.63486424765283,72.79116465863447
2023-09-19 00:00:00+00:00,17.426273458445056,96.9431664093179,89.75217536174097,91.21129326047338,79.52296371479314,74.29718875502002
2023-09-20 00:00:00+00:00,16.890080428954438,96.63940693153053,88.61273918054549,92.39526411657538,79.44684090332397,74.79919678714853
2023-09-21 00:00:00+00:00,16.621983914209128,94.65524403721504,86.51958508354593,88.61566484517283,77.78482618624709,72.69076305220878
2023-09-22 00:00:00+00:00,19.034852546916902,94.69821071915399,87.0188394793334,88.4790528233149,78.05125602638918,73.29317269076301
2023-09-23 00:00:00+00:00,18.230563002680977,94.68331845294297,87.06144543433496,88.75227686703074,78.05125602638918,75.30120481927706
2023-09-24 00:00:00+00:00,17.96246648793567,93.51623506409022,86.3431527314241,88.16029143897975,76.99822380106566,73.29317269076301
2023-09-25 00:00:00+00:00,19.034852546916905,93.71728065793896,86.75938013797776,88.29690346083768,77.3154021821872,73.0923694779116
2023-09-26 00:00:00+00:00,18.498659517426287,93.42107419555046,87.06963888721988,86.65755919854261,76.90941385435163,72.89156626506019
2023-09-27 00:00:00+00:00,19.57104557640752,93.96018848336169,87.32254346626759,87.158469945355,76.79522963714788,72.48995983935738
2023-09-28 00:00:00+00:00,19.83914209115283,96.27027111762543,90.29130456156837,90.89253187613824,78.02588175589946,73.29317269076301
2023-09-29 00:00:00+00:00,21.447721179624676,95.8625864232411,91.08115341967415,92.34972677595609,78.82517127632575,73.39357429718872
2023-09-30 00:00:00+00:00,21.447721179624676,96.06067494030628,91.26905660583486,97.31329690346064,78.74904846485657,73.69477911646582
2023-10-01 00:00:00+00:00,21.983914209115298,99.73033597380106,94.70484451557577,108.69763205828758,80.1700076122811,75.50200803212847
2023-10-02 00:00:00+00:00,20.107238605898136,97.95587613909808,90.80530717254868,106.42076502732219,78.66023851814255,73.39357429718872
2023-10-03 00:00:00+00:00,19.57104557640752,97.71343147027999,90.50378810638382,107.46812386156626,77.86094899771628,73.09236947791162
2023-10-04 00:00:00+00:00,19.30294906166221,98.96790894768685,89.94117100828632,105.32786885245878,77.98782035016488,72.5903614457831
2023-10-05 00:00:00+00:00,18.766756032171592,97.65617818845918,88.04083616917843,103.36976320582856,77.21390510022832,71.68674698795178
2023-10-06 00:00:00+00:00,19.302949061662215,99.51129852723331,89.85650532847555,106.60291438979941,77.86094899771628,72.5903614457831
2023-10-07 00:00:00+00:00,19.034852546916905,99.60243349605574,89.23052552806806,106.10200364298703,77.93707180918544,72.5903614457831
2023-10-08 00:00:00+00:00,19.034852546916905,99.46127761393122,89.19065072402815,105.73770491803256,77.34077645267693,72.28915662650599
2023-10-09 00:00:00+00:00,17.96246648793567,98.2965100081017,86.31147138026911,100.63752276867011,74.51154529307277,69.4779116465863
2023-10-10 00:00:00+00:00,17.426273458445056,97.58396138556509,85.62868363985955,100.68306010928943,75.01903070286725,69.2771084337349
2023-10-11 00:00:00+00:00,17.158176943699747,95.75057377977834,85.58717014524264,100.22768670309637,74.23242831768583,67.97188755020078
2023-10-12 00:00:00+00:00,16.621983914209128,95.33768748044949,84.09814664095747,96.9034608378869,73.43313879725953,68.27309236947787
2023-10-13 00:00:00+00:00,17.426273458445056,95.70240549289485,84.78366553232868,99.4535519125681,74.08018269474746,69.3775100401606
2023-10-14 00:00:00+00:00,17.158176943699747,95.6684881784621,84.93551752579577,100.18214936247702,75.91981730525241,70.48192771084332
2023-10-15 00:00:00+00:00,17.694369973190362,96.74326089326524,85.09010067022449,99.86338797814187,75.24739913727475,70.08032128514053
2023-10-16 00:00:00+00:00,17.96246648793567,101.54095765109774,87.36514942126917,109.06193078324202,76.12281146917019,71.18473895582326
2023-10-17 00:00:00+00:00,17.158176943699747,101.16733278087067,85.4855713294697,108.97085610200341,74.90484648566348,69.1767068273092
2023-10-18 00:00:00+00:00,16.890080428954438,100.89688495118689,85.39981318927427,106.64845173041873,74.32123826439984,67.97188755020078
2023-10-19 00:00:00+00:00,16.890080428954438,102.29957254208138,85.57078323947282,113.52459016393416,74.68916518650083,68.574297188755
2023-10-20 00:00:00+00:00,17.426273458445056,105.70316791992099,87.60931431723962,123.08743169398882,75.99594011672158,69.37751004016062
2023-10-21 00:00:00+00:00,18.7667560321716,106.56093395173056,88.97762094902039,133.51548269581028,77.63258056330874,70.88353413654616
2023-10-22 00:00:00+00:00,19.839142091152834,106.85543029742495,90.87631709755131,132.28597449908898,78.27962446079668,71.58634538152609
2023-10-23 00:00:00+00:00,26.809651474530856,117.81987910900074,96.43475553467749,145.17304189435308,85.53666582085756,75.40160642570278
2023-10-24 00:00:00+00:00,24.932975871313694,120.85797267091021,97.50099687010106,137.38615664845148,84.49632073077892,74.19678714859434
2023-10-25 00:00:00+00:00,32.171581769437026,122.90056455227372,97.61952882183618,147.7231329690343,86.67850799289512,78.31325301204815
2023-10-26 00:00:00+00:00,34.5844504021448,121.67359145169677,98.50606042398395,149.22586520947146,91.15706673433128,79.3172690763052
2023-10-27 00:00:00+00:00,31.099195710455785,120.74856082991967,97.19620042278224,144.48998178506343,85.96802841918286,77.20883534136543
2023-10-28 00:00:00+00:00,30.563002680965173,121.42184802335456,97.0214067612374,144.03460837887036,87.54123318954571,80.0200803212851
2023-10-29 00:00:00+00:00,30.563002680965173,123.00687680675617,98.05596674550597,149.4990892531873,87.98528292311586,80.52208835341361
2023-10-30 00:00:00+00:00,31.6353887399464,122.82460686911132,98.8152267128414,159.10746812386122,88.28977416899254,79.9196787148594
2023-10-31 00:00:00+00:00,30.563002680965173,123.41260199242853,99.12275431112188,174.8633879781417,86.61507231667079,78.21285140562246
2023-11-01 00:00:00+00:00,31.903485254691716,126.19745577388848,100.88817029272485,187.38615664845133,87.46511037807653,80.0200803212851
2023-11-02 00:00:00+00:00,29.49061662198394,124.48790911869858,98.36513303436342,183.19672131147502,86.14564831261092,78.91566265060237
2023-11-03 00:00:00+00:00,28.954423592493324,123.68696883953629,100.10815357808096,179.64480874316905,86.36132961177357,78.51405622489956
2023-11-04 00:00:00+00:00,29.75871313672925,124.91714840891468,101.35519710716498,193.1238615664841,87.6427302715046,79.718875502008
2023-11-05 00:00:00+00:00,30.02680965147456,124.73833433208912,103.3309117128141,187.38615664845133,90.18015732047695,81.42570281124496
2023-11-06 00:00:00+00:00,32.17158176943703,124.86021577397402,103.83562841052485,191.9854280510014,96.89165186500878,84.93975903614457
2023-11-07 00:00:00+00:00,31.367292225201105,126.11797097504456,102.9791394689551,195.4918032786881,93.09819842679514,82.32931726907628
2023-11-08 00:00:00+00:00,31.90348525469172,126.92172582126587,103.13481507376846,196.40255009107426,95.58487693478804,83.1325301204819
2023-11-09 00:00:00+00:00,35.65683646112604,130.7565556254646,115.87290315884933,206.2386156648447,93.33925399644751,82.6305220883534
2023-11-10 00:00:00+00:00,36.19302949061666,132.89612537435536,113.49133952030076,258.0601092896169,95.64831261101234,85.24096385542167
2023-11-11 00:00:00+00:00,34.3163538873995,132.28465177392553,112.15034439813638,256.55737704917976,99.58132453691947,91.26506024096382
2023-11-12 00:00:00+00:00,32.97587131367296,132.0499738850931,111.6865949648502,256.2841530054639,98.89621923369694,89.55823293172688
2023-11-13 00:00:00+00:00,31.099195710455795,129.90805272574798,112.17656344736811,234.97267759562789,94.59528038568882,85.64257028112448
2023-11-14 00:00:00+00:00,30.831099195710486,126.65975732019025,108.12025803914295,258.69763205828724,91.90560771377815,83.73493975903612
2023-11-15 00:00:00+00:00,33.78016085790889,134.8790413085814,112.44039263026234,297.9508196721305,96.71403197158074,88.25301204819276
2023-11-16 00:00:00+00:00,30.563002680965184,128.8412961829484,107.15780044026162,263.2058287795987,100.82466379091592,85.34136546184736
2023-11-17 00:00:00+00:00,31.099195710455795,130.445991308332,107.1059085719905,266.4389799635695,109.62953565084995,88.55421686746985
2023-11-18 00:00:00+00:00,30.831099195710486,130.28274641890886,107.20313754622481,266.66666666666606,101.85232174574972,85.94377510040157
2023-11-19 00:00:00+00:00,31.90348525469172,133.1035839058069,109.87256449613005,278.2331511839703,102.08069018015722,87.0481927710843
2023-11-20 00:00:00+00:00,30.56300268096518,133.42038302338668,110.41497107711142,257.60473588342387,98.55366658208567,84.63855421686743
2023-11-21 00:00:00+00:00,27.613941018766784,127.33831737343189,105.58684240712732,235.20036429872445,91.04288251712754,77.71084337349393
2023-11-22 00:00:00+00:00,29.490616621983946,133.27630569190976,112.69875951123333,262.11293260473536,96.10504947982736,81.32530120481924
2023-11-23 00:00:00+00:00,28.686327077748015,132.8699392124771,112.64359026180824,257.33151183970807,96.67597056584613,81.42570281124495
2023-11-24 00:00:00+00:00,29.490616621983946,134.363761772194,113.661763340307,258.92531876138383,99.18802334432874,82.22891566265056
2023-11-25 00:00:00+00:00,31.635388739946407,134.60282183505507,113.78466513358072,267.8506375227682,100.15224562293821,85.14056224899595
2023-11-26 00:00:00+00:00,29.75871313672925,133.41557332018454,112.65069125430851,262.1584699453547,99.82238010657181,83.2329317269076
2023-11-27 00:00:00+00:00,29.22252010723863,132.6861729227249,110.7481714944313,250.72859744990845,100.02537427048959,82.22891566265055
2023-11-28 00:00:00+00:00,29.490616621983946,134.73891862195956,111.87559061139558,264.9362477231324,102.5501141842171,83.43373493975899
2023-11-29 00:00:00+00:00,28.418230563002712,134.8663579431002,110.81972764962622,270.0819672131142,102.09337731540207,82.53012048192765
2023-11-30 00:00:00+00:00,29.22252010723863,134.40077867313477,112.08425054486473,270.03642987249486,105.84876934788115,83.3333333333333
2023-12-01 00:00:00+00:00,29.758713136729252,137.81588171122834,114.01135066339666,272.0856102003637,106.38162902816532,84.03614457831323
2023-12-02 00:00:00+00:00,31.36729222520111,140.55146275543984,118.24463465393595,289.89071038251296,109.32504440497324,85.54216867469877
2023-12-03 00:00:00+00:00,32.17158176943703,142.41089401338033,119.78555002649225,286.7941712204,108.7414361837096,90.56224899598392
2023-12-04 00:00:00+00:00,37.265415549597904,149.60350231898957,122.53964265620829,280.6921675774128,116.56939862978926,92.46987951807226
2023-12-05 00:00:00+00:00,43.16353887399469,157.02191728308065,125.26860869707723,277.91438979963505,119.7031210352701,95.28112449799194
2023-12-06 00:00:00+00:00,39.678284182305674,155.9152223899879,121.95681504099467,281.6484517304183,120.43897487947206,97.5903614457831
2023-12-07 00:00:00+00:00,41.018766756032214,154.17108149917385,128.67708509720177,308.4699453551905,121.70768840395823,98.19277108433732
2023-12-08 00:00:00+00:00,42.359249329758754,157.3698904028964,128.84040792470773,341.2568306010921,128.95204262877425,102.30923694779115
2023-12-09 00:00:00+00:00,41.28686327077752,155.74032733058624,127.84463028409444,329.23497267759484,124.91753362090824,100.30120481927707
2023-12-10 00:00:00+00:00,42.89544235924937,156.01077516027004,128.49464421296435,340.93806921675696,129.23115960416123,103.71485943775099
2023-12-11 00:00:00+00:00,38.06970509383382,146.97526672476317,121.54277255521033,319.89981785063674,119.42400405988313,95.48192771084338
2023-12-12 00:00:00+00:00,37.26541554959789,147.8267267012633,120.35963795862865,312.386156648451,119.01801573204756,96.08433734939759
2023-12-13 00:00:00+00:00,38.06970509383381,152.73134137990746,123.45676314912642,321.5846994535512,122.32935803095646,98.39357429718875
2023-12-14 00:00:00+00:00,39.94638069705097,153.2772605070639,126.46976889000574,344.626593806921,124.71453945699045,101.20481927710843
2023-12-15 00:00:00+00:00,35.656836461126034,149.42251496886522,121.29041420635494,330.1912568306004,118.02841918294833,96.38554216867469
2023-12-16 00:00:00+00:00,37.8016085790885,150.6257602003117,121.75252494906412,335.70127504553665,123.23014463334164,116.46586345381526
2023-12-17 00:00:00+00:00,35.65683646112603,147.407249327176,119.98055420515321,322.72313296903394,117.92692210098946,103.4136546184739
2023-12-18 00:00:00+00:00,35.120643431635415,151.9787831522154,121.23196757577585,338.8888888888882,116.88657701091078,104.81927710843372
2023-12-19 00:00:00+00:00,33.512064343163566,150.61849220436184,118.96401981723146,332.4225865209465,114.47602131438705,101.60642570281124
2023-12-20 00:00:00+00:00,34.04825737265418,155.58117959574273,120.28917426381835,374.36247723132885,116.0872874904845,102.81124497991969
2023-12-21 00:00:00+00:00,35.120643431635415,156.26832585988592,122.33426010389307,427.32240437158373,120.51509769094122,104.71887550200805
2023-12-22 00:00:00+00:00,42.35924932975874,156.65039443129007,126.9733931273318,445.81056466302266,120.51509769094122,109.53815261044177
2023-12-23 00:00:00+00:00,39.67828418230566,155.6995695493772,126.08085299306842,491.25683060109174,118.57396599847738,111.14457831325304
2023-12-24 00:00:00+00:00,36.99731903485257,153.16767052891777,123.66924669394186,512.0673952641155,116.35371733062658,107.02811244979922
2023-12-25 00:00:00+00:00,37.8016085790885,155.25055703488573,124.06799473434104,550.5919854280497,119.70312103527006,110.64257028112452
2023-12-26 00:00:00+00:00,35.65683646112603,151.44839758503025,121.85740114599106,512.2495446265926,115.89698046181154,106.32530120481931
2023-12-27 00:00:00+00:00,38.60589812332442,154.72583622924972,129.91265779224693,486.8397085610189,118.81502156812971,109.33734939759042
2023-12-28 00:00:00+00:00,35.924932975871336,151.64374278989868,128.04455053448635,463.5701275045527,116.39177873636113,106.52610441767072
2023-12-29 00:00:00+00:00,35.924932975871336,149.87373638408656,125.58924581997356,483.46994535519013,115.41486932250677,104.51807228915666
2023-12-30 00:00:00+00:00,35.120643431635415,150.1349923365396,125.17848071534317,464.0255009107458,114.18421720375518,104.71887550200805
2023-12-31 00:00:00+00:00,34.85254691689011,150.64553342458711,124.64262889666975,463.2058287795982,113.61329611773641,104.01606425702812
2024-01-01 00:00:00+00:00,37.8016085790885,157.400387483941,128.4755261562329,500.5009107468113,116.70895711748265,107.2289156626506
2024-01-02 00:00:00+00:00,35.92493297587134,160.13429403888952,128.655782119701,486.0200364298715,115.57980208068996,106.02409638554218
2024-01-03 00:00:00+00:00,31.6353887399464,152.64654809382557,120.70157805902572,448.63387978141975,104.04719614311068,96.08433734939759
2024-01-04 00:00:00+00:00,33.51206434316356,157.2990274423851,123.83639313279413,477.73224043715743,106.58462319208301,100.30120481927712
2024-01-05 00:00:00+00:00,31.90348525469171,157.27768661114015,123.92761357491284,455.1001821493615,104.88454706927155,98.49397590361446
2024-01-06 00:00:00+00:00,30.831099195710475,156.64782925624888,122.39816903639542,427.00364298724855,102.23293580309547,96.4859437751004
2024-01-07 00:00:00+00:00,30.02680965147455,156.5078134519204,121.34066738404907,407.28597449908824,99.26414615579785,90.56224899598394
2024-01-08 00:00:00+00:00,31.90348525469171,167.27449439331116,127.29566894080513,445.7194899817839,103.14640954072551,96.18473895582329
2024-01-09 00:00:00+00:00,32.17158176943702,164.2780849258201,128.0521977571789,452.45901639344146,100.52017254503916,97.08835341365463
2024-01-10 00:00:00+00:00,35.65683646112603,166.21618155168863,141.1666384447735,464.4808743169386,105.39203247906606,100.20080321285138
2024-01-11 00:00:00+00:00,36.729222520107264,165.0945231375226,143.0036105815714,454.91803278688405,107.28241563055043,101.90763052208834
2024-01-12 00:00:00+00:00,33.24396782841825,152.42387664928285,137.7887509354193,419.4899817850626,101.58589190560754,96.7871485943775
2024-01-13 00:00:00+00:00,33.51206434316356,152.65638126481656,140.82852195572266,436.4754098360644,102.66429840142078,99.19678714859437
2024-01-14 00:00:00+00:00,31.90348525469171,148.6816425385827,135.0756255701278,427.1857923497256,101.53514336462808,96.18473895582328
2024-01-15 00:00:00+00:00,32.43967828418233,151.45612873758475,137.20100724847475,429.6903460837875,102.86729256533853,95.78313253012047
2024-01-16 00:00:00+00:00,33.24396782841825,153.6894342577702,141.33159996285644,444.48998178506247,103.19715808170493,97.0883534136546
2024-01-17 00:00:00+00:00,32.43967828418233,152.40025566244577,138.20661703254996,464.93624772313166,102.24562293834029,95.68273092369476
2024-01-18 00:00:00+00:00,30.56300268096517,147.23926598941296,134.96310215050835,429.87249544626474,99.06115199188001,92.46987951807226
2024-01-19 00:00:00+00:00,30.56300268096517,148.4204222135608,136.12056392805064,426.3205828779587,99.68282161887824,93.47389558232929
2024-01-20 00:00:00+00:00,31.367292225201087,148.55227933616123,135.02864977358766,422.9508196721299,111.35498604415098,97.1887550200803
2024-01-21 00:00:00+00:00,30.294906166219853,148.14003433059267,134.21148940586548,414.79963570127387,108.4242578025879,93.87550200803211
2024-01-22 00:00:00+00:00,28.418230563002695,140.97069073750922,126.40859110846499,381.7850637522758,102.22024866785056,89.65863453815258
2024-01-23 00:00:00+00:00,27.882037533512076,142.14489961258735,122.49758293139901,384.1074681238604,99.2260847500632,88.65461847389557
2024-01-24 00:00:00+00:00,27.882037533512076,142.8121301427306,122.08354044561464,404.2349726775944,100.27911697538671,89.35742971887548
2024-01-25 00:00:00+00:00,27.613941018766774,142.37109817281157,121.18881539058195,395.76502732240317,98.8962192336968,89.05622489959838
2024-01-26 00:00:00+00:00,28.954423592493317,149.00642220073493,123.86752825375676,420.21857923497146,101.30677493022051,90.76305220883533
2024-01-27 00:00:00+00:00,29.22252010723862,150.06498443437536,123.88173023875729,429.32604735883297,101.6747018523215,91.66666666666666
2024-01-28 00:00:00+00:00,28.418230563002695,149.74586953377232,123.27869210642754,437.06739526411525,99.99999999999976,90.36144578313252
2024-01-29 00:00:00+00:00,28.686327077747997,154.2763961855847,126.59430937385639,463.0236794171206,103.20984521694979,92.36947791164657
2024-01-30 00:00:00+00:00,27.07774798927615,152.98810827603847,127.98228029256097,461.74863387978,101.14184217203731,90.86345381526102
2024-01-31 00:00:00+00:00,24.664879356568374,151.7016017380486,124.71200013109531,441.53005464480736,99.91119005328574,89.7590361445783
2024-02-01 00:00:00+00:00,24.664879356568374,153.49344775914147,125.86673075767598,445.4007285974485,100.69779243846715,90.66265060240961
2024-02-02 00:00:00+00:00,24.93297587131368,153.91050246791215,126.12782878960857,458.0145719489967,100.5836082212634,91.16465863453811
2024-02-03 00:00:00+00:00,24.93297587131368,153.23746466649516,125.4412174378527,446.0837887067381,99.89850291804086,91.4658634538152
2024-02-04 00:00:00+00:00,23.59249329758714,151.71186243821313,125.07524320899319,434.83606557376913,99.35295610251181,89.35742971887545
2024-02-05 00:00:00+00:00,24.12868632707776,152.1601267766509,125.7329043605557,435.6102003642974,99.40370464349127,89.45783132530114
2024-02-06 00:00:00+00:00,24.12868632707776,153.5504872763755,129.6007603524278,441.1657559198529,99.58132453691934,88.95582329317263
2024-02-07 00:00:00+00:00,26.005361930294924,158.0062319502527,132.46628394137866,460.564663023678,101.66201471707666,90.96385542168667
2024-02-08 00:00:00+00:00,25.469168900804306,161.35182587021782,132.16312618463684,467.94171220400597,101.33214920071023,92.46987951807222
2024-02-09 00:00:00+00:00,27.07774798927616,167.92195169917906,135.82341470342442,486.97632058287655,103.46358792184698,94.27710843373487
2024-02-10 00:00:00+00:00,27.07774798927616,170.1248670206133,136.5706576065286,496.4025500910732,103.2986551636638,94.47791164658626
2024-02-11 00:00:00+00:00,26.809651474530842,172.08045671516507,136.95138005058104,489.3442622950804,103.05759959401139,94.47791164658626
2024-02-12 00:00:00+00:00,28.95442359249331,177.84240989644528,145.2966849289629,508.37887067395104,104.32631311849758,96.48594377510032
2024-02-13 00:00:00+00:00,28.95442359249331,177.06687197567638,144.20422454430758,512.204007285973,102.82923115960389,95.0803212851405
2024-02-14 00:00:00+00:00,33.51206434316356,184.53288518775298,151.568499997269,532.6502732240422,108.47500634356734,97.89156626506016
2024-02-15 00:00:00+00:00,33.51206434316356,184.8351126860019,154.17838785621052,516.8488160291423,108.19588936818039,98.9959839357429
2024-02-16 00:00:00+00:00,31.367292225201087,185.70481390723901,153.04277528636135,502.4134790528218,108.99517888860669,99.09638554216859
2024-02-17 00:00:00+00:00,31.903485254691706,183.98945998077545,152.17590797113735,495.99271402549937,106.01370210606417,96.68674698795172
2024-02-18 00:00:00+00:00,32.97587131367295,185.75312470384696,157.37984301344287,511.11111111110955,108.0563308804869,97.79116465863446
2024-02-19 00:00:00+00:00,32.97587131367295,184.46006271852977,160.85386703664676,507.8779599271387,113.4483633595531,99.3975903614457
2024-02-20 00:00:00+00:00,32.17158176943701,186.18475103194854,164.6780246131326,493.2149362477216,109.29967013448334,97.99196787148585
2024-02-21 00:00:00+00:00,30.831099195710472,184.72605711932266,162.1156587809236,478.2786885245887,107.29510276579519,95.98393574297181
2024-02-22 00:00:00+00:00,32.43967828418233,182.72746511540078,162.30683934823827,463.38797814207516,106.69880740928667,95.6827309236947
2024-02-23 00:00:00+00:00,31.90348525469171,180.78837092146074,159.62157172275553,454.91803278688394,107.21897995432603,95.582329317269
2024-02-24 00:00:00+00:00,35.388739946380724,183.72432063832954,163.46593981635755,473.6338797814194,109.29967013448336,96.88755020080313
2024-02-25 00:00:00+00:00,36.729222520107264,184.2966040645198,170.0190634337124,471.17486338797676,109.26160872874877,97.08835341365453
2024-02-26 00:00:00+00:00,48.525469168900834,194.0856682957903,173.47943170210806,500.45537340619165,113.20730778990075,101.00401606425693
2024-02-27 00:00:00+00:00,71.58176943699736,203.20939025076717,177.10749263954833,493.44262295081825,123.80106571936025,109.33734939759026
2024-02-28 00:00:00+00:00,85.2546916890081,222.42953428534577,184.79513636636767,542.0309653916196,146.98046181172253,117.57028112449785
2024-02-29 00:00:00+00:00,73.45844504021453,217.7939779665715,182.4458003091665,572.3132969034592,148.84547069271719,126.10441767068261
2024-03-01 00:00:00+00:00,106.97050938337809,222.27206103976522,187.54431292435277,589.3897996356995,176.78254250190258,169.37751004016047
2024-03-02 00:00:00+00:00,117.42627345844512,220.8447548939621,186.88719800298261,592.0765027322387,180.10657193605638,226.8072289156624
2024-03-03 00:00:00+00:00,158.98123324396792,224.8588619315911,190.51471271023055,592.714025500909,194.70946460289213,226.10441767068252
2024-03-04 00:00:00+00:00,187.93565683646122,243.14193327267176,198.159204251856,606.8761384335137,230.85511291550307,360.5421686746985
2024-03-05 00:00:00+00:00,169.16890080428962,227.03227774005234,194.11109229651578,570.6284153005447,194.16391778736312,352.81124497991937
2024-03-06 00:00:00+00:00,193.02949061662207,235.40483093715108,208.58291501204454,595.5828779599253,200.2537427048967,334.036144578313
2024-03-07 00:00:00+00:00,182.57372654155506,238.07378868515542,211.32335188695234,654.9180327868833,199.99999999999946,316.26506024096363
2024-03-08 00:00:00+00:00,241.55495978552293,242.7089887296185,212.12084796775073,659.3351548269561,208.79218472468858,353.2128514056222
2024-03-09 00:00:00+00:00,234.85254691689025,243.38263219736461,213.3143609379866,657.0582877959906,226.7825425019024,350.90361445783105
2024-03-10 00:00:00+00:00,228.9544235924934,245.67208654900594,211.85374140370246,657.5136612021836,215.64323775691386,329.9196787148592
2024-03-11 00:00:00+00:00,242.35924932975882,256.79575435028755,222.03164857734356,677.7322404371564,230.90586145648246,339.9598393574295
2024-03-12 00:00:00+00:00,221.98391420911543,254.5651565148677,217.3974316256358,687.8415300546427,213.3468662775939,323.2931726907628
2024-03-13 00:00:00+00:00,242.09115281501354,260.33822545465955,218.75372119318533,746.3570127504531,214.37452423242772,321.4859437751001
2024-03-14 00:00:00+00:00,267.02412868632723,254.34045430675081,212.03017375582425,804.4171220400705,224.80334940370398,323.3935742971885
2024-03-15 00:00:00+00:00,239.14209115281514,247.6101119200122,204.4097163426612,837.659380692165,207.52347120020235,300.20080321285116
2024-03-16 00:00:00+00:00,199.19571045576419,232.64936978637084,192.44181282876238,829.0072859744965,180.8297386450134,255.02008032128492
2024-03-17 00:00:00+00:00,210.1876675603218,243.6683998224329,199.08506442785125,919.2167577413452,195.73712255772585,296.68674698795155
2024-03-18 00:00:00+00:00,182.84182305630037,240.8770262210768,192.29815428818017,892.1675774134762,182.09845216949955,269.4779116465861
2024-03-19 00:00:00+00:00,176.9436997319036,220.66704526750144,172.5344534693811,773.3151183970832,163.4229890890632,249.89959839357408
2024-03-20 00:00:00+00:00,224.93297587131374,241.69830976341245,192.08348582259543,873.2695810564637,192.95863993910118,278.614457831325
2024-03-21 00:00:00+00:00,211.79624664879367,233.3641985644995,190.79001272716354,817.213114754096,197.12002029941578,273.0923694779114
2024-03-22 00:00:00+00:00,198.92761394101882,227.2910397723264,182.2415102172358,797.8597449908901,194.01167216442468,266.465863453815
2024-03-23 00:00:00+00:00,195.97855227882044,227.97996740802597,181.86898122606837,786.2021857923473,205.40471961431047,272.28915662650576
2024-03-24 00:00:00+00:00,209.65147453083114,239.45192897600344,188.72143898881873,837.3406193078299,223.94062420705336,281.8273092369475
2024-03-25 00:00:00+00:00,216.8900804289545,248.96452434172966,196.11958071370444,860.6102003642964,222.35473230144564,288.15261044176674
2024-03-26 00:00:00+00:00,215.54959785522794,249.3492649704683,195.95079558427517,867.3041894353346,231.28647551382824,307.6305220883531
2024-03-27 00:00:00+00:00,204.55764075067032,247.50372841066732,191.2455687075648,848.4972677595605,241.65186500888024,303.01204819277075
2024-03-28 00:00:00+00:00,215.2815013404826,252.173095161581,194.48471374806775,863.5245901639321,279.1296625222016,321.4859437751001
2024-03-29 00:00:00+00:00,207.5067024128687,248.85953030219886,191.71259552200493,874.3624772313274,270.2359807155535,309.1365461847386
2024-03-30 00:00:00+00:00,217.9624664879357,247.9034325604792,191.48864114315057,884.3351548269558,252.62623699568553,299.3975903614454
2024-03-31 00:00:00+00:00,235.92493297587134,253.95236469948603,199.1167457790062,921.9034608378846,279.1169753869567,308.6345381526101
2024-04-01 00:00:00+00:00,212.3324396782842,248.14434524975889,191.38813478776228,875.4098360655715,260.1243339253988,287.55020080321253
2024-04-02 00:00:00+00:00,194.36997319034853,233.2313795012586,179.10669514346736,826.639344262293,231.51484394823575,265.1606425702808
2024-04-03 00:00:00+00:00,182.30563002680964,235.0102215099902,180.8475307664156,842.6684881602891,222.30398376046617,264.3574297188752
2024-04-04 00:00:00+00:00,185.52278820375332,244.00440212538993,181.7526341951025,837.887067395262,228.3430601370203,278.11244979919644
2024-04-05 00:00:00+00:00,176.13941018766755,241.62744680290112,181.23098436142956,794.0346083788686,224.81603653894874,268.9759036144575
2024-04-06 00:00:00+00:00,181.23324396782837,245.4587494914183,183.0739650303431,813.6612021857903,235.68891144379518,275.4016064257025
2024-04-07 00:00:00+00:00,199.46380697050935,247.11325176551725,188.67883303381709,817.4863387978123,252.30905861456398,282.93172690763015
2024-04-08 00:00:00+00:00,208.04289544235922,255.16366173036724,201.81075308756613,822.7686703096518,257.0413600608974,288.5542168674695
2024-04-09 00:00:00+00:00,188.73994638069703,246.3494352695891,191.52960840757507,785.1548269581036,239.93910175082388,275.903614457831
2024-04-10 00:00:00+00:00,191.4209115281501,251.64039381137258,193.6735619124611,789.207650273222,253.3747779751324,281.62650602409605
2024-04-11 00:00:00+00:00,195.97855227882033,249.4142137774125,191.3182173231443,784.9271402550071,245.87668104541916,276.2048192771081
2024-04-12 00:00:00+00:00,158.71313672922247,239.11891937726094,176.8382011547306,697.4499089253169,220.79421466632763,248.49397590361409
2024-04-13 00:00:00+00:00,135.12064343163536,227.7466077341452,164.25196506311687,630.5555555555538,193.5295610251199,211.84738955823263
2024-04-14 00:00:00+00:00,145.84450402144768,233.93626822610298,172.34163421148938,688.7522768670291,205.68383658969736,228.01204819277078
2024-04-15 00:00:00+00:00,136.46112600536188,225.94913257893427,169.4400594298449,630.737704918031,204.55468155290473,220.08032128514023
2024-04-16 00:00:00+00:00,144.77211796246644,227.27946085721013,168.46940837807864,620.3096539162095,197.91930981984208,227.71084337349365
2024-04-17 00:00:00+00:00,131.90348525469165,218.31552793083708,163.07210784768913,600.3642987249527,187.21136767317884,221.3855421686744
2024-04-18 00:00:00+00:00,136.46112600536188,226.12759038144853,167.38678013688525,646.9489981785044,193.11088556203953,228.7148594377507
2024-04-19 00:00:00+00:00,137.53351206434309,227.3671755926444,166.9530733641771,648.9071038251348,198.3379852829225,229.61847389558199
2024-04-20 00:00:00+00:00,155.49597855227876,231.36663975608025,172.37877786456767,688.615664845171,206.2928190814508,262.75100401606386
2024-04-21 00:00:00+00:00,159.51742627345837,231.36863489222335,171.93523894839763,677.5956284152985,200.77391524993598,263.75502008032095
2024-04-22 00:00:00+00:00,184.45040214477206,238.06007212417146,174.80458614869474,714.7085610200343,204.51662014717016,269.9799196787145
2024-04-23 00:00:00+00:00,205.8981233243967,236.61602108573868,175.85662549911783,704.6903460837866,202.72773407764464,269.2771084337346
2024-04-24 00:00:00+00:00,194.10187667560317,229.04729398972344,171.55997880626853,672.9508196721292,192.07054047196087,258.0321285140559
2024-04-25 00:00:00+00:00,208.57908847184981,229.79101661449604,172.37932409476,659.5628415300527,191.91829484902252,258.1325301204816
2024-04-26 00:00:00+00:00,197.5871313672922,227.19616392323553,171.04106012355726,634.016393442621,187.76960162395275,253.2128514056222
2024-04-27 00:00:00+00:00,193.29758713136724,226.09873216223573,177.82851649342064,643.4881602914371,187.46511037807608,248.79518072289127
2024-04-28 00:00:00+00:00,193.83378016085786,224.87542868706484,178.25949211516715,628.369763205827,186.1202740421207,243.27309236947764
2024-04-29 00:00:00+00:00,197.05093833780154,227.53815163462198,175.70750465661237,627.3679417122022,181.9588936818061,241.9678714859435
2024-04-30 00:00:00+00:00,178.8203753351206,216.15875013271202,164.63651111851556,577.2768670309637,169.23369703120989,224.79919678714833
2024-05-01 00:00:00+00:00,187.13136729222518,207.9393948894586,162.36473974862486,613.1147540983587,165.19918802334382,227.5100401606423
2024-05-02 00:00:00+00:00,202.14477211796242,210.41778150836552,163.11471380269072,626.5027322404353,167.33062674448064,228.81526104417645
2024-05-03 00:00:00+00:00,216.62198391420907,224.03244803917292,169.47392570176922,654.3260473588323,185.28292311595987,245.3815261044174
2024-05-04 00:00:00+00:00,232.43967828418226,227.63092546527628,170.27251424295224,665.0728597449888,203.1464095407251,251.50602409638526
2024-05-05 00:00:00+00:00,228.68632707774793,228.05831212907376,171.32018375183668,663.6156648451708,204.23750317178323,248.09236947791135
2024-05-06 00:00:00+00:00,223.8605898123324,225.04134563382254,167.2884587022663,695.9016393442602,198.52829231159546,239.75903614457806
2024-05-07 00:00:00+00:00,211.52815013404825,222.00193385696144,164.17986267772963,674.0892531876118,190.29434153768022,230.72289156626482
2024-05-08 00:00:00+00:00,213.40482573726538,218.01504617671333,162.4603300322822,647.4499089253168,181.73052524739862,226.30522088353393
2024-05-09 00:00:00+00:00,228.686327077748,224.7164947168081,165.8480496850983,694.7632058287775,193.09819842679468,235.74297188754997
2024-05-10 00:00:00+00:00,225.46916890080433,216.61474562370438,158.952439737154,664.8907103825115,182.5551890383146,225.1004016064255
2024-05-11 00:00:00+00:00,228.41823056300265,216.70737694463412,159.0868123644666,662.2040072859725,181.50215681299107,226.00401606425683
2024-05-12 00:00:00+00:00,234.8525469168901,219.05166191277962,160.0066640083464,653.1420765027303,179.1804110631814,223.99598393574277
2024-05-13 00:00:00+00:00,265.9517426273458,224.23933653172642,161.19198352569737,671.8579234972658,188.58157827962387,234.53815261044159
2024-05-14 00:00:00+00:00,283.37801608579093,219.38477839381548,157.41971781748262,646.7668488160273,184.62319208322705,230.72289156626488
2024-05-15 00:00:00+00:00,281.5013404825737,235.87675188985688,165.6470369743217,721.8579234972657,197.08195889368122,253.51405622489938
2024-05-16 00:00:00+00:00,268.9008042895443,232.41629513193888,160.8484047347233,725.7285974499068,189.95178888606893,246.68674698795158
2024-05-17 00:00:00+00:00,272.92225201072387,238.78929438447537,168.89492169790194,771.5846994535495,197.34838873382333,251.2048192771082
2024-05-18 00:00:00+00:00,255.76407506702412,238.40166793381545,170.58441168277136,785.0637522768646,194.1385435168733,248.59437751003992
2024-05-19 00:00:00+00:00,245.5764075067024,236.11727267739414,167.75767043747578,773.8160291438957,189.1398122303978,239.55823293172665
2024-05-20 00:00:00+00:00,305.89812332439675,254.5459533294901,200.01747936615448,850.1821493624744,210.2638924130925,261.74698795180694
2024-05-21 00:00:00+00:00,371.04557640750664,249.92051520115578,206.9993936844865,811.2477231329665,215.98579040852513,262.24899598393546
2024-05-22 00:00:00+00:00,358.71313672922247,246.42289903257247,204.16609767688297,805.7832422586495,210.9616848515599,254.3172690763049
2024-05-23 00:00:00+00:00,400.53619302949056,242.15840240898413,206.67220179928222,802.1857923497242,202.6516112661755,247.08835341365432
2024-05-24 00:00:00+00:00,379.35656836461123,244.2260047469987,203.64991014513336,763.6612021857898,207.8913981223034,244.97991967871457
2024-05-25 00:00:00+00:00,401.34048257372655,246.8645010413896,204.79590108863675,766.6211293260449,220.78152753108284,251.80722891566236
2024-05-26 00:00:00+00:00,429.7587131367292,244.07522945846992,209.01334440359852,744.1256830601069,210.87287490484584,244.27710843373464
2024-05-27 00:00:00+00:00,447.9892761394102,247.3841627518055,212.71405395661836,774.8178506375203,214.51408272012117,256.2248995983933
2024-05-28 00:00:00+00:00,428.95442359249324,243.6858928911159,210.0085758140195,768.1238615664821,209.299670134483,268.473895582329
2024-05-29 00:00:00+00:00,395.710455764075,241.02819341134767,205.78840134809607,766.484517304187,207.89139812230334,276.60642570281084
2024-05-30 00:00:00+00:00,386.59517426273453,243.5212229044477,204.7221600126725,759.9271402550066,202.3090586145642,259.8393574297185
2024-05-31 00:00:00+00:00,413.40482573726547,240.6277054580509,205.50763902923967,754.3260473588318,201.70007612281088,255.32128514056188
2024-06-01 00:00:00+00:00,398.39142091152814,241.43587810573197,208.4316092487696,756.5573770491778,203.38746511037752,253.6144578313249
2024-06-02 00:00:00+00:00,392.2252010723861,241.43153155913447,206.52471964735378,742.941712204005,199.31489469677692,247.18875502007992
2024-06-03 00:00:00+00:00,387.13136729222526,245.15199730941612,205.76819083098,750.8652094717644,200.90078660238464,245.28112449799158
2024-06-04 00:00:00+00:00,384.9865951742628,251.30820364354585,208.12626657125844,782.2404371584674,204.71961431108804,247.08835341365423
2024-06-05 00:00:00+00:00,390.88471849865954,253.33953725667325,211.17204612367738,790.2550091074656,207.13017000761175,260.44176706827267
2024-06-06 00:00:00+00:00,384.45040214477217,252.23886339944093,208.30269892338023,774.8178506375205,203.19715808170463,253.41365461847346
2024-06-07 00:00:00+00:00,342.6273458445041,247.09618622600735,200.92094410426435,739.9817850637501,188.02334432885007,237.85140562248955
2024-06-08 00:00:00+00:00,324.6648793565684,246.93536400190084,201.09846891677083,718.7158469945334,185.0799289520422,233.03212851405584
2024-06-09 00:00:00+00:00,342.0911528150135,248.13843109619165,202.45475848432042,738.2513661202164,186.23445825932458,235.8433734939755
2024-06-10 00:00:00+00:00,323.86058981233253,247.75315605598612,200.34904109289732,724.2714025500891,183.68434407510736,230.02008032128475
2024-06-11 00:00:00+00:00,341.5549597855229,239.82334494550045,191.03472385332623,679.9180327868834,175.15858919056032,217.16867469879486
2024-06-12 00:00:00+00:00,354.1554959785524,243.2070602167713,194.46450323095155,706.8306010928941,185.4986044151226,222.99196787148557
2024-06-13 00:00:00+00:00,319.5710455764075,237.89508149062294,189.50910292615512,670.7194899817831,179.01547830499828,212.65060240963822
2024-06-14 00:00:00+00:00,305.0938337801609,235.29777050661468,190.18642836464144,651.4116575591968,171.2636386703878,203.7148594377507
2024-06-15 00:00:00+00:00,317.6943699731904,235.95424155255765,194.935353656738,662.6593806921658,173.52194874397318,208.5341365461844
2024-06-16 00:00:00+00:00,330.0268096514746,237.55255936776956,197.97621713742603,688.9799635701256,173.97868561278818,210.34136546184706
2024-06-17 00:00:00+00:00,299.46380697050944,236.93784367110723,191.80654711508524,652.4134790528216,163.39761481857354,193.97590361445754
2024-06-18 00:00:00+00:00,293.833780160858,232.2029224469202,190.2749176557985,625.7285974499072,155.100228368434,181.6265060240961
2024-06-19 00:00:00+00:00,304.5576407506703,231.48698921842654,194.48580620845235,617.5774134790512,155.37934534382097,181.9277108433732
2024-06-20 00:00:00+00:00,294.6380697050939,231.11511009232464,191.89503640624227,608.1511839708545,158.0182694747522,181.1244979919676
2024-06-21 00:00:00+00:00,305.89812332439686,228.52702661297823,192.19109317048387,612.9326047358817,157.54884547069233,179.41767068273066
2024-06-22 00:00:00+00:00,306.43431635388754,228.94903353467555,190.94841948293845,608.7887067395247,157.00329865516326,180.62248995983904
2024-06-23 00:00:00+00:00,292.76139410187676,225.2010277801329,186.86043272355832,586.0200364298709,155.06216696269942,176.00401606425675
2024-06-24 00:00:00+00:00,303.21715817694377,214.80953931593882,183.1362352722684,602.5956284152988,151.00228368434372,171.08433734939732
2024-06-25 00:00:00+00:00,344.5040214477213,220.19893644992575,185.44023422350645,621.9489981785048,160.0482111139301,178.21285140562222
2024-06-26 00:00:00+00:00,336.1930294906167,216.84632392602867,184.15823196211346,622.9963570127487,155.74727226592196,172.08835341365435
2024-06-27 00:00:00+00:00,337.8016085790885,219.8443010004893,188.4734504815019,681.7395264116558,161.2661760974368,176.40562248995954
2024-06-28 00:00:00+00:00,310.7238605898124,215.28887077431924,184.63399845963085,637.6593806921658,156.12788632326783,170.6827309236945
2024-06-29 00:00:00+00:00,303.2171581769437,217.27987413541112,184.56025738366662,638.7978142076486,154.65617863486386,169.77911646586315
2024-06-30 00:00:00+00:00,319.8391420911528,223.64054629677776,187.8026798053235,667.6229508196703,157.92945952803817,173.29317269076276
2024-07-01 00:00:00+00:00,306.1662198391421,224.09650616033892,188.02335680302383,667.8961748633861,156.71149454453146,171.58634538152583
2024-07-02 00:00:00+00:00,303.75335120643433,221.3727177958304,186.88446685202072,701.4116575591967,158.96980461811683,173.29317269076276
2024-07-03 00:00:00+00:00,274.79892761394103,214.50770371943239,180.00906742119258,641.3479052823299,150.32986551636603,164.55823293172665
2024-07-04 00:00:00+00:00,239.41018766756034,203.25453020600474,167.13005194649122,582.2404371584685,133.24029434153735,146.88755020080296
2024-07-05 00:00:00+00:00,238.3378016085791,201.75383155208033,162.87382628787418,611.6575591985412,133.8112154275561,150.40160642570257
2024-07-06 00:00:00+00:00,260.5898123324397,207.4589946081444,167.51951407362085,651.4116575591969,143.91017508246603,174.6987951807226
2024-07-07 00:00:00+00:00,225.201072386059,199.0070278670639,160.1000693712344,599.4535519125667,132.1365135752344,155.62248995983913
2024-07-08 00:00:00+00:00,245.30831099195717,202.05962179344198,164.90744129391004,636.6575591985411,136.4882009642219,162.4497991967869
2024-07-09 00:00:00+00:00,243.43163538873998,206.8172376912568,167.50968193015893,643.9890710382496,136.4628266937322,164.35742971887524
2024-07-10 00:00:00+00:00,246.916890080429,205.66237451128058,169.38871379176604,646.5391621129309,137.02106064450612,164.6586345381523
2024-07-11 00:00:00+00:00,238.33780160857913,204.28729817950938,169.30787172330153,618.0783242258634,135.29561025120495,162.95180722891538
2024-07-12 00:00:00+00:00,232.97587131367297,206.24399232442605,171.18198751317772,635.0637522768653,136.62775945191538,165.6626506024094
2024-07-13 00:00:00+00:00,232.7077747989277,210.92871449815536,173.47888547191545,646.1748633879763,142.4892159350415,171.78714859437721
2024-07-14 00:00:00+00:00,246.64879356568372,216.6073351180299,177.25606725186117,672.4043715846974,146.34610504947943,177.00803212851372
2024-07-15 00:00:00+00:00,303.48525469168914,230.59548400933986,190.2732789652214,725.7741347905261,158.46231920832236,193.37349397590324
2024-07-16 00:00:00+00:00,331.6353887399465,231.7350273939316,188.12877923014307,731.4207650273204,158.310073585384,194.07630522088317
2024-07-17 00:00:00+00:00,313.4048257372655,228.3290449782065,185.01089729233684,708.1056466302348,154.50393301192548,186.9477911646583
2024-07-18 00:00:00+00:00,312.064343163539,227.97252127492027,187.16577540106942,725.0455373406172,151.6873889875662,174.59839357429686
2024-07-19 00:00:00+00:00,340.21447721179635,237.49245589145866,191.37338657256933,770.1730418943512,159.13473737630002,178.61445783132496
2024-07-20 00:00:00+00:00,327.61394101876687,239.20243007582212,192.13647015125105,790.5282331511817,170.31210352702314,181.72690763052174
2024-07-21 00:00:00+00:00,335.1206434316355,242.8555956087051,193.14262616551858,840.118397085608,177.94975894442985,183.23293172690725
2024-07-22 00:00:00+00:00,319.03485254691697,240.5992035131495,187.88133695301863,814.6630236794149,174.77797513321445,176.40562248995948
2024-07-23 00:00:00+00:00,335.6568364611261,234.9130655053072,190.2252107082966,787.9326047358812,165.3260593757925,171.08433734939723
2024-07-24 00:00:00+00:00,327.61394101876687,232.91789373477351,182.21201378684995,810.8378870673929,162.33189545800516,168.57429718875468
2024-07-25 00:00:00+00:00,307.77479892761403,234.42831867739554,173.45430511326072,782.5591985428028,158.91905607713738,164.55823293172656
2024-07-26 00:00:00+00:00,322.25201072386074,241.9387236686562,178.8690850098047,833.6065573770467,170.24866785079885,170.28112449799164
2024-07-27 00:00:00+00:00,319.034852546917,241.89778775029143,177.47073571744593,837.522768670307,166.7597056584619,170.88353413654585
2024-07-28 00:00:00+00:00,315.0134048257374,243.15678991145143,178.6260125742189,841.9854280509993,164.98350672418124,168.67469879518038
2024-07-29 00:00:00+00:00,316.0857908847186,237.9366943301792,181.22060598777523,831.3752276867007,162.94087794975854,166.86746987951776
2024-07-30 00:00:00+00:00,303.2171581769438,235.81084114227227,179.12035089827543,815.8469945355167,159.23623445825893,164.759036144578
2024-07-31 00:00:00+00:00,296.2466487935658,230.25296188648653,176.58201919452884,781.9216757741325,154.68155290535358,159.83935742971858
2024-08-01 00:00:00+00:00,281.76943699731913,232.8395846411568,174.97937981023952,762.158469945353,150.96422227860913,158.5341365461844
2024-08-02 00:00:00+00:00,249.86595174262743,219.10275164901552,163.3015245284667,695.6739526411637,141.51230652118718,147.18875502008
2024-08-03 00:00:00+00:00,231.09919571045583,216.25134582621067,158.60558356502585,648.9981785063733,137.1606191321996,142.87148594377481
2024-08-04 00:00:00+00:00,217.1581769436998,207.21270217676465,146.87692887536653,629.9180327868834,131.6290281654399,133.9357429718873
2024-08-05 00:00:00+00:00,188.7399463806971,192.4551432828396,132.16531110540595,590.9836065573753,119.71580817051479,132.83132530120457
2024-08-06 00:00:00+00:00,207.5067024128687,199.5920302861665,134.44527592818156,657.5591985428031,122.36741943669087,134.9397590361443
2024-08-07 00:00:00+00:00,197.31903485254696,196.42884881357077,127.97080945852193,659.2440801457175,121.26363867038792,129.31726907630497
2024-08-08 00:00:00+00:00,235.12064343163547,219.77133602154154,146.52624909189217,742.8506375227662,136.36132961177333,143.67469879518043
2024-08-09 00:00:00+00:00,228.41823056300274,216.75012986198624,141.95320992172512,711.6575591985405,131.76858665313338,140.96385542168645
2024-08-10 00:00:00+00:00,226.27345844504026,217.05481565298294,142.5617103559781,701.3205828779576,133.44328850545512,141.465863453815
2024-08-11 00:00:00+00:00,207.2386058981234,209.17787565028948,139.5825708870231,644.6721311475388,127.61989342806362,134.43775100401584
2024-08-12 00:00:00+00:00,220.37533512064346,211.43683292088622,148.70024525735624,666.1657559198519,136.90687642730236,139.65863453815237
2024-08-13 00:00:00+00:00,219.30294906166222,215.8564513796008,147.61543209539354,667.805100182147,134.9403704643488,139.35742971887527
2024-08-14 00:00:00+00:00,214.47721179624665,209.07384355139916,145.37643453704248,654.4171220400705,129.91626490738358,136.64658634538128
2024-08-15 00:00:00+00:00,199.4638069705094,205.0040152114878,140.37515089609053,649.2714025500889,127.13778228875884,133.2329317269074
2024-08-16 00:00:00+00:00,192.4932975871314,209.7550756619753,141.6227406553669,633.1511839708538,127.31540218218692,132.6305220883532
2024-08-17 00:00:00+00:00,200.80428954423596,211.95467763231477,142.8124300142565,646.3114754098339,130.3603146409537,134.2369477911644
2024-08-18 00:00:00+00:00,195.44235924932977,208.1616388048278,142.6835196888672,648.5428051001799,126.9221009895962,132.93172690763026
2024-08-19 00:00:00+00:00,205.89812332439675,211.76410650321736,144.00594298449246,657.0582877959904,128.55874143618337,133.83534136546157
2024-08-20 00:00:00+00:00,207.77479892761392,210.25100950326086,140.53519634244256,647.8597449908902,130.53793453438175,136.94779116465836
2024-08-21 00:00:00+00:00,212.06434316353887,217.88322468154408,143.69732292582734,650.2276867030943,134.67394062420667,141.7670682730921
2024-08-22 00:00:00+00:00,214.20911528150134,215.1036081324598,143.2696246852348,652.1857923497245,133.53209845216912,141.16465863453786
2024-08-23 00:00:00+00:00,243.43163538873992,228.14823576523787,150.89499817012876,697.9052823315094,143.2758183202229,153.61445783132498
2024-08-24 00:00:00+00:00,254.69168900804289,228.57494550784395,151.1965172362936,731.6484517304164,142.83176858665271,156.9277108433732
2024-08-25 00:00:00+00:00,245.04021447721178,228.79936269651188,150.00191180567305,723.6794171220375,139.0383151484391,151.70682730923664
2024-08-26 00:00:00+00:00,228.41823056300265,223.86140074233302,146.41645682323434,715.4826958105622,133.46866277594484,146.68674698795152
2024-08-27 00:00:00+00:00,204.8257372654155,211.6803820400693,134.2267838512505,668.4426229508174,125.48845470692682,138.1526104417668
2024-08-28 00:00:00+00:00,206.16621983914203,210.32618338293844,138.1050182167768,655.510018214934,126.41461557980173,139.1566265060238
2024-08-29 00:00:00+00:00,205.0938337801608,211.48090405319016,138.06568964292924,637.5227686703074,127.34077645267664,141.26506024096358
2024-08-30 00:00:00+00:00,208.31099195710453,210.64358816684737,137.97774658196448,628.3697632058266,129.11697538695725,140.56224899598365
2024-08-31 00:00:00+00:00,203.485254691689,210.1091766999449,137.2681935621309,616.3479052823294,128.49530575995902,138.95582329317241
2024-09-01 00:00:00+00:00,191.4209115281501,204.15180705893405,132.50015021330282,585.1548269581036,120.64196904338964,132.12851405622465
2024-09-02 00:00:00+00:00,204.2895442359249,210.6725888957846,138.63376904295,614.4808743169378,125.75488454706891,137.14859437750974
2024-09-03 00:00:00+00:00,194.63806970509378,204.81401412128847,132.4766623150327,580.7832422586501,122.77340776452641,131.42570281124472
2024-09-04 00:00:00+00:00,197.0509383378016,206.53542471104353,133.86517946392962,608.5610200364277,124.33392539964441,136.44578313252984
2024-09-05 00:00:00+00:00,190.34852546916886,200.15490807053928,129.39155418876615,589.2987249544606,124.86678507992859,132.42971887550175
2024-09-06 00:00:00+00:00,178.28418230563,192.25619970742738,121.54878108732576,569.4444444444424,117.40674955594994,128.51405622489932
2024-09-07 00:00:00+00:00,181.5013404825737,192.96123094199623,124.18980406722994,581.5573770491783,121.02258310073553,129.21686746987925
2024-09-08 00:00:00+00:00,189.54423592493296,195.48753645576872,125.48546208343114,592.6684881602895,121.99949251458986,131.32530120481903
2024-09-09 00:00:00+00:00,197.8552278820375,203.22599263367218,128.88301387970913,615.1183970856082,131.64171530068475,135.94377510040135
2024-09-10 00:00:00+00:00,199.99999999999994,205.34222641517482,130.46817389784394,617.62295081967,130.42375031717802,135.8433734939756
2024-09-11 00:00:00+00:00,194.1018766756032,204.2805645950264,127.84790766524823,603.0054644808722,128.53336716569365,133.13253012048165
2024-09-12 00:00:00+00:00,198.92761394101876,207.11052270429286,129.00646190317516,619.535519125681,130.28419182948454,135.7429718875499
2024-09-13 00:00:00+00:00,212.0643431635389,215.53883283110514,133.23592228236816,633.0601092896154,135.70159857904048,140.16064257028083
2024-09-14 00:00:00+00:00,208.04289544235925,213.73975444149355,132.066989670787,624.4990892531855,133.72240548084204,137.85140562248966
2024-09-15 00:00:00+00:00,197.0509383378016,210.67212573917996,126.5123748450071,598.224043715845,130.4364374524229,134.3373493975901
2024-09-16 00:00:00+00:00,193.02949061662198,207.40149193430574,125.39697279227404,598.6794171220381,126.41461557980173,132.32931726907603
2024-09-17 00:00:00+00:00,196.514745308311,214.8832524709403,127.91618643928916,598.9981785063733,128.29231159604126,133.63453815261016
2024-09-18 00:00:00+00:00,201.8766756032172,220.03497901188013,129.71601492300874,611.7486338797795,131.75589951788848,137.44979919678687
2024-09-19 00:00:00+00:00,212.8686327077748,224.2675178297477,134.6572132428047,650.6830601092875,133.2022329358027,141.465863453815
2024-09-20 00:00:00+00:00,221.17962466487936,225.16910560184334,139.91140146280435,667.8506375227664,133.91271250951496,144.37751004016036
2024-09-21 00:00:00+00:00,225.73726541554956,225.69607093564034,142.69717544367538,680.373406193076,139.46967774676438,150.60240963855395
2024-09-22 00:00:00+00:00,214.7453083109919,226.5147893029349,140.98201263976654,658.606557377047,134.90230905861418,145.78313253012024
2024-09-23 00:00:00+00:00,217.96246648793561,225.6641131299195,144.58549321855202,659.3351548269559,137.10987059122013,145.38152610441742
2024-09-24 00:00:00+00:00,230.2949061662198,228.95149182742335,144.92579462837216,695.4918032786862,139.29205785333633,148.895582329317
2024-09-25 00:00:00+00:00,226.5415549597855,224.9943886795973,140.9246584695721,673.861566484515,137.64273027150432,153.2128514056222
2024-09-26 00:00:00+00:00,255.22788203753342,232.19818399858036,143.78198860563808,708.3333333333312,149.9365643237753,186.94779116465827
2024-09-27 00:00:00+00:00,286.8632707774797,234.32143638401496,147.17790171133908,717.8506375227664,156.69880740928656,203.5140562248992
2024-09-28 00:00:00+00:00,305.0938337801607,234.63513591508672,146.12804728168533,713.7978142076481,162.47145394569864,196.9879518072285
2024-09-29 00:00:00+00:00,302.41286863270767,233.72310930567096,145.16722837338102,721.5846994535498,157.80258817558953,194.17670682730886
2024-09-30 00:00:00+00:00,280.42895442359236,225.61993511532216,142.14165933807817,694.398907103823,144.89977163156522,176.40562248995946
2024-10-01 00:00:00+00:00,260.05361930294896,216.6353739063267,133.70568024776992,660.8834244080126,135.56204009134703,164.85943775100364
2024-10-02 00:00:00+00:00,247.72117962466479,216.0778046091918,129.13427976817982,638.3424408014554,132.73280893174288,163.45381526104384
2024-10-03 00:00:00+00:00,231.6353887399463,216.44629912933664,128.35317059315128,623.0418943533679,133.30373001776164,161.44578313252978
2024-10-04 00:00:00+00:00,251.74262734584443,221.19646889404595,131.8823638657802,652.2768670309636,138.59426541486894,174.59839357429684
2024-10-05 00:00:00+00:00,250.6702412868632,221.09671208689085,131.89601962058842,649.3169398907085,138.79725957878674,175.1004016064253
2024-10-06 00:00:00+00:00,274.26273458445036,223.81120169187528,133.28180561852366,667.0309653916192,141.57574219741142,181.92771084337306
2024-10-07 00:00:00+00:00,262.73458445040205,221.68812744359622,132.33573492541217,655.5555555555537,137.54123318954544,174.9999999999996
2024-10-08 00:00:00+00:00,254.95978552278814,221.4618576285097,133.32878141506384,653.4153005464462,135.86653133722368,173.19277108433695
2024-10-09 00:00:00+00:00,244.50402144772113,216.03056263551764,129.4822284006925,634.4717668488142,136.94493783303693,169.67871485943738
2024-10-10 00:00:00+00:00,249.32975871313664,214.92743048553757,130.3572891688014,633.105646630235,134.52169500126834,168.47389558232894
2024-10-11 00:00:00+00:00,261.12600536193014,222.8139542672041,133.25285541833028,662.704918032785,140.53539710733276,177.3092369477908
2024-10-12 00:00:00+00:00,265.1474530831098,225.1875249837359,135.2684448280193,666.6666666666648,141.30931235726933,179.21686746987913
2024-10-13 00:00:00+00:00,260.0536193029489,223.98973074925178,134.8593184139659,672.768670309652,141.33468662775905,177.10843373493938
2024-10-14 00:00:00+00:00,292.2252010723859,235.44028023112205,143.64706974813313,717.62295081967,148.04618117229086,187.7510040160639
2024-10-15 00:00:00+00:00,278.2841823056299,238.96793032414521,142.42460657770383,704.7358834244059,149.04846485663495,183.13253012048156
2024-10-16 00:00:00+00:00,279.8927613941017,240.91272490706555,142.62616551867274,702.5500910746791,159.51535143364583,186.64658634538114
2024-10-17 00:00:00+00:00,264.8793565683644,240.2064823398384,142.3366635167391,685.3369763205809,164.51408272012137,182.83132530120443
2024-10-18 00:00:00+00:00,281.50134048257354,243.79138571468246,144.32330272623477,705.5555555555536,174.01674701852275,188.65461847389517
2024-10-19 00:00:00+00:00,281.23324396782823,243.61324855904832,144.6526795322083,727.6411657559178,182.78355747272218,191.064257028112
2024-10-20 00:00:00+00:00,286.32707774798905,245.94324692731195,150.04451776067455,762.295081967211,180.33494037046384,191.16465863453774
2024-10-21 00:00:00+00:00,272.9222520107237,240.04872407480877,145.66320538801446,756.6939890710361,182.27607206292768,184.33734939758997
2024-10-22 00:00:00+00:00,270.24128686327055,240.2215171157739,143.2658010738884,763.1602914389778,177.23927937071758,182.22891566265022
2024-10-23 00:00:00+00:00,263.0026809651472,237.5232736193833,137.9018205852309,778.0054644808719,177.58183202232888,177.2088353413651
2024-10-24 00:00:00+00:00,268.09651474530807,242.97295236683684,138.5141446308302,806.8761384335131,180.00507485409747,181.0240963855418
2024-10-25 00:00:00+00:00,235.3887399463805,237.62901583496773,133.31403319987095,750.910746812384,166.97538695762452,166.26506024096352
2024-10-26 00:00:00+00:00,243.43163538873972,239.03426860090332,135.6021914755315,778.1420765027298,174.41004821111346,170.78313253012013
2024-10-27 00:00:00+00:00,245.8445040214475,242.34384318799923,136.98360763192812,804.3260473588318,183.02461304237454,172.99196787148557
2024-10-28 00:00:00+00:00,246.1126005361928,249.25738182559206,140.24350941973952,811.8852459016368,204.8464856635366,183.03212851405584
2024-10-29 00:00:00+00:00,259.2493297587129,259.1411793962287,144.13922315142034,817.0309653916185,223.11596041613745,191.36546184738916
2024-10-30 00:00:00+00:00,258.445040214477,257.74572417385303,145.25298651357642,796.3114754098336,213.49911190053237,184.5381526104414
2024-10-31 00:00:00+00:00,244.23592493297565,250.43237450415492,137.5740824698343,768.1693989071015,205.07485409794418,179.71887550200768
2024-11-01 00:00:00+00:00,238.33780160857887,247.59643098645913,137.185166572897,756.3752276867008,201.92844455721848,176.5060240963852
2024-11-02 00:00:00+00:00,233.78016085790864,247.1643771291841,136.24237326093947,756.693989071036,202.42324283176805,175.20080321285104
2024-11-03 00:00:00+00:00,219.302949061662,245.03118469046507,134.24863305894357,740.118397085608,192.0705404719609,169.5783132530117
2024-11-04 00:00:00+00:00,212.332439678284,241.73215582298266,130.9974709542094,719.262295081965,200.73585384420144,169.2771084337346
2024-11-05 00:00:00+00:00,229.49061662198372,247.1546508404864,132.3269952423349,758.7431693989048,215.66861202740367,179.31726907630483
2024-11-06 00:00:00+00:00,265.14745308310967,269.2435868842597,148.6767573590861,849.6812386156623,249.2514590205525,191.56626506024057
2024-11-07 00:00:00+00:00,294.6380697050936,270.26217514017577,158.15931349789412,894.1256830601067,245.16620147170704,192.36947791164616
2024-11-08 00:00:00+00:00,288.47184986595147,272.5846917479028,161.77972721264177,910.0637522768643,256.2420705404713,190.96385542168633
2024-11-09 00:00:00+00:00,300.2680965147451,273.18209251303756,170.76302895566232,910.2459016393415,277.7213905100221,205.8232931726903
2024-11-10 00:00:00+00:00,330.2949061662196,286.3376995937757,173.8765410519299,956.6029143897968,352.4232428317677,261.74698795180666
2024-11-11 00:00:00+00:00,348.25737265415523,315.8300158257046,184.16642541499817,1011.520947176682,445.77518396345994,280.0200803212845
2024-11-12 00:00:00+00:00,378.8203753351204,313.3504178741394,177.18614978724315,963.7522768670282,481.9208322760709,265.7630522088348
2024-11-13 00:00:00+00:00,557.9088471849861,321.9836213573621,174.0923019778993,979.6448087431667,506.25475767571555,259.33734939758983
2024-11-14 00:00:00+00:00,553.6193029490613,311.11864433349245,167.08198368956627,954.3260473588315,459.95940116721516,235.04016064256982
2024-11-15 00:00:00+00:00,625.4691689008039,324.3238804257903,168.7856756594362,994.7632058287768,484.014209591473,256.6265060240959
2024-11-16 00:00:00+00:00,571.0455764075064,322.73792532917935,171.12681826375248,982.2859744990865,462.07815275310713,247.08835341365415
2024-11-17 00:00:00+00:00,568.6327077747985,320.13380950582587,168.02040715998515,1081.3752276867,465.668612027403,248.89558232931682
2024-11-18 00:00:00+00:00,549.0616621983911,322.30027796521733,175.21972109486356,1091.9398907103796,470.85765034255155,249.5983935742967
2024-11-19 00:00:00+00:00,527.6139410187664,328.8796312988404,169.73775488466325,1082.103825136609,495.6483126110112,248.49397590361394
2024-11-20 00:00:00+00:00,502.949061662198,335.9187922585864,167.6910303540115,1072.3132969034577,479.2945952803845,239.6586345381521
2024-11-21 00:00:00+00:00,554.9597855227878,350.2786421388426,183.30447417150506,1167.4408014571916,490.53539710733196,248.59437751003966
2024-11-22 00:00:00+00:00,553.351206434316,352.3267918994619,181.77339094241069,1169.8542805100149,523.6868815021555,255.22088353413602
2024-11-23 00:00:00+00:00,549.3297587131364,347.98167039923356,185.3856112042734,1160.701275045534,545.737122557725,260.34136546184686
2024-11-24 00:00:00+00:00,541.5549597855226,348.7926932414047,183.59889224516962,1150.8652094717634,545.838619639684,258.4337349397585
2024-11-25 00:00:00+00:00,508.5790884718496,331.37077253809076,186.50975294008367,1066.3934426229478,498.14767825424894,248.5943775100396
2024-11-26 00:00:00+00:00,490.0804289544234,327.6482403968038,181.6067907337507,1050.5009107468093,491.0555696523713,244.37751004016008
2024-11-27 00:00:00+00:00,529.2225201072383,341.5356349128871,199.55318370267565,1101.8214936247691,508.6653133722393,258.33333333333275
2024-11-28 00:00:00+00:00,532.1715817694368,340.7549310146048,195.48431500002695,1081.9216757741315,509.51535143364504,255.82329317269017
2024-11-29 00:00:00+00:00,548.5254691689006,347.22494376209966,196.21735591813066,1108.0601092896143,540.9286982999225,261.3453815261038
2024-11-30 00:00:00+00:00,541.5549597855227,343.47690238012586,202.30181403046834,1081.9672131147508,534.8896219233684,268.373493975903
2024-12-01 00:00:00+00:00,596.7828418230562,346.245830699872,202.52085233759175,1078.3242258652062,558.8048718599327,309.8393574297182
2024-12-02 00:00:00+00:00,547.7211796246647,341.4555088202827,199.01460073304057,1027.8688524590134,538.6577010910923,300.40160642570214
2024-12-03 00:00:00+00:00,542.8954423592492,341.48782290031477,197.43544924702132,1065.2094717668456,515.5036792692198,287.2489959839351
2024-12-04 00:00:00+00:00,584.1823056300267,351.2412953278896,209.63222321150542,1043.4881602914359,549.0230905861443,329.81927710843297
2024-12-05 00:00:00+00:00,567.8284182305628,345.3923755872288,206.75905239986196,1073.9526411657528,541.5123065211862,305.7228915662644
2024-12-06 00:00:00+00:00,577.7479892761392,355.35099076323183,218.43035291932688,1078.6429872495414,551.4717076884027,309.6385542168668
2024-12-07 00:00:00+00:00,667.2922252010721,355.67573479795294,218.28560191836002,1084.4262295081935,574.4861710225817,320.98393574297114
2024-12-08 00:00:00+00:00,708.3109919571043,360.22749539871694,218.71876246087584,1079.3260473588311,591.6645521441245,323.1927710843366
2024-12-09 00:00:00+00:00,710.1876675603215,346.5710735186289,202.76064739202354,986.4754098360626,525.2854605430082,273.59437751003946
2024-12-10 00:00:00+00:00,629.4906166219837,344.13604548340334,198.18596953127948,972.6775956284124,499.77163156559135,272.6907630522081
2024-12-11 00:00:00+00:00,673.4584450402144,360.2823972700834,209.3050313263011,1035.0182149362447,525.2727734077632,289.0562248995977
2024-12-12 00:00:00+00:00,634.048257372654,356.28959543626826,212.02525768409276,1033.5154826958073,515.2372494290777,282.4297188755013
2024-12-13 00:00:00+00:00,663.5388739946379,361.34854814655387,213.40121153856612,1023.6338797814177,518.9165186500875,286.64658634538085
2024-12-14 00:00:00+00:00,625.4691689008042,361.33340648832495,211.40692510637788,1001.5027322404343,505.303222532351,276.00401606425635
2024-12-15 00:00:00+00:00,647.4530831099196,372.1783608959014,216.2574492142474,1021.2659380692139,515.8462319208311,279.9196787148588
2024-12-16 00:00:00+00:00,628.6863270777479,377.8597604554038,217.74046418641694,984.4717668488133,509.95940116721516,272.9919678714853
2024-12-17 00:00:00+00:00,601.6085790884719,378.1272512083041,212.6479601033463,1016.1657559198514,500.0634356762231,264.2570281124492
2024-12-18 00:00:00+00:00,520.911528150134,357.0011464907334,198.1067661533919,940.4826958105622,454.50393301192486,241.46586345381468
2024-12-19 00:00:00+00:00,457.1045576407507,347.23157046428935,186.64740294855014,882.5591985428026,398.7693478812475,216.56626506024043
2024-12-20 00:00:00+00:00,473.72654155495974,348.455657742945,189.66259361019874,885.6102003642961,403.36209083988746,225.6024096385537
2024-12-21 00:00:00+00:00,466.75603217158186,346.62636729173784,182.38189137666353,826.2750455373382,406.521187515858,217.87148594377462
2024-12-22 00:00:00+00:00,478.5522788203754,339.12422786449866,179.26346320866494,822.0400728597427,396.62522202486593,216.16465863453763
2024-12-23 00:00:00+00:00,495.44235924932974,338.0383037637528,186.94892201471498,865.7103825136589,412.29383405227003,226.00401606425646
2024-12-24 00:00:00+00:00,516.3538873994637,351.51299011766287,190.8080383235098,897.4954462659357,427.6833291042872,235.94377510040098
2024-12-25 00:00:00+00:00,497.05093833780154,354.24212259684043,191.016698256979,899.0892531876113,424.16899264146053,229.21686746987893
2024-12-26 00:00:00+00:00,466.2198391420912,341.2808631528991,182.17050029223273,858.1967213114732,396.7774676478042,216.76706827309187
2024-12-27 00:00:00+00:00,479.3565683646113,335.9632196652016,182.08638084261426,838.8888888888866,395.6609997462563,217.87148594377456
2024-12-28 00:00:00+00:00,502.94906166219835,339.5294186387041,185.93675746833185,890.2550091074659,411.55798020806805,222.69076305220827
2024-12-29 00:00:00+00:00,479.62466487935654,333.96512644531555,183.34107159439085,864.9362477231307,398.820096422227,214.35742971887498
2024-12-30 00:00:00+00:00,494.9061662198392,330.5942370492504,183.63385097747852,871.4936247723109,398.32529814767736,212.24899598393523
2024-12-31 00:00:00+00:00,535.1206434316354,333.38724951243836,182.31962113473818,862.0673952641143,400.9134737376291,212.65060240963805
2025-01-01 00:00:00+00:00,519.5710455764075,337.00624833887076,183.5541013693987,884.6994535519103,412.4968282161878,217.87148594377456
2025-01-02 00:00:00+00:00,549.0616621983914,345.53189260752157,188.75912887208884,948.5883424407991,430.00507485409696,230.02008032128458
2025-01-03 00:00:00+00:00,578.8203753351206,349.7693836383158,197.13502264124102,992.6684881602888,481.9715808170503,245.28112449799139
2025-01-04 00:00:00+00:00,566.2198391420911,349.9344098992953,199.7498265719135,986.6575591985402,500.9261608728737,244.27710843373433
2025-01-05 00:00:00+00:00,555.4959785522789,350.44427406615137,198.608751700141,971.812386156646,485.02918041106204,240.16064257028057
2025-01-06 00:00:00+00:00,557.1045576407507,364.2391797710294,201.41965226985909,993.7158469945329,492.03247906622573,241.56626506024037
2025-01-07 00:00:00+00:00,498.3914209115282,345.42436902038077,184.69736116194042,920.6284153005439,441.5123065211865,218.77510040160587
2025-01-08 00:00:00+00:00,477.74798927613944,338.67653356495885,181.74662566298647,899.2714025500886,434.2806394316153,213.85542168674644
2025-01-09 00:00:00+00:00,456.0321715817695,329.740746309176,175.8424235141169,842.2131147540961,407.25704136006,211.2449799196782
2025-01-10 00:00:00+00:00,472.9222520107239,337.48479599376634,178.45558875421236,854.6448087431672,423.5980715554419,216.4658634538147
2025-01-11 00:00:00+00:00,483.10991957104557,337.0354628323948,179.3180862278977,856.5118397085588,432.8850545546806,222.99196787148534
2025-01-12 00:00:00+00:00,475.87131367292227,336.83976135321507,178.46979073921287,858.4244080145696,426.1735600101487,216.4658634538147
2025-01-13 00:00:00+00:00,452.0107238605899,336.80783917492545,171.38026907299232,832.7413479052801,428.91398122303895,212.8514056224894
2025-01-14 00:00:00+00:00,468.0965147453083,344.0215389197617,176.19364952778355,854.1438979963547,451.5478304998722,217.16867469879463
2025-01-15 00:00:00+00:00,511.26005361930294,358.04624155540785,188.5324433422728,937.4316939890684,488.92413093123474,228.31325301204762
2025-01-16 00:00:00+00:00,485.7908847184986,356.2290644307838,180.69567877294804,961.4754098360628,477.6579548337976,221.084337349397
2025-01-17 00:00:00+00:00,544.2359249329759,370.80132505541815,189.74015829750925,999.5901639344235,526.8332910428815,242.87148594377447
2025-01-18 00:00:00+00:00,494.6380697050939,372.5069883206152,180.6771069464089,1192.9417122040043,502.930728241562,228.71485943775042
2025-01-19 00:00:00+00:00,430.02680965147454,361.0183531148704,175.6195615956472,1149.4535519125652,454.7069271758428,204.216867469879
2025-01-20 00:00:00+00:00,423.5924932975872,364.32614633040987,179.38199516040007,1102.8688524590136,449.83506724181586,204.11646586345333
2025-01-21 00:00:00+00:00,426.2734584450404,378.16316365887985,181.76028141779463,1139.9362477231302,471.66962699822284,209.83935742971838
2025-01-22 00:00:00+00:00,406.16621983914223,369.480188654373,177.12060216416359,1171.9489981785034,460.42882517127543,202.61044176706778
2025-01-23 00:00:00+00:00,410.72386058981243,370.2058481715643,182.34310903300826,1152.5956284152976,446.6632834306005,202.20883534136496
2025-01-24 00:00:00+00:00,400.53619302949073,373.6266515986382,180.8071097321829,1153.7795992713995,445.1281400659722,200.50200803212803
2025-01-25 00:00:00+00:00,403.2171581769439,373.186118412755,181.28123753912328,1167.622950819669,448.5156051763504,200.20080321285093
2025-01-26 00:00:00+00:00,375.87131367292244,365.6086982235448,176.57491820202827,1095.1730418943505,426.351179903577,191.6666666666662
2025-01-27 00:00:00+00:00,351.47453083109934,363.6948995057048,173.83448132712044,1069.626593806919,423.7122557726458,190.4618473895578
2025-01-28 00:00:00+00:00,306.97050938337816,361.03242595016553,168.1143587530653,1033.970856102001,404.35168738898693,180.32128514056186
2025-01-29 00:00:00+00:00,332.1715817694371,369.5748863663082,170.09061958890675,1038.979963570125,411.11393047449826,183.63453815261002
2025-01-30 00:00:00+00:00,346.64879356568383,373.1009332249307,177.38224642628856,1085.2003642987222,420.6165947728997,187.55020080321242
2025-01-31 00:00:00+00:00,371.58176943699755,364.9302094251654,180.31004025716473,1055.418943533695,417.27987820350114,189.75903614457786
2025-02-01 00:00:00+00:00,328.15013404825754,358.5389689278919,170.28944737891402,970.0819672131123,390.6622684597813,176.70682730923656
2025-02-02 00:00:00+00:00,289.0080428954425,348.0821041275802,156.7505858318809,926.7304189435313,340.1167216442522,155.72289156626468
2025-02-03 00:00:00+00:00,294.9061662198393,361.0074867483768,157.30883308843974,984.8816029143874,361.3930474498853,168.67469879518032
2025-02-04 00:00:00+00:00,272.1179624664881,348.3049180818474,149.18584389833526,940.9836065573747,334.2425780258813,158.13253012048156
2025-02-05 00:00:00+00:00,268.36461126005383,344.20526958208285,152.30263337575684,893.0783242258631,325.0317178381117,158.33333333333297
2025-02-06 00:00:00+00:00,247.18498659517442,343.99834546209826,146.7523883915156,863.1147540983585,314.5013955848765,149.19678714859404
2025-02-07 00:00:00+00:00,239.41018766756045,343.82893702709015,143.22701873023297,874.271402550089,312.7505709210856,151.6064257028109
2025-02-08 00:00:00+00:00,256.5683646112602,343.60783318951707,143.7929132094844,907.6502732240414,320.8322760720625,160.2409638554213
2025-02-09 00:00:00+00:00,255.76407506702427,343.67199819297645,143.50450366793538,912.887067395262,315.7827962446075,157.22891566265025
2025-02-10 00:00:00+00:00,257.10455764075084,347.1209829180717,145.36223255204175,912.887067395262,324.0548084242573,158.63453815261013
2025-02-11 00:00:00+00:00,257.10455764075084,341.23312239518924,142.16132362500173,901.4571948998157,321.0479573712251,157.53012048192738
2025-02-12 00:00:00+00:00,270.50938337801625,348.68563281086875,149.5725748745033,896.0837887067372,335.1687388987562,170.6827309236944
2025-02-13 00:00:00+00:00,259.5174262734586,344.1899854141295,146.16409847437873,884.5628415300524,332.9738645013951,163.55421686746956
2025-02-14 00:00:00+00:00,276.1394101876677,347.3691636033012,148.8996192775556,907.9690346083765,344.8363359553407,167.87148594377476
2025-02-15 00:00:00+00:00,266.4879356568366,347.6156341718367,147.10197571460532,885.6102003642965,344.7602131438715,163.85542168674664
2025-02-16 00:00:00+00:00,260.0536193029492,342.4441700340526,145.37424961627295,857.3315118397065,336.90687642730217,160.24096385542134
2025-02-17 00:00:00+00:00,271.3136729222521,341.2395353327922,149.88829592566867,808.42440801457,327.56914488708395,158.13253012048162
2025-02-18 00:00:00+00:00,248.25737265415557,340.8538327634131,145.9521611597556,771.0382513661183,318.9165186500882,152.91164658634506
2025-02-19 00:00:00+00:00,250.9383378016087,344.31906359710206,148.32880872657321,769.2622950819655,323.26820603907584,154.7188755020077
2025-02-20 00:00:00+00:00,257.90884718498666,350.23546169231713,149.56001158007973,801.457194899816,323.19208322760664,156.02409638554187
2025-02-21 00:00:00+00:00,244.77211796246658,342.6716868092285,145.46110021685305,769.3078324225847,304.0598832783552,151.40562248995954
2025-02-22 00:00:00+00:00,258.17694369973196,343.986445900102,150.93541920436076,783.5610200364281,312.81400659730974,156.6265060240961
2025-02-23 00:00:00+00:00,250.67024128686336,342.94252654065474,154.019981100435,764.7540983606541,308.10707942146604,155.22088353413625
2025-02-24 00:00:00+00:00,211.52815013404833,326.17939266630697,137.29605130193937,645.765027322403,266.97538695762444,136.94779116465836
2025-02-25 00:00:00+00:00,221.17962466487944,315.9454843299868,136.32266909921148,657.2404371584686,268.43440751078356,141.465863453815
2025-02-26 00:00:00+00:00,223.32439678284186,300.16142789043556,127.61958344485507,616.2112932604722,258.24663790915963,144.87951807228885
2025-02-27 00:00:00+00:00,220.10723860589812,301.7949099801696,126.05463394383634,626.958105646629,262.4587668104537,144.87951807228885
2025-02-28 00:00:00+00:00,212.3324396782842,300.51716779023695,122.22392160504256,674.772313296902,256.0771377822883,139.95983935742942
2025-03-01 00:00:00+00:00,203.485254691689,306.6258115038123,121.1205366165407,654.189435336975,262.28114691702564,137.04819277108405
2025-03-02 00:00:00+00:00,236.72922252010724,335.8597932326406,137.5467709602178,813.7978142076486,303.615833544785,152.10843373493944
2025-03-03 00:00:00+00:00,193.8337801608579,307.18188444884,117.38541456140423,647.3588342440788,252.63892413093077,129.61847389558204
2025-03-04 00:00:00+00:00,187.3994638069705,310.9632731063485,118.61443249414145,659.3351548269568,252.5374270489719,131.4257028112447
2025-03-05 00:00:00+00:00,189.81233243967827,322.8059380952007,122.44241368197362,666.1202185792336,259.7183455975636,134.23694779116437
2025-03-06 00:00:00+00:00,183.10991957104557,320.40422170807875,120.290812954395,652.5956284152992,255.6838365896976,134.43775100401578
2025-03-07 00:00:00+00:00,187.1313672922252,309.2523369813447,116.98065798888943,634.7449908925305,251.76351179903534,132.0281124497989
2025-03-08 00:00:00+00:00,178.82037533512064,307.1884398961673,120.3661927209362,623.9071038251352,244.02435929966973,127.2088353413652
2025-03-09 00:00:00+00:00,157.37265415549598,287.63582067431315,110.36089428807065,576.0928961748622,213.2580563308801,116.96787148594352
2025-03-10 00:00:00+00:00,152.81501340482572,280.01685890040915,101.87739317102992,538.7978142076491,195.48337985282888,115.46184738955799
2025-03-11 00:00:00+00:00,169.70509383378015,295.46893893672063,105.06355388287713,570.8105646630224,208.75412331895419,120.98393574297161
2025-03-12 00:00:00+00:00,186.5951742627346,298.1307711984996,104.23164529996211,576.5938069216746,218.77696016239491,123.7951807228913
2025-03-13 00:00:00+00:00,179.3565683646113,288.9946865249217,101.84953543122121,561.7941712203997,209.62953565084962,120.68273092369452
2025-03-14 00:00:00+00:00,189.2761394101877,299.21056738109166,104.42009471631515,608.1056466302355,218.1426034001518,128.31325301204794
2025-03-15 00:00:00+00:00,191.42091152815019,300.4761962444412,105.8140741671353,618.670309653915,223.2174574980965,128.91566265060214
2025-03-16 00:00:00+00:00,176.4075067024129,294.19183804054825,103.07363729222747,574.3624772313285,213.35955341283898,131.6265060240961
2025-03-17 00:00:00+00:00,198.1233243967829,299.3061557788049,105.22086817826745,582.9234972677583,219.8934280639427,130.02008032128487
2025-03-18 00:00:00+00:00,195.17426273458446,294.6924034478802,105.50654656885482,570.7194899817839,213.16924638416603,126.00401606425677
2025-03-19 00:00:00+00:00,200.0,309.40977459949414,112.30820492371869,616.2568306010917,225.81832022329314,129.81927710843345
2025-03-20 00:00:00+00:00,205.09383378016085,300.066302649327,108.36059932376678,581.0564663023667,215.03425526516068,129.91967871485917
2025-03-21 00:00:00+00:00,193.02949061662196,299.5867574263598,107.3752000568077,585.0637522768659,212.2177112408014,125.60240963855395
2025-03-22 00:00:00+00:00,189.54423592493296,298.70248458579186,108.1912679641452,585.2003642987238,212.34458259325,128.614457831325
2025-03-23 00:00:00+00:00,197.0509383378016,306.68983399754734,109.57323035073416,604.918032786884,218.97995432631268,130.02008032128484
2025-03-24 00:00:00+00:00,214.20911528150134,311.7334669124484,113.68142762723039,642.1220400728585,232.17457498096886,135.8433734939756
2025-03-25 00:00:00+00:00,214.7453083109919,311.358345690114,112.8593511877773,654.0983606557363,241.84217203755347,138.9558232931724
2025-03-26 00:00:00+00:00,228.41823056300262,309.63504684650917,109.76604960862582,625.4098360655724,247.27226592235425,142.67068273092337
2025-03-27 00:00:00+00:00,226.27345844504015,310.7852428330078,109.44595871592182,630.373406193077,241.63917787363567,140.76305220883503
2025-03-28 00:00:00+00:00,208.84718498659512,300.7823783875453,103.61440518263183,589.6630236794159,228.67292565338704,132.9317269076302
2025-03-29 00:00:00+00:00,193.56568364611255,294.455516658318,99.85524899903294,567.3041894353358,215.13575234711962,127.30923694779088
2025-03-30 00:00:00+00:00,186.0589812332439,293.53436942653383,98.7442167878385,568.3970856101992,211.2661760974368,124.99999999999972
2025-03-31 00:00:00+00:00,193.02949061662193,294.10447957942534,99.54662894036781,567.1220400728587,211.44379599086486,124.2971887550198
2025-04-01 00:00:00+00:00,206.97050938337802,303.3972893225302,104.05575917803253,576.821493624771,220.73077899010363,127.40963855421661
2025-04-02 00:00:00+00:00,189.00804289544234,293.9843438816657,98.06033658704425,534.6994535519113,207.85333671656906,120.98393574297164
2025-04-03 00:00:00+00:00,179.89276139410185,296.46686328258335,99.2625892403574,533.5610200364287,205.9248921593501,122.79116465863429
2025-04-04 00:00:00+00:00,194.1018766756032,298.87805656638506,99.24292495343362,559.1530054644796,217.30525247399095,123.49397590361421
2025-04-05 00:00:00+00:00,189.27613941018762,297.62439851989416,98.64971896456579,547.9052823315106,214.38721136767276,123.89558232931701
2025-04-06 00:00:00+00:00,169.97319034852546,279.42594232773973,86.3458838823855,482.2859744990882,189.38086780005042,113.75502008032103
2025-04-07 00:00:00+00:00,172.9222520107238,282.0382880876836,84.83173378925325,487.20400728597343,189.7741689926411,114.65863453815234
2025-04-08 00:00:00+00:00,162.1983914209115,271.91717619831104,80.48210276774819,479.96357012750354,180.47449885815746,107.02811244979895
2025-04-09 00:00:00+00:00,186.86327077747984,294.3368060578036,91.19367683929337,542.1220400728587,203.38746511037772,119.77911646586317
2025-04-10 00:00:00+00:00,179.89276139410183,283.6203597943017,83.14989102707642,513.7067395264107,194.83633595534093,116.66666666666639
2025-04-11 00:00:00+00:00,186.05898123324388,297.21771139358145,85.58607768485773,552.8688524590152,203.04491245876642,122.48995983935713
2025-04-12 00:00:00+00:00,199.46380697050932,303.8196881459701,89.81007576212745,602.1857923497256,212.67444810961643,125.90361445783103
2025-04-13 00:00:00+00:00,194.9061662198391,298.415363118341,87.2744752093425,584.6083788706727,206.29281908145097,120.9839357429716
2025-04-14 00:00:00+00:00,196.78284182305623,301.37806903598613,88.69521993958672,589.3442622950807,201.14184217203714,120.48192771084307
2025-04-15 00:00:00+00:00,187.66756032171574,298.00204928983874,86.78396049663228,574.27140255009,194.82364882009605,117.16867469879489
2025-04-16 00:00:00+00:00,191.15281501340476,299.37865760114835,86.14814855276289,598.0418943533687,196.28266937325515,118.77510040160612
2025-04-17 00:00:00+00:00,194.10187667560314,302.64758128932846,86.5021057173912,613.9799635701264,197.76706419690396,118.47389558232902
2025-04-18 00:00:00+00:00,196.7828418230562,300.96161999354456,86.77412835317035,610.3825136612011,199.93656432377534,123.39357429718842
2025-04-19 00:00:00+00:00,201.07238605898115,303.1075314251758,88.12167823764267,636.9307832422576,199.63207307789864,123.89558232931694
2025-04-20 00:00:00+00:00,202.14477211796233,303.47175065358545,86.70639580932173,627.7777777777767,196.98046181172256,124.09638554216835
2025-04-21 00:00:00+00:00,207.5067024128685,311.7978456804948,86.2808824894985,621.8579234972666,202.22024866785043,124.09638554216835
2025-04-22 00:00:00+00:00,236.19302949061645,332.9133690510209,95.93222375773574,677.5500910746799,226.63029687896432,136.34538152610406
2025-04-23 00:00:00+00:00,236.72922252010707,333.7972499898464,98.05214313415934,688.0692167577399,226.64298401420916,136.24497991967837
2025-04-24 00:00:00+00:00,234.85254691688993,334.82827221922577,96.66362598526246,694.6721311475396,231.59096675970522,138.45381526104381
2025-04-25 00:00:00+00:00,242.62734584450385,337.1733053634249,97.48024012279228,686.7941712203993,230.38568891144337,142.06827309236908
2025-04-26 00:00:00+00:00,246.11260053619287,337.13525526698146,99.46196326055701,679.462659380691,230.8043643745238,141.9678714859434
2025-04-27 00:00:00+00:00,234.85254691688996,334.0046728938668,97.84566812145948,673.8615664845161,227.51839634610462,135.04016064256993
2025-04-28 00:00:00+00:00,240.21447721179615,338.5004271728994,98.31487985666895,673.2240437158458,227.18853082973826,137.9518072289153
2025-04-29 00:00:00+00:00,237.80160857908834,335.8128362784158,98.2018102068571,666.2568306010918,221.59350418675422,134.6385542168671
2025-04-30 00:00:00+00:00,238.33780160857896,335.51064440759797,97.97239352607949,671.8579234972666,218.5232174574977,132.93172690763015
2025-05-01 00:00:00+00:00,234.04825737265404,343.7687622959173,100.40311788193755,686.9307832422576,229.19309819842638,135.54216867469842
2025-05-02 00:00:00+00:00,233.2439678284181,345.1839907425684,100.62652603059956,674.1803278688514,230.28419182948448,135.1405622489956
2025-05-03 00:00:00+00:00,219.0348525469168,341.51180016146367,100.15239822365916,668.0783242258642,222.83684344075064,130.22088353413616
2025-05-04 00:00:00+00:00,216.89008042895432,335.8869413351595,98.80539456937917,655.5100182149351,216.3029687896469,127.20883534136509
2025-05-05 00:00:00+00:00,212.86863270777468,337.5117659591298,99.42427337728641,668.1238615664835,216.46790154783008,127.4096385542165
2025-05-06 00:00:00+00:00,214.2091152815012,344.99473782842284,99.25002594593388,668.8524590163923,218.45978178127336,127.911646586345
2025-05-07 00:00:00+00:00,221.1796246648792,345.69474559520285,98.9282963626529,670.8561020036418,218.2441004821107,128.5140562248992
2025-05-08 00:00:00+00:00,298.12332439678266,367.8945542046429,120.57430642421298,748.9071038251354,251.42095914742399,144.5783132530116
2025-05-09 00:00:00+00:00,331.63538873994617,366.86274817177866,128.09316502160306,786.7941712203996,260.4668865770103,151.10441767068227
2025-05-10 00:00:00+00:00,367.29222520107214,373.40943115105847,141.10382197265534,810.0637522768658,317.97767064196836,171.3855421686742
2025-05-11 00:00:00+00:00,364.8793565683644,370.9456874063447,137.35340547213372,788.6612021857911,294.10048211113866,159.73895582329268
2025-05-12 00:00:00+00:00,365.1474530831097,366.21906737361024,136.31010580478787,793.3515482695799,293.0855112915497,158.23293172690717
2025-05-13 00:00:00+00:00,387.13136729222504,370.8948114346956,146.37385086823247,836.7486338797802,305.48084242577954,164.15662650602363
2025-05-14 00:00:00+00:00,372.6541554959784,368.77177281384775,142.5518782125159,804.3715846994523,295.3311342298902,157.83132530120434
2025-05-15 00:00:00+00:00,349.0616621983913,369.68344314895216,139.2171428883556,770.3096539162102,278.3430601370204,148.79518072289113
2025-05-16 00:00:00+00:00,337.533512064343,368.6152971363386,138.5851545558325,762.2950819672121,280.5252473991367,146.28514056224856
2025-05-17 00:00:00+00:00,326.0053619302947,367.4137620215862,135.1963424426318,755.6466302367932,272.2278609489971,142.36947791164616
2025-05-18 00:00:00+00:00,371.3136729222518,379.26918163078176,136.43628497921557,789.1621129326038,295.66099974625666,150.60240963855378
2025-05-19 00:00:00+00:00,355.76407506702395,376.1321150652021,138.09463984312228,759.8360655737696,284.7627505709205,146.5863453815257
2025-05-20 00:00:00+00:00,352.81501340482555,380.67906596276396,137.8788789171529,767.7140255009097,287.0464349149956,146.68674698795138
2025-05-21 00:00:00+00:00,365.95174262734565,390.6333702196007,139.34277583259097,790.2094717668477,296.9297132707428,148.79518072289116
2025-05-22 00:00:00+00:00,415.54959785522766,397.9449028903113,145.56051411185663,818.2149362477221,311.57066734331323,156.02409638554172
2025-05-23 00:00:00+00:00,370.24128686327055,382.3475341898646,138.0050580915806,792.3952641165745,285.72697284952994,143.67469879518035
2025-05-24 00:00:00+00:00,369.4369973190347,383.92800266208195,138.21808786658835,800.8652094717659,285.6127886323262,144.37751004016025
2025-05-25 00:00:00+00:00,364.8793565683644,388.3539271761059,139.3553391270145,800.2732240437149,285.34635879218416,145.38152610441725
2025-05-26 00:00:00+00:00,371.3136729222517,389.8880443604273,140.0370344070394,796.4936247723124,286.67850799289465,144.57831325301163
2025-05-27 00:00:00+00:00,372.65415549597833,388.1187148758066,145.3414758047332,804.6903460837876,286.70388226338434,145.08032128514014
2025-05-28 00:00:00+00:00,375.06702412868606,383.99879436773085,146.4770883745824,784.1985428050992,280.33494037046376,143.87550200803173
2025-05-29 00:00:00+00:00,360.05361930294885,376.189154582436,143.73446657890528,759.15300546448,272.60847500634304,139.55823293172654
2025-05-30 00:00:00+00:00,311.2600536193027,370.47355268905176,138.26943350466715,711.2932604735873,245.58487693478762,128.21285140562216
2025-05-31 00:00:00+00:00,312.33243967828395,372.6340001125829,138.09027000158366,712.43169398907,244.24004059883225,128.61445783132496
2025-06-01 00:00:00+00:00,316.35388739946364,376.37862126116846,138.699316666029,718.0327868852451,245.66099974625678,130.0200803212848
2025-06-02 00:00:00+00:00,331.09919571045555,377.1448247949821,142.42460657770354,714.1621129326039,247.4879472215169,132.4297188755017
2025-06-03 00:00:00+00:00,328.6863270777477,375.43078908347024,141.6571531574832,706.6939890710373,245.00126871352398,130.92369477911615
2025-06-04 00:00:00+00:00,316.8900804289542,373.0080168845523,142.4393547928964,697.905282331511,238.67038822633805,128.61445783132496
2025-06-05 00:00:00+00:00,285.2546916890078,361.64935054755813,131.86051465808686,657.0582877959919,217.01344836335915,120.48192771084307
2025-06-06 00:00:00+00:00,296.24664879356544,371.55292134247026,135.2520579222492,673.178506375227,226.8206039076372,124.59839357429688
2025-06-07 00:00:00+00:00,308.31099195710436,376.055195441399,137.90291304561532,683.3333333333325,234.85156051763468,127.81124497991937
2025-06-08 00:00:00+00:00,313.13672922251993,376.70308027644046,137.0944923609704,694.2167577413469,233.67165693986257,125.40160642570251
2025-06-09 00:00:00+00:00,339.14209115281477,392.8388150886447,146.39679253631027,733.8797814207641,247.27226592235425,131.72690763052174
2025-06-10 00:00:00+00:00,351.74262734584426,392.8793234778359,153.84027136715915,751.91256830601,251.83963461050448,134.2369477911643
2025-06-11 00:00:00+00:00,334.8525469168898,387.07465300663466,151.3937063357236,733.0145719489973,244.78558741436137,129.9196787148591
2025-06-12 00:00:00+00:00,308.5790884718496,376.4812282628137,144.34952177546623,693.624772313296,229.76401928444514,122.59036144578279
2025-06-13 00:00:00+00:00,300.80428954423564,377.88801300828777,140.88314497495494,676.6848816029135,228.8759198173048,121.58634538152575
2025-06-14 00:00:00+00:00,293.56568364611235,375.56528263597403,138.23775215351216,658.6520947176676,226.13549860441466,120.98393574297155
2025-06-15 00:00:00+00:00,297.8552278820373,376.204331868096,139.15815002758424,696.5846994535511,222.6972849530571,120.88353413654585
2025-06-16 00:00:00+00:00,283.91420911528127,380.48147622973437,138.97024684142355,686.3387978142069,219.132199949251,119.0763052208832
2025-06-17 00:00:00+00:00,271.5817694369971,372.4889608404655,137.1010471232783,671.9945355191248,214.86932250697745,116.56626506024064
2025-06-18 00:00:00+00:00,277.47989276139384,373.6846530565132,137.92312356273143,666.39344262295,216.5440243592992,117.36947791164624
2025-06-19 00:00:00+00:00,275.87131367292204,372.87167070563,137.7111862481083,669.5810564663016,216.84851560517586,116.36546184738923
2025-06-20 00:00:00+00:00,263.8069705093832,368.02420242651334,131.44974955345646,638.0236794171213,205.96295356508455,113.45381526104386
2025-06-21 00:00:00+00:00,248.79356568364588,363.82736229463484,125.39970394323541,616.7122040072852,195.9908652626233,109.43775100401577
2025-06-22 00:00:00+00:00,237.80160857908825,359.7083324723373,121.68369994483041,599.7723132969028,191.9436691195124,106.42570281124468
2025-06-23 00:00:00+00:00,265.41554959785503,375.27773363934944,131.73215056288984,658.0601092896167,207.7645267698549,116.1646586345378
2025-06-24 00:00:00+00:00,269.7050938337799,377.946477622767,133.7417314404633,664.4808743169391,210.2385181426029,117.57028112449763
2025-06-25 00:00:00+00:00,253.61930294906142,382.4269121064151,132.10522578424963,653.7795992714018,208.8175589951784,116.66666666666632
2025-06-26 00:00:00+00:00,245.57640750670222,381.02490143671196,131.96702954559078,633.2422586520939,203.00685105303177,112.55020080321249
2025-06-27 00:00:00+00:00,246.11260053619284,381.38306400183,132.360861514259,647.0400728597442,204.31362598325248,113.75502008032092
2025-06-28 00:00:00+00:00,256.0321715817692,382.2708995855106,133.04091810370693,686.3387978142067,207.59959401167168,115.96385542168636
2025-06-29 00:00:00+00:00,278.82037533512045,386.0479060689905,136.5624641536433,698.1785063752267,214.97081958893634,119.17670682730885
2025-06-30 00:00:00+00:00,261.3941018766754,381.73545492310546,135.76387561246025,704.9635701275035,209.56609997462525,114.65863453815226
2025-07-01 00:00:00+00:00,248.25737265415532,376.5147536755041,131.368907484992,668.8524590163925,200.17761989342762,112.3493975903611
2025-07-02 00:00:00+00:00,269.70509383378,387.8031627183162,140.4035548660913,693.3970856101995,214.0192844455717,118.47389558232896
2025-07-03 00:00:00+00:00,271.31367292225184,390.42242019989857,141.54189858690214,693.8069216757732,218.23141334686576,119.37751004016029
2025-07-04 00:00:00+00:00,258.7131367292224,384.7201073383247,136.99671715654375,672.5865209471757,206.64805886830706,114.75903614457799
2025-07-05 00:00:00+00:00,259.78552278820365,385.4821068352653,137.453911827522,671.9034608378863,208.33544785587367,115.16064257028079
2025-07-06 00:00:00+00:00,268.6327077747988,389.065228838553,140.40027748493736,691.5300546448079,218.16797767064148,118.67469879518038
2025-07-07 00:00:00+00:00,265.4155495978551,385.7130438438295,138.86755556526597,677.9599271402542,213.04237503171737,116.76706827309202
2025-07-08 00:00:00+00:00,273.19034852546906,388.0645968079249,142.85285104848853,690.6648451730409,216.8738898756656,118.97590361445747
2025-07-09 00:00:00+00:00,296.2466487935655,396.29813176876684,151.23693827052563,715.1639344262286,229.04085257548795,124.3975903614454
2025-07-10 00:00:00+00:00,332.7077747989274,413.3138285023727,161.20837043146688,748.360655737704,247.48794722151683,133.93574297188712
2025-07-11 00:00:00+00:00,331.36729222520086,418.72086121476747,161.58690795474993,741.9398907103815,255.04947982745438,133.5341365461843
2025-07-12 00:00:00+00:00,328.15013404825714,418.337296291256,160.77084004741243,731.7395264116566,250.46942400405933,132.5301204819273
2025-07-13 00:00:00+00:00,329.758713136729,424.2751064725782,162.3412518503544,733.8342440801448,251.90307028672868,133.5341365461843
2025-07-14 00:00:00+00:00,327.88203753351183,426.9633386608221,164.6130232202451,738.6612021857914,250.55823395077334,133.0321285140558
2025-07-15 00:00:00+00:00,344.7721179624662,419.541824110223,171.40102582030082,746.7213114754087,252.71504694239985,138.05220883534093
2025-07-16 00:00:00+00:00,363.0026809651472,422.64974743714106,184.15331589038212,790.6648451730407,269.855366658208,144.17670682730878
2025-07-17 00:00:00+00:00,358.445040214477,424.5990310763834,189.91713687982346,800.8652094717658,276.90941385435116,145.28112449799153
2025-07-18 00:00:00+00:00,347.9892761394099,420.13591152426295,193.74347937707864,807.2859744990881,299.16264907383857,147.3895582329313
2025-07-19 00:00:00+00:00,359.78552278820354,419.83364839858297,196.206431314284,805.8287795992703,306.3055062166957,149.59839357429675
2025-07-20 00:00:00+00:00,375.87131367292204,417.78549863796366,205.20175012153575,826.1839708561009,347.31032732808865,155.7228915662646
2025-07-21 00:00:00+00:00,377.74798927613926,418.19606915426925,205.50982395000852,891.2568306010918,344.35422481603587,155.32128514056177
2025-07-22 00:00:00+00:00,379.62466487935643,427.3667836909024,204.62930087997634,936.703096539161,343.73255518903767,155.2208835341361
2025-07-23 00:00:00+00:00,341.2868632707773,423.09708546236965,198.1881544520487,862.4772313296894,305.54427810200394,139.15662650602368
2025-07-24 00:00:00+00:00,332.17158176943684,421.6185470706061,202.48425491470562,832.7413479052814,294.5699061151986,136.64658634538114
2025-07-25 00:00:00+00:00,336.46112600536173,419.0295729054815,203.46856172128005,850.455373406192,300.3425526516107,141.46586345381488
2025-07-26 00:00:00+00:00,332.43967828418215,420.11863222016655,204.35017725169686,841.8943533697621,298.69322506977863,140.26104417670643
2025-07-27 00:00:00+00:00,342.89544235924916,425.4469283097709,211.5057927711891,859.0163934426218,305.39203247906556,142.16867469879477
2025-07-28 00:00:00+00:00,319.03485254691674,420.6257174473947,207.512850065274,833.8342440801448,286.91956356254695,134.1365461847386
2025-07-29 00:00:00+00:00,308.84718498659504,420.2282578257437,207.2282641350713,826.4116575591976,284.0903324029428,131.8273092369474
2025-07-30 00:00:00+00:00,304.02144772117947,419.83471722151677,208.1137032768344,809.5173041894345,279.10428825171215,129.11646586345344
2025-07-31 00:00:00+00:00,289.0080428954422,412.4376787161017,202.0172281002655,784.2440801457187,266.099974625729,124.89959839357392
2025-08-01 00:00:00+00:00,278.5522788203752,403.6514197887581,190.53601568773064,740.938069216757,254.9733570159853,121.08433734939723
2025-08-02 00:00:00+00:00,271.58176943699715,400.97373332012774,185.3872498948502,721.6757741347897,242.29890890636847,118.67469879518038
2025-08-03 00:00:00+00:00,280.160857908847,406.8966156078079,191.00249627197843,737.5683060109282,252.16950012687084,122.48995983935708
2025-08-04 00:00:00+00:00,288.4718498659516,409.91151571205376,203.25170833492598,772.0856102003636,266.924638416645,125.70281124497957
2025-08-05 00:00:00+00:00,273.4584450402144,406.61498076475027,197.29834546874693,747.2222222222215,253.50164932758133,121.28514056224864
2025-08-06 00:00:00+00:00,283.10991957104545,409.68791795430184,201.19351297023545,765.4371584699446,260.39076376554124,123.8955823293169
2025-08-07 00:00:00+00:00,297.8552278820374,418.5225945605467,213.5929383360731,798.5428051001815,282.00964222278554,129.21686746987913
2025-08-08 00:00:00+00:00,316.62198391420895,415.6821263590978,219.0109956137711,805.009107468123,292.2989089063684,133.1325301204815
2025-08-09 00:00:00+00:00,332.4396782841821,414.9250790750838,232.72792820350304,819.4444444444434,304.4278102004562,137.75100401606383
2025-08-10 00:00:00+00:00,323.59249329758694,425.01391251185544,232.17896686021376,831.7850637522758,296.6886577010905,136.2449799196783
2025-08-11 00:00:00+00:00,301.072386058981,422.84772907191297,230.68502728419764,796.1748633879771,281.74321238264343,129.81927710843334
2025-08-12 00:00:00+00:00,325.4691689008041,428.00686611852717,250.7480622483922,873.3151183970845,299.18802334432826,135.94377510040118
2025-08-13 00:00:00+00:00,328.41823056300245,439.3091342320476,259.4211052421706,917.6229508196709,310.6064450647038,139.75903614457786
2025-08-14 00:00:00+00:00,296.24664879356544,421.4550171617341,248.36212876830496,876.4571948998167,283.96346105049423,129.31726907630483
2025-08-15 00:00:00+00:00,289.8123324396781,418.05958046562256,242.497255193283,845.7194899817839,290.35777721390457,129.21686746987913
2025-08-16 00:00:00+00:00,297.3190348525468,418.1971379772032,241.54244481709424,863.3879781420752,293.26313118497785,130.42168674698755
2025-08-17 00:00:00+00:00,298.12332439678266,418.28389077199705,244.29216760527166,869.717668488159,297.58944430347566,130.72289156626468
2025-08-18 00:00:00+00:00,286.3270777479891,414.08712189498084,235.5885357207229,833.0601092896162,282.4410048211108,127.51004016064218
2025-08-19 00:00:00+00:00,273.7265415549596,402.1372895932991,222.6210309548645,802.4590163934414,265.7066734331383,121.38554216867432
2025-08-20 00:00:00+00:00,285.79088471849843,407.119073287764,236.85415107634606,855.8287795992701,281.26110124333866,126.30522088353375
2025-08-21 00:00:00+00:00,279.08847184986575,400.808600176855,230.79864316420174,820.9927140254996,272.4308551129149,124.29718875501969
2025-08-22 00:00:00+00:00,310.4557640750668,416.6128929972864,263.9422525440665,913.8888888888875,305.1763511799029,134.33734939758995
2025-08-23 00:00:00+00:00,301.6085790884717,411.27611757907374,261.010635101844,929.5992714025488,299.8096929713264,133.1325301204815
2025-08-24 00:00:00+00:00,290.3485254691687,404.3485061061858,261.1062253855014,937.9781420765014,294.1131692463835,130.12048192771044
2025-08-25 00:00:00+00:00,261.66219839142076,392.30069836890533,239.04016430604136,852.4590163934413,265.9857904085252,120.88353413654582
2025-08-26 00:00:00+00:00,270.50938337801597,398.1836423062923,251.30030097283543,891.8943533697618,277.07434661253427,126.00401606425665
2025-08-27 00:00:00+00:00,268.90080428954417,396.3979598307844,246.17010700649416,924.1803278688508,277.7467647805119,125.50200803212812
2025-08-28 00:00:00+00:00,273.72654155495974,401.0469476910935,246.4159105930416,976.4571948998162,284.66125348896156,127.30923694779077
2025-08-29 00:00:00+00:00,261.9302949061661,386.12083542050743,238.16619599831714,933.8797814207634,271.3905100228362,122.48995983935704
2025-08-30 00:00:00+00:00,263.8069705093833,387.68463025495754,238.90469921834412,923.0418943533682,273.978685612788,123.89558232931688
2025-08-31 00:00:00+00:00,258.71313672922247,385.6539379355904,239.89501455703416,913.5701275045521,271.136767317939,122.28915662650563
2025-09-01 00:00:00+00:00,253.8873994638069,389.1848657522773,235.67101647976446,898.5428051001807,267.3560010149702,121.5863453815257
2025-09-02 00:00:00+00:00,262.46648793565674,396.3195794823054,236.32649271055763,954.6903460837872,272.6338492768326,124.8995983935739
2025-09-03 00:00:00+00:00,264.8793565683646,397.97874894988195,243.09756217465116,959.7905282331498,279.4975894443028,125.30120481927673
2025-09-04 00:00:00+00:00,253.083109919571,394.5056444539139,234.7451563037691,921.3114754098345,269.4874397361069,121.68674698795144
2025-09-05 00:00:00+00:00,261.39410187667556,394.2531172220869,235.28592419417348,926.0473588342427,276.42730271504627,124.49799196787113
2025-09-06 00:00:00+00:00,258.17694369973185,392.57143121803824,233.41180840429732,911.475409836064,273.97868561278796,123.192771084337
2025-09-07 00:00:00+00:00,264.8793565683646,395.9537926469262,235.21709918994017,939.6630236794156,290.24359299670067,125.30120481927676
2025-09-08 00:00:00+00:00,276.1394101876676,399.2596263537538,235.22693133340206,974.9999999999984,306.57193605683767,129.21686746987916
2025-09-09 00:00:00+00:00,276.67560321715825,397.4111327171693,235.43012896494798,989.1165755919837,305.2905353971066,129.41767068273055
2025-09-10 00:00:00+00:00,282.30563002680975,406.01020512137245,237.57299000944937,1020.3551912568289,311.29155036792616,131.02409638554178
2025-09-11 00:00:00+00:00,286.59517426273464,411.4351584316239,243.55421061543714,1041.5755919854264,324.82872367419355,133.0321285140558
2025-09-12 00:00:00+00:00,309.1152815013405,413.3830169736211,257.3924063078658,1102.8233151183954,349.5305759959393,139.6586345381522
2025-09-13 00:00:00+00:00,319.3029490616622,412.9870893315086,254.8999579402748,1103.7340619307815,367.14031971580727,143.47389558232888
2025-09-14 00:00:00+00:00,309.3833780160858,410.67030874019304,251.51114582707402,1091.8032786885228,352.65161126617517,137.34939759036104
2025-09-15 00:00:00+00:00,289.0080428954424,410.9613848524993,247.10033702402825,1066.9854280510003,340.40852575488367,131.12449799196747
2025-09-16 00:00:00+00:00,296.78284182305634,416.08906287742855,245.87405024225268,1079.052823315117,342.489215935041,132.1285140562245
2025-09-17 00:00:00+00:00,305.8981233243968,414.8728492610519,250.74860847858466,1114.9362477231314,358.4876934788115,135.5421686746984
2025-09-18 00:00:00+00:00,306.97050938337804,417.10291268500475,250.59184041338662,1127.0491803278671,353.4255265161117,134.4377510040157
2025-09-19 00:00:00+00:00,288.4718498659518,411.9684654481615,244.0878775133413,1086.2021857923482,336.5516366404457,129.21686746987916
2025-09-20 00:00:00+00:00,287.3994638069706,412.1581815189119,244.73406783086494,1090.5282331511823,339.49505201725356,129.8192771084334
2025-09-21 00:00:00+00:00,279.088471849866,410.5430475562081,242.7976817990634,1075.4098360655723,330.80436437452335,127.91164658634504
2025-09-22 00:00:00+00:00,258.9812332439679,401.34653875943906,229.3664275999188,1003.5519125683047,306.0390763765533,121.7871485943772
2025-09-23 00:00:00+00:00,256.56836461126005,399.0229533287782,227.46445407023396,971.3114754098348,300.7992895204255,121.48594377510007
2025-09-24 00:00:00+00:00,258.4450402144772,403.6837338687903,226.83902050001882,963.5701275045524,305.8487693478804,121.88755020080289
2025-09-25 00:00:00+00:00,243.16353887399464,388.31936856791305,211.62924079465535,877.6867030965379,282.8216188784565,116.86746987951776
2025-09-26 00:00:00+00:00,251.2064343163539,390.6314819657511,220.25312307112426,934.2896174863375,294.8997716315648,119.57831325301171
2025-09-27 00:00:00+00:00,247.4530831099196,390.60436949066354,219.49604802455815,926.5027322404359,292.78102004567285,118.47389558232899
2025-09-28 00:00:00+00:00,252.81501340482572,399.6113403538378,226.25728534518976,960.0637522768658,301.1291550367918,120.68273092369446
2025-09-29 00:00:00+00:00,251.74262734584448,407.26414818731246,230.23984967745065,968.8069216757727,297.86856127886233,120.18072289156594
2025-09-30 00:00:00+00:00,249.597855227882,406.32703986638336,226.42060817269572,950.2732240437144,295.52144125856296,118.6746987951804
2025-10-01 00:00:00+00:00,261.9302949061661,422.52348382122784,237.50252631463908,1011.1111111111096,315.9857904085248,124.39759036144542
2025-10-02 00:00:00+00:00,273.72654155495974,429.4151115886776,244.94873629644965,1068.9435336976305,332.40294341537583,126.80722891566228
2025-10-03 00:00:00+00:00,271.0455764075066,435.4812161494875,246.50658480496807,1060.291438979962,327.5691448870835,127.10843373493938
2025-10-04 00:00:00+00:00,261.6621983914208,436.04769230440405,245.10168075030134,1037.6138433515468,318.2441004821102,124.19678714859401
2025-10-05 00:00:00+00:00,262.73458445040205,439.9357494907063,246.58578818285557,1040.8014571948981,320.78152753108253,124.99999999999962
2025-10-06 00:00:00+00:00,273.4584450402144,444.1263548221376,255.8547683164635,1058.0601092896159,337.51585891905506,129.01606425702775
2025-10-07 00:00:00+00:00,253.61930294906153,432.2781319540296,242.94680264156878,1001.684881602913,313.1438721136758,122.38955823293136
2025-10-08 00:00:00+00:00,256.3002680965146,439.3076022525092,247.20849060210912,1042.8961748633865,324.33392539964376,123.79518072289119
2025-10-09 00:00:00+00:00,247.98927613941007,433.4518776725031,238.59826408044836,1006.0564663023665,315.26262369956765,120.58232931726872
2025-10-10 00:00:00+00:00,179.8927613941018,401.78657316128647,209.19086921610463,858.0601092896163,245.48337985282848,97.79116465863423
2025-10-11 00:00:00+00:00,180.16085790884713,394.1975740569601,204.66098223113147,808.8342440801446,235.05455468155216,99.899598393574
2025-10-12 00:00:00+00:00,200.80428954423587,409.56867294232035,226.81061653001765,897.085610200363,262.8393808677992,107.32931726907597
2025-10-13 00:00:00+00:00,210.18766756032164,410.3068733152683,231.64803111327137,950.3187613843338,271.2509515351425,111.5461847389555
2025-10-14 00:00:00+00:00,201.6085790884718,402.69022732438754,225.3210467955402,921.8579234972664,259.286982999238,107.8313253012045
2025-10-15 00:00:00+00:00,192.4932975871313,394.62111295819597,217.70605168430043,882.6958105646618,248.93428063943082,103.61445783132497
2025-10-16 00:00:00+00:00,184.45040214477208,385.4684259017129,212.72989463219557,841.7577413479041,239.1524993656425,100.5020080321282
2025-10-17 00:00:00+00:00,178.28418230563,379.18873489129754,209.29192180168533,828.5974499089242,234.33138797259505,97.89156626505994
2025-10-18 00:00:00+00:00,180.96514745308306,381.87265616037513,212.44039263026187,854.0983606557365,240.573458513067,99.49799196787119
2025-10-19 00:00:00+00:00,187.39946380697046,387.0663161877513,217.54054393602507,855.4644808743159,247.84318700837272,101.10441767068244
2025-10-20 00:00:00+00:00,191.68900804289538,393.7974423779747,217.35701059140297,863.8888888888879,253.74270489723344,102.30923694779088
2025-10-21 00:00:00+00:00,185.52278820375327,385.8367779121332,211.55768463946038,845.3096539162102,246.4729764019277,100.90361445783105
2025-10-22 00:00:00+00:00,179.8927613941018,383.2351560089586,207.86953838086407,820.2185792349717,240.9667597056577,98.9959839357427
2025-10-23 00:00:00+00:00,186.3270777479892,392.18027765169666,210.6700605769279,871.3570127504543,247.31032732808856,101.40562248995957
2025-10-24 00:00:00+00:00,192.49329758713128,395.4819073216513,214.9350259186222,881.5573770491792,250.88809946713954,102.81124497991941
2025-10-25 00:00:00+00:00,191.68900804289538,397.76697949926404,215.96958590289077,882.6958105646618,249.32758183202154,102.40963855421658
2025-10-26 00:00:00+00:00,196.2466487935656,408.14571334311466,227.14764055868378,910.8834244080134,261.06318193351854,106.0240963855419
2025-10-27 00:00:00+00:00,191.15281501340476,406.5362441419601,225.0550326918765,904.8269581056454,254.22481603653813,104.31726907630494
2025-10-28 00:00:00+00:00,187.39946380697043,402.2281751701036,217.35591813101829,884.1074681238604,245.64831261101162,101.60642570281095
2025-10-29 00:00:00+00:00,188.47184986595167,391.97759319601613,213.19309783528925,882.877959927139,244.06242070540395,102.00803212851378
2025-10-30 00:00:00+00:00,172.6541554959785,385.926594666004,207.84550425240158,841.0291438979951,231.76858665313299,97.69076305220857
2025-10-31 00:00:00+00:00,176.13941018766747,390.5051827224065,210.18883177748714,852.5045537340608,236.53894950520095,100.70281124497966
2025-11-01 00:00:00+00:00,179.35656836461118,392.2512474945014,211.59701321330786,848.5883424408004,237.70616594772824,102.40963855421661
2025-11-02 00:00:00+00:00,179.62466487935652,393.8280463413127,213.38919447433486,854.7814207650264,236.46282669373178,102.1084337349395
2025-11-03 00:00:00+00:00,153.3512064343163,379.72799168883336,196.85207540161528,756.1930783242251,212.39533113422922,92.26907630522065
2025-11-04 00:00:00+00:00,150.13404825737263,361.60852151148714,179.54859536906,705.9653916211287,205.8233950773909,88.85542168674677
2025-11-05 00:00:00+00:00,154.42359249329758,370.1161382999878,187.04505852856468,739.3897996357007,212.11621415884227,91.96787148594355
2025-11-06 00:00:00+00:00,148.5254691689008,361.06990600771167,181.08295597930837,707.1038251366115,205.07485409794404,90.5622489959837
2025-11-07 00:00:00+00:00,166.21983914209113,368.1705955410138,187.687425234742,736.7486338797808,226.80791677239208,100.60240963855395
2025-11-08 00:00:00+00:00,163.27077747989273,364.5147223233651,185.8007461504423,719.5810564663019,223.3570159857897,100.10040160642544
2025-11-09 00:00:00+00:00,162.4664879356568,373.1010044797938,195.73940449984386,749.2258652094713,227.4803349403697,100.30120481927685
2025-11-10 00:00:00+00:00,166.4879356568364,377.6904232752588,194.88673916962037,761.885245901639,230.63943161634032,101.80722891566238
2025-11-11 00:00:00+00:00,156.3002680965147,367.17270682258237,186.68837021297472,704.1438979963567,218.2948490230899,96.68674698795155
2025-11-12 00:00:00+00:00,153.3512064343163,362.16840659164535,186.53324083835366,698.6338797814203,215.9096675970559,95.38152610441743
2025-11-13 00:00:00+00:00,145.30831099195706,355.1770576444716,176.51647157144922,659.0619307832418,207.86602385181362,93.47389558232908
2025-11-14 00:00:00+00:00,131.36729222520103,337.01412200115055,170.00868506005762,632.6047358834239,200.01268713524425,90.26104417670659
2025-11-15 00:00:00+00:00,133.7801608579088,340.58484565840615,173.0391701670914,635.7468123861563,207.003298655163,90.7630522088351
2025-11-16 00:00:00+00:00,130.56300268096513,335.8292961515966,169.074085200985,624.635701275045,201.17990357777148,89.35742971887525
2025-11-17 00:00:00+00:00,126.27345844504019,328.5388549201131,165.58640542297297,596.4936247723128,193.02207561532543,86.24497991967849
2025-11-18 00:00:00+00:00,130.56300268096513,331.1955568318098,170.6237402566185,640.6648451730415,205.1890383151478,89.05622489959815
2025-11-19 00:00:00+00:00,127.61394101876672,326.1868031719819,165.26085222834567,624.1347905282328,196.1431108855614,85.94377510040137
2025-11-20 00:00:00+00:00,119.57104557640747,308.6661944844466,154.813653569887,608.6976320582874,188.93681806648,82.93172690763029
2025-11-21 00:00:00+00:00,110.72386058981232,303.2942904191429,151.07907774494288,585.9744990892528,177.98782035016433,78.81526104417648
2025-11-22 00:00:00+00:00,110.45576407506701,301.90592505556145,151.3123180370668,581.0109289617482,177.9624460796746,78.31325301204797
2025-11-23 00:00:00+00:00,111.79624664879353,309.3529844742785,153.0624395732846,594.6265938069213,183.96346105049417,78.81526104417648
2025-11-24 00:00:00+00:00,122.25201072386056,314.59025247735383,161.32253254166332,630.4189435336971,192.603400152245,83.7349397590359
2025-11-25 00:00:00+00:00,122.52010723860587,311.27672324540293,161.64917819667525,632.7868852459011,194.12585638162838,88.25301204819253
2025-11-26 00:00:00+00:00,126.00536193029488,322.371319062885,165.31984508911705,651.2750455373401,196.32073077898943,86.34538152610418
2025-11-27 00:00:00+00:00,126.54155495978547,325.39940131664775,164.70096628120984,641.3934426229503,193.65643237756848,87.9518072289154
2025-11-28 00:00:00+00:00,124.39678284182301,323.82021543195094,165.57056474739545,625.364298724954,190.52270997208765,86.74698795180696
2025-11-29 00:00:00+00:00,122.52010723860587,323.50576772482555,163.27694416981166,618.8979963570122,188.23902562801257,85.64257028112424
2025-11-30 00:00:00+00:00,121.71581769436992,321.92946766205,163.39165251020046,607.8324225865205,185.2194874397355,84.03614457831299
2025-12-01 00:00:00+00:00,108.57908847184983,307.41488784840993,152.89365444385535,576.7759562841525,171.872621162141,80.0200803212849
2025-12-02 00:00:00+00:00,122.25201072386056,325.1996383103197,163.65438923271006,631.5118397085605,184.94037046434855,84.93975903614431
2025-12-03 00:00:00+00:00,128.95442359249324,332.86691088083165,174.15784960097847,658.7887067395258,192.41309312357205,90.06024096385514
2025-12-04 00:00:00+00:00,127.88203753351203,328.0504740942264,171.14812124125314,633.0145719489975,186.99568637401615,87.34939759036116
2025-12-05 00:00:00+00:00,117.69436997319033,318.25998476571084,165.05874705718452,606.9672131147535,177.06165947728942,83.33333333333307
2025-12-06 00:00:00+00:00,121.17962466487933,317.9277589704531,165.94800981029388,601.9581056466296,177.3027150469418,84.6385542168672
2025-12-07 00:00:00+00:00,118.49865951742626,322.05526812135884,167.13824539937582,602.1857923497262,175.93250444049673,83.73493975903588
2025-12-08 00:00:00+00:00,127.34584450402141,322.90687060758347,170.65105176623496,606.7850637522763,180.9058614564825,86.14457831325272
2025-12-09 00:00:00+00:00,132.4396782841823,330.19075639173974,181.24136273508344,627.8688524590158,187.73154021821807,87.65060240963827
2025-12-10 00:00:00+00:00,124.66487935656836,327.82712572849226,181.57456315240327,620.4918032786879,181.83202232935741,85.74297188754991
2025-12-11 00:00:00+00:00,123.32439678284179,329.60140742603966,176.83601623396092,621.1748633879777,178.03856889114377,85.3413654618471
2025-12-12 00:00:00+00:00,116.08579088471846,321.6031916477904,168.5043671103873,602.3224043715843,173.7122557726459,83.13253012048165
2025-12-13 00:00:00+00:00,117.42627345844502,321.5019741159591,170.13104062313903,606.2841530054638,176.41461557980148,83.83534136546156
2025-12-14 00:00:00+00:00,111.79624664879356,314.1347913978284,167.33761941957545,589.2531876138429,170.1091093631052,81.0240963855419
2025-12-15 00:00:00+00:00,109.11528150134046,307.93529773487955,161.94905857226317,582.012750455373,164.6155798020801,79.31726907630495
2025-12-16 00:00:00+00:00,109.91957104557639,313.03479446178744,161.80976987321964,588.1147540983603,167.20375539203187,78.91566265060213
2025-12-17 00:00:00+00:00,104.82573726541555,307.2624380706182,154.77377876584717,561.3387978142073,160.2765795483374,75.60240963855395
2025-12-18 00:00:00+00:00,99.7319034852547,304.67300074888897,154.505033511222,544.6265938069213,154.87185993402633,70.58232931726883
2025-12-19 00:00:00+00:00,110.18766756032173,314.0092759579685,162.7492858040232,574.9999999999997,167.74930220756093,75.50200803212826
2025-12-20 00:00:00+00:00,109.38337801608581,314.807187905485,162.66352766382778,572.9052823315114,167.3940624207048,74.59839357429694
2025-12-21 00:00:00+00:00,107.77479892761397,315.8687428433401,163.97939619714506,573.9071038251363,166.35371733062613,73.09236947791139
2025-12-22 00:00:00+00:00,107.77479892761397,315.7331092130403,164.38743015081383,573.4517304189433,168.20603907637596,72.28915662650577
2025-12-23 00:00:00+00:00,105.63002680965153,311.6901439561986,161.9583444855328,564.7085610200362,164.01928444557163,71.48594377510015
2025-12-24 00:00:00+00:00,106.70241286863273,312.3437291802203,160.99971049799777,557.9690346083787,163.1058107079416,72.38955823293146
2025-12-25 00:00:00+00:00,104.55764075067026,310.7612299444287,158.62251670098783,546.7213114754096,156.87642730271452,70.88353413654593
2025-12-26 00:00:00+00:00,108.04289544235928,311.27529814815773,159.9356540833435,556.7395264116574,154.9226084750058,71.48594377510014
2025-12-27 00:00:00+00:00,112.33243967828422,313.08321214068883,161.08601486838558,567.9872495446265,157.76452676985483,74.09638554216839
2025-12-28 00:00:00+00:00,111.7962466487936,313.35291179431897,161.1876136841585,570.4462659380691,157.2316670895706,74.29718875501982
2025-12-29 00:00:00+00:00,109.38337801608581,310.8034840777451,160.47696820394023,561.3843351548269,155.89951788886017,72.18875502008007
2025-12-30 00:00:00+00:00,110.9919571045577,315.25107006989424,162.43192606228087,569.2622950819671,156.50850038061353,71.28514056224874
2025-12-31 00:00:00+00:00,108.04289544235932,312.268092143938,162.31994887285367,567.622950819672,149.03577772139002,69.37751004016039
2026-01-01 00:00:00+00:00,131.9034852546918,316.51067789738335,164.0979281488802,577.8688524590164,160.91093631058052,74.89959839357402
2026-01-02 00:00:00+00:00,161.12600536193037,320.62952958252527,170.72151546104527,602.4134790528232,180.00507485409736,81.5261044176704
2026-01-03 00:00:00+00:00,163.53887399463815,322.8843184436802,170.81218967297167,607.3315118397085,181.61634103019477,81.22489959839329
2026-01-04 00:00:00+00:00,192.49329758713148,326.0969151632488,171.77300858127597,610.7468123861565,189.7107333164165,90.86345381526073
2026-01-05 00:00:00+00:00,187.6675603217159,334.39803536093837,176.15869079547466,627.9599271402549,192.47652879979637,93.07228915662618
2026-01-06 00:00:00+00:00,179.892761394102,333.9999344455272,180.08335472734882,642.4408014571949,191.00482111139237,91.66666666666636
2026-01-07 00:00:00+00:00,175.87131367292238,325.50703178608194,173.08505350324697,621.0837887067395,185.76503425526454,88.25301204819247
2026-01-08 00:00:00+00:00,163.00268096514756,324.56586193800445,169.69460269946927,630.1001821493625,180.08119766556655,87.85140562248966
2026-01-09 00:00:00+00:00,164.0750670241288,322.9315960447855,168.6977325984713,619.1712204007285,178.52068003044855,87.04819277108406
2026-01-10 00:00:00+00:00,159.24932975871323,322.4449965904552,168.60596592616025,618.5792349726776,177.1758436944932,86.84738955823265
2026-01-11 00:00:00+00:00,155.49597855227896,324.2582546976553,170.61226942257971,636.1566484517303,175.0951535143359,84.9397590361443
2026-01-12 00:00:00+00:00,153.8873994638071,325.2649077641439,169.09921178983214,633.9708561020036,173.33164171530012,84.13654618473868
2026-01-13 00:00:00+00:00,176.1394101876677,339.93557135355064,181.66632982471438,662.6138433515481,188.1248414108088,90.26104417670653
2026-01-14 00:00:00+00:00,167.2922252010725,345.4142864573725,183.25585968438781,667.9872495446264,186.72925653387404,87.65060240963825
2026-01-15 00:00:00+00:00,158.44504021447733,340.61534273945057,181.27686769758472,648.4517304189434,177.67064196904278,84.53815261044149
2026-01-16 00:00:00+00:00,158.98123324396795,340.42345339540145,180.0527658365785,659.790528233151,175.24739913727421,85.94377510040131
2026-01-17 00:00:00+00:00,155.22788203753365,338.987062254661,180.83278255122235,654.462659380692,174.93022075615266,85.2409638554214
2026-01-18 00:00:00+00:00,146.64879356568377,333.733334378405,179.3836338509771,627.823315118397,167.013448363359,81.2248995983933
2026-01-19 00:00:00+00:00,141.55495978552293,330.0204572709534,174.22285099386548,607.6502732240435,163.8670388226333,81.72690763052182
2026-01-20 00:00:00+00:00,133.78016085790895,315.0450366356878,160.58512178202105,572.8597449908923,156.50850038061353,77.61044176706802
2026-01-21 00:00:00+00:00,138.0697050938339,318.70422320443123,162.90059156729794,589.8907103825134,160.54300938847956,80.22088353413629
2026-01-22 00:00:00+00:00,132.70777479892772,319.0780974666762,161.28484265839273,585.0182149362474,157.78990104034455,78.61445783132504
2026-01-23 00:00:00+00:00,134.85254691689022,319.22270920961995,161.48804028993862,580.2823315118395,158.29738645013907,79.21686746987928
2026-01-24 00:00:00+00:00,134.3163538873996,317.8869655618128,161.31379285858608,579.2805100182147,157.61228114691653,78.51405622489935
2026-01-25 00:00:00+00:00,126.27345844504032,308.7842281637696,153.86703664658324,541.2112932604734,151.54783049987265,75.40160642570257
2026-01-26 00:00:00+00:00,134.3163538873996,314.7579507956677,160.0645644087328,565.7559198542804,155.2397868561274,77.30923694779094
2026-01-27 00:00:00+00:00,134.8525469168902,317.9748228069716,165.33131592315598,579.1894353369762,160.0989596549094,78.61445783132505
2026-01-28 00:00:00+00:00,133.51206434316362,318.15292433517465,164.45789384562406,570.8105646630236,158.58919056077087,78.31325301204795
2026-01-29 00:00:00+00:00,126.80965147453091,301.58677452752715,154.17838785621,536.5209471766847,148.79472215173766,73.89558232931705
2026-01-30 00:00:00+00:00,124.39678284182314,300.1984804188079,147.88526981040314,535.4735883424407,146.92971327074298,72.69076305220862
2026-01-31 00:00:00+00:00,111.26005361930302,280.53427608266446,133.932912007778,480.78324225865197,132.27607206292777,68.37349397590341
2026-02-01 00:00:00+00:00,111.26005361930302,274.21796007305073,124.00244711126133,458.97085610200355,132.27607206292777,66.56626506024077
2026-02-02 00:00:00+00:00,113.6729222520108,280.52544047974493,128.201318599684,476.09289617486326,136.91956356254713,68.97590361445764
2026-02-03 00:00:00+00:00,110.45576407506712,269.9497938240563,122.01253052061169,445.76502732240425,134.5090078660234,67.2690763052207
2026-02-04 00:00:00+00:00,112.60053619302957,260.6710569162465,117.34444729697961,419.48998178506366,131.73052524739873,66.56626506024077
2026-02-05 00:00:00+00:00,91.95710455764082,224.13167043486143,99.78697022499196,356.7850637522767,112.2684597817809,56.425702811244825
2026-02-06 00:00:00+00:00,105.09383378016094,251.45933520638627,112.70804542450253,398.2695810564661,124.94290789139772,63.453815261044
2026-02-07 00:00:00+00:00,103.7533512064344,246.86026137708586,114.00261098031905,398.86156648451714,124.62572951027617,63.554216867469705
2026-02-08 00:00:00+00:00,101.3404825737266,250.56907695738903,114.1479082114782,396.1293260473587,122.59578787109831,61.34538152610425
2026-02-09 00:00:00+00:00,102.14477211796253,249.88367643737104,114.98254794535485,395.12750455373384,121.9360568383655,61.24497991967854
2026-02-10 00:00:00+00:00,97.58713136729227,245.26383181572365,110.48434231153665,377.91438979963556,117.6985536665817,60.34136546184722
2026-02-11 00:00:00+00:00,95.71045576407514,238.99778611142995,106.03311247425864,361.1111111111109,115.60517635117952,59.33734939759019
2026-02-12 00:00:00+00:00,99.46380697050947,236.11071723006717,106.39744801254116,357.0127504553733,117.99035777721349,60.74297188755003
2026-02-13 00:00:00+00:00,101.3404825737266,245.30897177096142,111.90727196255014,384.01639344262276,122.64653641207775,63.453815261043985
2026-02-14 00:00:00+00:00,129.49061662198403,248.76123421972025,113.97584570089496,401.0018214936246,140.87794975894394,70.58232931726887
2026-02-15 00:00:00+00:00,118.49865951742638,245.23280032321227,107.42053716277083,392.34972677595607,130.28419182948446,65.66265060240944
2026-02-16 00:00:00+00:00,119.83914209115294,245.4460304985063,109.15481802341111,393.67030965391604,128.16544024359254,66.06425702811227
2026-02-17 00:00:00+00:00,117.69436997319048,240.49770096186958,108.79048248512859,387.4316939890708,127.70870337477751,65.36144578313235
2026-02-18 00:00:00+00:00,113.67292225201085,236.78347001203514,106.83770954755725,371.630236794171,125.03171783811169,63.253012048192595
2026-02-19 00:00:00+00:00,113.40482573726554,238.71707758158163,106.46463432619746,375.68306010928944,124.80334940370419,62.34939759036128
2026-02-20 00:00:00+00:00,114.20911528150144,242.33782215213927,107.5461701070062,385.5646630236792,127.01091093631011,64.45783132530104
2026-02-21 00:00:00+00:00,111.52815013404836,242.1807764357322,107.79033500297666,387.84153005464464,124.85409794468363,64.15662650602393
2026-02-22 00:00:00+00:00,108.84718498659527,240.9960574684717,106.94203951429182,377.00364298724935,121.26363867038779,62.14859437750988
2026-02-23 00:00:00+00:00,106.4343163538875,230.35278994850432,101.39671060178152,354.73588342440786,117.5589951788882,60.44176706827293
2026-02-24 00:00:00+00:00,105.89812332439688,228.22273272372448,101.15855423792668,359.69945355191237,115.92235473230103,59.23694779116451
2026-02-25 00:00:00+00:00,110.99195710455774,242.22392125482685,112.38576961102918,401.0018214936246,128.0766302968785,62.55020080321268
2026-02-26 00:00:00+00:00,102.68096514745315,240.432360253183,110.75800363789278,391.2112932604734,123.077899010403,59.939759036144416
2026-02-27 00:00:00+00:00,98.92761394101883,234.68537059297608,105.41368743615907,372.7231329690344,118.45978178127335,58.03212851405607
2026-02-28 00:00:00+00:00,97.8552278820376,238.60852079893823,107.30746751295904,384.10746812386134,119.32250697792395,58.03212851405607
2026-03-01 00:00:00+00:00,92.49329758713142,234.3446654691102,105.95281663598645,380.6921675774133,116.59477290027868,55.622489959839214
2026-03-02 00:00:00+00:00,94.36997319034859,245.22382221056836,110.73997804154598,394.5355191256828,118.70083735092574,55.2208835341364
2026-03-03 00:00:00+00:00,92.49329758713142,243.4707388345415,108.3065225347263,396.03825136612,114.14615579802039,55.020080321285
2026-03-04 00:00:00+00:00,97.8552278820376,258.893034338431,116.19845635347619,413.7067395264114,125.51382897741645,57.22891566265046
2026-03-05 00:00:00+00:00,93.02949061662204,252.56542443315007,113.22587164682912,404.2349726775954,118.70083735092574,55.42168674698781
2026-03-06 00:00:00+00:00,90.88471849865958,242.67275563216276,108.0814756954873,385.7012750455371,115.8208576503421,54.31726907630509
2026-03-07 00:00:00+00:00,86.86327077747994,239.640469341527,107.58495245066146,378.96174863387955,114.09540725704093,53.41365461847376
2026-03-08 00:00:00+00:00,85.5227882037534,235.03843843544306,105.81025055578893,371.5391621129324,113.10581070794173,53.112449799196646
2026-03-09 00:00:00+00:00,87.66756032171588,243.8062067260318,108.86258487051583,386.8852459016391,114.8058868307532,54.41767068273078
2026-03-10 00:00:00+00:00,88.20375335120649,249.20899977412247,111.2403248977181,391.07468123861537,119.91880233443244,56.726907630521936
2026-03-11 00:00:00+00:00,89.27613941018774,250.07556578142038,112.08479677505663,394.26229508196695,117.83811215427514,57.53012048192756
2026-03-12 00:00:00+00:00,90.08042895442368,251.32067324444088,113.26192283952273,395.446265938069,120.21060644506424,59.4377510040159
2026-03-13 00:00:00+00:00,90.61662198391429,252.70536898261633,114.28337329917542,401.5482695810563,121.74574980969251,59.6385542168673
2026-03-14 00:00:00+00:00,90.08042895442368,253.7098844032373,114.49858799495252,400.8652094717666,121.84724689165141,59.03614457831308
2026-03-15 00:00:00+00:00,92.49329758713145,259.42199480837115,118.98532279473184,420.309653916211,123.54732301446288,59.6385542168673
2026-03-16 00:00:00+00:00,107.50670241286872,266.7948422880511,128.52632556411888,438.0692167577411,130.7282415630546,62.148594377509866
2026-03-17 00:00:00+00:00,98.12332439678293,263.3200633028201,126.58283853981709,430.87431693989043,127.06165947728958,60.843373493975726
2026-03-18 00:00:00+00:00,94.36997319034862,253.83311968750508,120.35581434728189,410.20036429872465,120.8576503425522,58.43373493975888
2026-03-19 00:00:00+00:00,91.68900804289552,249.14262586993323,116.77363674599717,404.781420765027,118.67546308043599,58.33333333333317
2026-03-20 00:00:00+00:00,91.42091152815021,251.21161767776172,117.2330163377447,409.1074681238612,119.46206546561741,59.83935742971871
2026-03-21 00:00:00+00:00,89.00804289544244,245.5375573690714,113.88189410781457,398.724954462659,115.8969804618113,58.83534136546168
2026-03-22 00:00:00+00:00,87.9356568364612,241.76418488356646,112.1896729719835,392.5318761384331,114.37452423242789,57.32931726907614
2026-03-23 00:00:00+00:00,92.76139410187676,252.62146638231272,117.55037607948707,416.34790528233106,119.44937833037255,61.345381526104234
2026-03-24 00:00:00+00:00,94.63806970509393,251.37553948837632,117.77979276026467,413.47905282331465,120.6546561786344,62.248995983935565
2026-03-25 00:00:00+00:00,95.17426273458453,254.1537309402155,118.47842117625171,417.57741347905244,122.02486678507947,61.546184738955645
2026-03-26 00:00:00+00:00,91.42091152815021,245.18908546521985,112.54690751776577,394.0346083788703,116.7850799289516,59.437751004015894
2026-03-27 00:00:00+00:00,87.9356568364612,236.59207945202198,108.85002157609225,378.46083788706704,114.32377569144843,58.032128514056055
2026-03-28 00:00:00+00:00,88.2037533512065,236.48430647286332,108.95872138436546,373.81602914389765,115.45293072824111,58.53413654618457
2026-03-29 00:00:00+00:00,87.93565683646119,235.17998621931002,108.40702889011456,370.8561020036426,114.75513828977373,58.03212851405605
2026-03-30 00:00:00+00:00,89.00804289544243,237.9818699128486,110.69245601481343,375.86520947176655,115.23724942907847,59.437751004015894
2026-03-31 00:00:00+00:00,91.4209115281502,243.28006082315085,115.0049433832402,378.8706739526408,117.12763258056285,59.83935742971871
2026-04-01 00:00:00+00:00,91.15281501340489,242.67239935785165,116.91237921484836,369.67213114754065,116.96269982237963,60.240963855421526
2026-04-02 00:00:00+00:00,89.54423592493305,238.35460409729757,112.36883647506698,359.4717668488157,114.6917026135494,58.935742971887386
2026-04-03 00:00:00+00:00,91.68900804289551,238.57659862064887,112.18639559082955,366.1202185792347,116.16341030195336,60.040160642570115
2026-04-04 00:00:00+00:00,91.1528150134049,239.77410783568388,112.82493868566057,368.0783242258649,116.81045419944131,60.14056224899581
2026-04-05 00:00:00+00:00,93.56568364611266,245.9510493347294,115.26385649440354,372.9052823315115,117.20375539203205,60.24096385542151
2026-04-06 00:00:00+00:00,89.00804289544241,245.3079029480279,115.09944120651289,364.43533697632023,114.95813245369153,58.53413654618457
2026-04-07 00:00:00+00:00,99.46380697050947,256.24751944010825,122.35610931158574,389.61748633879745,120.42628774422693,61.64658634538134
2026-04-08 00:00:00+00:00,94.90616621983922,253.2039036263741,119.62441211975516,376.00182149362433,117.22912966252177,59.538152610441585
2026-04-09 00:00:00+00:00,94.10187667560328,255.76209569100516,119.6353367236017,379.4626593806918,117.482872367419,59.33734939759019
2026-04-10 00:00:00+00:00,97.31903485254699,259.94735690776747,122.63140932851886,386.2932604735879,118.85308297386405,59.83935742971869
2026-04-11 00:00:00+00:00,97.58713136729229,260.23401521861393,124.81305271667547,386.74863387978104,118.10454199441722,59.73895582329298
2026-04-12 00:00:00+00:00,93.02949061662204,252.031939279457,119.7145401014892,371.26593806921636,115.24993656432333,57.93172690763034
2026-04-13 00:00:00+00:00,100.53619302949069,265.13218133222415,129.42705915126714,393.9435336976316,119.39862978939308,60.240963855421505
2026-04-14 00:00:00+00:00,95.44235924932981,264.11166919502716,126.85868478694253,381.2386156648447,117.95229637147884,58.534136546184556
2026-04-15 00:00:00+00:00,99.73190348525476,266.52877663239593,128.90759423836352,386.6120218579231,120.37553920324741,59.839357429718675
2026-04-16 00:00:00+00:00,106.70241286863278,267.75542908609265,128.26413507180155,405.5100182149357,125.86906876427253,62.951807228915456
2026-04-17 00:00:00+00:00,105.89812332439685,274.5877371807163,132.13308352405826,404.18943533697586,126.12281146916978,63.353413654618265
2026-04-18 00:00:00+00:00,101.07238605898128,269.6702966268665,128.381574563152,392.3497267759558,120.26135498604368,60.843373493975704
2026-04-19 00:00:00+00:00,97.85522788203758,262.9368190261887,123.62664073893978,380.100182149362,118.0157320477032,59.13654618473877
2026-04-20 00:00:00+00:00,100.80428954423597,270.20189352670997,126.38947305173302,388.34244080145675,120.79421466632789,60.240963855421505
2026-04-21 00:00:00+00:00,102.14477211796252,271.96609266124835,127.11541297733646,391.7577413479048,120.75615326059331,61.144578313252815
2026-04-22 00:00:00+00:00,101.6085790884719,278.5289504942598,129.67887126993014,395.58287795992663,121.3524486171018,61.244979919678514
2026-04-23 00:00:00+00:00,102.41286863270783,278.8112978859399,127.28583679734271,392.16757741347857,123.24283176858619,61.847389558232734
2026-04-24 00:00:00+00:00,103.75335120643436,275.8886015734503,126.45174329365838,392.4408014571944,124.87947221517335,62.248995983935544
2026-04-25 00:00:00+00:00,103.21715817694374,276.5579341220301,126.69809311039815,392.4408014571944,124.3339253996443,62.048192771084146
2026-04-26 00:00:00+00:00,104.55764075067026,280.23664452303103,129.42596669088243,395.8561020036425,125.88175589951743,62.34939759036126
2026-04-27 00:00:00+00:00,104.82573726541557,275.6541374492046,125.8334107159435,386.2477231329685,125.53920324790614,61.64658634538134
2026-04-28 00:00:00+00:00,104.02144772117965,271.9896780206543,125.05503269187659,382.78688524590115,126.04668865770061,61.54618473895563
2026-04-29 00:00:00+00:00,103.21715817694373,269.9846730791296,123.060200029496,378.14207650273175,132.0477036285202,61.84738955823275
2026-04-30 00:00:00+00:00,104.02144772117963,272.0032164444826,123.31201214815906,378.36976320582835,135.1179903577767,62.44979919678695
2026-05-01 00:00:00+00:00,105.6300268096515,278.7174196049207,125.39424164131204,381.42076502732203,137.69347881248362,62.951807228915456
2026-05-02 00:00:00+00:00,106.97050938337802,280.3410328962326,126.55989687173921,383.69763205828747,137.66810454199387,62.951807228915456
2026-05-03 00:00:00+00:00,105.6300268096515,279.9196316408645,126.87015562098132,382.10382513661165,137.4016747018518,61.847389558232734
2026-05-04 00:00:00+00:00,106.97050938337802,284.52426334942066,128.20896582237634,382.9690346083785,139.6853590459269,62.148594377509845
2026-05-05 00:00:00+00:00,110.18766756032173,288.2455841580494,128.9523851141343,392.94171220400693,145.6990611519913,63.75502008032109
2026-05-06 00:00:00+00:00,113.67292225201074,290.7387561608739,129.87332921839874,400.5009107468121,147.1453945699055,64.6586345381524
