timestamp,PEPE,BTC,ETH,SOL,DOGE,SHIB
2023-05-01 00:00:00+00:00,,,,,,
2023-05-02 00:00:00+00:00,,0.02143346256590184,0.02149415806809296,0.013205828779599305,-0.0007612281146918143,0.005020080321285203
2023-05-03 00:00:00+00:00,,0.012427685381093623,0.01873716632443534,-0.0004494382022472987,0.010919248349416044,0.009990009990009874
2023-05-04 00:00:00+00:00,,-0.006476915995777599,-0.014723481985386755,-0.02248201438848918,-0.015573976387842192,-0.021760633036597365
2023-05-05 00:00:00+00:00,,0.023144680520532646,0.06192097257960549,0.04967801287948492,0.022837458535340582,0.010111223458038276
2023-05-06 00:00:00+00:00,-0.2949061662198391,-0.02228084760830229,-0.04864797070185123,-0.039877300613496924,-0.043033553698391014,-0.05405405405405406
2023-05-07 00:00:00+00:00,0.06083650190114076,-0.01449310528906489,-0.013673780407418401,-0.011410314924691911,-0.002606882168925906,-0.011640211640211562
2023-05-08 00:00:00+00:00,-0.3046594982078853,-0.02677830890499855,-0.012211291702309723,-0.048014773776546615,-0.0539728175640356,-0.04496788008565322
2023-05-09 00:00:00+00:00,0.036082474226803996,-0.0014644659199046783,-0.0005629045876723859,0.0014548981571289588,0.009807984528249714,0.008968609865470878
2023-05-10 00:00:00+00:00,-0.03980099502487544,-0.0010684708090662465,-0.0030760565821112973,0.012590799031477085,0.0002735978112176074,-0.0011111111111110628
2023-05-11 00:00:00+00:00,-0.27461139896373066,-0.02283183115177323,-0.02528193650724664,-0.035389765662362405,-0.01627461706783384,-0.034482758620689724
2023-05-12 00:00:00+00:00,0.25,-0.0064374817843849685,0.0073287633060246105,0.03619236489836375,0.005839010148755763,0.018433179723502224
2023-05-13 00:00:00+00:00,0.06857142857142873,-0.0007363311303112408,-0.006827298127195847,-0.002870813397129135,-0.009398756046993806,-0.013574660633484226
2023-05-14 00:00:00+00:00,-0.048128342245989386,0.005316097534741049,0.002283982597166778,0.004318618042226552,0.004046323426817322,0.008027522935780018
2023-05-15 00:00:00+00:00,-0.028089887640449396,0.009084012628159499,0.00944303333129537,0.002866698518872335,-0.0006948304613673129,0.0
2023-05-16 00:00:00+00:00,-0.03468208092485536,-0.0047234864410535815,0.004410307234886002,-0.015245354930919386,0.01168126825198157,-0.0022753128555176305
2023-05-17 00:00:00+00:00,-0.05988023952095811,0.013752023389943968,-0.0011457014269191657,0.01886792452830166,0.028591065292096207,0.0
2023-05-18 00:00:00+00:00,0.01273885350318471,-0.021321546938747327,-0.011832371084231519,-0.03418803418803418,-0.01857543765869285,-0.007981755986317118
2023-05-19 00:00:00+00:00,-0.037735849056603765,0.0021990001968585915,0.006531301372906251,0.000983284169124854,0.0008169934640520626,-0.0034482758620689724
2023-05-20 00:00:00+00:00,0.12418300653594772,0.008265173030320483,0.003917630440540387,-0.003929273084479323,0.0014965986394557262,0.005767012687427853
2023-05-21 00:00:00+00:00,-0.07558139534883723,-0.013085542514084558,-0.007975068978025912,-0.033037475345167766,-0.020241814970791916,-0.022935779816513735
2023-05-22 00:00:00+00:00,-0.04402515723270439,0.0037943335858154903,0.006892310419910119,-0.004079551249362434,0.010953965612867433,0.03169014084507049
2023-05-23 00:00:00+00:00,0.046052631578947345,0.013793298663241194,0.0201942388642804,0.02508960573476693,-0.0002743107941298728,0.012514220705346801
2023-05-24 00:00:00+00:00,-0.10062893081761004,-0.03271905806144915,-0.029211725681615897,-0.03996003996004005,-0.030868431883660286,-0.0449438202247191
2023-05-25 00:00:00+00:00,0.0,0.005498877473934849,0.00317241609209451,0.0015608740894901274,0.003397508493771184,0.0
2023-05-26 00:00:00+00:00,0.020979020979020824,0.008768294981564617,0.012289543642002743,0.0051948051948051965,0.0012697516930022523,0.004705882352941115
2023-05-27 00:00:00+00:00,0.041095890410958846,0.005554948116372804,0.0011489284874084404,0.055813953488371926,0.02226292799774554,0.010538641686182793
2023-05-28 00:00:00+00:00,-0.019736842105263275,0.04508519501740316,0.04303537371098809,0.018600097895252077,0.013370089593383927,0.02085747392815751
2023-05-29 00:00:00+00:00,-0.03355704697986572,-0.011708533760912077,-0.008403889680610344,-0.011532916866890841,-0.005304678998911849,-0.012485811577752637
2023-05-30 00:00:00+00:00,-0.09722222222222221,-0.0015142556351941394,0.004221705590193414,0.03305785123966931,-0.011212908519075637,-0.0022988505747125743
2023-05-31 00:00:00+00:00,-0.03076923076923077,-0.017478262753480966,-0.014185068847042182,-0.02070588235294124,-0.00912736827548044,-0.010368663594469973
2023-06-01 00:00:00+00:00,-0.007936507936507908,-0.014421718206491185,-0.006324621189882862,-0.015377222489187936,-0.003210048848569569,-0.016298020954598424
2023-06-02 00:00:00+00:00,0.031999999999999806,0.01583492834831035,0.02411670551837486,0.03757930697901424,0.015961915429851592,0.01775147928994092
2023-06-03 00:00:00+00:00,0.007751937984496138,-0.006363932357385971,-0.007667778547003179,-0.0032925682031984538,0.0019294377067253787,-0.0011627906976744429
2023-06-04 00:00:00+00:00,-0.053846153846153766,0.001698977658018963,-0.0010834751540648169,0.029731005191127924,-0.002888583218706997,0.0011641443538998875
2023-06-05 00:00:00+00:00,-0.16260162601626016,-0.05115247125137512,-0.042068560483806916,-0.08340971585701196,-0.08401158780521445,-0.07325581395348846
2023-06-06 00:00:00+00:00,0.16504854368932032,0.05837485716062529,0.04095001380834029,0.018999999999999906,0.05798192771084354,0.026348808030112858
2023-06-07 00:00:00+00:00,-0.10833333333333339,-0.0327116189155523,-0.027862085066644005,-0.08537782139352301,-0.042277580071174325,-0.03667481662591676
2023-06-08 00:00:00+00:00,0.009345794392523477,0.006046848554291717,0.007373930889183589,0.01341201716738194,0.010107015457788249,0.0076142131979695105
2023-06-09 00:00:00+00:00,0.05555555555555558,-0.000784946833060296,-0.002855378080232396,-0.07887771307570157,0.022218952324897012,-0.007556675062972196
2023-06-10 00:00:00+00:00,-0.17543859649122817,-0.024042773930321393,-0.04827290164477793,-0.1028735632183908,-0.11112710522527713,-0.1307106598984773
2023-06-11 00:00:00+00:00,-0.021276595744680882,0.003263779056785765,0.0007022431816754438,-0.0038436899423445192,-0.003886639676113357,-0.026277372262773713
2023-06-12 00:00:00+00:00,-0.010869565217391353,-0.0007853256729365432,-0.0058136881261553475,-0.023151125401929318,-0.0013006015282068795,-0.0014992503748125774
2023-06-13 00:00:00+00:00,0.0,0.0011217829323004747,-0.0014059693441296206,-0.00987491770901916,0.005209181181832889,0.01951951951951969
2023-06-14 00:00:00+00:00,-0.03296703296703285,-0.03106509731339835,-0.051243592395926685,-0.037234042553191404,-0.022186234817813677,-0.03387334315169377
2023-06-15 00:00:00+00:00,0.011363636363636243,0.018699410233757652,0.009697446924497921,0.0200276243093922,0.019046041735673924,0.028963414634146423
2023-06-16 00:00:00+00:00,0.0786516853932584,0.029162266993092212,0.030570619570955637,0.03656059580230209,0.010726474890297322,0.01185185185185178
2023-06-17 00:00:00+00:00,0.04166666666666674,0.006528373505409135,0.005727856943280152,0.02155453951665587,0.0001607975558770569,0.02196193265007329
2023-06-18 00:00:00+00:00,-0.05999999999999994,-0.006675719981792838,-0.003941519655507708,-0.012148337595908054,-0.0012861736334404128,0.032951289398280625
2023-06-19 00:00:00+00:00,0.0,0.019148844892382,0.009390162410296554,0.04207119741100329,0.005312298776561475,0.00277392510402219
2023-06-20 00:00:00+00:00,0.13829787234042534,0.05452320506922326,0.03159270282250404,0.03354037267080745,0.010888710968775195,0.0055325034578146415
2023-06-21 00:00:00+00:00,0.2897196261682242,0.0595556236949355,0.05419673100854361,0.03545673076923084,0.03928401710755569,0.038514442916093516
2023-06-22 00:00:00+00:00,0.12318840579710155,-0.003633073269255882,-0.00905188157386283,-0.035403366221706256,-0.0009144947416552807,0.0331125827814569
2023-06-23 00:00:00+00:00,0.06451612903225823,0.026889146766998273,0.011014898424688058,0.0306859205776171,0.04088482074752098,0.017948717948717885
2023-06-24 00:00:00+00:00,-0.06060606060606066,-0.005248545872232224,-0.009336214685384925,-0.02860478692352586,-0.022570716693536608,-0.016372795969773368
2023-06-25 00:00:00+00:00,0.03870967741935494,-0.002121698420076701,0.012714937918675506,0.019230769230769162,0.00044984255510582827,0.006402048655569814
2023-06-26 00:00:00+00:00,-0.06211180124223603,-0.0063904465335593574,-0.0209764061512534,-0.04068396226415105,-0.029676258992805682,-0.0394402035623409
2023-06-27 00:00:00+00:00,0.06622516556291402,0.014023065291087988,0.01646610757570044,0.022126613398893547,0.01266604881062694,0.0066225165562914245
2023-06-28 00:00:00+00:00,-0.11801242236024845,-0.020038485047132126,-0.03257866827548972,-0.039687312086590376,-0.04560707748627202,-0.048684210526315774
2023-06-29 00:00:00+00:00,0.08450704225352124,0.012298266373334643,0.013112548002757185,0.12648716343143374,0.013584785040754443,0.012448132780082943
2023-06-30 00:00:00+00:00,0.051948051948051965,0.0008109090753829484,0.04416870501460579,0.048360200111172924,0.04793440555029971,0.031420765027322384
2023-07-01 00:00:00+00:00,-0.03703703703703698,0.003737857705434555,-0.0048040376669648,-0.008483563096500557,0.030845621426421888,0.01192052980132452
2023-07-02 00:00:00+00:00,0.012820512820512775,0.00101778924275564,0.006744608989347922,0.04010695187165769,-0.007298204641658201,0.002617801047120505
2023-07-03 00:00:00+00:00,0.16455696202531644,0.017610133967925767,0.009321386543345023,-0.009768637532133528,0.0064696368181149655,0.01436031331592691
2023-07-04 00:00:00+00:00,-0.07065217391304346,-0.012507622880839175,-0.00988985139654519,-0.006749740394600301,0.006574141709276837,-0.012870012870012992
2023-07-05 00:00:00+00:00,-0.029239766081871288,-0.008506002143239377,-0.013345728747030328,-0.006795608991113422,-0.02743105950653124,-0.027379400260756137
2023-07-06 00:00:00+00:00,-0.07228915662650592,-0.019976521735424746,-0.03360099667078442,0.03210526315789464,-0.03223399492613033,-0.04289544235924925
2023-07-07 00:00:00+00:00,0.01948051948051943,0.015028049437656454,0.01340071607706772,0.09637939826619069,0.008481110254433322,0.025210084033613356
2023-07-08 00:00:00+00:00,-0.006369426751592244,-0.001979587868721766,-0.003030610772298048,0.014418604651162736,0.005045871559632875,0.043715846994535346
2023-07-09 00:00:00+00:00,-0.012820512820512886,-0.004091844608965056,-0.0013081426518839478,-0.022466758367721162,-0.005629088696181284,0.01308900523560208
2023-07-10 00:00:00+00:00,-0.019480519480519543,0.008317443455409412,0.009448142581060859,-0.0009380863039399889,-0.0019889840881274212,-0.025839793281653867
2023-07-11 00:00:00+00:00,0.0,0.006922694224599457,-0.001116783663050458,0.036150234741783915,0.00076651847309539,-0.0013262599469495706
2023-07-12 00:00:00+00:00,-0.0066225165562913135,-0.007906054777431892,-0.003449928126497359,-0.005890348889895702,-0.0038296568627450567,-0.0026560424966799445
2023-07-13 00:00:00+00:00,0.14666666666666672,0.03535977616853181,0.07087754164396154,0.18550592525068366,0.0828848223896661,0.06125166444740349
2023-07-14 00:00:00+00:00,-0.04651162790697683,-0.036313716787853334,-0.03325534175775391,0.025374855824682907,-0.027406986651519527,0.0012547051442910462
2023-07-15 00:00:00+00:00,0.0060975609756097615,-0.0007419501379155591,-0.0033129841110932645,0.029621297337832697,0.05081033727551487,0.013784461152882344
2023-07-16 00:00:00+00:00,-0.048484848484848575,-0.0018993368003190625,-0.004815135056772113,-0.0014566642388929019,-0.03404196192858144,-0.028430160692212714
2023-07-17 00:00:00+00:00,0.006369426751592355,-0.0031089584245033164,-0.005676053919910884,-0.022611232676878257,0.004315304948216303,-0.0012722646310432406
2023-07-18 00:00:00+00:00,-0.03797468354430367,-0.009253102395646695,-0.007320008371703657,-0.04701492537313434,-0.016614150673159522,-0.016560509554140013
2023-07-19 00:00:00+00:00,0.0,0.0016772089474810237,-0.004522430305553882,0.030148786217697676,0.01995339353335268,0.002590673575129543
2023-07-20 00:00:00+00:00,-0.006578947368421129,-0.003651383637347849,0.0015672736322094316,-0.03534777651083243,0.008424960731115316,-0.006459948320413633
2023-07-21 00:00:00+00:00,0.013245033112582849,0.003413422818792089,7.401181017030467e-05,0.004728132387706863,0.03681676578872839,0.01950585175552666
2023-07-22 00:00:00+00:00,-0.02614379084967322,-0.0036024683529910506,-0.013326426075602749,-0.03843137254901963,-0.0375580442502047,-0.007653061224489721
2023-07-23 00:00:00+00:00,0.01342281879194629,0.009725112438746075,0.011899149218867144,0.00978792822185981,0.018873279409677757,0.008997429305912519
2023-07-24 00:00:00+00:00,-0.10596026490066224,-0.03015747704325422,-0.02050584255028509,-0.0561389337641357,0.03342618384401108,-0.02420382165605095
2023-07-25 00:00:00+00:00,-0.03703703703703698,0.001796308673075897,0.004140540540540583,-0.004278990158322671,0.10309973045822107,0.03394255874673635
2023-07-26 00:00:00+00:00,0.023076923076922995,0.0042098730332400525,0.00771938890862689,0.08165019338203705,-0.04789248625534526,-0.00757575757575768
2023-07-27 00:00:00+00:00,0.015037593984962516,-0.004401068957575638,-0.0057264957264957506,-0.002781088597536785,-0.00410624919799818,-0.007633587786259444
2023-07-28 00:00:00+00:00,-0.014814814814814836,0.003126328159059444,0.006936086993896806,-0.011155378486055856,-0.0056693725035432685,0.04743589743589749
2023-07-29 00:00:00+00:00,0.015037593984962516,0.0013222287947045608,0.0033454452323402606,0.014101531023368308,0.039652714785538334,0.04283965728274164
2023-07-30 00:00:00+00:00,-0.03703703703703698,-0.0024464362976061027,-0.00992842176914166,-0.036551450139054475,-0.027545805808301016,-0.028169014084507005
2023-07-31 00:00:00+00:00,-0.04615384615384621,-0.0016679706937139382,-0.0030347139043608307,-0.021443298969072155,-0.0020507562163548654,0.021739130434782705
2023-08-01 00:00:00+00:00,0.048387096774193505,0.01620607377126304,0.009336580214854395,0.013485040033712536,0.003724633958386736,-0.0035460992907800915
2023-08-02 00:00:00+00:00,-0.06153846153846165,-0.01750421379661149,-0.017918621595221618,-0.037422037422037535,-0.050287907869481785,-0.033214709371293116
2023-08-03 00:00:00+00:00,-0.016393442622950838,0.00026142662186434684,-0.0022229468992880363,-0.021598272138228958,-0.008623012665049723,0.015950920245398903
2023-08-04 00:00:00+00:00,-0.033333333333333326,-0.002728333979592712,-0.0030395302346103437,0.0066225165562914245,-0.001494971459635952,0.049516908212560384
2023-08-05 00:00:00+00:00,-0.008620689655172376,-0.0014377967430778682,0.003414871354966209,-0.006578947368421129,0.030488634816932203,0.147295742232451
2023-08-06 00:00:00+00:00,0.0,0.0005603304608226001,-0.0033760236975083346,0.02428256070640189,-0.019019944525161758,-0.06018054162487452
2023-08-07 00:00:00+00:00,-0.034782608695652195,0.004216110740975276,-0.0006447100990012444,-0.0034482758620688614,-0.009829002288945898,-0.04162219850586979
2023-08-08 00:00:00+00:00,0.05405405405405417,0.019148911405474367,0.01487070143786573,0.04757785467128017,0.019309219472396055,0.061247216035634766
2023-08-09 00:00:00+00:00,0.05982905982905984,-0.006329437072100319,-0.0005117707267144889,0.006606110652353392,0.00600320170757751,0.009443861490031402
2023-08-10 00:00:00+00:00,0.0,-0.0042674613844437825,-0.0015522677661895523,0.009844134536505456,0.006232595146532294,0.031185031185031242
2023-08-11 00:00:00+00:00,0.008064516129032251,-0.0010089710837443144,-0.0019595459035774976,0.0,-0.0018450184501844769,0.06048387096774177
2023-08-12 00:00:00+00:00,0.08799999999999986,0.0001406917616817438,0.0005895588585276279,0.011779041429731851,0.012674940586216099,0.014258555133079831
2023-08-13 00:00:00+00:00,0.0,-0.004292533818187172,-0.004973161146638039,-0.027298273785628213,-0.024902216427640234,-0.04123711340206182
2023-08-14 00:00:00+00:00,0.02941176470588247,0.004336974266853755,0.0025913632091616456,0.03920759389186945,-0.0013370771493513844,-0.003910068426197455
2023-08-15 00:00:00+00:00,-0.09999999999999998,-0.007846507059070196,-0.008951503657545379,-0.05083399523431298,-0.05034141116615343,-0.025515210991167936
2023-08-16 00:00:00+00:00,-0.07936507936507942,-0.016078424657534285,-0.011574757515117717,-0.04518828451882839,-0.053010009868885044,-0.07250755287009059
2023-08-17 00:00:00+00:00,-0.06896551724137923,-0.07334015302895769,-0.06987459965372467,-0.05083260297984227,-0.09155873157659666,-0.11726384364820841
2023-08-18 00:00:00+00:00,0.0,-0.0213875683092436,-0.011834741806374116,-0.014773776546629702,0.03670927564732862,0.05658056580565818
2023-08-19 00:00:00+00:00,0.04629629629629628,0.001765947647194288,0.004862812125735028,0.026241799437675573,0.008378122036041713,-0.017462165308498312
2023-08-20 00:00:00+00:00,-0.008849557522123797,0.003447508257659715,0.009325195996813695,-0.005936073059360725,0.0007838219156606208,-0.01540284360189581
2023-08-21 00:00:00+00:00,-0.026785714285714413,-0.0024081719771562593,-0.010497021195794098,-0.026182820395039053,-0.02067669172932307,-0.03971119133574008
2023-08-22 00:00:00+00:00,-0.00917431192660545,-0.0027144416563451568,-0.019525651404755484,-0.0287735849056604,0.0011196417146512871,0.0025062656641603454
2023-08-23 00:00:00+00:00,0.02777777777777768,0.014458090267116974,0.027290686793191243,0.055852355512384655,0.019172391755871487,0.040000000000000036
2023-08-24 00:00:00+00:00,-0.14414414414414412,-0.009558985984038038,-0.010984692875131596,-0.031278748850046,-0.011130271202382858,-0.013221153846153966
2023-08-25 00:00:00+00:00,-0.0736842105263158,-0.0045851707693453925,-0.00443063883069672,-0.03038936372269696,0.0006341154090043766,-0.008526187576126554
2023-08-26 00:00:00+00:00,-0.022727272727272707,-0.0016362234703670708,-0.004087555931793441,-0.006366307541625926,-0.003643852978453599,-0.0073710073710072654
2023-08-27 00:00:00+00:00,0.046511627906976605,0.003243986613558514,0.00685472119681374,0.024642681123706156,0.0046112259500714625,-0.004950495049505066
2023-08-28 00:00:00+00:00,-0.0444444444444444,0.0006984200688304742,-0.0031658355092171186,-0.011063011063011108,0.00427350427350448,0.02238805970149249
2023-08-29 00:00:00+00:00,0.046511627906976605,0.061115620214395205,0.04618046313548052,0.05982490272373542,0.046493301812450705,0.018248175182481674
2023-08-30 00:00:00+00:00,-0.0444444444444444,-0.015021824670934159,-0.013987348359565721,-0.044515832950894896,-0.007831325301204894,-0.02508960573476704
2023-08-31 00:00:00+00:00,-0.06976744186046524,-0.04978793032524931,-0.034875060842232464,-0.05187319884726238,-0.032179720704310855,-0.02083333333333337
2023-09-01 00:00:00+00:00,-0.03749999999999987,-0.005232302189833948,-0.010110830254715153,-0.020770010131712313,0.0018820577164366803,-0.011264080100125029
2023-09-02 00:00:00+00:00,0.012987012987013102,0.002497960670488908,0.004855382046749179,0.00879461976202811,-0.0062617407639325995,-0.007594936708860911
2023-09-03 00:00:00+00:00,0.02564102564102555,0.003931268895313478,-0.0007269262017189915,0.0035897435897436214,-0.0048834278512915885,-0.01913265306122447
2023-09-04 00:00:00+00:00,0.0,-0.005590421085501895,-0.0032582648669796654,-0.0025549310168625494,0.0014247269273388596,-0.026007802340702102
2023-09-05 00:00:00+00:00,0.012499999999999956,-0.0013134040785224288,0.0024164218557383155,0.037909836065573854,0.012013910844135278,0.020026702269692942
2023-09-06 00:00:00+00:00,-0.024691358024691357,-0.0012465057129895651,-0.0007953745908408916,-0.03060217176702873,-0.005779443923773719,0.005235602094240788
2023-09-07 00:00:00+00:00,0.025316455696202667,0.01921781680476853,0.009160211860514744,0.014256619144602967,0.0,0.0013020833333332593
2023-09-08 00:00:00+00:00,-0.024691358024691357,-0.01312131022662355,-0.007080838050858129,-0.015562248995984018,0.0009426551453259879,-0.011703511053315907
2023-09-09 00:00:00+00:00,-0.012658227848101111,-0.0003431041469674767,-0.0005499743345310781,-0.008669046404895409,-0.00502275937843355,-0.003947368421052588
2023-09-10 00:00:00+00:00,-0.10256410256410264,-0.002316458320544501,-0.011078909717891272,-0.06172839506172856,-0.03297050007887681,-0.02774108322324975
2023-09-11 00:00:00+00:00,-0.042857142857142705,-0.026278935406888304,-0.04053987214205346,-0.028508771929824595,-0.013213703099510532,-0.040760869565217295
2023-09-12 00:00:00+00:00,0.0,0.026928145511657675,0.026497406321487338,0.011286681715575675,0.006777979831377179,0.015580736543909346
2023-09-13 00:00:00+00:00,0.01492537313432818,0.01477935456906132,0.009196657815275788,0.02678571428571419,0.005911330049261032,0.012552301255230214
2023-09-14 00:00:00+00:00,0.014705882352941124,0.011468614140797806,0.011725407745611705,0.0244565217391306,0.01338556970290572,0.015151515151515138
2023-09-15 00:00:00+00:00,0.0,0.0029133501717206745,0.00911175736410752,0.01538461538461533,0.006765463917525638,0.01085481682496603
2023-09-16 00:00:00+00:00,-0.02898550724637672,-0.001516165413533943,-0.004197917491729042,-0.0010449320794148065,-0.005759999999999987,-0.006711409395973145
2023-09-17 00:00:00+00:00,-0.0746268656716419,-0.0012108584180451354,-0.007293196279980485,-0.016213389121339072,-0.010782104924364377,-0.025675675675675746
2023-09-18 00:00:00+00:00,0.0,0.00885872816559119,0.008739707115033912,0.0441254651780969,0.00829673011224985,0.00554785020804438
2023-09-19 00:00:00+00:00,0.048387096774193505,0.016730493514995448,0.003947062920826472,0.01985743380855398,0.01129396579541786,0.020689655172413834
2023-09-20 00:00:00+00:00,-0.03076923076923077,-0.0031333768953327734,-0.012695360046740323,0.012980529206190639,-0.0009572431397575354,0.006756756756756799
2023-09-21 00:00:00+00:00,-0.015873015873015928,-0.020531612903225693,-0.023621367721573527,-0.04090685066535227,-0.02091983391887564,-0.028187919463087185
2023-09-22 00:00:00+00:00,0.14516129032258052,0.00045392817245337724,0.0057704205967397115,-0.0015416238437822027,0.0034252161148262683,0.008287292817679592
2023-09-23 00:00:00+00:00,-0.04225352112676062,-0.00015726027026197187,0.0004896175961031091,0.0030880082346884663,0.0,0.02739726027397249
2023-09-24 00:00:00+00:00,-0.014705882352941013,-0.012326177492741452,-0.008250410952028275,-0.006670087224217469,-0.013491547464239195,-0.026666666666666616
2023-09-25 00:00:00+00:00,0.05970149253731338,0.0021498469619840588,0.004820618582788594,0.0015495867768595684,0.004119294776734117,-0.00273972602739736
2023-09-26 00:00:00+00:00,-0.028169014084507116,-0.0031606386816709353,0.0035760830557882706,-0.018566271273852464,-0.005251066622907752,-0.0027472527472527375
2023-09-27 00:00:00+00:00,0.05797101449275366,0.005770799495226742,0.002904624186799376,0.005780346820809301,-0.0014846585285384073,-0.0055096418732781816
2023-09-28 00:00:00+00:00,0.013698630136986356,0.024585759900564774,0.03399764800080063,0.0428422152560084,0.01602511151495123,0.011080332409972415
2023-09-29 00:00:00+00:00,0.08108108108108092,-0.004234793250828317,0.008747784318114515,0.01603206412825653,0.0102439024390244,0.00136986301369868
2023-09-30 00:00:00+00:00,0.0,0.002066379851161315,0.002063030375723418,0.05374753451676528,-0.0009657170449057784,0.004103967168262557
2023-10-01 00:00:00+00:00,0.025000000000000133,0.03820149125305594,0.03764460856190399,0.11698642957416938,0.018044143708715987,0.02452316076294281
2023-10-02 00:00:00+00:00,-0.08536585365853655,-0.017792578530660186,-0.04117569025083767,-0.020946795140343477,-0.018832093685709705,-0.027925531914893553
2023-10-03 00:00:00+00:00,-0.026666666666666727,-0.0024750395624435484,-0.0033205004812318917,0.009841677364142098,-0.010161290322580618,-0.004103967168262779
2023-10-04 00:00:00+00:00,-0.013698630136986356,0.012838332034101452,-0.006216503307421295,-0.019915254237288238,0.001629460648525205,-0.006868131868131844
2023-10-05 00:00:00+00:00,-0.02777777777777779,-0.013254101993011136,-0.021128642398182906,-0.018590575010808408,-0.00992353993818118,-0.012448132780082943
2023-10-06 00:00:00+00:00,0.028571428571428692,0.01899644623808716,0.0206230340180793,0.03127753303964753,0.008379888268156499,0.012605042016806678
2023-10-07 00:00:00+00:00,-0.01388888888888895,0.0009158253401495564,-0.006966438302037026,-0.004698846646732147,0.0009776763891151674,0.0
2023-10-08 00:00:00+00:00,0.0,-0.0014171931063320375,-0.00044687402437604273,-0.0034334763948498104,-0.007650984860817167,-0.004149377593361092
2023-10-09 00:00:00+00:00,-0.05633802816901401,-0.01171076456860598,-0.03228117880502668,-0.0482342807924202,-0.036581364829396334,-0.03888888888888886
2023-10-10 00:00:00+00:00,-0.02985074626865669,-0.007248971733359588,-0.00791074152126725,0.0004524886877828038,0.006810829218457437,-0.0028901734104046506
2023-10-11 00:00:00+00:00,-0.015384615384615441,-0.018787796475517426,-0.00048480827746355537,-0.0045228403437357345,-0.010485371215964823,-0.018840579710144856
2023-10-12 00:00:00+00:00,-0.03125,-0.004312102612340163,-0.017397741995187843,-0.03316674238982287,-0.010767390189711179,0.004431314623338123
2023-10-13 00:00:00+00:00,0.048387096774193505,0.0038255386939205493,0.008151414968726067,0.02631578947368407,0.00881133379405652,0.016176470588235237
2023-10-14 00:00:00+00:00,-0.015384615384615441,-0.00035440399076769324,0.001791052468817611,0.0073260073260073,0.024833019352628938,0.01591895803183796
2023-10-15 00:00:00+00:00,0.03125,0.011234344090378379,0.001820005916626899,-0.0031818181818181746,-0.008856951871657692,-0.005698005698005604
2023-10-16 00:00:00+00:00,0.015151515151515138,0.04959205130707445,0.02673693805889199,0.09211126310989504,0.011633788568538028,0.015759312320916985
2023-10-17 00:00:00+00:00,-0.04477611940298509,-0.003679548419376566,-0.02151404884270558,-0.0008350730688935215,-0.015999999999999903,-0.028208744710860323
2023-10-18 00:00:00+00:00,-0.015625,-0.00267327231280845,-0.001003188478028827,-0.021312160468031638,-0.007791327913279189,-0.01741654571843243
2023-10-19 00:00:00+00:00,0.0,0.013902189265536657,0.0020019955994472483,0.0644748078565327,0.004950495049504955,0.008862629246676468
2023-10-20 00:00:00+00:00,0.031746031746031855,0.0332708660775638,0.023822746509891246,0.08423586040914577,0.01749617801936476,0.01171303074670571
2023-10-21 00:00:00+00:00,0.07692307692307687,0.00811485642946308,0.015618278061463098,0.08472068072512018,0.021535893155258723,0.02170767004341534
2023-10-22 00:00:00+00:00,0.05714285714285716,0.002763642685674972,0.02133903028963613,-0.009208731241473367,0.008334695211635879,0.009915014164306069
2023-10-23 00:00:00+00:00,0.3513513513513513,0.10261012267749958,0.061164873474785164,0.09741824440619617,0.09270664505672599,0.05329593267882182
2023-10-24 00:00:00+00:00,-0.06999999999999995,0.02578591647593509,0.011056608475978003,-0.053638644918444056,-0.012162563037674046,-0.015978695073235683
2023-10-25 00:00:00+00:00,0.29032258064516125,0.0169007624091575,0.0012156998957972842,0.07524030493868072,0.02582582582582571,0.05548037889039237
2023-10-26 00:00:00+00:00,0.07499999999999996,-0.009983461874620403,0.00908149847522588,0.01017262638717642,0.05166861826697877,0.012820512820512997
2023-10-27 00:00:00+00:00,-0.10077519379844968,-0.007602558704320916,-0.013297252936153248,-0.031736344217272006,-0.05692414752957542,-0.0265822784810128
2023-10-28 00:00:00+00:00,-0.01724137931034464,0.005575943835746777,-0.0017983589974148728,-0.0031515915537346784,0.018299881936245654,0.03641092327698314
2023-10-29 00:00:00+00:00,0.0,0.013053901000557477,0.010663213602071897,0.03793866582358518,0.005072463768115876,0.006273525721455453
2023-10-30 00:00:00+00:00,0.0350877192982455,-0.0014817865665446295,0.007743128669630117,0.06427048431312832,0.0034607065609228993,-0.007481296758104716
2023-10-31 00:00:00+00:00,-0.03389830508474567,0.004787274621149917,0.003112147879538396,0.09902690326273622,-0.018968242563586757,-0.021356783919597944
2023-11-01 00:00:00+00:00,0.04385964912280693,0.022565392322177802,0.017810400789124214,0.07161458333333326,0.009813973927054409,0.02310654685494229
2023-11-02 00:00:00+00:00,-0.07563025210084029,-0.013546601591183705,-0.025008256677080065,-0.02235722964763065,-0.015085581665216119,-0.013801756587202063
2023-11-03 00:00:00+00:00,-0.018181818181818188,-0.006433880083877019,0.01771990226565978,-0.01938851603281122,0.002503681885125175,-0.0050890585241729624
2023-11-04 00:00:00+00:00,0.02777777777777768,0.009945910882288134,0.012456962640024827,0.07503168567807328,0.014837667107389318,0.01534526854219953
2023-11-05 00:00:00+00:00,0.009009009009009139,-0.0014314614054447006,0.019492977785442456,-0.029709974062721023,0.028951939779965352,0.021410579345088276
2023-11-06 00:00:00+00:00,0.0714285714285714,0.00097709691681791,0.004884469606863728,0.02454434993924659,0.07442318514350021,0.04315659679408146
2023-11-07 00:00:00+00:00,-0.02499999999999991,0.010073306323187703,-0.008248507325284704,0.018263757115749568,-0.039151499279821866,-0.030732860520094718
2023-11-08 00:00:00+00:00,0.017094017094017033,0.006373039781779832,0.001511719806712053,0.004658746797111535,0.026710275279367757,0.009756097560975618
2023-11-09 00:00:00+00:00,0.11764705882352944,0.030214132209319677,0.12350909899794527,0.050081150011592745,-0.023493496150783222,-0.006038647342995085
2023-11-10 00:00:00+00:00,0.015037593984962516,0.016363001752808914,-0.020553240435200903,0.25126959593729303,0.02473834443387246,0.03159173754556499
2023-11-11 00:00:00+00:00,-0.051851851851851816,-0.004601139414014854,-0.011815836590108209,-0.0058231868713605195,0.04111951187160101,0.07067137809187263
2023-11-12 00:00:00+00:00,-0.0390625,-0.0017740371667116506,-0.00413506918569817,-0.0010649627263046302,-0.006879857306663295,-0.018701870187018743
2023-11-13 00:00:00+00:00,-0.056910569105691144,-0.016220534516795504,0.0043869945419332534,-0.08315565031982941,-0.04348941629249525,-0.04372197309417036
2023-11-14 00:00:00+00:00,-0.008620689655172376,-0.025004573137704433,-0.036160007791006255,0.1009689922480621,-0.02843347639484972,-0.022274325908558046
2023-11-15 00:00:00+00:00,0.09565217391304359,0.06489262384747163,0.0399567543536139,0.15173384967435322,0.05231916068470466,0.05395683453237421
2023-11-16 00:00:00+00:00,-0.09523809523809512,-0.044764146208747246,-0.04698126773153011,-0.11661317438483887,0.04250295159386064,-0.03299203640500581
2023-11-17 00:00:00+00:00,0.01754385964912264,0.012454819789339933,-0.00048425656422523833,0.012283737024221475,0.08732855165471243,0.03764705882352937
2023-11-18 00:00:00+00:00,-0.008620689655172376,-0.0012514366120863762,0.0009077834783406402,0.0008545547769611694,-0.07094086332600391,-0.02947845804988669
2023-11-19 00:00:00+00:00,0.034782608695652195,0.021651658139197894,0.024900642005502904,0.0433743169398908,0.0022421524663676085,0.012850467289719614
2023-11-20 00:00:00+00:00,-0.04201680672268904,0.0023800945720888755,0.004936688093782227,-0.07414075286415711,-0.034551329853343304,-0.02768166089965396
2023-11-21 00:00:00+00:00,-0.0964912280701754,-0.04558573069670091,-0.04372711981794797,-0.08697189322962706,-0.07621009268795054,-0.08185053380782925
2023-11-22 00:00:00+00:00,0.06796116504854366,0.046631590875071405,0.06735609231199002,0.11442400774443384,0.05560200668896309,0.04651162790697683
2023-11-23 00:00:00+00:00,-0.02727272727272745,-0.003049052697874255,-0.000489528453235577,-0.01824183460736628,0.005940594059405946,0.0012345679012346622
2023-11-24 00:00:00+00:00,0.028037383177570208,0.011242742854936427,0.009038890505285835,0.006193594054149765,0.025984251968503846,0.009864364981504226
2023-11-25 00:00:00+00:00,0.07272727272727253,0.001779200431038408,0.0010812940927702464,0.03447062961660219,0.009721156305960488,0.035409035409035505
2023-11-26 00:00:00+00:00,-0.05932203389830504,-0.008820383545342092,-0.00996596402459815,-0.021251275076504594,-0.003293640739802317,-0.02240566037735847
2023-11-27 00:00:00+00:00,-0.018018018018018056,-0.005467130855174918,-0.016888664762671368,-0.04359909675178042,0.0020335536349771477,-0.012062726176115923
2023-11-28 00:00:00+00:00,0.009174311926605672,0.0154706828452289,0.010180024660912501,0.05666545586632754,0.02524099441907679,0.014652014652014822
2023-11-29 00:00:00+00:00,-0.036363636363636376,0.0009458241348827556,-0.009437831398244279,0.01942248195256102,-0.004453791908944682,-0.010830324909747446
2023-11-30 00:00:00+00:00,0.028301886792452713,-0.0034521527611939273,0.01141062987662722,-0.00016860563142817586,0.0367838946191128,0.009732360097323811
2023-12-01 00:00:00+00:00,0.01834862385321112,0.025409845625962824,0.017193317608530156,0.007588532883642474,0.00503416037396609,0.008433734939758963
2023-12-02 00:00:00+00:00,0.05405405405405417,0.019849534104810163,0.03713037312431733,0.06543933054393292,0.027668455575432294,0.017921146953405076
2023-12-03 00:00:00+00:00,0.02564102564102555,0.013229540422328379,0.013031588089100765,-0.01068174677976752,-0.005338284785888381,0.05868544600938974
2023-12-04 00:00:00+00:00,0.15833333333333344,0.05050602592898157,0.02299186027953226,-0.02127659574468077,0.07198693267996736,0.021064301552106368
2023-12-05 00:00:00+00:00,0.15827338129496393,0.04958717442505667,0.022270066908267383,-0.009896171317326452,0.026882890727035313,0.030401737242128135
2023-12-06 00:00:00+00:00,-0.08074534161490687,-0.007048028149456376,-0.02643753842665475,0.013436015074553609,0.006147323794382542,0.024236037934667998
2023-12-07 00:00:00+00:00,0.03378378378378377,-0.011186469570312108,0.05510368611994454,0.09523039611964412,0.01053407774149373,0.006172839506172867
2023-12-08 00:00:00+00:00,0.03267973856209139,0.02074843655902936,0.0012692456266210073,0.10628875110717462,0.05952256853955995,0.04192229038854811
2023-12-09 00:00:00+00:00,-0.025316455696202445,-0.010354986383596998,-0.007728768145434772,-0.03522818254603688,-0.031286894923258424,-0.01962708537782154
2023-12-10 00:00:00+00:00,0.03896103896103886,0.0017365305076681992,0.005084405402287606,0.035546334716459294,0.03453178955921188,0.034034034034034155
2023-12-11 00:00:00+00:00,-0.11249999999999993,-0.05791592552645597,-0.05410242349270311,-0.06170695872846277,-0.0758884743765953,-0.07938044530493693
2023-12-12 00:00:00+00:00,-0.021126760563380254,0.005793219467971067,-0.009734306464370346,-0.023487544483985823,-0.0033995538085626054,0.006309148264984188
2023-12-13 00:00:00+00:00,0.021582733812949506,0.033178132182793085,0.025732257449647244,0.029446064139941885,0.027822193795970618,0.024033437826541215
2023-12-14 00:00:00+00:00,0.04929577464788726,0.0035743752541170792,0.024405351833498568,0.07165109034267925,0.01949802945446999,0.028571428571428692
2023-12-15 00:00:00+00:00,-0.10738255033557043,-0.02514884155318664,-0.04095330235129491,-0.041886892177589896,-0.05361139369277723,-0.04761904761904767
2023-12-16 00:00:00+00:00,0.06015037593984962,0.008052636724105389,0.0038099527133528266,0.016687353468487043,0.0440718047941524,0.20833333333333348
2023-12-17 00:00:00+00:00,-0.05673758865248235,-0.02136759919986808,-0.014553872658100708,-0.03865979381443296,-0.04303510758776885,-0.11206896551724144
2023-12-18 00:00:00+00:00,-0.015037593984962405,0.03101295116695857,0.010430134940724312,0.050091717228728516,-0.008821947283485732,0.013592233009708687
2023-12-19 00:00:00+00:00,-0.045801526717557106,-0.00895053190741213,-0.01870750598126547,-0.019080892233270697,-0.02062303267122545,-0.03065134099616862
2023-12-20 00:00:00+00:00,0.015999999999999792,0.03294872574243679,0.011139119614676618,0.12616438356164372,0.01407514130555243,0.011857707509881577
2023-12-21 00:00:00+00:00,0.03149606299212593,0.004416641305385882,0.017001412243378144,0.14146697482058146,0.03814207650273227,0.0185546875
2023-12-22 00:00:00+00:00,0.20610687022900764,0.0024449520995490914,0.0379217810243746,0.043265132139812534,0.0,0.0460210930009588
2023-12-23 00:00:00+00:00,-0.06329113924050622,-0.006069725424980743,-0.007029347741918879,0.10194075587334006,-0.016106958627224,0.014665444546287931
2023-12-24 00:00:00+00:00,-0.06756756756756765,-0.016261438793872096,-0.01912745862576881,0.04236188357434201,-0.01872458805906274,-0.03703703703703709
2023-12-25 00:00:00+00:00,0.021739130434782705,0.013598734633590404,0.003224310417172749,0.075233437083148,0.02878639188747134,0.03377110694183871
2023-12-26 00:00:00+00:00,-0.05673758865248235,-0.024490472192000512,-0.017817597464063084,-0.06963857414605912,-0.031796502384737746,-0.03901996370235927
2023-12-27 00:00:00+00:00,0.08270676691729317,0.021640629392459365,0.0661039589758301,-0.04960440928082499,0.02517788724685266,0.028328611898017053
2023-12-28 00:00:00+00:00,-0.06944444444444442,-0.01991970775187457,-0.0143797170307145,-0.04779721260873626,-0.02039508809396684,-0.025711662075298514
2023-12-29 00:00:00+00:00,0.0,-0.011672136108276221,-0.019175394066079487,0.04292730844793713,-0.008393285371702697,-0.018850141376060336
2023-12-30 00:00:00+00:00,-0.022388059701492602,0.0017431736790995966,-0.0032707028531663296,-0.04021851747197891,-0.010662855886556022,0.0019212295869355245
2023-12-31 00:00:00+00:00,-0.007633587786259444,0.0034005469351414686,-0.004280702366822542,-0.0017664376840039742,-0.004999999999999893,-0.006711409395973145
2024-01-01 00:00:00+00:00,0.08461538461538454,0.04483939155577654,0.030751094497057263,0.080515139598899,0.02724734785036298,0.030888030888030826
2024-01-02 00:00:00+00:00,-0.049645390070921946,0.017369122139089255,0.0014030373633102666,-0.02893276316986615,-0.009674964670072894,-0.011235955056179692
2024-01-03 00:00:00+00:00,-0.11940298507462699,-0.04675916542427505,-0.061825468934421535,-0.07692307692307698,-0.09978046103183313,-0.09375000000000011
2024-01-04 00:00:00+00:00,0.05932203389830515,0.030478772082679795,0.025971616313379187,0.06485992691839226,0.024387269845140835,0.043887147335423204
2024-01-05 00:00:00+00:00,-0.04800000000000004,-0.00013567045894657959,0.0007366206315528867,-0.04737393956724811,-0.015950482085466122,-0.018018018018018056
2024-01-06 00:00:00+00:00,-0.03361344537815125,-0.00400474707164622,-0.012341434603619583,-0.06173704222533527,-0.02528123865973142,-0.020387359836901098
2024-01-07 00:00:00+00:00,-0.02608695652173909,-0.0008938253724500855,-0.008639848624139912,-0.046176815612669286,-0.029039463886820438,-0.06139438085327775
2024-01-08 00:00:00+00:00,0.0625,0.06879324874536241,0.049076716694726796,0.09436493738819318,0.03911042944785259,0.06208425720620836
2024-01-09 00:00:00+00:00,0.008403361344537785,-0.01791312822889546,0.005943083709514019,0.015120555782590861,-0.025461254612546114,0.009394572025052339
2024-01-10 00:00:00+00:00,0.10833333333333339,0.011797657774886172,0.10241480362924382,0.02657004830917864,0.04846648996592218,0.03205791106514977
2024-01-11 00:00:00+00:00,0.03007518796992481,-0.006748190240534524,0.01301279223643581,-0.020588235294117574,0.017936679908510778,0.017034068136272618
2024-01-12 00:00:00+00:00,-0.0948905109489051,-0.07674783056058854,-0.036466629233654624,-0.07787787787787792,-0.05309839167455055,-0.05024630541871922
2024-01-13 00:00:00+00:00,0.008064516129032251,0.0015253818538460973,0.022061097148112552,0.040490664350846695,0.010615711252653925,0.02489626556016611
2024-01-14 00:00:00+00:00,-0.04800000000000004,-0.0260371606696137,-0.04085036401506492,-0.021283255086071873,-0.010998517053880441,-0.030364372469635637
2024-01-15 00:00:00+00:00,0.01680672268907557,0.018660583456239666,0.01573475354547571,0.005862914401449704,0.013120079970011078,-0.0041753653444676075
2024-01-16 00:00:00+00:00,0.024793388429751984,0.014745560571238991,0.03010613986893751,0.03444256040695204,0.003206709422792331,0.013626834381551323
2024-01-17 00:00:00+00:00,-0.024193548387096753,-0.008388205744593757,-0.02211099945891626,0.04599938530888226,-0.009220555692156407,-0.014477766287487093
2024-01-18 00:00:00+00:00,-0.057851239669421406,-0.0338647048234878,-0.023468593267699345,-0.07541625857002932,-0.031145303387517087,-0.033578174186778664
2024-01-19 00:00:00+00:00,0.0,0.008022019236585853,0.008576134951695957,-0.008262711864406747,0.006275614754098324,0.010857763300760048
2024-01-20 00:00:00+00:00,0.02631578947368407,0.0008884028264701804,-0.008021669341893967,-0.007904293954283381,0.1170930380552373,0.039742212674543476
2024-01-21 00:00:00+00:00,-0.03418803418803418,-0.00277508367701107,-0.0060517554540636675,-0.01927217915589996,-0.026318787740685967,-0.03409090909090906
2024-01-22 00:00:00+00:00,-0.06194690265486724,-0.048395719803089654,-0.05813882501373613,-0.07959161269074544,-0.0572197519307277,-0.0449197860962568
2024-01-23 00:00:00+00:00,-0.018867924528301883,0.008329453937801379,-0.030939417509290412,0.006083015267175362,-0.029291299491125744,-0.01119820828667406
2024-01-24 00:00:00+00:00,0.0,0.004694016682707636,-0.0033800053509319694,0.052400711321873183,0.0106124536504284,0.007927519818799578
2024-01-25 00:00:00+00:00,-0.00961538461538447,-0.003088196846292135,-0.007328793478358131,-0.020953024670496756,-0.013790485829959453,-0.003370786516853852
2024-01-26 00:00:00+00:00,0.04854368932038833,0.04660583582680067,0.022103631053257855,0.061788056610286635,0.02437459910198836,0.01916572717023679
2024-01-27 00:00:00+00:00,0.009259259259259078,0.007104138318376307,0.00011465462499127277,0.02167316861725177,0.003631809643080741,0.009955752212389424
2024-01-28 00:00:00+00:00,-0.02752293577981646,-0.0021265114030820653,-0.0048678536469218825,0.018031395842172282,-0.016471175442974828,-0.014238773274917849
2024-01-29 00:00:00+00:00,0.00943396226415083,0.03025476873531141,0.026895298861269845,0.05938737236924352,0.03209845216950025,0.022222222222222143
2024-01-30 00:00:00+00:00,-0.05607476635514008,-0.008350518558888909,0.010963928201588091,-0.0027537372147915518,-0.0200368776889982,-0.01630434782608703
2024-01-31 00:00:00+00:00,-0.08910891089108919,-0.008409193057467013,-0.025552601141267117,-0.043786982248520845,-0.012167586552935261,-0.012154696132596565
2024-02-01 00:00:00+00:00,0.0,0.011811648661343321,0.009259178149390923,0.008766501650165015,0.00787301587301581,0.010067114093959662
2024-02-02 00:00:00+00:00,0.010869565217391353,0.0027170847671955656,0.00207440068047271,0.028320212657192423,-0.0011339296963587264,0.0055370985603542255
2024-02-03 00:00:00+00:00,0.0,-0.004372916666666726,-0.0054437736568128114,-0.026048916285543844,-0.006811301715438978,0.0033039647577091102
2024-02-04 00:00:00+00:00,-0.053763440860215006,-0.00995580442160382,-0.0029174958305935306,-0.025214373213556573,-0.005461010922021892,-0.023051591657519133
2024-02-05 00:00:00+00:00,0.022727272727272707,0.0029547085589325395,0.005258124107450968,0.0017802911299613644,0.0005107904482186676,0.0011235955056179137
2024-02-06 00:00:00+00:00,0.0,0.009137482526979213,0.030762480287423566,0.012753501986201066,0.0017868538608807327,-0.0056116722783389195
2024-02-07 00:00:00+00:00,0.07777777777777795,0.029018108329785353,0.022110391799851747,0.043971924029727605,0.02089438144986633,0.022573363431151128
2024-02-08 00:00:00+00:00,-0.020618556701030966,0.021173809910348673,-0.002288565419982569,0.016017401621514882,-0.0032447273181082092,0.01655629139072845
2024-02-09 00:00:00+00:00,0.06315789473684208,0.04071925305788526,0.027695232584571405,0.04067730634488109,0.021034180543382908,0.019543973941368087
2024-02-10 00:00:00+00:00,0.0,0.013118685789101692,0.0055015764751302765,0.01935664858799324,-0.0015941140404658327,0.0021299254526090383
2024-02-11 00:00:00+00:00,-0.00990099009901002,0.011495025558578842,0.0027877323776919205,-0.014218879001926532,-0.002333578973225392,0.0
2024-02-12 00:00:00+00:00,0.08000000000000007,0.03348406490353306,0.060936259826659844,0.038898194677089215,0.012310722639419014,0.02125398512221044
2024-02-13 00:00:00+00:00,0.0,-0.004360815405169416,-0.0075188252587415905,0.007524184879971418,-0.014349993919494097,-0.014568158168574263
2024-02-14 00:00:00+00:00,0.15740740740740744,0.04216493536465804,0.05106837525899732,0.03991820768136556,0.054904380012338105,0.029567053854276493
2024-02-15 00:00:00+00:00,0.0,0.001637797501195637,0.017219196990064356,-0.02966572625459518,-0.0025730994152047826,0.011282051282051286
2024-02-16 00:00:00+00:00,-0.06400000000000006,0.004705281418658558,-0.007365575588378026,-0.027929515418502193,0.007387429643527232,0.0010141987829614951
2024-02-17 00:00:00+00:00,0.017094017094017033,-0.00923699224792518,-0.005664215861232225,-0.012779842291307908,-0.027354207891980065,-0.024316109422492516
2024-02-18 00:00:00+00:00,0.03361344537815136,0.009585683458475325,0.034196839116560795,0.03048108703635699,0.019267592149353696,0.011422637590861928
2024-02-19 00:00:00+00:00,0.0,-0.0069611856456185395,0.022074135776759762,-0.00632573057733421,0.04990019960079839,0.01642710472279263
2024-02-20 00:00:00+00:00,-0.024390243902439157,0.009349928044047662,0.023774110296115092,-0.028871155742849486,-0.036569000223663606,-0.014141414141414232
2024-02-21 00:00:00+00:00,-0.04166666666666663,-0.007834658340927003,-0.01555985285971584,-0.030283445665220232,-0.018340104468949514,-0.020491803278688492
2024-02-22 00:00:00+00:00,0.052173913043478404,-0.010819220824005882,0.001179285016341458,-0.031133961725221315,-0.005557526309566185,-0.003138075313807498
2024-02-23 00:00:00+00:00,-0.016528925619834767,-0.010611947102289299,-0.016544389849902474,-0.01827830188679247,0.004875148632580428,-0.0010493179433368471
2024-02-24 00:00:00+00:00,0.10924369747899165,0.016239704478250294,0.024084264126149835,0.04114114114114109,0.019405987457105756,0.013655462184873901
2024-02-25 00:00:00+00:00,0.037878787878787845,0.0031149029382824267,0.04008861800028085,-0.00519180847995393,-0.00034822983168891763,0.002072538860103501
2024-02-26 00:00:00+00:00,0.3211678832116789,0.05311581448263403,0.020352825139192676,0.06214361650720024,0.036112401300510966,0.04033092037228547
2024-02-27 00:00:00+00:00,0.4751381215469612,0.04700873606531397,0.020913493327959554,-0.014012738853503293,0.09357839291718029,0.08250497017892644
2024-02-28 00:00:00+00:00,0.1910112359550562,0.09458295215029322,0.04340665441221825,0.098468069398302,0.18723098995695842,0.07529843893480237
2024-02-29 00:00:00+00:00,-0.1383647798742138,-0.020840561185672013,-0.012713192042800858,0.055868268503738605,0.012688821752265822,0.07258753202391133
2024-03-01 00:00:00+00:00,0.45620437956204385,0.02056109684484042,0.02794535476588944,0.029837683004455773,0.18769178315717694,0.3431528662420382
2024-03-02 00:00:00+00:00,0.09774436090225569,-0.006421437490282567,-0.0035037848448926656,0.004558448582245189,0.018802928089565185,0.33906342620035557
2024-03-03 00:00:00+00:00,0.35388127853881257,0.018176148396896963,0.01941018296603736,0.0010767574219350262,0.08107917723302327,-0.003098716246126454
2024-03-04 00:00:00+00:00,0.1821247892074198,0.08130909844524137,0.040125465550015615,0.023893669330055323,0.18563888707890808,0.594582593250444
2024-03-05 00:00:00+00:00,-0.09985734664764623,-0.0662561793261438,-0.020428584029814623,-0.05972837097621375,-0.15893602989668054,-0.021442495126705707
2024-03-06 00:00:00+00:00,0.1410459587955626,0.03687825044280779,0.07455433146201784,0.04373154576649907,0.03136434918975439,-0.053215708594194666
2024-03-07 00:00:00+00:00,-0.054166666666666585,0.011337735667442228,0.013138357351797358,0.09962535362030733,-0.0012671059300557452,-0.053201082055906124
2024-03-08 00:00:00+00:00,0.3230543318649046,0.01946959415424332,0.0037738190014371398,0.006744541788346492,0.043960923623445725,0.11682539682539672
2024-03-09 00:00:00+00:00,-0.027746947835737945,0.002775519239201163,0.0056265708046638885,-0.003453277160024859,0.08616394239533332,-0.006537805571347199
2024-03-10 00:00:00+00:00,-0.02511415525114169,0.009406810711886537,-0.006847263015305249,0.0006930487213250291,-0.049118881118881075,-0.05979971387696714
2024-03-11 00:00:00+00:00,0.058548009367681564,0.04527851721999632,0.0480421403285316,0.030750051942655565,0.07077719597576038,0.03043213633597075
2024-03-12 00:00:00+00:00,-0.0840707964601769,-0.008686272251904659,-0.02087187561503645,0.014916347510582462,-0.07604395604395597,-0.049025398700531686
2024-03-13 00:00:00+00:00,0.0905797101449275,0.02267815838910625,0.006238756168403636,0.08507116848725582,0.004816841103710834,-0.005590062111801131
2024-03-14 00:00:00+00:00,0.10299003322259126,-0.02303838069662678,-0.030735694006427394,0.07779133618059797,0.04864768893886473,0.005933791380387188
2024-03-15 00:00:00+00:00,-0.104417670682731,-0.026461942143979122,-0.03594043846768158,0.041324653269176226,-0.07686664032958967,-0.07171685811859674
2024-03-16 00:00:00+00:00,-0.1670403587443946,-0.06042056205876711,-0.05854860389237315,-0.01032889372111978,-0.12862994436632635,-0.15050167224080258
2024-03-17 00:00:00+00:00,0.05518169582772536,0.04736324902225286,0.03452083256459515,0.1088162592694315,0.08243878481723144,0.16338582677165348
2024-03-18 00:00:00+00:00,-0.13010204081632648,-0.011455624132592601,-0.03409050377121914,-0.0294263350837215,-0.069678506611356,-0.09170896785109983
2024-03-19 00:00:00+00:00,-0.032258064516129004,-0.08390165417862072,-0.10277634172806971,-0.13321763985300117,-0.10255695673378373,-0.07265275707898655
2024-03-20 00:00:00+00:00,0.271212121212121,0.09530768162693293,0.11330509333130734,0.12925450476975642,0.18073130968092532,0.11490558457211719
2024-03-21 00:00:00+00:00,-0.058402860548271596,-0.034481462477213065,-0.0067339109861142,-0.06419147937633629,0.021566177920967933,-0.01981981981981984
2024-03-22 00:00:00+00:00,-0.06075949367088618,-0.026024380901316868,-0.04480581759880897,-0.023682157583862717,-0.015768809937568462,-0.024264705882352966
2024-03-23 00:00:00+00:00,-0.014824797843665749,0.003031037371247214,-0.0020441500442098803,-0.014611038182752112,0.058723515563693374,0.021853805576488305
2024-03-24 00:00:00+00:00,0.06976744186046502,0.05032004214407837,0.03767799058725996,0.06504488850275125,0.09024088943792474,0.035029498525073643
2024-03-25 00:00:00+00:00,0.034526854219949055,0.039726534701165495,0.03920138466792866,0.027789862954100686,-0.007081751742110898,0.02244389027431426
2024-03-26 00:00:00+00:00,-0.006180469715698522,0.0015453632591067024,-0.0008606235482200297,0.007778189322186435,0.040168891931986694,0.06759581881533094
2024-03-27 00:00:00+00:00,-0.0509950248756218,-0.007401411670572067,-0.024012287690287737,-0.02168434316916934,0.04481623697202419,-0.015013054830287142
2024-03-28 00:00:00+00:00,0.05242463958060273,0.018865844086057848,0.016937098529357097,0.017710513604894507,0.1550900404263138,0.06096752816434736
2024-03-29 00:00:00+00:00,-0.036114570361145626,-0.01314004119772949,-0.014253656097896639,0.012550756736803281,-0.031862188082359966,-0.038413491567770186
2024-03-30 00:00:00+00:00,0.050387596899224674,-0.0038419173280550556,-0.0011681776997726212,0.01140565595541898,-0.06516431924882626,-0.031503734978889364
2024-03-31 00:00:00+00:00,0.08241082410824108,0.024400356528065048,0.03983580744172244,0.042481977342945454,0.10486139011651274,0.030851777330650698
2024-04-01 00:00:00+00:00,-0.09999999999999998,-0.022870507453632394,-0.038814470179327265,-0.050432205482835224,-0.06804545454545463,-0.06831489915419653
2024-04-02 00:00:00+00:00,-0.08459595959595967,-0.0600979471584987,-0.06417032935669853,-0.05571161048689144,-0.10998390479442022,-0.07786312849162014
2024-04-03 00:00:00+00:00,-0.06206896551724139,0.007626941162614864,0.009719545221655634,0.019390734313887492,-0.039785181937746716,-0.0030291556228700944
2024-04-04 00:00:00+00:00,0.01764705882352935,0.03827144435510177,0.00500478731919185,-0.005674142123750392,0.02716584864741467,0.05203190277250269
2024-04-05 00:00:00+00:00,-0.050578034682080886,-0.009741444423889245,-0.0028701087936527925,-0.052336956521739086,-0.015446160684520538,-0.03285198555956681
2024-04-06 00:00:00+00:00,0.028919330289193246,0.01585623959202964,0.010169236101692514,0.024717554625222293,0.04836343115124153,0.02388951101157155
2024-04-07 00:00:00+00:00,0.10059171597633143,0.006740449372967916,0.03061531989294619,0.004701141705842904,0.07051730634655762,0.02734232592052499
2024-04-08 00:00:00+00:00,0.043010752688172005,0.03257781566683815,0.06959932835388805,0.0064616755793225344,0.018755971237491842,0.019872249822569188
2024-04-09 00:00:00+00:00,-0.09278350515463918,-0.034543423624685876,-0.0509444839915445,-0.04571618330750504,-0.06653504442250735,-0.04384133611691021
2024-04-10 00:00:00+00:00,0.014204545454545414,0.02147745350417951,0.011193848944355933,0.0051618141746898605,0.055996192893400965,0.020742358078602585
2024-04-11 00:00:00+00:00,0.023809523809523725,-0.008846672031632585,-0.012161415146489718,-0.0054238070509491365,-0.029592909719092675,-0.019251336898395754
2024-04-12 00:00:00+00:00,-0.19015047879616964,-0.04127789769567636,-0.07568550643536653,-0.11144630736207006,-0.10201238390092882,-0.1003271537622683
2024-04-13 00:00:00+00:00,-0.14864864864864868,-0.047559229828960214,-0.07117373966386908,-0.09591277095847484,-0.12348445670286723,-0.14747474747474743
2024-04-14 00:00:00+00:00,0.0793650793650793,0.027177838359652595,0.0492515821364079,0.09229435978912393,0.06280319916087573,0.07630331753554498
2024-04-15 00:00:00+00:00,-0.06433823529411753,-0.034142357265650736,-0.01683618003809706,-0.08423140495867776,-0.005489760671107624,-0.034786437692646444
2024-04-16 00:00:00+00:00,0.06090373280943018,0.005887733504845949,-0.0057285806853020205,-0.016533102303082803,-0.032438131861316166,0.034671532846715314
2024-04-17 00:00:00+00:00,-0.0888888888888888,-0.03944013635268473,-0.032037273605644234,-0.03215386874174131,-0.05410256410256409,-0.02777777777777779
2024-04-18 00:00:00+00:00,0.03455284552845539,0.03578335689015377,0.026458677367597883,0.07759405339805814,0.03151260504201692,0.0331065759637188
2024-04-19 00:00:00+00:00,0.007858546168958647,0.005481795516879773,-0.002591045555410565,0.0030266769902160817,0.02706786676302464,0.003950834064969211
2024-04-20 00:00:00+00:00,0.1306042884990255,0.017590332258871744,0.03249838047937814,0.061192982456140355,0.040107464977931384,0.1442938347179712
2024-04-21 00:00:00+00:00,0.025862068965517127,8.623266280816111e-06,-0.0025730482700052626,-0.016003174183308988,-0.026752767527675192,0.0038211692777991857
2024-04-22 00:00:00+00:00,0.15630252100840347,0.028921107802987844,0.01668853469391629,0.05477150537634401,0.018641390205371255,0.023601065854586878
2024-04-23 00:00:00+00:00,0.11627906976744162,-0.0060659102786441155,0.006018373851634395,-0.01401720293086961,-0.008746898263027436,-0.002603198214949698
2024-04-24 00:00:00+00:00,-0.05729166666666652,-0.031987382178456425,-0.024432668832661375,-0.04504038772213248,-0.05256899680831084,-0.041759880686055184
2024-04-25 00:00:00+00:00,0.07458563535911611,0.003247026462604552,0.004775853285787113,-0.019894437677628884,-0.000792654732809317,0.00038910505836575737
2024-04-26 00:00:00+00:00,-0.0526992287917738,-0.0112922286061935,-0.007763483110463265,-0.03873239436619724,-0.02161697626760095,-0.0190587320108907
2024-04-27 00:00:00+00:00,-0.02170963364993217,-0.004830326982856015,0.03968319867147829,0.014939309056956285,-0.001621621621621605,-0.017446471054718415
2024-04-28 00:00:00+00:00,0.00277392510402219,-0.0054104835682718955,0.0024235461794590574,-0.02349444483759111,-0.007173795343800804,-0.022195318805488307
2024-04-29 00:00:00+00:00,0.016597510373443924,0.01184087991784355,-0.014316137829597397,-0.0015943184288716994,-0.022358554873892378,-0.005365249690466367
2024-04-30 00:00:00+00:00,-0.09251700680272112,-0.05001096044843889,-0.06300808585115936,-0.07984321695579599,-0.06993445823455569,-0.070954356846473
2024-05-01 00:00:00+00:00,0.046476761619190565,-0.03802462420886077,-0.013798709377747631,0.0620809339749151,-0.023839868056076297,0.012058954890576068
2024-05-02 00:00:00+00:00,0.08022922636103158,0.011918793070569533,0.004619069726758296,0.0218360071301249,0.012902234851394079,0.005736981465136903
2024-05-03 00:00:00+00:00,0.07161803713527859,0.06470302287768459,0.03898613283146757,0.044410524785579275,0.10728637500947746,0.07240017551557698
2024-05-04 00:00:00+00:00,0.07301980198019797,0.016062304624168355,0.0047121616961203205,0.016424246642076756,0.09641194193371683,0.024959083469721755
2024-05-05 00:00:00+00:00,-0.016147635524798143,0.0018775421789631874,0.006152898566996967,-0.0021910304690175852,0.005370971771171629,-0.013572854291417191
2024-05-06 00:00:00+00:00,-0.021101992966002348,-0.013228925826407556,-0.02353327530520566,0.04865161600219592,-0.02795378307864338,-0.033589639821934414
2024-05-07 00:00:00+00:00,-0.05508982035928134,-0.013506014942723965,-0.018582250375497877,-0.03134406491296948,-0.0414749488752556,-0.03768844221105516
2024-05-08 00:00:00+00:00,0.008871989860582907,-0.01795879707433945,-0.01047346865445209,-0.03951901641559141,-0.045003000200013354,-0.019147084421235805
2024-05-09 00:00:00+00:00,0.07160804020100509,0.030738468090238502,0.02085259615158308,0.07307638205092126,0.0625523596760682,0.041703637976929775
2024-05-10 00:00:00+00:00,-0.014067995310668047,-0.03605320162773862,-0.04157787782875477,-0.0429966572720718,-0.05459921156373204,-0.04514480408858601
2024-05-11 00:00:00+00:00,0.013079667063019995,0.0004276316492815013,0.000845363729772286,-0.0040408191219779566,-0.005768295225519471,0.004014272970562116
2024-05-12 00:00:00+00:00,0.028169014084507227,0.010817744191257805,0.005782073511991781,-0.013684500068766203,-0.012791835593457312,-0.008884940026654742
2024-05-13 00:00:00+00:00,0.13242009132420085,0.02368242529478004,0.007407938442421047,0.028655093076762173,0.0524676060327125,0.04706409681757062
2024-05-14 00:00:00+00:00,0.06552419354838723,-0.021649003306001613,-0.02340231583299157,-0.037345804527585735,-0.020990312163616687,-0.016267123287671215
2024-05-15 00:00:00+00:00,-0.006622516556291536,0.0751737363767182,0.05226358724882285,0.11610223192283331,0.06748213304013184,0.09878154917319404
2024-05-16 00:00:00+00:00,-0.04476190476190467,-0.014670613912531216,-0.02896901947206154,0.005362099419631505,-0.03617870477661911,-0.026930693069306955
2024-05-17 00:00:00+00:00,0.014955134596211339,0.027420621471134998,0.05002546948755415,0.06318629604065995,0.038939353459791715,0.01831501831501825
2024-05-18 00:00:00+00:00,-0.06286836935166995,-0.0016232991167343114,0.0100032018007703,0.01746931067044377,-0.01626486660237869,-0.010391686650679466
2024-05-19 00:00:00+00:00,-0.03983228511530401,-0.009582127827459264,-0.016570923552805983,-0.014327146171693728,-0.025748268200235236,-0.03634894991922466
2024-05-20 00:00:00+00:00,0.24563318777292564,0.07804884599558704,0.19230005307388987,0.09868769493320761,0.11168500134156156,0.09262363788767813
2024-05-21 00:00:00+00:00,0.21297107800175286,-0.018171328468722492,0.034906520872362456,-0.04579539367969998,0.027212936704278157,0.001917913310318431
2024-05-22 00:00:00+00:00,-0.03323699421965309,-0.013994914206095221,-0.013687460417986075,-0.006735896716250411,-0.02326127819548862,-0.03024502297090359
2024-05-23 00:00:00+00:00,0.11659192825112097,-0.017305602037514634,0.012274829910132734,-0.004464538005086172,-0.03939138802020692,-0.028424792735886273
2024-05-24 00:00:00+00:00,-0.05287817938420347,0.008538222574340226,-0.014623600212495425,-0.048024523160763,0.02585613222312655,-0.008533116619260483
2024-05-25 00:00:00+00:00,0.05795053003533579,0.010803502670095222,0.005627259755168534,0.003875968992248069,0.062004149884047344,0.02786885245901649
2024-05-26 00:00:00+00:00,0.07080828323313293,-0.011298795781301996,0.020593397097027122,-0.02934362934362933,-0.044879898862199785,-0.029904306220095767
2024-05-27 00:00:00+00:00,0.04242046163443547,0.01355702215532939,0.017705613790255814,0.041245945780552074,0.017267312436074933,0.04891080969995887
2024-05-28 00:00:00+00:00,-0.04248952722920418,-0.014949501292044975,-0.012718849987930714,-0.008639435791948258,-0.024308019872249842,0.04780564263322895
2024-05-29 00:00:00+00:00,-0.07750000000000001,-0.010906250863507161,-0.020095248251484565,-0.0021342186388428885,-0.0067284960901982105,0.030291697830964637
2024-05-30 00:00:00+00:00,-0.023035230352303482,0.01034331070492378,-0.0051812508792465906,-0.008555133079847899,-0.026852190894666284,-0.060617059891107106
2024-05-31 00:00:00+00:00,0.06934812760055498,-0.011881992919902995,0.0038368050460122483,-0.007370565675934748,-0.003010159287595515,-0.017387944358578045
2024-06-01 00:00:00+00:00,-0.03631647211413758,0.0033586018124664996,0.014228036647892628,0.0029580440688197207,0.008365832180148525,-0.00668501769563512
2024-06-02 00:00:00+00:00,-0.015477792732166873,-1.8002902599123516e-05,-0.009148754396171799,-0.017996870109546093,-0.020023704073357962,-0.025336500395882755
2024-06-03 00:00:00+00:00,-0.012987012987012991,0.015410024226145236,-0.0036631392971533394,0.010665032178976297,0.007956715467854814,-0.0077173030056864045
2024-06-04 00:00:00+00:00,-0.005540166204986208,0.025111793506457758,0.011459865253008905,0.04178543271271762,0.019008525418377165,0.007367990176013084
2024-06-05 00:00:00+00:00,0.01532033426183843,0.00808303741651284,0.014634287169015936,0.010245663057399046,0.011774913237481366,0.05404307192198288
2024-06-06 00:00:00+00:00,-0.016460905349794164,-0.004344658828823844,-0.013587722679054948,-0.019534401290768666,-0.018988117113806102,-0.02698535080956055
2024-06-07 00:00:00+00:00,-0.10878661087866115,-0.020388123797123736,-0.03543763406460276,-0.044960329121363496,-0.07467532467532467,-0.06141045958795566
2024-06-08 00:00:00+00:00,-0.05242566510172142,-0.0006508486697541782,0.0008835555362229908,-0.02873846153846149,-0.015654520917678716,-0.020261713803292447
2024-06-09 00:00:00+00:00,0.05367464905037167,0.004871991904252138,0.0067444052401557375,0.027181144269150304,0.006238003838771489,0.012063765618268052
2024-06-10 00:00:00+00:00,-0.053291536050156796,-0.0015526617078359672,-0.010400928124325581,-0.0189365901801134,-0.013693030860412958,-0.024691358024691357
2024-06-11 00:00:00+00:00,0.054635761589403975,-0.032006902502156986,-0.046490450809057116,-0.061238604212511816,-0.04641525072523833,-0.05587079877782619
2024-06-12 00:00:00+00:00,0.03689167974882257,0.014109198885703833,0.01795369610531461,0.03958207755676102,0.059032304795016755,0.026814609338881024
2024-06-13 00:00:00+00:00,-0.09765329295987901,-0.021841383722223218,-0.025482287113917423,-0.0510887772194305,-0.034949729840640154,-0.04637550652859068
2024-06-14 00:00:00+00:00,-0.04530201342281881,-0.010917884336799966,0.003574105032570607,-0.028786747233349064,-0.043302622253720835,-0.04202077431539186
2024-06-15 00:00:00+00:00,0.04130052724077338,0.0027899586321176173,0.024969843184559526,0.017266689968542526,0.013186161937921437,0.02365697387875798
2024-06-16 00:00:00+00:00,0.03881856540084394,0.006773846508098869,0.015599343185550119,0.03971962616822422,0.0026321561745996647,0.008666345690900412
2024-06-17 00:00:00+00:00,-0.0926076360682373,-0.002587703951910103,-0.031163692849318858,-0.05307336417713149,-0.06081820170641006,-0.07780429594272076
2024-06-18 00:00:00+00:00,-0.018800358102059045,-0.019983811580388866,-0.007985282475095778,-0.04090179381587222,-0.050780340088516174,-0.0636645962732919
2024-06-19 00:00:00+00:00,0.03649635036496357,-0.0030832222994838787,0.022130549861917315,-0.013026708390946773,0.0017995910020449646,0.0016583747927030323
2024-06-20 00:00:00+00:00,-0.03257042253521125,-0.0016064796011104887,-0.013321125344402995,-0.015263235510986517,0.01698375112272399,-0.004415011037527505
2024-06-21 00:00:00+00:00,0.03821656050955413,-0.011198244365383747,0.0015428057431086106,0.007862223886184738,-0.00297069450020071,-0.009423503325942328
2024-06-22 00:00:00+00:00,0.0017528483786153348,0.0018466390078755168,-0.006465823504334223,-0.006760772659732517,-0.0034627154131100513,0.00671516508114145
2024-06-23 00:00:00+00:00,-0.044619422572178546,-0.016370480786393027,-0.021408853607952527,-0.037399955120053896,-0.012363636363636354,-0.0255697609783212
2024-06-24 00:00:00+00:00,0.03571428571428559,-0.04614316624851034,-0.01993036940463211,0.02828502603154881,-0.026182294223531244,-0.02795208214489453
2024-06-25 00:00:00+00:00,0.13616268788682584,0.025089189014368074,0.01258079236920362,0.03211667800196483,0.059905898168375105,0.04166666666666674
2024-06-26 00:00:00+00:00,-0.024124513618677068,-0.015225380185519222,-0.00691329077943148,0.0016839947283642243,-0.026872770511296218,-0.034366197183098746
2024-06-27 00:00:00+00:00,0.004784688995215225,0.013825353458531753,0.02343212395890193,0.09429135297127411,0.035434995112414436,0.025087514585764303
2024-06-28 00:00:00+00:00,-0.0801587301587301,-0.020721165868020086,-0.02037131496272937,-0.06465833945628219,-0.03186216662733066,-0.032441661923733656
2024-06-29 00:00:00+00:00,-0.02415875754961183,0.009248055201046546,-0.00039939055959048453,0.0017853317146325764,-0.009426296115715993,-0.0052941176470588935
2024-06-30 00:00:00+00:00,0.05481874447391677,0.029274097229099905,0.01756836746773982,0.04512403763900785,0.021164889253486363,0.020697811945594502
2024-07-01 00:00:00+00:00,-0.042749371332774344,0.002038806786655245,0.0011750471182259137,0.00040924902803340935,-0.007712082262210651,-0.009849362688296615
2024-07-02 00:00:00+00:00,-0.007880910683012332,-0.01215453293394797,-0.006057172738364924,0.05018067771187029,0.014410621761657971,0.009947337624341746
2024-07-03 00:00:00+00:00,-0.09532215357458074,-0.031011111688702075,-0.036789571368027185,-0.08563266896059207,-0.05434956105347166,-0.050405561993047465
2024-07-04 00:00:00+00:00,-0.12878048780487816,-0.05246046327616427,-0.07154648184786438,-0.09216131780744108,-0.11368047936534731,-0.10738255033557043
2024-07-05 00:00:00+00:00,-0.004479283314669624,-0.007383346646214428,-0.025466549008072548,0.05052401063663381,0.004284898114644831,0.02392344497607657
2024-07-06 00:00:00+00:00,0.09336332958380211,0.02827784241902398,0.0285232310901542,0.06499404407385367,0.07547169811320753,0.16154873164218952
2024-07-07 00:00:00+00:00,-0.13580246913580252,-0.040740420809639244,-0.04429003237871021,-0.07976232086683,-0.08181257163008016,-0.1091954022988505
2024-07-08 00:00:00+00:00,0.08928571428571441,0.015339126256471713,0.030027294438758068,0.06206320267395937,0.032933269323091485,0.04387096774193555
2024-07-09 00:00:00+00:00,-0.00765027322404388,0.023545604290392763,0.01578000735340379,0.011515628352764429,-0.00018590816136820898,0.011742892459826848
2024-07-10 00:00:00+00:00,0.014317180616740144,-0.005583979328165345,0.011217452268762251,0.003959835949653545,0.004090740052064001,0.0018326206475258733
2024-07-11 00:00:00+00:00,-0.034744842562432154,-0.0066860860429079905,-0.0004772577030360825,-0.04402028454711937,-0.0125925925925926,-0.010365853658536595
2024-07-12 00:00:00+00:00,-0.022497187851518552,0.009578148824491928,0.011069277351374529,0.027481028512488237,0.009846211552888118,0.016635859519408713
2024-07-13 00:00:00+00:00,-0.0011507479861909697,0.02271446610847283,0.013417871775562418,0.017496056216836253,0.04290091930541373,0.036969696969696875
2024-07-14 00:00:00+00:00,0.05990783410138256,0.026921989418961845,0.021773149911994416,0.04059196617336136,0.02706793696019938,0.03039158386908225
2024-07-15 00:00:00+00:00,0.23043478260869565,0.06457837119729937,0.07343732666066782,0.07937152918867674,0.08279150411790215,0.09245604083947812
2024-07-16 00:00:00+00:00,0.09275618374558303,0.0049417419837483045,-0.011270630047166663,0.00778014807378602,-0.0009607686148919159,0.0036344755970925124
2024-07-17 00:00:00+00:00,-0.05497170573969279,-0.014697745325894074,-0.01657312586923254,-0.03187647864524967,-0.02404231447347338,-0.036730470770822476
2024-07-18 00:00:00+00:00,-0.004277159965782706,-0.001561447004345129,0.011647303700860645,0.023922829581993543,-0.018229594350468004,-0.06605800214822766
2024-07-19 00:00:00+00:00,0.09020618556701021,0.041759132036171875,0.022480665402013766,0.062240924506971496,0.04909668785547017,0.023001725129384587
2024-07-20 00:00:00+00:00,-0.03703703703703709,0.007200120012001321,0.003987406986667663,0.026429373854431448,0.07023837997289317,0.017425519955030833
2024-07-21 00:00:00+00:00,0.022913256955810146,0.015272276003738927,0.005236673773987288,0.06273041474654395,0.04484505363528002,0.008287292817679592
2024-07-22 00:00:00+00:00,-0.04800000000000004,-0.009291085469536275,-0.02724043530396625,-0.03029974524364465,-0.017824041066590635,-0.037260273972602787
2024-07-23 00:00:00+00:00,0.05210084033613449,-0.023633237038257815,0.012475287824165626,-0.032811626607043065,-0.05407955865272929,-0.030165054069436592
2024-07-24 00:00:00+00:00,-0.02396166134185307,-0.00849323457697837,-0.04212478930426622,0.029070103450268725,-0.018110659197298706,-0.01467136150234738
2024-07-25 00:00:00+00:00,-0.060556464811783894,0.006484795643661334,-0.04806328897629064,-0.03487588453330348,-0.021023837436498605,-0.023823704586063088
2024-07-26 00:00:00+00:00,0.04703832752613235,0.0320371064111753,0.031217327774068826,0.06523130637183594,0.0712917132364681,0.03477730323367911
2024-07-27 00:00:00+00:00,-0.009983361064891838,-0.00016919953012906053,-0.007817724858838138,0.004697913252485364,-0.02049333035248535,0.003537735849056478
2024-07-28 00:00:00+00:00,-0.012605042016806789,0.005204686544961978,0.00650967525492363,0.005328403653762637,-0.010651247717589851,-0.01292596944770863
2024-07-29 00:00:00+00:00,0.0034042553191491187,-0.02146802309396001,0.014525283166572978,-0.012601406165494877,-0.012380805905875092,-0.010714285714285565
2024-07-30 00:00:00+00:00,-0.040712468193384255,-0.008934532749946156,-0.011589493799846862,-0.018677767431670045,-0.02273612084403942,-0.012635379061371799
2024-07-31 00:00:00+00:00,-0.02298850574712652,-0.023569227050220576,-0.014171096087167379,-0.04158294262112072,-0.028603298541948874,-0.029859841560024414
2024-08-01 00:00:00+00:00,-0.048868778280543035,0.011233830537847433,-0.009075892277139452,-0.02527517325723605,-0.024032152230971104,-0.00816582914572872
2024-08-02 00:00:00+00:00,-0.11322549952426253,-0.05899698289408972,-0.06673846538053319,-0.08723188146023775,-0.06261030338683926,-0.07156428119062697
2024-08-03 00:00:00+00:00,-0.07510729613733902,-0.013014011925201907,-0.028756259177618593,-0.06709432480198996,-0.03075129998206927,-0.029331514324693053
2024-08-04 00:00:00+00:00,-0.06032482598607891,-0.04179693594466638,-0.07394856111639181,-0.029399382542800945,-0.04032929423735088,-0.06254392129304287
2024-08-05 00:00:00+00:00,-0.1308641975308642,-0.07121937380719046,-0.10016289067729789,-0.061808718282368336,-0.09050602409638553,-0.008245877061469176
2024-08-06 00:00:00+00:00,0.09943181818181812,0.03708337891930613,0.017250856550076632,0.11265218061334559,0.02214921576939366,0.015873015873015817
2024-08-07 00:00:00+00:00,-0.04909560723514217,-0.01584823536320812,-0.04815689078668839,0.002562326869806064,-0.009020217729393432,-0.04166666666666663
2024-08-08 00:00:00+00:00,0.19157608695652195,0.11883431252058596,0.14499743896192574,0.1268218553567726,0.12450303410755392,0.1110248447204969
2024-08-09 00:00:00+00:00,-0.02850627137970363,-0.013747043696631933,-0.031209692451071636,-0.041991050082756054,-0.03368068477856356,-0.018867924528301994
2024-08-10 00:00:00+00:00,-0.009389671361502261,0.0014057006156844576,0.004286626801806914,-0.014525211159457485,0.012709416522241446,0.0035612535612536966
2024-08-11 00:00:00+00:00,-0.08412322274881512,-0.03629009556409346,-0.020897192251103425,-0.08077397571586264,-0.04363947518539646,-0.04968062455642297
2024-08-12 00:00:00+00:00,0.06338939197930116,0.0107992169992841,0.06532100900844506,0.0333403969767605,0.07277065314643605,0.03883495145631066
2024-08-13 00:00:00+00:00,-0.0048661800486617945,0.02090278404977952,-0.007295301766888307,0.0024608654043338785,-0.014363821703271329,-0.0021567217828900587
2024-08-14 00:00:00+00:00,-0.022004889975550168,-0.031421844400999266,-0.015167774307662807,-0.020047732696897413,-0.0372320421210981,-0.019452449567723296
2024-08-15 00:00:00+00:00,-0.06999999999999995,-0.019465985179111134,-0.034402299498393685,-0.007863057546447672,-0.02138671875000009,-0.024981631153563555
2024-08-16 00:00:00+00:00,-0.034946236559139754,0.023175450712934476,0.008887539933615907,-0.02482816664328813,0.001397066161061833,-0.0045214770158251705
2024-08-17 00:00:00+00:00,0.04317548746518107,0.010486525598475405,0.008400411921025475,0.020785385500575515,0.02391629297458886,0.012112036336108911
2024-08-18 00:00:00+00:00,-0.026702269692923997,-0.017895518371464747,-0.0009026547995609757,0.0034524061156906427,-0.026374695863746855,-0.00972326103216159
2024-08-19 00:00:00+00:00,0.05349794238683114,0.017306107499313272,0.009268227322320799,0.013130178345738042,0.012894842063174705,0.006797583081570968
2024-08-20 00:00:00+00:00,0.009114583333333481,-0.007145200501358473,-0.024101412553672485,-0.013999584170767077,0.015395243264580971,0.023255813953488413
2024-08-21 00:00:00+00:00,0.020645161290322678,0.03630049242719502,0.022500602451784424,0.003655022140999442,0.0316843230634658,0.035190615835777095
2024-08-22 00:00:00+00:00,0.010113780025284402,-0.012757368324922358,-0.002976382801601063,0.003011415365221648,-0.008478568064060221,-0.00424929178470268
2024-08-23 00:00:00+00:00,0.1364205256570714,0.06064346268308651,0.05322393704630013,0.07010194106968304,0.07296912114014265,0.08819345661450928
2024-08-24 00:00:00+00:00,0.04625550660792954,0.0018703179587378216,0.0019982045118878133,0.04834921049197449,-0.0030992650314354275,0.021568627450980538
2024-08-25 00:00:00+00:00,-0.0378947368421052,0.0009818100937060148,-0.00790101156069356,-0.01089189020974668,-0.02655889145496526,-0.033269353806781976
2024-08-26 00:00:00+00:00,-0.06783369803063466,-0.021582061663033336,-0.023902728567110954,-0.011326453561540273,-0.04005839948900447,-0.03309066843150221
2024-08-27 00:00:00+00:00,-0.10328638497652587,-0.05441321577489899,-0.08325343500628613,-0.06574592668024448,-0.059790874524714877,-0.05817932922655722
2024-08-28 00:00:00+00:00,0.00654450261780104,-0.006397374400403888,0.028893148254406142,-0.01934736698685202,0.007380446870892898,0.007267441860465018
2024-08-29 00:00:00+00:00,-0.005201560468140354,0.0054901422717748005,-0.0002847729528976384,-0.027440083362278544,0.007326374949819359,0.01515151515151536
2024-08-30 00:00:00+00:00,0.015686274509804088,-0.003959297838693754,-0.0006369653546235421,-0.014357142857142846,0.013948390953472112,-0.004975124378109541
2024-08-31 00:00:00+00:00,-0.02316602316602312,-0.0025370412247210927,-0.005142517814726744,-0.01913182114645995,-0.004814778421931898,-0.011428571428571455
2024-09-01 00:00:00+00:00,-0.059288537549407105,-0.028353686091105557,-0.03473523782237253,-0.050609530845954875,-0.06111769352290686,-0.049132947976878616
2024-09-02 00:00:00+00:00,0.0672268907563025,0.03194084799341579,0.04629141038537021,0.05011673151750973,0.04238090230308145,0.03799392097264431
2024-09-03 00:00:00+00:00,-0.047244094488189003,-0.0278089086254798,-0.04441274857073074,-0.05483918778716457,-0.023708635996771643,-0.04172767203513905
2024-09-04 00:00:00+00:00,0.012396694214876103,0.008404750022309004,0.010481220802460722,0.04782813235063488,0.012710550790534292,0.03819709702062646
2024-09-05 00:00:00+00:00,-0.03401360544217691,-0.030893086013844884,-0.03341888677158866,-0.03165219994013757,0.004285714285714226,-0.02943340691685059
2024-09-06 00:00:00+00:00,-0.06338028169014087,-0.03946297614809535,-0.06061271271229007,-0.03369136851866161,-0.0597439544807965,-0.029567854435178287
2024-09-07 00:00:00+00:00,0.018045112781954975,0.0036671443399056702,0.021728091028792473,0.021271491403438647,0.03079749297601042,0.005468750000000133
2024-09-08 00:00:00+00:00,0.04431314623338256,0.013092295801802267,0.010432885581330043,0.019105786547647163,0.008072124960687654,0.01631701631701632
2024-09-09 00:00:00+00:00,0.043847241867043696,0.03958541970605056,0.02707526226439727,0.037879369957741105,0.07903494176372727,0.03516819571865448
2024-09-10 00:00:00+00:00,0.01084010840108407,0.010413204305599333,0.012299215935579477,0.004071661237784907,-0.009252120277563614,-0.0007385524372232055
2024-09-11 00:00:00+00:00,-0.029490616621983823,-0.005170207018218909,-0.0200835663925778,-0.023667330236673334,-0.014494163424124573,-0.019955654101995512
2024-09-12 00:00:00+00:00,0.024861878453038777,0.013853291011196811,0.009061972613274571,0.027412777526053755,0.01362155759549899,0.019607843137254832
2024-09-13 00:00:00+00:00,0.0660377358490567,0.04069474605520651,0.03278487229862459,0.021830209481808138,0.0415814587593728,0.03254437869822491
2024-09-14 00:00:00+00:00,-0.01896333754740842,-0.008346887500413236,-0.008773404285849051,-0.013523234067040923,-0.014584891548242385,-0.016475644699140313
2024-09-15 00:00:00+00:00,-0.05283505154639179,-0.014352167243428138,-0.04205907047344892,-0.042073793204024934,-0.024573055028462965,-0.025491624180626338
2024-09-16 00:00:00+00:00,-0.020408163265306145,-0.01552475816816612,-0.008816545054185942,0.0007612087995736427,-0.030833576500340354,-0.014947683109118204
2024-09-17 00:00:00+00:00,0.018055555555555713,0.03607380287796791,0.02008990800111521,0.00053244086103299,0.014853472501003662,0.009863429438543347
2024-09-18 00:00:00+00:00,0.027285129604365688,0.023974537250810224,0.014070373217183185,0.02128630074502058,0.026997626582278444,0.02854996243426
2024-09-19 00:00:00+00:00,0.05444887118193886,0.019235754409934414,0.038092430782187714,0.06364448414470725,0.010977371208473752,0.029218407596786067
2024-09-20 00:00:00+00:00,0.03904282115869018,0.004020144249244684,0.03901898824035288,0.02638393169570996,0.0053338413182209,0.02058197303051812
2024-09-21 00:00:00+00:00,0.020606060606060517,0.0023403092195461994,0.0199109861794331,0.01875085231146878,0.04149692089057311,0.04311543810848417
2024-09-22 00:00:00+00:00,-0.048693586698337454,0.003627526008319615,-0.01201959883631909,-0.03199250384847063,-0.03274811243518605,-0.03200000000000003
2024-09-23 00:00:00+00:00,0.014981273408239737,-0.0037554994781276996,0.025559860519178468,0.001106271174721618,0.016364149346374646,-0.0027548209366391463
2024-09-24 00:00:00+00:00,0.05658056580565818,0.014567574134444872,0.002353634533069915,0.05483804130119485,0.01591561025261412,0.024171270718231996
2024-09-25 00:00:00+00:00,-0.016298020954598424,-0.017283587524333677,-0.027608171264887682,-0.031100635107706442,-0.011840786956917704,0.028995279838165855
2024-09-26 00:00:00+00:00,0.12662721893491113,0.03201766657941674,0.020275586736177242,0.05115556156237355,0.08931698774080554,0.22018348623853212
2024-09-27 00:00:00+00:00,0.12394957983193255,0.009144138635673427,0.023618487535425725,0.013436194149790914,0.04510069385682858,0.08861439312567132
2024-09-28 00:00:00+00:00,0.06355140186915897,0.0013387572896133015,-0.007133234116306508,-0.005645775183963364,0.036839122338272245,-0.0320670942279232
2024-09-29 00:00:00+00:00,-0.008787346221441061,-0.0038869993015275828,-0.00657518475185126,0.01090909090909098,-0.028736529751678952,-0.014271151885830613
2024-09-30 00:00:00+00:00,-0.07269503546099298,-0.03466997428889751,-0.020841956336872802,-0.0376751230594472,-0.08176555716353107,-0.09152016546018626
2024-10-01 00:00:00+00:00,-0.07265774378585077,-0.03982166382772501,-0.059349096736260876,-0.04826546003016596,-0.06444269328430086,-0.06545247581104163
2024-10-02 00:00:00+00:00,-0.04742268041237119,-0.002573768480562233,-0.03419002447105346,-0.03410735202921511,-0.020870379036031728,-0.008526187576126554
2024-10-03 00:00:00+00:00,-0.06493506493506485,0.001705378860227258,-0.006048813501966843,-0.02396918247966906,0.004301280825845799,-0.012285012285012331
2024-10-04 00:00:00+00:00,0.08680555555555558,0.021946181495442696,0.027495957102732005,0.04692296447887756,0.0396878271628438,0.0814676616915424
2024-10-05 00:00:00+00:00,-0.004259850905218299,-0.00045098734014104025,0.00010354496543674152,-0.004537838592571952,0.0014646649578908821,0.002875215641172879
2024-10-06 00:00:00+00:00,0.09411764705882364,0.012277385671468632,0.01050665518126781,0.027281015498983097,0.020018281535648885,0.03899082568807333
2024-10-07 00:00:00+00:00,-0.04203323558162275,-0.009486005312646983,-0.007098273381884734,-0.017203713817585897,-0.028497177166412646,-0.038079470198675414
2024-10-08 00:00:00+00:00,-0.02959183673469379,-0.001020667266649511,0.007503993461867031,-0.0032647957766046565,-0.012175998524121434,-0.010327022375215211
2024-10-09 00:00:00+00:00,-0.04100946372239744,-0.02452474232426416,-0.028850132533625117,-0.028991567356610237,0.007937249042861083,-0.020289855072463725
2024-10-10 00:00:00+00:00,0.019736842105263053,-0.005106370767738344,0.006758153446362991,-0.002153161558889005,-0.017695015749490395,-0.007100591715976434
2024-10-11 00:00:00+00:00,0.04731182795698907,0.036693891346722296,0.022212538078936195,0.04675249946054816,0.04470432896350074,0.052443384982121755
2024-10-12 00:00:00+00:00,0.015400410677617993,0.010652702270546932,0.015126050420168013,0.005978148835291686,0.005506906202040307,0.010758776896942157
2024-10-13 00:00:00+00:00,-0.01921132457027297,-0.005319096759781039,-0.0030245517686965373,0.009153005464480835,0.0001795654516070222,-0.0117647058823529
2024-10-14 00:00:00+00:00,0.12371134020618557,0.051120868102157546,0.06516235909773949,0.06667117909841602,0.047486535008976594,0.06009070294784591
2024-10-15 00:00:00+00:00,-0.047706422018348627,0.014983205463229288,-0.008510185223915223,-0.01795799225839212,0.006770074556517347,-0.024598930481283365
2024-10-16 00:00:00+00:00,0.005780346820809301,0.008138307848598592,0.0014151974564797776,-0.0031015766347892715,0.0702247191011236,0.01918859649122795
2024-10-17 00:00:00+00:00,-0.05363984674329503,-0.0029315286998625734,-0.0020297958714716735,-0.024500907441016295,0.03133699196691331,-0.02044109736417432
2024-10-18 00:00:00+00:00,0.06275303643724683,0.014924257413553965,0.013957325965154643,0.029501661129568202,0.057762011259350654,0.0318506315211422
2024-10-19 00:00:00+00:00,-0.0009523809523809268,-0.000730695037119311,0.002282214997520793,0.031302439654059544,0.05037911927675709,0.012772751463544285
2024-10-20 00:00:00+00:00,0.018112488083889433,0.00956433355757702,0.03727437504720199,0.04762500782276757,-0.01339626570417174,0.0005254860746191081
2024-10-21 00:00:00+00:00,-0.046816479400748956,-0.023967004283086846,-0.029200083002355437,-0.007347670250896221,0.0107640354579992,-0.0357142857142857
2024-10-22 00:00:00+00:00,-0.00982318271119853,0.0007198248673518926,-0.016458544268196595,0.008545465487151738,-0.02763276954131,-0.011437908496731986
2024-10-23 00:00:00+00:00,-0.026785714285714413,-0.011232313944175898,-0.03744076010080788,0.019452234620203956,0.0019327129563351253,-0.02754820936639124
2024-10-24 00:00:00+00:00,0.01936799184505622,0.022943767422919148,0.004440289787333462,0.03710857477319296,0.013645781238836863,0.021529745042492943
2024-10-25 00:00:00+00:00,-0.122,-0.02199395644582236,-0.03754209683652632,-0.06936057339578983,-0.07238511418099802,-0.08153078202995001
2024-10-26 00:00:00+00:00,0.0341685649202732,0.005913641316056761,0.017163671526087665,0.03626440266828368,0.044525491983891774,0.02717391304347827
2024-10-27 00:00:00+00:00,0.009911894273127775,0.013845607186230069,0.010187270141912785,0.033649344569288475,0.049392594747944996,0.012933568489123859
2024-10-28 00:00:00+00:00,0.0010905125408942062,0.028527808037729363,0.023797751016827462,0.009398176980127904,0.1192291695549701,0.0580383052814859
2024-10-29 00:00:00+00:00,0.053376906318082895,0.03965297837218107,0.02777821054107532,0.0063379886701440125,0.08918617614269797,0.04552934722984103
2024-10-30 00:00:00+00:00,-0.0031023784901759166,-0.00538492271134583,0.00772699711990299,-0.025359491695463032,-0.04310246787217087,-0.03567681007345225
2024-10-31 00:00:00+00:00,-0.05497925311203322,-0.028374281253896405,-0.052865722268811144,-0.03534053868588094,-0.03945804611362025,-0.026115342763873728
2024-11-01 00:00:00+00:00,-0.02414928649835346,-0.011324188908526045,-0.0028269561385051434,-0.015353607208488995,-0.015342736946300506,-0.01787709497206702
2024-11-02 00:00:00+00:00,-0.019122609673790758,-0.0017449922664622974,-0.006872414383493397,0.0004214328717639937,0.002450364413169037,-0.0073947667804323824
2024-11-03 00:00:00+00:00,-0.06192660550458717,-0.008630662976178316,-0.014633774752127904,-0.02190527772762829,-0.05114384205578193,-0.03209169054441263
2024-11-04 00:00:00+00:00,-0.03178484107579449,-0.01346371022794457,-0.024217468965264666,-0.028179413031440448,0.04511526520906273,-0.001776198934280493
2024-11-05 00:00:00+00:00,0.08080808080808066,0.022431831623900944,0.010149236305411202,0.054890788224121634,0.07439008974845152,0.05931198102016588
2024-11-06 00:00:00+00:00,0.15537383177570097,0.0893729329739763,0.12355575736310898,0.11985355899651906,0.1557150420612976,0.06830907054871238
2024-11-07 00:00:00+00:00,0.1112234580384226,0.0037831476979763856,0.06377968088115882,0.05230719759901392,-0.01639010485595027,0.00419287211740027
2024-11-08 00:00:00+00:00,-0.020928116469517644,0.008593568843003663,0.022890929624551415,0.017825311942959,0.04517698199130615,-0.007306889352818313
2024-11-09 00:00:00+00:00,0.040892193308550207,0.0021916152418686163,0.05552798176753604,0.0002001501125843408,0.08382433034609105,0.0778128286014721
2024-11-10 00:00:00+00:00,0.10000000000000009,0.04815691599591321,0.018232940205552328,0.050928010405723256,0.26898126998629523,0.27170731707317075
2024-11-11 00:00:00+00:00,0.05438311688311681,0.10299836966550102,0.059179256159662685,0.057409434950254745,0.2648858809129526,0.06981204449558875
2024-11-12 00:00:00+00:00,0.08775981524249432,-0.00785105223479976,-0.03790199876022882,-0.04722459820825642,0.08108492714025495,-0.05091430620294013
2024-11-13 00:00:00+00:00,0.47275300778485474,0.027551274837266382,-0.017461002527899505,0.016490266490266636,0.05049361590101342,-0.0241783150736683
2024-11-14 00:00:00+00:00,-0.007688611244593857,-0.03374388106471693,-0.04026782464639356,-0.025844838004927317,-0.09144675838909366,-0.09368950832365452
2024-11-15 00:00:00+00:00,0.1297820823244551,0.04244437398018164,0.01019674253470293,0.04237247697666646,0.05229767749765557,0.09184109354976489
2024-11-16 00:00:00+00:00,-0.08701243034719242,-0.004890034907478302,0.013870505273445577,-0.012542915999084414,-0.045321100917431245,-0.03716744913928005
2024-11-17 00:00:00+00:00,-0.004225352112676051,-0.008068824947354392,-0.01815268427990946,0.10087617634787449,0.007770242442546982,0.00731409995936616
2024-11-18 00:00:00+00:00,-0.03441772748703431,0.006767384122082332,0.04284785435630689,0.009769655114330256,0.011143199651264313,0.0028237192416296075
2024-11-19 00:00:00+00:00,-0.0390625,0.020413737695668788,-0.031286239790510706,-0.009007881896659575,0.05265001481960496,-0.004424778761061954
2024-11-20 00:00:00+00:00,-0.04674796747967491,0.02140345673566446,-0.012058157196921049,-0.00904767916508864,-0.032994599022192705,-0.03555555555555545
2024-11-21 00:00:00+00:00,0.10341151385927505,0.04274798019993509,0.09310840171076595,0.08871241719041967,0.023452803218804608,0.03728529534981151
2024-11-22 00:00:00+00:00,-0.0028985507246376274,0.0058472013826280644,-0.008352677892967675,0.002067324569957396,0.06758224705152083,0.026655896607431284
2024-11-23 00:00:00+00:00,-0.007267441860465129,-0.012332645714516866,0.019872106930145517,-0.0078240560529389,0.042105773190880935,0.02006294256490948
2024-11-24 00:00:00+00:00,-0.014153245485602706,0.002330648166728677,-0.00963785132781958,-0.008474243791439462,0.0001859816343137144,-0.007327419976860816
2024-11-25 00:00:00+00:00,-0.060891089108910945,-0.04994921350389636,0.015854456741639877,-0.07339848850551967,-0.08737187085977272,-0.03807303807303808
2024-11-26 00:00:00+00:00,-0.03637322087506578,-0.011233737099909935,-0.02628796687060142,-0.014903066017593392,-0.014236960065199589,-0.01696284329563813
2024-11-27 00:00:00+00:00,0.07986870897155351,0.04238507278190995,0.09882005456082155,0.048853439680957234,0.0358609998708177,0.05710764174198846
2024-11-28 00:00:00+00:00,0.005572441742654588,-0.002285863665387078,-0.020389896202864355,-0.018060836501901156,0.0016711146584191816,-0.009716284492809923
2024-11-29 00:00:00+00:00,0.030730478589420684,0.018987290156683212,0.0037498707663763398,0.024159265962372167,0.06165338645418328,0.021585557299842906
2024-11-30 00:00:00+00:00,-0.012707722385141729,-0.010794274574184248,0.03100876619128612,-0.023548267784490262,-0.011164274322169154,0.026892047637341543
2024-12-01 00:00:00+00:00,0.10198019801980207,0.008061468764155144,0.0010827303164488988,-0.0033670033670032407,0.044710626185958446,0.15450804339693236
2024-12-02 00:00:00+00:00,-0.08221024258760112,-0.01383503122595442,-0.017313039936778685,-0.04679054054054055,-0.03605403564536269,-0.03046014257939078
2024-12-03 00:00:00+00:00,-0.008810572687224627,9.463628261174861e-05,-0.007934852418881144,0.03632819422293099,-0.042984666839390395,-0.043783422459893084
2024-12-04 00:00:00+00:00,0.07604938271604933,0.028561699051921963,0.06177600836627928,-0.020391586867305023,0.06502264225241183,0.1481999300943726
2024-12-05 00:00:00+00:00,-0.02799449288664524,-0.016652141472148774,-0.013705768930116324,0.02919485053458426,-0.013680269908027953,-0.07305936073059349
2024-12-06 00:00:00+00:00,0.01746931067044377,0.028832759145512643,0.05644880059177848,0.004367367706920033,0.01839182793683536,0.012807881773398977
2024-12-07 00:00:00+00:00,0.15498839907192585,0.0009138683812970338,-0.0006626872091366476,0.00536159074597875,0.04173280879747843,0.03664072632944215
2024-12-08 00:00:00+00:00,0.06147047006830064,0.012797501081567075,0.0019843752345967136,-0.004703115814226777,0.02990216647158861,0.006881451360650548
2024-12-09 00:00:00+00:00,0.0026495079485238104,-0.0379105483466009,-0.0729618021302898,-0.08602649565437526,-0.11219041492441295,-0.15346380863622244
2024-12-10 00:00:00+00:00,-0.11362778406946017,-0.007026056763778543,-0.022561961206896575,-0.013986982412408255,-0.04857135956331671,-0.003302752293578015
2024-12-11 00:00:00+00:00,0.06984667802385025,0.04691851376393741,0.056104182457107354,0.06409176029962538,0.05102558895207143,0.060014727540500745
2024-12-12 00:00:00+00:00,-0.05851910828025486,-0.011082422744128628,0.01299646903160645,-0.0014518896563860961,-0.019105357229119324,-0.022924626606460552
2024-12-13 00:00:00+00:00,0.04651162790697683,0.014198990863292016,0.006489575202042408,-0.009561156150863614,0.0071409224101843805,0.014930678990401791
2024-12-14 00:00:00+00:00,-0.05737373737373741,-4.19031937628489e-05,-0.00934524418961813,-0.02162017883357792,-0.026234077406420253,-0.03712784588441331
2024-12-15 00:00:00+00:00,0.035147878268324106,0.030013705383553635,0.022944017114996607,0.01973355158459511,0.020864718288641226,0.014186977082575547
2024-12-16 00:00:00+00:00,-0.02898550724637683,0.01526526030644626,0.006857636477069162,-0.03602800196192091,-0.011411987505841381,-0.024748923959827862
2024-12-17 00:00:00+00:00,-0.04307036247334761,0.0007079101319968917,-0.02338795456369902,0.03219390351080076,-0.019405398681427988,-0.031997057741816826
2024-12-18 00:00:00+00:00,-0.1341354723707665,-0.0558703575319216,-0.06838153511036449,-0.07447904996639032,-0.09110744640365342,-0.08624620060790278
2024-12-19 00:00:00+00:00,-0.12249099330931534,-0.027365671293993032,-0.05784438072129705,-0.061589115382753135,-0.12262728896828945,-0.10311850311850312
2024-12-20 00:00:00+00:00,0.036363636363636154,0.0035252764517319513,0.016154474233320837,0.0034569939631596824,0.011517291845630107,0.041724617524339536
2024-12-21 00:00:00+00:00,-0.014714204867006031,-0.005249707991702657,-0.038387655124546005,-0.06699917729329496,0.00783191268518224,-0.034267912772585674
2024-12-22 00:00:00+00:00,0.0252728317059161,-0.02164330280426996,-0.017098343176835673,-0.005125378892256727,-0.02434304974720669,-0.007834101382488523
2024-12-23 00:00:00+00:00,0.0352941176470587,-0.003202142493870186,0.04287242178906281,0.053124307555949546,0.0395048301452241,0.045517882025081224
2024-12-24 00:00:00+00:00,0.04220779220779214,0.03986141867321402,0.0206426240237485,0.03671558571353417,0.037326522448225985,0.04398045313194121
2024-12-25 00:00:00+00:00,-0.03738317757009346,0.0077639591022340415,0.0010935594501286783,0.0017758384494392931,-0.008217146247404328,-0.02851063829787226
2024-12-26 00:00:00+00:00,-0.062028047464940506,-0.03658870195595676,-0.046311123820417466,-0.04548217179902747,-0.06457691502407803,-0.05431449846692937
2024-12-27 00:00:00+00:00,0.028177113283496258,-0.01558142885179914,-0.00046176219247084926,-0.022498142841982482,-0.0028138389716697576,0.005094951366373168
2024-12-28 00:00:00+00:00,0.04921700223713632,0.01061484937862045,0.021145879268398726,0.06123113668439917,0.04017828512794197,0.022119815668202758
2024-12-29 00:00:00+00:00,-0.04637526652452029,-0.01638824763903468,-0.013960047003525267,-0.02843989769820976,-0.03095039921082643,-0.0374211000901713
2024-12-30 00:00:00+00:00,0.03186137506987152,-0.010093537106537043,0.0015969110496711902,0.007581341476255554,-0.0012406553205026594,-0.00983606557377048
2024-12-31 00:00:00+00:00,0.08125677139761645,0.008448460832582105,-0.007156795088403944,-0.010816177239000857,0.006497643011848631,0.0018921475875117721
2025-01-01 00:00:00+00:00,-0.029058116232464792,0.010855240659998211,0.006770967529315941,0.026253235433944422,0.02889240506329105,0.02455146364494798
2025-01-02 00:00:00+00:00,0.056759545923632526,0.025298178626284695,0.028356912015902846,0.07221535927527278,0.042444560637283635,0.05576036866359457
2025-01-03 00:00:00+00:00,0.05419921875,0.012263675572221189,0.044373450011141236,0.04646920455090964,0.12085091316791075,0.0663465735486688
2025-01-04 00:00:00+00:00,-0.021769337656322385,0.0004718144831972193,0.01326402531442139,-0.006055323638699095,0.039327173655531844,-0.004093327875562935
2025-01-05 00:00:00+00:00,-0.018939393939393923,0.0014570278098766654,-0.005712519962372431,-0.015045922370425013,-0.031735177164855854,-0.016851623510069746
2025-01-06 00:00:00+00:00,0.0028957528957529455,0.039364049367443865,0.014152954216045677,0.022538775127688426,0.014438922312320246,0.005852842809364489
2025-01-07 00:00:00+00:00,-0.1053897978825794,-0.05165509861535522,-0.08302214267312091,-0.07354962881495741,-0.10267649940694146,-0.09434746467165422
2025-01-08 00:00:00+00:00,-0.04142011834319537,-0.01953491432743626,-0.01597605661710988,-0.023198298461690636,-0.016379310344827536,-0.02248737953189539
2025-01-09 00:00:00+00:00,-0.0454545454545453,-0.026384429891623817,-0.03248589693113624,-0.06344946323678347,-0.06222611744084128,-0.012206572769953072
2025-01-10 00:00:00+00:00,0.03703703703703698,0.02348526765730452,0.014860834990059635,0.014760746147607584,0.04012461059190042,0.024714828897338448
2025-01-11 00:00:00+00:00,0.02154195011337867,-0.0013314174940783907,0.004833121112689076,0.0021845694799658144,0.021924044566910217,0.03014842300556575
2025-01-12 00:00:00+00:00,-0.014983351831298508,-0.0005806554525006336,-0.004730674448570227,0.0022329735764792247,-0.015504103165299044,-0.029266096352994042
2025-01-13 00:00:00+00:00,-0.05014084507042249,-9.476962625010188e-05,-0.039723931074587604,-0.029918837196965642,0.006430293828704192,-0.016697588126159513
2025-01-14 00:00:00+00:00,0.03558718861209953,0.021417849900725594,0.028085966259868478,0.02570131787608676,0.052770136362291886,0.020283018867924607
2025-01-15 00:00:00+00:00,0.09221076746849932,0.04076693186038316,0.07002973062626516,0.09751026283520825,0.08277373493298867,0.05131761442441052
2025-01-16 00:00:00+00:00,-0.04981646565285791,-0.005075258203325772,-0.04156719358427585,0.02564849897988908,-0.023042790045929906,-0.0316622691292876
2025-01-17 00:00:00+00:00,0.12030905077262699,0.04090699518838892,0.05005365698825592,0.03964194373401542,0.10295094159207419,0.09854677565849235
2025-01-18 00:00:00+00:00,-0.09113300492610821,0.0045999384304846735,-0.047765593917602045,0.19343082319712113,-0.04537025888019275,-0.05828854898718483
2025-01-19 00:00:00+00:00,-0.1306233062330624,-0.030841395103859304,-0.027992175855803603,-0.03645455586517554,-0.09588557301783507,-0.10711150131694469
2025-01-20 00:00:00+00:00,-0.014962593516209322,0.009162396279856155,0.021423772674114883,-0.04052769194200134,-0.010714285714285787,-0.000491642084562316
2025-01-21 00:00:00+00:00,0.006329113924050667,0.03797975376689289,0.01325822168087698,0.033609975638961176,0.048539034296028793,0.028037383177569986
2025-01-22 00:00:00+00:00,-0.047169811320754707,-0.022960922265658046,-0.02552636482206072,0.02808293053169808,-0.023831939102132993,-0.034449760765550286
2025-01-23 00:00:00+00:00,0.011221122112211157,0.0019640011547956693,0.029485597976932176,-0.016513832763444203,-0.029897219696343513,-0.001982160555004886
2025-01-24 00:00:00+00:00,-0.024804177545691863,0.009240273874573157,-0.008423676161775306,0.0010272213662043672,-0.003436914162358695,-0.00844091360476662
2025-01-25 00:00:00+00:00,0.006693440428380271,-0.0011790732379457491,0.0026222851946622328,0.011998263409243481,0.007610089781958207,-0.001502253380070151
2025-01-26 00:00:00+00:00,-0.06781914893617025,-0.020304667873067395,-0.02596142546786906,-0.06204906204906213,-0.049417288979407115,-0.042627883650952825
2025-01-27 00:00:00+00:00,-0.06490727532097007,-0.0052345546677060595,-0.0155199668379421,-0.023326403326403344,-0.006189555125725388,-0.0062860136196961625
2025-01-28 00:00:00+00:00,-0.12662090007627758,-0.0073206238502596666,-0.03290556931159749,-0.03333475243731099,-0.04569272689163695,-0.053241960991038395
2025-01-29 00:00:00+00:00,0.08209606986899565,0.023661199942527578,0.011755455337067788,0.004844534484277352,0.016723667283737642,0.01837416481069032
2025-01-30 00:00:00+00:00,0.04358353510895885,0.00954081835292131,0.042869070939978826,0.04448632538569419,0.023114430317244805,0.021323127392017582
2025-01-31 00:00:00+00:00,0.07192575406032486,-0.021899499765762886,0.016505562928998296,-0.027443246191934834,-0.007932917081410307,0.011777301927194728
2025-02-01 00:00:00+00:00,-0.11688311688311692,-0.01751359666096397,-0.055574236819863065,-0.08085602105535661,-0.06378838552751598,-0.06878306878306861
2025-02-02 00:00:00+00:00,-0.11928104575163401,-0.029165211334154395,-0.07950499432244662,-0.04468854151997381,-0.12938425565081857,-0.11875000000000013
2025-02-03 00:00:00+00:00,0.020408163265306145,0.03713314320824468,0.003561372696607279,0.06274875927472867,0.06255595344673237,0.0831721470019342
2025-02-04 00:00:00+00:00,-0.07727272727272727,-0.03518644109279401,-0.051637209625334246,-0.04457185130386543,-0.07512725996138314,-0.06249999999999989
2025-02-05 00:00:00+00:00,-0.013793103448275779,-0.011770285996367091,0.020891992135296356,-0.05090979481223379,-0.027557411273486543,0.0012698412698413097
2025-02-06 00:00:00+00:00,-0.07892107892107902,-0.0006011648811647952,-0.036442212857527134,-0.03355088721191113,-0.0323978297357429,-0.05770450221940393
2025-02-07 00:00:00+00:00,-0.0314533622559654,-0.0004924687494659574,-0.024022570943632138,0.012926031444550068,-0.005566985356408094,0.016150740242261152
2025-02-08 00:00:00+00:00,0.07166853303471443,-0.0006430634939713631,0.003951031615880396,0.038179071826657474,0.02584073668411002,0.05695364238410594
2025-02-09 00:00:00+00:00,-0.0031347962382445305,0.00018673905907151678,-0.00200572848210423,0.00576961669676912,-0.01573869028788355,-0.018796992481203034
2025-02-10 00:00:00+00:00,0.00524109014675056,0.010035687350816946,0.012945439596830255,0.0,0.02619525914021681,0.00893997445721606
2025-02-11 00:00:00+00:00,0.0,-0.016961983897908373,-0.022020224035112057,-0.012520576644884485,-0.009278834860230178,-0.006962025316455733
2025-02-12 00:00:00+00:00,0.05213764337851923,0.021839938524633062,0.05213268321172371,-0.005960800161648905,0.04398340248962662,0.08349267049075837
2025-02-13 00:00:00+00:00,-0.04063429137760155,-0.0128931248485874,-0.022788110741453593,-0.012856997662364034,-0.006548565372094806,-0.041764705882352815
2025-02-14 00:00:00+00:00,0.06404958677685935,0.009236695789816451,0.01871540844659858,0.026460746460746476,0.035625833492093584,0.02639656230816434
2025-02-15 00:00:00+00:00,-0.03495145631067964,0.0007095349684433927,-0.012072855334837373,-0.0246251065750539,-0.00022075055187642523,-0.02392344497607657
2025-02-16 00:00:00+00:00,-0.024144869215291687,-0.014876960727340904,-0.011745091049520262,-0.031931303990127446,-0.022779127106793196,-0.022058823529411797
2025-02-17 00:00:00+00:00,0.043298969072164795,-0.0035177550289164916,0.03105120969711561,-0.05704573219312692,-0.027716061005460535,-0.013157894736842035
2025-02-18 00:00:00+00:00,-0.08498023715415026,-0.0011302986009604776,-0.026260454437783687,-0.04624570495127589,-0.026414655873581494,-0.033015873015873054
2025-02-19 00:00:00+00:00,0.010799136069114645,0.01016632497746972,0.01628374357688478,-0.0023033309709424854,0.013645224171540127,0.011818778726198298
2025-02-20 00:00:00+00:00,0.02777777777777768,0.017182894357943512,0.008300497146013663,0.04185165453146267,-0.00023547880690744094,0.008436080467229212
2025-02-21 00:00:00+00:00,-0.0509355509355508,-0.02159625654849706,-0.02740646593913898,-0.04011363636363641,-0.05919761325272832,-0.029601029601029616
2025-02-22 00:00:00+00:00,0.05476451259583781,0.0038367893861199764,0.037634247089748385,0.018527287794483316,0.028790786948176494,0.034482758620689724
2025-02-23 00:00:00+00:00,-0.02907580477673921,-0.003034768875022631,0.02043630257453266,-0.02400185970825819,-0.015047047371836486,-0.008974358974358942
2025-02-24 00:00:00+00:00,-0.15614973262032084,-0.04888030085811046,-0.10858285839932758,-0.15559128260092892,-0.13349804406011945,-0.11772315653298848
2025-02-25 00:00:00+00:00,0.04562737642585546,-0.0313750916410277,-0.007089659123460379,0.017770255976306437,0.005465000237608653,0.032991202346041026
2025-02-26 00:00:00+00:00,0.009696969696969537,-0.04995816437454048,-0.06384180790960448,-0.06242638398115441,-0.03795254749976362,0.024130589070262554
2025-02-27 00:00:00+00:00,-0.014405762304922076,0.005442011990729023,-0.012262612514285065,0.017440141885900262,0.016310488823384928,0.0
2025-02-28 00:00:00+00:00,-0.0353227771010961,-0.0042338096093689215,-0.030389301995042528,0.07626380011621148,-0.024314787064339982,-0.03395703395703398
2025-03-01 00:00:00+00:00,-0.04166666666666674,0.02032710396711601,-0.009027569840766247,-0.03050344176002162,0.02422711058263971,-0.020803443328550997
2025-03-02 00:00:00+00:00,0.16337285902503296,0.09534090292481712,0.1356189033052373,0.2439788389252402,0.15759686547670881,0.10989010989010994
2025-03-03 00:00:00+00:00,-0.18120045300113252,-0.08538654927336375,-0.14657818760896069,-0.20452129147781328,-0.16789937737662441,-0.1478547854785479
2025-03-04 00:00:00+00:00,-0.03319502074688796,0.012309933784973248,0.010469937319975253,0.01850028137310078,-0.0004017476020690136,0.013942680092951187
2025-03-05 00:00:00+00:00,0.012875536480686733,0.038083806073143656,0.03227247399275157,0.010290765936874058,0.028435066566189438,0.021390374331550888
2025-03-06 00:00:00+00:00,-0.035310734463276816,-0.007440124556858829,-0.01757234819926945,-0.020303527481542294,-0.015534170289678184,0.0014958863126401933
2025-03-07 00:00:00+00:00,0.02196193265007329,-0.034805673493573885,-0.027517936608845606,-0.02735329007047671,-0.015332704808217024,-0.017923823749066536
2025-03-08 00:00:00+00:00,-0.044412607449856756,-0.006673828580645025,0.028940978707508336,-0.01707439558074464,-0.03073977020761942,-0.0365019011406843
2025-03-09 00:00:00+00:00,-0.11994002998500752,-0.0636502442229373,-0.08312382577442157,-0.07663674184366098,-0.12607881875844873,-0.08050513022888717
2025-03-10 00:00:00+00:00,-0.028960817717206155,-0.026488223045525672,-0.07687053617830053,-0.06473796537823107,-0.08334820631804385,-0.012875536480686733
2025-03-11 00:00:00+00:00,0.1105263157894738,0.055182677560879245,0.03127446249530874,0.05941514536849213,0.06788681204569058,0.047826086956521685
2025-03-12 00:00:00+00:00,0.09952606635071093,0.009008839546240877,-0.007918146228352518,0.010131631431990584,0.048012641303026626,0.023236514522821716
2025-03-13 00:00:00+00:00,-0.0387931034482758,-0.030644554525017353,-0.02285399853264869,-0.02566735112936347,-0.04181164463001641,-0.02514193025141931
2025-03-14 00:00:00+00:00,0.05530642750373693,0.03534971863674374,0.025238792442306535,0.08243495177109494,0.04061005870604628,0.06322795341098164
2025-03-15 00:00:00+00:00,0.011331444759206777,0.004229893597767154,0.013349724060366608,0.01737307173880498,0.023263929277655082,0.0046948356807512415
2025-03-16 00:00:00+00:00,-0.07843137254901966,-0.020914662400679962,-0.025898604665568925,-0.07161784189606957,-0.04416278276685248,0.02102803738317749
2025-03-17 00:00:00+00:00,0.12310030395136784,0.017384295133135996,0.020832008479067188,0.014905256481408058,0.030623773562466594,-0.012204424103737566
2025-03-18 00:00:00+00:00,-0.014884979702300516,-0.015414826063030795,0.0027150354823470835,-0.020935864385594805,-0.03057927532887139,-0.030888030888030826
2025-03-19 00:00:00+00:00,0.024725274725274637,0.04994146771149088,0.06446669496878132,0.07978935609989635,0.05933817402690167,0.030278884462151323
2025-03-20 00:00:00+00:00,0.025469168900804195,-0.030197727147636355,-0.0351497524391311,-0.05711963348850968,-0.04775549188156647,0.0007733952049497894
2025-03-21 00:00:00+00:00,-0.05882352941176472,-0.0015981308755205204,-0.009093704474767983,0.006896551724137945,-0.013098117883060922,-0.033230293663060184
2025-03-22 00:00:00+00:00,-0.01805555555555549,-0.0029516419489445944,0.007600152613506328,0.00023349937733496695,0.0005978358342797474,0.023980815347721673
2025-03-23 00:00:00+00:00,0.03960396039603964,0.02674015056430301,0.012773326467039325,0.03369387596296014,0.031248132879249546,0.010928961748633892
2025-03-24 00:00:00+00:00,0.0870748299319728,0.01644538669299811,0.03749270933553994,0.06150255947003913,0.06025492468134419,0.04478764478764474
2025-03-25 00:00:00+00:00,0.0025031289111387967,-0.0012033395902268929,-0.007231404958677579,0.018651159492234504,0.0416393442622951,0.02291204730229124
2025-03-26 00:00:00+00:00,0.06367041198501866,-0.005534776464029556,-0.027408465019480688,-0.04385964912280693,0.022453047948798543,0.026734104046242768
2025-03-27 00:00:00+00:00,-0.009389671361502261,0.003714682811951864,-0.002916119272263984,0.007936507936507908,-0.02278091328886611,-0.013370865587614356
2025-03-28 00:00:00+00:00,-0.07701421800947872,-0.0321857767578666,-0.05328249303774091,-0.06458137686917576,-0.05365956106269021,-0.05563480741797433
2025-03-29 00:00:00+00:00,-0.07317073170731703,-0.02103468216171689,-0.03628024671832997,-0.03791798594486073,-0.05919884598313363,-0.04229607250755285
2025-03-30 00:00:00+00:00,-0.03878116343490312,-0.0031283069247198814,-0.01112642772745176,0.0019264729491088595,-0.017986672170784868,-0.018138801261829762
2025-03-31 00:00:00+00:00,0.03746397694524495,0.0019422262340362817,0.008126168586190419,-0.002243230251562145,0.0008407398510690278,-0.005622489959839272
2025-04-01 00:00:00+00:00,0.07222222222222241,0.031596967704788925,0.04529666434376067,0.017102938814838486,0.043921756870274775,0.025040387722132573
2025-04-02 00:00:00+00:00,-0.08678756476683946,-0.0310251468030025,-0.05761740280737859,-0.07302439409489225,-0.05834003908495222,-0.05043341213553987
2025-04-03 00:00:00+00:00,-0.04822695035461,0.008444393222235336,0.01226033578057284,-0.0021291091807187357,-0.009277910028688274,0.014937759336099532
2025-04-04 00:00:00+00:00,0.07898658718330842,0.00813309540602325,-0.00019810370729078652,0.0479644960314074,0.05526461709075203,0.005723630417007408
2025-04-05 00:00:00+00:00,-0.024861878453038666,-0.004194546969735313,-0.00597731263106327,-0.020115644596465643,-0.013428304530593183,0.003252032520325132
2025-04-06 00:00:00+00:00,-0.10198300283286121,-0.061145713465215135,-0.12472245447145913,-0.11976396276595747,-0.11664102260622544,-0.08184764991896276
2025-04-07 00:00:00+00:00,0.017350157728706517,0.009348973607038236,-0.017535868822591727,0.010197337361911085,0.0020767736316740226,0.007943512797881747
2025-04-08 00:00:00+00:00,-0.0620155038759691,-0.03588559538492875,-0.051273631071962034,-0.014861201981493544,-0.04900387752373314,-0.06654991243432584
2025-04-09 00:00:00+00:00,0.1520661157024794,0.0824502158081466,0.133092621877142,0.1295066413662238,0.12695957820738157,0.11913696060037515
2025-04-10 00:00:00+00:00,-0.0373027259684362,-0.036408787630172745,-0.08820552138052484,-0.052414951700965884,-0.042043540640009924,-0.025984911986588366
2025-04-11 00:00:00+00:00,0.03427719821162434,0.047942085713244875,0.029298735424535982,0.07623437638507213,0.04213062447092519,0.04991394148020656
2025-04-12 00:00:00+00:00,0.07204610951008661,0.022212595344448305,0.04935379902351866,0.08920187793427248,0.04742564358910273,0.02786885245901649
2025-04-13 00:00:00+00:00,-0.022849462365591378,-0.017787935537056265,-0.02823291853689991,-0.02918935269207512,-0.030006562071228315,-0.03907496012759171
2025-04-14 00:00:00+00:00,0.009628610729023324,0.009928127984718316,0.016279040656919763,0.008100950303785659,-0.02496924969249692,-0.004149377593360981
2025-04-15 00:00:00+00:00,-0.0463215258855586,-0.011201942320973268,-0.02154861833880417,-0.025575645186215357,-0.031411631134098505,-0.02749999999999997
2025-04-16 00:00:00+00:00,0.018571428571428683,0.004619459210398746,-0.007326376213194985,0.04139243517564051,0.007488929408700162,0.01371036846615259
2025-04-17 00:00:00+00:00,0.015427769985974615,0.010919027142326287,0.004108703095476507,0.0266504225995583,0.0075625363583478045,-0.002535925612848655
2025-04-18 00:00:00+00:00,0.013812154696132506,-0.005570707978571843,0.003144693802806131,-0.00585923014166001,0.010969976905311984,0.041525423728813404
2025-04-19 00:00:00+00:00,0.021798365122615904,0.007130183016948566,0.015529396953292363,0.04349447925992256,-0.001522939272796564,0.00406834825061031
2025-04-20 00:00:00+00:00,0.00533333333333319,0.0012016172171542827,-0.01606054783142319,-0.014370486880674882,-0.013282491261518814,0.0016207455429497752
2025-04-21 00:00:00+00:00,0.02652519893899208,0.02743614523914495,-0.0049075194032859315,-0.009429856376033774,0.026600541027953062,0.0
2025-04-22 00:00:00+00:00,0.13824289405684742,0.0677218385664009,0.11185955671480219,0.08955770357352066,0.12071020766672946,0.09870550161812308
2025-04-23 00:00:00+00:00,0.002270147559591429,0.0026549878166355345,0.022098094815118374,0.015525236911082763,5.598163802256195e-05,-0.0007363770250368162
2025-04-24 00:00:00+00:00,-0.007927519818799467,0.0030887678955136,-0.014161007648726742,0.009596293845135717,0.021831616659202968,0.016212232866617438
2025-04-25 00:00:00+00:00,0.0331050228310501,0.007003689170739236,0.008447998191732697,-0.011340544083907056,-0.005204338775062989,0.026105873821609782
2025-04-26 00:00:00+00:00,0.01436464088397793,-0.0001128502637609552,0.02032948559901393,-0.010674976793528579,0.0018172806872625014,-0.0007067137809186885
2025-04-27 00:00:00+00:00,-0.04575163398692805,-0.009285835059390402,-0.01625038442950666,-0.008243415320689063,-0.01423702726473175,-0.04879773691654876
2025-04-28 00:00:00+00:00,0.022831050228310446,0.013460153835815225,0.004795426759486299,-0.000946073793755775,-0.0014498410751128121,0.021561338289962872
2025-04-29 00:00:00+00:00,-0.010044642857142905,-0.007939697201950202,-0.001150076671778244,-0.010349025974025983,-0.02462724074384315,-0.024017467248908297
2025-04-30 00:00:00+00:00,0.0022547914317925244,-0.0008998818334843284,-0.0023361756804112233,0.00840680746360456,-0.013855490667582737,-0.012677106636838187
2025-05-01 00:00:00+00:00,-0.017997750281214864,0.024613579407891883,0.02481029878290153,0.02243459400840453,0.048827217835578196,0.01963746223564944
2025-05-02 00:00:00+00:00,-0.0034364261168384758,0.004116803508263045,0.002225111663611168,-0.01856148491879339,0.004760586769997133,-0.002962962962962945
2025-05-03 00:00:00+00:00,-0.060919540229885105,-0.010638357164841517,-0.0047117576810336015,-0.009050996285038915,-0.032339815988099874,-0.036404160475482894
2025-05-04 00:00:00+00:00,-0.009791921664626613,-0.016470466975503584,-0.013449539683232259,-0.01881262354304425,-0.029321339102710064,-0.02313030069390898
2025-05-05 00:00:00+00:00,-0.018541409147095234,0.0048374152847727725,0.0062636135466538345,0.019242792636332107,0.0007625080649891203,0.0015785319652723562
2025-05-06 00:00:00+00:00,0.006297229219143441,0.022170995574119168,-0.0017525642927387342,0.0010905125408942062,0.009201734849372922,0.003940110323088941
2025-05-07 00:00:00+00:00,0.03254067584480613,0.0020290389679165077,-0.003241607044578987,0.00299564270152497,-0.0009872814913758354,0.0047095761381474865
2025-05-08 00:00:00+00:00,0.3478787878787879,0.06421795208723036,0.2188050422116823,0.11634537062177586,0.1520172073014765,0.125
2025-05-09 00:00:00+00:00,0.11241007194244612,-0.002804624371499198,0.06235871323146336,0.050589809072114855,0.03597920976938984,0.04513888888888884
2025-05-10 00:00:00+00:00,0.10751818916734024,0.017845046988020696,0.1015718281990925,0.02957518231276768,0.22079883097905517,0.1342192691029902
2025-05-11 00:00:00+00:00,-0.006569343065693345,-0.006597968715249425,-0.02657912768123627,-0.026420821856203203,-0.07509077125643393,-0.06795547744581154
2025-05-12 00:00:00+00:00,0.0007347538574578039,-0.01274208110028996,-0.007595732073475969,0.005947225590392069,-0.0034511021957637222,-0.009428032683846399
2025-05-13 00:00:00+00:00,0.0602055800293686,0.012767615008738131,0.0738297795605638,0.054700952818275805,0.042292541448422094,0.0374365482233503
2025-05-14 00:00:00+00:00,-0.037396121883656486,-0.005724099004339123,-0.026111034402976574,-0.038693877551020495,-0.03322535094276935,-0.03853211009174329
2025-05-15 00:00:00+00:00,-0.06330935251798564,0.0024721803627976158,-0.02339313494830897,-0.04234601449275355,-0.05752212389380529,-0.057251908396946494
2025-05-16 00:00:00+00:00,-0.03302611367127506,-0.002889353127408567,-0.00453958700351953,-0.010404350910380611,0.007839919777565152,-0.01686909581646434
2025-05-17 00:00:00+00:00,-0.03415409054805396,-0.00325959102643536,-0.024452922999306237,-0.008721624850657195,-0.02957803808059334,-0.026767330130404887
2025-05-18 00:00:00+00:00,0.1389802631578947,0.0322672170578604,0.009171420721754586,0.044353380740026704,0.08607913501421449,0.057827926657263884
2025-05-19 00:00:00+00:00,-0.04187725631768946,-0.008271345834351629,0.012154793456589319,-0.03716099249855742,-0.036860624785444496,-0.026666666666666616
2025-05-20 00:00:00+00:00,-0.008289374529012905,0.012088706907607882,-0.001562413473937263,0.010367973151144572,0.008019603475161396,0.00068493150684934
2025-05-21 00:00:00+00:00,0.037234042553191626,0.02614880918566298,0.010617267321398005,0.029301856575123075,0.03443093922651941,0.014373716632443578
2025-05-22 00:00:00+00:00,0.1355311355311355,0.018717122570968137,0.044621891892951515,0.03544055782861766,0.049307810630661475,0.04858299595141702
2025-05-23 00:00:00+00:00,-0.10903225806451622,-0.03919479452346686,-0.05190594486682032,-0.031556099732858556,-0.08294649401417054,-0.0791505791505791
2025-05-24 00:00:00+00:00,-0.0021723388848660097,0.004133591381898505,0.0015436374431030409,0.010689040859720889,-0.0003996270147862413,0.004891684136967056
2025-05-25 00:00:00+00:00,-0.012336719883889735,0.011528006509906819,0.008227948150489883,-0.0007391823505998874,-0.0009328358208954279,0.006954102920723182
2025-05-26 00:00:00+00:00,0.01763409257898596,0.003950306864350717,0.004891777267346686,-0.004722886081711675,0.00466853408029877,-0.005524861878453136
2025-05-27 00:00:00+00:00,0.0036101083032491488,-0.004538044985511469,0.0378788469789757,0.010291006803498925,8.851124092745799e-05,0.003472222222222321
2025-05-28 00:00:00+00:00,0.006474820143884896,-0.010615103962183348,0.007813410202156534,-0.02546545187029592,-0.02221435525267723,-0.00830449826989621
2025-05-29 00:00:00+00:00,-0.04002859185132235,-0.02033766746104948,-0.01872389618138426,-0.03193775042099767,-0.027561549601737845,-0.03000697836706201
2025-05-30 00:00:00+00:00,-0.1355174981384959,-0.015193425498213675,-0.038021729960211026,-0.06304360866174807,-0.09912970633406248,-0.081294964028777
2025-05-31 00:00:00+00:00,0.003445305770887197,0.005831583409529939,-0.0012957563977973319,0.0016005121638924535,-0.0054760551738389784,0.003132341425215346
2025-06-01 00:00:00+00:00,0.012875536480686733,0.0100490592577549,0.004410496586315205,0.007861936720997331,0.005817879590670705,0.010928961748633892
2025-06-02 00:00:00+00:00,0.0466101694915253,0.0020357254385126033,0.026858747405689165,-0.005390664637239917,0.0074368641222950504,0.01853281853281863
2025-06-03 00:00:00+00:00,-0.007287449392712642,-0.004544767948078454,-0.00538848896030919,-0.010457182936938203,-0.010047675193520234,-0.011372251705837777
2025-06-04 00:00:00+00:00,-0.03588907014681886,-0.00645331248625769,0.005521794120368906,-0.01243636832270123,-0.02584019470767951,-0.017638036809816016
2025-06-05 00:00:00+00:00,-0.09983079526226735,-0.030451534076571196,-0.0742690820959625,-0.05852799164817957,-0.09073995322134809,-0.06323185011709598
2025-06-06 00:00:00+00:00,0.03853383458646609,0.027384456186406947,0.02572068881239087,0.024533924734909007,0.045191464484068966,0.03416666666666668
2025-06-07 00:00:00+00:00,0.040723981900452566,0.012117450409652175,0.019599369976980086,0.015084894811607796,0.03540664503859503,0.025785656728444906
2025-06-08 00:00:00+00:00,0.01565217391304352,0.0017228450581063814,-0.005862245160677126,0.015926962548313828,-0.00502403976014254,-0.01885310290651998
2025-06-09 00:00:00+00:00,0.08304794520547931,0.042834093101556725,0.06785320121283123,0.05713348638898008,0.0582039309371265,0.05044035228182531
2025-06-10 00:00:00+00:00,0.037154150197628466,0.00010311707406529536,0.05084454858532972,0.024571854058079046,0.018471010774756325,0.019054878048780477
2025-06-11 00:00:00+00:00,-0.04801829268292679,-0.014774690660270262,-0.015903280783979512,-0.025133236434108586,-0.028010075566750725,-0.03216155572176527
2025-06-12 00:00:00+00:00,-0.07846277021617298,-0.027367911232460296,-0.04652891279797666,-0.053736721128160525,-0.061366227842852616,-0.05641421947449765
2025-06-13 00:00:00+00:00,-0.025195482189400598,0.003736666372359032,-0.024013774052560888,-0.02442226890756305,-0.003865267807841022,-0.008190008190008258
2025-06-14 00:00:00+00:00,-0.024064171122994527,-0.0061466103511010894,-0.018777213000980897,-0.026648721399730846,-0.01197339246119733,-0.004954582989264988
2025-06-15 00:00:00+00:00,0.01461187214611881,0.0017015663099546607,0.006658078996032879,0.0575912610619469,-0.015204219030520716,-0.0008298755186721962
2025-06-16 00:00:00+00:00,-0.046804680468046866,0.011369205507016922,-0.0013502851692370754,-0.014708766424789133,-0.016008659488406463,-0.014950166112956853
2025-06-17 00:00:00+00:00,-0.04343720491029279,-0.02100631933114927,-0.013450359056195293,-0.020899681528662506,-0.019453450671607198,-0.021079258010118007
2025-06-18 00:00:00+00:00,0.021717670286278246,0.0032100071190022117,0.005996135381183043,-0.00833502744460246,0.007794048181388735,0.006890611541774172
2025-06-19 00:00:00+00:00,-0.005797101449275255,-0.002175583996381625,-0.0015366336633664268,0.00478338116714494,0.0014061401453011602,-0.008554319931565413
2025-06-20 00:00:00+00:00,-0.0437317784256559,-0.013000366238452021,-0.0454678872881894,-0.047130032644178366,-0.050198923472969725,-0.025021570319240793
2025-06-21 00:00:00+00:00,-0.056910569105691144,-0.011403706887229914,-0.04602553927088826,-0.03340232674327315,-0.048416902796599715,-0.03539823008849552
2025-06-22 00:00:00+00:00,-0.04418103448275856,-0.01132138549535977,-0.02963327569008556,-0.027468064682862003,-0.02064992232004137,-0.02752293577981657
2025-06-23 00:00:00+00:00,0.1161217587373169,0.043283404251441615,0.08257844413520665,0.09718320552729476,0.08242448278141312,0.09150943396226396
2025-06-24 00:00:00+00:00,0.016161616161616266,0.007111383767794521,0.015255052536427227,0.00975711023458592,0.011907669760625295,0.012100259291270454
2025-06-25 00:00:00+00:00,-0.05964214711729632,0.01185467982617383,-0.012236312769303037,-0.016104714912280715,-0.006758795486090263,-0.0076857386848846465
2025-06-26 00:00:00+00:00,-0.031712473572938604,-0.0036660878858676416,-0.0010461072818161998,-0.03141324789301381,-0.027826720942949024,-0.03528399311531849
2025-06-27 00:00:00+00:00,0.0021834061135370675,0.0009399977895605538,0.0029843209324658115,0.02178915576010354,0.006437097681394777,0.01070472792149868
2025-06-28 00:00:00+00:00,0.04030501089324612,0.002327936574751499,0.005137897877573572,0.06073615314237446,0.016082960755091857,0.01941747572815533
2025-06-29 00:00:00+00:00,0.08900523560209428,0.009880444699230884,0.026469646332350827,0.0172505307855626,0.03550693638085933,0.02770562770562779
2025-06-30 00:00:00+00:00,-0.0625,-0.011170766835125301,-0.005847789479578869,0.009718236368379873,-0.025141643059490182,-0.03791069924178592
2025-07-01 00:00:00+00:00,-0.050256410256410255,-0.013676228341569674,-0.03237214691788659,-0.05122408113170984,-0.04479961254389142,-0.020140105078809256
2025-07-02 00:00:00+00:00,0.08639308855291583,0.02998131927797143,0.06877310281454108,0.036696623093682046,0.06914691342375456,0.054512957998212874
2025-07-03 00:00:00+00:00,0.005964214711729587,0.006754090047184302,0.00810765597706209,0.0005910553621855108,0.01968107178848766,0.007627118644067732
2025-07-04 00:00:00+00:00,-0.046442687747035416,-0.014605495398174795,-0.03211191509889055,-0.030585455500131475,-0.0530783094006162,-0.0386879730866273
2025-07-05 00:00:00+00:00,0.004145077720207224,0.001980659399927198,0.0033372673482081616,-0.0010155721056193112,0.008165520628683698,0.0034995625546805353
2025-07-06 00:00:00+00:00,0.034055727554179516,0.009295170747883663,0.02143529869933758,0.02921043713995264,0.047195664088667044,0.03051438535309514
2025-07-07 00:00:00+00:00,-0.011976047904191711,-0.00861599738617247,-0.01091680121384242,-0.019623337284340958,-0.023493835775761696,-0.0160744500846024
2025-07-08 00:00:00+00:00,0.02929292929292937,0.006096638424931022,0.028698535572259765,0.018739924771628003,0.0179847546450691,0.018916595012897552
2025-07-09 00:00:00+00:00,0.08439646712463178,0.02121691859697572,0.058690373769238136,0.03547174787367324,0.056101556101556094,0.04556962025316458
2025-07-10 00:00:00+00:00,0.12307692307692308,0.04293660597808269,0.06593251804069733,0.04641833810888252,0.08054063036614423,0.07667473769168676
2025-07-11 00:00:00+00:00,-0.0040290088638195165,0.013082148090681978,0.0023481257348481055,-0.00857977364001461,0.03055313477213306,-0.0029985007496251548
2025-07-12 00:00:00+00:00,-0.009708737864077666,-0.000916039679510372,-0.005050334322666883,-0.013748235438531986,-0.01795751877829166,-0.007518796992481147
2025-07-13 00:00:00+00:00,0.004901960784313708,0.014193834099812674,0.009768013916446883,0.0028626548011700947,0.005723837503798901,0.007575757575757569
2025-07-14 00:00:00+00:00,-0.005691056910569148,0.006336059191862198,0.013993802215993778,0.006577722618678283,-0.0053387056157139234,-0.003759398496240518
2025-07-15 00:00:00+00:00,0.05151267375306623,-0.01738208852749945,0.04123612134243859,0.010911781024597556,0.008608030786368959,0.037735849056603765
2025-07-16 00:00:00+00:00,0.05287713841368591,0.007407898684498093,0.07440031358651833,0.058848640078058345,0.06782468999447766,0.04436363636363638
2025-07-17 00:00:00+00:00,-0.012555391432791718,0.004612054428193568,0.03129903451139748,0.01290099637159492,0.026140103432064077,0.0076601671309193264
2025-07-18 00:00:00+00:00,-0.02916978309648477,-0.010511374792368633,0.020147431454152764,0.00801728549496783,0.08036286997159348,0.014512785072563927
2025-07-19 00:00:00+00:00,0.033898305084745894,-0.0007194412983727583,0.012712437833387824,-0.0018050541516244634,0.02387616624257838,0.014986376021798309
2025-07-20 00:00:00+00:00,0.04470938897168408,-0.004878479293957905,0.04584619753285768,0.025259945750452095,0.13386903036076703,0.04093959731543628
2025-07-21 00:00:00+00:00,0.004992867332382467,0.00098273041463659,0.0015013216421901898,0.07876315934520206,-0.008511415525114141,-0.0025789813023855412
2025-07-22 00:00:00+00:00,0.004968062455642297,0.02192922223104432,-0.004284578971009978,0.05099121193541789,-0.0018053201680052755,-0.0006464124111181802
2025-07-23 00:00:00+00:00,-0.10098870056497178,-0.009990711471907332,-0.03147714623579567,-0.07924161400097218,-0.11109880781013548,-0.10349288486416564
2025-07-24 00:00:00+00:00,-0.02670856245090336,-0.0034945605691132364,0.0216768780885761,-0.03447729672650479,-0.03591745214466635,-0.018037518037517963
2025-07-25 00:00:00+00:00,0.012913640032284013,-0.0061405604262733116,0.004861152325098317,0.021271941816590978,0.019596864501679745,0.03526818515797214
2025-07-26 00:00:00+00:00,-0.01195219123505975,0.0025990034716014687,0.004332932434173653,-0.010066395373741654,-0.0054914881933003645,-0.008516678495386842
2025-07-27 00:00:00+00:00,0.031451612903225845,0.01268283689644134,0.03501643901526297,0.020337516226741625,0.022427048379560777,0.013600572655690701
2025-07-28 00:00:00+00:00,-0.06958561376075056,-0.011332108758030257,-0.01887864466310274,-0.02931509754028827,-0.06048772381704137,-0.05649717514124286
2025-07-29 00:00:00+00:00,-0.031932773109243695,-0.0009449246804570377,-0.001371413529876242,-0.008901753044618155,-0.009860711916869214,-0.017215568862275488
2025-07-30 00:00:00+00:00,-0.015625,-0.000936492482117024,0.004272772082798415,-0.020443024024685785,-0.017550911039657113,-0.020563594821020548
2025-07-31 00:00:00+00:00,-0.04938271604938271,-0.017618930026484958,-0.029293963254593214,-0.031220115880069788,-0.04659302695577061,-0.0326594090202178
2025-08-01 00:00:00+00:00,-0.036178107606679055,-0.021303240176054672,-0.056832838072783054,-0.055220067355707725,-0.041813674072661344,-0.030546623794212246
2025-08-02 00:00:00+00:00,-0.025024061597690217,-0.00663366047376146,-0.027022533111633495,-0.025997172884272723,-0.049708911777877285,-0.01990049751243772
2025-08-03 00:00:00+00:00,0.031589338598223105,0.014771247579330682,0.0302892803054855,0.02202170620898536,0.04073724997381922,0.0321489001692048
2025-08-04 00:00:00+00:00,0.02966507177033506,0.00740949909288946,0.06413116216819104,0.04679878989936426,0.05851277923123366,0.02622950819672143
2025-08-05 00:00:00+00:00,-0.052044609665427455,-0.008042064740672372,-0.029290592019865613,-0.03220289000294907,-0.05028756119587441,-0.03514376996805124
2025-08-06 00:00:00+00:00,0.03529411764705892,0.007557363439418818,0.019742524916943616,0.024376866353830184,0.027175817026174887,0.021523178807947074
2025-08-07 00:00:00+00:00,0.05208333333333326,0.021564406024856986,0.06162934968818812,0.04325063953834252,0.08302475151042676,0.04294975688816849
2025-08-08 00:00:00+00:00,0.06300630063006296,-0.006786893320374743,0.025366275308095876,0.00809762773722622,0.03648551376642084,0.030303030303030276
2025-08-09 00:00:00+00:00,0.04995766299745963,-0.0018212168289383213,0.0626312507793989,0.017931892748048295,0.04149485654759322,0.03469079939668185
2025-08-10 00:00:00+00:00,-0.02661290322580645,0.024314831629991707,-0.0023588116283546068,0.01505973881633782,-0.02542196290893939,-0.01093294460641403
2025-08-11 00:00:00+00:00,-0.06959403479701742,-0.005096735368355865,-0.006434431146881359,-0.042811781451877806,-0.05037417147744283,-0.04716285924834196
2025-08-12 00:00:00+00:00,0.08103294746215517,0.012200933555769122,0.08697155251206423,0.09688858384808974,0.06191741342819834,0.0471771075019336
2025-08-13 00:00:00+00:00,0.00906095551894559,0.02640674486373884,0.03458867404999855,0.050735217436645996,0.03816470189127297,0.028064992614475592
2025-08-14 00:00:00+00:00,-0.09795918367346945,-0.0406413517932519,-0.042629440128018836,-0.044861297206094,-0.085777305775672,-0.07471264367816088
2025-08-15 00:00:00+00:00,-0.021719457013574583,-0.008056462867562786,-0.023614202391111117,-0.03507040058190891,0.022518094897685748,-0.0007763975155279379
2025-08-16 00:00:00+00:00,0.02590194264569856,0.00032903805583761603,-0.0039374069427207115,0.020891664871850013,0.010006117276937898,0.00932400932400923
2025-08-17 00:00:00+00:00,0.0027051397655544207,0.0002074447357851561,0.011384014889224137,0.007331223628691985,0.014752325329872251,0.002309468822170979
2025-08-18 00:00:00+00:00,-0.039568345323741094,-0.010033302667407429,-0.03562796126403911,-0.0421488036022829,-0.05090381991814452,-0.02457757296466978
2025-08-19 00:00:00+00:00,-0.04400749063670406,-0.028858256318128994,-0.05504302119875071,-0.03673335519842569,-0.05924894438954276,-0.048031496062992174
2025-08-20 00:00:00+00:00,0.04407443682664036,0.012388265956393196,0.06393430153670998,0.06650777437294297,0.058539846249343386,0.04052936311000832
2025-08-21 00:00:00+00:00,-0.023452157598498946,-0.01550031311465605,-0.025566399763846226,-0.04070448015324046,-0.03139519148360326,-0.015898251192368873
2025-08-22 00:00:00+00:00,0.11239193083573484,0.03943102222222228,0.14360400444938803,0.11315103444450614,0.12019745727192288,0.08077544426494354
2025-08-23 00:00:00+00:00,-0.02849740932642475,-0.012809914210329953,-0.011107041081772406,0.017190692112212913,-0.017585432776253462,-0.008968609865470878
2025-08-24 00:00:00+00:00,-0.03733333333333344,-0.01684418612407268,0.000366231374518744,0.009013422161261886,-0.01900046549024581,-0.022624434389140302
2025-08-25 00:00:00+00:00,-0.09879963065558628,-0.029795603434519924,-0.0845099003169355,-0.09117390037867756,-0.09563454404279181,-0.07098765432098764
2025-08-26 00:00:00+00:00,0.0338114754098362,0.01499600679235824,0.05128902376044864,0.04626068376068382,0.041688528499880695,0.04235880398671088
2025-08-27 00:00:00+00:00,-0.005946481665014769,-0.004484570147495814,-0.020414595392370227,0.036199326049218605,0.0024268510462932547,-0.003984063745019917
2025-08-28 00:00:00+00:00,0.017946161515453696,0.011728082208833035,0.0009985111089907406,0.05656565656565671,0.024894938790425813,0.014399999999999968
2025-08-29 00:00:00+00:00,-0.04309500489715978,-0.03721786777462999,-0.033478822754870574,-0.043603973324628065,-0.046619423274056326,-0.03785488958990535
2025-08-30 00:00:00+00:00,0.007164790174002178,0.004050014117334522,0.003100789416950578,-0.01160522722839874,0.009536721050909414,0.011475409836065653
2025-08-31 00:00:00+00:00,-0.019308943089430874,-0.005238000583184466,0.004145231725998677,-0.010261470152935326,-0.010372771474878362,-0.012965964343598091
2025-09-01 00:00:00+00:00,-0.01865284974093262,0.009155689776144893,-0.017607694286891795,-0.01644900807496763,-0.013944129895653079,-0.005747126436781658
2025-09-02 00:00:00+00:00,0.0337909186906018,0.018332454208457083,0.002781318808668498,0.06248733022501529,0.019740900678593354,0.02725020644095788
2025-09-03 00:00:00+00:00,0.009193054136874546,0.004186443348935365,0.028651334797180184,0.005342237061769728,0.025175671273674816,0.003215434083601476
2025-09-04 00:00:00+00:00,-0.044534412955465674,-0.008726859173089796,-0.03435824611388483,-0.040091094558049156,-0.03581479800272358,-0.028846153846153966
2025-09-05 00:00:00+00:00,0.03283898305084754,-0.0006401105671796081,0.002303638119393492,0.0051403716884144135,0.025752083235252687,0.02310231023102327
2025-09-06 00:00:00+00:00,-0.012307692307692353,-0.004265498307021387,-0.00796526947497933,-0.015735641227380137,-0.008858087020378158,-0.010483870967741948
2025-09-07 00:00:00+00:00,0.025960539979231756,0.008615913334277803,0.007734359276784675,0.030925259792166315,0.05936559388747398,0.017114914425427896
2025-09-08 00:00:00+00:00,0.04251012145748989,0.008349039125823854,4.180029213762815e-05,0.03760600920765689,0.05625737640424888,0.03125
2025-09-09 00:00:00+00:00,0.001941747572815622,-0.0046298035528057335,0.0008638365955551119,0.014478539068703,-0.004179771560999801,0.0015540015540016494
2025-09-10 00:00:00+00:00,0.02034883720930236,0.02163772399985331,0.00910189810421591,0.031582339671285764,0.01965673440551874,0.012412723041117069
2025-09-11 00:00:00+00:00,0.015194681861348425,0.013361618111618068,0.025176349406343945,0.020797072343464063,0.043487120965112425,0.015325670498084198
2025-09-12 00:00:00+00:00,0.07857811038353613,0.004734302604139096,0.05681772307471489,0.05880295544965697,0.07604577588563854,0.04981132075471706
2025-09-13 00:00:00+00:00,0.03295750216825666,-0.0009577743299932218,-0.009683457268004458,0.0008258320257659157,0.050381125226860224,0.027318475916606744
2025-09-14 00:00:00+00:00,-0.031066330814441656,-0.005609813602322822,-0.013294675058341032,-0.010809472728772973,-0.039463680973115034,-0.04268719384184749
2025-09-15 00:00:00+00:00,-0.0658578856152513,0.000708782948538822,-0.01753722996466489,-0.022731064397730982,-0.034717225500071947,-0.04532163742690054
2025-09-16 00:00:00+00:00,0.026901669758812696,0.012477274541912609,-0.004962707847931069,0.011309803252101958,0.0061123327494316815,0.007656967840734996
2025-09-17 00:00:00+00:00,0.030713640469737902,-0.0029229646363835293,0.01982542782180219,0.033254557731262624,0.04671235413965524,0.02583586626139822
2025-09-18 00:00:00+00:00,0.0035056967572306696,0.005375293726559649,-0.000625200140288773,0.01086423786962909,-0.01412089467723665,-0.008148148148148016
2025-09-19 00:00:00+00:00,-0.06026200873362442,-0.01230978514101344,-0.025954408129634676,-0.03624242424242419,-0.047743834583767075,-0.03883495145631066
2025-09-20 00:00:00+00:00,-0.0037174721189591198,0.0004605111474831336,0.002647367514137633,0.003982727539512787,0.008745806159761615,0.004662004662004726
2025-09-21 00:00:00+00:00,-0.028917910447761264,-0.003918723526854739,-0.00791220465938458,-0.013863370636378769,-0.025598863933629645,-0.014694508894044889
2025-09-22 00:00:00+00:00,-0.07204610951008639,-0.022400839209218093,-0.05531870856271248,-0.06681910569105687,-0.07486384904502585,-0.04788069073783352
2025-09-23 00:00:00+00:00,-0.009316770186335477,-0.005789474198140687,-0.008292292597426032,-0.032126327252926745,-0.017121300058038247,-0.002473206924979543
2025-09-24 00:00:00+00:00,0.007314524555903867,0.011680482290881589,-0.0027495881621224516,-0.007969995311767564,0.016786874182799894,0.0033057851239670644
2025-09-25 00:00:00+00:00,-0.0591286307053942,-0.03806040226993912,-0.06705098475490101,-0.08913043478260863,-0.07528933504791135,-0.041186161449752956
2025-09-26 00:00:00+00:00,0.03307607497243659,0.0059541541962351285,0.040749956121785225,0.06449102417764863,0.04270590346312586,0.02319587628865971
2025-09-27 00:00:00+00:00,-0.014941302027748127,-6.940678449951498e-05,-0.003437295399083329,-0.008334551835063486,-0.007184649802099541,-0.009235936188077165
2025-09-28 00:00:00+00:00,0.021668472372697645,0.02305906325348861,0.030803458109984527,0.03622333628231589,0.02851323828920571,0.01864406779661021
2025-09-29 00:00:00+00:00,-0.0042417815482502785,0.01915062727373651,0.017601927496764924,0.009106863349618077,-0.010827891299768355,-0.004159733777038266
2025-09-30 00:00:00+00:00,-0.008519701810436597,-0.002300984079006363,-0.016588099367270348,-0.019130434782608674,-0.007879717182042723,-0.01253132832080206
2025-10-01 00:00:00+00:00,0.04940923737916214,0.03986061070454605,0.04894394653993217,0.06402146827678745,0.06924827201305117,0.048223350253806974
2025-10-02 00:00:00+00:00,0.045035823950870135,0.01631063841735636,0.03135212958512268,0.05719690145919665,0.051955352123986165,0.01937046004842613
2025-10-03 00:00:00+00:00,-0.009794319294809117,0.014126434764644369,0.006359896083044214,-0.008094061514867579,-0.014541984732824531,0.002375296912114022
2025-10-04 00:00:00+00:00,-0.034619188921859556,0.0013008050265068682,-0.005699255684298521,-0.02138807764988826,-0.02846740772299461,-0.02290679304897314
2025-10-05 00:00:00+00:00,0.004098360655737654,0.008916587003946264,0.006055068361877858,0.003072061792328551,0.007973210014351695,0.006467259498787348
2025-10-06 00:00:00+00:00,0.04081632653061229,0.009525493975614863,0.037589271473887687,0.01658207910395526,0.05216737857933862,0.03212851405622508
2025-10-07 00:00:00+00:00,-0.07254901960784332,-0.02667759465175834,-0.05045036197617003,-0.053281687109963394,-0.07220990113896919,-0.051361867704280195
2025-10-08 00:00:00+00:00,0.010570824524313016,0.016261452474369165,0.01754165074083236,0.041141973905532536,0.03573454339194537,0.011484823625922846
2025-10-09 00:00:00+00:00,-0.03242677824267792,-0.013329440578722873,-0.034829817134069296,-0.035324425814339366,-0.02796901893287429,-0.025952960259529645
2025-10-10 00:00:00+00:00,-0.27459459459459457,-0.07305379476321361,-0.12325066562273224,-0.1471054180057032,-0.22133687472332886,-0.18900915903413829
2025-10-11 00:00:00+00:00,0.0014903129657228842,-0.01888813517240162,-0.02165432459814287,-0.05736878416388047,-0.042482815649387606,0.021560574948665368
2025-10-12 00:00:00+00:00,0.11458333333333326,0.03899338782622541,0.10822597476773455,0.1091093345343992,0.11820586171533431,0.07437185929648238
2025-10-13 00:00:00+00:00,0.04672897196261672,0.0018023848543999854,0.021327990097030902,0.059340101522842525,0.03200270309407727,0.039289055191768174
2025-10-14 00:00:00+00:00,-0.04081632653061218,-0.018563291249153346,-0.02731292075881009,-0.029948727778044026,-0.044106641721234796,-0.03330333033303334
2025-10-15 00:00:00+00:00,-0.04521276595744683,-0.020038018850880857,-0.03379619977600112,-0.04248172297964825,-0.039927582326173106,-0.03910614525139677
2025-10-16 00:00:00+00:00,-0.04178272980501385,-0.023193607123227156,-0.022857228880899028,-0.046378456458935235,-0.03929463330105498,-0.030038759689922312
2025-10-17 00:00:00+00:00,-0.033430232558139594,-0.016291064555353674,-0.016161211551645738,-0.01563429807952388,-0.020159151193633984,-0.025974025974026094
2025-10-18 00:00:00+00:00,0.015037593984962294,0.007078061719969053,0.015043441722322637,0.030775994724115074,0.026637791012452672,0.016410256410256396
2025-10-19 00:00:00+00:00,0.03555555555555556,0.01360050253295686,0.024007446242295893,0.0015994881637877434,0.030218331399641363,0.016145307769929396
2025-10-20 00:00:00+00:00,0.022889842632331847,0.017390110967337113,-0.0008436742011460607,0.00984775896944523,0.023803429741489746,0.011916583912611856
2025-10-21 00:00:00+00:00,-0.032167832167832255,-0.0202151248565009,-0.02668110835791926,-0.0215065099362185,-0.028650000000000064,-0.013738959764475034
2025-10-22 00:00:00+00:00,-0.030346820809248554,-0.006742804346575482,-0.017433289009953445,-0.029682702149437024,-0.022340042209296418,-0.018905472636815857
2025-10-23 00:00:00+00:00,0.03576751117734722,0.02334107793213258,0.013472499231381718,0.06234732400621801,0.02632548833780879,0.024340770791074995
2025-10-24 00:00:00+00:00,0.03309352517985609,0.008418652997351561,0.020244762497407143,0.011706297360857043,0.01446673164725798,0.013861386138613874
2025-10-25 00:00:00+00:00,-0.00417827298050133,0.005777943656356088,0.004813361525637383,0.001291389018027722,-0.006219974715550025,-0.00390625
2025-10-26 00:00:00+00:00,0.023776223776223793,0.026092497313165763,0.051757540808635705,0.03193355344614113,0.04706900061062491,0.03529411764705892
2025-10-27 00:00:00+00:00,-0.025956284153005438,-0.0039433691168074825,-0.009212545028688623,-0.006649002649602664,-0.02619429460076783,-0.016098484848484862
2025-10-28 00:00:00+00:00,-0.01963534361851338,-0.010597010805147522,-0.03420991954176422,-0.022898842476094527,-0.03373590178660557,-0.02598652550529368
2025-10-29 00:00:00+00:00,0.005722460658083017,-0.02548449513700146,-0.01915209087253722,-0.0013906773113572246,-0.006455944633818711,0.0039525691699604515
2025-10-30 00:00:00+00:00,-0.08392603129445231,-0.015437103127948992,-0.025083333546844777,-0.04740045388900349,-0.05037167957581745,-0.042322834645669216
2025-10-31 00:00:00+00:00,0.020186335403726607,0.011863883235009975,0.011274371959664409,0.013644485353836222,0.02058243923801184,0.0308324768756425
2025-11-01 00:00:00+00:00,0.0182648401826484,0.004471297307560018,0.006699601610191452,-0.004593771700229787,0.004934563398412362,0.016949152542372836
2025-11-02 00:00:00+00:00,0.001494768310911887,0.004019869552698729,0.008469785247962491,0.007298094982559844,-0.005230572160546565,-0.002941176470588336
2025-11-03 00:00:00+00:00,-0.14626865671641787,-0.03580256607793619,-0.0774974530151693,-0.11533748867934579,-0.10178130700718957,-0.09636184857423791
2025-11-04 00:00:00+00:00,-0.020979020979021046,-0.04771697260652341,-0.08790092762422197,-0.06642177526195348,-0.030941998685861005,-0.03699673558215455
2025-11-05 00:00:00+00:00,0.028571428571428692,0.023527146851904046,0.04175172266926275,0.047345675030639356,0.030573876594957694,0.03502824858757059
2025-11-06 00:00:00+00:00,-0.03819444444444442,-0.024441604556416086,-0.031875220848701535,-0.04366570179220297,-0.03319576529696755,-0.015283842794759916
2025-11-07 00:00:00+00:00,0.11913357400722013,0.01966569192047385,0.03647206452819507,0.04192426584234932,0.10597624350408319,0.11086474501108645
2025-11-08 00:00:00+00:00,-0.01774193548387093,-0.009929834869828569,-0.010052240217691799,-0.023301810989554195,-0.015215080830116912,-0.004990019960079972
2025-11-09 00:00:00+00:00,-0.0049261083743843415,0.023555378234659363,0.05349094960767409,0.04119731679534233,0.018460664583924924,0.0020060180541625616
2025-11-10 00:00:00+00:00,0.024752475247524774,0.012300740926345144,-0.004356125085810958,0.016896614599161364,0.013887339654210962,0.01501501501501501
2025-11-11 00:00:00+00:00,-0.06119162640901765,-0.027847453375886122,-0.04206735148618912,-0.07578746040284501,-0.053523296110897234,-0.050295857988165715
2025-11-12 00:00:00+00:00,-0.018867924528301883,-0.013629281637633106,-0.0008309536070408852,-0.007825130957770265,-0.01092642101592467,-0.013499480789200269
2025-11-13 00:00:00+00:00,-0.0524475524475525,-0.0193041381300183,-0.05369964742951516,-0.056641898057619544,-0.03725467152426831,-0.020000000000000018
2025-11-14 00:00:00+00:00,-0.09594095940959413,-0.05113769386957956,-0.036867871046002754,-0.04014371588475096,-0.03778076171875,-0.03437164339419985
2025-11-15 00:00:00+00:00,0.01836734693877551,0.010595175169672455,0.017825472304330958,0.004966887417218624,0.03495084046939412,0.005561735261401468
2025-11-16 00:00:00+00:00,-0.024048096192384683,-0.013962892264381965,-0.022914378069876395,-0.017477258076069258,-0.028131895072321722,-0.015486725663716894
2025-11-17 00:00:00+00:00,-0.03285420944558526,-0.02170877083991085,-0.020628115620830334,-0.04505358314500241,-0.04054991486409787,-0.03483146067415721
2025-11-18 00:00:00+00:00,0.03397027600849256,0.0080864161785148,0.0304211859710235,0.07405145430948923,0.06303404758774822,0.03259604190919663
2025-11-19 00:00:00+00:00,-0.022587268993839782,-0.015123251373723723,-0.03143107764609454,-0.025801407349491767,-0.04408582204909428,-0.03494926719278468
2025-11-20 00:00:00+00:00,-0.06302521008403372,-0.05371341978632305,-0.06321641524650645,-0.02473369327301922,-0.03673997412677876,-0.03504672897196248
2025-11-21 00:00:00+00:00,-0.07399103139013441,-0.01740360350856096,-0.02412303914304459,-0.03733073988179836,-0.05795057749127053,-0.049636803874092195
2025-11-22 00:00:00+00:00,-0.002421307506053294,-0.00457761786963673,0.001543829202595992,-0.008470624805719695,-0.00014256183619643092,-0.006369426751592244
2025-11-23 00:00:00+00:00,0.012135922330096971,0.02466682102163631,0.011566285937071319,0.023434438435614213,0.033720681542738884,0.0064102564102563875
2025-11-24 00:00:00+00:00,0.09352517985611519,0.01692974778302414,0.05396551231906832,0.060192985143207034,0.04696551724137943,0.06242038216560508
2025-11-25 00:00:00+00:00,0.002192982456140413,-0.010532841389259029,0.0020247987052124383,0.0037561398439758253,0.007904617614122866,0.05395683453237421
2025-11-26 00:00:00+00:00,0.02844638949671774,0.035642227603171595,0.02270761245674735,0.029217040875072042,0.011306450558786985,-0.021615472127417545
2025-11-27 00:00:00+00:00,0.004255319148936065,0.009393150304329856,-0.003743524000845766,-0.015172703118445097,-0.013571151609150789,0.018604651162790642
2025-11-28 00:00:00+00:00,-0.016949152542372947,-0.004853069422706469,0.00527986256438151,-0.024991125310613982,-0.016181865828092223,-0.013698630136986356
2025-11-29 00:00:00+00:00,-0.015086206896551602,-0.000971056444718732,-0.013852828134536477,-0.010340056797495167,-0.011986415395884631,-0.01273148148148151
2025-11-30 00:00:00+00:00,-0.006564551422319598,-0.004872556288134988,0.0007025385058010425,-0.01787947906702969,-0.01604097863449483,-0.01875732708089095
2025-12-01 00:00:00+00:00,-0.10792951541850215,-0.0450862107127048,-0.06425051650475055,-0.05109379682349413,-0.07205973011850131,-0.04778972520907998
2025-12-02 00:00:00+00:00,0.125925925925926,0.05785259974357393,0.07038051924389177,0.09489973156481923,0.07603159371078472,0.06148055207026348
2025-12-03 00:00:00+00:00,0.054824561403508554,0.023577125147954625,0.0641807434405739,0.04319296221517144,0.04040611922892223,0.06028368794326244
2025-12-04 00:00:00+00:00,-0.008316008316008205,-0.014469557138797606,-0.017281611863152135,-0.03912352249948159,-0.028155083739944575,-0.030100334448160626
2025-12-05 00:00:00+00:00,-0.07966457023060791,-0.029844460232980596,-0.035579556117270816,-0.04114811884037117,-0.05312436393242426,-0.04597701149425282
2025-12-06 00:00:00+00:00,0.02961275626423676,-0.0010438817669845557,0.005387553031656722,-0.008252682121689503,0.0013614216107769028,0.01566265060240979
2025-12-07 00:00:00+00:00,-0.022123893805309658,0.01298253780755676,0.007172340243444708,0.0003782434374763888,-0.007728085867620971,-0.01067615658362997
2025-12-08 00:00:00+00:00,0.07466063348416285,0.0026442743544992098,0.021017370132522917,0.00763762855414396,0.028268551236749095,0.028776978417266008
2025-12-09 00:00:00+00:00,0.040000000000000036,0.022557233825501566,0.062058281266004434,0.034746716697936275,0.037730556139981664,0.0174825174825175
2025-12-10 00:00:00+00:00,-0.05870445344129549,-0.007158379262571457,0.0018384347385804745,-0.011749347258485643,-0.03142528890991414,-0.021764032073310458
2025-12-11 00:00:00+00:00,-0.010752688172043112,0.005412247975528528,-0.02609697545831402,0.0011008366358433719,-0.020862405805191164,-0.004683840749414525
2025-12-12 00:00:00+00:00,-0.05869565217391304,-0.02426632774632176,-0.047115114335931074,-0.030349681108423066,-0.02429986460486011,-0.025882352941176467
2025-12-13 00:00:00+00:00,0.011547344110854674,-0.00031472800786813693,0.009653598542559427,0.006577455205261762,0.015556529360210458,0.008454106280193052
2025-12-14 00:00:00+00:00,-0.047945205479452135,-0.022914891077693733,-0.01641923304137871,-0.028090731560762916,-0.03574253865516008,-0.033532934131736414
2025-12-15 00:00:00+00:00,-0.023980815347721784,-0.019735138649757622,-0.03220173004733151,-0.012287480680061802,-0.0322941527446301,-0.02106567534076831
2025-12-16 00:00:00+00:00,0.0073710073710073765,0.016560286412174774,-0.0008600772383087207,0.010484312651592331,0.015722543352601148,-0.005063291139240644
2025-12-17 00:00:00+00:00,-0.046341463414634076,-0.018439983328670806,-0.043483104344597234,-0.04552845528455296,-0.0414295470066014,-0.041984732824427384
2025-12-18 00:00:00+00:00,-0.04859335038363166,-0.008427445079160933,-0.0017363745769349848,-0.029772045104242695,-0.033721206364283995,-0.06640106241699872
2025-12-19 00:00:00+00:00,0.10483870967741926,0.03064359226492308,0.05335911785814029,0.05576923076923079,0.08314901286147292,0.06970128022759603
2025-12-20 00:00:00+00:00,-0.007299270072992581,0.002541045786250251,-0.0005269340493372354,-0.0036429872495445936,-0.0021176826501285717,-0.01196808510638303
2025-12-21 00:00:00+00:00,-0.014705882352941235,0.003372079732098854,0.00808951184211848,0.001748668627295169,-0.006214946187661163,-0.020188425302826385
2025-12-22 00:00:00+00:00,0.0,-0.00042939870871350205,0.0024883245281510646,-0.0007934618741568533,0.011134838316046558,-0.01098901098901095
2025-12-23 00:00:00+00:00,-0.01990049751243761,-0.012805008847246668,-0.0147765900534641,-0.01524656555229098,-0.024890632071202234,-0.011111111111111072
2025-12-24 00:00:00+00:00,0.0101522842639592,0.002096906933680698,-0.005919015723334087,-0.011934521409563748,-0.005569306930693019,0.012640449438202195
2025-12-25 00:00:00+00:00,-0.02010050251256279,-0.00506653115766087,-0.014765205413456273,-0.020158328572594475,-0.03819228375855643,-0.020804438280166315
2025-12-26 00:00:00+00:00,0.03333333333333344,0.0016542224518192317,0.008278379448682038,0.018324171247709575,-0.012454508693894084,0.008498583569404916
2025-12-27 00:00:00+00:00,0.03970223325062028,0.005808086935541468,0.007192647515872785,0.020202846392933127,0.018344115961018703,0.03651685393258419
2025-12-28 00:00:00+00:00,-0.004773269689737458,0.0008614312207482211,0.0006307115850865408,0.004329351399021908,-0.003377563329312494,0.0027100271002711285
2025-12-29 00:00:00+00:00,-0.021582733812949617,-0.008135963064696994,-0.004408809485887288,-0.0158856869162608,-0.008472524812394022,-0.02837837837837842
2025-12-30 00:00:00+00:00,0.014705882352941346,0.014309961824741313,0.01218217093842533,0.014033095392602224,0.00390625,-0.012517385257301838
2025-12-31 00:00:00+00:00,-0.02657004830917864,-0.009462229344042727,-0.0006893791888193945,-0.0028797696184305055,-0.04774643320363159,-0.026760563380281654
2026-01-01 00:00:00+00:00,0.22084367245657566,0.013586356916318376,0.01095354753604072,0.018050541516245522,0.07967991827700693,0.07959479015918958
2026-01-02 00:00:00+00:00,0.22154471544715437,0.013013310364452524,0.04036362546976058,0.042474389282899816,0.11866277694551775,0.0884718498659518
2026-01-03 00:00:00+00:00,0.014975041597337757,0.007032380529924165,0.0005311235182134943,0.008163882379620624,0.008951226388497213,-0.003694581280788145
2026-01-04 00:00:00+00:00,0.17704918032786887,0.00994968332637991,0.0056250019986503474,0.005623453550273716,0.044568634299685606,0.1186650185414091
2026-01-05 00:00:00+00:00,-0.02506963788300831,0.025455991184503812,0.025531847235030325,0.028183716075156573,0.01457901424463337,0.024309392265193353
2026-01-06 00:00:00+00:00,-0.04142857142857137,-0.0011905001624232803,0.022279138850042957,0.0230601885424222,-0.007646167029200623,-0.015102481121898492
2026-01-07 00:00:00+00:00,-0.02235469448584204,-0.02542785726453589,-0.03886145521165729,-0.03324354975900212,-0.027432746595815294,-0.03723986856516981
2026-01-08 00:00:00+00:00,-0.07317073170731703,-0.0028913963637382523,-0.01958835113231827,0.014517193342620471,-0.030596912990028535,-0.004550625711035372
2026-01-09 00:00:00+00:00,0.006578947368421018,-0.0050352365571061375,-0.005874495034844607,-0.017344800173448083,-0.008665633366211178,-0.009142857142857008
2026-01-10 00:00:00+00:00,-0.02941176470588236,-0.0015068189681346489,-0.0005439709882140153,-0.0009560932558652091,-0.007533224362163304,-0.0023068050749711633
2026-01-11 00:00:00+00:00,-0.023569023569023462,0.005623464858730998,0.011899362430022764,0.028415783274440498,-0.011743644826351596,-0.021965317919075078
2026-01-12 00:00:00+00:00,-0.010344827586206917,0.003104479383037706,-0.008868398725767945,-0.0034359341445955316,-0.010071733932323745,-0.009456264775413836
2026-01-13 00:00:00+00:00,0.14459930313588854,0.04510373925749378,0.07431801663571025,0.04518029018819125,0.08534621578099832,0.07279236276849654
2026-01-14 00:00:00+00:00,-0.05022831050228305,0.01611692204498283,0.008749721873101857,0.008109408288090147,-0.007418397626112738,-0.028921023359288145
2026-01-15 00:00:00+00:00,-0.05288461538461542,-0.013893298297359746,-0.010799065253418894,-0.029245347331106397,-0.048512026090501426,-0.03550973654066425
2026-01-16 00:00:00+00:00,0.0033840947546530664,-0.0005633608354392861,-0.0067526644549505965,0.01748595505617967,-0.013638960297057912,0.016627078384797933
2026-01-17 00:00:00+00:00,-0.02360876897133224,-0.00421942473825998,0.0043321562488622956,-0.008075091448685123,-0.001809889234778872,-0.008177570093457875
2026-01-18 00:00:00+00:00,-0.05526770293609662,-0.015498313833314237,-0.008013749939587145,-0.04070414695240743,-0.04525674499564836,-0.04711425206124853
2026-01-19 00:00:00+00:00,-0.034734917733089565,-0.011125280950334271,-0.02876953012000505,-0.03213171828534134,-0.018839258584017138,0.006180469715698411
2026-01-20 00:00:00+00:00,-0.05492424242424254,-0.045377249516900364,-0.07827749996080957,-0.05725419664268583,-0.04490554351192322,-0.05036855036855026
2026-01-21 00:00:00+00:00,0.03206412825651306,0.01161480468893994,0.014418955875749928,0.029729729729729648,0.025778210116731648,0.03363518758085382
2026-01-22 00:00:00+00:00,-0.03883495145631066,0.0011731073359675381,-0.009918619038517651,-0.008259996912150624,-0.017148727675043607,-0.020025031289111372
2026-01-23 00:00:00+00:00,0.016161616161616266,0.0004532173912654702,0.0012598681202564688,-0.008095275161516202,0.0032162096968724185,0.00766283524904221
2026-01-24 00:00:00+00:00,-0.003976143141153021,-0.004184362857875601,-0.001079011368517957,-0.0017264380444166338,-0.004327963452753214,-0.00887198986058313
2026-01-25 00:00:00+00:00,-0.05988023952095822,-0.02863513885181046,-0.04616317104719592,-0.06571810392264754,-0.03847701843355067,-0.039641943734015306
2026-01-26 00:00:00+00:00,0.06369426751592377,0.019345944795891024,0.04027846312777572,0.04535128312999581,0.024361657597321118,0.025299600532623367
2026-01-27 00:00:00+00:00,0.003992015968063756,0.010220145363038613,0.03290391932704284,0.023744365743721962,0.0313010787839163,0.016883116883116722
2026-01-28 00:00:00+00:00,-0.00994035785288283,0.0005601120448179842,-0.005282859285641095,-0.01446654611211573,-0.009430224264997178,-0.003831417624520994
2026-01-29 00:00:00+00:00,-0.050200803212851475,-0.052069770668507376,-0.06250539727246762,-0.06007179896290393,-0.06176000000000004,-0.05641025641025643
2026-01-30 00:00:00+00:00,-0.019027484143763207,-0.004603299036883057,-0.04081712186325326,-0.0019521303683583957,-0.012534106412005475,-0.016304347826086918
2026-01-31 00:00:00+00:00,-0.10560344827586199,-0.06550401024252306,-0.09434582511505596,-0.10213453524959615,-0.09973232017960443,-0.05939226519337015
2026-02-01 00:00:00+00:00,0.0,-0.02251530935119128,-0.07414506821101563,-0.04536844099261217,0.0,-0.026431718061673992
2026-02-02 00:00:00+00:00,0.02168674698795181,0.023001704210088736,0.03386119859921144,0.0373052882230378,0.035104546326491404,0.03619909502262453
2026-02-03 00:00:00+00:00,-0.028301886792452713,-0.03769942090671896,-0.048273981474380334,-0.06370157819225253,-0.017605633802816878,-0.024745269286754024
2026-02-04 00:00:00+00:00,0.01941747572815511,-0.03437208369885747,-0.03825904768726596,-0.05894371233016649,-0.020656479909451075,-0.010447761194029903
2026-02-05 00:00:00+00:00,-0.18333333333333324,-0.14017431361060217,-0.14962341616005526,-0.1494789405123753,-0.14774150052971213,-0.15233785822021106
2026-02-06 00:00:00+00:00,0.1428571428571428,0.12192683309102881,0.12948659700136322,0.11627313337587752,0.11289411232907676,0.12455516014234869
2026-02-07 00:00:00+00:00,-0.012755102040816202,-0.01828953307907888,0.011486008393994274,0.001486393780013806,-0.0025385865150284737,0.0015822784810126667
2026-02-08 00:00:00+00:00,-0.023255813953488524,0.015023947392803993,0.0012745079249476543,-0.006850097043041514,-0.01628830296243511,-0.034755134281200695
2026-02-09 00:00:00+00:00,0.007936507936507908,-0.0027353755233514576,0.007311914400834674,-0.002529026324864958,-0.00538135154713848,-0.0016366612111292644
2026-02-10 00:00:00+00:00,-0.044619422572178546,-0.01848798083777703,-0.03912076844875578,-0.043563443586493,-0.03475184684215993,-0.014754098360655776
2026-02-11 00:00:00+00:00,-0.019230769230769162,-0.025548184817570818,-0.04028833175950597,-0.04446318833594409,-0.017785922173116253,-0.016638935108153063
2026-02-12 00:00:00+00:00,0.03921568627450989,-0.01207989801217968,0.003436054358688878,-0.01134930643127352,0.02063213345039494,0.02368866328257191
2026-02-13 00:00:00+00:00,0.018867924528301883,0.03895737833844892,0.051785301742947265,0.07563775510204063,0.03946236559139793,0.044628099173553704
2026-02-14 00:00:00+00:00,0.2777777777777779,0.014073119396473155,0.018484712405794967,0.04423099727261959,0.14865004655011882,0.11234177215189867
2026-02-15 00:00:00+00:00,-0.08488612836438925,-0.014184018291979905,-0.05751489271970067,-0.021576198046786343,-0.07519812680115268,-0.06970128022759592
2026-02-16 00:00:00+00:00,0.011312217194570318,0.0008695010415125104,0.016144779261459075,0.0033658310120705526,-0.01626253773493047,0.006116207951070374
2026-02-17 00:00:00+00:00,-0.017897091722595126,-0.02016056045635184,-0.0033377870521884567,-0.015847310584152785,-0.003563650762225312,-0.010638297872340274
2026-02-18 00:00:00+00:00,-0.034168564920273425,-0.015443935368111283,-0.01794985087816192,-0.04078514339445227,-0.020961653089608623,-0.032258064516129115
2026-02-19 00:00:00+00:00,-0.002358490566037763,0.008166142549765887,-0.003491980714859122,0.010905526283543798,-0.0018264840182647957,-0.014285714285714235
2026-02-20 00:00:00+00:00,0.007092198581560183,0.01516751380855963,0.010158638947606047,0.026303030303030273,0.017688319609637126,0.0338164251207731
2026-02-21 00:00:00+00:00,-0.023474178403755874,-0.0006480445974648141,0.002270326276867962,0.005905279319711854,-0.016981320547397982,-0.004672897196261738
2026-02-22 00:00:00+00:00,-0.024038461538461564,-0.004891878639983305,-0.00786986596396988,-0.027944111776447067,-0.028757240117874172,-0.031298904538341166
2026-02-23 00:00:00+00:00,-0.022167487684729092,-0.04416365824308055,-0.05185359226077979,-0.05906510448121749,-0.030550324335634982,-0.02746365105008075
2026-02-24 00:00:00+00:00,-0.005037783375314797,-0.009246934778849636,-0.002348758282605168,0.013992297817714938,-0.013921864882365687,-0.019933554817275656
2026-02-25 00:00:00+00:00,0.048101265822784844,0.06134879012272432,0.11098631705130835,0.11482466134953806,0.1048484185181131,0.055932203389830404
2026-02-26 00:00:00+00:00,-0.07487922705314021,-0.007396300878801609,-0.014483737387483653,-0.02441517147399508,-0.03902922238732043,-0.0417335473515249
2026-02-27 00:00:00+00:00,-0.036553524804177506,-0.023902729458526895,-0.04825218969462641,-0.04725875916656974,-0.037521904958251806,-0.031825795644891075
2026-02-28 00:00:00+00:00,-0.010840108401083959,0.016716637240956178,0.017965219914604313,0.03054367745876596,0.007282853164828129,0.0
2026-03-01 00:00:00+00:00,-0.0547945205479452,-0.01786966917841526,-0.012624013112684573,-0.00889152341434496,-0.02286018075491758,-0.04152249134948083
2026-03-02 00:00:00+00:00,0.020289855072463725,0.04642374393153048,0.04518201174402359,0.036363636363636376,0.0180631120783461,-0.0072202166064982976
2026-03-03 00:00:00+00:00,-0.019886363636363646,-0.007148911391331003,-0.021974498729869008,0.0038088642659279692,-0.03837109876015399,-0.0036363636363635488
2026-03-04 00:00:00+00:00,0.05797101449275366,0.06334352775907992,0.07286665321767205,0.044613084971829364,0.09958875180615778,0.04014598540145986
2026-03-05 00:00:00+00:00,-0.049315068493150815,-0.02444102029029227,-0.0255819638223459,-0.022894881673087508,-0.05428080460931972,-0.03157894736842104
2026-03-06 00:00:00+00:00,-0.023054755043227515,-0.0391687374595715,-0.045434809876209736,-0.045848822800495626,-0.024262505344164298,-0.019927536231884035
2026-03-07 00:00:00+00:00,-0.04424778761061954,-0.012495371731106153,-0.004593971738734992,-0.017473435655253833,-0.014897579143389184,-0.01663585951940849
2026-03-08 00:00:00+00:00,-0.015432098765432056,-0.01920389706600567,-0.016495818926781758,-0.019586637827445297,-0.008673412654286672,-0.005639097744360888
2026-03-09 00:00:00+00:00,0.025078369905956244,0.03730355064027946,0.028847245883021122,0.041304081382522284,0.015030846887268634,0.02457466918714557
2026-03-10 00:00:00+00:00,0.006116207951070374,0.022160194855752158,0.02184166424148759,0.010828625235404843,0.0445353077688142,0.04243542435424352
2026-03-11 00:00:00+00:00,0.012158054711246313,0.0034772661022810514,0.007591418652498572,0.008150908244061617,-0.017350825222175237,0.014159292035398341
2026-03-12 00:00:00+00:00,0.009009009009009139,0.0049789249066771735,0.01050210285725428,0.0030030030030030463,0.020133505598621815,0.03315881326352521
2026-03-13 00:00:00+00:00,0.005952380952380931,0.005509677020595349,0.009018480651259653,0.01543067710732382,0.012770448548812707,0.0033783783783782884
2026-03-14 00:00:00+00:00,-0.005917159763313529,0.0039750458198222205,0.0018831671621530877,-0.0017010660013608847,0.0008336807002917723,-0.010101010101010166
2026-03-15 00:00:00+00:00,0.02678571428571419,0.022514339236602954,0.03918594000457998,0.04850619107122567,0.0139525197834236,0.010204081632653184
2026-03-16 00:00:00+00:00,0.16231884057971002,0.028420286742171008,0.08018638387733534,0.04225352112676073,0.058122817827069406,0.042087542087542174
2026-03-17 00:00:00+00:00,-0.08728179551122184,-0.013024161019872249,-0.015121314763894111,-0.016424116424116453,-0.02804736024844723,-0.021001615508885352
2026-03-18 00:00:00+00:00,-0.03825136612021851,-0.03602818371042593,-0.049193273467133314,-0.047981399281335935,-0.04882675986020979,-0.03960396039603953
2026-03-19 00:00:00+00:00,-0.02840909090909105,-0.018478651735228002,-0.029763228479751658,-0.013210479573712242,-0.018055847155154292,-0.0017182130584192379
2026-03-20 00:00:00+00:00,-0.0029239766081871066,0.008304447304447349,0.003933932388752837,0.010687366407919896,0.006628180457558308,0.025817555938037806
2026-03-21 00:00:00+00:00,-0.02639296187683282,-0.022586775090826627,-0.028585140386353625,-0.025378450578806833,-0.029842820730671127,-0.016778523489932917
2026-03-22 00:00:00+00:00,-0.012048192771084376,-0.015367801675379322,-0.014859439677294084,-0.015532206486980393,-0.013136288998358059,-0.025597269624573316
2026-03-23 00:00:00+00:00,0.054878048780487854,0.044908560397294295,0.047782500523397164,0.06067285382830634,0.0443704936217415,0.07005253940455325
2026-03-24 00:00:00+00:00,0.020231213872832443,-0.004931991377371103,0.001951645655497325,-0.0068905173356667015,0.010090281465746198,0.014729950900163713
2026-03-25 00:00:00+00:00,0.005665722379603277,0.011051956198656399,0.005931649221094126,0.009911894273127775,0.011356466876971671,-0.011290322580645218
2026-03-26 00:00:00+00:00,-0.03943661971830981,-0.035272531478612756,-0.050064084240809326,-0.05637949836423117,-0.04294032023289662,-0.03425774877650889
2026-03-27 00:00:00+00:00,-0.038123167155425186,-0.035062759816106626,-0.032847512412457536,-0.039523864555645494,-0.02107550244432388,-0.023648648648648685
2026-03-28 00:00:00+00:00,0.0030487804878047697,-0.00045552234634516076,0.000998619997490957,-0.012272891348814818,0.009876817223393619,0.00865051903114189
2026-03-29 00:00:00+00:00,-0.003039513677811523,-0.00551546220130672,-0.005063316522453953,-0.007918138628334792,-0.0060439560439560225,-0.00857632933104635
2026-03-30 00:00:00+00:00,0.012195121951219523,0.01191378458082637,0.021081909061593018,0.013506876227898035,0.0042012161415145854,0.02422145328719738
2026-03-31 00:00:00+00:00,0.027108433734939652,0.022263002270897836,0.03895918045083091,0.007996123091834173,0.01640427171639325,0.006756756756756799
2026-04-01 00:00:00+00:00,-0.0029325513196480912,-0.0024977857340350296,0.01658568558441753,-0.024278846153846123,-0.0014081455805893262,0.006711409395973256
2026-04-02 00:00:00+00:00,-0.01764705882352935,-0.01779269200774225,-0.038862802812624,-0.02759300320275937,-0.019416422605488703,-0.021666666666666723
2026-04-03 00:00:00+00:00,0.0239520958083832,0.0009313624303253221,-0.0016235896887472068,0.018495059538890413,0.012831858407079677,0.01873935264054527
2026-04-04 00:00:00+00:00,-0.005847953216374213,0.0050193909291964545,0.005691805066631694,0.00534825870646749,0.005570117955439047,0.0016722408026754731
2026-04-05 00:00:00+00:00,0.026470588235294024,0.025761503420038023,0.021616832565165334,0.013113942843003823,0.0033670033670034627,0.0016694490818029983
2026-04-06 00:00:00+00:00,-0.04871060171919772,-0.0026149365430282456,-0.0014264253590944298,-0.02271339601904998,-0.019159991340117033,-0.02833333333333332
2026-04-07 00:00:00+00:00,0.11746987951807242,0.04459545069935267,0.06304694470282302,0.0690990878420592,0.047566493764485296,0.05317324185248706
2026-04-08 00:00:00+00:00,-0.04582210242587603,-0.011877640105099618,-0.022325793188423315,-0.034946236559139865,-0.026548672566371723,-0.03420195439739404
2026-04-09 00:00:00+00:00,-0.008474576271186529,0.010103288409036182,9.13242009130677e-05,0.009204311493278494,0.0021645021645022577,-0.003372681281618828
2026-04-10 00:00:00+00:00,0.03418803418803429,0.01636388380950171,0.025043375034243587,0.018000720028801043,0.011663066954643586,0.008460236886632666
2026-04-11 00:00:00+00:00,0.0027548209366390353,0.0011027552434326182,0.01779024966036369,0.0011788282447249276,-0.00629803586678046,-0.001677852348993314
2026-04-12 00:00:00+00:00,-0.04670329670329676,-0.03151807780495819,-0.04084919408837662,-0.04003296832685743,-0.02417015791169841,-0.030252100840336138
2026-04-13 00:00:00+00:00,0.08069164265129691,0.0519784995910435,0.08113065498596939,0.06108181037654847,0.03599735799207382,0.03986135181975747
2026-04-14 00:00:00+00:00,-0.05066666666666675,-0.0038490692909066704,-0.019844183906881696,-0.03225060686625836,-0.012113484220592996,-0.02833333333333332
2026-04-15 00:00:00+00:00,0.04494382022471921,0.009151838859432937,0.016151116928747156,0.014094601051122924,0.020544261589760193,0.022298456260720245
2026-04-16 00:00:00+00:00,0.06989247311827951,0.004602326507462173,-0.004991631178626554,0.04888103651354525,0.04563659359190564,0.052013422818792066
2026-04-17 00:00:00+00:00,-0.007537688442211032,0.02551697314950352,0.030163914878394538,-0.0032565974171813172,0.002015925813930064,0.006379585326953707
2026-04-18 00:00:00+00:00,-0.04556962025316469,-0.017908449242267088,-0.028391897478296735,-0.029292474087426856,-0.046474197766824266,-0.03961965134706813
2026-04-19 00:00:00+00:00,-0.03183023872679036,-0.024969296525804152,-0.03703750978590159,-0.031220984215413194,-0.018672855786475262,-0.028052805280527893
2026-04-20 00:00:00+00:00,0.03013698630136985,0.027630495141107048,0.02234819531032528,0.021684437522463185,0.023543324016340517,0.018675721561969505
2026-04-21 00:00:00+00:00,0.013297872340425565,0.006529188643024986,0.005743673963307883,0.00879455909943716,-0.0003150929524209367,0.014999999999999902
2026-04-22 00:00:00+00:00,-0.005249343832020914,0.02413116197240761,0.020166384489115563,0.009764035801464566,0.004938012187434282,0.0016420361247946325
2026-04-23 00:00:00+00:00,0.0079155672823219,0.001013709315240252,-0.018453541807950002,-0.00863359042247036,0.015577626764244679,0.009836065573770592
2026-04-24 00:00:00+00:00,0.01308900523560208,-0.010482704017558353,-0.006552916841897627,0.0006967022758941344,0.01327980234712789,0.006493506493506329
2026-04-25 00:00:00+00:00,-0.0051679586563306845,0.0024260971448708535,0.0019481725623005097,0.0,-0.004368586812963482,-0.003225806451612856
2026-04-26 00:00:00+00:00,0.01298701298701288,0.01330177133655397,0.021530502263418905,0.008702715247157045,0.012448979591836773,0.004854368932038833
2026-04-27 00:00:00+00:00,0.002564102564102555,-0.016352276418474698,-0.02775761361334328,-0.02427240308294043,-0.0027212255593630497,-0.011272141706924366
2026-04-28 00:00:00+00:00,-0.007672634271099654,-0.013293685567210223,-0.006185781817708236,-0.008960150907804665,0.004042445679636186,-0.0016286644951140072
2026-04-29 00:00:00+00:00,-0.0077319587628865705,-0.007371621438415188,-0.015951638406233926,-0.012134189864382527,0.04760946149974843,0.004893964110930016
2026-04-30 00:00:00+00:00,0.007792207792207684,0.007476510952758142,0.0020462514980692514,0.0006021194605010383,0.023251345119138955,0.009740259740259605
2026-05-01 00:00:00+00:00,0.015463917525773363,0.024684278547156602,0.016885860970715427,0.008063545553014917,0.01906103286384986,0.008038585209003246
2026-05-02 00:00:00+00:00,0.01269035532994911,0.005825302536215382,0.009295923123499694,0.005969436485195878,-0.00018428084400634592,0.0
2026-05-03 00:00:00+00:00,-0.012531328320801838,-0.0015031736560809916,0.0024514775763173624,-0.004153809636838424,-0.0019353055017971021,-0.01754385964912275
2026-05-04 00:00:00+00:00,0.01269035532994911,0.01644983483853646,0.010552601554258967,0.002264330830651806,0.016620498614958512,0.004870129870129913
2026-05-05 00:00:00+00:00,0.03007518796992481,0.013079098298406366,0.005798496906900263,0.026040428061831378,0.04305177111716607,0.02584814216478204
2026-05-06 00:00:00+00:00,0.031630170316301776,0.008649471630612915,0.007141737653392877,0.019237455093290112,0.009926854754440884,0.014173228346456623
