timestamp,close_timestamp,symbol,open,high,low,close,volume,quote_asset_volume,number_of_trades,taker_buy_base_volume,taker_buy_quote_volume
2023-05-01T00:00:00+00:00,2023-05-01T23:59:59.999000+00:00,SHIBUSDT,0.00001008,0.00001012,0.00000974,0.00000996,2356359497533.00,23458524.50126924,71731,1188878841516.00,11840138.99204139
2023-05-02T00:00:00+00:00,2023-05-02T23:59:59.999000+00:00,SHIBUSDT,0.00000996,0.00001012,0.00000985,0.00001001,1357156389385.00,13505464.47177223,44575,673960024897.00,6708560.20761167
2023-05-03T00:00:00+00:00,2023-05-03T23:59:59.999000+00:00,SHIBUSDT,0.00001001,0.00001020,0.00000981,0.00001011,1648549293278.00,16407397.06580476,57205,786449861169.00,7832452.55813717
2023-05-04T00:00:00+00:00,2023-05-04T23:59:59.999000+00:00,SHIBUSDT,0.00001012,0.00001013,0.00000987,0.00000989,1274110970422.00,12721769.74699900,40532,559945727500.00,5591585.94386956
2023-05-05T00:00:00+00:00,2023-05-05T23:59:59.999000+00:00,SHIBUSDT,0.00000989,0.00001004,0.00000976,0.00000999,2112846133765.00,20970973.35314039,70379,966589365578.00,9601375.85343859
2023-05-06T00:00:00+00:00,2023-05-06T23:59:59.999000+00:00,SHIBUSDT,0.00000999,0.00001005,0.00000918,0.00000945,3625632012261.00,34830376.64089519,101113,1617430418543.00,15525880.29994868
2023-05-07T00:00:00+00:00,2023-05-07T23:59:59.999000+00:00,SHIBUSDT,0.00000945,0.00000954,0.00000930,0.00000934,1556190141044.00,14675397.95585773,46376,702325123189.00,6626071.58120663
2023-05-08T00:00:00+00:00,2023-05-08T23:59:59.999000+00:00,SHIBUSDT,0.00000934,0.00000936,0.00000832,0.00000892,3889321105824.00,34593518.16109820,128446,1762202671502.00,15670311.53331894
2023-05-09T00:00:00+00:00,2023-05-09T23:59:59.999000+00:00,SHIBUSDT,0.00000891,0.00000903,0.00000870,0.00000900,2018003403801.00,17860757.66708186,59163,913221713899.00,8090527.06743608
2023-05-10T00:00:00+00:00,2023-05-10T23:59:59.999000+00:00,SHIBUSDT,0.00000899,0.00000914,0.00000861,0.00000899,3263282853120.00,29160495.81678446,76242,1543605037609.00,13790194.52103395
2023-05-11T00:00:00+00:00,2023-05-11T23:59:59.999000+00:00,SHIBUSDT,0.00000899,0.00000901,0.00000851,0.00000868,1767114263611.00,15467604.77018922,55701,774233005381.00,6779907.92314248
2023-05-12T00:00:00+00:00,2023-05-12T23:59:59.999000+00:00,SHIBUSDT,0.00000868,0.00000885,0.00000845,0.00000884,2603385190993.00,22468867.70102432,65342,1249732382254.00,10792479.07907067
2023-05-13T00:00:00+00:00,2023-05-13T23:59:59.999000+00:00,SHIBUSDT,0.00000884,0.00000885,0.00000866,0.00000872,1426741210569.00,12492581.86997452,39470,662020874169.00,5796383.49691836
2023-05-14T00:00:00+00:00,2023-05-14T23:59:59.999000+00:00,SHIBUSDT,0.00000872,0.00000888,0.00000864,0.00000879,1378289685706.00,12093995.11607029,36525,708318639625.00,6217342.71536559
2023-05-15T00:00:00+00:00,2023-05-15T23:59:59.999000+00:00,SHIBUSDT,0.00000878,0.00000892,0.00000865,0.00000879,1752076011057.00,15476381.08306001,43080,839204575106.00,7415604.03003521
2023-05-16T00:00:00+00:00,2023-05-16T23:59:59.999000+00:00,SHIBUSDT,0.00000879,0.00000883,0.00000867,0.00000877,1691962001915.00,14815235.24618280,39330,833993755396.00,7306548.18833640
2023-05-17T00:00:00+00:00,2023-05-17T23:59:59.999000+00:00,SHIBUSDT,0.00000878,0.00000885,0.00000858,0.00000877,2223384388589.00,19396109.72248804,50698,1050858288498.00,9170963.18299769
2023-05-18T00:00:00+00:00,2023-05-18T23:59:59.999000+00:00,SHIBUSDT,0.00000877,0.00000883,0.00000848,0.00000870,1990074700429.00,17312644.79999080,45631,933311534962.00,8125123.02349203
2023-05-19T00:00:00+00:00,2023-05-19T23:59:59.999000+00:00,SHIBUSDT,0.00000870,0.00000874,0.00000864,0.00000867,1055448508648.00,9168001.08800103,24490,509693211505.00,4428389.41167202
2023-05-20T00:00:00+00:00,2023-05-20T23:59:59.999000+00:00,SHIBUSDT,0.00000868,0.00000877,0.00000863,0.00000872,757363955289.00,6582940.31464018,21181,368131913130.00,3201117.66738850
2023-05-21T00:00:00+00:00,2023-05-21T23:59:59.999000+00:00,SHIBUSDT,0.00000872,0.00000876,0.00000847,0.00000852,1185236826488.00,10185063.02160300,28883,552716442398.00,4749973.16673910
2023-05-22T00:00:00+00:00,2023-05-22T23:59:59.999000+00:00,SHIBUSDT,0.00000852,0.00000902,0.00000841,0.00000879,3420325497779.00,29944470.66111907,72235,1757769666909.00,15395145.55321854
2023-05-23T00:00:00+00:00,2023-05-23T23:59:59.999000+00:00,SHIBUSDT,0.00000878,0.00000918,0.00000878,0.00000890,2439852866035.00,21823065.74536977,55783,1203913749780.00,10769924.74086529
2023-05-24T00:00:00+00:00,2023-05-24T23:59:59.999000+00:00,SHIBUSDT,0.00000890,0.00000890,0.00000839,0.00000850,2118807700326.00,18185501.13149364,51176,1005435516298.00,8628212.68542008
2023-05-25T00:00:00+00:00,2023-05-25T23:59:59.999000+00:00,SHIBUSDT,0.00000851,0.00000868,0.00000828,0.00000850,2258494837277.00,19130589.68733594,45255,1145507972241.00,9706361.53696047
2023-05-26T00:00:00+00:00,2023-05-26T23:59:59.999000+00:00,SHIBUSDT,0.00000850,0.00000864,0.00000843,0.00000854,1688174763504.00,14349336.49893893,33819,830707347998.00,7062564.74880208
2023-05-27T00:00:00+00:00,2023-05-27T23:59:59.999000+00:00,SHIBUSDT,0.00000854,0.00000866,0.00000850,0.00000863,789888515493.00,6763177.39676195,22660,378138869454.00,3240959.07673483
2023-05-28T00:00:00+00:00,2023-05-28T23:59:59.999000+00:00,SHIBUSDT,0.00000863,0.00000890,0.00000859,0.00000881,2373421302586.00,20833811.30440171,57845,1173234535448.00,10303005.56168463
2023-05-29T00:00:00+00:00,2023-05-29T23:59:59.999000+00:00,SHIBUSDT,0.00000881,0.00000887,0.00000868,0.00000870,1197899190383.00,10522639.20105335,31974,585968632322.00,5149494.00486147
2023-05-30T00:00:00+00:00,2023-05-30T23:59:59.999000+00:00,SHIBUSDT,0.00000870,0.00000883,0.00000862,0.00000868,1321028216203.00,11507919.37655780,37910,653119513939.00,5692909.10101477
2023-05-31T00:00:00+00:00,2023-05-31T23:59:59.999000+00:00,SHIBUSDT,0.00000867,0.00000871,0.00000830,0.00000859,1749906585943.00,14845881.80986632,44192,796383195526.00,6755147.14735104
2023-06-01T00:00:00+00:00,2023-06-01T23:59:59.999000+00:00,SHIBUSDT,0.00000858,0.00000878,0.00000843,0.00000845,1564590690358.00,13360515.97783567,38758,714051809905.00,6103259.04856742
2023-06-02T00:00:00+00:00,2023-06-02T23:59:59.999000+00:00,SHIBUSDT,0.00000846,0.00000874,0.00000824,0.00000860,2163646344711.00,18360018.85947133,50949,1005407849476.00,8534637.98294206
2023-06-03T00:00:00+00:00,2023-06-03T23:59:59.999000+00:00,SHIBUSDT,0.00000860,0.00000870,0.00000852,0.00000859,870629409238.00,7498630.22302359,22336,432580549015.00,3726136.77421276
2023-06-04T00:00:00+00:00,2023-06-04T23:59:59.999000+00:00,SHIBUSDT,0.00000859,0.00000869,0.00000854,0.00000860,951138694722.00,8220410.74975141,23473,437802539736.00,3785553.28708958
2023-06-05T00:00:00+00:00,2023-06-05T23:59:59.999000+00:00,SHIBUSDT,0.00000860,0.00000866,0.00000773,0.00000797,3565652713165.00,28914020.52695146,84544,1632654186418.00,13235037.92114512
2023-06-06T00:00:00+00:00,2023-06-06T23:59:59.999000+00:00,SHIBUSDT,0.00000797,0.00000824,0.00000785,0.00000818,1806817463507.00,14579001.57240968,43821,871663890728.00,7037468.06291248
2023-06-07T00:00:00+00:00,2023-06-07T23:59:59.999000+00:00,SHIBUSDT,0.00000817,0.00000820,0.00000776,0.00000788,1788220513334.00,14242101.62246326,44567,780563939175.00,6215577.86114975
2023-06-08T00:00:00+00:00,2023-06-08T23:59:59.999000+00:00,SHIBUSDT,0.00000788,0.00000801,0.00000781,0.00000794,1080518137129.00,8574967.78381153,27194,498679996937.00,3958726.67091524
2023-06-09T00:00:00+00:00,2023-06-09T23:59:59.999000+00:00,SHIBUSDT,0.00000794,0.00000805,0.00000781,0.00000788,1322737745993.00,10487851.92227970,30658,606161376029.00,4809038.43840239
2023-06-10T00:00:00+00:00,2023-06-10T23:59:59.999000+00:00,SHIBUSDT,0.00000788,0.00000793,0.00000543,0.00000685,12003560719162.00,76523758.08399538,281047,6016261358724.00,38118925.05745275
2023-06-11T00:00:00+00:00,2023-06-11T23:59:59.999000+00:00,SHIBUSDT,0.00000686,0.00000687,0.00000654,0.00000667,2330156275065.00,15670873.89823812,50881,1054482795173.00,7091506.77536916
2023-06-12T00:00:00+00:00,2023-06-12T23:59:59.999000+00:00,SHIBUSDT,0.00000667,0.00000670,0.00000639,0.00000666,2017927256546.00,13298089.63808816,45365,963932832546.00,6353023.62857044
2023-06-13T00:00:00+00:00,2023-06-13T23:59:59.999000+00:00,SHIBUSDT,0.00000666,0.00000694,0.00000660,0.00000679,1703564639892.00,11499467.57599465,40341,808885793295.00,5462278.77538617
2023-06-14T00:00:00+00:00,2023-06-14T23:59:59.999000+00:00,SHIBUSDT,0.00000680,0.00000694,0.00000643,0.00000656,2458558326474.00,16517648.30824862,47596,1197441448925.00,8044813.76922465
2023-06-15T00:00:00+00:00,2023-06-15T23:59:59.999000+00:00,SHIBUSDT,0.00000655,0.00000684,0.00000650,0.00000675,1639582394358.00,10881568.37689318,35809,781067128369.00,5188715.24460765
2023-06-16T00:00:00+00:00,2023-06-16T23:59:59.999000+00:00,SHIBUSDT,0.00000675,0.00000687,0.00000660,0.00000683,1493042477928.00,10086493.10856874,34412,719479487562.00,4864863.34657897
2023-06-17T00:00:00+00:00,2023-06-17T23:59:59.999000+00:00,SHIBUSDT,0.00000683,0.00000700,0.00000678,0.00000698,1354894460672.00,9357603.16656505,28056,643105871599.00,4445495.45015791
2023-06-18T00:00:00+00:00,2023-06-18T23:59:59.999000+00:00,SHIBUSDT,0.00000698,0.00000755,0.00000691,0.00000721,5301731408246.00,38432454.50625323,101760,2692758045573.00,19534900.12064485
2023-06-19T00:00:00+00:00,2023-06-19T23:59:59.999000+00:00,SHIBUSDT,0.00000721,0.00000733,0.00000704,0.00000723,2774882845917.00,19947582.79523929,55671,1360464612428.00,9781096.66572858
2023-06-20T00:00:00+00:00,2023-06-20T23:59:59.999000+00:00,SHIBUSDT,0.00000723,0.00000729,0.00000698,0.00000727,2866770890062.00,20503020.11116280,49308,1461497353071.00,10454083.81753461
2023-06-21T00:00:00+00:00,2023-06-21T23:59:59.999000+00:00,SHIBUSDT,0.00000727,0.00000762,0.00000725,0.00000755,4446073153306.00,33067384.19022545,77028,2221069565232.00,16519264.42888020
2023-06-22T00:00:00+00:00,2023-06-22T23:59:59.999000+00:00,SHIBUSDT,0.00000754,0.00000846,0.00000753,0.00000780,10240424949174.00,82357257.39827891,200953,5097475436846.00,40997030.43701544
2023-06-23T00:00:00+00:00,2023-06-23T23:59:59.999000+00:00,SHIBUSDT,0.00000780,0.00000815,0.00000770,0.00000794,4459410116198.00,35337184.60002305,85621,2208818705401.00,17509565.63858445
2023-06-24T00:00:00+00:00,2023-06-24T23:59:59.999000+00:00,SHIBUSDT,0.00000793,0.00000808,0.00000766,0.00000781,3193379611883.00,25196928.19443814,64403,1556897863987.00,12291178.39562914
2023-06-25T00:00:00+00:00,2023-06-25T23:59:59.999000+00:00,SHIBUSDT,0.00000781,0.00000804,0.00000776,0.00000786,2468016828827.00,19457388.34301526,51154,1235690949958.00,9743956.54249945
2023-06-26T00:00:00+00:00,2023-06-26T23:59:59.999000+00:00,SHIBUSDT,0.00000786,0.00000797,0.00000743,0.00000755,3390314195690.00,26060791.44184836,63922,1679035209673.00,12911208.12954625
2023-06-27T00:00:00+00:00,2023-06-27T23:59:59.999000+00:00,SHIBUSDT,0.00000756,0.00000768,0.00000746,0.00000760,2134524749000.00,16189022.01229904,41448,1047781200563.00,7948945.19109523
2023-06-28T00:00:00+00:00,2023-06-28T23:59:59.999000+00:00,SHIBUSDT,0.00000760,0.00000760,0.00000702,0.00000723,3427771582600.00,25085154.16552406,64270,1626255455329.00,11902393.06309313
2023-06-29T00:00:00+00:00,2023-06-29T23:59:59.999000+00:00,SHIBUSDT,0.00000723,0.00000744,0.00000719,0.00000732,2137923421361.00,15655530.03611100,37117,1046223945381.00,7662715.81677691
2023-06-30T00:00:00+00:00,2023-06-30T23:59:59.999000+00:00,SHIBUSDT,0.00000733,0.00000766,0.00000702,0.00000755,5111718731239.00,38033453.45379986,97666,2500550969719.00,18607653.22990829
2023-07-01T00:00:00+00:00,2023-07-01T23:59:59.999000+00:00,SHIBUSDT,0.00000756,0.00000778,0.00000749,0.00000764,2978679966632.00,22723892.29719898,55178,1472335863210.00,11238222.73086995
2023-07-02T00:00:00+00:00,2023-07-02T23:59:59.999000+00:00,SHIBUSDT,0.00000765,0.00000772,0.00000742,0.00000766,2610338964881.00,19777337.26257421,46913,1270249715556.00,9625704.47740739
2023-07-03T00:00:00+00:00,2023-07-03T23:59:59.999000+00:00,SHIBUSDT,0.00000765,0.00000780,0.00000762,0.00000777,2773900333396.00,21363219.16981416,50482,1368584914226.00,10544835.87310764
2023-07-04T00:00:00+00:00,2023-07-04T23:59:59.999000+00:00,SHIBUSDT,0.00000777,0.00000786,0.00000759,0.00000767,3904753499556.00,30222404.23925490,62238,1875792477482.00,14526634.04577779
2023-07-05T00:00:00+00:00,2023-07-05T23:59:59.999000+00:00,SHIBUSDT,0.00000768,0.00000774,0.00000735,0.00000746,3361646209021.00,25320955.95278727,54758,1621851399221.00,12215509.05483684
2023-07-06T00:00:00+00:00,2023-07-06T23:59:59.999000+00:00,SHIBUSDT,0.00000747,0.00000767,0.00000712,0.00000714,3865458902571.00,28477392.35783420,62595,1819391596100.00,13404968.11585498
2023-07-07T00:00:00+00:00,2023-07-07T23:59:59.999000+00:00,SHIBUSDT,0.00000715,0.00000732,0.00000706,0.00000732,2490785090808.00,18018590.73330367,37550,1204722341324.00,8715645.33198263
2023-07-08T00:00:00+00:00,2023-07-08T23:59:59.999000+00:00,SHIBUSDT,0.00000732,0.00000773,0.00000726,0.00000764,2660259605628.00,19919831.77928555,45014,1408643620278.00,10560320.47357668
2023-07-09T00:00:00+00:00,2023-07-09T23:59:59.999000+00:00,SHIBUSDT,0.00000764,0.00000780,0.00000757,0.00000774,3451776603442.00,26549924.17812644,58496,1758320662642.00,13532821.16798683
2023-07-10T00:00:00+00:00,2023-07-10T23:59:59.999000+00:00,SHIBUSDT,0.00000774,0.00000774,0.00000740,0.00000754,3074107278456.00,23229560.16123172,54899,1369083676867.00,10343591.25912816
2023-07-11T00:00:00+00:00,2023-07-11T23:59:59.999000+00:00,SHIBUSDT,0.00000754,0.00000762,0.00000743,0.00000753,1758846629909.00,13233111.19325587,33429,829237393843.00,6241036.01880396
2023-07-12T00:00:00+00:00,2023-07-12T23:59:59.999000+00:00,SHIBUSDT,0.00000753,0.00000760,0.00000733,0.00000751,1855428868306.00,13909841.08808532,36350,902309790889.00,6766536.72907084
2023-07-13T00:00:00+00:00,2023-07-13T23:59:59.999000+00:00,SHIBUSDT,0.00000750,0.00000813,0.00000743,0.00000797,5499806008056.00,42923694.49264458,100930,2722754829188.00,21262189.98854729
2023-07-14T00:00:00+00:00,2023-07-14T23:59:59.999000+00:00,SHIBUSDT,0.00000798,0.00000844,0.00000758,0.00000798,7679566104281.00,61699035.55122571,143615,3792625590381.00,30488722.24634526
2023-07-15T00:00:00+00:00,2023-07-15T23:59:59.999000+00:00,SHIBUSDT,0.00000799,0.00000853,0.00000790,0.00000809,5763932265849.00,47593437.38749361,122711,2806355918355.00,23178558.01355624
2023-07-16T00:00:00+00:00,2023-07-16T23:59:59.999000+00:00,SHIBUSDT,0.00000809,0.00000817,0.00000781,0.00000786,2741848326245.00,21933858.47690572,52919,1240635110946.00,9927058.48692673
2023-07-17T00:00:00+00:00,2023-07-17T23:59:59.999000+00:00,SHIBUSDT,0.00000786,0.00000808,0.00000760,0.00000785,3140796103960.00,24615600.26145097,65538,1487043850870.00,11655857.31691023
2023-07-18T00:00:00+00:00,2023-07-18T23:59:59.999000+00:00,SHIBUSDT,0.00000785,0.00000790,0.00000756,0.00000772,2052593819340.00,15845804.54773290,45051,869593321420.00,6713231.50230396
2023-07-19T00:00:00+00:00,2023-07-19T23:59:59.999000+00:00,SHIBUSDT,0.00000772,0.00000785,0.00000764,0.00000774,2228128678979.00,17273327.66536893,43844,1080417008738.00,8380028.13771384
2023-07-20T00:00:00+00:00,2023-07-20T23:59:59.999000+00:00,SHIBUSDT,0.00000775,0.00000793,0.00000760,0.00000769,2540696316847.00,19701071.08353750,50897,1204949565622.00,9348942.50132968
2023-07-21T00:00:00+00:00,2023-07-21T23:59:59.999000+00:00,SHIBUSDT,0.00000770,0.00000802,0.00000764,0.00000784,2484817783322.00,19451978.66396879,46058,1268204821548.00,9936185.38446509
2023-07-22T00:00:00+00:00,2023-07-22T23:59:59.999000+00:00,SHIBUSDT,0.00000784,0.00000791,0.00000768,0.00000778,1676115978842.00,13071796.08236396,32967,780978193959.00,6093221.54366004
2023-07-23T00:00:00+00:00,2023-07-23T23:59:59.999000+00:00,SHIBUSDT,0.00000777,0.00000792,0.00000772,0.00000785,1189684504616.00,9323681.24130294,25189,580245568505.00,4549821.22689469
2023-07-24T00:00:00+00:00,2023-07-24T23:59:59.999000+00:00,SHIBUSDT,0.00000786,0.00000802,0.00000758,0.00000766,3751476397828.00,29117512.66276559,68912,1856674608222.00,14429956.62021871
2023-07-25T00:00:00+00:00,2023-07-25T23:59:59.999000+00:00,SHIBUSDT,0.00000767,0.00000795,0.00000765,0.00000792,3425283964672.00,26733138.43815863,61410,1825011183903.00,14253040.39721639
2023-07-26T00:00:00+00:00,2023-07-26T23:59:59.999000+00:00,SHIBUSDT,0.00000792,0.00000798,0.00000771,0.00000786,2237214754774.00,17549166.72516860,45511,1012380758830.00,7947639.95501967
2023-07-27T00:00:00+00:00,2023-07-27T23:59:59.999000+00:00,SHIBUSDT,0.00000786,0.00000794,0.00000773,0.00000780,1182639822386.00,9275340.99312976,26819,525294124440.00,4122879.55391841
2023-07-28T00:00:00+00:00,2023-07-28T23:59:59.999000+00:00,SHIBUSDT,0.00000780,0.00000845,0.00000777,0.00000817,5626621719634.00,46133914.26219003,102777,2916253819208.00,23901600.46615652
2023-07-29T00:00:00+00:00,2023-07-29T23:59:59.999000+00:00,SHIBUSDT,0.00000817,0.00000865,0.00000813,0.00000852,4595943233029.00,38388254.18418814,82170,2371955420064.00,19825826.74068587
2023-07-30T00:00:00+00:00,2023-07-30T23:59:59.999000+00:00,SHIBUSDT,0.00000852,0.00000878,0.00000808,0.00000828,5232440648171.00,44274739.20307470,92203,2523667968921.00,21364753.40935055
2023-07-31T00:00:00+00:00,2023-07-31T23:59:59.999000+00:00,SHIBUSDT,0.00000828,0.00000873,0.00000822,0.00000846,3737504366228.00,31714743.59738295,73780,1841090278519.00,15629408.74428174
2023-08-01T00:00:00+00:00,2023-08-01T23:59:59.999000+00:00,SHIBUSDT,0.00000846,0.00000846,0.00000811,0.00000843,2998791392055.00,24865332.96770446,56657,1385343836663.00,11490441.25762914
2023-08-02T00:00:00+00:00,2023-08-02T23:59:59.999000+00:00,SHIBUSDT,0.00000843,0.00000847,0.00000808,0.00000815,2045971032036.00,16866514.12935213,42519,935915906387.00,7722087.31730593
2023-08-03T00:00:00+00:00,2023-08-03T23:59:59.999000+00:00,SHIBUSDT,0.00000816,0.00000839,0.00000812,0.00000828,2039858582449.00,16844326.78561351,38945,1003296169309.00,8288307.74960957
2023-08-04T00:00:00+00:00,2023-08-04T23:59:59.999000+00:00,SHIBUSDT,0.00000829,0.00000885,0.00000828,0.00000869,5559703898680.00,47922045.55588984,94174,2885851702520.00,24877488.29574228
2023-08-05T00:00:00+00:00,2023-08-05T23:59:59.999000+00:00,SHIBUSDT,0.00000869,0.00001052,0.00000865,0.00000997,24023783838865.00,233992135.66941055,399742,12451752897929.00,121069101.84615756
2023-08-06T00:00:00+00:00,2023-08-06T23:59:59.999000+00:00,SHIBUSDT,0.00000997,0.00001029,0.00000920,0.00000937,9608180610980.00,92429096.50925224,197233,4538424661301.00,43653959.99891896
2023-08-07T00:00:00+00:00,2023-08-07T23:59:59.999000+00:00,SHIBUSDT,0.00000938,0.00000948,0.00000876,0.00000898,6282667047055.00,57076276.02114408,110986,2835503748308.00,25740758.41635233
2023-08-08T00:00:00+00:00,2023-08-08T23:59:59.999000+00:00,SHIBUSDT,0.00000897,0.00000969,0.00000887,0.00000953,7660022431340.00,71168648.66356638,130148,3987007599581.00,37047846.88306493
2023-08-09T00:00:00+00:00,2023-08-09T23:59:59.999000+00:00,SHIBUSDT,0.00000953,0.00001006,0.00000941,0.00000962,8302282746896.00,80677438.11935299,150407,4102079451828.00,39878775.47380777
2023-08-10T00:00:00+00:00,2023-08-10T23:59:59.999000+00:00,SHIBUSDT,0.00000963,0.00001018,0.00000957,0.00000992,6653731550887.00,65810364.49653449,118872,3393127988553.00,33588410.33875049
2023-08-11T00:00:00+00:00,2023-08-11T23:59:59.999000+00:00,SHIBUSDT,0.00000992,0.00001063,0.00000978,0.00001052,8300370821779.00,84892196.34466403,143840,4442750650942.00,45469233.76370705
2023-08-12T00:00:00+00:00,2023-08-12T23:59:59.999000+00:00,SHIBUSDT,0.00001052,0.00001136,0.00001044,0.00001067,14896630896565.00,162335235.29683539,266630,7695296552403.00,83897493.05785014
2023-08-13T00:00:00+00:00,2023-08-13T23:59:59.999000+00:00,SHIBUSDT,0.00001067,0.00001084,0.00001013,0.00001023,7421707864499.00,77906631.90343528,134703,3457616308536.00,36319024.98088110
2023-08-14T00:00:00+00:00,2023-08-14T23:59:59.999000+00:00,SHIBUSDT,0.00001023,0.00001067,0.00000996,0.00001019,8421644177016.00,86896290.29857013,147013,4256480384352.00,43949349.74267262
2023-08-15T00:00:00+00:00,2023-08-15T23:59:59.999000+00:00,SHIBUSDT,0.00001018,0.00001066,0.00000943,0.00000993,9304291266181.00,94605454.10688007,187953,4570572684179.00,46510665.36470831
2023-08-16T00:00:00+00:00,2023-08-16T23:59:59.999000+00:00,SHIBUSDT,0.00000994,0.00001017,0.00000903,0.00000921,8875401499392.00,85398281.63554408,177157,4216707955046.00,40589804.80833201
2023-08-17T00:00:00+00:00,2023-08-17T23:59:59.999000+00:00,SHIBUSDT,0.00000921,0.00000936,0.00000725,0.00000813,13924563111815.00,120281419.35561217,242772,6541464693724.00,56496211.51934172
2023-08-18T00:00:00+00:00,2023-08-18T23:59:59.999000+00:00,SHIBUSDT,0.00000813,0.00000871,0.00000803,0.00000859,8294158090057.00,69744018.15969512,136159,4152640044932.00,34940632.89759599
2023-08-19T00:00:00+00:00,2023-08-19T23:59:59.999000+00:00,SHIBUSDT,0.00000859,0.00000868,0.00000832,0.00000844,3369714578502.00,28589466.34972743,61024,1549626123521.00,13158701.03600661
2023-08-20T00:00:00+00:00,2023-08-20T23:59:59.999000+00:00,SHIBUSDT,0.00000844,0.00000849,0.00000815,0.00000831,2427339620190.00,20258098.96885269,44460,1094262824753.00,9134881.58073539
2023-08-21T00:00:00+00:00,2023-08-21T23:59:59.999000+00:00,SHIBUSDT,0.00000830,0.00000838,0.00000776,0.00000798,4112406316798.00,33054011.08007542,66905,1999101569971.00,16065677.64056647
2023-08-22T00:00:00+00:00,2023-08-22T23:59:59.999000+00:00,SHIBUSDT,0.00000797,0.00000807,0.00000755,0.00000800,3673996631029.00,29003712.83417936,61698,1822650083419.00,14399252.84053557
2023-08-23T00:00:00+00:00,2023-08-23T23:59:59.999000+00:00,SHIBUSDT,0.00000800,0.00000854,0.00000797,0.00000832,5240428895764.00,43436364.54811596,88006,2688488607134.00,22295994.96536363
2023-08-24T00:00:00+00:00,2023-08-24T23:59:59.999000+00:00,SHIBUSDT,0.00000831,0.00000836,0.00000803,0.00000821,2375174834028.00,19524109.99238870,42587,1105867030452.00,9095641.92176491
2023-08-25T00:00:00+00:00,2023-08-25T23:59:59.999000+00:00,SHIBUSDT,0.00000821,0.00000826,0.00000798,0.00000814,2527842154707.00,20472402.02423156,44913,1227729010397.00,9950180.93078297
2023-08-26T00:00:00+00:00,2023-08-26T23:59:59.999000+00:00,SHIBUSDT,0.00000814,0.00000824,0.00000807,0.00000808,1075124515723.00,8775101.76925837,23641,532404322164.00,4348728.31399906
2023-08-27T00:00:00+00:00,2023-08-27T23:59:59.999000+00:00,SHIBUSDT,0.00000808,0.00000818,0.00000801,0.00000804,932785811564.00,7547352.88586132,22402,449391413075.00,3637050.57657415
2023-08-28T00:00:00+00:00,2023-08-28T23:59:59.999000+00:00,SHIBUSDT,0.00000805,0.00000834,0.00000786,0.00000822,2750552253187.00,22244668.93879410,51196,1386769121237.00,11220947.02287045
2023-08-29T00:00:00+00:00,2023-08-29T23:59:59.999000+00:00,SHIBUSDT,0.00000823,0.00000846,0.00000804,0.00000837,4396184664000.00,36492529.15334041,63713,2202611494584.00,18297756.92209276
2023-08-30T00:00:00+00:00,2023-08-30T23:59:59.999000+00:00,SHIBUSDT,0.00000837,0.00000838,0.00000807,0.00000816,1859377274142.00,15272777.65240849,35260,848914852642.00,6975891.40373725
2023-08-31T00:00:00+00:00,2023-08-31T23:59:59.999000+00:00,SHIBUSDT,0.00000816,0.00000825,0.00000779,0.00000799,2648020783241.00,21275013.57773872,45942,1233506424809.00,9917496.67051332
2023-09-01T00:00:00+00:00,2023-09-01T23:59:59.999000+00:00,SHIBUSDT,0.00000799,0.00000805,0.00000773,0.00000790,1907955164360.00,15056416.48333824,37365,898755334231.00,7089007.00199293
2023-09-02T00:00:00+00:00,2023-09-02T23:59:59.999000+00:00,SHIBUSDT,0.00000789,0.00000794,0.00000776,0.00000784,1094454826770.00,8611645.02119833,24372,537421712577.00,4229293.02829416
2023-09-03T00:00:00+00:00,2023-09-03T23:59:59.999000+00:00,SHIBUSDT,0.00000784,0.00000787,0.00000763,0.00000769,1130118950631.00,8757629.36684444,27054,523111764994.00,4055154.06574900
2023-09-04T00:00:00+00:00,2023-09-04T23:59:59.999000+00:00,SHIBUSDT,0.00000768,0.00000779,0.00000739,0.00000749,1810164662017.00,13809203.22521805,38708,908234071332.00,6925023.07629394
2023-09-05T00:00:00+00:00,2023-09-05T23:59:59.999000+00:00,SHIBUSDT,0.00000750,0.00000772,0.00000743,0.00000764,1512232807266.00,11461924.13692705,31384,733075712186.00,5558327.95620197
2023-09-06T00:00:00+00:00,2023-09-06T23:59:59.999000+00:00,SHIBUSDT,0.00000765,0.00000780,0.00000750,0.00000768,1811914892387.00,13886327.31613654,34606,875312834968.00,6711422.76157339
2023-09-07T00:00:00+00:00,2023-09-07T23:59:59.999000+00:00,SHIBUSDT,0.00000768,0.00000772,0.00000755,0.00000769,1042874348531.00,7962424.62334980,23461,494916480415.00,3779167.57805811
2023-09-08T00:00:00+00:00,2023-09-08T23:59:59.999000+00:00,SHIBUSDT,0.00000769,0.00000772,0.00000748,0.00000760,1131612298983.00,8573013.52402811,24507,539258706562.00,4085900.95021597
2023-09-09T00:00:00+00:00,2023-09-09T23:59:59.999000+00:00,SHIBUSDT,0.00000760,0.00000766,0.00000755,0.00000757,735187006005.00,5591393.37579786,17667,312973100199.00,2381781.10559058
2023-09-10T00:00:00+00:00,2023-09-10T23:59:59.999000+00:00,SHIBUSDT,0.00000757,0.00000757,0.00000720,0.00000736,2335811670867.00,17213850.09087024,40810,1182240580314.00,8714998.87567509
2023-09-11T00:00:00+00:00,2023-09-11T23:59:59.999000+00:00,SHIBUSDT,0.00000736,0.00000739,0.00000695,0.00000706,3286741888744.00,23363403.08399787,52177,1649967194952.00,11732986.72231869
2023-09-12T00:00:00+00:00,2023-09-12T23:59:59.999000+00:00,SHIBUSDT,0.00000706,0.00000738,0.00000705,0.00000717,2255438072609.00,16313720.43628134,36738,1121595361338.00,8112898.59427039
2023-09-13T00:00:00+00:00,2023-09-13T23:59:59.999000+00:00,SHIBUSDT,0.00000717,0.00000736,0.00000714,0.00000726,1719083325069.00,12464553.74940222,28998,806598821350.00,5848467.43268215
2023-09-14T00:00:00+00:00,2023-09-14T23:59:59.999000+00:00,SHIBUSDT,0.00000725,0.00000745,0.00000721,0.00000737,1696084755825.00,12412702.73016089,32689,696525422645.00,5098674.59239850
2023-09-15T00:00:00+00:00,2023-09-15T23:59:59.999000+00:00,SHIBUSDT,0.00000737,0.00000749,0.00000731,0.00000745,1307059017924.00,9660649.83551002,27109,553508365123.00,4094441.29257104
2023-09-16T00:00:00+00:00,2023-09-16T23:59:59.999000+00:00,SHIBUSDT,0.00000745,0.00000757,0.00000733,0.00000740,1154678227297.00,8605611.74700731,24879,535133869791.00,3990352.54978420
2023-09-17T00:00:00+00:00,2023-09-17T23:59:59.999000+00:00,SHIBUSDT,0.00000740,0.00000740,0.00000709,0.00000721,1498968257719.00,10830200.36279008,28337,715181073033.00,5170060.49691142
2023-09-18T00:00:00+00:00,2023-09-18T23:59:59.999000+00:00,SHIBUSDT,0.00000721,0.00000742,0.00000714,0.00000725,1824975574550.00,13313851.14206009,30929,900658056385.00,6574415.78599378
2023-09-19T00:00:00+00:00,2023-09-19T23:59:59.999000+00:00,SHIBUSDT,0.00000725,0.00000743,0.00000722,0.00000740,1473555305659.00,10850208.23414405,28493,702610302793.00,5173497.58940994
2023-09-20T00:00:00+00:00,2023-09-20T23:59:59.999000+00:00,SHIBUSDT,0.00000740,0.00000750,0.00000726,0.00000745,2286588940690.00,16860340.91421595,34467,1021239525728.00,7532729.63524168
2023-09-21T00:00:00+00:00,2023-09-21T23:59:59.999000+00:00,SHIBUSDT,0.00000744,0.00000754,0.00000722,0.00000724,2203036962871.00,16165008.34608395,34031,1034004390208.00,7593713.65607384
2023-09-22T00:00:00+00:00,2023-09-22T23:59:59.999000+00:00,SHIBUSDT,0.00000725,0.00000732,0.00000715,0.00000730,1374832730431.00,9993511.94138904,23823,656829796181.00,4777824.18745543
2023-09-23T00:00:00+00:00,2023-09-23T23:59:59.999000+00:00,SHIBUSDT,0.00000730,0.00000771,0.00000729,0.00000750,3302108708240.00,24789641.61904693,54396,1659736231579.00,12465289.25826298
2023-09-24T00:00:00+00:00,2023-09-24T23:59:59.999000+00:00,SHIBUSDT,0.00000751,0.00000751,0.00000725,0.00000730,1644636004157.00,12112581.59225606,30829,770407512235.00,5676051.51485568
2023-09-25T00:00:00+00:00,2023-09-25T23:59:59.999000+00:00,SHIBUSDT,0.00000730,0.00000739,0.00000717,0.00000728,1498491943301.00,10913855.81877860,27227,708433545597.00,5161064.86072456
2023-09-26T00:00:00+00:00,2023-09-26T23:59:59.999000+00:00,SHIBUSDT,0.00000729,0.00000734,0.00000717,0.00000726,1009259705339.00,7331239.84452106,19831,472433619260.00,3434019.95957236
2023-09-27T00:00:00+00:00,2023-09-27T23:59:59.999000+00:00,SHIBUSDT,0.00000726,0.00000732,0.00000713,0.00000722,1672366788585.00,12092719.76931860,27408,781425578891.00,5652450.66508661
2023-09-28T00:00:00+00:00,2023-09-28T23:59:59.999000+00:00,SHIBUSDT,0.00000723,0.00000734,0.00000721,0.00000730,1381049711556.00,10042301.25884730,24551,658866115209.00,4793969.70903413
2023-09-29T00:00:00+00:00,2023-09-29T23:59:59.999000+00:00,SHIBUSDT,0.00000730,0.00000743,0.00000727,0.00000731,1883994749837.00,13824594.78877359,28580,899996367484.00,6605977.71144815
2023-09-30T00:00:00+00:00,2023-09-30T23:59:59.999000+00:00,SHIBUSDT,0.00000732,0.00000740,0.00000730,0.00000734,1215046336568.00,8923358.33825921,20268,651014121791.00,4781932.38554849
2023-10-01T00:00:00+00:00,2023-10-01T23:59:59.999000+00:00,SHIBUSDT,0.00000733,0.00000758,0.00000733,0.00000752,2007806020347.00,14940584.54174547,32112,1029586416754.00,7662475.96167463
2023-10-02T00:00:00+00:00,2023-10-02T23:59:59.999000+00:00,SHIBUSDT,0.00000752,0.00000761,0.00000719,0.00000731,3137212793193.00,23385983.13715486,48836,1474789373530.00,11002391.69182105
2023-10-03T00:00:00+00:00,2023-10-03T23:59:59.999000+00:00,SHIBUSDT,0.00000731,0.00000734,0.00000721,0.00000728,1326048655453.00,9648724.90538005,22078,648385650920.00,4719223.22596712
2023-10-04T00:00:00+00:00,2023-10-04T23:59:59.999000+00:00,SHIBUSDT,0.00000729,0.00000729,0.00000706,0.00000723,1803001572243.00,12970404.91898643,30116,861250835630.00,6197419.28613971
2023-10-05T00:00:00+00:00,2023-10-05T23:59:59.999000+00:00,SHIBUSDT,0.00000723,0.00000728,0.00000712,0.00000714,1106116568419.00,7965791.89852277,19913,513633808692.00,3699880.87904667
2023-10-06T00:00:00+00:00,2023-10-06T23:59:59.999000+00:00,SHIBUSDT,0.00000714,0.00000725,0.00000713,0.00000723,1088699516496.00,7830787.13660730,18535,547531694032.00,3939921.79954349
2023-10-07T00:00:00+00:00,2023-10-07T23:59:59.999000+00:00,SHIBUSDT,0.00000723,0.00000726,0.00000718,0.00000723,646575882640.00,4670678.55493204,14318,310799830240.00,2245890.68754143
2023-10-08T00:00:00+00:00,2023-10-08T23:59:59.999000+00:00,SHIBUSDT,0.00000723,0.00000729,0.00000717,0.00000720,885569381722.00,6388901.00394410,16833,404150150636.00,2917576.98627817
2023-10-09T00:00:00+00:00,2023-10-09T23:59:59.999000+00:00,SHIBUSDT,0.00000720,0.00000721,0.00000673,0.00000692,2761363401247.00,19200677.03799173,42150,1350581209060.00,9387231.65806423
2023-10-10T00:00:00+00:00,2023-10-10T23:59:59.999000+00:00,SHIBUSDT,0.00000691,0.00000698,0.00000681,0.00000690,1140004274755.00,7866637.65977903,19777,559802451593.00,3863518.16155727
2023-10-11T00:00:00+00:00,2023-10-11T23:59:59.999000+00:00,SHIBUSDT,0.00000690,0.00000695,0.00000671,0.00000677,1621644688607.00,11038862.67582037,25333,758185472108.00,5162699.44708322
2023-10-12T00:00:00+00:00,2023-10-12T23:59:59.999000+00:00,SHIBUSDT,0.00000678,0.00000690,0.00000673,0.00000680,1390114344453.00,9481330.39797731,21365,662452298855.00,4519715.15054393
2023-10-13T00:00:00+00:00,2023-10-13T23:59:59.999000+00:00,SHIBUSDT,0.00000680,0.00000700,0.00000677,0.00000691,1131301762312.00,7771004.18749197,19032,567777141643.00,3901587.81752230
2023-10-14T00:00:00+00:00,2023-10-14T23:59:59.999000+00:00,SHIBUSDT,0.00000691,0.00000715,0.00000691,0.00000702,1471755594400.00,10362514.23237224,26716,732031102836.00,5157644.23807427
2023-10-15T00:00:00+00:00,2023-10-15T23:59:59.999000+00:00,SHIBUSDT,0.00000703,0.00000707,0.00000693,0.00000698,999552065937.00,6992627.82373574,19307,477937309446.00,3344535.35492087
2023-10-16T00:00:00+00:00,2023-10-16T23:59:59.999000+00:00,SHIBUSDT,0.00000699,0.00000730,0.00000695,0.00000709,2822981271257.00,20081275.57037470,43033,1346202066910.00,9582842.67589678
2023-10-17T00:00:00+00:00,2023-10-17T23:59:59.999000+00:00,SHIBUSDT,0.00000710,0.00000713,0.00000682,0.00000689,1739091100821.00,12113724.11194645,26999,798012328138.00,5558194.06505863
2023-10-18T00:00:00+00:00,2023-10-18T23:59:59.999000+00:00,SHIBUSDT,0.00000688,0.00000696,0.00000670,0.00000677,1508059530579.00,10317978.73756313,27868,737709825268.00,5047539.81565765
2023-10-19T00:00:00+00:00,2023-10-19T23:59:59.999000+00:00,SHIBUSDT,0.00000677,0.00000687,0.00000661,0.00000683,1861321653375.00,12549406.07625048,27416,946262316296.00,6382143.96783785
2023-10-20T00:00:00+00:00,2023-10-20T23:59:59.999000+00:00,SHIBUSDT,0.00000683,0.00000704,0.00000682,0.00000691,2086749852997.00,14466948.63206157,31812,970828172050.00,6732727.50013537
2023-10-21T00:00:00+00:00,2023-10-21T23:59:59.999000+00:00,SHIBUSDT,0.00000690,0.00000718,0.00000688,0.00000706,2071058717629.00,14607519.31771594,33607,1001367271151.00,7062630.25345484
2023-10-22T00:00:00+00:00,2023-10-22T23:59:59.999000+00:00,SHIBUSDT,0.00000707,0.00000714,0.00000692,0.00000713,1850150216494.00,13005931.12670975,30053,905215384823.00,6365138.26884869
2023-10-23T00:00:00+00:00,2023-10-23T23:59:59.999000+00:00,SHIBUSDT,0.00000714,0.00000752,0.00000709,0.00000751,5273855010497.00,38222315.97580611,76866,2641977383007.00,19161003.57277129
2023-10-24T00:00:00+00:00,2023-10-24T23:59:59.999000+00:00,SHIBUSDT,0.00000752,0.00000776,0.00000724,0.00000739,7545460995946.00,56646281.46088243,124750,3747530868784.00,28144127.46683109
2023-10-25T00:00:00+00:00,2023-10-25T23:59:59.999000+00:00,SHIBUSDT,0.00000739,0.00000798,0.00000727,0.00000780,7164261672725.00,54792795.04696820,103359,3706994516583.00,28365518.17618316
2023-10-26T00:00:00+00:00,2023-10-26T23:59:59.999000+00:00,SHIBUSDT,0.00000781,0.00000825,0.00000758,0.00000790,9261728042035.00,73516945.44174830,135445,4520141995190.00,35899031.78095199
2023-10-27T00:00:00+00:00,2023-10-27T23:59:59.999000+00:00,SHIBUSDT,0.00000791,0.00000797,0.00000757,0.00000769,3970052566984.00,30929055.78043943,60832,1863215419247.00,14520281.79287614
2023-10-28T00:00:00+00:00,2023-10-28T23:59:59.999000+00:00,SHIBUSDT,0.00000770,0.00000812,0.00000766,0.00000797,2878186731597.00,22602949.55766426,48014,1463371999771.00,11493970.59203124
2023-10-29T00:00:00+00:00,2023-10-29T23:59:59.999000+00:00,SHIBUSDT,0.00000797,0.00000812,0.00000772,0.00000802,3617890066254.00,28847881.34858018,56919,1758706070012.00,14025988.00649533
2023-10-30T00:00:00+00:00,2023-10-30T23:59:59.999000+00:00,SHIBUSDT,0.00000801,0.00000807,0.00000781,0.00000796,3403808070850.00,27120746.07789381,49278,1654005265682.00,13182587.17977655
2023-10-31T00:00:00+00:00,2023-10-31T23:59:59.999000+00:00,SHIBUSDT,0.00000797,0.00000804,0.00000751,0.00000779,4692513019594.00,36712048.80538066,67131,2221582592114.00,17387610.67560104
2023-11-01T00:00:00+00:00,2023-11-01T23:59:59.999000+00:00,SHIBUSDT,0.00000778,0.00000798,0.00000756,0.00000797,3776236019567.00,29268562.40120566,60805,1848164720631.00,14335815.26196221
2023-11-02T00:00:00+00:00,2023-11-02T23:59:59.999000+00:00,SHIBUSDT,0.00000797,0.00000808,0.00000766,0.00000786,4820863310482.00,38179420.07582966,74348,2363482912223.00,18728383.24707213
2023-11-03T00:00:00+00:00,2023-11-03T23:59:59.999000+00:00,SHIBUSDT,0.00000786,0.00000786,0.00000762,0.00000782,2218337942022.00,17219387.74553368,49726,1072504424876.00,8326551.33185665
2023-11-04T00:00:00+00:00,2023-11-04T23:59:59.999000+00:00,SHIBUSDT,0.00000782,0.00000797,0.00000777,0.00000794,2014127504019.00,15845275.26580814,39063,985245689744.00,7751901.14359653
2023-11-05T00:00:00+00:00,2023-11-05T23:59:59.999000+00:00,SHIBUSDT,0.00000794,0.00000832,0.00000789,0.00000811,4784226801612.00,38781777.38255015,82146,2277795516612.00,18477349.65628396
2023-11-06T00:00:00+00:00,2023-11-06T23:59:59.999000+00:00,SHIBUSDT,0.00000812,0.00000852,0.00000800,0.00000846,4980415849609.00,41258079.72695081,88252,2401195862509.00,19903019.12098968
2023-11-07T00:00:00+00:00,2023-11-07T23:59:59.999000+00:00,SHIBUSDT,0.00000846,0.00000847,0.00000795,0.00000820,5046098933813.00,41446374.49896575,85607,2353487719471.00,19332432.72870648
2023-11-08T00:00:00+00:00,2023-11-08T23:59:59.999000+00:00,SHIBUSDT,0.00000820,0.00000834,0.00000814,0.00000828,2729977622671.00,22532377.20536778,47292,1305322074955.00,10776925.96663616
2023-11-09T00:00:00+00:00,2023-11-09T23:59:59.999000+00:00,SHIBUSDT,0.00000828,0.00000872,0.00000780,0.00000823,8817750172065.00,73864162.06057189,149998,4249234091937.00,35600990.21233107
2023-11-10T00:00:00+00:00,2023-11-10T23:59:59.999000+00:00,SHIBUSDT,0.00000823,0.00000856,0.00000808,0.00000849,6223908096979.00,51858781.76988934,107085,2995729174973.00,24977942.16742398
2023-11-11T00:00:00+00:00,2023-11-11T23:59:59.999000+00:00,SHIBUSDT,0.00000848,0.00000965,0.00000844,0.00000909,16314830184066.00,149263773.49030011,305064,8057173705637.00,73699782.28509412
2023-11-12T00:00:00+00:00,2023-11-12T23:59:59.999000+00:00,SHIBUSDT,0.00000909,0.00000915,0.00000865,0.00000892,4775620456910.00,42744965.26223496,106053,2248763108359.00,20140028.64089144
2023-11-13T00:00:00+00:00,2023-11-13T23:59:59.999000+00:00,SHIBUSDT,0.00000891,0.00000917,0.00000842,0.00000853,5513013549523.00,48618705.75363658,123746,2649797275982.00,23382467.83999862
2023-11-14T00:00:00+00:00,2023-11-14T23:59:59.999000+00:00,SHIBUSDT,0.00000853,0.00000869,0.00000800,0.00000834,4772214330079.00,40115990.45590184,99782,2288077003462.00,19241567.87294240
2023-11-15T00:00:00+00:00,2023-11-15T23:59:59.999000+00:00,SHIBUSDT,0.00000834,0.00000885,0.00000832,0.00000879,3505620511626.00,30112297.82846619,71797,1796442501779.00,15437386.82841097
2023-11-16T00:00:00+00:00,2023-11-16T23:59:59.999000+00:00,SHIBUSDT,0.00000879,0.00000919,0.00000829,0.00000850,7426301718868.00,65190644.49097875,144733,3665185666183.00,32171055.93351721
2023-11-17T00:00:00+00:00,2023-11-17T23:59:59.999000+00:00,SHIBUSDT,0.00000850,0.00000916,0.00000840,0.00000882,6543753532652.00,57206667.26372299,135112,3337890913984.00,29189305.51263780
2023-11-18T00:00:00+00:00,2023-11-18T23:59:59.999000+00:00,SHIBUSDT,0.00000882,0.00000891,0.00000839,0.00000856,3430377101699.00,29536117.95577173,71675,1626803424947.00,14013524.17642838
2023-11-19T00:00:00+00:00,2023-11-19T23:59:59.999000+00:00,SHIBUSDT,0.00000855,0.00000871,0.00000835,0.00000867,2167902348347.00,18471018.89904951,46382,1071695960495.00,9131222.41820343
2023-11-20T00:00:00+00:00,2023-11-20T23:59:59.999000+00:00,SHIBUSDT,0.00000867,0.00000872,0.00000836,0.00000843,3096569791549.00,26587202.82005509,63792,1487414059644.00,12776705.40454432
2023-11-21T00:00:00+00:00,2023-11-21T23:59:59.999000+00:00,SHIBUSDT,0.00000844,0.00000851,0.00000761,0.00000774,4730595233150.00,38353652.71430176,101151,2326222999152.00,18855228.37263825
2023-11-22T00:00:00+00:00,2023-11-22T23:59:59.999000+00:00,SHIBUSDT,0.00000773,0.00000818,0.00000770,0.00000810,2745213991027.00,21954837.71143932,57457,1385233326956.00,11081883.33921316
2023-11-23T00:00:00+00:00,2023-11-23T23:59:59.999000+00:00,SHIBUSDT,0.00000809,0.00000819,0.00000800,0.00000811,1485627926566.00,12038853.57305633,33900,713989040069.00,5787695.85988316
2023-11-24T00:00:00+00:00,2023-11-24T23:59:59.999000+00:00,SHIBUSDT,0.00000811,0.00000830,0.00000808,0.00000819,2481247800567.00,20355332.87330506,47607,1217504236413.00,9991146.36039647
2023-11-25T00:00:00+00:00,2023-11-25T23:59:59.999000+00:00,SHIBUSDT,0.00000818,0.00000859,0.00000815,0.00000848,2436822279095.00,20456202.44094103,51106,1253587497702.00,10529961.25478132
2023-11-26T00:00:00+00:00,2023-11-26T23:59:59.999000+00:00,SHIBUSDT,0.00000847,0.00000848,0.00000805,0.00000829,3108804528755.00,25721659.50917120,52853,1426404328140.00,11797083.22412713
2023-11-27T00:00:00+00:00,2023-11-27T23:59:59.999000+00:00,SHIBUSDT,0.00000830,0.00000866,0.00000802,0.00000819,5729919332551.00,47674739.73174735,103288,2890275865631.00,24068605.11085236
2023-11-28T00:00:00+00:00,2023-11-28T23:59:59.999000+00:00,SHIBUSDT,0.00000820,0.00000833,0.00000803,0.00000831,2616861609657.00,21446771.27927619,46443,1280180152731.00,10495813.85144584
2023-11-29T00:00:00+00:00,2023-11-29T23:59:59.999000+00:00,SHIBUSDT,0.00000831,0.00000839,0.00000816,0.00000822,2177891442111.00,18059590.46812015,44126,1034388418199.00,8583656.99590651
2023-11-30T00:00:00+00:00,2023-11-30T23:59:59.999000+00:00,SHIBUSDT,0.00000822,0.00000830,0.00000812,0.00000830,1656723776201.00,13611503.70779979,33101,813148610261.00,6683663.79923185
2023-12-01T00:00:00+00:00,2023-12-01T23:59:59.999000+00:00,SHIBUSDT,0.00000829,0.00000839,0.00000825,0.00000837,2044919651886.00,17041748.62492364,37317,983177446079.00,8196198.62469162
2023-12-02T00:00:00+00:00,2023-12-02T23:59:59.999000+00:00,SHIBUSDT,0.00000837,0.00000857,0.00000834,0.00000852,2084686451224.00,17620534.43079604,43849,1016717997324.00,8598848.10335850
2023-12-03T00:00:00+00:00,2023-12-03T23:59:59.999000+00:00,SHIBUSDT,0.00000852,0.00000949,0.00000836,0.00000902,10241916990509.00,91727128.75117260,190817,5267900129826.00,47228840.72348053
2023-12-04T00:00:00+00:00,2023-12-04T23:59:59.999000+00:00,SHIBUSDT,0.00000902,0.00000965,0.00000865,0.00000921,12874083045748.00,117285231.78156321,220543,6454036448873.00,58860291.27748027
2023-12-05T00:00:00+00:00,2023-12-05T23:59:59.999000+00:00,SHIBUSDT,0.00000921,0.00000958,0.00000887,0.00000949,10604291938972.00,98147335.83401979,187967,5318524709415.00,49262095.36483759
2023-12-06T00:00:00+00:00,2023-12-06T23:59:59.999000+00:00,SHIBUSDT,0.00000949,0.00001070,0.00000931,0.00000972,20385955254073.00,203060340.82011239,388193,10199032175482.00,101697647.30908765
2023-12-07T00:00:00+00:00,2023-12-07T23:59:59.999000+00:00,SHIBUSDT,0.00000971,0.00000988,0.00000938,0.00000978,6279589108739.00,60786182.87821622,116832,2935370316011.00,28439136.69679675
2023-12-08T00:00:00+00:00,2023-12-08T23:59:59.999000+00:00,SHIBUSDT,0.00000978,0.00001044,0.00000974,0.00001019,7299445199717.00,73496880.32581809,133207,3789644709475.00,38177762.34016182
2023-12-09T00:00:00+00:00,2023-12-09T23:59:59.999000+00:00,SHIBUSDT,0.00001020,0.00001045,0.00000990,0.00000999,7132170248698.00,72964502.81199674,134587,3475832661399.00,35571415.13236312
2023-12-10T00:00:00+00:00,2023-12-10T23:59:59.999000+00:00,SHIBUSDT,0.00000999,0.00001039,0.00000990,0.00001033,5430806233796.00,55275324.54107390,103717,2686882932613.00,27366400.10230002
2023-12-11T00:00:00+00:00,2023-12-11T23:59:59.999000+00:00,SHIBUSDT,0.00001032,0.00001060,0.00000910,0.00000951,11489012631409.00,111276907.09401764,209959,5664084327442.00,54899617.99527216
2023-12-12T00:00:00+00:00,2023-12-12T23:59:59.999000+00:00,SHIBUSDT,0.00000952,0.00000977,0.00000929,0.00000957,4635904936911.00,44328975.99890067,93841,2273149663037.00,21743826.35764143
2023-12-13T00:00:00+00:00,2023-12-13T23:59:59.999000+00:00,SHIBUSDT,0.00000958,0.00000987,0.00000914,0.00000980,4449423771777.00,42312468.21867400,86723,2222788955135.00,21160738.62410958
2023-12-14T00:00:00+00:00,2023-12-14T23:59:59.999000+00:00,SHIBUSDT,0.00000981,0.00001020,0.00000950,0.00001008,5439037741851.00,54229817.54999051,110693,2693746131814.00,26865110.79805292
2023-12-15T00:00:00+00:00,2023-12-15T23:59:59.999000+00:00,SHIBUSDT,0.00001008,0.00001010,0.00000957,0.00000960,3778937131276.00,37104231.07670289,79642,1781348886951.00,17482331.50877208
2023-12-16T00:00:00+00:00,2023-12-16T23:59:59.999000+00:00,SHIBUSDT,0.00000960,0.00001172,0.00000946,0.00001160,16445060785290.00,176046281.80055883,335251,8816677906438.00,94421786.46938427
2023-12-17T00:00:00+00:00,2023-12-17T23:59:59.999000+00:00,SHIBUSDT,0.00001160,0.00001195,0.00001023,0.00001030,12826893301482.00,139098816.10673348,249604,6175768743782.00,66993853.14103036
2023-12-18T00:00:00+00:00,2023-12-18T23:59:59.999000+00:00,SHIBUSDT,0.00001030,0.00001050,0.00000954,0.00001044,8415148643940.00,84585389.42898106,152987,4107256637699.00,41318491.75589439
2023-12-19T00:00:00+00:00,2023-12-19T23:59:59.999000+00:00,SHIBUSDT,0.00001044,0.00001059,0.00000999,0.00001012,4259796688330.00,43833767.54167781,91636,2048387120904.00,21080117.78771558
2023-12-20T00:00:00+00:00,2023-12-20T23:59:59.999000+00:00,SHIBUSDT,0.00001012,0.00001051,0.00000995,0.00001024,3869769326531.00,39704754.58627465,86802,1967957929025.00,20203286.47174166
2023-12-21T00:00:00+00:00,2023-12-21T23:59:59.999000+00:00,SHIBUSDT,0.00001024,0.00001056,0.00001013,0.00001043,3452105271058.00,35739677.81032937,78115,1765655574429.00,18286620.95550484
2023-12-22T00:00:00+00:00,2023-12-22T23:59:59.999000+00:00,SHIBUSDT,0.00001044,0.00001096,0.00001031,0.00001091,6438377994429.00,68627229.96647112,143312,3209805439063.00,34216150.48535017
2023-12-23T00:00:00+00:00,2023-12-23T23:59:59.999000+00:00,SHIBUSDT,0.00001090,0.00001128,0.00001052,0.00001107,5779650272111.00,63267564.72308268,141845,2893188860249.00,31675719.24696802
2023-12-24T00:00:00+00:00,2023-12-24T23:59:59.999000+00:00,SHIBUSDT,0.00001106,0.00001110,0.00001044,0.00001066,4416781554608.00,47976580.29438397,123266,2123008575646.00,23086177.41250769
2023-12-25T00:00:00+00:00,2023-12-25T23:59:59.999000+00:00,SHIBUSDT,0.00001065,0.00001105,0.00001054,0.00001102,3583595648212.00,38930248.88202562,97326,1759649397974.00,19127480.76295839
2023-12-26T00:00:00+00:00,2023-12-26T23:59:59.999000+00:00,SHIBUSDT,0.00001101,0.00001103,0.00001000,0.00001059,4818861286461.00,50967955.35296121,131452,2325749664573.00,24599615.41919983
2023-12-27T00:00:00+00:00,2023-12-27T23:59:59.999000+00:00,SHIBUSDT,0.00001060,0.00001094,0.00001027,0.00001089,3548911343952.00,37884026.39764216,93080,1735288897041.00,18534313.69053384
2023-12-28T00:00:00+00:00,2023-12-28T23:59:59.999000+00:00,SHIBUSDT,0.00001090,0.00001106,0.00001044,0.00001061,4548816263148.00,48838776.78603335,123673,2173935336027.00,23341744.92184922
2023-12-29T00:00:00+00:00,2023-12-29T23:59:59.999000+00:00,SHIBUSDT,0.00001062,0.00001071,0.00001025,0.00001041,3229505490239.00,33894239.34388459,90357,1573680563378.00,16515882.62988612
2023-12-30T00:00:00+00:00,2023-12-30T23:59:59.999000+00:00,SHIBUSDT,0.00001042,0.00001060,0.00001035,0.00001043,1650602636728.00,17320172.46400021,52911,796440696754.00,8358529.46000785
2023-12-31T00:00:00+00:00,2023-12-31T23:59:59.999000+00:00,SHIBUSDT,0.00001043,0.00001060,0.00001025,0.00001036,1638144850711.00,17151842.48623823,52900,798678746527.00,8363006.59975492
2024-01-01T00:00:00+00:00,2024-01-01T23:59:59.999000+00:00,SHIBUSDT,0.00001036,0.00001071,0.00001021,0.00001068,1912387996323.00,20017390.81968201,58393,964507539833.00,10099611.19050898
2024-01-02T00:00:00+00:00,2024-01-02T23:59:59.999000+00:00,SHIBUSDT,0.00001068,0.00001092,0.00001046,0.00001056,4111956270583.00,43973176.76194572,104653,1996104525145.00,21347519.51034965
2024-01-03T00:00:00+00:00,2024-01-03T23:59:59.999000+00:00,SHIBUSDT,0.00001056,0.00001066,0.00000827,0.00000957,8809791876169.00,84880113.60273005,228452,4352206222636.00,41894011.67407377
2024-01-04T00:00:00+00:00,2024-01-04T23:59:59.999000+00:00,SHIBUSDT,0.00000957,0.00001014,0.00000942,0.00000999,4382945722418.00,42965677.65737269,106195,2274390296653.00,22316419.63823848
2024-01-05T00:00:00+00:00,2024-01-05T23:59:59.999000+00:00,SHIBUSDT,0.00001000,0.00001009,0.00000941,0.00000981,4406315565247.00,42806596.39933536,108286,2152696731441.00,20912188.47347013
2024-01-06T00:00:00+00:00,2024-01-06T23:59:59.999000+00:00,SHIBUSDT,0.00000981,0.00000983,0.00000932,0.00000961,2321621338265.00,22249704.91926473,71277,1141268090919.00,10941937.82380315
2024-01-07T00:00:00+00:00,2024-01-07T23:59:59.999000+00:00,SHIBUSDT,0.00000961,0.00000968,0.00000893,0.00000902,3333253542409.00,31170968.62751178,85634,1747762657075.00,16342629.53006511
2024-01-08T00:00:00+00:00,2024-01-08T23:59:59.999000+00:00,SHIBUSDT,0.00000902,0.00000959,0.00000849,0.00000958,6170976069743.00,56042951.18524099,129474,3215544983175.00,29235231.16401628
2024-01-09T00:00:00+00:00,2024-01-09T23:59:59.999000+00:00,SHIBUSDT,0.00000958,0.00001001,0.00000904,0.00000967,9003914278168.00,86068058.52631219,205173,4809769212884.00,46027059.80126910
2024-01-10T00:00:00+00:00,2024-01-10T23:59:59.999000+00:00,SHIBUSDT,0.00000967,0.00001016,0.00000911,0.00000998,6113614569122.00,58628398.94625780,157040,3074757632717.00,29514737.48281708
2024-01-11T00:00:00+00:00,2024-01-11T23:59:59.999000+00:00,SHIBUSDT,0.00000998,0.00001050,0.00000985,0.00001015,7122525106149.00,72539753.13803226,190144,3517398041925.00,35826026.20622172
2024-01-12T00:00:00+00:00,2024-01-12T23:59:59.999000+00:00,SHIBUSDT,0.00001015,0.00001030,0.00000931,0.00000964,4576377252168.00,45365339.15005309,146078,2304649842650.00,22842566.04698965
2024-01-13T00:00:00+00:00,2024-01-13T23:59:59.999000+00:00,SHIBUSDT,0.00000964,0.00001006,0.00000941,0.00000988,2528568819377.00,24802443.78099941,77736,1287311852601.00,12626409.13613756
2024-01-14T00:00:00+00:00,2024-01-14T23:59:59.999000+00:00,SHIBUSDT,0.00000987,0.00001005,0.00000953,0.00000958,2246828489926.00,22048970.38930341,75049,1082732128508.00,10627105.15571945
2024-01-15T00:00:00+00:00,2024-01-15T23:59:59.999000+00:00,SHIBUSDT,0.00000957,0.00000976,0.00000948,0.00000954,2260903688042.00,21810816.22657952,66720,1080999682898.00,10426412.74048595
2024-01-16T00:00:00+00:00,2024-01-16T23:59:59.999000+00:00,SHIBUSDT,0.00000954,0.00000975,0.00000942,0.00000967,2210699475155.00,21272940.83036823,64200,1144676813819.00,11017664.77440931
2024-01-17T00:00:00+00:00,2024-01-17T23:59:59.999000+00:00,SHIBUSDT,0.00000966,0.00000973,0.00000938,0.00000953,2449365419148.00,23370517.50901746,58756,1222341245274.00,11661903.06028482
2024-01-18T00:00:00+00:00,2024-01-18T23:59:59.999000+00:00,SHIBUSDT,0.00000953,0.00000957,0.00000896,0.00000921,3301395985827.00,30626522.53947979,79099,1662580290139.00,15418522.10147148
2024-01-19T00:00:00+00:00,2024-01-19T23:59:59.999000+00:00,SHIBUSDT,0.00000921,0.00000940,0.00000879,0.00000931,3880840285958.00,35464491.74667311,83959,1897456696684.00,17347502.58443309
2024-01-20T00:00:00+00:00,2024-01-20T23:59:59.999000+00:00,SHIBUSDT,0.00000930,0.00000986,0.00000927,0.00000968,3129666689656.00,29734759.34482262,85617,1592273649421.00,15144741.98574511
2024-01-21T00:00:00+00:00,2024-01-21T23:59:59.999000+00:00,SHIBUSDT,0.00000968,0.00000974,0.00000933,0.00000935,2289811799583.00,21789602.21100995,54072,1116643033984.00,10628807.21403176
2024-01-22T00:00:00+00:00,2024-01-22T23:59:59.999000+00:00,SHIBUSDT,0.00000935,0.00000938,0.00000886,0.00000893,3692002899345.00,33675335.80464598,87264,1848318065771.00,16864092.57902028
2024-01-23T00:00:00+00:00,2024-01-23T23:59:59.999000+00:00,SHIBUSDT,0.00000892,0.00000907,0.00000843,0.00000883,2867620135773.00,24910797.79954589,81223,1369323889869.00,11905944.16045848
2024-01-24T00:00:00+00:00,2024-01-24T23:59:59.999000+00:00,SHIBUSDT,0.00000884,0.00000900,0.00000874,0.00000890,1588436350640.00,14097089.53320372,48003,813497271056.00,7221463.26143220
2024-01-25T00:00:00+00:00,2024-01-25T23:59:59.999000+00:00,SHIBUSDT,0.00000890,0.00000893,0.00000872,0.00000887,1231958694480.00,10891813.99951899,40507,590567412616.00,5222929.87385214
2024-01-26T00:00:00+00:00,2024-01-26T23:59:59.999000+00:00,SHIBUSDT,0.00000887,0.00000914,0.00000879,0.00000904,1504400933122.00,13519975.06524038,43188,783081782167.00,7039561.70702436
2024-01-27T00:00:00+00:00,2024-01-27T23:59:59.999000+00:00,SHIBUSDT,0.00000904,0.00000922,0.00000897,0.00000913,1053112994275.00,9567353.41217673,34115,510996856273.00,4644662.39931953
2024-01-28T00:00:00+00:00,2024-01-28T23:59:59.999000+00:00,SHIBUSDT,0.00000913,0.00000925,0.00000891,0.00000900,1593710390562.00,14504435.16411340,43773,790636367722.00,7196625.63802459
2024-01-29T00:00:00+00:00,2024-01-29T23:59:59.999000+00:00,SHIBUSDT,0.00000901,0.00000928,0.00000893,0.00000920,1920411275293.00,17481007.71684882,52587,965426563516.00,8790015.32611121
2024-01-30T00:00:00+00:00,2024-01-30T23:59:59.999000+00:00,SHIBUSDT,0.00000921,0.00000946,0.00000901,0.00000905,1955717647113.00,18109368.59565187,58751,918787674792.00,8512594.07726703
2024-01-31T00:00:00+00:00,2024-01-31T23:59:59.999000+00:00,SHIBUSDT,0.00000905,0.00000914,0.00000885,0.00000894,2188792149788.00,19743485.42665422,58686,1023925108850.00,9236691.30660081
2024-02-01T00:00:00+00:00,2024-02-01T23:59:59.999000+00:00,SHIBUSDT,0.00000895,0.00000905,0.00000879,0.00000903,1404511268353.00,12528247.31380200,40813,688564707494.00,6145062.17665321
2024-02-02T00:00:00+00:00,2024-02-02T23:59:59.999000+00:00,SHIBUSDT,0.00000903,0.00000911,0.00000893,0.00000908,1076942685670.00,9733206.23824111,31193,557137122406.00,5037443.50280105
2024-02-03T00:00:00+00:00,2024-02-03T23:59:59.999000+00:00,SHIBUSDT,0.00000908,0.00000916,0.00000901,0.00000911,836708154280.00,7611148.62795918,27552,409576728117.00,3726818.75883294
2024-02-04T00:00:00+00:00,2024-02-04T23:59:59.999000+00:00,SHIBUSDT,0.00000911,0.00000914,0.00000885,0.00000890,1105103349056.00,9959340.45203990,35273,500732568007.00,4513411.05365557
2024-02-05T00:00:00+00:00,2024-02-05T23:59:59.999000+00:00,SHIBUSDT,0.00000890,0.00000904,0.00000878,0.00000891,1171408472650.00,10445457.42938801,35477,590670222914.00,5269471.73191025
2024-02-06T00:00:00+00:00,2024-02-06T23:59:59.999000+00:00,SHIBUSDT,0.00000891,0.00000895,0.00000882,0.00000886,906073311073.00,8055742.07765007,28890,444069911284.00,3948629.06828765
2024-02-07T00:00:00+00:00,2024-02-07T23:59:59.999000+00:00,SHIBUSDT,0.00000886,0.00000909,0.00000880,0.00000906,1372136341211.00,12277704.53979338,36834,713778284184.00,6386598.78687716
2024-02-08T00:00:00+00:00,2024-02-08T23:59:59.999000+00:00,SHIBUSDT,0.00000907,0.00000938,0.00000904,0.00000921,2778930430601.00,25641964.02416322,72870,1495644665598.00,13813453.58972639
2024-02-09T00:00:00+00:00,2024-02-09T23:59:59.999000+00:00,SHIBUSDT,0.00000921,0.00000947,0.00000921,0.00000939,2349462604465.00,21993712.47019507,62248,1133399217606.00,10610828.91187176
2024-02-10T00:00:00+00:00,2024-02-10T23:59:59.999000+00:00,SHIBUSDT,0.00000938,0.00000951,0.00000923,0.00000941,1685768836039.00,15835030.02492956,46786,843620713524.00,7929060.28513598
2024-02-11T00:00:00+00:00,2024-02-11T23:59:59.999000+00:00,SHIBUSDT,0.00000941,0.00000961,0.00000934,0.00000941,2030798417025.00,19221227.03657548,53349,958052140156.00,9070541.56737494
2024-02-12T00:00:00+00:00,2024-02-12T23:59:59.999000+00:00,SHIBUSDT,0.00000941,0.00000968,0.00000921,0.00000961,3030514241097.00,28581277.57377766,70450,1468294294171.00,13854277.30243291
2024-02-13T00:00:00+00:00,2024-02-13T23:59:59.999000+00:00,SHIBUSDT,0.00000962,0.00000974,0.00000927,0.00000947,3383740366676.00,32143615.47406820,80243,1563986014188.00,14861086.52439692
2024-02-14T00:00:00+00:00,2024-02-14T23:59:59.999000+00:00,SHIBUSDT,0.00000947,0.00000984,0.00000939,0.00000975,3542915331816.00,34169602.22856827,83459,1772287667222.00,17097377.77446396
2024-02-15T00:00:00+00:00,2024-02-15T23:59:59.999000+00:00,SHIBUSDT,0.00000975,0.00001005,0.00000966,0.00000986,5736236143389.00,56566146.94320146,137092,2835274135052.00,27972945.72506882
2024-02-16T00:00:00+00:00,2024-02-16T23:59:59.999000+00:00,SHIBUSDT,0.00000987,0.00001004,0.00000964,0.00000987,4465222272812.00,43993737.84438959,100319,2195673021115.00,21635147.03252062
2024-02-17T00:00:00+00:00,2024-02-17T23:59:59.999000+00:00,SHIBUSDT,0.00000988,0.00000989,0.00000941,0.00000963,3341363733260.00,32186691.89528683,71366,1577652112917.00,15191979.89085213
2024-02-18T00:00:00+00:00,2024-02-18T23:59:59.999000+00:00,SHIBUSDT,0.00000962,0.00000984,0.00000958,0.00000974,3058163343357.00,29748244.42567751,70648,1427986735093.00,13892748.25158656
2024-02-19T00:00:00+00:00,2024-02-19T23:59:59.999000+00:00,SHIBUSDT,0.00000974,0.00000995,0.00000968,0.00000990,4199876477767.00,41211872.30180686,89302,2049020233746.00,20110978.35807732
2024-02-20T00:00:00+00:00,2024-02-20T23:59:59.999000+00:00,SHIBUSDT,0.00000989,0.00000997,0.00000940,0.00000976,6735051808429.00,65510673.17934014,132182,3272064604520.00,31822697.59789850
2024-02-21T00:00:00+00:00,2024-02-21T23:59:59.999000+00:00,SHIBUSDT,0.00000976,0.00000978,0.00000930,0.00000956,4931082611631.00,46678768.61187659,92683,2403963606268.00,22748520.46924724
2024-02-22T00:00:00+00:00,2024-02-22T23:59:59.999000+00:00,SHIBUSDT,0.00000955,0.00000972,0.00000939,0.00000953,3398879658025.00,32608495.90522818,75987,1631074925062.00,15649137.57054641
2024-02-23T00:00:00+00:00,2024-02-23T23:59:59.999000+00:00,SHIBUSDT,0.00000954,0.00000961,0.00000935,0.00000952,3569517141093.00,33946952.34532123,79452,1720936506680.00,16368551.06361638
2024-02-24T00:00:00+00:00,2024-02-24T23:59:59.999000+00:00,SHIBUSDT,0.00000952,0.00000967,0.00000934,0.00000965,2530743029747.00,24142322.59677581,58569,1381863919096.00,13174708.95861236
2024-02-25T00:00:00+00:00,2024-02-25T23:59:59.999000+00:00,SHIBUSDT,0.00000965,0.00000973,0.00000956,0.00000967,2317945732919.00,22359651.45421645,49490,1153800236403.00,11133720.68575804
2024-02-26T00:00:00+00:00,2024-02-26T23:59:59.999000+00:00,SHIBUSDT,0.00000967,0.00001024,0.00000946,0.00001006,6554561473569.00,64274475.06592451,143077,3466158568653.00,34021060.66484148
2024-02-27T00:00:00+00:00,2024-02-27T23:59:59.999000+00:00,SHIBUSDT,0.00001007,0.00001142,0.00000995,0.00001089,22215690403152.00,237036558.26712861,435120,11299777135762.00,120763794.75255559
2024-02-28T00:00:00+00:00,2024-02-28T23:59:59.999000+00:00,SHIBUSDT,0.00001089,0.00001250,0.00000991,0.00001171,30521994419650.00,346666458.10700871,777012,15171219717092.00,172525857.17436057
2024-02-29T00:00:00+00:00,2024-02-29T23:59:59.999000+00:00,SHIBUSDT,0.00001170,0.00001473,0.00001143,0.00001256,41380696539929.00,555372700.37797618,1224884,20442431533998.00,274398636.33216854
2024-03-01T00:00:00+00:00,2024-03-01T23:59:59.999000+00:00,SHIBUSDT,0.00001256,0.00001728,0.00001243,0.00001687,36202482470772.00,529421395.92432339,1101598,18503917294768.00,270620242.57315293
2024-03-02T00:00:00+00:00,2024-03-02T23:59:59.999000+00:00,SHIBUSDT,0.00001687,0.00002350,0.00001652,0.00002259,67418763205546.00,1410107603.53676227,3026529,34342691239275.00,718180022.09034213
2024-03-03T00:00:00+00:00,2024-03-03T23:59:59.999000+00:00,SHIBUSDT,0.00002258,0.00002390,0.00001900,0.00002252,35524782975321.00,778293293.27688357,1741172,17591906855352.00,385721588.89029936
2024-03-04T00:00:00+00:00,2024-03-04T23:59:59.999000+00:00,SHIBUSDT,0.00002252,0.00003650,0.00002136,0.00003591,79810191168372.00,2376274702.54482368,4800885,40721834344177.00,1212896004.83143823
2024-03-05T00:00:00+00:00,2024-03-05T23:59:59.999000+00:00,SHIBUSDT,0.00003591,0.00004567,0.00002555,0.00003514,121611197501928.00,4462565991.76727324,9420984,61289935589911.00,2253713643.88025209
2024-03-06T00:00:00+00:00,2024-03-06T23:59:59.999000+00:00,SHIBUSDT,0.00003515,0.00003947,0.00003045,0.00003327,50030058483068.00,1745634098.32908712,3553173,24956809277156.00,870694601.94553780
2024-03-07T00:00:00+00:00,2024-03-07T23:59:59.999000+00:00,SHIBUSDT,0.00003327,0.00003470,0.00002929,0.00003150,31757911947482.00,1005369461.51389542,1873646,16049817437775.00,508407942.37384767
2024-03-08T00:00:00+00:00,2024-03-08T23:59:59.999000+00:00,SHIBUSDT,0.00003150,0.00003800,0.00003086,0.00003518,39385003474838.00,1368303574.26645895,2534326,20029923671172.00,696109358.68790008
2024-03-09T00:00:00+00:00,2024-03-09T23:59:59.999000+00:00,SHIBUSDT,0.00003518,0.00003695,0.00003361,0.00003495,19015799045527.00,670970739.22560563,1554188,9468082501579.00,334248786.59031798
2024-03-10T00:00:00+00:00,2024-03-10T23:59:59.999000+00:00,SHIBUSDT,0.00003496,0.00003540,0.00003164,0.00003286,14105123114920.00,477551033.25662789,1142588,6741034974642.00,228142427.30593480
2024-03-11T00:00:00+00:00,2024-03-11T23:59:59.999000+00:00,SHIBUSDT,0.00003286,0.00003523,0.00003011,0.00003386,18509794881521.00,613951001.40947108,1520003,9300882340197.00,308818160.04539950
2024-03-12T00:00:00+00:00,2024-03-12T23:59:59.999000+00:00,SHIBUSDT,0.00003386,0.00003487,0.00002999,0.00003220,13461365528756.00,434352402.81795118,1247922,6693353789152.00,216085959.23868793
2024-03-13T00:00:00+00:00,2024-03-13T23:59:59.999000+00:00,SHIBUSDT,0.00003221,0.00003355,0.00003115,0.00003202,9772581771434.00,315882407.13510963,1711754,4841506672150.00,156439893.69552293
2024-03-14T00:00:00+00:00,2024-03-14T23:59:59.999000+00:00,SHIBUSDT,0.00003203,0.00003487,0.00003040,0.00003221,22841509112852.00,749442543.16970869,5405112,11587846667570.00,380516076.80285725
2024-03-15T00:00:00+00:00,2024-03-15T23:59:59.999000+00:00,SHIBUSDT,0.00003222,0.00003277,0.00002700,0.00002990,20085122696560.00,593436344.46047428,5841612,10188903149548.00,300879498.47668692
2024-03-16T00:00:00+00:00,2024-03-16T23:59:59.999000+00:00,SHIBUSDT,0.00002990,0.00003037,0.00002380,0.00002540,18151606000342.00,482946590.72598657,5194575,8927935201713.00,237807669.59263948
2024-03-17T00:00:00+00:00,2024-03-17T23:59:59.999000+00:00,SHIBUSDT,0.00002540,0.00003020,0.00002426,0.00002955,19906164803394.00,546820353.15456748,5796977,10212817174889.00,280133183.19247578
2024-03-18T00:00:00+00:00,2024-03-18T23:59:59.999000+00:00,SHIBUSDT,0.00002955,0.00002959,0.00002634,0.00002684,12643284847617.00,351916680.10421772,4677886,6360078630297.00,177131940.01055211
2024-03-19T00:00:00+00:00,2024-03-19T23:59:59.999000+00:00,SHIBUSDT,0.00002684,0.00002737,0.00002411,0.00002489,19043268485335.00,486804798.60521066,5463115,9662438954838.00,247122481.27961986
2024-03-20T00:00:00+00:00,2024-03-20T23:59:59.999000+00:00,SHIBUSDT,0.00002489,0.00002801,0.00002366,0.00002775,18618608287784.00,480631312.15831083,4963561,9532747228648.00,246132914.83568016
2024-03-21T00:00:00+00:00,2024-03-21T23:59:59.999000+00:00,SHIBUSDT,0.00002776,0.00002865,0.00002627,0.00002720,14664703284501.00,399831851.70657505,4194563,7360981021206.00,200735207.70405530
2024-03-22T00:00:00+00:00,2024-03-22T23:59:59.999000+00:00,SHIBUSDT,0.00002720,0.00002861,0.00002582,0.00002654,11525494660918.00,310288095.47601906,3789989,5675878766692.00,152809945.81133039
2024-03-23T00:00:00+00:00,2024-03-23T23:59:59.999000+00:00,SHIBUSDT,0.00002654,0.00002850,0.00002630,0.00002712,8747773208541.00,240675894.42854125,2717214,4357714526141.00,119879075.96090046
2024-03-24T00:00:00+00:00,2024-03-24T23:59:59.999000+00:00,SHIBUSDT,0.00002713,0.00002834,0.00002707,0.00002807,7389171996970.00,205743847.47479881,2419040,3758120824069.00,104678904.59328667
2024-03-25T00:00:00+00:00,2024-03-25T23:59:59.999000+00:00,SHIBUSDT,0.00002807,0.00003065,0.00002745,0.00002870,12554252467648.00,363164956.66279557,2958481,6316391580161.00,182681534.97056357
2024-03-26T00:00:00+00:00,2024-03-26T23:59:59.999000+00:00,SHIBUSDT,0.00002870,0.00003184,0.00002848,0.00003064,14081182386154.00,425205293.41408885,3926844,7251492338633.00,218990370.48355729
2024-03-27T00:00:00+00:00,2024-03-27T23:59:59.999000+00:00,SHIBUSDT,0.00003063,0.00003188,0.00002916,0.00003018,12115034161574.00,369752484.84926856,4537889,6018791764693.00,183728514.89963335
2024-03-28T00:00:00+00:00,2024-03-28T23:59:59.999000+00:00,SHIBUSDT,0.00003017,0.00003285,0.00002981,0.00003202,14173535269730.00,447247574.85724989,3781652,7292120754032.00,230198709.22528779
2024-03-29T00:00:00+00:00,2024-03-29T23:59:59.999000+00:00,SHIBUSDT,0.00003201,0.00003214,0.00003010,0.00003079,7531734710524.00,232669411.21921712,2362273,3741604757979.00,115580874.35736850
2024-03-30T00:00:00+00:00,2024-03-30T23:59:59.999000+00:00,SHIBUSDT,0.00003079,0.00003100,0.00002950,0.00002982,5797278305270.00,175156077.50836822,1564972,2642776267976.00,79871193.36945549
2024-03-31T00:00:00+00:00,2024-03-31T23:59:59.999000+00:00,SHIBUSDT,0.00002982,0.00003081,0.00002971,0.00003074,3733754737485.00,113628153.78093783,1213634,1861487532173.00,56659278.82215982
2024-04-01T00:00:00+00:00,2024-04-01T23:59:59.999000+00:00,SHIBUSDT,0.00003074,0.00003075,0.00002765,0.00002864,7583063360560.00,218383775.57975269,2179595,3582235060061.00,103132255.41628681
2024-04-02T00:00:00+00:00,2024-04-02T23:59:59.999000+00:00,SHIBUSDT,0.00002863,0.00002864,0.00002570,0.00002641,8409411109943.00,224211473.80729298,3104696,4055483637322.00,108100910.45880732
2024-04-03T00:00:00+00:00,2024-04-03T23:59:59.999000+00:00,SHIBUSDT,0.00002640,0.00002753,0.00002550,0.00002633,6655170572124.00,177558009.27643572,2523358,3182334180964.00,84929331.00142981
2024-04-04T00:00:00+00:00,2024-04-04T23:59:59.999000+00:00,SHIBUSDT,0.00002633,0.00002848,0.00002588,0.00002770,5401318305384.00,147494654.45383440,2134410,2701473658472.00,73779803.17675464
2024-04-05T00:00:00+00:00,2024-04-05T23:59:59.999000+00:00,SHIBUSDT,0.00002770,0.00002774,0.00002629,0.00002679,4192100144920.00,112484898.43042708,1946260,2000415373629.00,53672870.51639761
2024-04-06T00:00:00+00:00,2024-04-06T23:59:59.999000+00:00,SHIBUSDT,0.00002679,0.00002779,0.00002669,0.00002743,2551932111346.00,69640345.14537789,910136,1231594718232.00,33607850.04312511
2024-04-07T00:00:00+00:00,2024-04-07T23:59:59.999000+00:00,SHIBUSDT,0.00002743,0.00002898,0.00002737,0.00002818,5309059097281.00,150585132.02768873,1635226,2684512445685.00,76150366.78844868
2024-04-08T00:00:00+00:00,2024-04-08T23:59:59.999000+00:00,SHIBUSDT,0.00002817,0.00002954,0.00002771,0.00002874,5507861254457.00,158165488.53167669,1739510,2845097277126.00,81728456.42553729
2024-04-09T00:00:00+00:00,2024-04-09T23:59:59.999000+00:00,SHIBUSDT,0.00002873,0.00002954,0.00002720,0.00002748,5800032164335.00,163553989.70883281,1981434,2818773718856.00,79552329.36218502
2024-04-10T00:00:00+00:00,2024-04-10T23:59:59.999000+00:00,SHIBUSDT,0.00002748,0.00002828,0.00002641,0.00002805,5258149366291.00,144396110.55076430,1939999,2634814108829.00,72366221.73682560
2024-04-11T00:00:00+00:00,2024-04-11T23:59:59.999000+00:00,SHIBUSDT,0.00002805,0.00002816,0.00002720,0.00002751,3359464761070.00,92836584.20035401,1319433,1645032781487.00,45461364.29247979
2024-04-12T00:00:00+00:00,2024-04-12T23:59:59.999000+00:00,SHIBUSDT,0.00002750,0.00002815,0.00002140,0.00002475,11154779309634.00,281865965.92611371,2663855,5184690793639.00,131161889.45677774
2024-04-13T00:00:00+00:00,2024-04-13T23:59:59.999000+00:00,SHIBUSDT,0.00002475,0.00002498,0.00001830,0.00002110,18275840049873.00,401115805.75232242,4207485,8977869659224.00,196797374.13070296
2024-04-14T00:00:00+00:00,2024-04-14T23:59:59.999000+00:00,SHIBUSDT,0.00002110,0.00002299,0.00002053,0.00002271,15133825428106.00,329609171.70062871,4514011,7571908305033.00,164848845.97254307
2024-04-15T00:00:00+00:00,2024-04-15T23:59:59.999000+00:00,SHIBUSDT,0.00002271,0.00002383,0.00002099,0.00002192,11699517595454.00,262175394.60938578,3842227,5657420370188.00,126778267.99243070
2024-04-16T00:00:00+00:00,2024-04-16T23:59:59.999000+00:00,SHIBUSDT,0.00002192,0.00002288,0.00002078,0.00002268,8295504306927.00,181888782.43120543,3627548,4116863985801.00,90298199.94928742
2024-04-17T00:00:00+00:00,2024-04-17T23:59:59.999000+00:00,SHIBUSDT,0.00002267,0.00002304,0.00002132,0.00002205,7069464582186.00,156079466.13603161,2344748,3567278474875.00,78746389.66770123
2024-04-18T00:00:00+00:00,2024-04-18T23:59:59.999000+00:00,SHIBUSDT,0.00002205,0.00002296,0.00002140,0.00002278,4082069370971.00,91084276.32308812,1803633,2008688104976.00,44829573.31890650
2024-04-19T00:00:00+00:00,2024-04-19T23:59:59.999000+00:00,SHIBUSDT,0.00002277,0.00002356,0.00002083,0.00002287,6308211760948.00,141350842.45424820,1937474,3134781459895.00,70230568.70892528
2024-04-20T00:00:00+00:00,2024-04-20T23:59:59.999000+00:00,SHIBUSDT,0.00002286,0.00002673,0.00002261,0.00002617,7116478362775.00,175354566.02280268,2068615,3596830376696.00,88724718.46100792
2024-04-21T00:00:00+00:00,2024-04-21T23:59:59.999000+00:00,SHIBUSDT,0.00002616,0.00002820,0.00002539,0.00002627,9612982532962.00,257270861.07458062,3522382,4822386646216.00,129061544.79760623
2024-04-22T00:00:00+00:00,2024-04-22T23:59:59.999000+00:00,SHIBUSDT,0.00002626,0.00002769,0.00002614,0.00002689,6732789399470.00,181234261.42988756,2196034,3275295985621.00,88202831.36996941
2024-04-23T00:00:00+00:00,2024-04-23T23:59:59.999000+00:00,SHIBUSDT,0.00002689,0.00002814,0.00002618,0.00002682,6214937524083.00,167715996.34601924,1937585,3094468246315.00,83568832.25674494
2024-04-24T00:00:00+00:00,2024-04-24T23:59:59.999000+00:00,SHIBUSDT,0.00002682,0.00002768,0.00002523,0.00002570,8411315380473.00,222432812.27056651,2331255,4107029065612.00,108620887.21623175
2024-04-25T00:00:00+00:00,2024-04-25T23:59:59.999000+00:00,SHIBUSDT,0.00002570,0.00002655,0.00002447,0.00002571,7677447340602.00,195183791.39422461,1796674,3801256459976.00,96684141.06586414
2024-04-26T00:00:00+00:00,2024-04-26T23:59:59.999000+00:00,SHIBUSDT,0.00002571,0.00002600,0.00002490,0.00002522,5882483097278.00,149742474.26731908,1618378,2863260489393.00,72898638.25682009
2024-04-27T00:00:00+00:00,2024-04-27T23:59:59.999000+00:00,SHIBUSDT,0.00002521,0.00002535,0.00002400,0.00002478,4503323126417.00,110881227.37559569,1327688,2215041207273.00,54555947.47003434
2024-04-28T00:00:00+00:00,2024-04-28T23:59:59.999000+00:00,SHIBUSDT,0.00002477,0.00002518,0.00002407,0.00002423,3552687278347.00,87883872.73292698,887380,1757010278915.00,43464558.41824762
2024-04-29T00:00:00+00:00,2024-04-29T23:59:59.999000+00:00,SHIBUSDT,0.00002422,0.00002438,0.00002301,0.00002410,5390149128638.00,127670603.59552068,1574672,2725496130554.00,64564922.93805965
2024-04-30T00:00:00+00:00,2024-04-30T23:59:59.999000+00:00,SHIBUSDT,0.00002410,0.00002467,0.00002177,0.00002239,7273002342752.00,166875315.55087149,2793869,3597002742074.00,82523509.74059114
2024-05-01T00:00:00+00:00,2024-05-01T23:59:59.999000+00:00,SHIBUSDT,0.00002240,0.00002315,0.00002057,0.00002266,9617818551684.00,208525313.51439317,2303892,4870265499210.00,105531310.13413597
2024-05-02T00:00:00+00:00,2024-05-02T23:59:59.999000+00:00,SHIBUSDT,0.00002265,0.00002350,0.00002152,0.00002279,8041915875327.00,181883643.59585025,1991951,4041194061723.00,91501693.52605344
2024-05-03T00:00:00+00:00,2024-05-03T23:59:59.999000+00:00,SHIBUSDT,0.00002278,0.00002475,0.00002261,0.00002444,6896025995519.00,162910882.14141163,1658917,3539153623063.00,83635316.87350163
2024-05-04T00:00:00+00:00,2024-05-04T23:59:59.999000+00:00,SHIBUSDT,0.00002443,0.00002632,0.00002428,0.00002505,6319085393181.00,159157624.41995840,1950949,3164235650747.00,79694031.18202528
2024-05-05T00:00:00+00:00,2024-05-05T23:59:59.999000+00:00,SHIBUSDT,0.00002504,0.00002523,0.00002431,0.00002471,3467847422496.00,85659095.25682035,1129539,1680213530069.00,41501644.67326822
2024-05-06T00:00:00+00:00,2024-05-06T23:59:59.999000+00:00,SHIBUSDT,0.00002470,0.00002575,0.00002381,0.00002388,5770035728099.00,142024683.84215021,1643327,2793839023423.00,68778114.83724416
2024-05-07T00:00:00+00:00,2024-05-07T23:59:59.999000+00:00,SHIBUSDT,0.00002387,0.00002424,0.00002291,0.00002298,4244787899989.00,100571731.79756585,862397,2133341912516.00,50560931.03461223
2024-05-08T00:00:00+00:00,2024-05-08T23:59:59.999000+00:00,SHIBUSDT,0.00002298,0.00002326,0.00002233,0.00002254,4482728574464.00,102180739.27719876,1177062,2186179262633.00,49842085.82203644
2024-05-09T00:00:00+00:00,2024-05-09T23:59:59.999000+00:00,SHIBUSDT,0.00002254,0.00002379,0.00002230,0.00002348,3847010300389.00,88297651.71352916,898774,1957687006052.00,44951357.89648540
2024-05-10T00:00:00+00:00,2024-05-10T23:59:59.999000+00:00,SHIBUSDT,0.00002347,0.00002362,0.00002213,0.00002242,4378155589374.00,99892853.75307835,1038323,2125973847011.00,48503854.30204320
2024-05-11T00:00:00+00:00,2024-05-11T23:59:59.999000+00:00,SHIBUSDT,0.00002242,0.00002293,0.00002234,0.00002251,1852046846104.00,41870120.38507366,523266,842495437283.00,19049825.26777161
2024-05-12T00:00:00+00:00,2024-05-12T23:59:59.999000+00:00,SHIBUSDT,0.00002250,0.00002275,0.00002209,0.00002231,1291147948597.00,29049137.90482672,339242,637213088707.00,14337608.33554755
2024-05-13T00:00:00+00:00,2024-05-13T23:59:59.999000+00:00,SHIBUSDT,0.00002231,0.00002466,0.00002156,0.00002336,9847706307048.00,231451040.90014418,1974322,5014664355394.00,117916564.96492134
2024-05-14T00:00:00+00:00,2024-05-14T23:59:59.999000+00:00,SHIBUSDT,0.00002336,0.00002445,0.00002287,0.00002298,9774147558361.00,230059703.38539344,1893129,4871534227612.00,114656057.15755441
2024-05-15T00:00:00+00:00,2024-05-15T23:59:59.999000+00:00,SHIBUSDT,0.00002298,0.00002555,0.00002287,0.00002525,8238095062911.00,199040766.30835031,1721637,4213388033692.00,101779254.24674990
2024-05-16T00:00:00+00:00,2024-05-16T23:59:59.999000+00:00,SHIBUSDT,0.00002525,0.00002588,0.00002417,0.00002457,6110084470425.00,152512973.42304172,1510459,2926894191446.00,73054617.42148695
2024-05-17T00:00:00+00:00,2024-05-17T23:59:59.999000+00:00,SHIBUSDT,0.00002456,0.00002531,0.00002419,0.00002502,3571538496816.00,88545232.08531042,1033935,1748450726863.00,43364783.40789110
2024-05-18T00:00:00+00:00,2024-05-18T23:59:59.999000+00:00,SHIBUSDT,0.00002501,0.00002519,0.00002437,0.00002476,2194920009495.00,54379006.46404736,654156,1102548594010.00,27309561.52622162
2024-05-19T00:00:00+00:00,2024-05-19T23:59:59.999000+00:00,SHIBUSDT,0.00002476,0.00002509,0.00002359,0.00002386,2183107026891.00,53052226.31874766,740523,1036094074081.00,25184429.85165890
2024-05-20T00:00:00+00:00,2024-05-20T23:59:59.999000+00:00,SHIBUSDT,0.00002386,0.00002613,0.00002351,0.00002607,5596728225720.00,138440631.91868774,1519134,2834282446510.00,70208276.86402842
2024-05-21T00:00:00+00:00,2024-05-21T23:59:59.999000+00:00,SHIBUSDT,0.00002606,0.00002669,0.00002503,0.00002612,8801627816712.00,226430234.15144800,2389499,4431555292333.00,114040985.52957239
2024-05-22T00:00:00+00:00,2024-05-22T23:59:59.999000+00:00,SHIBUSDT,0.00002611,0.00002686,0.00002501,0.00002533,7272234651256.00,187862073.35103188,2183283,3675796961834.00,94952037.69120068
2024-05-23T00:00:00+00:00,2024-05-23T23:59:59.999000+00:00,SHIBUSDT,0.00002532,0.00002574,0.00002339,0.00002461,7388103199150.00,182657535.31531432,1930985,3516771902876.00,86950673.72294444
2024-05-24T00:00:00+00:00,2024-05-24T23:59:59.999000+00:00,SHIBUSDT,0.00002460,0.00002511,0.00002362,0.00002440,4195441244126.00,102105489.05880456,1564187,2118149909167.00,51575679.17327564
2024-05-25T00:00:00+00:00,2024-05-25T23:59:59.999000+00:00,SHIBUSDT,0.00002440,0.00002527,0.00002429,0.00002508,2845136437759.00,70541403.69993833,883219,1352933020145.00,33559991.75758924
2024-05-26T00:00:00+00:00,2024-05-26T23:59:59.999000+00:00,SHIBUSDT,0.00002508,0.00002517,0.00002414,0.00002433,2396225445892.00,58952108.55749413,856011,1081683475153.00,26607617.00227617
2024-05-27T00:00:00+00:00,2024-05-27T23:59:59.999000+00:00,SHIBUSDT,0.00002432,0.00002623,0.00002431,0.00002552,7189013499666.00,183123545.82689617,1707144,3579573175606.00,91163998.31023599
2024-05-28T00:00:00+00:00,2024-05-28T23:59:59.999000+00:00,SHIBUSDT,0.00002552,0.00002738,0.00002444,0.00002674,11136854911998.00,288821126.75538372,2635042,5762924879510.00,149571861.15997177
2024-05-29T00:00:00+00:00,2024-05-29T23:59:59.999000+00:00,SHIBUSDT,0.00002675,0.00002945,0.00002652,0.00002755,14930763774093.00,415912812.69925729,4155614,7281074906464.00,202945462.33120093
2024-05-30T00:00:00+00:00,2024-05-30T23:59:59.999000+00:00,SHIBUSDT,0.00002755,0.00002883,0.00002561,0.00002588,8972985741670.00,240202890.71726328,2815584,4173077199378.00,111911237.52426786
2024-05-31T00:00:00+00:00,2024-05-31T23:59:59.999000+00:00,SHIBUSDT,0.00002588,0.00002635,0.00002487,0.00002543,4561819514958.00,117182901.03156622,1652938,2146775607880.00,55150601.27263369
2024-06-01T00:00:00+00:00,2024-06-01T23:59:59.999000+00:00,SHIBUSDT,0.00002543,0.00002550,0.00002511,0.00002526,1836300386585.00,46509148.65981128,661295,892844072076.00,22617445.48559110
2024-06-02T00:00:00+00:00,2024-06-02T23:59:59.999000+00:00,SHIBUSDT,0.00002526,0.00002549,0.00002402,0.00002462,3592351944695.00,88988101.33509708,1027742,1612109857075.00,39939952.66546561
2024-06-03T00:00:00+00:00,2024-06-03T23:59:59.999000+00:00,SHIBUSDT,0.00002461,0.00002540,0.00002427,0.00002443,3648093452153.00,90603428.70711396,1273002,1853074246416.00,46035636.05530916
2024-06-04T00:00:00+00:00,2024-06-04T23:59:59.999000+00:00,SHIBUSDT,0.00002443,0.00002467,0.00002282,0.00002461,4874789884758.00,117005117.25203224,1219199,2516540756161.00,60392986.78862767
2024-06-05T00:00:00+00:00,2024-06-05T23:59:59.999000+00:00,SHIBUSDT,0.00002460,0.00002633,0.00002450,0.00002594,7520801185035.00,193540053.13256429,1919046,3924602946526.00,100996368.10424480
2024-06-06T00:00:00+00:00,2024-06-06T23:59:59.999000+00:00,SHIBUSDT,0.00002593,0.00002622,0.00002494,0.00002524,3330439495822.00,85349231.31424501,1107839,1615308155877.00,41410682.86315679
2024-06-07T00:00:00+00:00,2024-06-07T23:59:59.999000+00:00,SHIBUSDT,0.00002523,0.00002549,0.00002145,0.00002369,6190452475750.00,147296944.26433174,1281270,2954077149745.00,70463482.27206804
2024-06-08T00:00:00+00:00,2024-06-08T23:59:59.999000+00:00,SHIBUSDT,0.00002370,0.00002415,0.00002300,0.00002321,2740406186719.00,64521731.12586361,923912,1322277601780.00,31155054.31444038
2024-06-09T00:00:00+00:00,2024-06-09T23:59:59.999000+00:00,SHIBUSDT,0.00002321,0.00002367,0.00002295,0.00002349,1393234150076.00,32425655.98604819,569894,666710528010.00,15518790.67243517
2024-06-10T00:00:00+00:00,2024-06-10T23:59:59.999000+00:00,SHIBUSDT,0.00002349,0.00002362,0.00002269,0.00002291,2054438225241.00,47496032.91701640,824028,1001531930625.00,23153700.29810575
2024-06-11T00:00:00+00:00,2024-06-11T23:59:59.999000+00:00,SHIBUSDT,0.00002291,0.00002297,0.00002105,0.00002163,4514209308692.00,99339849.03846736,1385835,2122160878601.00,46711959.13414779
2024-06-12T00:00:00+00:00,2024-06-12T23:59:59.999000+00:00,SHIBUSDT,0.00002163,0.00002324,0.00002112,0.00002221,6060851125491.00,135589622.71761146,1776089,2974402276614.00,66516814.42723035
2024-06-13T00:00:00+00:00,2024-06-13T23:59:59.999000+00:00,SHIBUSDT,0.00002220,0.00002221,0.00002095,0.00002118,2792479623371.00,60083267.93845420,1061178,1419026659254.00,30519997.94654404
2024-06-14T00:00:00+00:00,2024-06-14T23:59:59.999000+00:00,SHIBUSDT,0.00002118,0.00002189,0.00001960,0.00002029,4207861454554.00,86758603.27637482,1216186,2047586591478.00,42254555.28999843
2024-06-15T00:00:00+00:00,2024-06-15T23:59:59.999000+00:00,SHIBUSDT,0.00002029,0.00002099,0.00001998,0.00002077,1482167252261.00,30629986.41840087,660531,696944431675.00,14400809.96595354
2024-06-16T00:00:00+00:00,2024-06-16T23:59:59.999000+00:00,SHIBUSDT,0.00002077,0.00002108,0.00002040,0.00002095,1072794637241.00,22315549.57223081,491123,515711707745.00,10731035.00814029
2024-06-17T00:00:00+00:00,2024-06-17T23:59:59.999000+00:00,SHIBUSDT,0.00002095,0.00002107,0.00001860,0.00001932,3394743968561.00,66932814.16612131,1409313,1586042279771.00,31244590.71240410
2024-06-18T00:00:00+00:00,2024-06-18T23:59:59.999000+00:00,SHIBUSDT,0.00001932,0.00001944,0.00001696,0.00001809,5639084201900.00,101021734.14275219,1885070,2750459504023.00,49265685.70348660
2024-06-19T00:00:00+00:00,2024-06-19T23:59:59.999000+00:00,SHIBUSDT,0.00001809,0.00001893,0.00001796,0.00001812,2701894827467.00,49803507.05466443,1134211,1353993473402.00,24955979.05299963
2024-06-20T00:00:00+00:00,2024-06-20T23:59:59.999000+00:00,SHIBUSDT,0.00001811,0.00001900,0.00001779,0.00001804,2872038607044.00,52640368.52851846,1250906,1513568340178.00,27729422.19454278
2024-06-21T00:00:00+00:00,2024-06-21T23:59:59.999000+00:00,SHIBUSDT,0.00001803,0.00001826,0.00001740,0.00001787,2375521786024.00,42371313.27773507,1142642,1157922388425.00,20650470.08204962
2024-06-22T00:00:00+00:00,2024-06-22T23:59:59.999000+00:00,SHIBUSDT,0.00001787,0.00001833,0.00001766,0.00001799,946179055164.00,17078454.35132829,404863,421453133475.00,7608109.92373538
2024-06-23T00:00:00+00:00,2024-06-23T23:59:59.999000+00:00,SHIBUSDT,0.00001799,0.00001822,0.00001742,0.00001753,1099343244542.00,19645647.06280330,409775,475084390148.00,8492487.86938845
2024-06-24T00:00:00+00:00,2024-06-24T23:59:59.999000+00:00,SHIBUSDT,0.00001753,0.00001767,0.00001632,0.00001704,3213688061393.00,54107735.38204636,1370609,1593523792520.00,26824265.47969364
2024-06-25T00:00:00+00:00,2024-06-25T23:59:59.999000+00:00,SHIBUSDT,0.00001704,0.00001824,0.00001699,0.00001775,3032134629756.00,53468507.49924265,904867,1589857905333.00,28025896.41650148
2024-06-26T00:00:00+00:00,2024-06-26T23:59:59.999000+00:00,SHIBUSDT,0.00001774,0.00001807,0.00001710,0.00001714,1811842890468.00,31801937.23033465,632092,898777329720.00,15796558.54665467
2024-06-27T00:00:00+00:00,2024-06-27T23:59:59.999000+00:00,SHIBUSDT,0.00001713,0.00001772,0.00001686,0.00001757,2197085204490.00,38082416.52347265,632480,1084647333620.00,18806291.98562712
2024-06-28T00:00:00+00:00,2024-06-28T23:59:59.999000+00:00,SHIBUSDT,0.00001756,0.00001814,0.00001681,0.00001700,2683587776605.00,46602729.18187949,800477,1322897083292.00,22977445.36338566
2024-06-29T00:00:00+00:00,2024-06-29T23:59:59.999000+00:00,SHIBUSDT,0.00001699,0.00001726,0.00001686,0.00001691,601946984208.00,10281234.68095463,250298,267176882016.00,4565291.11625644
2024-06-30T00:00:00+00:00,2024-06-30T23:59:59.999000+00:00,SHIBUSDT,0.00001690,0.00001743,0.00001662,0.00001726,1405637010406.00,23906325.85365860,344708,721966301888.00,12284268.97179769
2024-07-01T00:00:00+00:00,2024-07-01T23:59:59.999000+00:00,SHIBUSDT,0.00001726,0.00001760,0.00001695,0.00001709,1720066839022.00,29645732.00425315,388480,870549944322.00,14997524.90600010
2024-07-02T00:00:00+00:00,2024-07-02T23:59:59.999000+00:00,SHIBUSDT,0.00001708,0.00001742,0.00001696,0.00001726,1167896648236.00,20038577.65476135,331133,563973170836.00,9674793.95552058
2024-07-03T00:00:00+00:00,2024-07-03T23:59:59.999000+00:00,SHIBUSDT,0.00001726,0.00001745,0.00001612,0.00001639,2232411482439.00,37208631.94018184,552211,1068728257094.00,17822750.83515447
2024-07-04T00:00:00+00:00,2024-07-04T23:59:59.999000+00:00,SHIBUSDT,0.00001639,0.00001648,0.00001453,0.00001463,3642679022304.00,55798879.65981832,844497,1779784829030.00,27257101.52400933
2024-07-05T00:00:00+00:00,2024-07-05T23:59:59.999000+00:00,SHIBUSDT,0.00001463,0.00001508,0.00001266,0.00001498,6134837448792.00,84520759.83382687,1437946,3144489034840.00,43242971.17782088
2024-07-06T00:00:00+00:00,2024-07-06T23:59:59.999000+00:00,SHIBUSDT,0.00001498,0.00001754,0.00001468,0.00001740,4494559226616.00,72403423.90254831,1497580,2306708026073.00,37177564.91186057
2024-07-07T00:00:00+00:00,2024-07-07T23:59:59.999000+00:00,SHIBUSDT,0.00001741,0.00001742,0.00001539,0.00001550,3720012446353.00,60448642.54904430,1319699,1867045004764.00,30303606.05177523
2024-07-08T00:00:00+00:00,2024-07-08T23:59:59.999000+00:00,SHIBUSDT,0.00001550,0.00001710,0.00001473,0.00001618,5559431844613.00,89427511.62599008,1917443,2810831627254.00,45236580.68114115
2024-07-09T00:00:00+00:00,2024-07-09T23:59:59.999000+00:00,SHIBUSDT,0.00001618,0.00001665,0.00001592,0.00001637,2515344512522.00,41044096.73213682,1138985,1291949086430.00,21087760.59568391
2024-07-10T00:00:00+00:00,2024-07-10T23:59:59.999000+00:00,SHIBUSDT,0.00001636,0.00001688,0.00001602,0.00001640,2024277469034.00,33425014.36646615,806844,1038145284066.00,17144307.69838023
2024-07-11T00:00:00+00:00,2024-07-11T23:59:59.999000+00:00,SHIBUSDT,0.00001640,0.00001702,0.00001614,0.00001623,1936908660747.00,32048177.87484367,779005,961167507942.00,15903072.80220481
2024-07-12T00:00:00+00:00,2024-07-12T23:59:59.999000+00:00,SHIBUSDT,0.00001623,0.00001664,0.00001577,0.00001650,1540480246007.00,24939673.54938179,660556,763729312042.00,12365562.21565874
2024-07-13T00:00:00+00:00,2024-07-13T23:59:59.999000+00:00,SHIBUSDT,0.00001649,0.00001739,0.00001643,0.00001711,2122305005283.00,36150338.72996562,647807,1086060801061.00,18501718.25247786
2024-07-14T00:00:00+00:00,2024-07-14T23:59:59.999000+00:00,SHIBUSDT,0.00001712,0.00001778,0.00001705,0.00001763,2024790242481.00,35155947.56915605,623528,1012709834130.00,17585776.94992653
2024-07-15T00:00:00+00:00,2024-07-15T23:59:59.999000+00:00,SHIBUSDT,0.00001763,0.00001939,0.00001748,0.00001926,3470499493495.00,63430478.54531100,1191514,1842033310096.00,33675780.03741435
2024-07-16T00:00:00+00:00,2024-07-16T23:59:59.999000+00:00,SHIBUSDT,0.00001925,0.00002017,0.00001838,0.00001933,6695609066398.00,129667422.10272323,2337905,3329672230627.00,64506308.68612951
2024-07-17T00:00:00+00:00,2024-07-17T23:59:59.999000+00:00,SHIBUSDT,0.00001933,0.00001985,0.00001849,0.00001862,3279949126693.00,62864182.20325975,1298786,1649189116632.00,31595594.94485714
2024-07-18T00:00:00+00:00,2024-07-18T23:59:59.999000+00:00,SHIBUSDT,0.00001862,0.00001898,0.00001679,0.00001739,19441200032600.00,339199574.40765464,1941706,10512371256795.00,183264754.13398919
2024-07-19T00:00:00+00:00,2024-07-19T23:59:59.999000+00:00,SHIBUSDT,0.00001739,0.00001817,0.00001686,0.00001779,8213957300383.00,143987014.08248428,1173363,4024634990581.00,70577627.72426536
2024-07-20T00:00:00+00:00,2024-07-20T23:59:59.999000+00:00,SHIBUSDT,0.00001779,0.00001847,0.00001747,0.00001810,5338157454005.00,96176604.82674554,848938,2599386650246.00,46860672.09446511
2024-07-21T00:00:00+00:00,2024-07-21T23:59:59.999000+00:00,SHIBUSDT,0.00001810,0.00001845,0.00001700,0.00001825,4741785343586.00,84679583.45728618,981955,2311610907673.00,41293833.96887933
2024-07-22T00:00:00+00:00,2024-07-22T23:59:59.999000+00:00,SHIBUSDT,0.00001825,0.00001832,0.00001740,0.00001757,3571472894918.00,63422571.71352226,845374,1711574222512.00,30397418.30772456
2024-07-23T00:00:00+00:00,2024-07-23T23:59:59.999000+00:00,SHIBUSDT,0.00001757,0.00001779,0.00001670,0.00001704,3505410807811.00,60360182.59826288,924430,1739702273232.00,29953180.79999024
2024-07-24T00:00:00+00:00,2024-07-24T23:59:59.999000+00:00,SHIBUSDT,0.00001704,0.00001758,0.00001661,0.00001679,2386171208698.00,40890944.32205180,705636,1264804224748.00,21690147.13646843
2024-07-25T00:00:00+00:00,2024-07-25T23:59:59.999000+00:00,SHIBUSDT,0.00001680,0.00001688,0.00001581,0.00001639,3901076620943.00,63301819.82231053,923677,1927137729154.00,31267141.00051716
2024-07-26T00:00:00+00:00,2024-07-26T23:59:59.999000+00:00,SHIBUSDT,0.00001640,0.00001703,0.00001637,0.00001696,1847653658945.00,30962422.60246196,463998,916320407430.00,15358469.96561702
2024-07-27T00:00:00+00:00,2024-07-27T23:59:59.999000+00:00,SHIBUSDT,0.00001696,0.00001763,0.00001671,0.00001702,3109234728230.00,53280894.39765415,722165,1521689481918.00,26079904.63712232
2024-07-28T00:00:00+00:00,2024-07-28T23:59:59.999000+00:00,SHIBUSDT,0.00001701,0.00001718,0.00001664,0.00001680,1049187230560.00,17683400.93016835,332370,493631669259.00,8323533.83057569
2024-07-29T00:00:00+00:00,2024-07-29T23:59:59.999000+00:00,SHIBUSDT,0.00001680,0.00001732,0.00001651,0.00001662,2155572321469.00,36503152.38013243,584690,1062111737976.00,17989205.04791063
2024-07-30T00:00:00+00:00,2024-07-30T23:59:59.999000+00:00,SHIBUSDT,0.00001662,0.00001685,0.00001600,0.00001641,1444232826090.00,23867095.62630756,534085,731197860639.00,12085535.37098724
2024-07-31T00:00:00+00:00,2024-07-31T23:59:59.999000+00:00,SHIBUSDT,0.00001640,0.00001670,0.00001570,0.00001592,2008360019451.00,32645931.05316563,643010,1015691375378.00,16512094.25209479
2024-08-01T00:00:00+00:00,2024-08-01T23:59:59.999000+00:00,SHIBUSDT,0.00001593,0.00001605,0.00001487,0.00001579,2667579412300.00,41295146.33132197,823657,1259768974176.00,19498475.82227247
2024-08-02T00:00:00+00:00,2024-08-02T23:59:59.999000+00:00,SHIBUSDT,0.00001579,0.00001589,0.00001459,0.00001466,2876907547383.00,43648106.23307023,1184228,1406039240016.00,21333957.35531874
2024-08-03T00:00:00+00:00,2024-08-03T23:59:59.999000+00:00,SHIBUSDT,0.00001466,0.00001484,0.00001378,0.00001423,2892241178072.00,41375407.84523730,1063518,1404532163930.00,20081797.07127339
2024-08-04T00:00:00+00:00,2024-08-04T23:59:59.999000+00:00,SHIBUSDT,0.00001424,0.00001433,0.00001297,0.00001334,3328238694579.00,45200904.51412926,1047301,1503510856991.00,20410860.46263010
2024-08-05T00:00:00+00:00,2024-08-05T23:59:59.999000+00:00,SHIBUSDT,0.00001335,0.00001397,0.00001078,0.00001323,16538479269145.00,200896358.43063957,2189851,8066436809055.00,97968245.57730641
2024-08-06T00:00:00+00:00,2024-08-06T23:59:59.999000+00:00,SHIBUSDT,0.00001324,0.00001405,0.00001312,0.00001344,5695595509475.00,77676415.70724239,2040775,2876487137116.00,39239269.71621165
2024-08-07T00:00:00+00:00,2024-08-07T23:59:59.999000+00:00,SHIBUSDT,0.00001344,0.00001395,0.00001271,0.00001288,3894577937203.00,52090380.85605292,1896011,1917056513278.00,25624043.41174049
2024-08-08T00:00:00+00:00,2024-08-08T23:59:59.999000+00:00,SHIBUSDT,0.00001289,0.00001440,0.00001264,0.00001431,3655499675027.00,49628441.85221730,1578308,1721105016808.00,23363869.32117931
2024-08-09T00:00:00+00:00,2024-08-09T23:59:59.999000+00:00,SHIBUSDT,0.00001431,0.00001432,0.00001366,0.00001404,2445492683405.00,34229391.06154666,1210464,1159857755624.00,16232848.15287765
2024-08-10T00:00:00+00:00,2024-08-10T23:59:59.999000+00:00,SHIBUSDT,0.00001404,0.00001429,0.00001387,0.00001409,1129905268597.00,15893839.56484178,572253,537857653900.00,7568501.12167738
2024-08-11T00:00:00+00:00,2024-08-11T23:59:59.999000+00:00,SHIBUSDT,0.00001410,0.00001468,0.00001327,0.00001339,2586343379179.00,36105182.87023902,1140859,1295753283916.00,18096330.53433027
2024-08-12T00:00:00+00:00,2024-08-12T23:59:59.999000+00:00,SHIBUSDT,0.00001340,0.00001410,0.00001328,0.00001391,2429548905041.00,33414019.29764575,1666550,1216100629271.00,16729400.62563899
2024-08-13T00:00:00+00:00,2024-08-13T23:59:59.999000+00:00,SHIBUSDT,0.00001392,0.00001407,0.00001349,0.00001388,1579895477061.00,21801815.80031982,1021983,755999295049.00,10432150.21233201
2024-08-14T00:00:00+00:00,2024-08-14T23:59:59.999000+00:00,SHIBUSDT,0.00001388,0.00001404,0.00001342,0.00001361,1492805373150.00,20483311.37531331,899922,739252923355.00,10145417.15192133
2024-08-15T00:00:00+00:00,2024-08-15T23:59:59.999000+00:00,SHIBUSDT,0.00001361,0.00001376,0.00001311,0.00001327,2011935911016.00,27004063.53948350,868940,993424811482.00,13322181.97214748
2024-08-16T00:00:00+00:00,2024-08-16T23:59:59.999000+00:00,SHIBUSDT,0.00001326,0.00001349,0.00001289,0.00001321,1384593084914.00,18305086.24625376,825495,683512615836.00,9034895.51692351
2024-08-17T00:00:00+00:00,2024-08-17T23:59:59.999000+00:00,SHIBUSDT,0.00001322,0.00001343,0.00001314,0.00001337,642596170223.00,8555066.56514277,295216,297235808902.00,3957461.29702372
2024-08-18T00:00:00+00:00,2024-08-18T23:59:59.999000+00:00,SHIBUSDT,0.00001338,0.00001360,0.00001322,0.00001324,855658180637.00,11493261.99450012,348390,412330043186.00,5539427.09562696
2024-08-19T00:00:00+00:00,2024-08-19T23:59:59.999000+00:00,SHIBUSDT,0.00001324,0.00001354,0.00001298,0.00001333,1996764355104.00,26351082.04387269,752296,1029805882209.00,13591418.55824480
2024-08-20T00:00:00+00:00,2024-08-20T23:59:59.999000+00:00,SHIBUSDT,0.00001334,0.00001394,0.00001331,0.00001364,2423649887042.00,33150115.12414210,884403,1213076108773.00,16593512.67775437
2024-08-21T00:00:00+00:00,2024-08-21T23:59:59.999000+00:00,SHIBUSDT,0.00001364,0.00001422,0.00001348,0.00001412,1792061570229.00,24784670.66001074,727665,853634857973.00,11804214.62399856
2024-08-22T00:00:00+00:00,2024-08-22T23:59:59.999000+00:00,SHIBUSDT,0.00001411,0.00001439,0.00001383,0.00001406,1827563533524.00,25837625.97101263,590509,878268023923.00,12415758.78178871
2024-08-23T00:00:00+00:00,2024-08-23T23:59:59.999000+00:00,SHIBUSDT,0.00001406,0.00001551,0.00001403,0.00001530,3715858014357.00,54813210.02698420,1279041,1890097859031.00,27874549.80506258
2024-08-24T00:00:00+00:00,2024-08-24T23:59:59.999000+00:00,SHIBUSDT,0.00001530,0.00001612,0.00001509,0.00001563,3455835112594.00,54031500.90505974,1251356,1657345907825.00,25911476.94022879
2024-08-25T00:00:00+00:00,2024-08-25T23:59:59.999000+00:00,SHIBUSDT,0.00001563,0.00001566,0.00001469,0.00001511,3070635212887.00,46438298.50651014,1206721,1480054058914.00,22373128.02440813
2024-08-26T00:00:00+00:00,2024-08-26T23:59:59.999000+00:00,SHIBUSDT,0.00001511,0.00001525,0.00001435,0.00001461,2831660405948.00,41854388.47265413,1265210,1475601169654.00,21798822.05920443
2024-08-27T00:00:00+00:00,2024-08-27T23:59:59.999000+00:00,SHIBUSDT,0.00001461,0.00001484,0.00001336,0.00001376,3386510751580.00,48225316.50455162,1418655,1637032511105.00,23275267.88408896
2024-08-28T00:00:00+00:00,2024-08-28T23:59:59.999000+00:00,SHIBUSDT,0.00001376,0.00001421,0.00001341,0.00001386,2702262389265.00,37294069.32718125,1649265,1304882911211.00,18009189.20855918
2024-08-29T00:00:00+00:00,2024-08-29T23:59:59.999000+00:00,SHIBUSDT,0.00001385,0.00001455,0.00001382,0.00001407,2164997071633.00,30660599.09955914,1185174,1022597852742.00,14479171.72382245
2024-08-30T00:00:00+00:00,2024-08-30T23:59:59.999000+00:00,SHIBUSDT,0.00001407,0.00001423,0.00001362,0.00001400,2294370316530.00,31950197.18388362,1213498,1142329277595.00,15906078.29595458
2024-08-31T00:00:00+00:00,2024-08-31T23:59:59.999000+00:00,SHIBUSDT,0.00001400,0.00001410,0.00001373,0.00001384,632614612824.00,8790297.90342580,343574,310860760807.00,4318569.27149298
2024-09-01T00:00:00+00:00,2024-09-01T23:59:59.999000+00:00,SHIBUSDT,0.00001384,0.00001387,0.00001304,0.00001316,1561191549479.00,21055503.17041196,853923,786866590095.00,10614152.84801645
2024-09-02T00:00:00+00:00,2024-09-02T23:59:59.999000+00:00,SHIBUSDT,0.00001315,0.00001373,0.00001310,0.00001366,1479796779779.00,19845457.85947914,806866,729760445927.00,9783864.00085775
2024-09-03T00:00:00+00:00,2024-09-03T23:59:59.999000+00:00,SHIBUSDT,0.00001366,0.00001385,0.00001304,0.00001309,1199292038440.00,16091404.11311946,694452,622460611794.00,8346534.45361784
2024-09-04T00:00:00+00:00,2024-09-04T23:59:59.999000+00:00,SHIBUSDT,0.00001309,0.00001369,0.00001244,0.00001359,2397381823366.00,31399014.23401436,1057855,1178517474280.00,15447715.26999306
2024-09-05T00:00:00+00:00,2024-09-05T23:59:59.999000+00:00,SHIBUSDT,0.00001360,0.00001364,0.00001305,0.00001319,1151758593118.00,15313347.98888304,903363,535502132770.00,7119180.91501913
2024-09-06T00:00:00+00:00,2024-09-06T23:59:59.999000+00:00,SHIBUSDT,0.00001320,0.00001345,0.00001231,0.00001280,2650530249384.00,34321030.59471837,1436292,1253241442244.00,16212080.24148040
2024-09-07T00:00:00+00:00,2024-09-07T23:59:59.999000+00:00,SHIBUSDT,0.00001280,0.00001304,0.00001272,0.00001287,893411275106.00,11522291.89857975,443162,391809715560.00,5055348.68610637
2024-09-08T00:00:00+00:00,2024-09-08T23:59:59.999000+00:00,SHIBUSDT,0.00001286,0.00001318,0.00001280,0.00001308,956500584440.00,12411291.01923192,459207,451513539636.00,5861578.26100688
2024-09-09T00:00:00+00:00,2024-09-09T23:59:59.999000+00:00,SHIBUSDT,0.00001309,0.00001376,0.00001297,0.00001354,1775937260566.00,23767534.91339290,819063,948699282673.00,12694027.27299890
2024-09-10T00:00:00+00:00,2024-09-10T23:59:59.999000+00:00,SHIBUSDT,0.00001354,0.00001369,0.00001330,0.00001353,1162170390273.00,15654232.95226123,653459,552295120440.00,7440814.33036068
2024-09-11T00:00:00+00:00,2024-09-11T23:59:59.999000+00:00,SHIBUSDT,0.00001354,0.00001355,0.00001293,0.00001326,1396830641235.00,18488918.88387913,901242,688011516655.00,9106769.44795782
2024-09-12T00:00:00+00:00,2024-09-12T23:59:59.999000+00:00,SHIBUSDT,0.00001326,0.00001354,0.00001319,0.00001352,1039348824370.00,13900547.06081644,570851,525909423552.00,7036245.46962849
2024-09-13T00:00:00+00:00,2024-09-13T23:59:59.999000+00:00,SHIBUSDT,0.00001352,0.00001411,0.00001338,0.00001396,1554881496772.00,21378268.38423266,690786,746672649623.00,10270314.29069439
2024-09-14T00:00:00+00:00,2024-09-14T23:59:59.999000+00:00,SHIBUSDT,0.00001395,0.00001406,0.00001359,0.00001373,1021712457792.00,14089069.12493929,332219,493477299588.00,6806887.65468470
2024-09-15T00:00:00+00:00,2024-09-15T23:59:59.999000+00:00,SHIBUSDT,0.00001373,0.00001387,0.00001327,0.00001338,981660114054.00,13422362.12171252,442677,454008765007.00,6205386.78699240
2024-09-16T00:00:00+00:00,2024-09-16T23:59:59.999000+00:00,SHIBUSDT,0.00001338,0.00001347,0.00001300,0.00001318,1550236202035.00,20449720.54353246,692178,746384893404.00,9843808.06255834
2024-09-17T00:00:00+00:00,2024-09-17T23:59:59.999000+00:00,SHIBUSDT,0.00001317,0.00001357,0.00001303,0.00001331,1295612667644.00,17282652.62172831,629632,645576988770.00,8613484.06376189
2024-09-18T00:00:00+00:00,2024-09-18T23:59:59.999000+00:00,SHIBUSDT,0.00001332,0.00001371,0.00001296,0.00001369,1891101424161.00,25185188.32468588,900227,910991152906.00,12134865.07558369
2024-09-19T00:00:00+00:00,2024-09-19T23:59:59.999000+00:00,SHIBUSDT,0.00001370,0.00001459,0.00001370,0.00001409,3251781936997.00,45969547.79207494,1038730,1603009019900.00,22668500.66087930
2024-09-20T00:00:00+00:00,2024-09-20T23:59:59.999000+00:00,SHIBUSDT,0.00001410,0.00001451,0.00001388,0.00001438,1977949160548.00,28202879.17334891,1064872,961600077915.00,13723508.27875000
2024-09-21T00:00:00+00:00,2024-09-21T23:59:59.999000+00:00,SHIBUSDT,0.00001438,0.00001504,0.00001410,0.00001500,1848213651996.00,27036537.25611466,811591,928680835484.00,13599922.92257662
2024-09-22T00:00:00+00:00,2024-09-22T23:59:59.999000+00:00,SHIBUSDT,0.00001499,0.00001508,0.00001415,0.00001452,1782333463943.00,25957659.37517488,990601,886768384908.00,12912884.95590975
2024-09-23T00:00:00+00:00,2024-09-23T23:59:59.999000+00:00,SHIBUSDT,0.00001453,0.00001487,0.00001420,0.00001448,1932619658827.00,28096740.96843109,1183194,938336903560.00,13638995.93896234
2024-09-24T00:00:00+00:00,2024-09-24T23:59:59.999000+00:00,SHIBUSDT,0.00001448,0.00001492,0.00001427,0.00001483,2033118707149.00,29754636.89418485,1064222,1023729164936.00,14984641.55725164
2024-09-25T00:00:00+00:00,2024-09-25T23:59:59.999000+00:00,SHIBUSDT,0.00001483,0.00001576,0.00001472,0.00001526,3900893562948.00,59608510.69950333,1632759,2003635140947.00,30637059.15801760
2024-09-26T00:00:00+00:00,2024-09-26T23:59:59.999000+00:00,SHIBUSDT,0.00001526,0.00001935,0.00001490,0.00001862,13472123037892.00,235639564.50282114,5152366,6974700973280.00,121831196.11388740
2024-09-27T00:00:00+00:00,2024-09-27T23:59:59.999000+00:00,SHIBUSDT,0.00001863,0.00002169,0.00001855,0.00002027,13636255168900.00,273526280.05934806,7382015,6991971501372.00,140158051.10580416
2024-09-28T00:00:00+00:00,2024-09-28T23:59:59.999000+00:00,SHIBUSDT,0.00002027,0.00002147,0.00001896,0.00001962,7441548624423.00,149171492.21908062,5099813,3431075811274.00,68838479.93971959
2024-09-29T00:00:00+00:00,2024-09-29T23:59:59.999000+00:00,SHIBUSDT,0.00001963,0.00002039,0.00001904,0.00001934,5103581334012.00,100374896.65736616,3525179,2513879363958.00,49485668.85414466
2024-09-30T00:00:00+00:00,2024-09-30T23:59:59.999000+00:00,SHIBUSDT,0.00001935,0.00001937,0.00001744,0.00001757,6199638319918.00,113487430.61532274,3493803,2816894842154.00,51551817.79662727
2024-10-01T00:00:00+00:00,2024-10-01T23:59:59.999000+00:00,SHIBUSDT,0.00001756,0.00001865,0.00001550,0.00001642,10377289734292.00,177705769.79114640,4460643,5275431310051.00,90446040.33068201
2024-10-02T00:00:00+00:00,2024-10-02T23:59:59.999000+00:00,SHIBUSDT,0.00001641,0.00001710,0.00001601,0.00001628,6502319016319.00,107891722.81707129,4174158,3271669753710.00,54341578.22857785
2024-10-03T00:00:00+00:00,2024-10-03T23:59:59.999000+00:00,SHIBUSDT,0.00001628,0.00001676,0.00001548,0.00001608,4738603469897.00,76270982.20072092,3606119,2301866435269.00,37056439.93270329
2024-10-04T00:00:00+00:00,2024-10-04T23:59:59.999000+00:00,SHIBUSDT,0.00001608,0.00001773,0.00001596,0.00001739,5098128322935.00,87367891.45829715,3140286,2641575625836.00,45210681.82041910
2024-10-05T00:00:00+00:00,2024-10-05T23:59:59.999000+00:00,SHIBUSDT,0.00001740,0.00001795,0.00001690,0.00001744,3063834190658.00,53482448.91432595,1892989,1431755422864.00,25023751.75979116
2024-10-06T00:00:00+00:00,2024-10-06T23:59:59.999000+00:00,SHIBUSDT,0.00001744,0.00001885,0.00001711,0.00001812,4024341109567.00,72593896.47407598,2094719,2142989651674.00,38629997.43454828
2024-10-07T00:00:00+00:00,2024-10-07T23:59:59.999000+00:00,SHIBUSDT,0.00001813,0.00001881,0.00001741,0.00001743,5193279520789.00,94501334.03598077,3359233,2531221108489.00,46100626.39112118
2024-10-08T00:00:00+00:00,2024-10-08T23:59:59.999000+00:00,SHIBUSDT,0.00001743,0.00001770,0.00001698,0.00001725,2906974095017.00,50436211.78009307,2435960,1418803495683.00,24634119.15023664
2024-10-09T00:00:00+00:00,2024-10-09T23:59:59.999000+00:00,SHIBUSDT,0.00001725,0.00001802,0.00001671,0.00001690,2948195218189.00,51116190.80574521,2368229,1424486347006.00,24732853.96751905
2024-10-10T00:00:00+00:00,2024-10-10T23:59:59.999000+00:00,SHIBUSDT,0.00001690,0.00001723,0.00001605,0.00001678,2681988159362.00,44786637.29160624,1914556,1273402696178.00,21261752.11734267
2024-10-11T00:00:00+00:00,2024-10-11T23:59:59.999000+00:00,SHIBUSDT,0.00001678,0.00001810,0.00001658,0.00001766,3577650267322.00,62529844.71636077,1996311,1684369082304.00,29459198.75841597
2024-10-12T00:00:00+00:00,2024-10-12T23:59:59.999000+00:00,SHIBUSDT,0.00001766,0.00001813,0.00001763,0.00001785,1955382916527.00,35011296.14644602,1315790,934995619769.00,16746329.48746183
2024-10-13T00:00:00+00:00,2024-10-13T23:59:59.999000+00:00,SHIBUSDT,0.00001785,0.00001794,0.00001708,0.00001764,1782795406926.00,31237351.21665206,1286233,876861035238.00,15367001.79291175
2024-10-14T00:00:00+00:00,2024-10-14T23:59:59.999000+00:00,SHIBUSDT,0.00001765,0.00001898,0.00001735,0.00001870,4328594848779.00,78845141.55343332,2229242,2188707519221.00,39885806.03142798
2024-10-15T00:00:00+00:00,2024-10-15T23:59:59.999000+00:00,SHIBUSDT,0.00001871,0.00001899,0.00001753,0.00001824,5313225486291.00,96700052.16416708,3357990,2648528629162.00,48199982.63265236
2024-10-16T00:00:00+00:00,2024-10-16T23:59:59.999000+00:00,SHIBUSDT,0.00001824,0.00001915,0.00001789,0.00001859,5226094306874.00,97343729.99837507,3462569,2688192359403.00,50107316.22759970
2024-10-17T00:00:00+00:00,2024-10-17T23:59:59.999000+00:00,SHIBUSDT,0.00001858,0.00001872,0.00001759,0.00001821,3183920867808.00,57525384.31603591,2255424,1566066673991.00,28290947.55467361
2024-10-18T00:00:00+00:00,2024-10-18T23:59:59.999000+00:00,SHIBUSDT,0.00001822,0.00001933,0.00001814,0.00001879,5064334479629.00,95443382.01032426,2537939,2484916790607.00,46853333.83415899
2024-10-19T00:00:00+00:00,2024-10-19T23:59:59.999000+00:00,SHIBUSDT,0.00001879,0.00001955,0.00001865,0.00001903,3834642427649.00,73459827.42810636,1806346,1803638755653.00,34569692.00189453
2024-10-20T00:00:00+00:00,2024-10-20T23:59:59.999000+00:00,SHIBUSDT,0.00001903,0.00001919,0.00001839,0.00001904,2101363516827.00,39467410.80193264,1334470,1051656527197.00,19755295.54426293
2024-10-21T00:00:00+00:00,2024-10-21T23:59:59.999000+00:00,SHIBUSDT,0.00001904,0.00001934,0.00001803,0.00001836,3553284097875.00,66517976.38378568,2005300,1649702397707.00,30905616.27450006
2024-10-22T00:00:00+00:00,2024-10-22T23:59:59.999000+00:00,SHIBUSDT,0.00001836,0.00001862,0.00001794,0.00001815,1895009662049.00,34565815.57212651,1520598,888551999132.00,16214310.11572660
2024-10-23T00:00:00+00:00,2024-10-23T23:59:59.999000+00:00,SHIBUSDT,0.00001815,0.00001820,0.00001706,0.00001765,2047740049325.00,36132274.21453144,1544538,973563978561.00,17180270.75511349
2024-10-24T00:00:00+00:00,2024-10-24T23:59:59.999000+00:00,SHIBUSDT,0.00001765,0.00001819,0.00001740,0.00001803,1800684770512.00,32077448.05490450,1268937,938953748975.00,16736607.35035718
2024-10-25T00:00:00+00:00,2024-10-25T23:59:59.999000+00:00,SHIBUSDT,0.00001804,0.00001809,0.00001583,0.00001656,3459052106274.00,58744956.99623221,1798250,1620178066109.00,27501081.19163525
2024-10-26T00:00:00+00:00,2024-10-26T23:59:59.999000+00:00,SHIBUSDT,0.00001656,0.00001716,0.00001637,0.00001701,1816727599826.00,30481872.93639121,1135186,855757198563.00,14357255.43210075
2024-10-27T00:00:00+00:00,2024-10-27T23:59:59.999000+00:00,SHIBUSDT,0.00001702,0.00001738,0.00001683,0.00001723,1056909337685.00,18085082.24507877,694211,520796215970.00,8915991.01014259
2024-10-28T00:00:00+00:00,2024-10-28T23:59:59.999000+00:00,SHIBUSDT,0.00001724,0.00001840,0.00001681,0.00001823,3687266779943.00,64511187.10246559,2326268,1789490304401.00,31359034.83603080
2024-10-29T00:00:00+00:00,2024-10-29T23:59:59.999000+00:00,SHIBUSDT,0.00001823,0.00001983,0.00001811,0.00001906,6703904569305.00,126585712.63324827,3358626,3369616815456.00,63661006.76055282
2024-10-30T00:00:00+00:00,2024-10-30T23:59:59.999000+00:00,SHIBUSDT,0.00001907,0.00001935,0.00001820,0.00001838,3367176274275.00,62935542.13861299,2348045,1677012834495.00,31348219.80357095
2024-10-31T00:00:00+00:00,2024-10-31T23:59:59.999000+00:00,SHIBUSDT,0.00001839,0.00001919,0.00001771,0.00001790,3619621696801.00,66595975.23668026,2606544,1737294674934.00,32014530.01584654
2024-11-01T00:00:00+00:00,2024-11-01T23:59:59.999000+00:00,SHIBUSDT,0.00001790,0.00001819,0.00001716,0.00001758,3383422969829.00,59621198.65194635,2516314,1624792403867.00,28645897.06038416
2024-11-02T00:00:00+00:00,2024-11-02T23:59:59.999000+00:00,SHIBUSDT,0.00001757,0.00001794,0.00001724,0.00001745,1088469889470.00,19121005.69697452,978763,506240492354.00,8900793.79518625
2024-11-03T00:00:00+00:00,2024-11-03T23:59:59.999000+00:00,SHIBUSDT,0.00001744,0.00001747,0.00001619,0.00001689,2152026818064.00,36112464.50648708,1858276,1002110988887.00,16798823.81662169
2024-11-04T00:00:00+00:00,2024-11-04T23:59:59.999000+00:00,SHIBUSDT,0.00001689,0.00001726,0.00001639,0.00001686,2552509804154.00,43104179.63361696,2200277,1203831899232.00,20335374.28084315
2024-11-05T00:00:00+00:00,2024-11-05T23:59:59.999000+00:00,SHIBUSDT,0.00001687,0.00001855,0.00001685,0.00001786,4714816089818.00,84016436.68114027,3155976,2303388248917.00,41003347.96039076
2024-11-06T00:00:00+00:00,2024-11-06T23:59:59.999000+00:00,SHIBUSDT,0.00001787,0.00001990,0.00001785,0.00001908,12591567731826.00,238171687.55769297,5735268,6270829977262.00,118658806.44294708
2024-11-07T00:00:00+00:00,2024-11-07T23:59:59.999000+00:00,SHIBUSDT,0.00001908,0.00001951,0.00001830,0.00001916,5291877486721.00,100192296.44924800,3250263,2542872515912.00,48174567.45296571
2024-11-08T00:00:00+00:00,2024-11-08T23:59:59.999000+00:00,SHIBUSDT,0.00001916,0.00001948,0.00001840,0.00001902,5231858933605.00,99212787.14502141,3067181,2501846219419.00,47456401.97167060
2024-11-09T00:00:00+00:00,2024-11-09T23:59:59.999000+00:00,SHIBUSDT,0.00001902,0.00002051,0.00001851,0.00002050,6775711807936.00,131886635.47739474,2774672,3383467179736.00,65895605.39121926
2024-11-10T00:00:00+00:00,2024-11-10T23:59:59.999000+00:00,SHIBUSDT,0.00002050,0.00002806,0.00002012,0.00002607,41265867138638.00,1022009292.34713634,16587177,20836808267687.00,515015311.90670203
2024-11-11T00:00:00+00:00,2024-11-11T23:59:59.999000+00:00,SHIBUSDT,0.00002608,0.00002896,0.00002440,0.00002789,30237967572177.00,811542739.58355936,16812688,15445264083568.00,414804884.85385412
2024-11-12T00:00:00+00:00,2024-11-12T23:59:59.999000+00:00,SHIBUSDT,0.00002789,0.00003046,0.00002436,0.00002647,37728928707212.00,1025347502.73119927,17787299,18426522808509.00,500365515.03934596
2024-11-13T00:00:00+00:00,2024-11-13T23:59:59.999000+00:00,SHIBUSDT,0.00002647,0.00002794,0.00002333,0.00002583,32974255388090.00,845944764.52431503,13822740,15827018988973.00,406526927.47542568
2024-11-14T00:00:00+00:00,2024-11-14T23:59:59.999000+00:00,SHIBUSDT,0.00002582,0.00002678,0.00002283,0.00002341,19127043922820.00,483410179.32408889,10801030,9382341968381.00,237436429.22967925
2024-11-15T00:00:00+00:00,2024-11-15T23:59:59.999000+00:00,SHIBUSDT,0.00002341,0.00002606,0.00002259,0.00002556,11132510019632.00,268332896.56064736,8298798,5749884033551.00,138686691.06630058
2024-11-16T00:00:00+00:00,2024-11-16T23:59:59.999000+00:00,SHIBUSDT,0.00002555,0.00002621,0.00002400,0.00002461,9270022680517.00,232039658.93405434,7445993,4516206144305.00,113140376.70884710
2024-11-17T00:00:00+00:00,2024-11-17T23:59:59.999000+00:00,SHIBUSDT,0.00002462,0.00002571,0.00002326,0.00002479,9271648870797.00,228392638.82435201,8086672,4629845044724.00,114124900.02781517
2024-11-18T00:00:00+00:00,2024-11-18T23:59:59.999000+00:00,SHIBUSDT,0.00002479,0.00002584,0.00002402,0.00002486,9738577504656.00,242283098.59290053,7608633,4923366386364.00,122508562.01136858
2024-11-19T00:00:00+00:00,2024-11-19T23:59:59.999000+00:00,SHIBUSDT,0.00002487,0.00002616,0.00002430,0.00002475,9974263081048.00,251571358.70330766,7231402,4982751658770.00,125711372.19579060
2024-11-20T00:00:00+00:00,2024-11-20T23:59:59.999000+00:00,SHIBUSDT,0.00002474,0.00002482,0.00002339,0.00002387,6667473022342.00,161450002.40405089,5411100,3296313710697.00,79870952.71975050
2024-11-21T00:00:00+00:00,2024-11-21T23:59:59.999000+00:00,SHIBUSDT,0.00002387,0.00002547,0.00002303,0.00002476,7253817201415.00,176732080.01469986,5570793,3378140115753.00,82386744.51329493
2024-11-22T00:00:00+00:00,2024-11-22T23:59:59.999000+00:00,SHIBUSDT,0.00002476,0.00002577,0.00002425,0.00002542,9239219017660.00,230156003.79863536,6632983,4602948710418.00,114732440.59810211
2024-11-23T00:00:00+00:00,2024-11-23T23:59:59.999000+00:00,SHIBUSDT,0.00002542,0.00002813,0.00002488,0.00002593,20292028429808.00,542718977.68537646,10801776,10094874347112.00,269938404.73859165
2024-11-24T00:00:00+00:00,2024-11-24T23:59:59.999000+00:00,SHIBUSDT,0.00002593,0.00002818,0.00002428,0.00002574,11923331784938.00,309642557.13626390,8649755,5952604667140.00,154694336.14963363
2024-11-25T00:00:00+00:00,2024-11-25T23:59:59.999000+00:00,SHIBUSDT,0.00002575,0.00002649,0.00002432,0.00002476,9141293899291.00,233230016.68044499,6479084,4338342870331.00,110756087.84088074
2024-11-26T00:00:00+00:00,2024-11-26T23:59:59.999000+00:00,SHIBUSDT,0.00002476,0.00002543,0.00002332,0.00002434,5380263356450.00,130681806.26885408,6236994,2630879963315.00,63987440.90471556
2024-11-27T00:00:00+00:00,2024-11-27T23:59:59.999000+00:00,SHIBUSDT,0.00002435,0.00002585,0.00002405,0.00002573,4343743016957.00,108738518.29337340,3690079,2085185520886.00,52224233.53375456
2024-11-28T00:00:00+00:00,2024-11-28T23:59:59.999000+00:00,SHIBUSDT,0.00002573,0.00002652,0.00002487,0.00002548,4207019876984.00,107363746.95605310,4191379,2072826709068.00,52931309.42110482
2024-11-29T00:00:00+00:00,2024-11-29T23:59:59.999000+00:00,SHIBUSDT,0.00002549,0.00002636,0.00002530,0.00002603,5674007313192.00,147046501.29917879,3178920,2754061594535.00,71423154.96314340
2024-11-30T00:00:00+00:00,2024-11-30T23:59:59.999000+00:00,SHIBUSDT,0.00002604,0.00002756,0.00002556,0.00002673,8000191890561.00,214140883.12951953,4809823,4086353758337.00,109451023.14891204
2024-12-01T00:00:00+00:00,2024-12-01T23:59:59.999000+00:00,SHIBUSDT,0.00002673,0.00003316,0.00002660,0.00003086,35252766445377.00,1078093869.82011236,18747427,18169553833450.00,554644753.54134391
2024-12-02T00:00:00+00:00,2024-12-02T23:59:59.999000+00:00,SHIBUSDT,0.00003087,0.00003263,0.00002823,0.00002992,18714326964919.00,560826124.36339106,13384665,9381305185364.00,281437693.02535280
2024-12-03T00:00:00+00:00,2024-12-03T23:59:59.999000+00:00,SHIBUSDT,0.00002992,0.00003095,0.00002659,0.00002861,14384807718832.00,413087897.93199286,8675466,6751469553769.00,194019576.90110830
2024-12-04T00:00:00+00:00,2024-12-04T23:59:59.999000+00:00,SHIBUSDT,0.00002861,0.00003300,0.00002859,0.00003285,18486708602343.00,563291653.82357486,11987379,9418191957265.00,287370637.66666661
2024-12-05T00:00:00+00:00,2024-12-05T23:59:59.999000+00:00,SHIBUSDT,0.00003285,0.00003296,0.00002951,0.00003045,19783485557128.00,622473590.61569245,13949342,9432773514823.00,296899010.64946916
2024-12-06T00:00:00+00:00,2024-12-06T23:59:59.999000+00:00,SHIBUSDT,0.00003046,0.00003152,0.00002910,0.00003084,8047493568750.00,246269051.35555914,6146932,3894024751656.00,119285063.78717830
2024-12-07T00:00:00+00:00,2024-12-07T23:59:59.999000+00:00,SHIBUSDT,0.00003085,0.00003335,0.00003029,0.00003197,10593002589001.00,337057559.25771939,7832457,5471132447021.00,174242675.61217507
2024-12-08T00:00:00+00:00,2024-12-08T23:59:59.999000+00:00,SHIBUSDT,0.00003196,0.00003343,0.00003120,0.00003219,7812903629427.00,251797577.93657625,6809364,3754495426042.00,121042880.70055319
2024-12-09T00:00:00+00:00,2024-12-09T23:59:59.999000+00:00,SHIBUSDT,0.00003219,0.00003222,0.00002421,0.00002725,15667987938212.00,448278832.25704970,10856089,7607033482934.00,216622487.56214003
2024-12-10T00:00:00+00:00,2024-12-10T23:59:59.999000+00:00,SHIBUSDT,0.00002725,0.00002772,0.00002418,0.00002716,15855985911459.00,414511725.68187440,11753139,7492154756393.00,195948885.52458157
2024-12-11T00:00:00+00:00,2024-12-11T23:59:59.999000+00:00,SHIBUSDT,0.00002716,0.00002933,0.00002599,0.00002879,9883629950613.00,274762303.98884407,7428996,4557631935369.00,127042910.41902234
2024-12-12T00:00:00+00:00,2024-12-12T23:59:59.999000+00:00,SHIBUSDT,0.00002880,0.00002979,0.00002779,0.00002813,6339958415521.00,182802872.69843153,6743666,3154594547299.00,91013546.13608933
2024-12-13T00:00:00+00:00,2024-12-13T23:59:59.999000+00:00,SHIBUSDT,0.00002814,0.00002859,0.00002744,0.00002855,4140837255761.00,116016206.86589847,4791890,2135696276170.00,59855646.94482324
2024-12-14T00:00:00+00:00,2024-12-14T23:59:59.999000+00:00,SHIBUSDT,0.00002854,0.00002884,0.00002683,0.00002749,3527035755366.00,98190446.52293280,3092205,1756252159735.00,48922219.77304794
2024-12-15T00:00:00+00:00,2024-12-15T23:59:59.999000+00:00,SHIBUSDT,0.00002749,0.00002807,0.00002684,0.00002788,2419499856835.00,66556654.39129289,2671381,1143787159181.00,31467834.46192476
2024-12-16T00:00:00+00:00,2024-12-16T23:59:59.999000+00:00,SHIBUSDT,0.00002789,0.00002833,0.00002655,0.00002719,3615687165963.00,99182272.52500868,4190348,1732786949176.00,47534928.59833629
2024-12-17T00:00:00+00:00,2024-12-17T23:59:59.999000+00:00,SHIBUSDT,0.00002719,0.00002749,0.00002602,0.00002632,3567752751715.00,96027315.69088146,4054831,1673004592572.00,45001854.54610525
2024-12-18T00:00:00+00:00,2024-12-18T23:59:59.999000+00:00,SHIBUSDT,0.00002633,0.00002647,0.00002371,0.00002405,7180619755691.00,180249790.28865612,5671135,3493539784444.00,87608392.25083543
2024-12-19T00:00:00+00:00,2024-12-19T23:59:59.999000+00:00,SHIBUSDT,0.00002405,0.00002450,0.00002104,0.00002157,9977701447586.00,226627379.14688422,8384983,4834167352365.00,109939026.44614950
2024-12-20T00:00:00+00:00,2024-12-20T23:59:59.999000+00:00,SHIBUSDT,0.00002156,0.00002271,0.00001853,0.00002247,11718605489671.00,239273145.54811008,9149285,5917414683127.00,120964856.64737002
2024-12-21T00:00:00+00:00,2024-12-21T23:59:59.999000+00:00,SHIBUSDT,0.00002246,0.00002400,0.00002143,0.00002170,6195830888323.00,139778588.02655163,7779164,3079948350771.00,69521159.24380849
2024-12-22T00:00:00+00:00,2024-12-22T23:59:59.999000+00:00,SHIBUSDT,0.00002171,0.00002224,0.00002088,0.00002153,3414064327148.00,73794617.02988180,5381949,1638194084202.00,35426382.98439941
2024-12-23T00:00:00+00:00,2024-12-23T23:59:59.999000+00:00,SHIBUSDT,0.00002153,0.00002284,0.00002095,0.00002251,4123296778815.00,90011121.25382637,5936113,1971736987880.00,43077275.86047119
2024-12-24T00:00:00+00:00,2024-12-24T23:59:59.999000+00:00,SHIBUSDT,0.00002251,0.00002365,0.00002192,0.00002350,3444288545722.00,78603276.09859547,3674373,1746432932912.00,39883417.90832445
2024-12-25T00:00:00+00:00,2024-12-25T23:59:59.999000+00:00,SHIBUSDT,0.00002350,0.00002408,0.00002257,0.00002283,3011767165457.00,69844950.79913382,3368473,1459483529973.00,33851791.83611221
2024-12-26T00:00:00+00:00,2024-12-26T23:59:59.999000+00:00,SHIBUSDT,0.00002283,0.00002313,0.00002128,0.00002159,2511376514586.00,55067499.45221057,3228117,1235126042187.00,27056203.61938426
2024-12-27T00:00:00+00:00,2024-12-27T23:59:59.999000+00:00,SHIBUSDT,0.00002159,0.00002243,0.00002134,0.00002170,2288035452137.00,49982297.22991164,3177107,1128793942362.00,24662389.23609551
2024-12-28T00:00:00+00:00,2024-12-28T23:59:59.999000+00:00,SHIBUSDT,0.00002169,0.00002239,0.00002153,0.00002218,1441391196613.00,31697429.65953768,1983302,668827718941.00,14720464.20269639
2024-12-29T00:00:00+00:00,2024-12-29T23:59:59.999000+00:00,SHIBUSDT,0.00002218,0.00002245,0.00002130,0.00002135,1628058917767.00,35613499.47771310,1848702,757460090882.00,16602418.41804188
2024-12-30T00:00:00+00:00,2024-12-30T23:59:59.999000+00:00,SHIBUSDT,0.00002135,0.00002189,0.00002053,0.00002114,2546728216573.00,54211180.43691527,3667901,1292199826024.00,27518468.16939754
2024-12-31T00:00:00+00:00,2024-12-31T23:59:59.999000+00:00,SHIBUSDT,0.00002114,0.00002191,0.00002051,0.00002118,2758357733556.00,58519989.21776028,2953702,1369834664274.00,29066565.73025644
2025-01-01T00:00:00+00:00,2025-01-01T23:59:59.999000+00:00,SHIBUSDT,0.00002118,0.00002174,0.00002071,0.00002170,1932452526838.00,41112668.99269299,1793136,906364005352.00,19284314.83712792
2025-01-02T00:00:00+00:00,2025-01-02T23:59:59.999000+00:00,SHIBUSDT,0.00002169,0.00002306,0.00002160,0.00002291,3227940784557.00,72613905.85266659,3236033,1642877613813.00,36942863.75248405
2025-01-03T00:00:00+00:00,2025-01-03T23:59:59.999000+00:00,SHIBUSDT,0.00002291,0.00002464,0.00002249,0.00002443,3326637610500.00,78493026.21791673,3515508,1658955049936.00,39186182.00484236
2025-01-04T00:00:00+00:00,2025-01-04T23:59:59.999000+00:00,SHIBUSDT,0.00002442,0.00002493,0.00002388,0.00002433,2577410961153.00,62871713.54142099,2949219,1275447200423.00,31125950.00870130
2025-01-05T00:00:00+00:00,2025-01-05T23:59:59.999000+00:00,SHIBUSDT,0.00002434,0.00002441,0.00002345,0.00002392,1808839971741.00,43212449.91960008,1928055,833709195630.00,19914259.84067865
2025-01-06T00:00:00+00:00,2025-01-06T23:59:59.999000+00:00,SHIBUSDT,0.00002393,0.00002462,0.00002342,0.00002406,2760588269624.00,66603201.66447643,2932046,1397297448812.00,33712709.75435763
2025-01-07T00:00:00+00:00,2025-01-07T23:59:59.999000+00:00,SHIBUSDT,0.00002406,0.00002428,0.00002167,0.00002179,4990949237981.00,114061493.36694293,3615185,2443804469816.00,55852724.11228364
2025-01-08T00:00:00+00:00,2025-01-08T23:59:59.999000+00:00,SHIBUSDT,0.00002179,0.00002198,0.00002025,0.00002130,4060310316268.00,86416994.46262886,4920138,1933600267370.00,41184062.45506823
2025-01-09T00:00:00+00:00,2025-01-09T23:59:59.999000+00:00,SHIBUSDT,0.00002129,0.00002203,0.00002048,0.00002104,2969000294233.00,62882672.73951180,4571090,1464120899780.00,31022144.32181517
2025-01-10T00:00:00+00:00,2025-01-10T23:59:59.999000+00:00,SHIBUSDT,0.00002104,0.00002190,0.00002103,0.00002156,2664676966361.00,57187329.28877751,3893549,1289693304558.00,27688811.89426895
2025-01-11T00:00:00+00:00,2025-01-11T23:59:59.999000+00:00,SHIBUSDT,0.00002157,0.00002274,0.00002134,0.00002221,2064915162941.00,45316525.35736028,2113958,1034567500331.00,22711166.77697346
2025-01-12T00:00:00+00:00,2025-01-12T23:59:59.999000+00:00,SHIBUSDT,0.00002221,0.00002221,0.00002129,0.00002156,1343111945315.00,29181521.90772214,1582121,655671695309.00,14243941.09776953
2025-01-13T00:00:00+00:00,2025-01-13T23:59:59.999000+00:00,SHIBUSDT,0.00002156,0.00002216,0.00001960,0.00002120,4807818267201.00,99425105.77778092,5281205,2319224258924.00,47928906.12966213
2025-01-14T00:00:00+00:00,2025-01-14T23:59:59.999000+00:00,SHIBUSDT,0.00002121,0.00002200,0.00002110,0.00002163,2245858609873.00,48186306.32943318,2417307,1142398625965.00,24521952.39642668
2025-01-15T00:00:00+00:00,2025-01-15T23:59:59.999000+00:00,SHIBUSDT,0.00002163,0.00002285,0.00002093,0.00002274,3994883473032.00,87377643.11861965,3165713,2020360318904.00,44253916.65912114
2025-01-16T00:00:00+00:00,2025-01-16T23:59:59.999000+00:00,SHIBUSDT,0.00002274,0.00002282,0.00002170,0.00002202,3821784510543.00,84905013.64413057,3653348,1930467257840.00,42892705.65394487
2025-01-17T00:00:00+00:00,2025-01-17T23:59:59.999000+00:00,SHIBUSDT,0.00002202,0.00002463,0.00002201,0.00002419,7596807405117.00,181475116.67492426,5041788,4096530897201.00,97753591.59399697
2025-01-18T00:00:00+00:00,2025-01-18T23:59:59.999000+00:00,SHIBUSDT,0.00002419,0.00002497,0.00002235,0.00002278,6420846286036.00,148526976.53514351,5072754,2934584913003.00,67959679.52815265
2025-01-19T00:00:00+00:00,2025-01-19T23:59:59.999000+00:00,SHIBUSDT,0.00002277,0.00002326,0.00001975,0.00002034,15543684050898.00,329313105.25988438,6239504,7147713646354.00,151324095.30903328
2025-01-20T00:00:00+00:00,2025-01-20T23:59:59.999000+00:00,SHIBUSDT,0.00002035,0.00002220,0.00001964,0.00002033,13016258850106.00,268870378.97896609,6353604,6393428872295.00,132226753.99555765
2025-01-21T00:00:00+00:00,2025-01-21T23:59:59.999000+00:00,SHIBUSDT,0.00002034,0.00002136,0.00001965,0.00002090,5654428919384.00,116262523.74483285,5515679,2961013749924.00,60866336.41042062
2025-01-22T00:00:00+00:00,2025-01-22T23:59:59.999000+00:00,SHIBUSDT,0.00002091,0.00002100,0.00002006,0.00002018,2193280532682.00,44880956.65340178,2373890,1056629310909.00,21630509.90389602
2025-01-23T00:00:00+00:00,2025-01-23T23:59:59.999000+00:00,SHIBUSDT,0.00002017,0.00002050,0.00001954,0.00002014,3329864319027.00,66575717.37303668,3438874,1579294200224.00,31577518.06749149
2025-01-24T00:00:00+00:00,2025-01-24T23:59:59.999000+00:00,SHIBUSDT,0.00002014,0.00002057,0.00001949,0.00001997,2212494542789.00,44534819.32588286,2403113,1117590630878.00,22502980.46997986
2025-01-25T00:00:00+00:00,2025-01-25T23:59:59.999000+00:00,SHIBUSDT,0.00001997,0.00002023,0.00001969,0.00001994,1120935326879.00,22407200.05565684,1206862,531906671881.00,10634229.16264033
2025-01-26T00:00:00+00:00,2025-01-26T23:59:59.999000+00:00,SHIBUSDT,0.00001994,0.00002016,0.00001903,0.00001909,1450771662343.00,28577164.36855181,949173,691695100815.00,13635426.41809894
2025-01-27T00:00:00+00:00,2025-01-27T23:59:59.999000+00:00,SHIBUSDT,0.00001910,0.00001917,0.00001727,0.00001897,4461333503771.00,81460753.68205514,4473150,2099314127835.00,38344407.42843243
2025-01-28T00:00:00+00:00,2025-01-28T23:59:59.999000+00:00,SHIBUSDT,0.00001898,0.00001933,0.00001771,0.00001796,2237457859035.00,41769167.11421397,2164613,1065687753864.00,19898693.27242745
2025-01-29T00:00:00+00:00,2025-01-29T23:59:59.999000+00:00,SHIBUSDT,0.00001797,0.00001882,0.00001781,0.00001829,2782552724758.00,51011923.06892665,2492694,1357942898179.00,24900032.58936623
2025-01-30T00:00:00+00:00,2025-01-30T23:59:59.999000+00:00,SHIBUSDT,0.00001830,0.00001899,0.00001817,0.00001868,1881177049609.00,35098946.37030539,1378971,974883383811.00,18191113.89535463
2025-01-31T00:00:00+00:00,2025-01-31T23:59:59.999000+00:00,SHIBUSDT,0.00001868,0.00001968,0.00001848,0.00001890,2927643514630.00,55860978.95225579,1939201,1498328862334.00,28611254.10127215
2025-02-01T00:00:00+00:00,2025-02-01T23:59:59.999000+00:00,SHIBUSDT,0.00001889,0.00001925,0.00001747,0.00001760,2627678057063.00,48481439.39956876,1674002,1258151328488.00,23221551.03879401
2025-02-02T00:00:00+00:00,2025-02-02T23:59:59.999000+00:00,SHIBUSDT,0.00001761,0.00001796,0.00001471,0.00001551,8899643466817.00,143594308.54216324,4347372,4146611387439.00,66828471.81960858
2025-02-03T00:00:00+00:00,2025-02-03T23:59:59.999000+00:00,SHIBUSDT,0.00001552,0.00001688,0.00001160,0.00001680,20635270646663.00,296464611.90523148,7080225,10164109887723.00,145965308.24398506
2025-02-04T00:00:00+00:00,2025-02-04T23:59:59.999000+00:00,SHIBUSDT,0.00001679,0.00001694,0.00001506,0.00001575,7350292457897.00,115755257.62139721,5383322,3701354828424.00,58291197.06386913
2025-02-05T00:00:00+00:00,2025-02-05T23:59:59.999000+00:00,SHIBUSDT,0.00001575,0.00001676,0.00001550,0.00001577,3837838627256.00,61672267.46634435,3992971,1928775075084.00,31035494.46387815
2025-02-06T00:00:00+00:00,2025-02-06T23:59:59.999000+00:00,SHIBUSDT,0.00001577,0.00001616,0.00001473,0.00001486,3492494016702.00,53663990.45713893,3264131,1501295040986.00,23103956.44413074
2025-02-07T00:00:00+00:00,2025-02-07T23:59:59.999000+00:00,SHIBUSDT,0.00001486,0.00001572,0.00001462,0.00001510,3358832754906.00,50981407.13732062,2876892,1624589569581.00,24686070.44214361
2025-02-08T00:00:00+00:00,2025-02-08T23:59:59.999000+00:00,SHIBUSDT,0.00001510,0.00001607,0.00001501,0.00001596,2330037781675.00,36377387.21810113,1525853,1185663766534.00,18504925.07620774
2025-02-09T00:00:00+00:00,2025-02-09T23:59:59.999000+00:00,SHIBUSDT,0.00001596,0.00001654,0.00001514,0.00001566,2098392933305.00,33384530.57961982,1641524,1030015584515.00,16384388.89611994
2025-02-10T00:00:00+00:00,2025-02-10T23:59:59.999000+00:00,SHIBUSDT,0.00001567,0.00001612,0.00001528,0.00001580,1648398895424.00,26059578.65265981,2131872,811445023672.00,12828023.30445720
2025-02-11T00:00:00+00:00,2025-02-11T23:59:59.999000+00:00,SHIBUSDT,0.00001580,0.00001650,0.00001544,0.00001569,2523764521837.00,40315465.81007154,1956424,1325122790646.00,21140266.17037699
2025-02-12T00:00:00+00:00,2025-02-12T23:59:59.999000+00:00,SHIBUSDT,0.00001569,0.00001734,0.00001548,0.00001700,5012643490904.00,80973208.08405067,2943734,2468370177962.00,39851778.43784601
2025-02-13T00:00:00+00:00,2025-02-13T23:59:59.999000+00:00,SHIBUSDT,0.00001700,0.00001704,0.00001592,0.00001629,2474925503348.00,40521625.02597386,2013306,1173720885804.00,19208072.61603105
2025-02-14T00:00:00+00:00,2025-02-14T23:59:59.999000+00:00,SHIBUSDT,0.00001630,0.00001719,0.00001618,0.00001672,2642705376276.00,44128955.65051545,2237657,1316991423615.00,21997477.50254251
2025-02-15T00:00:00+00:00,2025-02-15T23:59:59.999000+00:00,SHIBUSDT,0.00001672,0.00001703,0.00001623,0.00001632,1464264779379.00,24214184.03643541,1475486,777912853364.00,12850043.95635415
2025-02-16T00:00:00+00:00,2025-02-16T23:59:59.999000+00:00,SHIBUSDT,0.00001633,0.00001640,0.00001583,0.00001596,1123582763290.00,18077359.23060093,1122705,568277406328.00,9142375.38781308
2025-02-17T00:00:00+00:00,2025-02-17T23:59:59.999000+00:00,SHIBUSDT,0.00001597,0.00001629,0.00001537,0.00001575,2010712116953.00,31749952.40729535,1881410,878136729503.00,13874956.20911288
2025-02-18T00:00:00+00:00,2025-02-18T23:59:59.999000+00:00,SHIBUSDT,0.00001575,0.00001580,0.00001487,0.00001523,1820336262140.00,27709483.22059002,2049109,787888604706.00,12001706.54673680
2025-02-19T00:00:00+00:00,2025-02-19T23:59:59.999000+00:00,SHIBUSDT,0.00001523,0.00001554,0.00001505,0.00001541,1065344205286.00,16333225.72188352,1164114,522162288546.00,8009206.73013489
2025-02-20T00:00:00+00:00,2025-02-20T23:59:59.999000+00:00,SHIBUSDT,0.00001542,0.00001562,0.00001529,0.00001554,1070498362866.00,16551082.09857803,886324,528264467061.00,8168490.61146497
2025-02-21T00:00:00+00:00,2025-02-21T23:59:59.999000+00:00,SHIBUSDT,0.00001554,0.00001598,0.00001485,0.00001508,2141722282338.00,33106892.31513603,1844716,1046512750723.00,16184741.74122321
2025-02-22T00:00:00+00:00,2025-02-22T23:59:59.999000+00:00,SHIBUSDT,0.00001509,0.00001579,0.00001502,0.00001560,872922499123.00,13467551.82914826,634917,448021239176.00,6906347.49489316
2025-02-23T00:00:00+00:00,2025-02-23T23:59:59.999000+00:00,SHIBUSDT,0.00001561,0.00001578,0.00001532,0.00001546,752069272902.00,11693369.99323398,621269,346749652921.00,5392150.55237077
2025-02-24T00:00:00+00:00,2025-02-24T23:59:59.999000+00:00,SHIBUSDT,0.00001546,0.00001556,0.00001344,0.00001364,3597257876096.00,51675641.49045492,2477368,1726136879343.00,24817025.32649247
2025-02-25T00:00:00+00:00,2025-02-25T23:59:59.999000+00:00,SHIBUSDT,0.00001364,0.00001428,0.00001303,0.00001409,5528727615225.00,75415280.51026586,4317373,2634828127121.00,35983018.80977684
2025-02-26T00:00:00+00:00,2025-02-26T23:59:59.999000+00:00,SHIBUSDT,0.00001410,0.00001456,0.00001376,0.00001443,2765089146266.00,39149864.08819027,2819665,1289197676379.00,18261169.88339785
2025-02-27T00:00:00+00:00,2025-02-27T23:59:59.999000+00:00,SHIBUSDT,0.00001442,0.00001486,0.00001420,0.00001443,1849442911756.00,26858190.64150345,1965227,895870664990.00,13003337.27824488
2025-02-28T00:00:00+00:00,2025-02-28T23:59:59.999000+00:00,SHIBUSDT,0.00001443,0.00001445,0.00001300,0.00001394,4606734654526.00,62480605.02653260,3440783,2262790076137.00,30684038.20143582
2025-03-01T00:00:00+00:00,2025-03-01T23:59:59.999000+00:00,SHIBUSDT,0.00001393,0.00001416,0.00001340,0.00001365,1178017543637.00,16216207.31723116,1119341,559075132887.00,7694127.52820429
2025-03-02T00:00:00+00:00,2025-03-02T23:59:59.999000+00:00,SHIBUSDT,0.00001364,0.00001520,0.00001349,0.00001515,4232071717168.00,60991257.37984772,2372323,2048568119710.00,29504837.38859694
2025-03-03T00:00:00+00:00,2025-03-03T23:59:59.999000+00:00,SHIBUSDT,0.00001515,0.00001520,0.00001269,0.00001291,5456571377082.00,74529860.46303918,3976654,2659599755688.00,36304894.45633533
2025-03-04T00:00:00+00:00,2025-03-04T23:59:59.999000+00:00,SHIBUSDT,0.00001291,0.00001326,0.00001218,0.00001309,6399189018557.00,81142111.89923533,3645626,3064473311755.00,38891248.62252461
2025-03-05T00:00:00+00:00,2025-03-05T23:59:59.999000+00:00,SHIBUSDT,0.00001308,0.00001345,0.00001286,0.00001337,1761990956923.00,23165966.02583080,1840131,861352583128.00,11320183.07773756
2025-03-06T00:00:00+00:00,2025-03-06T23:59:59.999000+00:00,SHIBUSDT,0.00001337,0.00001383,0.00001315,0.00001339,1715764587847.00,23087569.26919592,1815391,807532840861.00,10873863.50817485
2025-03-07T00:00:00+00:00,2025-03-07T23:59:59.999000+00:00,SHIBUSDT,0.00001339,0.00001376,0.00001276,0.00001315,3202440780353.00,42660006.36945470,2531066,1495889403487.00,19926953.18229584
2025-03-08T00:00:00+00:00,2025-03-08T23:59:59.999000+00:00,SHIBUSDT,0.00001314,0.00001326,0.00001256,0.00001267,1313231802009.00,16943474.49985964,1000045,653151322174.00,8419146.94702796
2025-03-09T00:00:00+00:00,2025-03-09T23:59:59.999000+00:00,SHIBUSDT,0.00001267,0.00001272,0.00001151,0.00001165,2483686943525.00,29830933.17823178,1926530,1161358619961.00,13960392.72882987
2025-03-10T00:00:00+00:00,2025-03-10T23:59:59.999000+00:00,SHIBUSDT,0.00001166,0.00001300,0.00001143,0.00001150,4701056949896.00,56877817.06870625,3543065,2189560270902.00,26485780.69283343
2025-03-11T00:00:00+00:00,2025-03-11T23:59:59.999000+00:00,SHIBUSDT,0.00001150,0.00001229,0.00001082,0.00001205,4388564560815.00,50749616.72633014,2606920,2196560428437.00,25414788.04494124
2025-03-12T00:00:00+00:00,2025-03-12T23:59:59.999000+00:00,SHIBUSDT,0.00001204,0.00001261,0.00001177,0.00001233,2510097305660.00,30597080.61977187,2140802,1162309397186.00,14169075.51370624
2025-03-13T00:00:00+00:00,2025-03-13T23:59:59.999000+00:00,SHIBUSDT,0.00001232,0.00001240,0.00001179,0.00001202,1787826831503.00,21683962.91458100,1435615,956458667936.00,11598431.12110006
2025-03-14T00:00:00+00:00,2025-03-14T23:59:59.999000+00:00,SHIBUSDT,0.00001203,0.00001292,0.00001198,0.00001278,1715406277774.00,21493666.44765884,1099565,767322414859.00,9616056.05316721
2025-03-15T00:00:00+00:00,2025-03-15T23:59:59.999000+00:00,SHIBUSDT,0.00001277,0.00001298,0.00001262,0.00001284,797986600161.00,10193665.28705047,648221,381281345866.00,4872196.55004052
2025-03-16T00:00:00+00:00,2025-03-16T23:59:59.999000+00:00,SHIBUSDT,0.00001284,0.00001383,0.00001256,0.00001311,3293490564142.00,43544712.89311469,1933496,1635018176035.00,21641412.48492683
2025-03-17T00:00:00+00:00,2025-03-17T23:59:59.999000+00:00,SHIBUSDT,0.00001312,0.00001360,0.00001277,0.00001295,2266225094029.00,29701685.81369523,1244715,1203660456727.00,15763562.66244887
2025-03-18T00:00:00+00:00,2025-03-18T23:59:59.999000+00:00,SHIBUSDT,0.00001296,0.00001297,0.00001226,0.00001255,1239717626759.00,15566597.11503822,902012,635971368297.00,7978428.09980924
2025-03-19T00:00:00+00:00,2025-03-19T23:59:59.999000+00:00,SHIBUSDT,0.00001255,0.00001299,0.00001248,0.00001293,1676982515057.00,21345880.11679599,1201405,859349840570.00,10942340.61899480
2025-03-20T00:00:00+00:00,2025-03-20T23:59:59.999000+00:00,SHIBUSDT,0.00001294,0.00001304,0.00001260,0.00001294,1100859858806.00,14152816.81616551,884773,472450671948.00,6073966.47645064
2025-03-21T00:00:00+00:00,2025-03-21T23:59:59.999000+00:00,SHIBUSDT,0.00001294,0.00001309,0.00001245,0.00001251,978518210968.00,12444575.63804739,744949,486957381259.00,6188734.67778189
2025-03-22T00:00:00+00:00,2025-03-22T23:59:59.999000+00:00,SHIBUSDT,0.00001251,0.00001296,0.00001247,0.00001281,707364500248.00,9022994.12517454,424525,319034886403.00,4069047.12171505
2025-03-23T00:00:00+00:00,2025-03-23T23:59:59.999000+00:00,SHIBUSDT,0.00001281,0.00001313,0.00001278,0.00001295,848798440236.00,10985117.54098048,468366,430668114475.00,5575802.00624042
2025-03-24T00:00:00+00:00,2025-03-24T23:59:59.999000+00:00,SHIBUSDT,0.00001295,0.00001370,0.00001277,0.00001353,1584518484251.00,21134733.68818323,1076245,819619044383.00,10924682.59525525
2025-03-25T00:00:00+00:00,2025-03-25T23:59:59.999000+00:00,SHIBUSDT,0.00001352,0.00001405,0.00001335,0.00001384,1589853549932.00,21675529.91656748,1195080,813178709387.00,11092107.29153806
2025-03-26T00:00:00+00:00,2025-03-26T23:59:59.999000+00:00,SHIBUSDT,0.00001384,0.00001567,0.00001379,0.00001421,5493331582376.00,81488058.75283862,3143299,2767081748240.00,41072419.20066477
2025-03-27T00:00:00+00:00,2025-03-27T23:59:59.999000+00:00,SHIBUSDT,0.00001421,0.00001473,0.00001392,0.00001402,2175156858900.00,31112014.17615566,1627042,1141592832134.00,16342361.46926073
2025-03-28T00:00:00+00:00,2025-03-28T23:59:59.999000+00:00,SHIBUSDT,0.00001402,0.00001405,0.00001301,0.00001324,2187479919738.00,29261740.76329400,1453807,1058041484810.00,14142249.84191789
2025-03-29T00:00:00+00:00,2025-03-29T23:59:59.999000+00:00,SHIBUSDT,0.00001325,0.00001339,0.00001243,0.00001268,1429260171148.00,18278775.30908112,1335790,675559754961.00,8634321.72776996
2025-03-30T00:00:00+00:00,2025-03-30T23:59:59.999000+00:00,SHIBUSDT,0.00001267,0.00001285,0.00001228,0.00001245,1611688852041.00,20299296.84663715,1096870,869413246949.00,10955857.68141567
2025-03-31T00:00:00+00:00,2025-03-31T23:59:59.999000+00:00,SHIBUSDT,0.00001246,0.00001258,0.00001197,0.00001238,2000711148283.00,24553257.77904251,1747975,1023128373032.00,12559293.73505016
2025-04-01T00:00:00+00:00,2025-04-01T23:59:59.999000+00:00,SHIBUSDT,0.00001238,0.00001315,0.00001237,0.00001269,1534773505827.00,19603191.67075198,1267323,788087993536.00,10059847.39605004
2025-04-02T00:00:00+00:00,2025-04-02T23:59:59.999000+00:00,SHIBUSDT,0.00001269,0.00001305,0.00001195,0.00001205,3506214293093.00,43761299.58953780,2415866,1831420489965.00,22863863.77043701
2025-04-03T00:00:00+00:00,2025-04-03T23:59:59.999000+00:00,SHIBUSDT,0.00001206,0.00001244,0.00001182,0.00001223,1965206970270.00,23880150.87146387,1595156,999651258667.00,12149630.51302257
2025-04-04T00:00:00+00:00,2025-04-04T23:59:59.999000+00:00,SHIBUSDT,0.00001223,0.00001254,0.00001193,0.00001230,2534881970519.00,31042648.54352921,1867802,1371603734957.00,16797131.09776548
2025-04-05T00:00:00+00:00,2025-04-05T23:59:59.999000+00:00,SHIBUSDT,0.00001231,0.00001244,0.00001208,0.00001234,680525576437.00,8357605.88691066,468653,366229455812.00,4498196.35795368
2025-04-06T00:00:00+00:00,2025-04-06T23:59:59.999000+00:00,SHIBUSDT,0.00001234,0.00001239,0.00001102,0.00001133,2500636032248.00,29115118.77236322,1661499,1174367511357.00,13657505.27885754
2025-04-07T00:00:00+00:00,2025-04-07T23:59:59.999000+00:00,SHIBUSDT,0.00001133,0.00001183,0.00001028,0.00001142,6559880042013.00,72658173.41668884,4515390,3292961470400.00,36468563.21033141
2025-04-08T00:00:00+00:00,2025-04-08T23:59:59.999000+00:00,SHIBUSDT,0.00001143,0.00001173,0.00001053,0.00001066,2386534580097.00,26522641.25549685,1948213,1231097243913.00,13671536.41734073
2025-04-09T00:00:00+00:00,2025-04-09T23:59:59.999000+00:00,SHIBUSDT,0.00001066,0.00001214,0.00001029,0.00001193,4069201272426.00,45792333.68686501,2835930,2081345192856.00,23423788.05610015
2025-04-10T00:00:00+00:00,2025-04-10T23:59:59.999000+00:00,SHIBUSDT,0.00001193,0.00001214,0.00001141,0.00001162,1968179220963.00,23221220.66103630,1627451,971945380920.00,11478635.65028814
2025-04-11T00:00:00+00:00,2025-04-11T23:59:59.999000+00:00,SHIBUSDT,0.00001163,0.00001238,0.00001160,0.00001220,1375393441631.00,16560015.50484529,965822,695046451738.00,8369843.72015293
2025-04-12T00:00:00+00:00,2025-04-12T23:59:59.999000+00:00,SHIBUSDT,0.00001221,0.00001268,0.00001204,0.00001254,1189414879539.00,14751229.79088185,906098,607505294420.00,7535852.09342704
2025-04-13T00:00:00+00:00,2025-04-13T23:59:59.999000+00:00,SHIBUSDT,0.00001254,0.00001259,0.00001193,0.00001205,1464094643575.00,17900495.57881677,1213909,711879184553.00,8707636.39950953
2025-04-14T00:00:00+00:00,2025-04-14T23:59:59.999000+00:00,SHIBUSDT,0.00001205,0.00001244,0.00001193,0.00001200,1658894045681.00,20249756.79357382,1310821,853182749242.00,10414065.30211573
2025-04-15T00:00:00+00:00,2025-04-15T23:59:59.999000+00:00,SHIBUSDT,0.00001201,0.00001215,0.00001165,0.00001167,1225092312074.00,14592335.53362196,918430,610946589174.00,7279527.41415211
2025-04-16T00:00:00+00:00,2025-04-16T23:59:59.999000+00:00,SHIBUSDT,0.00001168,0.00001198,0.00001146,0.00001183,1340109650833.00,15724749.70130964,1091930,725198207607.00,8513242.41124363
2025-04-17T00:00:00+00:00,2025-04-17T23:59:59.999000+00:00,SHIBUSDT,0.00001184,0.00001205,0.00001162,0.00001180,957709683389.00,11360160.27628697,691260,493799951696.00,5856989.15202770
2025-04-18T00:00:00+00:00,2025-04-18T23:59:59.999000+00:00,SHIBUSDT,0.00001179,0.00001247,0.00001167,0.00001229,1033567297787.00,12493552.21851492,556926,491932077507.00,5948363.21063319
2025-04-19T00:00:00+00:00,2025-04-19T23:59:59.999000+00:00,SHIBUSDT,0.00001229,0.00001242,0.00001212,0.00001234,706302243369.00,8649845.91054793,374326,357820313519.00,4381172.10798167
2025-04-20T00:00:00+00:00,2025-04-20T23:59:59.999000+00:00,SHIBUSDT,0.00001235,0.00001256,0.00001209,0.00001236,1048042301986.00,12965020.82563043,487757,536894761651.00,6645907.48578162
2025-04-21T00:00:00+00:00,2025-04-21T23:59:59.999000+00:00,SHIBUSDT,0.00001235,0.00001281,0.00001220,0.00001236,1461935856011.00,18357668.18337079,910843,749980892897.00,9421803.27121737
2025-04-22T00:00:00+00:00,2025-04-22T23:59:59.999000+00:00,SHIBUSDT,0.00001237,0.00001381,0.00001217,0.00001358,2318064439949.00,30077612.08383188,1371924,1249052646926.00,16219824.53971379
2025-04-23T00:00:00+00:00,2025-04-23T23:59:59.999000+00:00,SHIBUSDT,0.00001357,0.00001390,0.00001315,0.00001357,2493964991694.00,33893454.41083748,1556862,1215118436206.00,16519237.81517157
2025-04-24T00:00:00+00:00,2025-04-24T23:59:59.999000+00:00,SHIBUSDT,0.00001357,0.00001380,0.00001290,0.00001379,1617168875094.00,21612950.90860304,1155245,809407469066.00,10825491.80498678
2025-04-25T00:00:00+00:00,2025-04-25T23:59:59.999000+00:00,SHIBUSDT,0.00001378,0.00001429,0.00001366,0.00001415,2294807401689.00,32121375.59850539,1623979,1157655470195.00,16213491.43860845
2025-04-26T00:00:00+00:00,2025-04-26T23:59:59.999000+00:00,SHIBUSDT,0.00001416,0.00001524,0.00001403,0.00001414,2340149898408.00,33971755.29701028,1611020,1177495121293.00,17100501.48705229
2025-04-27T00:00:00+00:00,2025-04-27T23:59:59.999000+00:00,SHIBUSDT,0.00001414,0.00001419,0.00001342,0.00001345,1428310507468.00,19578161.94535324,1039019,787343907058.00,10792121.86122517
2025-04-28T00:00:00+00:00,2025-04-28T23:59:59.999000+00:00,SHIBUSDT,0.00001345,0.00001421,0.00001316,0.00001374,2011725405796.00,27535084.64127283,1455777,1137026706470.00,15563756.48421945
2025-04-29T00:00:00+00:00,2025-04-29T23:59:59.999000+00:00,SHIBUSDT,0.00001374,0.00001393,0.00001325,0.00001341,1761118501764.00,24036695.31889816,1215478,980927326249.00,13396981.06577835
2025-04-30T00:00:00+00:00,2025-04-30T23:59:59.999000+00:00,SHIBUSDT,0.00001341,0.00001354,0.00001279,0.00001324,1311630988454.00,17338798.64073036,1135673,622210653409.00,8233564.29584958
2025-05-01T00:00:00+00:00,2025-05-01T23:59:59.999000+00:00,SHIBUSDT,0.00001323,0.00001375,0.00001319,0.00001350,1461532779857.00,19740190.41716389,881246,710536024773.00,9592009.63698181
2025-05-02T00:00:00+00:00,2025-05-02T23:59:59.999000+00:00,SHIBUSDT,0.00001350,0.00001369,0.00001327,0.00001346,1051704811555.00,14173338.59434721,932904,509738765550.00,6871367.70931395
2025-05-03T00:00:00+00:00,2025-05-03T23:59:59.999000+00:00,SHIBUSDT,0.00001346,0.00001348,0.00001288,0.00001297,799292995550.00,10511883.15803304,545213,388297055869.00,5104521.72011572
2025-05-04T00:00:00+00:00,2025-05-04T23:59:59.999000+00:00,SHIBUSDT,0.00001297,0.00001323,0.00001260,0.00001267,928140542250.00,11956384.90461076,778944,487718775126.00,6285589.60124356
2025-05-05T00:00:00+00:00,2025-05-05T23:59:59.999000+00:00,SHIBUSDT,0.00001266,0.00001298,0.00001252,0.00001269,1299860154214.00,16552860.75530084,810295,662181712292.00,8430231.44535678
2025-05-06T00:00:00+00:00,2025-05-06T23:59:59.999000+00:00,SHIBUSDT,0.00001269,0.00001277,0.00001230,0.00001274,1157661055061.00,14530061.22959084,1045927,584588604406.00,7339024.13767591
2025-05-07T00:00:00+00:00,2025-05-07T23:59:59.999000+00:00,SHIBUSDT,0.00001274,0.00001295,0.00001255,0.00001280,944284325610.00,12061405.73066475,784869,489751393980.00,6255230.93271192
2025-05-08T00:00:00+00:00,2025-05-08T23:59:59.999000+00:00,SHIBUSDT,0.00001281,0.00001458,0.00001272,0.00001440,3272879157517.00,45172022.96654561,1608777,1685958661947.00,23242485.67291009
2025-05-09T00:00:00+00:00,2025-05-09T23:59:59.999000+00:00,SHIBUSDT,0.00001439,0.00001563,0.00001411,0.00001505,5663883206988.00,84762370.21116910,3478876,2656406039986.00,39788522.70740499
2025-05-10T00:00:00+00:00,2025-05-10T23:59:59.999000+00:00,SHIBUSDT,0.00001505,0.00001710,0.00001485,0.00001707,4920235954755.00,78280856.12536353,3476533,2518524265399.00,40087135.79139208
2025-05-11T00:00:00+00:00,2025-05-11T23:59:59.999000+00:00,SHIBUSDT,0.00001707,0.00001729,0.00001560,0.00001591,4265934971827.00,68911040.03631847,3207608,1860149189416.00,30069567.70448699
2025-05-12T00:00:00+00:00,2025-05-12T23:59:59.999000+00:00,SHIBUSDT,0.00001590,0.00001765,0.00001504,0.00001576,7410275242128.00,122079354.31397402,4832530,3546745792097.00,58428671.03577481
2025-05-13T00:00:00+00:00,2025-05-13T23:59:59.999000+00:00,SHIBUSDT,0.00001576,0.00001661,0.00001479,0.00001635,4550088999597.00,71338892.74388217,2888317,2249054862500.00,35259731.74289390
2025-05-14T00:00:00+00:00,2025-05-14T23:59:59.999000+00:00,SHIBUSDT,0.00001636,0.00001671,0.00001551,0.00001572,3042986152228.00,48723239.49868335,2169714,1439453358511.00,23047160.80815112
2025-05-15T00:00:00+00:00,2025-05-15T23:59:59.999000+00:00,SHIBUSDT,0.00001572,0.00001590,0.00001444,0.00001482,3002306065121.00,45088591.63785340,2186144,1542480446893.00,23172079.54992026
2025-05-16T00:00:00+00:00,2025-05-16T23:59:59.999000+00:00,SHIBUSDT,0.00001483,0.00001520,0.00001440,0.00001457,1530516980920.00,22891423.87436423,1369533,791526969872.00,11839697.47646261
2025-05-17T00:00:00+00:00,2025-05-17T23:59:59.999000+00:00,SHIBUSDT,0.00001457,0.00001462,0.00001397,0.00001418,1578171720705.00,22444994.46911223,1129811,808023675084.00,11496406.31015395
2025-05-18T00:00:00+00:00,2025-05-18T23:59:59.999000+00:00,SHIBUSDT,0.00001419,0.00001536,0.00001407,0.00001500,2383540552958.00,35053962.21799452,1287367,1194967106280.00,17588213.82606744
2025-05-19T00:00:00+00:00,2025-05-19T23:59:59.999000+00:00,SHIBUSDT,0.00001501,0.00001514,0.00001388,0.00001460,1969394271007.00,28165049.82369526,1374087,983445845043.00,14068441.15301210
2025-05-20T00:00:00+00:00,2025-05-20T23:59:59.999000+00:00,SHIBUSDT,0.00001460,0.00001492,0.00001412,0.00001461,1374393587710.00,19863726.09970845,954887,692860152585.00,10015776.46120166
2025-05-21T00:00:00+00:00,2025-05-21T23:59:59.999000+00:00,SHIBUSDT,0.00001461,0.00001517,0.00001428,0.00001482,2974810479469.00,43654500.65513061,1099798,1460111622032.00,21432333.59497237
2025-05-22T00:00:00+00:00,2025-05-22T23:59:59.999000+00:00,SHIBUSDT,0.00001483,0.00001555,0.00001482,0.00001554,2826227204210.00,43050144.01593290,1133347,1454524962770.00,22154646.61939255
2025-05-23T00:00:00+00:00,2025-05-23T23:59:59.999000+00:00,SHIBUSDT,0.00001554,0.00001605,0.00001418,0.00001431,4420136344884.00,66760546.00003078,1598265,2188442840936.00,33080145.86322505
2025-05-24T00:00:00+00:00,2025-05-24T23:59:59.999000+00:00,SHIBUSDT,0.00001431,0.00001459,0.00001424,0.00001438,1146964055920.00,16541025.02820873,481424,620585971298.00,8951972.17803647
2025-05-25T00:00:00+00:00,2025-05-25T23:59:59.999000+00:00,SHIBUSDT,0.00001438,0.00001469,0.00001391,0.00001448,1677673223762.00,23951682.50468570,677468,831313246796.00,11879022.60416426
2025-05-26T00:00:00+00:00,2025-05-26T23:59:59.999000+00:00,SHIBUSDT,0.00001447,0.00001476,0.00001419,0.00001440,1257232241158.00,18231290.79692856,518283,642951397515.00,9332100.05597084
2025-05-27T00:00:00+00:00,2025-05-27T23:59:59.999000+00:00,SHIBUSDT,0.00001441,0.00001468,0.00001404,0.00001445,1761059095955.00,25461694.60382577,600530,882192808444.00,12752567.11993593
2025-05-28T00:00:00+00:00,2025-05-28T23:59:59.999000+00:00,SHIBUSDT,0.00001446,0.00001455,0.00001393,0.00001433,1166405076498.00,16615240.78965603,503274,586021717007.00,8352331.93839631
2025-05-29T00:00:00+00:00,2025-05-29T23:59:59.999000+00:00,SHIBUSDT,0.00001433,0.00001470,0.00001383,0.00001390,1737328619352.00,24861914.47262600,596563,876457223468.00,12553446.20292433
2025-05-30T00:00:00+00:00,2025-05-30T23:59:59.999000+00:00,SHIBUSDT,0.00001390,0.00001397,0.00001266,0.00001277,3780321478357.00,50030276.30388160,812808,1878285527241.00,24862640.45430140
2025-05-31T00:00:00+00:00,2025-05-31T23:59:59.999000+00:00,SHIBUSDT,0.00001276,0.00001294,0.00001225,0.00001281,1942124525928.00,24428881.74592200,719451,1037465098131.00,13054998.08488578
2025-06-01T00:00:00+00:00,2025-06-01T23:59:59.999000+00:00,SHIBUSDT,0.00001281,0.00001308,0.00001257,0.00001295,1073641241011.00,13808266.42760304,377810,507461252275.00,6529149.77032475
2025-06-02T00:00:00+00:00,2025-06-02T23:59:59.999000+00:00,SHIBUSDT,0.00001295,0.00001324,0.00001263,0.00001319,1374355702750.00,17669970.64528539,457246,708384257708.00,9104868.79730023
2025-06-03T00:00:00+00:00,2025-06-03T23:59:59.999000+00:00,SHIBUSDT,0.00001320,0.00001344,0.00001293,0.00001304,1102204644901.00,14545918.70112512,389048,540595703709.00,7135845.11993676
2025-06-04T00:00:00+00:00,2025-06-04T23:59:59.999000+00:00,SHIBUSDT,0.00001304,0.00001319,0.00001269,0.00001281,1406355850714.00,18232956.32434830,297785,750781011086.00,9723857.38565552
2025-06-05T00:00:00+00:00,2025-06-05T23:59:59.999000+00:00,SHIBUSDT,0.00001280,0.00001297,0.00001189,0.00001200,2951028867774.00,36552505.83188200,537894,1582049100184.00,19605001.68871116
2025-06-06T00:00:00+00:00,2025-06-06T23:59:59.999000+00:00,SHIBUSDT,0.00001200,0.00001283,0.00001194,0.00001241,1248365530775.00,15456698.60600590,274925,630100978544.00,7791915.78475970
2025-06-07T00:00:00+00:00,2025-06-07T23:59:59.999000+00:00,SHIBUSDT,0.00001242,0.00001289,0.00001234,0.00001273,769405115823.00,9783055.51400449,243140,456735001146.00,5806293.88768075
2025-06-08T00:00:00+00:00,2025-06-08T23:59:59.999000+00:00,SHIBUSDT,0.00001273,0.00001273,0.00001241,0.00001249,781983208540.00,9844053.14749215,215664,344424775782.00,4336780.47304878
2025-06-09T00:00:00+00:00,2025-06-09T23:59:59.999000+00:00,SHIBUSDT,0.00001250,0.00001317,0.00001233,0.00001312,1609971541376.00,20419373.72152985,330210,816944784387.00,10376465.69504966
2025-06-10T00:00:00+00:00,2025-06-10T23:59:59.999000+00:00,SHIBUSDT,0.00001311,0.00001338,0.00001282,0.00001337,2278176009580.00,29874470.03139857,649887,1117628656763.00,14660690.98724310
2025-06-11T00:00:00+00:00,2025-06-11T23:59:59.999000+00:00,SHIBUSDT,0.00001337,0.00001362,0.00001284,0.00001294,1840028899751.00,24453155.91422527,825432,898968823307.00,11956917.72487965
2025-06-12T00:00:00+00:00,2025-06-12T23:59:59.999000+00:00,SHIBUSDT,0.00001295,0.00001300,0.00001212,0.00001221,1617110623500.00,20311057.48266274,565662,842137848272.00,10574883.36254381
2025-06-13T00:00:00+00:00,2025-06-13T23:59:59.999000+00:00,SHIBUSDT,0.00001221,0.00001222,0.00001138,0.00001211,4472816471604.00,52461025.24830602,637147,2345685730222.00,27517438.94909273
2025-06-14T00:00:00+00:00,2025-06-14T23:59:59.999000+00:00,SHIBUSDT,0.00001211,0.00001224,0.00001187,0.00001205,1119665227180.00,13516555.42879833,269287,578381964861.00,6984754.64034126
2025-06-15T00:00:00+00:00,2025-06-15T23:59:59.999000+00:00,SHIBUSDT,0.00001205,0.00001215,0.00001180,0.00001204,795346785117.00,9540542.58930312,198665,394073777371.00,4728539.17114214
2025-06-16T00:00:00+00:00,2025-06-16T23:59:59.999000+00:00,SHIBUSDT,0.00001204,0.00001233,0.00001184,0.00001186,1409066207883.00,17072543.51482468,318586,717732342396.00,8695620.50689600
2025-06-17T00:00:00+00:00,2025-06-17T23:59:59.999000+00:00,SHIBUSDT,0.00001187,0.00001208,0.00001134,0.00001161,1879184597398.00,21950321.82895255,440973,937611936892.00,10956053.99760106
2025-06-18T00:00:00+00:00,2025-06-18T23:59:59.999000+00:00,SHIBUSDT,0.00001160,0.00001179,0.00001135,0.00001169,1115151358067.00,12926652.22766504,362226,553794412452.00,6422822.19370950
2025-06-19T00:00:00+00:00,2025-06-19T23:59:59.999000+00:00,SHIBUSDT,0.00001168,0.00001177,0.00001142,0.00001159,623263057915.00,7214071.71692858,209400,316176998479.00,3660890.86494174
2025-06-20T00:00:00+00:00,2025-06-20T23:59:59.999000+00:00,SHIBUSDT,0.00001159,0.00001184,0.00001106,0.00001130,1164671515836.00,13312750.23626621,400407,553842185743.00,6329201.78990527
2025-06-21T00:00:00+00:00,2025-06-21T23:59:59.999000+00:00,SHIBUSDT,0.00001130,0.00001143,0.00001057,0.00001090,1129581809199.00,12472618.01322423,299451,524258878211.00,5785194.91969316
2025-06-22T00:00:00+00:00,2025-06-22T23:59:59.999000+00:00,SHIBUSDT,0.00001090,0.00001106,0.00001004,0.00001060,2869954691151.00,30107216.54226757,720605,1352260628690.00,14204943.38361445
2025-06-23T00:00:00+00:00,2025-06-23T23:59:59.999000+00:00,SHIBUSDT,0.00001059,0.00001167,0.00001056,0.00001157,2240291900296.00,24614546.68012878,594524,1097059188178.00,12065206.22432367
2025-06-24T00:00:00+00:00,2025-06-24T23:59:59.999000+00:00,SHIBUSDT,0.00001156,0.00001191,0.00001151,0.00001171,1050063405260.00,12255470.78979569,438450,487218822243.00,5686928.61333690
2025-06-25T00:00:00+00:00,2025-06-25T23:59:59.999000+00:00,SHIBUSDT,0.00001171,0.00001178,0.00001148,0.00001162,840549236293.00,9781795.03074758,372754,430092256862.00,5006707.22917127
2025-06-26T00:00:00+00:00,2025-06-26T23:59:59.999000+00:00,SHIBUSDT,0.00001161,0.00001180,0.00001116,0.00001121,1035956613863.00,11844824.77653030,310481,532606776003.00,6092070.79969086
2025-06-27T00:00:00+00:00,2025-06-27T23:59:59.999000+00:00,SHIBUSDT,0.00001120,0.00001140,0.00001105,0.00001133,916035649056.00,10279932.05847259,281147,467995607590.00,5253368.16528622
2025-06-28T00:00:00+00:00,2025-06-28T23:59:59.999000+00:00,SHIBUSDT,0.00001133,0.00001163,0.00001128,0.00001155,682540960728.00,7795430.23801248,135891,385067845680.00,4399975.29166428
2025-06-29T00:00:00+00:00,2025-06-29T23:59:59.999000+00:00,SHIBUSDT,0.00001155,0.00001199,0.00001145,0.00001187,837285221938.00,9794873.77324167,211743,393208146726.00,4597820.76959256
2025-06-30T00:00:00+00:00,2025-06-30T23:59:59.999000+00:00,SHIBUSDT,0.00001187,0.00001193,0.00001126,0.00001142,1247829922823.00,14395518.92660712,325678,615438751848.00,7094276.05119302
2025-07-01T00:00:00+00:00,2025-07-01T23:59:59.999000+00:00,SHIBUSDT,0.00001142,0.00001151,0.00001108,0.00001119,856629922894.00,9649383.61601791,181366,426622070151.00,4808249.59347801
2025-07-02T00:00:00+00:00,2025-07-02T23:59:59.999000+00:00,SHIBUSDT,0.00001120,0.00001200,0.00001113,0.00001180,1408041048835.00,16464674.99634022,290907,725433084453.00,8484830.44451175
2025-07-03T00:00:00+00:00,2025-07-03T23:59:59.999000+00:00,SHIBUSDT,0.00001179,0.00001215,0.00001172,0.00001189,1419596491738.00,16951955.62602589,376318,732443835977.00,8748696.84280188
2025-07-04T00:00:00+00:00,2025-07-04T23:59:59.999000+00:00,SHIBUSDT,0.00001188,0.00001200,0.00001121,0.00001143,1099311653488.00,12643907.20729962,251964,557446422088.00,6413842.99548300
2025-07-05T00:00:00+00:00,2025-07-05T23:59:59.999000+00:00,SHIBUSDT,0.00001143,0.00001159,0.00001134,0.00001147,573978406931.00,6585114.91013245,90850,273923739314.00,3143607.67174797
2025-07-06T00:00:00+00:00,2025-07-06T23:59:59.999000+00:00,SHIBUSDT,0.00001147,0.00001197,0.00001137,0.00001182,1020717089822.00,11944698.07363970,215399,524547370669.00,6143054.37578269
2025-07-07T00:00:00+00:00,2025-07-07T23:59:59.999000+00:00,SHIBUSDT,0.00001183,0.00001194,0.00001145,0.00001163,887200469441.00,10356146.55824358,227404,458855869232.00,5356442.67642545
2025-07-08T00:00:00+00:00,2025-07-08T23:59:59.999000+00:00,SHIBUSDT,0.00001162,0.00001197,0.00001153,0.00001185,1065793102326.00,12564815.55318564,233362,540892624487.00,6379423.25476206
2025-07-09T00:00:00+00:00,2025-07-09T23:59:59.999000+00:00,SHIBUSDT,0.00001186,0.00001255,0.00001176,0.00001239,1854205835596.00,22551226.72633257,388034,983996894050.00,11969169.64057908
2025-07-10T00:00:00+00:00,2025-07-10T23:59:59.999000+00:00,SHIBUSDT,0.00001239,0.00001344,0.00001229,0.00001334,3188741943041.00,40631250.18075398,588546,1608023617859.00,20460640.88226687
2025-07-11T00:00:00+00:00,2025-07-11T23:59:59.999000+00:00,SHIBUSDT,0.00001334,0.00001387,0.00001306,0.00001330,4284081015352.00,57827728.93321461,1397224,2072635542435.00,27990399.91460824
2025-07-12T00:00:00+00:00,2025-07-12T23:59:59.999000+00:00,SHIBUSDT,0.00001330,0.00001354,0.00001282,0.00001320,2064831901597.00,27295729.69408934,861570,1012205473122.00,13378538.02680410
2025-07-13T00:00:00+00:00,2025-07-13T23:59:59.999000+00:00,SHIBUSDT,0.00001320,0.00001350,0.00001308,0.00001330,1671006850861.00,22161293.76202865,678792,875786047802.00,11613898.79454697
2025-07-14T00:00:00+00:00,2025-07-14T23:59:59.999000+00:00,SHIBUSDT,0.00001331,0.00001416,0.00001312,0.00001325,2430262593552.00,33185132.28759015,1184616,1220201033470.00,16660331.73030785
2025-07-15T00:00:00+00:00,2025-07-15T23:59:59.999000+00:00,SHIBUSDT,0.00001325,0.00001383,0.00001275,0.00001375,2082549936573.00,27577668.51142497,1136866,1083728610247.00,14355246.50420926
2025-07-16T00:00:00+00:00,2025-07-16T23:59:59.999000+00:00,SHIBUSDT,0.00001374,0.00001485,0.00001345,0.00001436,3338276224602.00,47048162.56311879,1081967,1583701614473.00,22342513.09042769
2025-07-17T00:00:00+00:00,2025-07-17T23:59:59.999000+00:00,SHIBUSDT,0.00001437,0.00001474,0.00001387,0.00001447,3413641616560.00,48995977.83735427,1665800,1689932624230.00,24266647.58474584
2025-07-18T00:00:00+00:00,2025-07-18T23:59:59.999000+00:00,SHIBUSDT,0.00001447,0.00001578,0.00001422,0.00001468,5723583426590.00,86152514.77813051,2205334,3013090908684.00,45341606.84406898
2025-07-19T00:00:00+00:00,2025-07-19T23:59:59.999000+00:00,SHIBUSDT,0.00001467,0.00001536,0.00001431,0.00001490,2796670770894.00,41799126.71606927,1159814,1458210161535.00,21811496.50422227
2025-07-20T00:00:00+00:00,2025-07-20T23:59:59.999000+00:00,SHIBUSDT,0.00001490,0.00001584,0.00001479,0.00001551,3634966406568.00,55756738.25901519,1404728,1708862544387.00,26215183.82112182
2025-07-21T00:00:00+00:00,2025-07-21T23:59:59.999000+00:00,SHIBUSDT,0.00001552,0.00001597,0.00001509,0.00001547,3866549582565.00,60198781.94646176,1950716,1933198955763.00,30099682.35304834
2025-07-22T00:00:00+00:00,2025-07-22T23:59:59.999000+00:00,SHIBUSDT,0.00001547,0.00001567,0.00001473,0.00001546,3347784727625.00,50779171.70854990,1955591,1612966907522.00,24468757.18090691
2025-07-23T00:00:00+00:00,2025-07-23T23:59:59.999000+00:00,SHIBUSDT,0.00001546,0.00001547,0.00001341,0.00001386,3961601046596.00,56545131.67049429,1684929,1946017131009.00,27762019.46041339
2025-07-24T00:00:00+00:00,2025-07-24T23:59:59.999000+00:00,SHIBUSDT,0.00001385,0.00001405,0.00001297,0.00001361,3098480956975.00,42143911.70635851,1687353,1466247522243.00,19947110.79990274
2025-07-25T00:00:00+00:00,2025-07-25T23:59:59.999000+00:00,SHIBUSDT,0.00001362,0.00001411,0.00001311,0.00001409,2254531451527.00,30471402.33351698,1322272,1093399932988.00,14787051.64326836
2025-07-26T00:00:00+00:00,2025-07-26T23:59:59.999000+00:00,SHIBUSDT,0.00001409,0.00001423,0.00001390,0.00001397,1134070426906.00,15959461.72148641,326318,564854248907.00,7952506.08257738
2025-07-27T00:00:00+00:00,2025-07-27T23:59:59.999000+00:00,SHIBUSDT,0.00001397,0.00001428,0.00001389,0.00001416,1017672717802.00,14328643.23763371,560135,492363624728.00,6932805.22483824
2025-07-28T00:00:00+00:00,2025-07-28T23:59:59.999000+00:00,SHIBUSDT,0.00001416,0.00001438,0.00001326,0.00001336,2052979769062.00,28417481.55344217,1024888,986703933014.00,13640085.19420445
2025-07-29T00:00:00+00:00,2025-07-29T23:59:59.999000+00:00,SHIBUSDT,0.00001336,0.00001368,0.00001289,0.00001313,1759326275566.00,23296162.71799348,793812,914663493346.00,12114851.08591986
2025-07-30T00:00:00+00:00,2025-07-30T23:59:59.999000+00:00,SHIBUSDT,0.00001312,0.00001319,0.00001224,0.00001286,2236478867160.00,28535101.04824100,866527,1123585666698.00,14337390.02321130
2025-07-31T00:00:00+00:00,2025-07-31T23:59:59.999000+00:00,SHIBUSDT,0.00001287,0.00001318,0.00001238,0.00001244,1173478323000.00,15054346.68022789,586788,618453726338.00,7933840.21241608
2025-08-01T00:00:00+00:00,2025-08-01T23:59:59.999000+00:00,SHIBUSDT,0.00001244,0.00001251,0.00001173,0.00001206,3083013994014.00,37515155.86614575,1391583,1616780891494.00,19685488.38446709
2025-08-02T00:00:00+00:00,2025-08-02T23:59:59.999000+00:00,SHIBUSDT,0.00001207,0.00001227,0.00001160,0.00001182,1217348662109.00,14545202.24040041,768781,619342171100.00,7399428.03042028
2025-08-03T00:00:00+00:00,2025-08-03T23:59:59.999000+00:00,SHIBUSDT,0.00001182,0.00001226,0.00001166,0.00001220,687965633409.00,8319069.41329707,273358,352285300070.00,4258855.42892750
2025-08-04T00:00:00+00:00,2025-08-04T23:59:59.999000+00:00,SHIBUSDT,0.00001220,0.00001257,0.00001219,0.00001252,1062193223652.00,13129641.68334820,357993,449014012160.00,5553990.87693623
2025-08-05T00:00:00+00:00,2025-08-05T23:59:59.999000+00:00,SHIBUSDT,0.00001251,0.00001259,0.00001185,0.00001208,1812005999143.00,22002661.74080770,552445,787924879196.00,9566487.27744288
2025-08-06T00:00:00+00:00,2025-08-06T23:59:59.999000+00:00,SHIBUSDT,0.00001209,0.00001244,0.00001188,0.00001234,957903067927.00,11660779.63118598,362014,464112891405.00,5648511.45585771
2025-08-07T00:00:00+00:00,2025-08-07T23:59:59.999000+00:00,SHIBUSDT,0.00001233,0.00001289,0.00001228,0.00001287,1371073036092.00,17205903.42647724,411681,708596249658.00,8896881.99236327
2025-08-08T00:00:00+00:00,2025-08-08T23:59:59.999000+00:00,SHIBUSDT,0.00001288,0.00001333,0.00001270,0.00001326,2566023871452.00,33219747.99677825,1030685,1267042715867.00,16411577.47794289
2025-08-09T00:00:00+00:00,2025-08-09T23:59:59.999000+00:00,SHIBUSDT,0.00001325,0.00001406,0.00001317,0.00001372,1891781457805.00,25905817.98101493,762742,893368479827.00,12234020.81426830
2025-08-10T00:00:00+00:00,2025-08-10T23:59:59.999000+00:00,SHIBUSDT,0.00001373,0.00001400,0.00001326,0.00001357,1556931295393.00,21183968.09641389,667747,704613477679.00,9591879.94728768
2025-08-11T00:00:00+00:00,2025-08-11T23:59:59.999000+00:00,SHIBUSDT,0.00001357,0.00001392,0.00001282,0.00001293,2363397978950.00,31549049.33488932,909036,1167473874324.00,15583983.80960505
2025-08-12T00:00:00+00:00,2025-08-12T23:59:59.999000+00:00,SHIBUSDT,0.00001292,0.00001375,0.00001271,0.00001354,1584989228879.00,20984562.78159826,749150,791417699363.00,10475126.12595045
2025-08-13T00:00:00+00:00,2025-08-13T23:59:59.999000+00:00,SHIBUSDT,0.00001354,0.00001403,0.00001340,0.00001392,2306628472914.00,31792207.67151138,1046951,1149534854212.00,15853746.19056199
2025-08-14T00:00:00+00:00,2025-08-14T23:59:59.999000+00:00,SHIBUSDT,0.00001392,0.00001419,0.00001262,0.00001288,3305984172367.00,44104595.83150270,1213847,1645750930984.00,21958982.20530709
2025-08-15T00:00:00+00:00,2025-08-15T23:59:59.999000+00:00,SHIBUSDT,0.00001289,0.00001315,0.00001250,0.00001287,1871678435891.00,24067316.44707698,798661,933057008045.00,11995643.55815731
2025-08-16T00:00:00+00:00,2025-08-16T23:59:59.999000+00:00,SHIBUSDT,0.00001286,0.00001305,0.00001278,0.00001299,678157927675.00,8782561.93345114,324198,332912638261.00,4312517.23405417
2025-08-17T00:00:00+00:00,2025-08-17T23:59:59.999000+00:00,SHIBUSDT,0.00001299,0.00001339,0.00001290,0.00001302,689497531370.00,9054149.45430898,335591,338007545516.00,4439739.15897508
2025-08-18T00:00:00+00:00,2025-08-18T23:59:59.999000+00:00,SHIBUSDT,0.00001301,0.00001303,0.00001244,0.00001270,1280840318229.00,16211995.04381965,617316,678105476659.00,8581722.74014848
2025-08-19T00:00:00+00:00,2025-08-19T23:59:59.999000+00:00,SHIBUSDT,0.00001271,0.00001281,0.00001206,0.00001209,1425696490534.00,17684197.62776414,689283,721369917848.00,8946268.94790776
2025-08-20T00:00:00+00:00,2025-08-20T23:59:59.999000+00:00,SHIBUSDT,0.00001210,0.00001264,0.00001203,0.00001258,1160379103280.00,14298923.73236676,572828,636360212528.00,7840886.40845949
2025-08-21T00:00:00+00:00,2025-08-21T23:59:59.999000+00:00,SHIBUSDT,0.00001257,0.00001272,0.00001226,0.00001238,807551669864.00,10068246.27069551,468995,411387638726.00,5132272.78310523
2025-08-22T00:00:00+00:00,2025-08-22T23:59:59.999000+00:00,SHIBUSDT,0.00001237,0.00001350,0.00001202,0.00001338,3340802305308.00,42830395.04988940,987308,1699092436069.00,21748250.93977846
2025-08-23T00:00:00+00:00,2025-08-23T23:59:59.999000+00:00,SHIBUSDT,0.00001339,0.00001340,0.00001294,0.00001326,1399050916369.00,18469001.97229588,429574,707022486096.00,9333699.94426798
2025-08-24T00:00:00+00:00,2025-08-24T23:59:59.999000+00:00,SHIBUSDT,0.00001327,0.00001351,0.00001271,0.00001296,2047316850334.00,26650654.75654204,789361,1035659085059.00,13482010.93509664
2025-08-25T00:00:00+00:00,2025-08-25T23:59:59.999000+00:00,SHIBUSDT,0.00001297,0.00001314,0.00001183,0.00001204,2428082904332.00,29969372.97593925,1030386,1244147151742.00,15357056.11402121
2025-08-26T00:00:00+00:00,2025-08-26T23:59:59.999000+00:00,SHIBUSDT,0.00001204,0.00001262,0.00001191,0.00001255,1483452552159.00,18206138.57753179,496093,747547102829.00,9164231.82294506
2025-08-27T00:00:00+00:00,2025-08-27T23:59:59.999000+00:00,SHIBUSDT,0.00001255,0.00001265,0.00001237,0.00001250,1268529095457.00,15869415.15171180,561185,620883327085.00,7768780.89444380
2025-08-28T00:00:00+00:00,2025-08-28T23:59:59.999000+00:00,SHIBUSDT,0.00001249,0.00001273,0.00001240,0.00001268,965680538328.00,12160282.48650027,432841,464368068262.00,5847552.30809934
2025-08-29T00:00:00+00:00,2025-08-29T23:59:59.999000+00:00,SHIBUSDT,0.00001268,0.00001273,0.00001198,0.00001220,2079636977875.00,25403429.18565951,479240,1048652349274.00,12810916.27268560
2025-08-30T00:00:00+00:00,2025-08-30T23:59:59.999000+00:00,SHIBUSDT,0.00001220,0.00001248,0.00001203,0.00001234,671373880670.00,8274046.49485296,224547,335651721690.00,4139772.24363219
2025-08-31T00:00:00+00:00,2025-08-31T23:59:59.999000+00:00,SHIBUSDT,0.00001233,0.00001251,0.00001216,0.00001218,610191602998.00,7554940.57260768,209740,290929133461.00,3602135.83610903
2025-09-01T00:00:00+00:00,2025-09-01T23:59:59.999000+00:00,SHIBUSDT,0.00001219,0.00001261,0.00001181,0.00001211,1953220381523.00,23758698.10837766,586079,997852786765.00,12143525.73666074
2025-09-02T00:00:00+00:00,2025-09-02T23:59:59.999000+00:00,SHIBUSDT,0.00001210,0.00001248,0.00001203,0.00001244,1430475481767.00,17573490.94004357,442169,719929010786.00,8842780.18270668
2025-09-03T00:00:00+00:00,2025-09-03T23:59:59.999000+00:00,SHIBUSDT,0.00001244,0.00001257,0.00001229,0.00001248,784032913930.00,9761403.97743893,229078,372505553265.00,4638345.64360560
2025-09-04T00:00:00+00:00,2025-09-04T23:59:59.999000+00:00,SHIBUSDT,0.00001248,0.00001253,0.00001200,0.00001212,959252028970.00,11690900.57432562,242011,504771046094.00,6149998.32871845
2025-09-05T00:00:00+00:00,2025-09-05T23:59:59.999000+00:00,SHIBUSDT,0.00001212,0.00001248,0.00001206,0.00001240,1443764294688.00,17790388.66561823,372690,719179740254.00,8858308.70004878
2025-09-06T00:00:00+00:00,2025-09-06T23:59:59.999000+00:00,SHIBUSDT,0.00001239,0.00001245,0.00001215,0.00001227,511696341155.00,6282674.89459194,124835,231598434134.00,2845419.63341362
2025-09-07T00:00:00+00:00,2025-09-07T23:59:59.999000+00:00,SHIBUSDT,0.00001227,0.00001251,0.00001226,0.00001248,664019734547.00,8229273.34736946,133719,335934156424.00,4163431.45742545
2025-09-08T00:00:00+00:00,2025-09-08T23:59:59.999000+00:00,SHIBUSDT,0.00001247,0.00001298,0.00001239,0.00001287,1733687244206.00,22079861.23256778,429323,879097401963.00,11190502.12103141
2025-09-09T00:00:00+00:00,2025-09-09T23:59:59.999000+00:00,SHIBUSDT,0.00001287,0.00001320,0.00001266,0.00001289,1885315635889.00,24378089.02958228,655098,959970563076.00,12415270.25034265
2025-09-10T00:00:00+00:00,2025-09-10T23:59:59.999000+00:00,SHIBUSDT,0.00001289,0.00001317,0.00001275,0.00001305,1519281587717.00,19717267.49406257,438938,771982218671.00,10021520.67389737
2025-09-11T00:00:00+00:00,2025-09-11T23:59:59.999000+00:00,SHIBUSDT,0.00001306,0.00001327,0.00001289,0.00001325,1357442644173.00,17739080.26353876,447960,654197802897.00,8552663.25710467
2025-09-12T00:00:00+00:00,2025-09-12T23:59:59.999000+00:00,SHIBUSDT,0.00001326,0.00001392,0.00001319,0.00001391,2384825477294.00,32153539.39324568,540577,1208369463020.00,16293638.36659954
2025-09-13T00:00:00+00:00,2025-09-13T23:59:59.999000+00:00,SHIBUSDT,0.00001391,0.00001484,0.00001374,0.00001429,4806483954978.00,68954256.83472599,1174811,2335339637574.00,33533582.52378482
2025-09-14T00:00:00+00:00,2025-09-14T23:59:59.999000+00:00,SHIBUSDT,0.00001428,0.00001430,0.00001353,0.00001368,1642118486161.00,22743282.95952488,686796,813136613320.00,11255564.13979114
2025-09-15T00:00:00+00:00,2025-09-15T23:59:59.999000+00:00,SHIBUSDT,0.00001369,0.00001381,0.00001292,0.00001306,2234397093329.00,29484425.90087203,514851,1047199406343.00,13826319.65236990
2025-09-16T00:00:00+00:00,2025-09-16T23:59:59.999000+00:00,SHIBUSDT,0.00001306,0.00001326,0.00001286,0.00001316,1288089516059.00,16829712.88462238,375331,609357732713.00,7961941.36386255
2025-09-17T00:00:00+00:00,2025-09-17T23:59:59.999000+00:00,SHIBUSDT,0.00001316,0.00001361,0.00001283,0.00001350,1695091586917.00,22212259.43771077,591225,843108704740.00,11055207.33944932
2025-09-18T00:00:00+00:00,2025-09-18T23:59:59.999000+00:00,SHIBUSDT,0.00001350,0.00001361,0.00001327,0.00001339,1388947426592.00,18689793.83005871,483036,653581089535.00,8795518.74948689
2025-09-19T00:00:00+00:00,2025-09-19T23:59:59.999000+00:00,SHIBUSDT,0.00001339,0.00001356,0.00001277,0.00001287,1323920632525.00,17333086.85779334,458344,688303458544.00,9003344.83501267
2025-09-20T00:00:00+00:00,2025-09-20T23:59:59.999000+00:00,SHIBUSDT,0.00001286,0.00001306,0.00001277,0.00001293,760648355029.00,9819851.45076827,198754,390526563275.00,5042572.51255660
2025-09-21T00:00:00+00:00,2025-09-21T23:59:59.999000+00:00,SHIBUSDT,0.00001292,0.00001304,0.00001273,0.00001274,1121077142526.00,14447063.34605328,205019,547773873947.00,7058827.98134399
2025-09-22T00:00:00+00:00,2025-09-22T23:59:59.999000+00:00,SHIBUSDT,0.00001274,0.00001278,0.00001178,0.00001213,3493818951801.00,42471671.94472542,602400,1798076083995.00,21877950.30292959
2025-09-23T00:00:00+00:00,2025-09-23T23:59:59.999000+00:00,SHIBUSDT,0.00001212,0.00001229,0.00001189,0.00001210,1553171450984.00,18853746.75054547,341882,805354681707.00,9778256.77281514
2025-09-24T00:00:00+00:00,2025-09-24T23:59:59.999000+00:00,SHIBUSDT,0.00001210,0.00001237,0.00001190,0.00001214,1155801122952.00,14069588.04275466,308768,575852810711.00,7009372.76264304
2025-09-25T00:00:00+00:00,2025-09-25T23:59:59.999000+00:00,SHIBUSDT,0.00001214,0.00001217,0.00001148,0.00001164,1910467546134.00,22535406.23250653,539548,963391388416.00,11374157.03982572
2025-09-26T00:00:00+00:00,2025-09-26T23:59:59.999000+00:00,SHIBUSDT,0.00001164,0.00001198,0.00001150,0.00001191,966028178979.00,11338021.16004971,320807,490676828868.00,5758837.50754083
2025-09-27T00:00:00+00:00,2025-09-27T23:59:59.999000+00:00,SHIBUSDT,0.00001191,0.00001192,0.00001171,0.00001180,516641077593.00,6102909.12071713,123364,251811195151.00,2975158.91307071
2025-09-28T00:00:00+00:00,2025-09-28T23:59:59.999000+00:00,SHIBUSDT,0.00001180,0.00001203,0.00001158,0.00001202,742286252624.00,8739553.12883390,144189,413334641388.00,4867134.54190976
2025-09-29T00:00:00+00:00,2025-09-29T23:59:59.999000+00:00,SHIBUSDT,0.00001202,0.00001205,0.00001171,0.00001197,1014756330729.00,12091990.49757886,231346,476774407453.00,5679676.92644630
2025-09-30T00:00:00+00:00,2025-09-30T23:59:59.999000+00:00,SHIBUSDT,0.00001197,0.00001200,0.00001154,0.00001182,879029506945.00,10323059.81488743,239620,448620977184.00,5269874.91644420
2025-10-01T00:00:00+00:00,2025-10-01T23:59:59.999000+00:00,SHIBUSDT,0.00001182,0.00001240,0.00001175,0.00001239,1145423343468.00,13971081.86714211,263923,545581129429.00,6652404.89088517
2025-10-02T00:00:00+00:00,2025-10-02T23:59:59.999000+00:00,SHIBUSDT,0.00001239,0.00001271,0.00001231,0.00001263,1036189513733.00,13014448.89386188,332017,511932887681.00,6429672.12105645
2025-10-03T00:00:00+00:00,2025-10-03T23:59:59.999000+00:00,SHIBUSDT,0.00001264,0.00001288,0.00001234,0.00001266,1025284295165.00,12879661.23208452,384050,486141643182.00,6107961.06544412
2025-10-04T00:00:00+00:00,2025-10-04T23:59:59.999000+00:00,SHIBUSDT,0.00001267,0.00001275,0.00001223,0.00001237,748405817942.00,9338237.49998925,231086,360997851296.00,4509431.03386012
2025-10-05T00:00:00+00:00,2025-10-05T23:59:59.999000+00:00,SHIBUSDT,0.00001237,0.00001298,0.00001230,0.00001245,2125171544374.00,27069426.86279464,365495,1159982929364.00,14782048.17533602
2025-10-06T00:00:00+00:00,2025-10-06T23:59:59.999000+00:00,SHIBUSDT,0.00001245,0.00001301,0.00001237,0.00001285,1300595667571.00,16577050.93062588,376361,583914012848.00,7439567.43844969
2025-10-07T00:00:00+00:00,2025-10-07T23:59:59.999000+00:00,SHIBUSDT,0.00001285,0.00001291,0.00001217,0.00001219,1620868327617.00,20271037.92331554,421805,707746637251.00,8841074.85840876
2025-10-08T00:00:00+00:00,2025-10-08T23:59:59.999000+00:00,SHIBUSDT,0.00001219,0.00001247,0.00001203,0.00001233,1003713493386.00,12252857.13324599,308857,495016755592.00,6048078.41844619
2025-10-09T00:00:00+00:00,2025-10-09T23:59:59.999000+00:00,SHIBUSDT,0.00001233,0.00001234,0.00001172,0.00001201,992633062208.00,11905890.74378542,276627,471165208963.00,5645578.74155960
2025-10-10T00:00:00+00:00,2025-10-10T23:59:59.999000+00:00,SHIBUSDT,0.00001201,0.00001215,0.00000678,0.00000974,7415264674560.00,74076796.65792073,1132259,3574449680904.00,35797172.19157944
2025-10-11T00:00:00+00:00,2025-10-11T23:59:59.999000+00:00,SHIBUSDT,0.00000974,0.00001072,0.00000956,0.00000995,4284988240779.00,43224449.52181374,1008580,2082548325058.00,21010063.21059526
2025-10-12T00:00:00+00:00,2025-10-12T23:59:59.999000+00:00,SHIBUSDT,0.00000996,0.00001088,0.00000978,0.00001069,2469414999945.00,25479674.05310841,742542,1221727901571.00,12576115.48185303
2025-10-13T00:00:00+00:00,2025-10-13T23:59:59.999000+00:00,SHIBUSDT,0.00001070,0.00001129,0.00001054,0.00001111,2206503082595.00,23937110.61968899,843199,951309980341.00,10335245.76937790
2025-10-14T00:00:00+00:00,2025-10-14T23:59:59.999000+00:00,SHIBUSDT,0.00001110,0.00001118,0.00001019,0.00001074,1898531288330.00,20094886.04259388,845814,872914007331.00,9249998.54423308
2025-10-15T00:00:00+00:00,2025-10-15T23:59:59.999000+00:00,SHIBUSDT,0.00001074,0.00001090,0.00001018,0.00001032,998992319371.00,10502099.47692753,476963,489221799652.00,5138297.53485937
2025-10-16T00:00:00+00:00,2025-10-16T23:59:59.999000+00:00,SHIBUSDT,0.00001033,0.00001053,0.00000988,0.00001001,1422568576534.00,14508396.64116119,721629,652572949463.00,6658538.80584240
2025-10-17T00:00:00+00:00,2025-10-17T23:59:59.999000+00:00,SHIBUSDT,0.00001001,0.00001012,0.00000924,0.00000975,2041224042484.00,19690021.48971010,779451,1010552468128.00,9751261.53245710
2025-10-18T00:00:00+00:00,2025-10-18T23:59:59.999000+00:00,SHIBUSDT,0.00000975,0.00000999,0.00000973,0.00000991,818072803998.00,8071121.40336091,180647,442435813294.00,4367648.79149540
2025-10-19T00:00:00+00:00,2025-10-19T23:59:59.999000+00:00,SHIBUSDT,0.00000991,0.00001019,0.00000979,0.00001007,873980247695.00,8746441.44659246,289498,448276191322.00,4487179.17035442
2025-10-20T00:00:00+00:00,2025-10-20T23:59:59.999000+00:00,SHIBUSDT,0.00001008,0.00001034,0.00000992,0.00001019,1072961231195.00,10917227.65527283,348913,473585486781.00,4818367.63230793
2025-10-21T00:00:00+00:00,2025-10-21T23:59:59.999000+00:00,SHIBUSDT,0.00001018,0.00001055,0.00000986,0.00001005,1306122781772.00,13320816.62161226,517615,600230988453.00,6122918.20678347
2025-10-22T00:00:00+00:00,2025-10-22T23:59:59.999000+00:00,SHIBUSDT,0.00001005,0.00001010,0.00000959,0.00000986,1414142732508.00,13995576.63232895,469916,681530216708.00,6746232.07920341
2025-10-23T00:00:00+00:00,2025-10-23T23:59:59.999000+00:00,SHIBUSDT,0.00000986,0.00001021,0.00000985,0.00001010,920786256489.00,9220027.54544238,233576,446401377128.00,4471156.41667052
2025-10-24T00:00:00+00:00,2025-10-24T23:59:59.999000+00:00,SHIBUSDT,0.00001010,0.00001034,0.00001004,0.00001024,739517488406.00,7519431.81218397,191970,361317533492.00,3675297.98669357
2025-10-25T00:00:00+00:00,2025-10-25T23:59:59.999000+00:00,SHIBUSDT,0.00001024,0.00001026,0.00001009,0.00001020,466969052524.00,4749935.35781422,85052,227381130489.00,2313128.33194637
2025-10-26T00:00:00+00:00,2025-10-26T23:59:59.999000+00:00,SHIBUSDT,0.00001019,0.00001069,0.00001009,0.00001056,850997954506.00,8841740.90860961,175151,425096319276.00,4417066.54104770
2025-10-27T00:00:00+00:00,2025-10-27T23:59:59.999000+00:00,SHIBUSDT,0.00001056,0.00001070,0.00001033,0.00001039,987366663554.00,10383088.22590588,274303,457504474974.00,4815394.76104890
2025-10-28T00:00:00+00:00,2025-10-28T23:59:59.999000+00:00,SHIBUSDT,0.00001039,0.00001045,0.00000996,0.00001012,1000146769481.00,10248577.97506910,349194,481383095725.00,4931734.40683978
2025-10-29T00:00:00+00:00,2025-10-29T23:59:59.999000+00:00,SHIBUSDT,0.00001012,0.00001045,0.00000995,0.00001016,1362751808208.00,13919388.13492334,429911,663120389231.00,6775435.99130715
2025-10-30T00:00:00+00:00,2025-10-30T23:59:59.999000+00:00,SHIBUSDT,0.00001016,0.00001025,0.00000936,0.00000973,1591694251114.00,15583217.86798180,582203,756935316070.00,7406445.28318742
2025-10-31T00:00:00+00:00,2025-10-31T23:59:59.999000+00:00,SHIBUSDT,0.00000973,0.00001007,0.00000970,0.00001003,972709626271.00,9626781.34283689,254244,482753851630.00,4779087.27471273
2025-11-01T00:00:00+00:00,2025-11-01T23:59:59.999000+00:00,SHIBUSDT,0.00001003,0.00001026,0.00000996,0.00001020,642310004056.00,6497132.08816644,143578,293320538320.00,2967525.01284159
2025-11-02T00:00:00+00:00,2025-11-02T23:59:59.999000+00:00,SHIBUSDT,0.00001019,0.00001025,0.00000995,0.00001017,548217503381.00,5546401.71117144,185725,238508026214.00,2413903.83068517
2025-11-03T00:00:00+00:00,2025-11-03T23:59:59.999000+00:00,SHIBUSDT,0.00001017,0.00001019,0.00000894,0.00000919,2142981131571.00,20187949.08942110,644620,1054769308018.00,9927806.12816172
2025-11-04T00:00:00+00:00,2025-11-04T23:59:59.999000+00:00,SHIBUSDT,0.00000919,0.00000932,0.00000837,0.00000885,3419579342763.00,30489048.07284676,960750,1648844493133.00,14699316.28023478
2025-11-05T00:00:00+00:00,2025-11-05T23:59:59.999000+00:00,SHIBUSDT,0.00000884,0.00000923,0.00000842,0.00000916,1679196190583.00,15038941.40008305,352451,788905159561.00,7072882.90791298
2025-11-06T00:00:00+00:00,2025-11-06T23:59:59.999000+00:00,SHIBUSDT,0.00000915,0.00000918,0.00000878,0.00000902,1169848410827.00,10522930.71215155,347966,569825605152.00,5127976.59222332
2025-11-07T00:00:00+00:00,2025-11-07T23:59:59.999000+00:00,SHIBUSDT,0.00000903,0.00001035,0.00000902,0.00001002,2723344408660.00,26417403.01116429,626455,1356346124814.00,13178235.25591900
2025-11-08T00:00:00+00:00,2025-11-08T23:59:59.999000+00:00,SHIBUSDT,0.00001003,0.00001029,0.00000969,0.00000997,1410210391065.00,14111559.89662475,461439,661025743652.00,6616390.60875469
2025-11-09T00:00:00+00:00,2025-11-09T23:59:59.999000+00:00,SHIBUSDT,0.00000997,0.00001009,0.00000963,0.00000999,1101635185310.00,10906295.01836894,366896,518084830297.00,5130072.35910878
2025-11-10T00:00:00+00:00,2025-11-10T23:59:59.999000+00:00,SHIBUSDT,0.00000999,0.00001023,0.00000987,0.00001014,1344746875530.00,13521531.35571654,412337,717363751627.00,7218243.89527519
2025-11-11T00:00:00+00:00,2025-11-11T23:59:59.999000+00:00,SHIBUSDT,0.00001015,0.00001027,0.00000962,0.00000963,991146974181.00,9821343.33723707,463550,468952150028.00,4649983.57009879
2025-11-12T00:00:00+00:00,2025-11-12T23:59:59.999000+00:00,SHIBUSDT,0.00000964,0.00000999,0.00000945,0.00000950,1201043630185.00,11674663.65733854,387362,573197162984.00,5562121.46768634
2025-11-13T00:00:00+00:00,2025-11-13T23:59:59.999000+00:00,SHIBUSDT,0.00000950,0.00000987,0.00000904,0.00000931,1154686563711.00,10971383.89576471,532197,560663020910.00,5320355.88444233
2025-11-14T00:00:00+00:00,2025-11-14T23:59:59.999000+00:00,SHIBUSDT,0.00000930,0.00000937,0.00000885,0.00000899,1355039421202.00,12381095.28057973,676820,643492573288.00,5880935.26508115
2025-11-15T00:00:00+00:00,2025-11-15T23:59:59.999000+00:00,SHIBUSDT,0.00000899,0.00000927,0.00000896,0.00000904,744846366417.00,6791661.74576605,193138,326455697135.00,2977079.52322972
2025-11-16T00:00:00+00:00,2025-11-16T23:59:59.999000+00:00,SHIBUSDT,0.00000904,0.00000923,0.00000864,0.00000890,1133122857443.00,10143457.87336022,388545,526681007769.00,4718285.58086630
2025-11-17T00:00:00+00:00,2025-11-17T23:59:59.999000+00:00,SHIBUSDT,0.00000889,0.00000918,0.00000846,0.00000859,1331043920084.00,11743351.61188944,514899,669299225764.00,5904046.04496054
2025-11-18T00:00:00+00:00,2025-11-18T23:59:59.999000+00:00,SHIBUSDT,0.00000859,0.00000902,0.00000848,0.00000887,1359433260676.00,11941620.75581038,424748,671379744642.00,5899552.28123028
2025-11-19T00:00:00+00:00,2025-11-19T23:59:59.999000+00:00,SHIBUSDT,0.00000887,0.00000892,0.00000823,0.00000856,1779499052410.00,15235913.91188824,448558,902404016789.00,7715459.07466783
2025-11-20T00:00:00+00:00,2025-11-20T23:59:59.999000+00:00,SHIBUSDT,0.00000856,0.00000884,0.00000812,0.00000826,1561645041533.00,13317489.57385407,518282,764600548893.00,6522899.60907174
2025-11-21T00:00:00+00:00,2025-11-21T23:59:59.999000+00:00,SHIBUSDT,0.00000825,0.00000840,0.00000755,0.00000785,2573252722517.00,20315231.62318635,900106,1307169178852.00,10320312.92943359
2025-11-22T00:00:00+00:00,2025-11-22T23:59:59.999000+00:00,SHIBUSDT,0.00000785,0.00000789,0.00000756,0.00000780,966123560749.00,7452713.96709740,334898,460773345309.00,3556177.01004720
2025-11-23T00:00:00+00:00,2025-11-23T23:59:59.999000+00:00,SHIBUSDT,0.00000780,0.00000805,0.00000776,0.00000785,953930685065.00,7571962.87585592,221908,506940877697.00,4025366.60786991
2025-11-24T00:00:00+00:00,2025-11-24T23:59:59.999000+00:00,SHIBUSDT,0.00000785,0.00000843,0.00000779,0.00000834,1352209779051.00,10928721.54352653,376142,672983632693.00,5439849.57616790
2025-11-25T00:00:00+00:00,2025-11-25T23:59:59.999000+00:00,SHIBUSDT,0.00000833,0.00000892,0.00000803,0.00000879,1219573861461.00,10237415.69543780,318396,611323937168.00,5136977.54884535
2025-11-26T00:00:00+00:00,2025-11-26T23:59:59.999000+00:00,SHIBUSDT,0.00000880,0.00000884,0.00000830,0.00000860,1411315101071.00,12114041.23088567,252171,689554774075.00,5913491.75692899
2025-11-27T00:00:00+00:00,2025-11-27T23:59:59.999000+00:00,SHIBUSDT,0.00000859,0.00000886,0.00000851,0.00000876,860749762146.00,7451342.10403868,139932,425603132753.00,3685300.87886966
2025-11-28T00:00:00+00:00,2025-11-28T23:59:59.999000+00:00,SHIBUSDT,0.00000876,0.00000913,0.00000860,0.00000864,1204917836626.00,10623909.86172606,276422,621818957749.00,5483341.54389637
2025-11-29T00:00:00+00:00,2025-11-29T23:59:59.999000+00:00,SHIBUSDT,0.00000864,0.00000867,0.00000842,0.00000853,585268195407.00,4992605.13768635,128872,269828096196.00,2302382.95527490
2025-11-30T00:00:00+00:00,2025-11-30T23:59:59.999000+00:00,SHIBUSDT,0.00000853,0.00000863,0.00000836,0.00000837,543576474050.00,4615801.31005673,120524,244929871479.00,2081036.13550602
2025-12-01T00:00:00+00:00,2025-12-01T23:59:59.999000+00:00,SHIBUSDT,0.00000837,0.00000838,0.00000785,0.00000797,1600054127953.00,12816710.44946392,444181,797444193216.00,6390264.68068851
2025-12-02T00:00:00+00:00,2025-12-02T23:59:59.999000+00:00,SHIBUSDT,0.00000797,0.00000858,0.00000788,0.00000846,1204532935741.00,9924723.02288234,334200,589223803679.00,4854345.58932323
2025-12-03T00:00:00+00:00,2025-12-03T23:59:59.999000+00:00,SHIBUSDT,0.00000846,0.00000952,0.00000844,0.00000897,2806588688289.00,25369368.71671352,602270,1438464202353.00,13022380.34844420
2025-12-04T00:00:00+00:00,2025-12-04T23:59:59.999000+00:00,SHIBUSDT,0.00000897,0.00000903,0.00000856,0.00000870,927478219224.00,8161975.03198193,291696,451893147561.00,3976357.69882424
2025-12-05T00:00:00+00:00,2025-12-05T23:59:59.999000+00:00,SHIBUSDT,0.00000870,0.00000878,0.00000814,0.00000830,1130463927619.00,9581415.40989250,336990,526067953197.00,4457924.35166690
2025-12-06T00:00:00+00:00,2025-12-06T23:59:59.999000+00:00,SHIBUSDT,0.00000830,0.00000863,0.00000826,0.00000843,927813609266.00,7834646.57853498,233629,461223332976.00,3897503.96202748
2025-12-07T00:00:00+00:00,2025-12-07T23:59:59.999000+00:00,SHIBUSDT,0.00000843,0.00000858,0.00000819,0.00000834,777529771986.00,6527237.44362831,320704,390706813723.00,3280932.91317776
2025-12-08T00:00:00+00:00,2025-12-08T23:59:59.999000+00:00,SHIBUSDT,0.00000833,0.00000863,0.00000828,0.00000858,906400895300.00,7693787.08571171,326678,415903121904.00,3528961.70353758
2025-12-09T00:00:00+00:00,2025-12-09T23:59:59.999000+00:00,SHIBUSDT,0.00000858,0.00000905,0.00000842,0.00000873,1221888707111.00,10660009.04635527,406412,596513033126.00,5207745.37666471
2025-12-10T00:00:00+00:00,2025-12-10T23:59:59.999000+00:00,SHIBUSDT,0.00000872,0.00000893,0.00000847,0.00000854,1385004180313.00,11967625.12614384,450979,694785192388.00,6004959.09144914
2025-12-11T00:00:00+00:00,2025-12-11T23:59:59.999000+00:00,SHIBUSDT,0.00000854,0.00000862,0.00000817,0.00000850,984474909040.00,8217774.80887915,322808,469275760954.00,3919009.19244834
2025-12-12T00:00:00+00:00,2025-12-12T23:59:59.999000+00:00,SHIBUSDT,0.00000851,0.00000851,0.00000806,0.00000828,868585211614.00,7212107.77121223,249985,404844595803.00,3361236.06473445
2025-12-13T00:00:00+00:00,2025-12-13T23:59:59.999000+00:00,SHIBUSDT,0.00000828,0.00000845,0.00000827,0.00000835,562106578059.00,4696936.04528820,86800,256463364063.00,2143312.63716867
2025-12-14T00:00:00+00:00,2025-12-14T23:59:59.999000+00:00,SHIBUSDT,0.00000836,0.00000839,0.00000798,0.00000807,714374329399.00,5819976.92213796,156216,311683810872.00,2539054.69800036
2025-12-15T00:00:00+00:00,2025-12-15T23:59:59.999000+00:00,SHIBUSDT,0.00000808,0.00000827,0.00000771,0.00000790,1020193229527.00,8168808.06761207,353454,484540805566.00,3877429.22700692
2025-12-16T00:00:00+00:00,2025-12-16T23:59:59.999000+00:00,SHIBUSDT,0.00000790,0.00000800,0.00000772,0.00000786,828967469665.00,6527056.87690372,259827,424868988918.00,3346930.31975946
2025-12-17T00:00:00+00:00,2025-12-17T23:59:59.999000+00:00,SHIBUSDT,0.00000786,0.00000805,0.00000746,0.00000753,1046136248152.00,8079348.66368158,381053,521785833909.00,4026042.01435667
2025-12-18T00:00:00+00:00,2025-12-18T23:59:59.999000+00:00,SHIBUSDT,0.00000753,0.00000754,0.00000700,0.00000703,2274738470427.00,16644881.52290707,498736,1165979833076.00,8536459.04997238
2025-12-19T00:00:00+00:00,2025-12-19T23:59:59.999000+00:00,SHIBUSDT,0.00000704,0.00000766,0.00000700,0.00000752,1399279931478.00,10292700.81566637,291858,718790290348.00,5290747.42823239
2025-12-20T00:00:00+00:00,2025-12-20T23:59:59.999000+00:00,SHIBUSDT,0.00000752,0.00000752,0.00000740,0.00000743,527166476927.00,3930562.95368890,76657,273265845189.00,2038251.19031250
2025-12-21T00:00:00+00:00,2025-12-21T23:59:59.999000+00:00,SHIBUSDT,0.00000743,0.00000746,0.00000718,0.00000728,574483773667.00,4204457.06632070,147154,289669256770.00,2120545.07305466
2025-12-22T00:00:00+00:00,2025-12-22T23:59:59.999000+00:00,SHIBUSDT,0.00000729,0.00000744,0.00000715,0.00000720,916383064138.00,6673013.42480974,264045,472241393132.00,3438423.12459986
2025-12-23T00:00:00+00:00,2025-12-23T23:59:59.999000+00:00,SHIBUSDT,0.00000720,0.00000728,0.00000704,0.00000712,789795244103.00,5642833.77928279,180777,405344833356.00,2896205.57553385
2025-12-24T00:00:00+00:00,2025-12-24T23:59:59.999000+00:00,SHIBUSDT,0.00000712,0.00000729,0.00000698,0.00000721,853494837049.00,6078448.41267860,126976,454846612648.00,3239621.89559087
2025-12-25T00:00:00+00:00,2025-12-25T23:59:59.999000+00:00,SHIBUSDT,0.00000721,0.00000729,0.00000705,0.00000706,819779328480.00,5904472.32706166,101557,395382297524.00,2847653.97761103
2025-12-26T00:00:00+00:00,2025-12-26T23:59:59.999000+00:00,SHIBUSDT,0.00000706,0.00000730,0.00000702,0.00000712,1212197882873.00,8684757.96422395,169078,616883875762.00,4422888.69703080
2025-12-27T00:00:00+00:00,2025-12-27T23:59:59.999000+00:00,SHIBUSDT,0.00000712,0.00000740,0.00000710,0.00000738,745002001824.00,5381427.17210359,76014,418894955909.00,3024043.92072576
2025-12-28T00:00:00+00:00,2025-12-28T23:59:59.999000+00:00,SHIBUSDT,0.00000739,0.00000741,0.00000726,0.00000740,692031721963.00,5085929.56623858,94555,328884776561.00,2417603.69235294
2025-12-29T00:00:00+00:00,2025-12-29T23:59:59.999000+00:00,SHIBUSDT,0.00000740,0.00000757,0.00000717,0.00000719,965553953602.00,7149533.39671902,227450,493959021501.00,3657264.97122859
2025-12-30T00:00:00+00:00,2025-12-30T23:59:59.999000+00:00,SHIBUSDT,0.00000719,0.00000726,0.00000707,0.00000710,712412627136.00,5101912.84104266,134401,373567773569.00,2676415.35075517
2025-12-31T00:00:00+00:00,2025-12-31T23:59:59.999000+00:00,SHIBUSDT,0.00000710,0.00000714,0.00000682,0.00000691,1153675638332.00,8050424.99127127,135436,612426720363.00,4274271.90007608
2026-01-01T00:00:00+00:00,2026-01-01T23:59:59.999000+00:00,SHIBUSDT,0.00000691,0.00000753,0.00000690,0.00000746,1303189543402.00,9390778.39212125,152435,645773763747.00,4656504.30116908
2026-01-02T00:00:00+00:00,2026-01-02T23:59:59.999000+00:00,SHIBUSDT,0.00000747,0.00000831,0.00000734,0.00000812,2770090970410.00,21802794.60384676,544444,1383042508653.00,10893914.54299817
2026-01-03T00:00:00+00:00,2026-01-03T23:59:59.999000+00:00,SHIBUSDT,0.00000812,0.00000822,0.00000783,0.00000809,1365413525168.00,10934771.53575846,247536,655007446979.00,5247802.40346125
2026-01-04T00:00:00+00:00,2026-01-04T23:59:59.999000+00:00,SHIBUSDT,0.00000809,0.00000941,0.00000807,0.00000905,4104787011424.00,36324304.67540747,887793,2030247319661.00,17960875.18846624
2026-01-05T00:00:00+00:00,2026-01-05T23:59:59.999000+00:00,SHIBUSDT,0.00000904,0.00001009,0.00000858,0.00000927,5226327992949.00,48687476.38810686,1057186,2568637893762.00,23968220.54881855
2026-01-06T00:00:00+00:00,2026-01-06T23:59:59.999000+00:00,SHIBUSDT,0.00000927,0.00000963,0.00000882,0.00000913,3031580026288.00,27990181.79086447,718926,1515425440280.00,14002531.32716363
2026-01-07T00:00:00+00:00,2026-01-07T23:59:59.999000+00:00,SHIBUSDT,0.00000912,0.00000925,0.00000871,0.00000879,1324254720980.00,11850571.50627918,515617,609848033966.00,5457520.70473968
2026-01-08T00:00:00+00:00,2026-01-08T23:59:59.999000+00:00,SHIBUSDT,0.00000879,0.00000887,0.00000848,0.00000875,1279041422724.00,11125176.04785729,447421,606648822363.00,5281214.51933436
2026-01-09T00:00:00+00:00,2026-01-09T23:59:59.999000+00:00,SHIBUSDT,0.00000875,0.00000888,0.00000854,0.00000867,845591577542.00,7367940.86035137,387669,437223918880.00,3809519.91352198
2026-01-10T00:00:00+00:00,2026-01-10T23:59:59.999000+00:00,SHIBUSDT,0.00000867,0.00000875,0.00000856,0.00000865,447397956367.00,3875208.82289266,121046,228934691785.00,1983133.80678986
2026-01-11T00:00:00+00:00,2026-01-11T23:59:59.999000+00:00,SHIBUSDT,0.00000866,0.00000873,0.00000835,0.00000846,667791448331.00,5739299.23383734,167459,319402415323.00,2745205.70179735
2026-01-12T00:00:00+00:00,2026-01-12T23:59:59.999000+00:00,SHIBUSDT,0.00000846,0.00000876,0.00000826,0.00000838,978558240926.00,8311129.28070146,404152,476486451539.00,4047013.77467921
2026-01-13T00:00:00+00:00,2026-01-13T23:59:59.999000+00:00,SHIBUSDT,0.00000837,0.00000912,0.00000837,0.00000899,1484741486025.00,13022434.85881882,427529,782018665312.00,6858296.72923402
2026-01-14T00:00:00+00:00,2026-01-14T23:59:59.999000+00:00,SHIBUSDT,0.00000899,0.00000906,0.00000865,0.00000873,2115944514016.00,18665007.07564838,450743,1072449008201.00,9467820.66961568
2026-01-15T00:00:00+00:00,2026-01-15T23:59:59.999000+00:00,SHIBUSDT,0.00000873,0.00000876,0.00000829,0.00000842,1034689669522.00,8821550.89762514,311911,525999561060.00,4484643.44820000
2026-01-16T00:00:00+00:00,2026-01-16T23:59:59.999000+00:00,SHIBUSDT,0.00000842,0.00000861,0.00000814,0.00000856,704885255922.00,5916833.49445530,218890,365361398431.00,3068364.48933122
2026-01-17T00:00:00+00:00,2026-01-17T23:59:59.999000+00:00,SHIBUSDT,0.00000856,0.00000860,0.00000843,0.00000849,515587553878.00,4393436.21906571,118658,240473011565.00,2050157.47655471
2026-01-18T00:00:00+00:00,2026-01-18T23:59:59.999000+00:00,SHIBUSDT,0.00000848,0.00000853,0.00000807,0.00000809,633230566832.00,5289649.98060461,189871,307853846018.00,2572622.27097136
2026-01-19T00:00:00+00:00,2026-01-19T23:59:59.999000+00:00,SHIBUSDT,0.00000810,0.00000814,0.00000745,0.00000814,1718288576647.00,13544856.80642659,350935,877554866435.00,6914324.04907771
2026-01-20T00:00:00+00:00,2026-01-20T23:59:59.999000+00:00,SHIBUSDT,0.00000814,0.00000815,0.00000765,0.00000773,1166778031431.00,9199019.24620657,365077,520589245473.00,4108934.21184557
2026-01-21T00:00:00+00:00,2026-01-21T23:59:59.999000+00:00,SHIBUSDT,0.00000773,0.00000817,0.00000766,0.00000799,1282336579610.00,10141289.89595013,457418,610021368836.00,4825382.36878555
2026-01-22T00:00:00+00:00,2026-01-22T23:59:59.999000+00:00,SHIBUSDT,0.00000798,0.00000808,0.00000774,0.00000783,761062016645.00,6021149.34188902,212419,360892783587.00,2855434.91535506
2026-01-23T00:00:00+00:00,2026-01-23T23:59:59.999000+00:00,SHIBUSDT,0.00000783,0.00000815,0.00000775,0.00000789,961111821055.00,7613963.07579072,266833,462452430838.00,3665163.50376247
2026-01-24T00:00:00+00:00,2026-01-24T23:59:59.999000+00:00,SHIBUSDT,0.00000789,0.00000792,0.00000777,0.00000782,509846804631.00,4004659.20281183,76733,253411691965.00,1990907.28020840
2026-01-25T00:00:00+00:00,2026-01-25T23:59:59.999000+00:00,SHIBUSDT,0.00000782,0.00000784,0.00000736,0.00000751,862793966801.00,6582597.48127209,225411,409096273328.00,3122598.84294073
2026-01-26T00:00:00+00:00,2026-01-26T23:59:59.999000+00:00,SHIBUSDT,0.00000751,0.00000779,0.00000751,0.00000770,798166925964.00,6143201.05612553,211343,390035924788.00,3002661.73844939
2026-01-27T00:00:00+00:00,2026-01-27T23:59:59.999000+00:00,SHIBUSDT,0.00000770,0.00000790,0.00000762,0.00000783,792818078560.00,6134942.85276196,167426,367067310086.00,2841603.72107788
2026-01-28T00:00:00+00:00,2026-01-28T23:59:59.999000+00:00,SHIBUSDT,0.00000783,0.00000788,0.00000770,0.00000780,963252623485.00,7498877.74198227,200210,461711263767.00,3594211.76293097
2026-01-29T00:00:00+00:00,2026-01-29T23:59:59.999000+00:00,SHIBUSDT,0.00000781,0.00000782,0.00000721,0.00000736,1471021107467.00,10924523.58543877,274969,713414336821.00,5292329.58639487
2026-01-30T00:00:00+00:00,2026-01-30T23:59:59.999000+00:00,SHIBUSDT,0.00000736,0.00000738,0.00000710,0.00000724,1811385167043.00,13124638.97278391,392176,882908476324.00,6396651.62099775
2026-01-31T00:00:00+00:00,2026-01-31T23:59:59.999000+00:00,SHIBUSDT,0.00000723,0.00000724,0.00000616,0.00000681,3226907261117.00,21624285.84740186,605471,1587922553743.00,10630919.65854873
2026-02-01T00:00:00+00:00,2026-02-01T23:59:59.999000+00:00,SHIBUSDT,0.00000680,0.00000691,0.00000647,0.00000663,1703645605049.00,11469444.89219688,458927,772675141418.00,5199894.62672667
2026-02-02T00:00:00+00:00,2026-02-02T23:59:59.999000+00:00,SHIBUSDT,0.00000662,0.00000703,0.00000646,0.00000687,1709877139766.00,11552365.21035318,599107,815363768974.00,5509242.06977801
2026-02-03T00:00:00+00:00,2026-02-03T23:59:59.999000+00:00,SHIBUSDT,0.00000688,0.00000703,0.00000648,0.00000670,2572600663570.00,17511852.02457143,459006,1292578133811.00,8806451.08324636
2026-02-04T00:00:00+00:00,2026-02-04T23:59:59.999000+00:00,SHIBUSDT,0.00000670,0.00000684,0.00000648,0.00000663,1696808421002.00,11328495.73360301,495339,849625511503.00,5671450.06900804
2026-02-05T00:00:00+00:00,2026-02-05T23:59:59.999000+00:00,SHIBUSDT,0.00000663,0.00000670,0.00000558,0.00000562,3986535038266.00,24140733.83446440,1114316,1910554843879.00,11552118.72885877
2026-02-06T00:00:00+00:00,2026-02-06T23:59:59.999000+00:00,SHIBUSDT,0.00000562,0.00000642,0.00000507,0.00000632,3575386665953.00,20809058.27243216,838658,1805665699089.00,10545757.53231110
2026-02-07T00:00:00+00:00,2026-02-07T23:59:59.999000+00:00,SHIBUSDT,0.00000632,0.00000643,0.00000601,0.00000633,2141380976935.00,13386157.32305052,381972,1026758714663.00,6422371.91431154
2026-02-08T00:00:00+00:00,2026-02-08T23:59:59.999000+00:00,SHIBUSDT,0.00000633,0.00000633,0.00000606,0.00000611,828770267047.00,5138808.31108066,201340,403950693233.00,2504019.07834329
2026-02-09T00:00:00+00:00,2026-02-09T23:59:59.999000+00:00,SHIBUSDT,0.00000612,0.00000621,0.00000590,0.00000610,1199319457809.00,7293469.18597380,255027,559189326067.00,3402242.70931928
2026-02-10T00:00:00+00:00,2026-02-10T23:59:59.999000+00:00,SHIBUSDT,0.00000611,0.00000614,0.00000595,0.00000601,1109390716434.00,6674165.26532026,190481,572996086876.00,3446701.61466607
2026-02-11T00:00:00+00:00,2026-02-11T23:59:59.999000+00:00,SHIBUSDT,0.00000601,0.00000606,0.00000575,0.00000591,1521200412439.00,8943732.38784754,323594,747762738256.00,4397153.45442301
2026-02-12T00:00:00+00:00,2026-02-12T23:59:59.999000+00:00,SHIBUSDT,0.00000591,0.00000619,0.00000591,0.00000605,1236415769326.00,7483765.54180499,262899,611382786861.00,3701450.14946916
2026-02-13T00:00:00+00:00,2026-02-13T23:59:59.999000+00:00,SHIBUSDT,0.00000605,0.00000641,0.00000594,0.00000632,1244432843530.00,7720560.71896244,201882,655114158808.00,4066786.76718032
2026-02-14T00:00:00+00:00,2026-02-14T23:59:59.999000+00:00,SHIBUSDT,0.00000632,0.00000725,0.00000629,0.00000703,1823121789913.00,12276726.29782450,298276,955912555962.00,6430803.03291093
2026-02-15T00:00:00+00:00,2026-02-15T23:59:59.999000+00:00,SHIBUSDT,0.00000703,0.00000716,0.00000642,0.00000654,1978325721745.00,13397370.42250496,422936,961405998178.00,6518465.32219359
2026-02-16T00:00:00+00:00,2026-02-16T23:59:59.999000+00:00,SHIBUSDT,0.00000655,0.00000670,0.00000643,0.00000658,1429482630416.00,9388961.01793345,298461,730110439614.00,4794472.75950017
2026-02-17T00:00:00+00:00,2026-02-17T23:59:59.999000+00:00,SHIBUSDT,0.00000658,0.00000662,0.00000642,0.00000651,964708577121.00,6294437.67858869,240247,460468113779.00,3005866.85883279
2026-02-18T00:00:00+00:00,2026-02-18T23:59:59.999000+00:00,SHIBUSDT,0.00000651,0.00000656,0.00000626,0.00000630,728740441302.00,4685616.58645550,202609,351763399808.00,2263588.35672567
2026-02-19T00:00:00+00:00,2026-02-19T23:59:59.999000+00:00,SHIBUSDT,0.00000630,0.00000634,0.00000612,0.00000621,796182560023.00,4948147.75530308,207379,357939350428.00,2226857.45574612
2026-02-20T00:00:00+00:00,2026-02-20T23:59:59.999000+00:00,SHIBUSDT,0.00000621,0.00000653,0.00000617,0.00000642,1920094032295.00,12140994.56581714,334333,1007291082182.00,6368133.43374583
2026-02-21T00:00:00+00:00,2026-02-21T23:59:59.999000+00:00,SHIBUSDT,0.00000642,0.00000662,0.00000638,0.00000639,532194222601.00,3456353.06548132,144111,273071876399.00,1774327.24022376
2026-02-22T00:00:00+00:00,2026-02-22T23:59:59.999000+00:00,SHIBUSDT,0.00000639,0.00000639,0.00000613,0.00000619,1236866406215.00,7707001.90547093,116258,511777956789.00,3192184.43669296
2026-02-23T00:00:00+00:00,2026-02-23T23:59:59.999000+00:00,SHIBUSDT,0.00000620,0.00000624,0.00000590,0.00000602,1114145596305.00,6731464.24895971,307761,539293563048.00,3261143.75460038
2026-02-24T00:00:00+00:00,2026-02-24T23:59:59.999000+00:00,SHIBUSDT,0.00000602,0.00000605,0.00000586,0.00000590,763919551602.00,4538383.72881420,224610,377725200456.00,2244832.25407961
2026-02-25T00:00:00+00:00,2026-02-25T23:59:59.999000+00:00,SHIBUSDT,0.00000590,0.00000654,0.00000589,0.00000623,1625284311229.00,10065294.46411274,381854,786817075734.00,4868846.30933931
2026-02-26T00:00:00+00:00,2026-02-26T23:59:59.999000+00:00,SHIBUSDT,0.00000623,0.00000628,0.00000588,0.00000597,1993104324630.00,12027804.47132651,322763,900489288395.00,5450193.24328704
2026-02-27T00:00:00+00:00,2026-02-27T23:59:59.999000+00:00,SHIBUSDT,0.00000597,0.00000609,0.00000568,0.00000578,1519809624970.00,8921453.16571138,262033,799592768383.00,4696365.42369383
2026-02-28T00:00:00+00:00,2026-02-28T23:59:59.999000+00:00,SHIBUSDT,0.00000579,0.00000584,0.00000544,0.00000578,1756441408460.00,9849230.83223626,360661,894338317841.00,5019022.84437739
2026-03-01T00:00:00+00:00,2026-03-01T23:59:59.999000+00:00,SHIBUSDT,0.00000579,0.00000596,0.00000544,0.00000554,1336933001557.00,7565379.91590923,294576,692883119956.00,3920211.23401629
2026-03-02T00:00:00+00:00,2026-03-02T23:59:59.999000+00:00,SHIBUSDT,0.00000553,0.00000580,0.00000545,0.00000550,1788407448595.00,10031273.48482805,397801,891799825971.00,5002994.31276176
2026-03-03T00:00:00+00:00,2026-03-03T23:59:59.999000+00:00,SHIBUSDT,0.00000551,0.00000557,0.00000526,0.00000548,2685484960763.00,14534345.14821275,370431,1411707111432.00,7641099.23660193
2026-03-04T00:00:00+00:00,2026-03-04T23:59:59.999000+00:00,SHIBUSDT,0.00000547,0.00000586,0.00000540,0.00000570,2422347335598.00,13718133.75209591,393335,1127041733633.00,6392699.60682184
2026-03-05T00:00:00+00:00,2026-03-05T23:59:59.999000+00:00,SHIBUSDT,0.00000571,0.00000572,0.00000544,0.00000552,1053228175814.00,5897677.20395299,268982,485062182082.00,2717988.17361566
2026-03-06T00:00:00+00:00,2026-03-06T23:59:59.999000+00:00,SHIBUSDT,0.00000553,0.00000562,0.00000531,0.00000541,1007552159984.00,5507953.91206518,219108,498279797217.00,2724746.44456014
2026-03-07T00:00:00+00:00,2026-03-07T23:59:59.999000+00:00,SHIBUSDT,0.00000541,0.00000544,0.00000529,0.00000532,503791328289.00,2706448.76907253,76920,222121299758.00,1193443.24704943
2026-03-08T00:00:00+00:00,2026-03-08T23:59:59.999000+00:00,SHIBUSDT,0.00000533,0.00000539,0.00000523,0.00000529,878753636265.00,4656289.69826920,159733,449232962289.00,2381141.70399665
2026-03-09T00:00:00+00:00,2026-03-09T23:59:59.999000+00:00,SHIBUSDT,0.00000529,0.00000558,0.00000527,0.00000542,1069459638029.00,5790203.28819991,265371,577619652265.00,3129651.59305409
2026-03-10T00:00:00+00:00,2026-03-10T23:59:59.999000+00:00,SHIBUSDT,0.00000542,0.00000608,0.00000541,0.00000565,2949412122100.00,17135574.89316174,447202,1435165836658.00,8338014.59801519
2026-03-11T00:00:00+00:00,2026-03-11T23:59:59.999000+00:00,SHIBUSDT,0.00000565,0.00000590,0.00000558,0.00000573,1620641630372.00,9332633.79995459,260577,786804433204.00,4531903.76582096
2026-03-12T00:00:00+00:00,2026-03-12T23:59:59.999000+00:00,SHIBUSDT,0.00000573,0.00000606,0.00000569,0.00000592,1740567542307.00,10236138.47009417,232385,805000881488.00,4735479.21757661
2026-03-13T00:00:00+00:00,2026-03-13T23:59:59.999000+00:00,SHIBUSDT,0.00000592,0.00000630,0.00000589,0.00000594,1763832832722.00,10703837.42906881,277832,840965282953.00,5099194.91268580
2026-03-14T00:00:00+00:00,2026-03-14T23:59:59.999000+00:00,SHIBUSDT,0.00000594,0.00000600,0.00000582,0.00000588,541502241757.00,3194767.24560295,79242,257357306707.00,1518590.35072208
2026-03-15T00:00:00+00:00,2026-03-15T23:59:59.999000+00:00,SHIBUSDT,0.00000589,0.00000597,0.00000578,0.00000594,684466828544.00,4010003.50746959,106112,348497791216.00,2041808.34529050
2026-03-16T00:00:00+00:00,2026-03-16T23:59:59.999000+00:00,SHIBUSDT,0.00000595,0.00000644,0.00000594,0.00000619,1963101183548.00,12124928.44498141,381746,975553641318.00,6024342.85481217
2026-03-17T00:00:00+00:00,2026-03-17T23:59:59.999000+00:00,SHIBUSDT,0.00000619,0.00000625,0.00000595,0.00000606,1085266506275.00,6615333.78142524,206537,531175136392.00,3237929.06856683
2026-03-18T00:00:00+00:00,2026-03-18T23:59:59.999000+00:00,SHIBUSDT,0.00000607,0.00000622,0.00000571,0.00000582,1384123708252.00,8192720.49953345,213802,693479757554.00,4096074.76905764
2026-03-19T00:00:00+00:00,2026-03-19T23:59:59.999000+00:00,SHIBUSDT,0.00000583,0.00000586,0.00000562,0.00000581,797553719578.00,4577508.49776035,139827,397814845643.00,2284236.91460100
2026-03-20T00:00:00+00:00,2026-03-20T23:59:59.999000+00:00,SHIBUSDT,0.00000580,0.00000622,0.00000580,0.00000596,1877789687932.00,11286517.24975832,288817,894759866055.00,5379169.55836934
2026-03-21T00:00:00+00:00,2026-03-21T23:59:59.999000+00:00,SHIBUSDT,0.00000596,0.00000608,0.00000582,0.00000586,668814336351.00,4000416.19224265,95566,324708194230.00,1943042.08814960
2026-03-22T00:00:00+00:00,2026-03-22T23:59:59.999000+00:00,SHIBUSDT,0.00000585,0.00000590,0.00000565,0.00000571,724936855490.00,4189242.69910714,148910,346561391535.00,2003657.31370367
2026-03-23T00:00:00+00:00,2026-03-23T23:59:59.999000+00:00,SHIBUSDT,0.00000571,0.00000621,0.00000569,0.00000611,1971600852262.00,11828610.86824606,347120,931808905570.00,5590161.63907913
2026-03-24T00:00:00+00:00,2026-03-24T23:59:59.999000+00:00,SHIBUSDT,0.00000611,0.00000626,0.00000599,0.00000620,1363341423533.00,8335808.15637469,196713,605640184728.00,3704167.50020992
2026-03-25T00:00:00+00:00,2026-03-25T23:59:59.999000+00:00,SHIBUSDT,0.00000620,0.00000628,0.00000609,0.00000613,857435244727.00,5294092.02149039,121623,422166787072.00,2607191.01748342
2026-03-26T00:00:00+00:00,2026-03-26T23:59:59.999000+00:00,SHIBUSDT,0.00000613,0.00000614,0.00000584,0.00000592,720166194751.00,4289814.90755565,101266,319659668884.00,1903447.12470676
2026-03-27T00:00:00+00:00,2026-03-27T23:59:59.999000+00:00,SHIBUSDT,0.00000592,0.00000596,0.00000573,0.00000578,883475343537.00,5118795.34624416,98259,434174149358.00,2514742.08205010
2026-03-28T00:00:00+00:00,2026-03-28T23:59:59.999000+00:00,SHIBUSDT,0.00000577,0.00000598,0.00000571,0.00000583,674531956362.00,3955549.73091741,82694,327206576104.00,1919570.06669512
2026-03-29T00:00:00+00:00,2026-03-29T23:59:59.999000+00:00,SHIBUSDT,0.00000583,0.00000587,0.00000564,0.00000578,560869729154.00,3239511.98765367,86311,267318510596.00,1545178.25412185
2026-03-30T00:00:00+00:00,2026-03-30T23:59:59.999000+00:00,SHIBUSDT,0.00000579,0.00000616,0.00000578,0.00000592,1234279838913.00,7436275.39360482,171434,614772819862.00,3703662.32360043
2026-03-31T00:00:00+00:00,2026-03-31T23:59:59.999000+00:00,SHIBUSDT,0.00000593,0.00000602,0.00000582,0.00000596,899527664740.00,5328200.23082058,143012,450410958547.00,2669292.98459374
2026-04-01T00:00:00+00:00,2026-04-01T23:59:59.999000+00:00,SHIBUSDT,0.00000595,0.00000613,0.00000589,0.00000600,880413745445.00,5293960.58640221,132996,420951394917.00,2531385.49337167
2026-04-02T00:00:00+00:00,2026-04-02T23:59:59.999000+00:00,SHIBUSDT,0.00000601,0.00000605,0.00000577,0.00000587,1168130116011.00,6831763.75479048,151289,542532682840.00,3174049.67498588
2026-04-03T00:00:00+00:00,2026-04-03T23:59:59.999000+00:00,SHIBUSDT,0.00000587,0.00000609,0.00000582,0.00000598,961031105884.00,5761190.48796976,108972,473121876595.00,2836858.42162576
2026-04-04T00:00:00+00:00,2026-04-04T23:59:59.999000+00:00,SHIBUSDT,0.00000599,0.00000605,0.00000585,0.00000599,708425756920.00,4203275.75507665,58085,323117998633.00,1917262.88924754
2026-04-05T00:00:00+00:00,2026-04-05T23:59:59.999000+00:00,SHIBUSDT,0.00000599,0.00000600,0.00000579,0.00000600,957121797690.00,5614612.54792269,81428,478986608975.00,2812880.85948786
2026-04-06T00:00:00+00:00,2026-04-06T23:59:59.999000+00:00,SHIBUSDT,0.00000599,0.00000610,0.00000580,0.00000583,1216990253429.00,7288551.50833700,143634,603855341782.00,3620600.29912078
2026-04-07T00:00:00+00:00,2026-04-07T23:59:59.999000+00:00,SHIBUSDT,0.00000583,0.00000618,0.00000578,0.00000614,1408385378583.00,8363746.95534395,148843,706859542872.00,4205587.72206336
2026-04-08T00:00:00+00:00,2026-04-08T23:59:59.999000+00:00,SHIBUSDT,0.00000614,0.00000618,0.00000592,0.00000593,926645074480.00,5618787.30106647,105978,424680840347.00,2578085.62927461
2026-04-09T00:00:00+00:00,2026-04-09T23:59:59.999000+00:00,SHIBUSDT,0.00000594,0.00000606,0.00000581,0.00000591,1384422468464.00,8184648.32205865,134817,724865419800.00,4287433.77949411
2026-04-10T00:00:00+00:00,2026-04-10T23:59:59.999000+00:00,SHIBUSDT,0.00000591,0.00000606,0.00000585,0.00000596,838011914336.00,4978501.75723425,103341,445508741414.00,2646909.05391833
2026-04-11T00:00:00+00:00,2026-04-11T23:59:59.999000+00:00,SHIBUSDT,0.00000597,0.00000606,0.00000588,0.00000595,835766592282.00,4982286.18666456,85187,389230162774.00,2321988.29934571
2026-04-12T00:00:00+00:00,2026-04-12T23:59:59.999000+00:00,SHIBUSDT,0.00000595,0.00000596,0.00000574,0.00000577,944544822342.00,5493939.02885561,91063,462296972895.00,2689303.83672475
2026-04-13T00:00:00+00:00,2026-04-13T23:59:59.999000+00:00,SHIBUSDT,0.00000577,0.00000602,0.00000574,0.00000600,933340772120.00,5448610.24617223,104504,479698053430.00,2802885.94789145
2026-04-14T00:00:00+00:00,2026-04-14T23:59:59.999000+00:00,SHIBUSDT,0.00000601,0.00000603,0.00000579,0.00000583,1267365460901.00,7507571.58115115,133612,609470022415.00,3612423.22212711
2026-04-15T00:00:00+00:00,2026-04-15T23:59:59.999000+00:00,SHIBUSDT,0.00000583,0.00000601,0.00000581,0.00000596,891863359151.00,5266095.93662419,89595,451784044195.00,2668244.33730032
2026-04-16T00:00:00+00:00,2026-04-16T23:59:59.999000+00:00,SHIBUSDT,0.00000596,0.00000639,0.00000594,0.00000627,2171471702279.00,13358887.98571469,259345,1015646085683.00,6248830.46785821
2026-04-17T00:00:00+00:00,2026-04-17T23:59:59.999000+00:00,SHIBUSDT,0.00000626,0.00000648,0.00000608,0.00000631,1597550245100.00,10073572.18764039,198659,749840401209.00,4730333.46709303
2026-04-18T00:00:00+00:00,2026-04-18T23:59:59.999000+00:00,SHIBUSDT,0.00000631,0.00000632,0.00000603,0.00000606,1095143710298.00,6763924.75524406,125384,548133561040.00,3385222.65487302
2026-04-19T00:00:00+00:00,2026-04-19T23:59:59.999000+00:00,SHIBUSDT,0.00000607,0.00000611,0.00000586,0.00000589,1005616626072.00,6034211.07025498,127702,493563850473.00,2961725.47216955
2026-04-20T00:00:00+00:00,2026-04-20T23:59:59.999000+00:00,SHIBUSDT,0.00000589,0.00000607,0.00000588,0.00000600,717203269911.00,4303868.13105745,88826,378955008184.00,2274391.90745783
2026-04-21T00:00:00+00:00,2026-04-21T23:59:59.999000+00:00,SHIBUSDT,0.00000601,0.00000614,0.00000597,0.00000609,792162959007.00,4796282.88240649,74743,413942172732.00,2507310.15820055
2026-04-22T00:00:00+00:00,2026-04-22T23:59:59.999000+00:00,SHIBUSDT,0.00000608,0.00000629,0.00000607,0.00000610,1092569139470.00,6787734.98261202,87594,529912284267.00,3292416.92735337
2026-04-23T00:00:00+00:00,2026-04-23T23:59:59.999000+00:00,SHIBUSDT,0.00000610,0.00000621,0.00000602,0.00000616,771573573642.00,4712537.42324967,69861,365875313877.00,2235727.09179480
2026-04-24T00:00:00+00:00,2026-04-24T23:59:59.999000+00:00,SHIBUSDT,0.00000615,0.00000629,0.00000610,0.00000620,818068555762.00,5071559.25782918,58819,383848697099.00,2379399.54863912
2026-04-25T00:00:00+00:00,2026-04-25T23:59:59.999000+00:00,SHIBUSDT,0.00000620,0.00000625,0.00000613,0.00000618,527229942230.00,3264900.26448466,37983,254414698706.00,1575528.22351506
2026-04-26T00:00:00+00:00,2026-04-26T23:59:59.999000+00:00,SHIBUSDT,0.00000618,0.00000625,0.00000614,0.00000621,561130669648.00,3478432.11244151,39992,278083518711.00,1724201.46197070
2026-04-27T00:00:00+00:00,2026-04-27T23:59:59.999000+00:00,SHIBUSDT,0.00000620,0.00000633,0.00000603,0.00000614,970337161419.00,5982672.55516349,80323,478791872605.00,2955797.80894506
2026-04-28T00:00:00+00:00,2026-04-28T23:59:59.999000+00:00,SHIBUSDT,0.00000614,0.00000620,0.00000606,0.00000613,559043802581.00,3425578.02392203,52059,268296418068.00,1644620.07640530
2026-04-29T00:00:00+00:00,2026-04-29T23:59:59.999000+00:00,SHIBUSDT,0.00000613,0.00000657,0.00000600,0.00000616,2336515538858.00,14649153.24676980,177847,1135711258748.00,7118522.24967127
2026-04-30T00:00:00+00:00,2026-04-30T23:59:59.999000+00:00,SHIBUSDT,0.00000616,0.00000638,0.00000614,0.00000622,1262221125588.00,7908399.11223525,99014,601132705343.00,3767603.33008450
2026-05-01T00:00:00+00:00,2026-05-01T23:59:59.999000+00:00,SHIBUSDT,0.00000623,0.00000641,0.00000622,0.00000627,1112826127566.00,7057611.30842493,74287,573396852984.00,3635782.22219496
2026-05-02T00:00:00+00:00,2026-05-02T23:59:59.999000+00:00,SHIBUSDT,0.00000628,0.00000633,0.00000622,0.00000627,491065618740.00,3082490.18627014,35007,254331044340.00,1596960.17277928
2026-05-03T00:00:00+00:00,2026-05-03T23:59:59.999000+00:00,SHIBUSDT,0.00000628,0.00000628,0.00000615,0.00000616,637635614856.00,3958408.35767626,37849,326505385147.00,2027760.15267096
2026-05-04T00:00:00+00:00,2026-05-04T23:59:59.999000+00:00,SHIBUSDT,0.00000617,0.00000635,0.00000612,0.00000619,1220663294597.00,7588286.46409391,102960,607772113564.00,3778807.10660910
2026-05-05T00:00:00+00:00,2026-05-05T23:59:59.999000+00:00,SHIBUSDT,0.00000619,0.00000644,0.00000618,0.00000635,1156143423958.00,7274703.35930869,80708,558172753856.00,3512916.57438082
2026-05-06T00:00:00+00:00,2026-05-06T23:59:59.999000+00:00,SHIBUSDT,0.00000634,0.00000646,0.00000631,0.00000644,456038897605.00,2922681.67998915,34171,217599790454.00,1394880.53636636
