timestamp,close_timestamp,symbol,open,high,low,close,volume,quote_asset_volume,number_of_trades,taker_buy_base_volume,taker_buy_quote_volume
2023-05-01T00:00:00+00:00,2023-05-01T23:59:59.999000+00:00,SOLUSDT,22.73000000,22.88000000,21.54000000,21.96000000,3758634.21000000,83028090.56660000,142085,1905943.72000000,42128855.19080000
2023-05-02T00:00:00+00:00,2023-05-02T23:59:59.999000+00:00,SOLUSDT,21.95000000,22.38000000,21.75000000,22.25000000,2566813.09000000,56694549.29130000,87272,1268628.89000000,28034876.70810000
2023-05-03T00:00:00+00:00,2023-05-03T23:59:59.999000+00:00,SOLUSDT,22.25000000,22.30000000,21.23000000,22.24000000,4181975.28000000,90683868.53260000,138483,2081143.75000000,45128164.35470000
2023-05-04T00:00:00+00:00,2023-05-04T23:59:59.999000+00:00,SOLUSDT,22.24000000,22.49000000,21.61000000,21.74000000,2529635.56000000,55794938.99500000,95797,1218827.79000000,26891473.77130000
2023-05-05T00:00:00+00:00,2023-05-05T23:59:59.999000+00:00,SOLUSDT,21.74000000,23.07000000,21.56000000,22.82000000,3636404.07000000,81078034.57100000,132976,1863451.98000000,41571636.59440000
2023-05-06T00:00:00+00:00,2023-05-06T23:59:59.999000+00:00,SOLUSDT,22.82000000,23.23000000,21.56000000,21.91000000,2849745.66000000,63556974.24930000,128400,1369144.01000000,30554817.66570000
2023-05-07T00:00:00+00:00,2023-05-07T23:59:59.999000+00:00,SOLUSDT,21.91000000,22.78000000,21.63000000,21.66000000,2954384.97000000,65622089.62940000,127435,1498818.77000000,33317846.28390000
2023-05-08T00:00:00+00:00,2023-05-08T23:59:59.999000+00:00,SOLUSDT,21.65000000,21.81000000,20.00000000,20.62000000,5254424.55000000,110323115.84600000,215313,2475511.89000000,52037980.33670000
2023-05-09T00:00:00+00:00,2023-05-09T23:59:59.999000+00:00,SOLUSDT,20.63000000,21.00000000,20.40000000,20.65000000,2375473.60000000,49074673.71800000,89469,1149476.86000000,23749712.59050000
2023-05-10T00:00:00+00:00,2023-05-10T23:59:59.999000+00:00,SOLUSDT,20.66000000,21.31000000,19.74000000,20.91000000,5057170.30000000,105186175.67840000,172064,2532755.78000000,52700415.18290000
2023-05-11T00:00:00+00:00,2023-05-11T23:59:59.999000+00:00,SOLUSDT,20.92000000,20.93000000,19.69000000,20.17000000,3721715.10000000,75301830.78030000,130603,1866298.73000000,37771226.37230000
2023-05-12T00:00:00+00:00,2023-05-12T23:59:59.999000+00:00,SOLUSDT,20.17000000,20.95000000,19.80000000,20.90000000,3076452.18000000,62576189.08040000,130573,1569284.82000000,31941404.18330000
2023-05-13T00:00:00+00:00,2023-05-13T23:59:59.999000+00:00,SOLUSDT,20.91000000,21.29000000,20.77000000,20.84000000,1835421.61000000,38541774.64900000,87138,911956.43000000,19153396.75080000
2023-05-14T00:00:00+00:00,2023-05-14T23:59:59.999000+00:00,SOLUSDT,20.83000000,21.28000000,20.62000000,20.93000000,1553375.08000000,32524042.80070000,55101,801148.20000000,16779226.77520000
2023-05-15T00:00:00+00:00,2023-05-15T23:59:59.999000+00:00,SOLUSDT,20.93000000,21.52000000,20.60000000,20.99000000,2858317.83000000,60589521.07320000,99861,1534787.75000000,32541357.27230000
2023-05-16T00:00:00+00:00,2023-05-16T23:59:59.999000+00:00,SOLUSDT,20.98000000,21.13000000,20.43000000,20.67000000,2722401.44000000,56488107.12770000,82744,1482240.65000000,30766933.74970000
2023-05-17T00:00:00+00:00,2023-05-17T23:59:59.999000+00:00,SOLUSDT,20.68000000,21.23000000,20.42000000,21.06000000,2614414.01000000,54381219.57400000,95994,1391824.78000000,28968549.46120000
2023-05-18T00:00:00+00:00,2023-05-18T23:59:59.999000+00:00,SOLUSDT,21.06000000,21.09000000,20.07000000,20.34000000,2624370.52000000,54122873.64920000,85048,1318240.97000000,27198493.48960000
2023-05-19T00:00:00+00:00,2023-05-19T23:59:59.999000+00:00,SOLUSDT,20.35000000,20.59000000,20.21000000,20.36000000,1214543.49000000,24774397.64720000,44184,610735.30000000,12461127.36980000
2023-05-20T00:00:00+00:00,2023-05-20T23:59:59.999000+00:00,SOLUSDT,20.35000000,20.37000000,20.08000000,20.28000000,856718.98000000,17331516.04120000,32249,434428.06000000,8790483.73650000
2023-05-21T00:00:00+00:00,2023-05-21T23:59:59.999000+00:00,SOLUSDT,20.28000000,20.39000000,19.33000000,19.61000000,1976334.78000000,39399092.88940000,70021,955351.86000000,19065504.12760000
2023-05-22T00:00:00+00:00,2023-05-22T23:59:59.999000+00:00,SOLUSDT,19.61000000,20.03000000,19.28000000,19.53000000,2054927.32000000,40435124.86650000,62601,1075310.25000000,21163724.32840000
2023-05-23T00:00:00+00:00,2023-05-23T23:59:59.999000+00:00,SOLUSDT,19.52000000,20.18000000,19.42000000,20.02000000,2466255.33000000,49125104.39960000,69834,1254033.81000000,24981263.10860000
2023-05-24T00:00:00+00:00,2023-05-24T23:59:59.999000+00:00,SOLUSDT,20.02000000,20.07000000,18.66000000,19.22000000,2780601.57000000,53714029.78220000,95272,1306404.15000000,25233851.98970000
2023-05-25T00:00:00+00:00,2023-05-25T23:59:59.999000+00:00,SOLUSDT,19.22000000,19.58000000,18.77000000,19.25000000,1692742.89000000,32636649.66440000,74514,877796.85000000,16926580.96110000
2023-05-26T00:00:00+00:00,2023-05-26T23:59:59.999000+00:00,SOLUSDT,19.25000000,19.56000000,19.08000000,19.35000000,1034272.52000000,19995752.48310000,40268,533363.73000000,10312792.23150000
2023-05-27T00:00:00+00:00,2023-05-27T23:59:59.999000+00:00,SOLUSDT,19.35000000,20.54000000,19.33000000,20.43000000,1565995.03000000,31175014.05420000,68435,852198.31000000,16973231.85550000
2023-05-28T00:00:00+00:00,2023-05-28T23:59:59.999000+00:00,SOLUSDT,20.42000000,21.19000000,20.29000000,20.81000000,2874459.57000000,59442842.86560000,112931,1456542.21000000,30127889.18450000
2023-05-29T00:00:00+00:00,2023-05-29T23:59:59.999000+00:00,SOLUSDT,20.81000000,20.98000000,20.26000000,20.57000000,2222352.38000000,45832375.19580000,92379,1014279.99000000,20921203.30510000
2023-05-30T00:00:00+00:00,2023-05-30T23:59:59.999000+00:00,SOLUSDT,20.57000000,21.40000000,20.46000000,21.25000000,3192653.91000000,67259618.84890000,119873,1629181.61000000,34316820.06300000
2023-05-31T00:00:00+00:00,2023-05-31T23:59:59.999000+00:00,SOLUSDT,21.25000000,21.33000000,20.37000000,20.81000000,2050625.96000000,42487752.86810000,78634,1013354.36000000,20987782.39690000
2023-06-01T00:00:00+00:00,2023-06-01T23:59:59.999000+00:00,SOLUSDT,20.82000000,20.98000000,20.41000000,20.49000000,1732297.47000000,35827115.89200000,85430,828404.08000000,17138573.13610000
2023-06-02T00:00:00+00:00,2023-06-02T23:59:59.999000+00:00,SOLUSDT,20.49000000,21.37000000,20.30000000,21.26000000,2068166.11000000,43533850.45290000,71386,1062667.64000000,22368902.35790000
2023-06-03T00:00:00+00:00,2023-06-03T23:59:59.999000+00:00,SOLUSDT,21.26000000,21.35000000,20.95000000,21.19000000,1130915.88000000,23911838.32160000,43087,546786.38000000,11564445.18580000
2023-06-04T00:00:00+00:00,2023-06-04T23:59:59.999000+00:00,SOLUSDT,21.19000000,22.30000000,21.03000000,21.82000000,2800007.16000000,61235931.70120000,113651,1501612.64000000,32829132.53290000
2023-06-05T00:00:00+00:00,2023-06-05T23:59:59.999000+00:00,SOLUSDT,21.83000000,22.06000000,19.03000000,20.00000000,6215040.24000000,128314404.54970000,236131,3048528.59000000,63016894.13990000
2023-06-06T00:00:00+00:00,2023-06-06T23:59:59.999000+00:00,SOLUSDT,20.01000000,20.70000000,19.23000000,20.38000000,4383534.14000000,87570026.46160000,151125,2217349.68000000,44315476.85820000
2023-06-07T00:00:00+00:00,2023-06-07T23:59:59.999000+00:00,SOLUSDT,20.38000000,20.53000000,18.50000000,18.64000000,3842270.95000000,74564492.27950000,131089,1829586.88000000,35510414.41280000
2023-06-08T00:00:00+00:00,2023-06-08T23:59:59.999000+00:00,SOLUSDT,18.64000000,19.11000000,18.23000000,18.89000000,2669714.01000000,49983556.28390000,96458,1268288.70000000,23752906.22850000
2023-06-09T00:00:00+00:00,2023-06-09T23:59:59.999000+00:00,SOLUSDT,18.88000000,19.37000000,17.11000000,17.40000000,4755455.49000000,86834563.32930000,151879,2307088.66000000,42096332.70640000
2023-06-10T00:00:00+00:00,2023-06-10T23:59:59.999000+00:00,SOLUSDT,17.40000000,17.43000000,12.80000000,15.61000000,17211734.83000000,257899669.92410000,546884,8603969.73000000,128942441.85130000
2023-06-11T00:00:00+00:00,2023-06-11T23:59:59.999000+00:00,SOLUSDT,15.61000000,16.18000000,15.11000000,15.55000000,6064017.28000000,94450259.47820000,171966,3103669.30000000,48362654.16780000
2023-06-12T00:00:00+00:00,2023-06-12T23:59:59.999000+00:00,SOLUSDT,15.55000000,15.69000000,14.74000000,15.19000000,5195357.99000000,79018834.58210000,143884,2562170.24000000,38989784.41700000
2023-06-13T00:00:00+00:00,2023-06-13T23:59:59.999000+00:00,SOLUSDT,15.19000000,16.00000000,14.76000000,15.04000000,4814274.27000000,73501068.09740000,137385,2458282.18000000,37550080.05610000
2023-06-14T00:00:00+00:00,2023-06-14T23:59:59.999000+00:00,SOLUSDT,15.03000000,15.37000000,14.06000000,14.48000000,3978891.53000000,59168861.05780000,119760,2000448.41000000,29769549.54870000
2023-06-15T00:00:00+00:00,2023-06-15T23:59:59.999000+00:00,SOLUSDT,14.49000000,15.08000000,14.18000000,14.77000000,4700648.85000000,68956600.10540000,150206,2131267.03000000,31280976.66190000
2023-06-16T00:00:00+00:00,2023-06-16T23:59:59.999000+00:00,SOLUSDT,14.78000000,15.47000000,14.38000000,15.31000000,2809890.09000000,42032019.36080000,100067,1386234.26000000,20750657.46630000
2023-06-17T00:00:00+00:00,2023-06-17T23:59:59.999000+00:00,SOLUSDT,15.32000000,16.12000000,15.16000000,15.64000000,2500321.40000000,39363071.32670000,90284,1259828.85000000,19832550.05360000
2023-06-18T00:00:00+00:00,2023-06-18T23:59:59.999000+00:00,SOLUSDT,15.65000000,15.84000000,15.28000000,15.45000000,1603688.44000000,24988841.24910000,64825,800248.90000000,12471061.04450000
2023-06-19T00:00:00+00:00,2023-06-19T23:59:59.999000+00:00,SOLUSDT,15.45000000,16.14000000,15.34000000,16.10000000,1890318.27000000,29630700.91550000,73328,1014407.63000000,15908248.26340000
2023-06-20T00:00:00+00:00,2023-06-20T23:59:59.999000+00:00,SOLUSDT,16.10000000,16.69000000,15.73000000,16.64000000,3005581.72000000,48599821.65090000,115323,1524484.84000000,24656921.29590000
2023-06-21T00:00:00+00:00,2023-06-21T23:59:59.999000+00:00,SOLUSDT,16.65000000,17.40000000,16.54000000,17.23000000,4146918.99000000,70174971.85780000,141146,2061876.26000000,34901391.54550000
2023-06-22T00:00:00+00:00,2023-06-22T23:59:59.999000+00:00,SOLUSDT,17.23000000,17.75000000,16.57000000,16.62000000,3547312.43000000,60681208.26930000,117978,1671575.20000000,28601242.94980000
2023-06-23T00:00:00+00:00,2023-06-23T23:59:59.999000+00:00,SOLUSDT,16.62000000,17.53000000,16.16000000,17.13000000,4851596.52000000,81683374.92060000,152991,2381027.41000000,40070927.18120000
2023-06-24T00:00:00+00:00,2023-06-24T23:59:59.999000+00:00,SOLUSDT,17.14000000,17.53000000,16.37000000,16.64000000,2908701.89000000,49434893.85460000,106882,1418699.40000000,24111692.70260000
2023-06-25T00:00:00+00:00,2023-06-25T23:59:59.999000+00:00,SOLUSDT,16.64000000,17.38000000,16.57000000,16.96000000,2723041.25000000,46423157.94870000,109594,1324665.24000000,22580540.70790000
2023-06-26T00:00:00+00:00,2023-06-26T23:59:59.999000+00:00,SOLUSDT,16.96000000,17.12000000,15.89000000,16.27000000,3056592.40000000,50708531.87590000,118719,1526097.85000000,25306241.91510000
2023-06-27T00:00:00+00:00,2023-06-27T23:59:59.999000+00:00,SOLUSDT,16.27000000,16.93000000,16.13000000,16.63000000,2951107.45000000,48945681.09790000,94192,1506082.11000000,24974069.70880000
2023-06-28T00:00:00+00:00,2023-06-28T23:59:59.999000+00:00,SOLUSDT,16.63000000,16.65000000,15.60000000,15.97000000,4040252.29000000,65244690.96150000,129721,1900518.38000000,30704798.55900000
2023-06-29T00:00:00+00:00,2023-06-29T23:59:59.999000+00:00,SOLUSDT,15.98000000,18.28000000,15.87000000,17.99000000,7948251.73000000,138922032.38260000,281100,4127522.95000000,72056236.47930000
2023-06-30T00:00:00+00:00,2023-06-30T23:59:59.999000+00:00,SOLUSDT,18.00000000,20.03000000,17.01000000,18.86000000,11454016.49000000,213782011.50990000,434580,5690274.78000000,106223293.91080000
2023-07-01T00:00:00+00:00,2023-07-01T23:59:59.999000+00:00,SOLUSDT,18.85000000,19.00000000,17.90000000,18.70000000,3515091.93000000,64576714.60400000,138180,1665228.90000000,30580817.87770000
2023-07-02T00:00:00+00:00,2023-07-02T23:59:59.999000+00:00,SOLUSDT,18.70000000,19.74000000,18.53000000,19.45000000,4872775.08000000,93143280.63980000,197708,2416324.51000000,46203456.08150000
2023-07-03T00:00:00+00:00,2023-07-03T23:59:59.999000+00:00,SOLUSDT,19.46000000,19.66000000,18.87000000,19.26000000,3065186.84000000,59024387.90900000,124367,1357377.41000000,26140381.02900000
2023-07-04T00:00:00+00:00,2023-07-04T23:59:59.999000+00:00,SOLUSDT,19.25000000,19.94000000,19.06000000,19.13000000,3096292.18000000,60240000.17870000,126023,1435849.91000000,27951195.35880000
2023-07-05T00:00:00+00:00,2023-07-05T23:59:59.999000+00:00,SOLUSDT,19.14000000,19.53000000,18.32000000,19.00000000,2415908.51000000,45542827.12180000,114667,1124064.12000000,21198209.01870000
2023-07-06T00:00:00+00:00,2023-07-06T23:59:59.999000+00:00,SOLUSDT,18.99000000,21.00000000,18.82000000,19.61000000,9598016.99000000,191792798.08700000,372425,4716218.74000000,94125601.48290000
2023-07-07T00:00:00+00:00,2023-07-07T23:59:59.999000+00:00,SOLUSDT,19.61000000,21.90000000,19.26000000,21.50000000,9794096.48000000,201924527.84720000,384122,4870777.47000000,100540994.10940000
2023-07-08T00:00:00+00:00,2023-07-08T23:59:59.999000+00:00,SOLUSDT,21.51000000,22.50000000,21.32000000,21.81000000,6473021.26000000,141295328.47560000,264889,3293954.15000000,71935645.24200000
2023-07-09T00:00:00+00:00,2023-07-09T23:59:59.999000+00:00,SOLUSDT,21.82000000,22.38000000,20.99000000,21.32000000,3867361.76000000,83516230.06460000,154175,1900434.47000000,41070401.81410000
2023-07-10T00:00:00+00:00,2023-07-10T23:59:59.999000+00:00,SOLUSDT,21.32000000,21.81000000,20.47000000,21.30000000,5671089.94000000,119669352.04420000,196646,2728853.92000000,57595657.38520000
2023-07-11T00:00:00+00:00,2023-07-11T23:59:59.999000+00:00,SOLUSDT,21.30000000,22.37000000,21.20000000,22.07000000,4616810.71000000,101337891.11350000,157161,2313972.53000000,50809132.54340000
2023-07-12T00:00:00+00:00,2023-07-12T23:59:59.999000+00:00,SOLUSDT,22.06000000,22.80000000,21.74000000,21.94000000,6086113.95000000,135359662.47270000,189342,3109222.36000000,69158613.46740000
2023-07-13T00:00:00+00:00,2023-07-13T23:59:59.999000+00:00,SOLUSDT,21.93000000,26.82000000,21.42000000,26.01000000,16102139.02000000,395883099.33320000,603877,8343692.87000000,205417823.19790000
2023-07-14T00:00:00+00:00,2023-07-14T23:59:59.999000+00:00,SOLUSDT,26.01000000,32.13000000,25.23000000,26.67000000,19571913.81000000,548113747.13870000,885958,10185289.16000000,285508407.12510000
2023-07-15T00:00:00+00:00,2023-07-15T23:59:59.999000+00:00,SOLUSDT,26.67000000,29.12000000,26.45000000,27.46000000,11042658.65000000,308185912.93300000,428646,5518498.42000000,154095554.96890000
2023-07-16T00:00:00+00:00,2023-07-16T23:59:59.999000+00:00,SOLUSDT,27.47000000,28.70000000,26.46000000,27.42000000,6708916.61000000,185949789.30680000,254712,3419301.28000000,94834427.49200000
2023-07-17T00:00:00+00:00,2023-07-17T23:59:59.999000+00:00,SOLUSDT,27.41000000,28.49000000,25.55000000,26.80000000,8662837.64000000,233808383.08530000,303749,4493486.74000000,121317319.79000000
2023-07-18T00:00:00+00:00,2023-07-18T23:59:59.999000+00:00,SOLUSDT,26.80000000,27.09000000,24.76000000,25.54000000,6327315.88000000,162539120.38300000,238967,3206689.06000000,82407487.46840000
2023-07-19T00:00:00+00:00,2023-07-19T23:59:59.999000+00:00,SOLUSDT,25.54000000,26.99000000,25.35000000,26.31000000,4966905.24000000,130869739.93050000,193252,2407822.85000000,63426017.22740000
2023-07-20T00:00:00+00:00,2023-07-20T23:59:59.999000+00:00,SOLUSDT,26.31000000,27.38000000,25.03000000,25.38000000,4977278.58000000,130841441.19320000,194457,2397101.41000000,63034650.06100000
2023-07-21T00:00:00+00:00,2023-07-21T23:59:59.999000+00:00,SOLUSDT,25.38000000,26.00000000,25.06000000,25.50000000,3295444.38000000,83937045.07010000,123630,1642845.93000000,41846178.03620000
2023-07-22T00:00:00+00:00,2023-07-22T23:59:59.999000+00:00,SOLUSDT,25.51000000,25.97000000,24.00000000,24.52000000,2382898.21000000,60174223.55340000,103233,1132352.14000000,28624772.80320000
2023-07-23T00:00:00+00:00,2023-07-23T23:59:59.999000+00:00,SOLUSDT,24.52000000,25.26000000,24.15000000,24.76000000,2341589.79000000,57939891.74060000,89045,1148360.47000000,28424025.10750000
2023-07-24T00:00:00+00:00,2023-07-24T23:59:59.999000+00:00,SOLUSDT,24.76000000,24.83000000,22.89000000,23.37000000,4042066.22000000,95589118.35350000,160445,1881003.82000000,44479523.95540000
2023-07-25T00:00:00+00:00,2023-07-25T23:59:59.999000+00:00,SOLUSDT,23.36000000,23.60000000,22.73000000,23.27000000,2522195.44000000,58601388.88230000,93871,1172231.50000000,27244045.05700000
2023-07-26T00:00:00+00:00,2023-07-26T23:59:59.999000+00:00,SOLUSDT,23.28000000,25.68000000,23.17000000,25.17000000,6033716.58000000,148145864.38150000,227754,2878724.41000000,70772793.15470000
2023-07-27T00:00:00+00:00,2023-07-27T23:59:59.999000+00:00,SOLUSDT,25.18000000,25.65000000,24.66000000,25.10000000,4207657.06000000,105905173.14770000,157065,2061769.35000000,51895783.46340000
2023-07-28T00:00:00+00:00,2023-07-28T23:59:59.999000+00:00,SOLUSDT,25.10000000,25.56000000,24.54000000,24.82000000,2736684.18000000,68413824.77130000,95583,1390721.86000000,34774889.18970000
2023-07-29T00:00:00+00:00,2023-07-29T23:59:59.999000+00:00,SOLUSDT,24.82000000,25.39000000,24.75000000,25.17000000,1768964.07000000,44445373.71900000,66090,948648.75000000,23838773.64380000
2023-07-30T00:00:00+00:00,2023-07-30T23:59:59.999000+00:00,SOLUSDT,25.17000000,25.21000000,23.47000000,24.25000000,2774658.63000000,67970555.18280000,101722,1315638.27000000,32242578.80500000
2023-07-31T00:00:00+00:00,2023-07-31T23:59:59.999000+00:00,SOLUSDT,24.25000000,24.79000000,23.52000000,23.73000000,3167365.08000000,76731579.08720000,105119,1503439.05000000,36397476.79870000
2023-08-01T00:00:00+00:00,2023-08-01T23:59:59.999000+00:00,SOLUSDT,23.72000000,24.07000000,22.84000000,24.05000000,3598080.21000000,84313016.42710000,127563,1800682.42000000,42226572.00950000
2023-08-02T00:00:00+00:00,2023-08-02T23:59:59.999000+00:00,SOLUSDT,24.06000000,24.29000000,22.82000000,23.15000000,3308680.67000000,77670104.67780000,105659,1567362.37000000,36782484.02310000
2023-08-03T00:00:00+00:00,2023-08-03T23:59:59.999000+00:00,SOLUSDT,23.14000000,23.38000000,22.44000000,22.65000000,2981853.02000000,68128726.64140000,101471,1479774.01000000,33810706.61470000
2023-08-04T00:00:00+00:00,2023-08-04T23:59:59.999000+00:00,SOLUSDT,22.65000000,23.57000000,22.48000000,22.80000000,3225053.92000000,74192665.66630000,106095,1568031.34000000,36089086.48820000
2023-08-05T00:00:00+00:00,2023-08-05T23:59:59.999000+00:00,SOLUSDT,22.80000000,22.94000000,22.23000000,22.65000000,1781301.39000000,40302201.42200000,63306,836721.21000000,18930406.45760000
2023-08-06T00:00:00+00:00,2023-08-06T23:59:59.999000+00:00,SOLUSDT,22.66000000,23.48000000,22.58000000,23.20000000,2662470.70000000,61527018.54380000,83194,1358016.91000000,31383056.33410000
2023-08-07T00:00:00+00:00,2023-08-07T23:59:59.999000+00:00,SOLUSDT,23.20000000,23.67000000,22.27000000,23.12000000,3303008.90000000,75746901.17990000,98066,1567071.57000000,35947208.90640000
2023-08-08T00:00:00+00:00,2023-08-08T23:59:59.999000+00:00,SOLUSDT,23.11000000,24.79000000,23.02000000,24.22000000,4652753.86000000,111090298.36430000,148381,2236260.80000000,53362641.86570000
2023-08-09T00:00:00+00:00,2023-08-09T23:59:59.999000+00:00,SOLUSDT,24.22000000,24.99000000,24.10000000,24.38000000,3857674.95000000,94808230.42010000,132872,1823586.19000000,44799933.93610000
2023-08-10T00:00:00+00:00,2023-08-10T23:59:59.999000+00:00,SOLUSDT,24.39000000,24.89000000,24.13000000,24.62000000,2556841.66000000,62687048.17360000,80719,1267749.32000000,31090751.03990000
2023-08-11T00:00:00+00:00,2023-08-11T23:59:59.999000+00:00,SOLUSDT,24.63000000,24.93000000,24.34000000,24.62000000,2415119.74000000,59437169.25510000,66124,1237266.17000000,30459217.96210000
2023-08-12T00:00:00+00:00,2023-08-12T23:59:59.999000+00:00,SOLUSDT,24.63000000,25.24000000,24.40000000,24.91000000,1814019.36000000,44812274.94330000,53245,942510.99000000,23288658.43530000
2023-08-13T00:00:00+00:00,2023-08-13T23:59:59.999000+00:00,SOLUSDT,24.91000000,24.95000000,24.21000000,24.23000000,2013530.94000000,49547712.21620000,57328,880398.73000000,21675847.94100000
2023-08-14T00:00:00+00:00,2023-08-14T23:59:59.999000+00:00,SOLUSDT,24.22000000,25.30000000,24.06000000,25.18000000,2935003.90000000,72516463.88370000,91465,1450926.18000000,35838942.81550000
2023-08-15T00:00:00+00:00,2023-08-15T23:59:59.999000+00:00,SOLUSDT,25.19000000,25.42000000,23.74000000,23.90000000,3856498.57000000,94605194.47310000,117585,1837829.24000000,45072348.29480000
2023-08-16T00:00:00+00:00,2023-08-16T23:59:59.999000+00:00,SOLUSDT,23.91000000,24.03000000,22.36000000,22.82000000,4333224.40000000,100697586.35940000,150330,1936503.44000000,45027864.47350000
2023-08-17T00:00:00+00:00,2023-08-17T23:59:59.999000+00:00,SOLUSDT,22.82000000,23.43000000,20.00000000,21.66000000,6294552.09000000,140793386.63880000,252049,2943358.56000000,65860248.04570000
2023-08-18T00:00:00+00:00,2023-08-18T23:59:59.999000+00:00,SOLUSDT,21.67000000,22.20000000,20.90000000,21.34000000,3890112.81000000,84162797.66690000,138029,1896328.46000000,41046431.51110000
2023-08-19T00:00:00+00:00,2023-08-19T23:59:59.999000+00:00,SOLUSDT,21.34000000,22.18000000,21.29000000,21.90000000,1694233.32000000,36834078.27590000,61202,891842.01000000,19388619.40910000
2023-08-20T00:00:00+00:00,2023-08-20T23:59:59.999000+00:00,SOLUSDT,21.89000000,22.04000000,21.57000000,21.77000000,1053613.37000000,22975768.05990000,39239,511204.61000000,11152537.71890000
2023-08-21T00:00:00+00:00,2023-08-21T23:59:59.999000+00:00,SOLUSDT,21.78000000,21.79000000,20.30000000,21.20000000,2646392.48000000,55880117.16290000,92666,1276844.36000000,26957458.43170000
2023-08-22T00:00:00+00:00,2023-08-22T23:59:59.999000+00:00,SOLUSDT,21.20000000,21.26000000,19.35000000,20.59000000,3635900.71000000,74265939.70450000,111941,1767274.26000000,36110710.90220000
2023-08-23T00:00:00+00:00,2023-08-23T23:59:59.999000+00:00,SOLUSDT,20.59000000,21.82000000,20.33000000,21.74000000,3704350.50000000,78082936.82940000,109572,1947970.17000000,41102529.79810000
2023-08-24T00:00:00+00:00,2023-08-24T23:59:59.999000+00:00,SOLUSDT,21.74000000,22.02000000,20.67000000,21.06000000,2719332.54000000,58030701.12280000,94349,1338952.12000000,28561830.37030000
2023-08-25T00:00:00+00:00,2023-08-25T23:59:59.999000+00:00,SOLUSDT,21.05000000,21.06000000,20.09000000,20.42000000,2321828.30000000,47660754.94630000,84045,1136266.62000000,23322057.38670000
2023-08-26T00:00:00+00:00,2023-08-26T23:59:59.999000+00:00,SOLUSDT,20.42000000,20.44000000,20.19000000,20.29000000,743690.27000000,15106443.23970000,31762,392967.37000000,7985427.04850000
2023-08-27T00:00:00+00:00,2023-08-27T23:59:59.999000+00:00,SOLUSDT,20.28000000,20.92000000,20.24000000,20.79000000,1103526.81000000,22767336.91630000,42259,576127.32000000,11885772.62300000
2023-08-28T00:00:00+00:00,2023-08-28T23:59:59.999000+00:00,SOLUSDT,20.79000000,20.80000000,20.03000000,20.56000000,1622343.78000000,33203550.06000000,57505,790355.19000000,16180560.54860000
2023-08-29T00:00:00+00:00,2023-08-29T23:59:59.999000+00:00,SOLUSDT,20.57000000,22.05000000,20.12000000,21.79000000,5271801.95000000,112370312.91340000,154885,2654123.89000000,56639806.21570000
2023-08-30T00:00:00+00:00,2023-08-30T23:59:59.999000+00:00,SOLUSDT,21.79000000,21.99000000,20.60000000,20.82000000,2462706.77000000,52276975.24410000,87991,1152387.55000000,24457376.48150000
2023-08-31T00:00:00+00:00,2023-08-31T23:59:59.999000+00:00,SOLUSDT,20.82000000,21.07000000,19.43000000,19.74000000,3342646.88000000,67332480.33670000,100944,1657051.32000000,33382013.76210000
2023-09-01T00:00:00+00:00,2023-09-01T23:59:59.999000+00:00,SOLUSDT,19.74000000,19.93000000,19.02000000,19.33000000,2517375.38000000,49096752.30590000,79529,1256450.75000000,24513836.16120000
2023-09-02T00:00:00+00:00,2023-09-02T23:59:59.999000+00:00,SOLUSDT,19.33000000,19.69000000,19.13000000,19.50000000,1419243.59000000,27635764.66980000,46090,690735.68000000,13457662.20420000
2023-09-03T00:00:00+00:00,2023-09-03T23:59:59.999000+00:00,SOLUSDT,19.50000000,19.67000000,19.23000000,19.57000000,1032117.62000000,20100346.65460000,34732,544543.52000000,10612038.48040000
2023-09-04T00:00:00+00:00,2023-09-04T23:59:59.999000+00:00,SOLUSDT,19.57000000,20.05000000,19.15000000,19.52000000,2206040.45000000,43282188.03480000,70789,1135398.81000000,22294141.06330000
2023-09-05T00:00:00+00:00,2023-09-05T23:59:59.999000+00:00,SOLUSDT,19.52000000,20.60000000,19.03000000,20.26000000,4197171.75000000,83331680.19580000,129532,2095173.89000000,41622665.71530000
2023-09-06T00:00:00+00:00,2023-09-06T23:59:59.999000+00:00,SOLUSDT,20.26000000,20.39000000,19.14000000,19.64000000,3429947.48000000,67450770.12990000,106644,1631471.29000000,32100158.19460000
2023-09-07T00:00:00+00:00,2023-09-07T23:59:59.999000+00:00,SOLUSDT,19.63000000,20.00000000,19.32000000,19.92000000,2375627.15000000,46704804.41220000,64638,1252703.77000000,24648351.26990000
2023-09-08T00:00:00+00:00,2023-09-08T23:59:59.999000+00:00,SOLUSDT,19.92000000,20.28000000,19.37000000,19.61000000,1972054.86000000,38871204.33140000,62435,936709.97000000,18476542.66190000
2023-09-09T00:00:00+00:00,2023-09-09T23:59:59.999000+00:00,SOLUSDT,19.60000000,19.61000000,19.38000000,19.44000000,646379.52000000,12603416.14730000,25500,286414.93000000,5586500.35560000
2023-09-10T00:00:00+00:00,2023-09-10T23:59:59.999000+00:00,SOLUSDT,19.43000000,19.44000000,17.78000000,18.24000000,5630975.71000000,103500551.95310000,183349,2553850.17000000,46914401.92390000
2023-09-11T00:00:00+00:00,2023-09-11T23:59:59.999000+00:00,SOLUSDT,18.23000000,18.46000000,17.33000000,17.72000000,4755172.77000000,84740705.28260000,148667,2415625.10000000,43080920.56030000
2023-09-12T00:00:00+00:00,2023-09-12T23:59:59.999000+00:00,SOLUSDT,17.72000000,18.80000000,17.57000000,17.92000000,4818249.11000000,87276943.03810000,140802,2481666.65000000,44970697.08340000
2023-09-13T00:00:00+00:00,2023-09-13T23:59:59.999000+00:00,SOLUSDT,17.91000000,18.56000000,17.69000000,18.40000000,4063710.36000000,73823254.11750000,131254,2102785.77000000,38216534.61940000
2023-09-14T00:00:00+00:00,2023-09-14T23:59:59.999000+00:00,SOLUSDT,18.40000000,19.33000000,18.38000000,18.85000000,4397747.38000000,83152569.96700000,134383,2212516.60000000,41834358.59680000
2023-09-15T00:00:00+00:00,2023-09-15T23:59:59.999000+00:00,SOLUSDT,18.85000000,19.50000000,18.55000000,19.14000000,2087888.26000000,39672434.63320000,82808,1033874.96000000,19644062.90770000
2023-09-16T00:00:00+00:00,2023-09-16T23:59:59.999000+00:00,SOLUSDT,19.15000000,19.46000000,18.86000000,19.12000000,1416418.73000000,27107934.46850000,57493,730062.40000000,13971384.19500000
2023-09-17T00:00:00+00:00,2023-09-17T23:59:59.999000+00:00,SOLUSDT,19.12000000,19.14000000,18.63000000,18.81000000,1073239.72000000,20277133.88300000,41993,515202.88000000,9734211.08480000
2023-09-18T00:00:00+00:00,2023-09-18T23:59:59.999000+00:00,SOLUSDT,18.81000000,20.15000000,18.58000000,19.64000000,3731851.86000000,72857443.46930000,130244,1861678.19000000,36366479.24250000
2023-09-19T00:00:00+00:00,2023-09-19T23:59:59.999000+00:00,SOLUSDT,19.65000000,20.42000000,19.58000000,20.03000000,3110481.29000000,62239325.07480000,211645,1330563.07000000,26616635.59640000
2023-09-20T00:00:00+00:00,2023-09-20T23:59:59.999000+00:00,SOLUSDT,20.02000000,20.54000000,19.80000000,20.29000000,2588399.20000000,52138246.83470000,98759,1280100.08000000,25796943.18810000
2023-09-21T00:00:00+00:00,2023-09-21T23:59:59.999000+00:00,SOLUSDT,20.29000000,20.29000000,19.29000000,19.46000000,2959370.24000000,58335226.10910000,98554,1403444.67000000,27676708.13220000
2023-09-22T00:00:00+00:00,2023-09-22T23:59:59.999000+00:00,SOLUSDT,19.45000000,19.81000000,19.15000000,19.43000000,1857771.33000000,36258735.79430000,63414,951441.38000000,18571900.12480000
2023-09-23T00:00:00+00:00,2023-09-23T23:59:59.999000+00:00,SOLUSDT,19.42000000,19.57000000,19.29000000,19.49000000,897913.00000000,17455702.88110000,30406,425798.95000000,8279151.36680000
2023-09-24T00:00:00+00:00,2023-09-24T23:59:59.999000+00:00,SOLUSDT,19.48000000,19.68000000,19.20000000,19.36000000,1091026.97000000,21286773.36580000,38377,543178.30000000,10602837.02280000
2023-09-25T00:00:00+00:00,2023-09-25T23:59:59.999000+00:00,SOLUSDT,19.36000000,19.74000000,19.07000000,19.39000000,1702995.14000000,33180641.15870000,52018,816926.60000000,15927408.04590000
2023-09-26T00:00:00+00:00,2023-09-26T23:59:59.999000+00:00,SOLUSDT,19.39000000,19.53000000,18.84000000,19.03000000,1977195.60000000,38045923.25880000,51826,959379.96000000,18470947.29270000
2023-09-27T00:00:00+00:00,2023-09-27T23:59:59.999000+00:00,SOLUSDT,19.03000000,19.48000000,18.73000000,19.14000000,2446438.20000000,46717096.30490000,69839,1226208.82000000,23433880.72380000
2023-09-28T00:00:00+00:00,2023-09-28T23:59:59.999000+00:00,SOLUSDT,19.13000000,19.98000000,19.10000000,19.96000000,2804835.46000000,54608721.00760000,75243,1403118.48000000,27337352.67080000
2023-09-29T00:00:00+00:00,2023-09-29T23:59:59.999000+00:00,SOLUSDT,19.97000000,20.46000000,19.85000000,20.28000000,2724984.42000000,55001555.00160000,79328,1239853.14000000,25027492.19430000
2023-09-30T00:00:00+00:00,2023-09-30T23:59:59.999000+00:00,SOLUSDT,20.28000000,21.81000000,20.07000000,21.37000000,3565357.52000000,75104202.50300000,120229,1762150.27000000,37138410.17550000
2023-10-01T00:00:00+00:00,2023-10-01T23:59:59.999000+00:00,SOLUSDT,21.37000000,24.50000000,21.13000000,23.87000000,6416328.50000000,147394194.94490000,250790,3136849.12000000,71991249.12730000
2023-10-02T00:00:00+00:00,2023-10-02T23:59:59.999000+00:00,SOLUSDT,23.88000000,24.80000000,22.90000000,23.37000000,6313085.51000000,151138394.87270000,266005,3020457.25000000,72357857.25970000
2023-10-03T00:00:00+00:00,2023-10-03T23:59:59.999000+00:00,SOLUSDT,23.38000000,24.77000000,23.21000000,23.60000000,5894722.26000000,141345651.82000000,242698,2957005.73000000,70948214.67070000
2023-10-04T00:00:00+00:00,2023-10-04T23:59:59.999000+00:00,SOLUSDT,23.61000000,23.86000000,22.58000000,23.13000000,3945261.33000000,91358908.53650000,164119,1964931.84000000,45529059.22050000
2023-10-05T00:00:00+00:00,2023-10-05T23:59:59.999000+00:00,SOLUSDT,23.13000000,23.76000000,22.53000000,22.70000000,3287722.78000000,75895759.51380000,128809,1778177.09000000,41054099.63570000
2023-10-06T00:00:00+00:00,2023-10-06T23:59:59.999000+00:00,SOLUSDT,22.70000000,23.76000000,22.66000000,23.41000000,4366362.12000000,101516273.26600000,158535,2224009.46000000,51656853.67090000
2023-10-07T00:00:00+00:00,2023-10-07T23:59:59.999000+00:00,SOLUSDT,23.41000000,24.21000000,23.08000000,23.30000000,2949841.72000000,69543092.16860000,101895,1529362.03000000,36078767.77960000
2023-10-08T00:00:00+00:00,2023-10-08T23:59:59.999000+00:00,SOLUSDT,23.29000000,23.64000000,23.06000000,23.22000000,1934466.13000000,45188043.05300000,73711,994130.31000000,23228330.72150000
2023-10-09T00:00:00+00:00,2023-10-09T23:59:59.999000+00:00,SOLUSDT,23.21000000,23.37000000,21.59000000,22.10000000,4186290.48000000,93745879.43450000,199566,1879904.25000000,42087668.55960000
2023-10-10T00:00:00+00:00,2023-10-10T23:59:59.999000+00:00,SOLUSDT,22.09000000,22.48000000,21.69000000,22.11000000,2334716.24000000,51580637.17730000,90922,1194002.65000000,26390457.37510000
2023-10-11T00:00:00+00:00,2023-10-11T23:59:59.999000+00:00,SOLUSDT,22.11000000,22.43000000,21.62000000,22.01000000,2734211.94000000,60337421.98160000,95593,1444306.57000000,31889310.88430000
2023-10-12T00:00:00+00:00,2023-10-12T23:59:59.999000+00:00,SOLUSDT,22.01000000,22.05000000,20.93000000,21.28000000,2921129.02000000,62502282.29770000,89434,1321685.44000000,28263393.18030000
2023-10-13T00:00:00+00:00,2023-10-13T23:59:59.999000+00:00,SOLUSDT,21.29000000,22.23000000,21.11000000,21.84000000,2403623.09000000,51985427.70560000,74853,1240633.52000000,26829350.32770000
2023-10-14T00:00:00+00:00,2023-10-14T23:59:59.999000+00:00,SOLUSDT,21.85000000,22.31000000,21.80000000,22.00000000,1303774.54000000,28705566.01710000,43884,631089.90000000,13900581.90010000
2023-10-15T00:00:00+00:00,2023-10-15T23:59:59.999000+00:00,SOLUSDT,22.00000000,22.17000000,21.66000000,21.93000000,1455965.78000000,31890986.61250000,48984,704314.08000000,15430946.02630000
2023-10-16T00:00:00+00:00,2023-10-16T23:59:59.999000+00:00,SOLUSDT,21.93000000,24.75000000,21.89000000,23.95000000,6973642.82000000,163524930.97620000,247014,3500859.14000000,82095692.63170000
2023-10-17T00:00:00+00:00,2023-10-17T23:59:59.999000+00:00,SOLUSDT,23.95000000,24.56000000,23.46000000,23.93000000,4456015.31000000,107191830.76720000,165585,2134056.28000000,51366961.12440000
2023-10-18T00:00:00+00:00,2023-10-18T23:59:59.999000+00:00,SOLUSDT,23.94000000,24.43000000,23.36000000,23.42000000,2982409.96000000,71109877.91280000,96869,1527949.02000000,36465344.82070000
2023-10-19T00:00:00+00:00,2023-10-19T23:59:59.999000+00:00,SOLUSDT,23.41000000,25.77000000,23.11000000,24.93000000,5889168.99000000,144450495.71310000,195325,3050617.80000000,74837945.05240000
2023-10-20T00:00:00+00:00,2023-10-20T23:59:59.999000+00:00,SOLUSDT,24.92000000,27.50000000,24.73000000,27.03000000,7266627.01000000,192705209.55610000,279364,3735079.45000000,99002522.34330000
2023-10-21T00:00:00+00:00,2023-10-21T23:59:59.999000+00:00,SOLUSDT,27.02000000,30.31000000,26.65000000,29.32000000,9576358.72000000,275425425.77360000,346600,4770216.33000000,137277611.40410000
2023-10-22T00:00:00+00:00,2023-10-22T23:59:59.999000+00:00,SOLUSDT,29.33000000,30.01000000,28.09000000,29.05000000,5567480.03000000,161191207.25130000,213565,2664173.10000000,77189725.83390000
2023-10-23T00:00:00+00:00,2023-10-23T23:59:59.999000+00:00,SOLUSDT,29.06000000,32.81000000,28.74000000,31.88000000,12178546.11000000,368359321.65220000,470731,6458229.94000000,195339058.88770000
2023-10-24T00:00:00+00:00,2023-10-24T23:59:59.999000+00:00,SOLUSDT,31.88000000,32.61000000,29.50000000,30.17000000,11152278.09000000,348657613.80560000,462785,5518748.85000000,172690975.68220000
2023-10-25T00:00:00+00:00,2023-10-25T23:59:59.999000+00:00,SOLUSDT,30.18000000,33.90000000,30.00000000,32.44000000,10582632.89000000,342328412.26150000,441499,5365355.23000000,173742279.56120000
2023-10-26T00:00:00+00:00,2023-10-26T23:59:59.999000+00:00,SOLUSDT,32.43000000,33.28000000,30.73000000,32.77000000,6940180.71000000,222596123.34020000,300882,3335256.71000000,107049132.18040000
2023-10-27T00:00:00+00:00,2023-10-27T23:59:59.999000+00:00,SOLUSDT,32.78000000,33.35000000,31.20000000,31.73000000,6273331.35000000,202864018.83500000,267809,3131949.74000000,101332026.88450000
2023-10-28T00:00:00+00:00,2023-10-28T23:59:59.999000+00:00,SOLUSDT,31.73000000,32.51000000,31.35000000,31.63000000,2594478.41000000,82954765.45070000,115942,1217576.09000000,38955664.85810000
2023-10-29T00:00:00+00:00,2023-10-29T23:59:59.999000+00:00,SOLUSDT,31.62000000,33.19000000,31.27000000,32.83000000,3483834.90000000,113025329.75750000,143590,1759307.29000000,57082258.87020000
2023-10-30T00:00:00+00:00,2023-10-30T23:59:59.999000+00:00,SOLUSDT,32.83000000,35.35000000,32.28000000,34.94000000,7627255.13000000,260895757.81880000,302180,3885546.29000000,132963398.52730000
2023-10-31T00:00:00+00:00,2023-10-31T23:59:59.999000+00:00,SOLUSDT,34.94000000,38.62000000,34.82000000,38.40000000,9267665.69000000,337465622.32930000,418248,4696936.38000000,171173087.30160000
2023-11-01T00:00:00+00:00,2023-11-01T23:59:59.999000+00:00,SOLUSDT,38.41000000,46.90000000,37.81000000,41.15000000,19486359.98000000,804674930.00290000,1118913,9945010.30000000,410885900.45620000
2023-11-02T00:00:00+00:00,2023-11-02T23:59:59.999000+00:00,SOLUSDT,41.16000000,44.57000000,38.65000000,40.23000000,14743830.91000000,615193542.09570000,803736,7547554.99000000,315208052.93520000
2023-11-03T00:00:00+00:00,2023-11-03T23:59:59.999000+00:00,SOLUSDT,40.24000000,40.26000000,37.98000000,39.45000000,10290073.48000000,402362618.13820000,499933,5238974.83000000,204989374.41600000
2023-11-04T00:00:00+00:00,2023-11-04T23:59:59.999000+00:00,SOLUSDT,39.45000000,42.72000000,39.00000000,42.41000000,7452581.71000000,307758388.51080000,375836,3781124.42000000,156078438.41530000
2023-11-05T00:00:00+00:00,2023-11-05T23:59:59.999000+00:00,SOLUSDT,42.41000000,42.85000000,40.10000000,41.15000000,4117962.39000000,170745448.07140000,243247,1986929.37000000,82407476.44540000
2023-11-06T00:00:00+00:00,2023-11-06T23:59:59.999000+00:00,SOLUSDT,41.16000000,42.20000000,39.66000000,42.16000000,4866558.59000000,197526734.99150000,311052,2442746.72000000,99189415.35580000
2023-11-07T00:00:00+00:00,2023-11-07T23:59:59.999000+00:00,SOLUSDT,42.16000000,44.78000000,40.08000000,42.93000000,8826660.47000000,372908004.03040000,533222,4365758.70000000,184489483.79130000
2023-11-08T00:00:00+00:00,2023-11-08T23:59:59.999000+00:00,SOLUSDT,42.93000000,43.88000000,42.25000000,43.13000000,4580371.01000000,197444613.60900000,257006,2266127.96000000,97699498.44320000
2023-11-09T00:00:00+00:00,2023-11-09T23:59:59.999000+00:00,SOLUSDT,43.12000000,48.88000000,41.36000000,45.29000000,12546941.33000000,572434384.90240000,827876,6280527.07000000,286653645.42820000
2023-11-10T00:00:00+00:00,2023-11-10T23:59:59.999000+00:00,SOLUSDT,45.30000000,57.54000000,45.05000000,56.67000000,14708555.35000000,748150174.96560000,1162737,7517256.17000000,382653828.61910000
2023-11-11T00:00:00+00:00,2023-11-11T23:59:59.999000+00:00,SOLUSDT,56.67000000,63.95000000,53.55000000,56.34000000,13790858.30000000,802941068.37400000,1270979,6887287.32000000,401165617.54030000
2023-11-12T00:00:00+00:00,2023-11-12T23:59:59.999000+00:00,SOLUSDT,56.36000000,61.86000000,54.50000000,56.28000000,10246085.39000000,593063677.35000000,937454,5027316.25000000,291266335.68010000
2023-11-13T00:00:00+00:00,2023-11-13T23:59:59.999000+00:00,SOLUSDT,56.27000000,59.86000000,51.28000000,51.60000000,11066863.24000000,619757525.55140000,1105038,5340555.66000000,299484314.88750000
2023-11-14T00:00:00+00:00,2023-11-14T23:59:59.999000+00:00,SOLUSDT,51.60000000,57.99000000,51.12000000,56.81000000,12213778.24000000,669746384.38610000,1083209,6111329.46000000,335358367.35870000
2023-11-15T00:00:00+00:00,2023-11-15T23:59:59.999000+00:00,SOLUSDT,56.81000000,67.12000000,56.15000000,65.43000000,12800109.28000000,793157487.20100000,1286609,6595560.40000000,408704501.58910000
2023-11-16T00:00:00+00:00,2023-11-16T23:59:59.999000+00:00,SOLUSDT,65.43000000,68.20000000,56.31000000,57.80000000,13868327.04000000,873421967.78290000,1258736,6991648.73000000,440547347.77040000
2023-11-17T00:00:00+00:00,2023-11-17T23:59:59.999000+00:00,SOLUSDT,57.81000000,60.57000000,54.10000000,58.51000000,11968303.78000000,691077611.19320000,992117,6097099.92000000,352274536.90340000
2023-11-18T00:00:00+00:00,2023-11-18T23:59:59.999000+00:00,SOLUSDT,58.52000000,59.37000000,54.70000000,58.56000000,7374946.50000000,423498344.49160000,554041,3635563.05000000,208822766.55060000
2023-11-19T00:00:00+00:00,2023-11-19T23:59:59.999000+00:00,SOLUSDT,58.56000000,62.10000000,56.61000000,61.10000000,7009650.09000000,420647369.44720000,552196,3518222.36000000,211134055.08130000
2023-11-20T00:00:00+00:00,2023-11-20T23:59:59.999000+00:00,SOLUSDT,61.10000000,61.33000000,56.00000000,56.57000000,7127562.28000000,419235822.36550000,593999,3631917.25000000,213593660.16310000
2023-11-21T00:00:00+00:00,2023-11-21T23:59:59.999000+00:00,SOLUSDT,56.57000000,57.40000000,51.23000000,51.65000000,10741088.90000000,586407080.00820000,810170,5316178.41000000,290277299.33300000
2023-11-22T00:00:00+00:00,2023-11-22T23:59:59.999000+00:00,SOLUSDT,51.65000000,58.94000000,51.43000000,57.56000000,7891464.65000000,437326650.28530000,471290,3969490.11000000,219823587.96970000
2023-11-23T00:00:00+00:00,2023-11-23T23:59:59.999000+00:00,SOLUSDT,57.55000000,59.63000000,56.14000000,56.51000000,4925635.15000000,284148025.19510000,383230,2415857.21000000,139426965.41760000
2023-11-24T00:00:00+00:00,2023-11-24T23:59:59.999000+00:00,SOLUSDT,56.52000000,58.79000000,56.20000000,56.86000000,3905651.92000000,224921680.87430000,319344,1935951.93000000,111531498.39860000
2023-11-25T00:00:00+00:00,2023-11-25T23:59:59.999000+00:00,SOLUSDT,56.86000000,59.82000000,55.70000000,58.82000000,4095129.28000000,239441357.65410000,314780,2050701.28000000,119999542.20140000
2023-11-26T00:00:00+00:00,2023-11-26T23:59:59.999000+00:00,SOLUSDT,58.81000000,59.04000000,56.12000000,57.57000000,3097837.47000000,178464407.28270000,250802,1529318.34000000,88157394.87860000
2023-11-27T00:00:00+00:00,2023-11-27T23:59:59.999000+00:00,SOLUSDT,57.57000000,58.09000000,53.47000000,55.06000000,4618869.60000000,255149638.21610000,357965,2288368.68000000,126352915.14570000
2023-11-28T00:00:00+00:00,2023-11-28T23:59:59.999000+00:00,SOLUSDT,55.06000000,58.65000000,53.94000000,58.18000000,5642915.95000000,318405563.22790000,367903,2971068.72000000,167670391.20830000
2023-11-29T00:00:00+00:00,2023-11-29T23:59:59.999000+00:00,SOLUSDT,58.18000000,61.78000000,57.72000000,59.31000000,7574392.84000000,452934119.58930000,484253,3841911.05000000,229719275.56090000
2023-11-30T00:00:00+00:00,2023-11-30T23:59:59.999000+00:00,SOLUSDT,59.31000000,61.70000000,58.75000000,59.30000000,4597104.01000000,275587046.65800000,341750,2349326.86000000,140859819.95360000
2023-12-01T00:00:00+00:00,2023-12-01T23:59:59.999000+00:00,SOLUSDT,59.30000000,61.90000000,58.60000000,59.75000000,5422494.06000000,328236649.12860000,382246,2811553.17000000,170211621.05810000
2023-12-02T00:00:00+00:00,2023-12-02T23:59:59.999000+00:00,SOLUSDT,59.74000000,63.90000000,59.67000000,63.66000000,4898503.76000000,303922362.68540000,364915,2606938.18000000,161751473.54480000
2023-12-03T00:00:00+00:00,2023-12-03T23:59:59.999000+00:00,SOLUSDT,63.66000000,65.53000000,62.22000000,62.98000000,4675198.65000000,297939228.06200000,360268,2344824.97000000,149564908.55220000
2023-12-04T00:00:00+00:00,2023-12-04T23:59:59.999000+00:00,SOLUSDT,62.99000000,65.25000000,59.75000000,61.64000000,7696216.19000000,480297269.40670000,525683,3912969.25000000,244109861.21510000
2023-12-05T00:00:00+00:00,2023-12-05T23:59:59.999000+00:00,SOLUSDT,61.63000000,62.60000000,59.11000000,61.03000000,6032438.26000000,365959805.86310000,399777,3071781.57000000,186429667.79590000
2023-12-06T00:00:00+00:00,2023-12-06T23:59:59.999000+00:00,SOLUSDT,61.04000000,66.68000000,61.03000000,61.85000000,11121135.68000000,708229617.18340000,848401,5600956.90000000,356858114.96350000
2023-12-07T00:00:00+00:00,2023-12-07T23:59:59.999000+00:00,SOLUSDT,61.85000000,69.37000000,61.64000000,67.74000000,10648583.32000000,693832168.86710000,771637,5627627.52000000,367174122.64300000
2023-12-08T00:00:00+00:00,2023-12-08T23:59:59.999000+00:00,SOLUSDT,67.74000000,75.30000000,67.74000000,74.94000000,11314830.34800000,813635345.24784600,814049,5808220.12800000,417590274.32824600
2023-12-09T00:00:00+00:00,2023-12-09T23:59:59.999000+00:00,SOLUSDT,74.93000000,77.78000000,71.50000000,72.30000000,8809964.30000000,661734151.01190000,695172,4318994.61000000,324563872.10690000
2023-12-10T00:00:00+00:00,2023-12-10T23:59:59.999000+00:00,SOLUSDT,72.31000000,74.89000000,70.67000000,74.87000000,5886808.01000000,429356414.64880000,434901,3020247.96000000,220434257.69130000
2023-12-11T00:00:00+00:00,2023-12-11T23:59:59.999000+00:00,SOLUSDT,74.88000000,75.00000000,64.18000000,70.25000000,12970688.47000000,901955694.28180000,974088,6403375.41000000,445350194.01090000
2023-12-12T00:00:00+00:00,2023-12-12T23:59:59.999000+00:00,SOLUSDT,70.24000000,72.42000000,65.75000000,68.60000000,7763463.64000000,541671172.22830000,588718,3808248.75000000,265720193.21680000
2023-12-13T00:00:00+00:00,2023-12-13T23:59:59.999000+00:00,SOLUSDT,68.60000000,72.60000000,63.67000000,70.62000000,8271925.44000000,559579173.07340000,603343,4085054.22000000,276713408.52280000
2023-12-14T00:00:00+00:00,2023-12-14T23:59:59.999000+00:00,SOLUSDT,70.62000000,76.24000000,68.18000000,75.68000000,7493589.41000000,543474285.62420000,633186,3743096.26000000,271784050.44000000
2023-12-15T00:00:00+00:00,2023-12-15T23:59:59.999000+00:00,SOLUSDT,75.68000000,79.50000000,72.13000000,72.51000000,8834567.44000000,673033918.09970000,786885,4658170.88000000,355055117.12520000
2023-12-16T00:00:00+00:00,2023-12-16T23:59:59.999000+00:00,SOLUSDT,72.51000000,77.22000000,71.18000000,73.72000000,5513079.61000000,410808269.58640000,466725,2849930.90000000,212362045.12540000
2023-12-17T00:00:00+00:00,2023-12-17T23:59:59.999000+00:00,SOLUSDT,73.71000000,75.05000000,70.36000000,70.87000000,5108641.26000000,372478234.03440000,422507,2505359.06000000,182721496.33520000
2023-12-18T00:00:00+00:00,2023-12-18T23:59:59.999000+00:00,SOLUSDT,70.85000000,75.46000000,67.00000000,74.42000000,7219822.33000000,509564447.46180000,611266,3748877.08000000,264906318.70180000
2023-12-19T00:00:00+00:00,2023-12-19T23:59:59.999000+00:00,SOLUSDT,74.41000000,76.37000000,71.78000000,73.00000000,6086806.16000000,452723595.90810000,527336,3163099.02000000,235320658.67690000
2023-12-20T00:00:00+00:00,2023-12-20T23:59:59.999000+00:00,SOLUSDT,73.00000000,84.14000000,72.96000000,82.21000000,10701294.29000000,844729188.45020000,949815,5495655.74000000,433777056.71340000
2023-12-21T00:00:00+00:00,2023-12-21T23:59:59.999000+00:00,SOLUSDT,82.22000000,95.54000000,81.03000000,93.84000000,12129644.35000000,1071627249.96010000,1243866,6121733.66000000,540602954.80030000
2023-12-22T00:00:00+00:00,2023-12-22T23:59:59.999000+00:00,SOLUSDT,93.86000000,99.50000000,90.34000000,97.90000000,11975121.56000000,1142233209.19150000,1304087,5989875.58000000,571587438.20980000
2023-12-23T00:00:00+00:00,2023-12-23T23:59:59.999000+00:00,SOLUSDT,97.91000000,110.00000000,92.80000000,107.88000000,8336420.60000000,834085981.57200000,993004,4206555.54000000,421616020.28700000
2023-12-24T00:00:00+00:00,2023-12-24T23:59:59.999000+00:00,SOLUSDT,107.88000000,118.10000000,107.30000000,112.45000000,12261699.03000000,1381818060.28290000,1666365,6115059.48000000,689414206.29310000
2023-12-25T00:00:00+00:00,2023-12-25T23:59:59.999000+00:00,SOLUSDT,112.45000000,126.36000000,107.92000000,120.91000000,11114497.92000000,1304701622.32380000,1530670,5849533.45000000,687526675.19790000
2023-12-26T00:00:00+00:00,2023-12-26T23:59:59.999000+00:00,SOLUSDT,120.91000000,121.36000000,102.09000000,112.49000000,12300095.38000000,1381917663.71650000,1600432,5982009.94000000,671999842.19550000
2023-12-27T00:00:00+00:00,2023-12-27T23:59:59.999000+00:00,SOLUSDT,112.48000000,115.30000000,104.58000000,106.91000000,8972638.90000000,984653333.03840000,1233525,4485827.58000000,492091907.85300000
2023-12-28T00:00:00+00:00,2023-12-28T23:59:59.999000+00:00,SOLUSDT,106.92000000,109.66000000,97.14000000,101.80000000,10194201.02000000,1043685011.56190000,1255836,4926936.61000000,504735199.72540000
2023-12-29T00:00:00+00:00,2023-12-29T23:59:59.999000+00:00,SOLUSDT,101.80000000,110.00000000,99.00000000,106.17000000,9432538.67000000,998024734.43060000,1208220,4851388.56000000,513548060.97480000
2023-12-30T00:00:00+00:00,2023-12-30T23:59:59.999000+00:00,SOLUSDT,106.17000000,107.47000000,100.62000000,101.90000000,4178339.62000000,432370368.80490000,527519,2025406.37000000,209654507.85340000
2023-12-31T00:00:00+00:00,2023-12-31T23:59:59.999000+00:00,SOLUSDT,101.90000000,105.21000000,99.54000000,101.72000000,3821990.67000000,393154901.34420000,490129,1891118.52000000,194679367.51630000
2024-01-01T00:00:00+00:00,2024-01-01T23:59:59.999000+00:00,SOLUSDT,101.72000000,109.93000000,101.44000000,109.91000000,4403310.37000000,464763783.10890000,563530,2246699.81000000,237204677.83070000
2024-01-02T00:00:00+00:00,2024-01-02T23:59:59.999000+00:00,SOLUSDT,109.93000000,116.95000000,106.02000000,106.73000000,7831366.05000000,872701826.11610000,1029366,4008477.70000000,446827198.45850000
2024-01-03T00:00:00+00:00,2024-01-03T23:59:59.999000+00:00,SOLUSDT,106.72000000,109.90000000,85.00000000,98.52000000,12221060.38000000,1229680872.76490000,1428502,6232536.62000000,627433827.02820000
2024-01-04T00:00:00+00:00,2024-01-04T23:59:59.999000+00:00,SOLUSDT,98.52000000,108.15000000,96.60000000,104.91000000,7235482.95000000,737464117.30160000,828177,3653791.90000000,372489031.14830000
2024-01-05T00:00:00+00:00,2024-01-05T23:59:59.999000+00:00,SOLUSDT,104.91000000,105.48000000,95.23000000,99.94000000,6703567.21000000,670654588.26400000,792668,3291710.91000000,329377085.30620000
2024-01-06T00:00:00+00:00,2024-01-06T23:59:59.999000+00:00,SOLUSDT,99.93000000,100.30000000,91.53000000,93.77000000,5151478.03000000,489617161.26860000,613981,2480905.00000000,235955276.84680000
2024-01-07T00:00:00+00:00,2024-01-07T23:59:59.999000+00:00,SOLUSDT,93.77000000,96.80000000,87.68000000,89.44000000,5547334.15000000,518106999.38830000,610413,2580916.31000000,241282856.95520000
2024-01-08T00:00:00+00:00,2024-01-08T23:59:59.999000+00:00,SOLUSDT,89.44000000,99.97000000,85.16000000,97.88000000,9677497.13000000,898941032.18470000,1011344,4710092.51000000,438203479.64750000
2024-01-09T00:00:00+00:00,2024-01-09T23:59:59.999000+00:00,SOLUSDT,97.88000000,104.89000000,95.25000000,99.36000000,8574930.67000000,856996851.97270000,1264291,4321290.81000000,432338871.21310000
2024-01-10T00:00:00+00:00,2024-01-10T23:59:59.999000+00:00,SOLUSDT,99.36000000,105.52000000,91.68000000,102.00000000,8634280.07000000,844272802.60540000,1171099,4381449.74000000,428847765.95380000
2024-01-11T00:00:00+00:00,2024-01-11T23:59:59.999000+00:00,SOLUSDT,101.99000000,107.32000000,97.67000000,99.90000000,8986682.95000000,917867725.42330000,1293558,4538503.46000000,463763615.28730000
2024-01-12T00:00:00+00:00,2024-01-12T23:59:59.999000+00:00,SOLUSDT,99.89000000,100.49000000,87.00000000,92.12000000,6462190.24000000,617727525.69660000,875300,3043361.85000000,291130683.46350000
2024-01-13T00:00:00+00:00,2024-01-13T23:59:59.999000+00:00,SOLUSDT,92.14000000,97.05000000,89.51000000,95.85000000,4054010.92000000,378014581.52990000,483031,2011237.70000000,187619835.96010000
2024-01-14T00:00:00+00:00,2024-01-14T23:59:59.999000+00:00,SOLUSDT,95.85000000,102.87000000,93.62000000,93.81000000,5767904.66000000,563898813.33970000,756466,2891152.04000000,282743985.97010000
2024-01-15T00:00:00+00:00,2024-01-15T23:59:59.999000+00:00,SOLUSDT,93.81000000,96.96000000,92.97000000,94.36000000,3605978.31000000,343222588.91550000,434916,1739738.38000000,165668405.47980000
2024-01-16T00:00:00+00:00,2024-01-16T23:59:59.999000+00:00,SOLUSDT,94.35000000,98.73000000,94.16000000,97.61000000,3768288.08000000,364626155.02710000,443725,1892826.06000000,183226578.56830000
2024-01-17T00:00:00+00:00,2024-01-17T23:59:59.999000+00:00,SOLUSDT,97.60000000,102.80000000,96.50000000,102.10000000,6932306.54000000,694509428.59280000,890899,3613340.78000000,362073414.42950000
2024-01-18T00:00:00+00:00,2024-01-18T23:59:59.999000+00:00,SOLUSDT,102.10000000,103.59000000,91.41000000,94.40000000,6216673.00000000,605242236.53430000,714584,3072389.67000000,299429596.42670000
2024-01-19T00:00:00+00:00,2024-01-19T23:59:59.999000+00:00,SOLUSDT,94.39000000,95.47000000,87.04000000,93.62000000,6357442.75000000,586831116.74000000,684705,3168213.54000000,292427897.82480000
2024-01-20T00:00:00+00:00,2024-01-20T23:59:59.999000+00:00,SOLUSDT,93.62000000,94.27000000,90.20000000,92.88000000,2799385.87000000,258219863.82510000,301796,1369328.96000000,126304723.06080000
2024-01-21T00:00:00+00:00,2024-01-21T23:59:59.999000+00:00,SOLUSDT,92.88000000,93.93000000,90.79000000,91.09000000,2013751.83000000,186423090.09210000,229723,969328.97000000,89740138.70210000
2024-01-22T00:00:00+00:00,2024-01-22T23:59:59.999000+00:00,SOLUSDT,91.08000000,91.90000000,82.06000000,83.84000000,7065444.82000000,613926823.35880000,708563,3395322.41000000,295056728.98260000
2024-01-23T00:00:00+00:00,2024-01-23T23:59:59.999000+00:00,SOLUSDT,83.84000000,86.00000000,79.00000000,84.35000000,8284305.33000000,677658028.81720000,830273,4120348.42000000,337302292.54910000
2024-01-24T00:00:00+00:00,2024-01-24T23:59:59.999000+00:00,SOLUSDT,84.36000000,89.47000000,83.30000000,88.77000000,6058894.15000000,522038046.01900000,591745,3133569.06000000,270094314.54770000
2024-01-25T00:00:00+00:00,2024-01-25T23:59:59.999000+00:00,SOLUSDT,88.77000000,89.64000000,85.09000000,86.91000000,4002698.20000000,350394786.47190000,475624,2000334.88000000,175170645.31780000
2024-01-26T00:00:00+00:00,2024-01-26T23:59:59.999000+00:00,SOLUSDT,86.90000000,93.72000000,85.96000000,92.28000000,4693818.55000000,425941268.20700000,560673,2402891.58000000,218010448.57730000
2024-01-27T00:00:00+00:00,2024-01-27T23:59:59.999000+00:00,SOLUSDT,92.29000000,94.50000000,90.68000000,94.28000000,2735837.45000000,253216534.31180000,302341,1423849.38000000,131819116.77930000
2024-01-28T00:00:00+00:00,2024-01-28T23:59:59.999000+00:00,SOLUSDT,94.27000000,99.44000000,93.31000000,95.98000000,5618408.23000000,541703113.86270000,648842,2919224.19000000,281536683.69330000
2024-01-29T00:00:00+00:00,2024-01-29T23:59:59.999000+00:00,SOLUSDT,95.99000000,101.98000000,95.06000000,101.68000000,5772519.82000000,569954869.72520000,634094,3007737.00000000,297076844.96590000
2024-01-30T00:00:00+00:00,2024-01-30T23:59:59.999000+00:00,SOLUSDT,101.67000000,106.49000000,100.95000000,101.40000000,6990527.25000000,726848061.36780000,743499,3556509.31000000,369911937.02120000
2024-01-31T00:00:00+00:00,2024-01-31T23:59:59.999000+00:00,SOLUSDT,101.40000000,102.73000000,95.90000000,96.96000000,8609956.87000000,859420024.33370000,914548,4288753.19000000,428288268.77050000
2024-02-01T00:00:00+00:00,2024-02-01T23:59:59.999000+00:00,SOLUSDT,96.96000000,98.11000000,93.11000000,97.81000000,6556006.07000000,627562058.69940000,652301,3228196.33000000,309093273.84010000
2024-02-02T00:00:00+00:00,2024-02-02T23:59:59.999000+00:00,SOLUSDT,97.81000000,102.57000000,97.39000000,100.58000000,5487861.84000000,548625813.66620000,580111,2751200.63000000,275124077.63040000
2024-02-03T00:00:00+00:00,2024-02-03T23:59:59.999000+00:00,SOLUSDT,100.57000000,101.24000000,96.53000000,97.96000000,2787373.11000000,274762025.03280000,292310,1382286.53000000,136281901.06360000
2024-02-04T00:00:00+00:00,2024-02-04T23:59:59.999000+00:00,SOLUSDT,97.95000000,98.59000000,95.08000000,95.49000000,2914876.34000000,282911440.80330000,295763,1423038.52000000,138173035.86010000
2024-02-05T00:00:00+00:00,2024-02-05T23:59:59.999000+00:00,SOLUSDT,95.48000000,98.70000000,94.11000000,95.66000000,3891146.06000000,375072768.13810000,381857,1964214.86000000,189483103.37250000
2024-02-06T00:00:00+00:00,2024-02-06T23:59:59.999000+00:00,SOLUSDT,95.66000000,97.88000000,92.88000000,96.88000000,4279238.07000000,408309176.20140000,407235,2154937.56000000,205595782.43370000
2024-02-07T00:00:00+00:00,2024-02-07T23:59:59.999000+00:00,SOLUSDT,96.87000000,101.58000000,94.62000000,101.14000000,4577672.06000000,446039059.91970000,489245,2329138.14000000,227261096.61420000
2024-02-08T00:00:00+00:00,2024-02-08T23:59:59.999000+00:00,SOLUSDT,101.14000000,104.98000000,100.51000000,102.76000000,5082811.46000000,521415121.73230000,574488,2548368.44000000,261425100.13790000
2024-02-09T00:00:00+00:00,2024-02-09T23:59:59.999000+00:00,SOLUSDT,102.77000000,109.13000000,102.76000000,106.94000000,6686758.45000000,705846559.51410000,724146,3467051.74000000,366014739.06680000
2024-02-10T00:00:00+00:00,2024-02-10T23:59:59.999000+00:00,SOLUSDT,106.94000000,110.86000000,106.86000000,109.01000000,3939526.49000000,429171975.24340000,451222,2005802.90000000,218541100.55890000
2024-02-11T00:00:00+00:00,2024-02-11T23:59:59.999000+00:00,SOLUSDT,109.01000000,110.67000000,107.24000000,107.46000000,2755398.40000000,300070898.86570000,337007,1329304.41000000,144792952.79430000
2024-02-12T00:00:00+00:00,2024-02-12T23:59:59.999000+00:00,SOLUSDT,107.46000000,112.22000000,103.40000000,111.64000000,6169652.05000000,665452212.16850000,684788,3098042.67000000,334279630.39970000
2024-02-13T00:00:00+00:00,2024-02-13T23:59:59.999000+00:00,SOLUSDT,111.65000000,115.15000000,108.25000000,112.48000000,5622825.56000000,631903077.79330000,674183,2771345.37000000,311405826.25770000
2024-02-14T00:00:00+00:00,2024-02-14T23:59:59.999000+00:00,SOLUSDT,112.49000000,118.69000000,110.61000000,116.97000000,4884824.42000000,563977441.67390000,593380,2535103.80000000,292809396.44940000
2024-02-15T00:00:00+00:00,2024-02-15T23:59:59.999000+00:00,SOLUSDT,116.97000000,118.39000000,111.51000000,113.50000000,4927735.50000000,567749563.97490000,658457,2277417.52000000,262353178.74950000
2024-02-16T00:00:00+00:00,2024-02-16T23:59:59.999000+00:00,SOLUSDT,113.50000000,114.25000000,107.94000000,110.33000000,3947132.77000000,438070793.20230000,521407,1907792.46000000,211814412.40890000
2024-02-17T00:00:00+00:00,2024-02-17T23:59:59.999000+00:00,SOLUSDT,110.32000000,111.08000000,105.00000000,108.92000000,2897705.67000000,314210779.89930000,388340,1328720.54000000,144136048.85460000
2024-02-18T00:00:00+00:00,2024-02-18T23:59:59.999000+00:00,SOLUSDT,108.92000000,114.04000000,107.51000000,112.24000000,3083833.73000000,343205223.46570000,414145,1589233.83000000,176806018.08160000
2024-02-19T00:00:00+00:00,2024-02-19T23:59:59.999000+00:00,SOLUSDT,112.25000000,114.87000000,110.75000000,111.53000000,3746704.95000000,422129836.04570000,514577,1822769.11000000,205431020.34460000
2024-02-20T00:00:00+00:00,2024-02-20T23:59:59.999000+00:00,SOLUSDT,111.53000000,112.11000000,103.00000000,108.31000000,5676734.13000000,614703000.80990000,732595,2793426.70000000,302432954.19550000
2024-02-21T00:00:00+00:00,2024-02-21T23:59:59.999000+00:00,SOLUSDT,108.32000000,108.40000000,100.23000000,105.03000000,4752688.01000000,493622986.47060000,638631,2247491.44000000,233441642.56790000
2024-02-22T00:00:00+00:00,2024-02-22T23:59:59.999000+00:00,SOLUSDT,105.04000000,107.10000000,101.53000000,101.76000000,3905642.33000000,408028903.11970000,532651,2017092.37000000,210745180.83830000
2024-02-23T00:00:00+00:00,2024-02-23T23:59:59.999000+00:00,SOLUSDT,101.75000000,103.10000000,98.64000000,99.90000000,3546853.99000000,359325149.93840000,441289,1746511.02000000,176969708.62940000
2024-02-24T00:00:00+00:00,2024-02-24T23:59:59.999000+00:00,SOLUSDT,99.91000000,104.85000000,98.48000000,104.01000000,2334116.02000000,237972991.02250000,300412,1238506.30000000,126296954.49450000
2024-02-25T00:00:00+00:00,2024-02-25T23:59:59.999000+00:00,SOLUSDT,104.02000000,104.43000000,102.00000000,103.47000000,1967184.81000000,202983222.20780000,285185,933488.17000000,96331564.64630000
2024-02-26T00:00:00+00:00,2024-02-26T23:59:59.999000+00:00,SOLUSDT,103.47000000,110.89000000,100.29000000,109.90000000,5392138.71000000,570413289.46480000,723403,2824015.44000000,298794797.94010000
2024-02-27T00:00:00+00:00,2024-02-27T23:59:59.999000+00:00,SOLUSDT,109.90000000,112.30000000,105.29000000,108.36000000,6198163.52000000,679932921.20060000,910828,3061442.24000000,335848421.70370000
2024-02-28T00:00:00+00:00,2024-02-28T23:59:59.999000+00:00,SOLUSDT,108.35000000,119.06000000,106.85000000,119.03000000,11832282.01000000,1332835060.49580000,1812047,6046391.03000000,681766965.72580000
2024-02-29T00:00:00+00:00,2024-02-29T23:59:59.999000+00:00,SOLUSDT,119.03000000,134.65000000,117.15000000,125.68000000,13847087.32000000,1758043857.42170000,2407149,7077792.29000000,898386234.68540000
2024-03-01T00:00:00+00:00,2024-03-01T23:59:59.999000+00:00,SOLUSDT,125.68000000,137.80000000,125.61000000,129.43000000,8376631.09000000,1112504025.33270000,1579108,4210208.46000000,559323763.57170000
2024-03-02T00:00:00+00:00,2024-03-02T23:59:59.999000+00:00,SOLUSDT,129.43000000,131.69000000,127.20000000,130.02000000,4693251.94000000,605833422.17760000,935924,2356730.62000000,304358057.60530000
2024-03-03T00:00:00+00:00,2024-03-03T23:59:59.999000+00:00,SOLUSDT,130.03000000,132.11000000,124.17000000,130.16000000,5228370.86000000,674383368.58000000,957739,2544717.28000000,328461274.09880000
2024-03-04T00:00:00+00:00,2024-03-04T23:59:59.999000+00:00,SOLUSDT,130.16000000,134.95000000,127.35000000,133.27000000,8053684.79000000,1054037091.22050000,1354011,3948899.12000000,517039170.49080000
2024-03-05T00:00:00+00:00,2024-03-05T23:59:59.999000+00:00,SOLUSDT,133.26000000,142.72000000,105.00000000,125.31000000,17035242.52000000,2212988765.09510000,2728801,8429665.84000000,1097205367.63500000
2024-03-06T00:00:00+00:00,2024-03-06T23:59:59.999000+00:00,SOLUSDT,125.31000000,134.95000000,120.00000000,130.79000000,9581617.48000000,1233993440.98010000,1528038,4775652.18000000,614998226.91460000
2024-03-07T00:00:00+00:00,2024-03-07T23:59:59.999000+00:00,SOLUSDT,130.80000000,149.30000000,130.52000000,143.82000000,10952975.30000000,1553231320.47470000,1976430,5566167.33000000,789450717.16030000
2024-03-08T00:00:00+00:00,2024-03-08T23:59:59.999000+00:00,SOLUSDT,143.82000000,152.64000000,142.00000000,144.79000000,8096745.65000000,1186459433.42290000,1440300,4090161.97000000,599571234.59920000
2024-03-09T00:00:00+00:00,2024-03-09T23:59:59.999000+00:00,SOLUSDT,144.79000000,149.15000000,143.54000000,144.29000000,3686876.81000000,539026432.73400000,669430,1716521.03000000,250936918.21520000
2024-03-10T00:00:00+00:00,2024-03-10T23:59:59.999000+00:00,SOLUSDT,144.30000000,148.50000000,140.43000000,144.39000000,4489519.25000000,651013489.98280000,754488,2233245.72000000,323813363.07120000
2024-03-11T00:00:00+00:00,2024-03-11T23:59:59.999000+00:00,SOLUSDT,144.39000000,150.20000000,136.49000000,148.83000000,7743384.35000000,1126194337.66580000,1296958,3991337.90000000,580052514.55870000
2024-03-12T00:00:00+00:00,2024-03-12T23:59:59.999000+00:00,SOLUSDT,148.83000000,155.00000000,141.50000000,151.05000000,8930538.00000000,1337735992.29900000,1590998,4504142.03000000,675063357.22200000
2024-03-13T00:00:00+00:00,2024-03-13T23:59:59.999000+00:00,SOLUSDT,151.06000000,166.73000000,148.71000000,163.90000000,7627285.95000000,1188025236.90350000,1411841,3999753.37000000,623238834.95290000
2024-03-14T00:00:00+00:00,2024-03-14T23:59:59.999000+00:00,SOLUSDT,163.90000000,178.50000000,159.20000000,176.65000000,10423585.86000000,1755161226.80100000,2198598,5336105.12000000,899064359.00120000
2024-03-15T00:00:00+00:00,2024-03-15T23:59:59.999000+00:00,SOLUSDT,176.65000000,188.98000000,164.50000000,183.95000000,17484961.60000000,3111253071.41390000,3444279,8939610.38000000,1592456881.11840000
2024-03-16T00:00:00+00:00,2024-03-16T23:59:59.999000+00:00,SOLUSDT,183.95000000,197.95000000,176.78000000,182.05000000,13017058.01000000,2445058679.46210000,2909824,6537189.17000000,1228557596.05520000
2024-03-17T00:00:00+00:00,2024-03-17T23:59:59.999000+00:00,SOLUSDT,182.05000000,205.20000000,178.55000000,201.86000000,10524537.06000000,2004364577.51840000,2323291,5418701.75000000,1032568529.40450000
2024-03-18T00:00:00+00:00,2024-03-18T23:59:59.999000+00:00,SOLUSDT,201.85000000,210.18000000,193.80000000,195.92000000,11583736.08000000,2344955653.17510000,2540129,5989733.78000000,1213321252.46850000
2024-03-19T00:00:00+00:00,2024-03-19T23:59:59.999000+00:00,SOLUSDT,195.92000000,198.68000000,166.00000000,169.82000000,16935298.87000000,3057454424.49430000,3396222,8742850.22000000,1578045170.70160000
2024-03-20T00:00:00+00:00,2024-03-20T23:59:59.999000+00:00,SOLUSDT,169.82000000,193.19000000,162.45000000,191.77000000,12365784.68000000,2168361320.83780000,2660068,6335224.11000000,1112457581.73370000
2024-03-21T00:00:00+00:00,2024-03-21T23:59:59.999000+00:00,SOLUSDT,191.76000000,195.68000000,175.84000000,179.46000000,8064316.56000000,1503728905.92720000,1955883,4312582.73000000,804179185.20110000
2024-03-22T00:00:00+00:00,2024-03-22T23:59:59.999000+00:00,SOLUSDT,179.46000000,181.95000000,167.57000000,175.21000000,6152106.89000000,1071851931.73560000,1468995,3026578.42000000,527565197.18860000
2024-03-23T00:00:00+00:00,2024-03-23T23:59:59.999000+00:00,SOLUSDT,175.21000000,179.00000000,170.38000000,172.65000000,3504716.61000000,614080772.87990000,859128,1719499.98000000,301275268.49370000
2024-03-24T00:00:00+00:00,2024-03-24T23:59:59.999000+00:00,SOLUSDT,172.65000000,186.78000000,171.25000000,183.88000000,3578259.38000000,633069986.07300000,800450,1818336.20000000,321879404.72430000
2024-03-25T00:00:00+00:00,2024-03-25T23:59:59.999000+00:00,SOLUSDT,183.87000000,194.60000000,180.92000000,188.99000000,5240091.85000000,990571953.49720000,1122467,2696879.57000000,509958660.58560000
2024-03-26T00:00:00+00:00,2024-03-26T23:59:59.999000+00:00,SOLUSDT,188.98000000,196.57000000,186.00000000,190.46000000,4465611.36000000,855869951.72650000,968440,2252721.60000000,431665419.85320000
2024-03-27T00:00:00+00:00,2024-03-27T23:59:59.999000+00:00,SOLUSDT,190.46000000,192.74000000,180.00000000,186.33000000,5173929.09000000,963119325.23710000,1098295,2584253.69000000,481343670.65550000
2024-03-28T00:00:00+00:00,2024-03-28T23:59:59.999000+00:00,SOLUSDT,186.34000000,190.93000000,180.92000000,189.63000000,3602194.14000000,670716258.48360000,749165,1821395.24000000,339252817.32510000
2024-03-29T00:00:00+00:00,2024-03-29T23:59:59.999000+00:00,SOLUSDT,189.64000000,193.00000000,183.39000000,192.01000000,3580115.76000000,671638567.42550000,728399,1814537.13000000,340476294.67820000
2024-03-30T00:00:00+00:00,2024-03-30T23:59:59.999000+00:00,SOLUSDT,192.02000000,200.00000000,190.71000000,194.20000000,3491334.38000000,684129474.87230000,758168,1781909.24000000,349261261.12770000
2024-03-31T00:00:00+00:00,2024-03-31T23:59:59.999000+00:00,SOLUSDT,194.19000000,203.17000000,193.69000000,202.45000000,2398135.45000000,474008544.46400000,522989,1280799.57000000,253312915.56890000
2024-04-01T00:00:00+00:00,2024-04-01T23:59:59.999000+00:00,SOLUSDT,202.45000000,204.46000000,186.87000000,192.24000000,4599776.65000000,898620905.57710000,932165,2229760.37000000,435786472.22720000
2024-04-02T00:00:00+00:00,2024-04-02T23:59:59.999000+00:00,SOLUSDT,192.24000000,192.24000000,175.92000000,181.53000000,5766777.40000000,1054470061.65030000,1161554,2858035.42000000,522806902.28190000
2024-04-03T00:00:00+00:00,2024-04-03T23:59:59.999000+00:00,SOLUSDT,181.53000000,192.00000000,176.92000000,185.05000000,5010275.57000000,936613348.87620000,961764,2602010.63000000,486706405.02150000
2024-04-04T00:00:00+00:00,2024-04-04T23:59:59.999000+00:00,SOLUSDT,185.05000000,190.13000000,180.02000000,184.00000000,3773747.36000000,698792503.64500000,728988,1864336.22000000,345450109.29770000
2024-04-05T00:00:00+00:00,2024-04-05T23:59:59.999000+00:00,SOLUSDT,184.00000000,185.07000000,167.84000000,174.37000000,5000847.22000000,873276254.34070000,1053497,2322875.18000000,405538380.78370000
2024-04-06T00:00:00+00:00,2024-04-06T23:59:59.999000+00:00,SOLUSDT,174.37000000,179.89000000,173.54000000,178.68000000,2641869.38000000,467410701.06990000,494775,1312171.54000000,232181955.82900000
2024-04-07T00:00:00+00:00,2024-04-07T23:59:59.999000+00:00,SOLUSDT,178.69000000,182.71000000,176.85000000,179.52000000,2235798.23000000,402864467.69640000,460972,1110615.15000000,200129225.38950000
2024-04-08T00:00:00+00:00,2024-04-08T23:59:59.999000+00:00,SOLUSDT,179.51000000,184.68000000,175.25000000,180.68000000,3690701.97000000,666300708.13330000,659397,1913256.52000000,345486060.05180000
2024-04-09T00:00:00+00:00,2024-04-09T23:59:59.999000+00:00,SOLUSDT,180.68000000,180.90000000,169.11000000,172.42000000,3401885.89000000,595711370.24350000,638002,1687302.84000000,295513183.13500000
2024-04-10T00:00:00+00:00,2024-04-10T23:59:59.999000+00:00,SOLUSDT,172.41000000,175.50000000,162.28000000,173.31000000,4653467.65000000,789367464.63010000,790630,2339048.64000000,396781541.37500000
2024-04-11T00:00:00+00:00,2024-04-11T23:59:59.999000+00:00,SOLUSDT,173.30000000,176.32000000,170.07000000,172.37000000,3761197.49000000,651891318.36900000,649962,1916366.13000000,332244692.36930000
2024-04-12T00:00:00+00:00,2024-04-12T23:59:59.999000+00:00,SOLUSDT,172.37000000,175.98000000,141.00000000,153.16000000,6842096.22000000,1093302149.24220000,1252007,3237774.21000000,517878184.33420000
2024-04-13T00:00:00+00:00,2024-04-13T23:59:59.999000+00:00,SOLUSDT,153.16000000,155.00000000,116.00000000,138.47000000,15444420.06000000,2156725925.99700000,2344436,7404595.98000000,1032814397.23600000
2024-04-14T00:00:00+00:00,2024-04-14T23:59:59.999000+00:00,SOLUSDT,138.47000000,152.84000000,130.45000000,151.25000000,12428370.68000000,1742133326.17800000,1910814,6267060.95000000,879301806.75970000
2024-04-15T00:00:00+00:00,2024-04-15T23:59:59.999000+00:00,SOLUSDT,151.26000000,156.06000000,133.56000000,138.51000000,9332424.74000000,1359049188.77210000,1498623,4707825.45000000,686125031.90200000
2024-04-16T00:00:00+00:00,2024-04-16T23:59:59.999000+00:00,SOLUSDT,138.51000000,140.57000000,126.40000000,136.22000000,9794711.90000000,1308017674.43110000,1530833,5036788.01000000,673071551.41380000
2024-04-17T00:00:00+00:00,2024-04-17T23:59:59.999000+00:00,SOLUSDT,136.21000000,142.77000000,126.87000000,131.84000000,9559485.27000000,1287664513.08000000,1498645,4804193.51000000,647502610.86850000
2024-04-18T00:00:00+00:00,2024-04-18T23:59:59.999000+00:00,SOLUSDT,131.84000000,144.25000000,127.62000000,142.07000000,7805067.82000000,1057713479.81530000,1213277,3940768.89000000,534497873.86310000
2024-04-19T00:00:00+00:00,2024-04-19T23:59:59.999000+00:00,SOLUSDT,142.08000000,147.49000000,128.50000000,142.50000000,11145361.53000000,1564359376.95300000,1717920,5553882.00000000,779761189.24500000
2024-04-20T00:00:00+00:00,2024-04-20T23:59:59.999000+00:00,SOLUSDT,142.50000000,152.39000000,139.66000000,151.22000000,4855973.67000000,705680673.94510000,796179,2482978.78000000,361525875.71620000
2024-04-21T00:00:00+00:00,2024-04-21T23:59:59.999000+00:00,SOLUSDT,151.21000000,153.50000000,146.68000000,148.80000000,3646801.53000000,546975842.84480000,600110,1849078.61000000,277505219.99980000
2024-04-22T00:00:00+00:00,2024-04-22T23:59:59.999000+00:00,SOLUSDT,148.81000000,158.50000000,146.63000000,156.95000000,4967360.16000000,760453706.31630000,804446,2538192.64000000,388603965.85410000
2024-04-23T00:00:00+00:00,2024-04-23T23:59:59.999000+00:00,SOLUSDT,156.94000000,160.00000000,153.04000000,154.75000000,4102272.11000000,641853097.13330000,683700,1995499.95000000,312299705.27660000
2024-04-24T00:00:00+00:00,2024-04-24T23:59:59.999000+00:00,SOLUSDT,154.75000000,159.80000000,145.58000000,147.78000000,6491963.00000000,1000742354.25040000,1056785,3201516.61000000,493661732.58850000
2024-04-25T00:00:00+00:00,2024-04-25T23:59:59.999000+00:00,SOLUSDT,147.79000000,149.60000000,142.09000000,144.84000000,5417465.27000000,792818208.05240000,783470,2725440.80000000,399157214.56900000
2024-04-26T00:00:00+00:00,2024-04-26T23:59:59.999000+00:00,SOLUSDT,144.83000000,146.19000000,138.74000000,139.23000000,3749353.51000000,536537208.98170000,616776,1873287.46000000,268157359.44080000
2024-04-27T00:00:00+00:00,2024-04-27T23:59:59.999000+00:00,SOLUSDT,139.23000000,143.04000000,132.88000000,141.31000000,3821061.91000000,527111064.54100000,569425,1941664.04000000,268043582.01900000
2024-04-28T00:00:00+00:00,2024-04-28T23:59:59.999000+00:00,SOLUSDT,141.31000000,144.82000000,137.03000000,137.99000000,2951913.56000000,420263449.81820000,438504,1514437.30000000,215712798.49270000
2024-04-29T00:00:00+00:00,2024-04-29T23:59:59.999000+00:00,SOLUSDT,137.99000000,138.93000000,133.38000000,137.77000000,4267883.49700000,578946009.02877000,616036,2127631.41500000,288669890.40778000
2024-04-30T00:00:00+00:00,2024-04-30T23:59:59.999000+00:00,SOLUSDT,137.79000000,139.77000000,121.21000000,126.77000000,6026555.48800000,780739771.36254000,989314,2987508.79700000,386735089.12854000
2024-05-01T00:00:00+00:00,2024-05-01T23:59:59.999000+00:00,SOLUSDT,126.76000000,135.97000000,118.47000000,134.64000000,7991325.27100000,1008351786.04678000,1235535,3938878.19200000,497179952.79072000
2024-05-02T00:00:00+00:00,2024-05-02T23:59:59.999000+00:00,SOLUSDT,134.64000000,140.90000000,128.19000000,137.58000000,5743465.62100000,775239966.24235000,881829,2943514.87500000,397167316.91660000
2024-05-03T00:00:00+00:00,2024-05-03T23:59:59.999000+00:00,SOLUSDT,137.58000000,145.00000000,135.88000000,143.69000000,4524855.55600000,636701248.97452000,758139,2366846.22200000,333289355.47610000
2024-05-04T00:00:00+00:00,2024-05-04T23:59:59.999000+00:00,SOLUSDT,143.70000000,149.14000000,142.22000000,146.05000000,2808003.24000000,409395252.13994000,500318,1391174.62900000,202858273.57945000
2024-05-05T00:00:00+00:00,2024-05-05T23:59:59.999000+00:00,SOLUSDT,146.05000000,148.00000000,143.10000000,145.73000000,2131850.26300000,310504070.39615000,396560,1071042.34900000,156017239.58385000
2024-05-06T00:00:00+00:00,2024-05-06T23:59:59.999000+00:00,SOLUSDT,145.74000000,156.89000000,145.40000000,152.82000000,4787441.56700000,729944626.53061000,854076,2483641.38600000,378747053.97158000
2024-05-07T00:00:00+00:00,2024-05-07T23:59:59.999000+00:00,SOLUSDT,152.81000000,159.19000000,147.76000000,148.03000000,4486379.59600000,692683918.35024000,792273,2168235.51600000,334963759.90497000
2024-05-08T00:00:00+00:00,2024-05-08T23:59:59.999000+00:00,SOLUSDT,148.03000000,152.00000000,140.00000000,142.18000000,4533265.34100000,661888498.59383000,756740,2235967.24500000,326687343.96879000
2024-05-09T00:00:00+00:00,2024-05-09T23:59:59.999000+00:00,SOLUSDT,142.17000000,153.39000000,140.61000000,152.57000000,3912139.90800000,571152033.41234000,692980,2021207.01800000,295348770.47660000
2024-05-10T00:00:00+00:00,2024-05-10T23:59:59.999000+00:00,SOLUSDT,152.56000000,155.75000000,144.49000000,146.01000000,4124775.20800000,618548257.76221000,802880,2015043.15900000,302574173.47716000
2024-05-11T00:00:00+00:00,2024-05-11T23:59:59.999000+00:00,SOLUSDT,146.02000000,147.70000000,143.12000000,145.42000000,2017032.81400000,292868240.91002000,401566,978475.25700000,142069060.09327000
2024-05-12T00:00:00+00:00,2024-05-12T23:59:59.999000+00:00,SOLUSDT,145.42000000,147.80000000,142.50000000,143.43000000,1422547.62700000,206518187.54230000,309808,701712.34700000,101909366.36553000
2024-05-13T00:00:00+00:00,2024-05-13T23:59:59.999000+00:00,SOLUSDT,143.42000000,150.88000000,137.78000000,147.54000000,4407929.92300000,636617019.96036000,766364,2207828.06500000,319261761.61100000
2024-05-14T00:00:00+00:00,2024-05-14T23:59:59.999000+00:00,SOLUSDT,147.53000000,149.09000000,141.82000000,142.03000000,3389933.37100000,491650914.90056000,573013,1661272.78300000,240956768.40404000
2024-05-15T00:00:00+00:00,2024-05-15T23:59:59.999000+00:00,SOLUSDT,142.03000000,158.88000000,141.21000000,158.52000000,4885274.20300000,734214270.26841000,749405,2621799.98400000,394299721.32109000
2024-05-16T00:00:00+00:00,2024-05-16T23:59:59.999000+00:00,SOLUSDT,158.52000000,164.79000000,156.46000000,159.37000000,4200112.76500000,675510074.16727000,763259,2104140.95100000,338488293.36262000
2024-05-17T00:00:00+00:00,2024-05-17T23:59:59.999000+00:00,SOLUSDT,159.36000000,174.00000000,159.32000000,169.44000000,4097186.84100000,682669638.66178000,728905,2174941.22900000,362595129.48387000
2024-05-18T00:00:00+00:00,2024-05-18T23:59:59.999000+00:00,SOLUSDT,169.43000000,176.06000000,168.65000000,172.40000000,2874473.99700000,496940232.56438000,577304,1439363.47300000,248933881.95271000
2024-05-19T00:00:00+00:00,2024-05-19T23:59:59.999000+00:00,SOLUSDT,172.40000000,175.50000000,165.96000000,169.93000000,2696984.07400000,460508285.32582000,502213,1366743.73400000,233400153.02211000
2024-05-20T00:00:00+00:00,2024-05-20T23:59:59.999000+00:00,SOLUSDT,169.93000000,188.32000000,167.47000000,186.70000000,5690568.99800000,1022051849.66920000,1057452,2986607.02000000,536993614.54321000
2024-05-21T00:00:00+00:00,2024-05-21T23:59:59.999000+00:00,SOLUSDT,186.69000000,188.89000000,174.37000000,178.15000000,4727780.06400000,854999395.09577000,877587,2268072.49200000,409997168.25251000
2024-05-22T00:00:00+00:00,2024-05-22T23:59:59.999000+00:00,SOLUSDT,178.15000000,185.00000000,174.96000000,176.95000000,4272900.12700000,766148690.37294000,850875,2219424.67100000,398102279.96942000
2024-05-23T00:00:00+00:00,2024-05-23T23:59:59.999000+00:00,SOLUSDT,176.96000000,181.04000000,165.35000000,176.16000000,5598921.63000000,977277434.41105000,1037830,2906972.60600000,507396382.66246000
2024-05-24T00:00:00+00:00,2024-05-24T23:59:59.999000+00:00,SOLUSDT,176.15000000,176.15000000,162.50000000,167.70000000,4819660.64200000,810028558.31071000,856617,2592690.35600000,436172660.90261000
2024-05-25T00:00:00+00:00,2024-05-25T23:59:59.999000+00:00,SOLUSDT,167.70000000,170.55000000,165.90000000,168.35000000,1911443.13500000,321691312.78369000,405433,913344.72000000,153729295.90633000
2024-05-26T00:00:00+00:00,2024-05-26T23:59:59.999000+00:00,SOLUSDT,168.35000000,168.40000000,161.00000000,163.41000000,3126117.98900000,512894771.41766000,537560,1562641.60000000,256365632.27850000
2024-05-27T00:00:00+00:00,2024-05-27T23:59:59.999000+00:00,SOLUSDT,163.42000000,172.28000000,163.26000000,170.15000000,3260017.05500000,547344142.94860000,591480,1688224.02500000,283304224.83869000
2024-05-28T00:00:00+00:00,2024-05-28T23:59:59.999000+00:00,SOLUSDT,170.15000000,173.24000000,164.92000000,168.68000000,3779251.34300000,637522900.01295000,714064,1882025.78100000,317686800.53986000
2024-05-29T00:00:00+00:00,2024-05-29T23:59:59.999000+00:00,SOLUSDT,168.68000000,173.93000000,167.00000000,168.32000000,2946277.29400000,500443628.71600000,607907,1436219.21300000,244129340.62543000
2024-05-30T00:00:00+00:00,2024-05-30T23:59:59.999000+00:00,SOLUSDT,168.32000000,173.00000000,163.55000000,166.88000000,3307767.04700000,555770168.75021000,592495,1611989.88400000,271024192.23503000
2024-05-31T00:00:00+00:00,2024-05-31T23:59:59.999000+00:00,SOLUSDT,166.88000000,170.94000000,163.67000000,165.65000000,2592736.38800000,432816352.94655000,476139,1258131.12000000,210094424.84781000
2024-06-01T00:00:00+00:00,2024-06-01T23:59:59.999000+00:00,SOLUSDT,165.65000000,167.95000000,165.64000000,166.14000000,1070498.92800000,178824432.11781000,214954,511531.91600000,85454713.62660000
2024-06-02T00:00:00+00:00,2024-06-02T23:59:59.999000+00:00,SOLUSDT,166.14000000,167.10000000,161.32000000,163.15000000,1669577.98600000,274722936.49486000,308808,853472.81800000,140434680.34189000
2024-06-03T00:00:00+00:00,2024-06-03T23:59:59.999000+00:00,SOLUSDT,163.14000000,167.21000000,161.79000000,164.89000000,2378016.53200000,392561788.00562000,409680,1220237.42900000,201507197.73255000
2024-06-04T00:00:00+00:00,2024-06-04T23:59:59.999000+00:00,SOLUSDT,164.90000000,171.87000000,164.31000000,171.78000000,2124954.01500000,356126382.83239000,384488,1139887.83600000,191094484.82293000
2024-06-05T00:00:00+00:00,2024-06-05T23:59:59.999000+00:00,SOLUSDT,171.78000000,175.60000000,170.00000000,173.54000000,2560223.58900000,443704811.36120000,435543,1255151.76600000,217608237.78634000
2024-06-06T00:00:00+00:00,2024-06-06T23:59:59.999000+00:00,SOLUSDT,173.55000000,174.40000000,167.51000000,170.15000000,2116238.23400000,363765530.70853000,360006,1034609.04000000,177964987.11729000
2024-06-07T00:00:00+00:00,2024-06-07T23:59:59.999000+00:00,SOLUSDT,170.15000000,172.85000000,152.92000000,162.50000000,3538852.09100000,584574048.04206000,665965,1649973.73500000,272718584.42987000
2024-06-08T00:00:00+00:00,2024-06-08T23:59:59.999000+00:00,SOLUSDT,162.51000000,163.78000000,157.37000000,157.83000000,1789882.65000000,287653524.77527000,338015,848013.14500000,136307543.21986000
2024-06-09T00:00:00+00:00,2024-06-09T23:59:59.999000+00:00,SOLUSDT,157.83000000,163.04000000,156.52000000,162.12000000,1444905.00000000,231109362.89601000,268602,722609.29500000,115568027.13828000
2024-06-10T00:00:00+00:00,2024-06-10T23:59:59.999000+00:00,SOLUSDT,162.12000000,163.18000000,157.46000000,159.05000000,1760276.95400000,281863612.18113000,349749,879124.82200000,140739984.30796000
2024-06-11T00:00:00+00:00,2024-06-11T23:59:59.999000+00:00,SOLUSDT,159.04000000,159.75000000,145.20000000,149.31000000,3646582.77700000,554100633.37648000,736163,1724844.87800000,262110280.77715000
2024-06-12T00:00:00+00:00,2024-06-12T23:59:59.999000+00:00,SOLUSDT,149.31000000,161.84000000,145.44000000,155.22000000,3851856.39400000,598161585.14139000,801266,1934368.62900000,300519079.06842000
2024-06-13T00:00:00+00:00,2024-06-13T23:59:59.999000+00:00,SOLUSDT,155.21000000,155.21000000,146.03000000,147.29000000,2573289.11100000,385605225.31535000,552143,1231600.98500000,184543542.52355000
2024-06-14T00:00:00+00:00,2024-06-14T23:59:59.999000+00:00,SOLUSDT,147.29000000,149.00000000,139.67000000,143.05000000,3183461.49300000,460357684.10748000,606662,1561425.61300000,225955519.82799000
2024-06-15T00:00:00+00:00,2024-06-15T23:59:59.999000+00:00,SOLUSDT,143.04000000,145.78000000,142.92000000,145.52000000,1346924.92200000,194646238.58695000,304623,697042.50600000,100741361.78585000
2024-06-16T00:00:00+00:00,2024-06-16T23:59:59.999000+00:00,SOLUSDT,145.52000000,151.35000000,143.08000000,151.30000000,1405879.42700000,206570978.08947000,299425,732084.22600000,107640393.52705000
2024-06-17T00:00:00+00:00,2024-06-17T23:59:59.999000+00:00,SOLUSDT,151.30000000,151.79000000,139.85000000,143.27000000,3412959.81200000,494336447.73763000,637261,1676851.33900000,242735749.83915000
2024-06-18T00:00:00+00:00,2024-06-18T23:59:59.999000+00:00,SOLUSDT,143.28000000,143.82000000,127.95000000,137.41000000,6557976.71000000,888291180.97423000,1134962,3200591.39600000,433492635.76737000
2024-06-19T00:00:00+00:00,2024-06-19T23:59:59.999000+00:00,SOLUSDT,137.41000000,141.90000000,134.47000000,135.62000000,3536777.46800000,488039592.77287000,614546,1772962.62500000,244574480.44278000
2024-06-20T00:00:00+00:00,2024-06-20T23:59:59.999000+00:00,SOLUSDT,135.62000000,141.29000000,131.90000000,133.55000000,3507680.50800000,475840535.65983000,659932,1751535.47400000,237617240.99995000
2024-06-21T00:00:00+00:00,2024-06-21T23:59:59.999000+00:00,SOLUSDT,133.55000000,135.38000000,128.76000000,134.60000000,3230074.02700000,426673566.80230000,631539,1664726.75500000,219970218.34920000
2024-06-22T00:00:00+00:00,2024-06-22T23:59:59.999000+00:00,SOLUSDT,134.61000000,136.74000000,133.00000000,133.69000000,1399215.89100000,188365519.28270000,334153,658312.92800000,88649791.60643000
2024-06-23T00:00:00+00:00,2024-06-23T23:59:59.999000+00:00,SOLUSDT,133.70000000,135.09000000,128.22000000,128.69000000,1492401.23100000,197001384.22396000,361092,721333.09600000,95160612.41686000
2024-06-24T00:00:00+00:00,2024-06-24T23:59:59.999000+00:00,SOLUSDT,128.68000000,132.66000000,122.00000000,132.33000000,5583497.77700000,709427098.28488000,1013696,2739795.01600000,348243335.54148000
2024-06-25T00:00:00+00:00,2024-06-25T23:59:59.999000+00:00,SOLUSDT,132.34000000,139.90000000,131.20000000,136.58000000,3963661.70400000,541175887.65102000,777729,1958903.11600000,267394209.33806000
2024-06-26T00:00:00+00:00,2024-06-26T23:59:59.999000+00:00,SOLUSDT,136.57000000,140.41000000,134.85000000,136.81000000,2503428.06600000,343612682.12807000,454579,1272673.32400000,174703489.18568000
2024-06-27T00:00:00+00:00,2024-06-27T23:59:59.999000+00:00,SOLUSDT,136.81000000,151.21000000,135.20000000,149.71000000,4450967.43600000,646251166.23058000,762694,2301440.91600000,334049218.75222000
2024-06-28T00:00:00+00:00,2024-06-28T23:59:59.999000+00:00,SOLUSDT,149.71000000,150.84000000,139.01000000,140.03000000,3339031.26700000,481073901.27222000,646751,1615427.12400000,232727750.04398000
2024-06-29T00:00:00+00:00,2024-06-29T23:59:59.999000+00:00,SOLUSDT,140.03000000,143.26000000,139.67000000,140.28000000,1468985.54300000,208157309.84296000,286106,787515.28800000,111612957.32782000
2024-06-30T00:00:00+00:00,2024-06-30T23:59:59.999000+00:00,SOLUSDT,140.28000000,147.62000000,137.09000000,146.61000000,2086670.18900000,296853184.38976000,461577,1062413.23600000,151185138.33404000
2024-07-01T00:00:00+00:00,2024-07-01T23:59:59.999000+00:00,SOLUSDT,146.61000000,149.36000000,145.87000000,146.67000000,2280252.83600000,336552447.23335000,506412,1159803.68700000,171193138.21093000
2024-07-02T00:00:00+00:00,2024-07-02T23:59:59.999000+00:00,SOLUSDT,146.68000000,155.00000000,146.14000000,154.03000000,2776061.29200000,417015417.22148000,650428,1426510.32600000,214261465.25519000
2024-07-03T00:00:00+00:00,2024-07-03T23:59:59.999000+00:00,SOLUSDT,154.03000000,154.50000000,139.01000000,140.84000000,4189341.93300000,607418245.77144000,942154,2064604.33900000,298831050.25893000
2024-07-04T00:00:00+00:00,2024-07-04T23:59:59.999000+00:00,SOLUSDT,140.84000000,142.75000000,127.20000000,127.86000000,5230812.15800000,702763141.49909000,1340234,2592441.16600000,348467920.92445000
2024-07-05T00:00:00+00:00,2024-07-05T23:59:59.999000+00:00,SOLUSDT,127.85000000,136.58000000,121.00000000,134.32000000,7669471.23100000,983389317.89722000,1888690,3698006.23900000,474757729.14043000
2024-07-06T00:00:00+00:00,2024-07-06T23:59:59.999000+00:00,SOLUSDT,134.32000000,144.35000000,132.33000000,143.05000000,2873919.13600000,398979042.90841000,809402,1392969.49600000,193709015.08626000
2024-07-07T00:00:00+00:00,2024-07-07T23:59:59.999000+00:00,SOLUSDT,143.05000000,143.33000000,131.23000000,131.64000000,2590805.36900000,357932288.79140000,824773,1286895.53200000,177852756.23076000
2024-07-08T00:00:00+00:00,2024-07-08T23:59:59.999000+00:00,SOLUSDT,131.64000000,142.00000000,127.77000000,139.81000000,5708358.00800000,778233609.89992000,1758085,2931965.25800000,400251614.89999000
2024-07-09T00:00:00+00:00,2024-07-09T23:59:59.999000+00:00,SOLUSDT,139.81000000,144.33000000,136.45000000,141.42000000,3363673.60600000,474835006.13947000,933893,1693600.92200000,239142540.06069000
2024-07-10T00:00:00+00:00,2024-07-10T23:59:59.999000+00:00,SOLUSDT,141.43000000,146.20000000,138.60000000,141.98000000,2700825.89300000,384433518.86052000,768227,1399114.63300000,199167070.10794000
2024-07-11T00:00:00+00:00,2024-07-11T23:59:59.999000+00:00,SOLUSDT,141.99000000,146.10000000,135.64000000,135.73000000,3363094.13000000,472185792.21612000,946184,1661832.41900000,233471098.99574000
2024-07-12T00:00:00+00:00,2024-07-12T23:59:59.999000+00:00,SOLUSDT,135.73000000,140.55000000,133.92000000,139.46000000,2929528.43100000,400570824.13592000,829615,1462385.39200000,200090907.47269000
2024-07-13T00:00:00+00:00,2024-07-13T23:59:59.999000+00:00,SOLUSDT,139.47000000,143.60000000,137.94000000,141.90000000,1357177.62100000,190214241.69670000,448463,688086.79400000,96464182.91858000
2024-07-14T00:00:00+00:00,2024-07-14T23:59:59.999000+00:00,SOLUSDT,141.89000000,148.56000000,141.87000000,147.66000000,2997466.75700000,435942051.37289000,768260,1481507.14000000,215481403.51509000
2024-07-15T00:00:00+00:00,2024-07-15T23:59:59.999000+00:00,SOLUSDT,147.66000000,159.95000000,147.00000000,159.38000000,3428848.52200000,526088294.36737000,1139996,1767224.79900000,271286005.78487000
2024-07-16T00:00:00+00:00,2024-07-16T23:59:59.999000+00:00,SOLUSDT,159.37000000,162.49000000,152.57000000,160.62000000,3988105.45400000,629159430.00225000,1421402,1950385.55100000,307883983.61939000
2024-07-17T00:00:00+00:00,2024-07-17T23:59:59.999000+00:00,SOLUSDT,160.62000000,163.80000000,154.68000000,155.50000000,2840583.09000000,453684708.72590000,971401,1375671.25700000,219932578.33936000
2024-07-18T00:00:00+00:00,2024-07-18T23:59:59.999000+00:00,SOLUSDT,155.50000000,161.60000000,155.07000000,159.22000000,2584704.12400000,409279722.45088000,901379,1275987.18200000,202104612.09613000
2024-07-19T00:00:00+00:00,2024-07-19T23:59:59.999000+00:00,SOLUSDT,159.22000000,172.42000000,156.07000000,169.13000000,4685513.24000000,774783060.77819000,1483093,2333396.45200000,385958237.17017000
2024-07-20T00:00:00+00:00,2024-07-20T23:59:59.999000+00:00,SOLUSDT,169.12000000,175.10000000,167.27000000,173.60000000,2047796.04600000,350329363.85493000,702512,1030797.93500000,176491052.03319000
2024-07-21T00:00:00+00:00,2024-07-21T23:59:59.999000+00:00,SOLUSDT,173.60000000,185.17000000,170.27000000,184.49000000,3684536.41100000,651749302.14181000,1188870,1821412.98800000,322196929.04962000
2024-07-22T00:00:00+00:00,2024-07-22T23:59:59.999000+00:00,SOLUSDT,184.49000000,185.00000000,176.71000000,178.90000000,3345609.52500000,602525041.98770000,1095481,1538093.13200000,277052151.13109000
2024-07-23T00:00:00+00:00,2024-07-23T23:59:59.999000+00:00,SOLUSDT,178.90000000,180.54000000,169.72000000,173.03000000,3895827.33200000,682470078.60841000,1371959,1826854.30100000,320266448.46875000
2024-07-24T00:00:00+00:00,2024-07-24T23:59:59.999000+00:00,SOLUSDT,173.03000000,182.50000000,170.90000000,178.06000000,3845177.71300000,682705655.25175000,1269686,1978311.03800000,351416013.81192000
2024-07-25T00:00:00+00:00,2024-07-25T23:59:59.999000+00:00,SOLUSDT,178.07000000,179.59000000,165.42000000,171.85000000,4859387.42800000,829732654.80752000,1699682,2349892.72300000,401482626.58640000
2024-07-26T00:00:00+00:00,2024-07-26T23:59:59.999000+00:00,SOLUSDT,171.86000000,185.01000000,171.69000000,183.06000000,3030603.24600000,541455609.23512000,1012900,1570554.99700000,280762432.24428000
2024-07-27T00:00:00+00:00,2024-07-27T23:59:59.999000+00:00,SOLUSDT,183.07000000,188.33000000,178.11000000,183.92000000,3518852.05600000,647090166.85253000,1221390,1755496.70200000,323037526.69142000
2024-07-28T00:00:00+00:00,2024-07-28T23:59:59.999000+00:00,SOLUSDT,183.92000000,186.77000000,181.16000000,184.90000000,1901473.95700000,350662180.92843000,748871,931213.73900000,171817362.28968000
2024-07-29T00:00:00+00:00,2024-07-29T23:59:59.999000+00:00,SOLUSDT,184.91000000,193.98000000,181.57000000,182.57000000,4024560.31400000,759977442.45996000,1320755,1967220.54700000,371828230.26427000
2024-07-30T00:00:00+00:00,2024-07-30T23:59:59.999000+00:00,SOLUSDT,182.57000000,184.95000000,175.39000000,179.16000000,3074498.49300000,555301399.55814000,1162904,1430908.82300000,258553838.21855000
2024-07-31T00:00:00+00:00,2024-07-31T23:59:59.999000+00:00,SOLUSDT,179.16000000,185.10000000,171.61000000,171.71000000,3250862.52700000,582939536.24755000,1245080,1612652.29600000,289616268.19583000
2024-08-01T00:00:00+00:00,2024-08-01T23:59:59.999000+00:00,SOLUSDT,171.70000000,172.91000000,157.91000000,167.37000000,5523497.61500000,917091024.19327000,1849971,2587951.66400000,429763487.34234000
2024-08-02T00:00:00+00:00,2024-08-02T23:59:59.999000+00:00,SOLUSDT,167.37000000,169.43000000,150.00000000,152.77000000,5553017.93400000,880989082.65712000,2396392,2668247.08700000,423266423.16637000
2024-08-03T00:00:00+00:00,2024-08-03T23:59:59.999000+00:00,SOLUSDT,152.78000000,154.05000000,140.00000000,142.52000000,5444954.69300000,803132863.99150000,1940755,2781021.19000000,410572234.55089000
2024-08-04T00:00:00+00:00,2024-08-04T23:59:59.999000+00:00,SOLUSDT,142.53000000,146.08000000,131.22000000,138.33000000,7037715.28500000,979026258.03256000,2391187,3596283.93900000,500464079.96059000
2024-08-05T00:00:00+00:00,2024-08-05T23:59:59.999000+00:00,SOLUSDT,138.32000000,139.37000000,110.00000000,129.78000000,24267557.81900000,3003271600.88404000,7092579,11769163.38100000,1457361212.77672000
2024-08-06T00:00:00+00:00,2024-08-06T23:59:59.999000+00:00,SOLUSDT,129.79000000,149.59000000,129.40000000,144.40000000,8362643.63400000,1184669504.90055000,3567599,4250033.72100000,601986157.72905000
2024-08-07T00:00:00+00:00,2024-08-07T23:59:59.999000+00:00,SOLUSDT,144.40000000,155.00000000,142.21000000,144.77000000,8372307.58700000,1249654524.57670000,3639741,4172450.53800000,622749862.20457000
2024-08-08T00:00:00+00:00,2024-08-08T23:59:59.999000+00:00,SOLUSDT,144.78000000,163.70000000,141.40000000,163.13000000,7303133.96000000,1137205545.63164000,3235989,3683640.98800000,573962877.68697000
2024-08-09T00:00:00+00:00,2024-08-09T23:59:59.999000+00:00,SOLUSDT,163.12000000,163.54000000,150.72000000,156.28000000,4098735.23300000,639908115.46544000,1938541,2043792.16100000,319106023.63816000
2024-08-10T00:00:00+00:00,2024-08-10T23:59:59.999000+00:00,SOLUSDT,156.29000000,158.75000000,152.54000000,154.01000000,1885839.23300000,291664636.47097000,1077252,942708.49400000,145823311.91221000
2024-08-11T00:00:00+00:00,2024-08-11T23:59:59.999000+00:00,SOLUSDT,154.01000000,158.00000000,141.20000000,141.57000000,3468314.25500000,517779240.96725000,1395573,1610587.18000000,240857557.11696000
2024-08-12T00:00:00+00:00,2024-08-12T23:59:59.999000+00:00,SOLUSDT,141.56000000,150.79000000,141.20000000,146.29000000,4946945.23900000,721770026.12754000,1945549,2479169.02700000,361709645.50697000
2024-08-13T00:00:00+00:00,2024-08-13T23:59:59.999000+00:00,SOLUSDT,146.29000000,149.82000000,142.92000000,146.65000000,2865655.42300000,418947930.81089000,1243626,1444602.52300000,211242044.26493000
2024-08-14T00:00:00+00:00,2024-08-14T23:59:59.999000+00:00,SOLUSDT,146.65000000,152.18000000,142.36000000,143.71000000,3927148.64700000,575678706.56274000,1172123,1922550.91500000,281924516.04145000
2024-08-15T00:00:00+00:00,2024-08-15T23:59:59.999000+00:00,SOLUSDT,143.70000000,147.64000000,137.78000000,142.58000000,4229038.81600000,603098548.31330000,1687515,2061374.48700000,294187642.34294000
2024-08-16T00:00:00+00:00,2024-08-16T23:59:59.999000+00:00,SOLUSDT,142.58000000,144.88000000,136.10000000,139.04000000,4035320.60500000,567440808.99247000,1602737,1916579.92900000,269787025.47699000
2024-08-17T00:00:00+00:00,2024-08-17T23:59:59.999000+00:00,SOLUSDT,139.04000000,141.99000000,137.61000000,141.93000000,1561594.10300000,218485355.29024000,647642,801082.31900000,112103784.00412000
2024-08-18T00:00:00+00:00,2024-08-18T23:59:59.999000+00:00,SOLUSDT,141.92000000,147.31000000,140.56000000,142.42000000,2352046.74300000,339317046.09327000,908299,1147600.17200000,165548842.15258000
2024-08-19T00:00:00+00:00,2024-08-19T23:59:59.999000+00:00,SOLUSDT,142.42000000,146.19000000,140.33000000,144.29000000,2940357.95300000,420454387.86405000,1271189,1438681.93000000,205787278.08241000
2024-08-20T00:00:00+00:00,2024-08-20T23:59:59.999000+00:00,SOLUSDT,144.28000000,148.83000000,141.00000000,142.27000000,3021467.59600000,437968467.22535000,1009714,1488012.26600000,215808693.97621000
2024-08-21T00:00:00+00:00,2024-08-21T23:59:59.999000+00:00,SOLUSDT,142.27000000,144.42000000,138.70000000,142.79000000,2519581.85900000,357577461.78616000,1129613,1184233.12000000,168105801.40856000
2024-08-22T00:00:00+00:00,2024-08-22T23:59:59.999000+00:00,SOLUSDT,142.78000000,144.88000000,140.63000000,143.22000000,1825402.71800000,260990437.28999000,1002758,888734.23800000,127103651.61771000
2024-08-23T00:00:00+00:00,2024-08-23T23:59:59.999000+00:00,SOLUSDT,143.23000000,154.08000000,142.68000000,153.26000000,3781090.16200000,557770796.32283000,1357176,1977973.72700000,292299196.71055000
2024-08-24T00:00:00+00:00,2024-08-24T23:59:59.999000+00:00,SOLUSDT,153.27000000,162.30000000,151.97000000,160.67000000,3739086.94900000,588656966.40684000,1734854,1971467.95100000,310322997.83350000
2024-08-25T00:00:00+00:00,2024-08-25T23:59:59.999000+00:00,SOLUSDT,160.67000000,162.00000000,155.25000000,158.92000000,2629083.70300000,416869258.12242000,1494935,1271737.40300000,201784492.98367000
2024-08-26T00:00:00+00:00,2024-08-26T23:59:59.999000+00:00,SOLUSDT,158.92000000,162.00000000,155.53000000,157.12000000,3318398.04100000,526697469.93657000,1884429,1603779.67300000,254661633.49625000
2024-08-27T00:00:00+00:00,2024-08-27T23:59:59.999000+00:00,SOLUSDT,157.12000000,159.69000000,145.03000000,146.79000000,3650375.76600000,559434487.43673000,1731229,1723418.51500000,264221063.85309000
2024-08-28T00:00:00+00:00,2024-08-28T23:59:59.999000+00:00,SOLUSDT,146.78000000,149.30000000,140.53000000,143.95000000,4270867.03400000,619453816.72578000,2176364,2032785.14300000,294900081.05389000
2024-08-29T00:00:00+00:00,2024-08-29T23:59:59.999000+00:00,SOLUSDT,143.96000000,147.36000000,138.05000000,140.00000000,2921816.82900000,418889238.56372000,1240221,1441749.65900000,206808957.16436000
2024-08-30T00:00:00+00:00,2024-08-30T23:59:59.999000+00:00,SOLUSDT,140.01000000,141.11000000,132.04000000,137.99000000,4038797.16900000,552772623.16571000,1698401,1959794.05700000,268203728.87617000
2024-08-31T00:00:00+00:00,2024-08-31T23:59:59.999000+00:00,SOLUSDT,137.99000000,139.23000000,134.49000000,135.35000000,1230210.74500000,168333087.14831000,591531,621349.30000000,85020899.85194000
2024-09-01T00:00:00+00:00,2024-09-01T23:59:59.999000+00:00,SOLUSDT,135.35000000,136.15000000,127.66000000,128.50000000,2928444.74100000,386814972.37561000,1198069,1436426.03400000,189835665.89066000
2024-09-02T00:00:00+00:00,2024-09-02T23:59:59.999000+00:00,SOLUSDT,128.50000000,135.39000000,126.80000000,134.94000000,3146315.55400000,411715340.55512000,1260396,1605285.88900000,210238483.88918000
2024-09-03T00:00:00+00:00,2024-09-03T23:59:59.999000+00:00,SOLUSDT,134.95000000,138.13000000,127.15000000,127.54000000,2627381.92500000,347419442.89269000,1240227,1230668.39700000,162991522.26287000
2024-09-04T00:00:00+00:00,2024-09-04T23:59:59.999000+00:00,SOLUSDT,127.54000000,134.98000000,122.60000000,133.64000000,3814059.10900000,493863453.34695000,1556072,1890100.39800000,244864196.75787000
2024-09-05T00:00:00+00:00,2024-09-05T23:59:59.999000+00:00,SOLUSDT,133.64000000,135.58000000,127.85000000,129.41000000,2762037.05200000,363814655.91648000,1232457,1307987.44600000,172461704.34368000
2024-09-06T00:00:00+00:00,2024-09-06T23:59:59.999000+00:00,SOLUSDT,129.40000000,134.29000000,120.00000000,125.05000000,5494252.37000000,698281647.27321000,2536448,2519638.50600000,320867284.52729000
2024-09-07T00:00:00+00:00,2024-09-07T23:59:59.999000+00:00,SOLUSDT,125.05000000,129.50000000,124.13000000,127.71000000,2111596.96500000,268366867.55258000,805061,1091453.98100000,138736597.07503000
2024-09-08T00:00:00+00:00,2024-09-08T23:59:59.999000+00:00,SOLUSDT,127.72000000,131.70000000,126.61000000,130.15000000,1971919.86600000,254464239.08089000,796387,982486.20300000,126782487.44089000
2024-09-09T00:00:00+00:00,2024-09-09T23:59:59.999000+00:00,SOLUSDT,130.15000000,137.09000000,126.96000000,135.08000000,3664956.87800000,481085523.61761000,1522972,1858724.77700000,244054073.41437000
2024-09-10T00:00:00+00:00,2024-09-10T23:59:59.999000+00:00,SOLUSDT,135.07000000,138.00000000,132.50000000,135.63000000,2305171.22000000,311229293.36815000,1208968,1132208.12000000,152941068.93519000
2024-09-11T00:00:00+00:00,2024-09-11T23:59:59.999000+00:00,SOLUSDT,135.64000000,135.91000000,128.20000000,132.42000000,3139383.41800000,414398406.21866000,1674623,1554049.88700000,205191668.88021000
2024-09-12T00:00:00+00:00,2024-09-12T23:59:59.999000+00:00,SOLUSDT,132.43000000,136.78000000,132.38000000,136.05000000,2273359.30900000,306779738.70621000,1205435,1167799.11000000,157598837.30642000
2024-09-13T00:00:00+00:00,2024-09-13T23:59:59.999000+00:00,SOLUSDT,136.06000000,139.80000000,131.70000000,139.02000000,2714532.02500000,368359528.65679000,1086185,1342386.41500000,182300965.16705000
2024-09-14T00:00:00+00:00,2024-09-14T23:59:59.999000+00:00,SOLUSDT,139.02000000,139.80000000,135.60000000,137.14000000,1396833.29800000,192268912.45152000,573529,689635.34600000,94934406.88072000
2024-09-15T00:00:00+00:00,2024-09-15T23:59:59.999000+00:00,SOLUSDT,137.15000000,137.95000000,130.43000000,131.37000000,1850456.74000000,248848021.94444000,769118,858817.80600000,115525231.49275000
2024-09-16T00:00:00+00:00,2024-09-16T23:59:59.999000+00:00,SOLUSDT,131.38000000,132.40000000,128.91000000,131.47000000,2136388.30500000,279606319.67364000,1104570,1010353.69800000,132262932.41339000
2024-09-17T00:00:00+00:00,2024-09-17T23:59:59.999000+00:00,SOLUSDT,131.47000000,135.55000000,130.12000000,131.54000000,2339845.91100000,310574750.11516000,1168533,1147980.27000000,152406474.93575000
2024-09-18T00:00:00+00:00,2024-09-18T23:59:59.999000+00:00,SOLUSDT,131.54000000,134.45000000,127.07000000,134.34000000,3309787.25800000,430929910.80921000,1494231,1712975.47800000,223099732.05720000
2024-09-19T00:00:00+00:00,2024-09-19T23:59:59.999000+00:00,SOLUSDT,134.34000000,144.04000000,134.27000000,142.89000000,4130435.35000000,577699422.06203000,1537605,2124830.12300000,297081703.04948000
2024-09-20T00:00:00+00:00,2024-09-20T23:59:59.999000+00:00,SOLUSDT,142.88000000,152.50000000,141.18000000,146.66000000,4488100.61500000,664077947.16975000,1794412,2179104.30000000,322332048.19212000
2024-09-21T00:00:00+00:00,2024-09-21T23:59:59.999000+00:00,SOLUSDT,146.67000000,150.25000000,144.61000000,149.41000000,1916733.21600000,282626113.20776000,706885,962477.35700000,142042353.76207000
2024-09-22T00:00:00+00:00,2024-09-22T23:59:59.999000+00:00,SOLUSDT,149.42000000,149.92000000,141.12000000,144.63000000,2165962.88800000,314113730.48354000,885013,1090232.09700000,158137538.71170000
2024-09-23T00:00:00+00:00,2024-09-23T23:59:59.999000+00:00,SOLUSDT,144.64000000,149.07000000,142.13000000,144.79000000,3226373.77300000,467054364.81911000,1211468,1598540.36300000,231508659.53893000
2024-09-24T00:00:00+00:00,2024-09-24T23:59:59.999000+00:00,SOLUSDT,144.79000000,154.00000000,143.09000000,152.73000000,4015502.93100000,592206584.36052000,1369350,2040122.24800000,301146420.67117000
2024-09-25T00:00:00+00:00,2024-09-25T23:59:59.999000+00:00,SOLUSDT,152.74000000,153.93000000,147.28000000,147.98000000,2728253.34600000,411459401.65579000,1011746,1279496.18600000,193068253.86161000
2024-09-26T00:00:00+00:00,2024-09-26T23:59:59.999000+00:00,SOLUSDT,147.97000000,158.05000000,146.57000000,155.55000000,4251220.76300000,653415043.08504000,1235687,2135764.30500000,328183895.68754000
2024-09-27T00:00:00+00:00,2024-09-27T23:59:59.999000+00:00,SOLUSDT,155.54000000,161.43000000,153.89000000,157.64000000,3725660.99800000,588310567.93940000,1260105,1935507.02500000,305737341.71110000
2024-09-28T00:00:00+00:00,2024-09-28T23:59:59.999000+00:00,SOLUSDT,157.63000000,159.43000000,155.00000000,156.75000000,1580834.34100000,248277861.32032000,704766,772024.71800000,121279172.40944000
2024-09-29T00:00:00+00:00,2024-09-29T23:59:59.999000+00:00,SOLUSDT,156.75000000,161.78000000,155.09000000,158.46000000,2350658.47600000,371044350.37015000,1021753,1216206.76100000,192036083.02901000
2024-09-30T00:00:00+00:00,2024-09-30T23:59:59.999000+00:00,SOLUSDT,158.47000000,159.77000000,151.73000000,152.49000000,3240682.20600000,505193825.22015000,1706379,1548914.76100000,241513856.92209000
2024-10-01T00:00:00+00:00,2024-10-01T23:59:59.999000+00:00,SOLUSDT,152.51000000,157.34000000,142.29000000,145.13000000,4991241.41900000,745512858.98242000,2123355,2320601.49200000,346606479.09385000
2024-10-02T00:00:00+00:00,2024-10-02T23:59:59.999000+00:00,SOLUSDT,145.12000000,148.96000000,138.61000000,140.18000000,3817606.11900000,550570685.31102000,2440923,1891713.61300000,272948416.93148000
2024-10-03T00:00:00+00:00,2024-10-03T23:59:59.999000+00:00,SOLUSDT,140.18000000,142.96000000,133.11000000,136.82000000,3742347.84500000,514812941.95153000,2544894,1896545.96400000,261033915.44812000
2024-10-04T00:00:00+00:00,2024-10-04T23:59:59.999000+00:00,SOLUSDT,136.81000000,144.55000000,135.95000000,143.24000000,3120151.95300000,439091983.66735000,1282445,1658618.52200000,233395715.99779000
2024-10-05T00:00:00+00:00,2024-10-05T23:59:59.999000+00:00,SOLUSDT,143.24000000,144.93000000,141.06000000,142.59000000,1475217.81600000,211080413.77507000,714484,724365.73700000,103688789.39981000
2024-10-06T00:00:00+00:00,2024-10-06T23:59:59.999000+00:00,SOLUSDT,142.59000000,146.75000000,142.00000000,146.48000000,1409071.40000000,203954747.24911000,763554,712534.23300000,103158289.34271000
2024-10-07T00:00:00+00:00,2024-10-07T23:59:59.999000+00:00,SOLUSDT,146.47000000,152.40000000,143.50000000,143.96000000,3607754.95100000,535056906.39550000,1768564,1708409.40000000,253495941.81261000
2024-10-08T00:00:00+00:00,2024-10-08T23:59:59.999000+00:00,SOLUSDT,143.97000000,145.60000000,141.17000000,143.49000000,2153828.15300000,309326890.82457000,1304792,1054118.66100000,151478839.87931000
2024-10-09T00:00:00+00:00,2024-10-09T23:59:59.999000+00:00,SOLUSDT,143.50000000,145.34000000,138.66000000,139.33000000,2071518.06100000,293977143.09486000,1265373,995996.97400000,141416184.88204000
2024-10-10T00:00:00+00:00,2024-10-10T23:59:59.999000+00:00,SOLUSDT,139.33000000,140.92000000,135.52000000,139.03000000,2289782.90700000,316766669.27985000,1253504,1120811.69900000,155118449.18574000
2024-10-11T00:00:00+00:00,2024-10-11T23:59:59.999000+00:00,SOLUSDT,139.04000000,146.62000000,138.68000000,145.53000000,2269088.91800000,325024798.54017000,1028243,1162229.43800000,166462830.76476000
2024-10-12T00:00:00+00:00,2024-10-12T23:59:59.999000+00:00,SOLUSDT,145.52000000,147.32000000,144.71000000,146.40000000,1347679.54800000,197164215.71221000,587595,658168.57300000,96316133.82197000
2024-10-13T00:00:00+00:00,2024-10-13T23:59:59.999000+00:00,SOLUSDT,146.39000000,148.86000000,144.45000000,147.74000000,1599054.83300000,234391884.38395000,827089,804325.38000000,117966402.94362000
2024-10-14T00:00:00+00:00,2024-10-14T23:59:59.999000+00:00,SOLUSDT,147.74000000,158.10000000,146.80000000,157.59000000,3987055.14500000,612698964.45627000,1744075,2100064.66200000,322742334.57426000
2024-10-15T00:00:00+00:00,2024-10-15T23:59:59.999000+00:00,SOLUSDT,157.59000000,159.73000000,150.30000000,154.76000000,4480025.11100000,692975854.02436000,2210459,2204035.09500000,341126355.91480000
2024-10-16T00:00:00+00:00,2024-10-16T23:59:59.999000+00:00,SOLUSDT,154.76000000,158.41000000,153.00000000,154.28000000,2851816.35000000,442239613.53750000,1710126,1391657.72900000,215888704.76498000
2024-10-17T00:00:00+00:00,2024-10-17T23:59:59.999000+00:00,SOLUSDT,154.28000000,155.73000000,147.66000000,150.50000000,2664809.94800000,404740607.93776000,1329012,1303117.08000000,197909054.66135000
2024-10-18T00:00:00+00:00,2024-10-18T23:59:59.999000+00:00,SOLUSDT,150.50000000,156.65000000,149.56000000,154.94000000,1829394.11800000,281306391.09424000,1063679,943353.13400000,145077143.72601000
2024-10-19T00:00:00+00:00,2024-10-19T23:59:59.999000+00:00,SOLUSDT,154.93000000,159.85000000,153.45000000,159.79000000,1724504.16600000,269205539.47737000,678270,886922.62400000,138501608.52301000
2024-10-20T00:00:00+00:00,2024-10-20T23:59:59.999000+00:00,SOLUSDT,159.79000000,167.94000000,157.58000000,167.40000000,3094698.82500000,499091756.88122000,1326223,1622031.67600000,261873779.14963000
2024-10-21T00:00:00+00:00,2024-10-21T23:59:59.999000+00:00,SOLUSDT,167.40000000,171.76000000,160.99000000,166.17000000,4807758.74200000,802248688.37832000,2074468,2411048.60400000,402494472.33500000
2024-10-22T00:00:00+00:00,2024-10-22T23:59:59.999000+00:00,SOLUSDT,166.16000000,170.99000000,162.99000000,167.59000000,4115685.50200000,688160680.55922000,1526765,2110350.66200000,352957914.86517000
2024-10-23T00:00:00+00:00,2024-10-23T23:59:59.999000+00:00,SOLUSDT,167.60000000,174.30000000,164.13000000,170.85000000,4509792.29200000,757152123.98221000,2198916,2295806.78900000,385823153.59896000
2024-10-24T00:00:00+00:00,2024-10-24T23:59:59.999000+00:00,SOLUSDT,170.86000000,179.30000000,170.50000000,177.19000000,3893052.12000000,680676981.90358000,1905295,2088151.85400000,365234274.52438000
2024-10-25T00:00:00+00:00,2024-10-25T23:59:59.999000+00:00,SOLUSDT,177.19000000,177.60000000,159.12000000,164.90000000,5718307.06600000,975203392.12616000,2802265,2655827.20900000,453382227.37534000
2024-10-26T00:00:00+00:00,2024-10-26T23:59:59.999000+00:00,SOLUSDT,164.91000000,173.25000000,162.43000000,170.88000000,3010702.79600000,505678400.81293000,1497920,1642701.61900000,276044366.21096000
2024-10-27T00:00:00+00:00,2024-10-27T23:59:59.999000+00:00,SOLUSDT,170.87000000,178.27000000,170.26000000,176.63000000,2606131.77100000,456430957.53051000,1472999,1361175.88800000,238376056.55902000
2024-10-28T00:00:00+00:00,2024-10-28T23:59:59.999000+00:00,SOLUSDT,176.63000000,179.80000000,172.45000000,178.29000000,3877330.22100000,682720697.43000000,2015079,1912481.68800000,336903342.37208000
2024-10-29T00:00:00+00:00,2024-10-29T23:59:59.999000+00:00,SOLUSDT,178.28000000,183.38000000,176.41000000,179.42000000,4046109.93900000,729686178.77882000,2186480,2112665.61000000,381174432.25332000
2024-10-30T00:00:00+00:00,2024-10-30T23:59:59.999000+00:00,SOLUSDT,179.43000000,181.36000000,173.01000000,174.87000000,2893112.75100000,510367902.92025000,1693721,1334986.16900000,235674260.08567000
2024-10-31T00:00:00+00:00,2024-10-31T23:59:59.999000+00:00,SOLUSDT,174.87000000,176.56000000,167.56000000,168.69000000,2661529.29800000,458128321.23974000,1555163,1237625.20400000,213029931.42414000
2024-11-01T00:00:00+00:00,2024-11-01T23:59:59.999000+00:00,SOLUSDT,168.69000000,174.00000000,163.43000000,166.10000000,3325662.44700000,557854086.52407000,2057625,1640877.84000000,275304311.27734000
2024-11-02T00:00:00+00:00,2024-11-02T23:59:59.999000+00:00,SOLUSDT,166.11000000,168.61000000,162.11000000,166.17000000,1603273.60300000,264909940.27946000,985042,756762.30500000,125181814.03891000
2024-11-03T00:00:00+00:00,2024-11-03T23:59:59.999000+00:00,SOLUSDT,166.16000000,166.61000000,157.82000000,162.53000000,2745309.82900000,443630725.97122000,1259979,1290394.65000000,208509927.88514000
2024-11-04T00:00:00+00:00,2024-11-04T23:59:59.999000+00:00,SOLUSDT,162.52000000,165.04000000,155.11000000,157.95000000,3019251.32500000,486901138.20844000,1767941,1384419.97200000,223155139.74783000
2024-11-05T00:00:00+00:00,2024-11-05T23:59:59.999000+00:00,SOLUSDT,157.95000000,169.30000000,156.86000000,166.62000000,3438156.87100000,563101491.34140000,1606290,1769456.36400000,289945539.78902000
2024-11-06T00:00:00+00:00,2024-11-06T23:59:59.999000+00:00,SOLUSDT,166.63000000,190.01000000,166.40000000,186.59000000,10385235.99200000,1909187913.25849000,3093254,5386859.67000000,990267376.12406000
2024-11-07T00:00:00+00:00,2024-11-07T23:59:59.999000+00:00,SOLUSDT,186.59000000,197.84000000,185.84000000,196.35000000,4210329.82000000,805298768.52591000,2196009,2119936.26600000,405573003.77894000
2024-11-08T00:00:00+00:00,2024-11-08T23:59:59.999000+00:00,SOLUSDT,196.36000000,205.00000000,195.64000000,199.85000000,5129244.18800000,1026696176.73963000,2638632,2660771.09300000,532771925.17719000
2024-11-09T00:00:00+00:00,2024-11-09T23:59:59.999000+00:00,SOLUSDT,199.86000000,203.45000000,194.86000000,199.89000000,2833304.99600000,565544974.68205000,1495027,1380679.20600000,275722585.34756000
2024-11-10T00:00:00+00:00,2024-11-10T23:59:59.999000+00:00,SOLUSDT,199.89000000,215.27000000,198.68000000,210.07000000,7968628.23000000,1650287820.01631000,3972272,4075874.41200000,844256110.34780000
2024-11-11T00:00:00+00:00,2024-11-11T23:59:59.999000+00:00,SOLUSDT,210.07000000,224.00000000,204.16000000,222.13000000,8935306.96800000,1923338631.62358000,4568795,4678282.53200000,1006642368.10271000
2024-11-12T00:00:00+00:00,2024-11-12T23:59:59.999000+00:00,SOLUSDT,222.12000000,225.21000000,204.71000000,211.64000000,9001990.65900000,1932232237.82400000,5190083,4263096.31900000,916191349.39010000
2024-11-13T00:00:00+00:00,2024-11-13T23:59:59.999000+00:00,SOLUSDT,211.63000000,220.44000000,200.67000000,215.13000000,10834052.79900000,2287313943.88454000,6265437,5276571.13500000,1114450472.96843000
2024-11-14T00:00:00+00:00,2024-11-14T23:59:59.999000+00:00,SOLUSDT,215.14000000,222.80000000,206.78000000,209.57000000,7458523.70800000,1606845662.13136000,4182236,3685568.60900000,794800343.72660000
2024-11-15T00:00:00+00:00,2024-11-15T23:59:59.999000+00:00,SOLUSDT,209.57000000,220.50000000,204.48000000,218.45000000,5271091.92400000,1117551465.38711000,3372136,2845876.32600000,603910308.00012000
2024-11-16T00:00:00+00:00,2024-11-16T23:59:59.999000+00:00,SOLUSDT,218.44000000,221.99000000,213.35000000,215.71000000,4204469.30000000,915510373.45120000,2296856,2212511.85700000,482053182.43167000
2024-11-17T00:00:00+00:00,2024-11-17T23:59:59.999000+00:00,SOLUSDT,215.72000000,242.33000000,212.10000000,237.47000000,8433424.20400000,1960587171.68452000,3010544,4311883.06000000,1001610078.17961000
2024-11-18T00:00:00+00:00,2024-11-18T23:59:59.999000+00:00,SOLUSDT,237.47000000,248.44000000,234.01000000,239.79000000,7485850.36100000,1804490953.93808000,3957941,3805345.91300000,917583287.88273000
2024-11-19T00:00:00+00:00,2024-11-19T23:59:59.999000+00:00,SOLUSDT,239.79000000,247.50000000,233.40000000,237.63000000,5595613.40200000,1350659078.09119000,3110191,2789660.37900000,673737851.39489000
2024-11-20T00:00:00+00:00,2024-11-20T23:59:59.999000+00:00,SOLUSDT,237.64000000,242.54000000,230.37000000,235.48000000,5472203.47600000,1289751835.31258000,2032597,2696256.43300000,635454374.29801000
2024-11-21T00:00:00+00:00,2024-11-21T23:59:59.999000+00:00,SOLUSDT,235.48000000,259.80000000,229.60000000,256.37000000,8595939.99400000,2120001679.01770000,4031098,4559686.62500000,1124569870.18576000
2024-11-22T00:00:00+00:00,2024-11-22T23:59:59.999000+00:00,SOLUSDT,256.38000000,264.39000000,251.47000000,256.90000000,5155181.90500000,1326798359.45141000,2948004,2554624.34700000,657887721.25047000
2024-11-23T00:00:00+00:00,2024-11-23T23:59:59.999000+00:00,SOLUSDT,256.90000000,264.00000000,252.69000000,254.89000000,4836783.22700000,1248450578.22800000,2659103,2377510.19700000,613949947.45632000
2024-11-24T00:00:00+00:00,2024-11-24T23:59:59.999000+00:00,SOLUSDT,254.90000000,259.78000000,240.93000000,252.73000000,3665245.81200000,918826601.65279000,2627402,1760701.59100000,441700188.21714000
2024-11-25T00:00:00+00:00,2024-11-25T23:59:59.999000+00:00,SOLUSDT,252.74000000,256.70000000,231.21000000,234.18000000,4699636.31700000,1149248739.70010000,2322351,2311173.25900000,565768409.86016000
2024-11-26T00:00:00+00:00,2024-11-26T23:59:59.999000+00:00,SOLUSDT,234.18000000,239.66000000,221.80000000,230.69000000,5012621.45600000,1157330881.01868000,2836351,2432089.15900000,561972419.62394000
2024-11-27T00:00:00+00:00,2024-11-27T23:59:59.999000+00:00,SOLUSDT,230.69000000,243.33000000,227.51000000,241.96000000,3807284.29700000,898274398.45495000,2039178,1999353.20600000,471526006.52351000
2024-11-28T00:00:00+00:00,2024-11-28T23:59:59.999000+00:00,SOLUSDT,241.96000000,245.28000000,232.80000000,237.59000000,2694033.06000000,640996914.88985000,1578431,1297609.98500000,308764643.74031000
2024-11-29T00:00:00+00:00,2024-11-29T23:59:59.999000+00:00,SOLUSDT,237.58000000,246.77000000,236.55000000,243.33000000,2890806.07900000,699720103.91490000,1929299,1446268.51700000,350171613.67366000
2024-11-30T00:00:00+00:00,2024-11-30T23:59:59.999000+00:00,SOLUSDT,243.33000000,245.40000000,237.50000000,237.60000000,2279256.81600000,550410857.76520000,1597288,1121398.04200000,270905744.64534000
2024-12-01T00:00:00+00:00,2024-12-01T23:59:59.999000+00:00,SOLUSDT,237.60000000,239.89000000,234.10000000,236.80000000,2435872.95400000,577329157.83331000,1318224,1192847.40700000,282771078.86776000
2024-12-02T00:00:00+00:00,2024-12-02T23:59:59.999000+00:00,SOLUSDT,236.79000000,238.20000000,220.00000000,225.72000000,5868060.27500000,1332640777.80382000,3614201,2891680.88900000,656457715.24274000
2024-12-03T00:00:00+00:00,2024-12-03T23:59:59.999000+00:00,SOLUSDT,225.73000000,239.60000000,215.00000000,233.92000000,6918604.72800000,1569314471.01514000,3078327,3583842.18500000,813327303.36694000
2024-12-04T00:00:00+00:00,2024-12-04T23:59:59.999000+00:00,SOLUSDT,233.92000000,241.00000000,224.67000000,229.15000000,4966864.20500000,1160635660.55354000,2318217,2433474.37400000,568808253.89458000
2024-12-05T00:00:00+00:00,2024-12-05T23:59:59.999000+00:00,SOLUSDT,229.15000000,244.77000000,222.95000000,235.84000000,7391549.99300000,1743320226.07373000,4216711,3702869.41400000,874293753.00681000
2024-12-06T00:00:00+00:00,2024-12-06T23:59:59.999000+00:00,SOLUSDT,235.84000000,247.00000000,230.92000000,236.87000000,5136553.82700000,1225759651.15259000,2524507,2594661.98900000,619366602.87957000
2024-12-07T00:00:00+00:00,2024-12-07T23:59:59.999000+00:00,SOLUSDT,236.87000000,243.61000000,234.12000000,238.14000000,2933621.43800000,701579666.62957000,1606160,1555007.37300000,372037931.86283000
2024-12-08T00:00:00+00:00,2024-12-08T23:59:59.999000+00:00,SOLUSDT,238.14000000,241.51000000,233.22000000,237.02000000,2222837.55100000,526456056.82991000,1517123,1051549.53500000,249206171.07123000
2024-12-09T00:00:00+00:00,2024-12-09T23:59:59.999000+00:00,SOLUSDT,237.02000000,237.28000000,203.00000000,216.63000000,7391583.70800000,1645628210.24901000,3396912,3506521.81700000,781936679.06925000
2024-12-10T00:00:00+00:00,2024-12-10T23:59:59.999000+00:00,SOLUSDT,216.62000000,221.06000000,203.21000000,213.60000000,7018707.73000000,1494401948.21546000,3598912,3534131.19300000,752873811.48697000
2024-12-11T00:00:00+00:00,2024-12-11T23:59:59.999000+00:00,SOLUSDT,213.60000000,230.65000000,211.51000000,227.29000000,4688484.80800000,1044765862.39521000,2618186,2446783.07000000,544704920.03867000
2024-12-12T00:00:00+00:00,2024-12-12T23:59:59.999000+00:00,SOLUSDT,227.29000000,234.69000000,225.67000000,226.96000000,3559104.06700000,818643376.99027000,2608984,1735720.23400000,399322172.23014000
2024-12-13T00:00:00+00:00,2024-12-13T23:59:59.999000+00:00,SOLUSDT,226.95000000,228.44000000,220.60000000,224.79000000,2889526.77100000,648285519.70338000,2190401,1434112.62600000,321880596.26241000
2024-12-14T00:00:00+00:00,2024-12-14T23:59:59.999000+00:00,SOLUSDT,224.79000000,227.51000000,215.13000000,219.93000000,2155654.47100000,478317134.38287000,1665180,1064988.43800000,236468734.42381000
2024-12-15T00:00:00+00:00,2024-12-15T23:59:59.999000+00:00,SOLUSDT,219.94000000,225.50000000,215.68000000,224.27000000,2130908.00900000,469130131.65022000,1736084,1153744.01300000,254038615.43485000
2024-12-16T00:00:00+00:00,2024-12-16T23:59:59.999000+00:00,SOLUSDT,224.26000000,227.56000000,213.26000000,216.19000000,3863409.20100000,847551475.44925000,2819674,1935265.70100000,424478385.82208000
2024-12-17T00:00:00+00:00,2024-12-17T23:59:59.999000+00:00,SOLUSDT,216.19000000,228.95000000,211.36000000,223.15000000,5177736.74800000,1148991395.56908000,3540116,2570356.31300000,570952793.92770000
2024-12-18T00:00:00+00:00,2024-12-18T23:59:59.999000+00:00,SOLUSDT,223.16000000,226.04000000,204.80000000,206.53000000,5565926.56300000,1191309782.42507000,3308807,2602999.84700000,557611489.91570000
2024-12-19T00:00:00+00:00,2024-12-19T23:59:59.999000+00:00,SOLUSDT,206.53000000,212.14000000,187.00000000,193.81000000,7402649.88600000,1481798971.45023000,2909503,3442409.27500000,688753662.03428000
2024-12-20T00:00:00+00:00,2024-12-20T23:59:59.999000+00:00,SOLUSDT,193.82000000,199.81000000,175.26000000,194.48000000,9793383.66800000,1829760754.59580000,2947219,4943658.21000000,924182860.09837000
2024-12-21T00:00:00+00:00,2024-12-21T23:59:59.999000+00:00,SOLUSDT,194.48000000,201.98000000,178.30000000,181.45000000,5243572.61700000,988401321.05068000,1709667,2452587.76000000,462986002.29171000
2024-12-22T00:00:00+00:00,2024-12-22T23:59:59.999000+00:00,SOLUSDT,181.46000000,187.87000000,176.88000000,180.52000000,3573368.97200000,650666980.95565000,1394689,1740362.64500000,317003602.73975000
2024-12-23T00:00:00+00:00,2024-12-23T23:59:59.999000+00:00,SOLUSDT,180.53000000,193.48000000,176.48000000,190.11000000,4217664.03000000,778371475.46434000,1557287,2208170.08600000,407840136.01235000
2024-12-24T00:00:00+00:00,2024-12-24T23:59:59.999000+00:00,SOLUSDT,190.12000000,199.00000000,186.13000000,197.09000000,2709577.67200000,525181703.24730000,1127114,1379796.38000000,267596220.13043000
2024-12-25T00:00:00+00:00,2024-12-25T23:59:59.999000+00:00,SOLUSDT,197.09000000,201.85000000,195.00000000,197.44000000,1958644.48700000,388541679.68554000,1035650,997909.90000000,198045835.98398000
2024-12-26T00:00:00+00:00,2024-12-26T23:59:59.999000+00:00,SOLUSDT,197.45000000,199.71000000,186.54000000,188.46000000,2045566.10000000,392011204.61471000,1279313,990226.89600000,189788196.51668000
2024-12-27T00:00:00+00:00,2024-12-27T23:59:59.999000+00:00,SOLUSDT,188.46000000,194.39000000,182.74000000,184.22000000,1946509.64500000,366402095.63853000,1296546,991253.94700000,186568922.84013000
2024-12-28T00:00:00+00:00,2024-12-28T23:59:59.999000+00:00,SOLUSDT,184.22000000,196.10000000,183.82000000,195.50000000,1494847.86700000,283725173.66562000,840578,782994.95400000,148676850.02220000
2024-12-29T00:00:00+00:00,2024-12-29T23:59:59.999000+00:00,SOLUSDT,195.50000000,197.71000000,188.57000000,189.94000000,1560190.01900000,302551036.41535000,861977,762049.05100000,147913892.68932000
2024-12-30T00:00:00+00:00,2024-12-30T23:59:59.999000+00:00,SOLUSDT,189.94000000,196.47000000,185.89000000,191.38000000,2415985.48800000,462392599.37737000,1417191,1219312.68900000,233426206.42575000
2024-12-31T00:00:00+00:00,2024-12-31T23:59:59.999000+00:00,SOLUSDT,191.37000000,199.27000000,188.04000000,189.31000000,2461978.26200000,476451076.66598000,1249847,1259409.03500000,243744394.61628000
2025-01-01T00:00:00+00:00,2025-01-01T23:59:59.999000+00:00,SOLUSDT,189.31000000,195.33000000,188.00000000,194.28000000,1655160.10200000,316558431.70699000,865024,857581.80100000,163984899.35831000
2025-01-02T00:00:00+00:00,2025-01-02T23:59:59.999000+00:00,SOLUSDT,194.28000000,210.48000000,193.43000000,208.31000000,3224923.98200000,660170412.59900000,1615355,1719021.33000000,351938125.20254000
2025-01-03T00:00:00+00:00,2025-01-03T23:59:59.999000+00:00,SOLUSDT,208.30000000,219.83000000,205.63000000,217.99000000,3251086.55600000,694370536.02236000,1394237,1695959.55400000,362159960.77775000
2025-01-04T00:00:00+00:00,2025-01-04T23:59:59.999000+00:00,SOLUSDT,218.00000000,218.18000000,213.54000000,216.67000000,1943711.39000000,420200326.94243000,890249,975959.84300000,211027480.21450000
2025-01-05T00:00:00+00:00,2025-01-05T23:59:59.999000+00:00,SOLUSDT,216.67000000,219.05000000,211.46000000,213.41000000,2101040.54500000,451130694.57664000,902175,988852.24100000,212589805.04426000
2025-01-06T00:00:00+00:00,2025-01-06T23:59:59.999000+00:00,SOLUSDT,213.41000000,223.18000000,211.56000000,218.22000000,2855362.85800000,621928433.92415000,1394456,1485386.63600000,323715215.36912000
2025-01-07T00:00:00+00:00,2025-01-07T23:59:59.999000+00:00,SOLUSDT,218.22000000,219.11000000,201.80000000,202.17000000,3742298.28400000,786521513.88121000,1475754,1916570.43100000,403122307.37169000
2025-01-08T00:00:00+00:00,2025-01-08T23:59:59.999000+00:00,SOLUSDT,202.17000000,203.28000000,188.34000000,197.48000000,4446830.23000000,873913213.74813000,2031142,2338633.46900000,459705475.10823000
2025-01-09T00:00:00+00:00,2025-01-09T23:59:59.999000+00:00,SOLUSDT,197.48000000,199.06000000,182.00000000,184.95000000,3607147.19300000,684344914.22428000,1961684,1801374.55800000,341921972.34750000
2025-01-10T00:00:00+00:00,2025-01-10T23:59:59.999000+00:00,SOLUSDT,184.96000000,193.02000000,183.51000000,187.68000000,3642892.08200000,687353802.31763000,1852360,1741766.04500000,328494158.44737000
2025-01-11T00:00:00+00:00,2025-01-11T23:59:59.999000+00:00,SOLUSDT,187.69000000,191.91000000,184.01000000,188.09000000,2204486.05600000,411533204.16097000,937504,1064110.35000000,198772090.07940000
2025-01-12T00:00:00+00:00,2025-01-12T23:59:59.999000+00:00,SOLUSDT,188.09000000,191.00000000,185.17000000,188.51000000,1330917.13500000,250109405.58559000,723323,677588.57900000,127323378.63006000
2025-01-13T00:00:00+00:00,2025-01-13T23:59:59.999000+00:00,SOLUSDT,188.50000000,191.99000000,168.88000000,182.87000000,5669925.61300000,1015651889.57331000,2547519,2692190.17500000,482872920.51139000
2025-01-14T00:00:00+00:00,2025-01-14T23:59:59.999000+00:00,SOLUSDT,182.86000000,190.11000000,181.88000000,187.57000000,2737355.06400000,510258589.71248000,1379846,1349245.16300000,251576561.38296000
2025-01-15T00:00:00+00:00,2025-01-15T23:59:59.999000+00:00,SOLUSDT,187.57000000,206.04000000,185.84000000,205.86000000,3768610.58000000,735465044.82904000,1825631,1969502.82100000,384828555.01893000
2025-01-16T00:00:00+00:00,2025-01-16T23:59:59.999000+00:00,SOLUSDT,205.86000000,217.14000000,198.47000000,211.14000000,5710255.65700000,1196137559.83409000,2762727,3008386.91800000,630879297.00727000
2025-01-17T00:00:00+00:00,2025-01-17T23:59:59.999000+00:00,SOLUSDT,211.15000000,222.11000000,209.84000000,219.51000000,4384472.83800000,952526271.30062000,2186663,2205434.38700000,479042708.44960000
2025-01-18T00:00:00+00:00,2025-01-18T23:59:59.999000+00:00,SOLUSDT,219.52000000,270.67000000,217.29000000,261.97000000,19971981.58000000,4849480490.65198000,9712182,10428786.65900000,2531314978.36080000
2025-01-19T00:00:00+00:00,2025-01-19T23:59:59.999000+00:00,SOLUSDT,261.97000000,295.83000000,236.68000000,252.42000000,25051667.60000000,6733958631.98131000,16728916,12553970.47800000,3377673848.64727000
2025-01-20T00:00:00+00:00,2025-01-20T23:59:59.999000+00:00,SOLUSDT,252.40000000,273.29000000,229.44000000,242.19000000,16879575.56100000,4215741222.97163000,13411844,8415720.82400000,2101081767.07253000
2025-01-21T00:00:00+00:00,2025-01-21T23:59:59.999000+00:00,SOLUSDT,242.18000000,260.06000000,230.00000000,250.33000000,7882737.25700000,1907066376.77776000,6181509,3813585.87000000,923047549.13654000
2025-01-22T00:00:00+00:00,2025-01-22T23:59:59.999000+00:00,SOLUSDT,250.33000000,272.03000000,248.43000000,257.36000000,6223427.61600000,1612462526.67869000,4791221,3103831.60800000,804872305.48336000
2025-01-23T00:00:00+00:00,2025-01-23T23:59:59.999000+00:00,SOLUSDT,257.37000000,258.48000000,242.19000000,253.11000000,6802762.72300000,1698329260.27982000,5535365,3354267.43500000,837408520.57995000
2025-01-24T00:00:00+00:00,2025-01-24T23:59:59.999000+00:00,SOLUSDT,253.12000000,270.18000000,247.18000000,253.37000000,5214294.56900000,1357937147.07766000,4402292,2659835.71400000,692912291.79527000
2025-01-25T00:00:00+00:00,2025-01-25T23:59:59.999000+00:00,SOLUSDT,253.36000000,260.78000000,246.33000000,256.41000000,3703989.30100000,934052018.21903000,2767492,1825162.25100000,460241817.61591000
2025-01-26T00:00:00+00:00,2025-01-26T23:59:59.999000+00:00,SOLUSDT,256.40000000,260.16000000,240.32000000,240.50000000,3028015.52400000,766488890.38499000,2339798,1478686.05500000,374515696.63668000
2025-01-27T00:00:00+00:00,2025-01-27T23:59:59.999000+00:00,SOLUSDT,240.49000000,242.68000000,220.89000000,234.89000000,8916620.84200000,2058026956.44399000,6699907,4307853.51700000,994454484.16036000
2025-01-28T00:00:00+00:00,2025-01-28T23:59:59.999000+00:00,SOLUSDT,234.90000000,244.00000000,225.01000000,227.06000000,3483450.08700000,819684554.06420000,3282972,1738052.91800000,409131218.54356000
2025-01-29T00:00:00+00:00,2025-01-29T23:59:59.999000+00:00,SOLUSDT,227.06000000,238.49000000,222.63000000,228.16000000,3844193.83800000,886979893.13737000,3509070,1868142.88300000,431143583.98252000
2025-01-30T00:00:00+00:00,2025-01-30T23:59:59.999000+00:00,SOLUSDT,228.16000000,244.70000000,226.84000000,238.31000000,3341265.97300000,799766743.70330000,2468882,1703751.13200000,407710879.87364000
2025-01-31T00:00:00+00:00,2025-01-31T23:59:59.999000+00:00,SOLUSDT,238.30000000,241.82000000,228.24000000,231.77000000,2942165.56700000,694071690.64743000,2082835,1427469.91800000,336959724.89163000
2025-02-01T00:00:00+00:00,2025-02-01T23:59:59.999000+00:00,SOLUSDT,231.77000000,236.46000000,212.74000000,213.03000000,2849748.65000000,640184468.98493000,1972665,1362663.12200000,306511624.29809000
2025-02-02T00:00:00+00:00,2025-02-02T23:59:59.999000+00:00,SOLUSDT,213.03000000,218.90000000,192.31000000,203.51000000,7255500.33300000,1496343825.74038000,5307616,3346730.33900000,691549926.84685000
2025-02-03T00:00:00+00:00,2025-02-03T23:59:59.999000+00:00,SOLUSDT,203.52000000,218.70000000,175.89000000,216.28000000,12836970.26500000,2538322103.03744000,10116876,6239167.56700000,1235396563.85083000
2025-02-04T00:00:00+00:00,2025-02-04T23:59:59.999000+00:00,SOLUSDT,216.27000000,219.97000000,201.87000000,206.64000000,6024194.38700000,1265056545.46502000,4811821,2948755.44300000,619597261.13513000
2025-02-05T00:00:00+00:00,2025-02-05T23:59:59.999000+00:00,SOLUSDT,206.64000000,209.39000000,195.14000000,196.12000000,3154802.03700000,639424685.67492000,2851688,1540121.00900000,312338518.38023000
2025-02-06T00:00:00+00:00,2025-02-06T23:59:59.999000+00:00,SOLUSDT,196.12000000,203.98000000,187.39000000,189.54000000,3444767.14700000,674411227.22245000,2708547,1663274.35200000,325994874.37687000
2025-02-07T00:00:00+00:00,2025-02-07T23:59:59.999000+00:00,SOLUSDT,189.53000000,203.42000000,188.12000000,191.99000000,3925596.77300000,767993723.82559000,3039573,1974029.33500000,386334067.55597000
2025-02-08T00:00:00+00:00,2025-02-08T23:59:59.999000+00:00,SOLUSDT,192.00000000,200.88000000,189.81000000,199.32000000,1967596.75200000,382617624.43681000,1656928,969158.15700000,188599822.77232000
2025-02-09T00:00:00+00:00,2025-02-09T23:59:59.999000+00:00,SOLUSDT,199.32000000,207.37000000,193.53000000,200.47000000,2879138.46000000,578324813.09662000,2101908,1427659.36800000,286756354.53302000
2025-02-10T00:00:00+00:00,2025-02-10T23:59:59.999000+00:00,SOLUSDT,200.47000000,209.05000000,195.85000000,200.47000000,4040840.54800000,819921205.01373000,2637756,2089482.61200000,423911075.60582000
2025-02-11T00:00:00+00:00,2025-02-11T23:59:59.999000+00:00,SOLUSDT,200.47000000,206.18000000,195.12000000,197.96000000,3930238.33500000,792182733.69756000,2289535,1920198.54900000,387186434.68651000
2025-02-12T00:00:00+00:00,2025-02-12T23:59:59.999000+00:00,SOLUSDT,197.95000000,198.56000000,188.48000000,196.78000000,3898533.32100000,756076037.68729000,2807925,1863747.04400000,361451831.86861000
2025-02-13T00:00:00+00:00,2025-02-13T23:59:59.999000+00:00,SOLUSDT,196.78000000,198.47000000,188.78000000,194.25000000,2427771.87600000,468975077.17204000,1950076,1139384.77400000,220182106.79513000
2025-02-14T00:00:00+00:00,2025-02-14T23:59:59.999000+00:00,SOLUSDT,194.24000000,205.34000000,194.11000000,199.39000000,3727686.06300000,744993253.44044000,2047732,1917939.31700000,383311207.82180000
2025-02-15T00:00:00+00:00,2025-02-15T23:59:59.999000+00:00,SOLUSDT,199.40000000,200.27000000,192.61000000,194.48000000,1633300.39900000,319980278.83566000,1231341,778171.19700000,152425048.14114000
2025-02-16T00:00:00+00:00,2025-02-16T23:59:59.999000+00:00,SOLUSDT,194.47000000,196.24000000,186.30000000,188.27000000,2009380.86200000,383704847.67239000,1271986,910716.01900000,174002501.80625000
2025-02-17T00:00:00+00:00,2025-02-17T23:59:59.999000+00:00,SOLUSDT,188.26000000,189.72000000,174.63000000,177.53000000,4287573.73000000,779271190.58224000,2336009,1937640.27700000,352224165.23204000
2025-02-18T00:00:00+00:00,2025-02-18T23:59:59.999000+00:00,SOLUSDT,177.53000000,179.09000000,160.88000000,169.32000000,6319186.16600000,1061518548.68995000,3750135,3089541.50500000,518910445.96659000
2025-02-19T00:00:00+00:00,2025-02-19T23:59:59.999000+00:00,SOLUSDT,169.32000000,174.30000000,163.75000000,168.93000000,3478319.26200000,590112452.81958000,2185100,1718948.19000000,291753364.79675000
2025-02-20T00:00:00+00:00,2025-02-20T23:59:59.999000+00:00,SOLUSDT,168.94000000,176.65000000,167.66000000,176.00000000,2938753.33500000,508528834.82322000,1920797,1457878.22300000,252304279.27536000
2025-02-21T00:00:00+00:00,2025-02-21T23:59:59.999000+00:00,SOLUSDT,176.00000000,180.52000000,167.15000000,168.94000000,4103682.85700000,715436161.65543000,2546452,1970675.62700000,343739427.82907000
2025-02-22T00:00:00+00:00,2025-02-22T23:59:59.999000+00:00,SOLUSDT,168.94000000,174.68000000,168.07000000,172.07000000,1886813.45700000,324983318.38902000,1171019,918330.96700000,158146595.71041000
2025-02-23T00:00:00+00:00,2025-02-23T23:59:59.999000+00:00,SOLUSDT,172.07000000,173.07000000,166.42000000,167.94000000,1488310.75900000,252136318.55605000,987546,698017.91200000,118266636.56328000
2025-02-24T00:00:00+00:00,2025-02-24T23:59:59.999000+00:00,SOLUSDT,167.94000000,169.69000000,138.00000000,141.81000000,7997237.91500000,1226692646.03078000,4109967,3715424.98500000,570486474.16387000
2025-02-25T00:00:00+00:00,2025-02-25T23:59:59.999000+00:00,SOLUSDT,141.81000000,147.09000000,131.91000000,144.33000000,11747010.14500000,1635111010.70032000,6188432,5733721.72500000,798500299.40589000
2025-02-26T00:00:00+00:00,2025-02-26T23:59:59.999000+00:00,SOLUSDT,144.33000000,145.19000000,130.65000000,135.32000000,5368401.05900000,736842199.24000000,3159238,2594767.75400000,356529432.82198000
2025-02-27T00:00:00+00:00,2025-02-27T23:59:59.999000+00:00,SOLUSDT,135.33000000,142.90000000,134.71000000,137.68000000,4322990.45900000,599160525.54253000,2490511,2243932.50200000,311081817.64793000
2025-02-28T00:00:00+00:00,2025-02-28T23:59:59.999000+00:00,SOLUSDT,137.68000000,148.72000000,125.55000000,148.18000000,10039960.61300000,1368611824.73409000,4567953,4871242.24900000,665270561.11190000
2025-03-01T00:00:00+00:00,2025-03-01T23:59:59.999000+00:00,SOLUSDT,148.18000000,151.25000000,138.57000000,143.66000000,4151855.75800000,597723583.50179000,1658774,2055795.95700000,295999647.47676000
2025-03-02T00:00:00+00:00,2025-03-02T23:59:59.999000+00:00,SOLUSDT,143.66000000,179.85000000,140.04000000,178.71000000,13474639.84600000,2212052717.47645000,6490443,7001626.19600000,1152127677.69705000
2025-03-03T00:00:00+00:00,2025-03-03T23:59:59.999000+00:00,SOLUSDT,178.72000000,179.47000000,139.21000000,142.16000000,11096202.04000000,1748078985.39323000,6131716,5308196.71700000,836507080.79658000
2025-03-04T00:00:00+00:00,2025-03-04T23:59:59.999000+00:00,SOLUSDT,142.16000000,147.00000000,130.66000000,144.79000000,10389598.33400000,1438316454.58464000,5773861,5126002.53700000,709968962.93432000
2025-03-05T00:00:00+00:00,2025-03-05T23:59:59.999000+00:00,SOLUSDT,144.80000000,149.73000000,140.18000000,146.28000000,4895520.58500000,706791297.23729000,2591656,2454315.09100000,354512506.82835000
2025-03-06T00:00:00+00:00,2025-03-06T23:59:59.999000+00:00,SOLUSDT,146.27000000,152.90000000,142.44000000,143.31000000,4451879.66100000,656676724.65380000,2442100,2245684.87200000,331135591.95920000
2025-03-07T00:00:00+00:00,2025-03-07T23:59:59.999000+00:00,SOLUSDT,143.30000000,150.88000000,135.04000000,139.39000000,7267412.77100000,1039508735.19796000,3717944,3454290.04500000,494418899.49329000
2025-03-08T00:00:00+00:00,2025-03-08T23:59:59.999000+00:00,SOLUSDT,139.39000000,141.09000000,135.29000000,137.01000000,2135751.39300000,295310260.98050000,1318277,1085800.03300000,150212154.78823000
2025-03-09T00:00:00+00:00,2025-03-09T23:59:59.999000+00:00,SOLUSDT,137.01000000,139.88000000,125.41000000,126.51000000,3909495.65200000,514516598.48730000,1984143,1799825.27300000,236950914.51538000
2025-03-10T00:00:00+00:00,2025-03-10T23:59:59.999000+00:00,SOLUSDT,126.52000000,131.57000000,115.47000000,118.32000000,6654109.33100000,820279149.59140000,3232219,3170426.36800000,390933977.05257000
2025-03-11T00:00:00+00:00,2025-03-11T23:59:59.999000+00:00,SOLUSDT,118.32000000,128.43000000,112.00000000,125.35000000,6435277.86300000,783022212.27215000,2896453,3219262.84200000,391732745.73227000
2025-03-12T00:00:00+00:00,2025-03-12T23:59:59.999000+00:00,SOLUSDT,125.35000000,131.33000000,121.22000000,126.62000000,4410502.14000000,552333767.76339000,2166421,2114378.49400000,264814655.73233000
2025-03-13T00:00:00+00:00,2025-03-13T23:59:59.999000+00:00,SOLUSDT,126.61000000,128.76000000,120.76000000,123.37000000,2824584.96100000,352338027.09973000,1491066,1362852.11400000,170093714.44517000
2025-03-14T00:00:00+00:00,2025-03-14T23:59:59.999000+00:00,SOLUSDT,123.36000000,136.03000000,122.98000000,133.54000000,3607725.49200000,468530950.60997000,1784051,1897742.49400000,246273544.78540000
2025-03-15T00:00:00+00:00,2025-03-15T23:59:59.999000+00:00,SOLUSDT,133.53000000,136.53000000,132.44000000,135.86000000,1918077.49000000,257628407.34355000,976083,1032004.70900000,138565058.85689000
2025-03-16T00:00:00+00:00,2025-03-16T23:59:59.999000+00:00,SOLUSDT,135.86000000,136.71000000,125.21000000,126.13000000,2764260.89200000,360794496.26160000,1521652,1350163.64200000,176478850.14437000
2025-03-17T00:00:00+00:00,2025-03-17T23:59:59.999000+00:00,SOLUSDT,126.13000000,130.64000000,125.55000000,128.01000000,2707611.09400000,347309564.93446000,1381175,1374037.30500000,176303651.51308000
2025-03-18T00:00:00+00:00,2025-03-18T23:59:59.999000+00:00,SOLUSDT,128.01000000,128.19000000,121.76000000,125.33000000,3181789.69900000,395405699.24355000,1359468,1495466.57900000,185858967.83065000
2025-03-19T00:00:00+00:00,2025-03-19T23:59:59.999000+00:00,SOLUSDT,125.33000000,136.08000000,124.20000000,135.33000000,4170497.99100000,541158128.72602000,1839474,2085630.94800000,270850289.30770000
2025-03-20T00:00:00+00:00,2025-03-20T23:59:59.999000+00:00,SOLUSDT,135.33000000,136.12000000,126.65000000,127.60000000,2593287.98600000,340143750.52064000,1266071,1230180.43000000,161209365.00311000
2025-03-21T00:00:00+00:00,2025-03-21T23:59:59.999000+00:00,SOLUSDT,127.60000000,130.18000000,124.81000000,128.48000000,2400422.34800000,306105567.68726000,1095161,1184307.34700000,151096378.85548000
2025-03-22T00:00:00+00:00,2025-03-22T23:59:59.999000+00:00,SOLUSDT,128.47000000,131.84000000,127.80000000,128.51000000,1498168.19600000,194061126.95637000,706271,722864.23900000,93641938.64903000
2025-03-23T00:00:00+00:00,2025-03-23T23:59:59.999000+00:00,SOLUSDT,128.50000000,134.06000000,128.21000000,132.84000000,1763485.98600000,232208409.45648000,799393,867832.32100000,114286495.18758000
2025-03-24T00:00:00+00:00,2025-03-24T23:59:59.999000+00:00,SOLUSDT,132.85000000,144.96000000,132.04000000,141.01000000,4554131.64500000,638280711.52939000,2114604,2282670.71200000,319784344.00175000
2025-03-25T00:00:00+00:00,2025-03-25T23:59:59.999000+00:00,SOLUSDT,141.01000000,147.48000000,138.17000000,143.64000000,3529958.67000000,505738904.94536000,1865843,1736313.61400000,248872783.91987000
2025-03-26T00:00:00+00:00,2025-03-26T23:59:59.999000+00:00,SOLUSDT,143.64000000,145.49000000,135.89000000,137.34000000,3099523.28700000,437189263.88719000,1549733,1460668.28300000,206172543.67681000
2025-03-27T00:00:00+00:00,2025-03-27T23:59:59.999000+00:00,SOLUSDT,137.35000000,140.22000000,135.63000000,138.43000000,2466162.68300000,341254155.91117000,1324639,1238086.87900000,171415343.82306000
2025-03-28T00:00:00+00:00,2025-03-28T23:59:59.999000+00:00,SOLUSDT,138.44000000,139.05000000,127.69000000,129.49000000,3892191.36500000,515501341.03969000,1575782,1791046.21700000,237375973.56829000
2025-03-29T00:00:00+00:00,2025-03-29T23:59:59.999000+00:00,SOLUSDT,129.50000000,130.54000000,122.68000000,124.58000000,2610065.51500000,329643079.81650000,1178810,1302977.74800000,164623466.83675000
2025-03-30T00:00:00+00:00,2025-03-30T23:59:59.999000+00:00,SOLUSDT,124.58000000,127.08000000,123.00000000,124.82000000,1743775.29600000,218155180.69158000,990191,891728.37000000,111632433.42912000
2025-03-31T00:00:00+00:00,2025-03-31T23:59:59.999000+00:00,SOLUSDT,124.83000000,127.81000000,122.75000000,124.54000000,3730628.85300000,468042537.66829000,1618236,1669760.10500000,209588781.11061000
2025-04-01T00:00:00+00:00,2025-04-01T23:59:59.999000+00:00,SOLUSDT,124.53000000,130.55000000,123.74000000,126.67000000,3554277.84800000,452578878.01829000,1528527,1797326.84800000,228906752.30804000
2025-04-02T00:00:00+00:00,2025-04-02T23:59:59.999000+00:00,SOLUSDT,126.68000000,136.21000000,117.00000000,117.42000000,6288908.68000000,796943491.95910000,2817898,3058521.39200000,388286813.09263000
2025-04-03T00:00:00+00:00,2025-04-03T23:59:59.999000+00:00,SOLUSDT,117.42000000,120.94000000,112.24000000,117.17000000,5854867.27800000,683637733.06036000,2171892,3002929.50500000,350901755.65857000
2025-04-04T00:00:00+00:00,2025-04-04T23:59:59.999000+00:00,SOLUSDT,117.17000000,124.00000000,113.25000000,122.79000000,5721072.32000000,677703415.89485000,2469979,2873494.71800000,340517664.17288000
2025-04-05T00:00:00+00:00,2025-04-05T23:59:59.999000+00:00,SOLUSDT,122.80000000,122.85000000,117.15000000,120.32000000,1784381.30000000,213707959.93490000,891779,863015.93200000,103315785.27205000
2025-04-06T00:00:00+00:00,2025-04-06T23:59:59.999000+00:00,SOLUSDT,120.33000000,121.13000000,103.81000000,105.91000000,4934346.98500000,547868774.14022000,2282758,2288416.46200000,254334706.56653000
2025-04-07T00:00:00+00:00,2025-04-07T23:59:59.999000+00:00,SOLUSDT,105.90000000,113.00000000,95.26000000,106.99000000,12630664.99300000,1310680814.72602000,5170857,6133897.42300000,637112648.19533000
2025-04-08T00:00:00+00:00,2025-04-08T23:59:59.999000+00:00,SOLUSDT,106.98000000,112.58000000,102.96000000,105.40000000,5839129.78200000,630835932.39869000,2475283,2843523.57800000,307237508.21026000
2025-04-09T00:00:00+00:00,2025-04-09T23:59:59.999000+00:00,SOLUSDT,105.40000000,121.00000000,101.26000000,119.05000000,9334586.13900000,1033143449.36244000,3699577,4776599.71200000,529103131.36301000
2025-04-10T00:00:00+00:00,2025-04-10T23:59:59.999000+00:00,SOLUSDT,119.05000000,119.30000000,108.21000000,112.81000000,5566324.62900000,632204181.15054000,2144865,2509841.93700000,285021943.23139000
2025-04-11T00:00:00+00:00,2025-04-11T23:59:59.999000+00:00,SOLUSDT,112.80000000,122.65000000,112.16000000,121.41000000,4344066.88900000,514950895.34240000,1940948,2294983.08200000,272274870.15537000
2025-04-12T00:00:00+00:00,2025-04-12T23:59:59.999000+00:00,SOLUSDT,121.41000000,134.11000000,119.41000000,132.24000000,4620265.85500000,588559519.13812000,2075498,2378056.66900000,303094136.36697000
2025-04-13T00:00:00+00:00,2025-04-13T23:59:59.999000+00:00,SOLUSDT,132.24000000,133.96000000,125.32000000,128.38000000,4054370.60300000,525575877.83406000,2065828,1965718.56100000,255017562.99221000
2025-04-14T00:00:00+00:00,2025-04-14T23:59:59.999000+00:00,SOLUSDT,128.38000000,136.13000000,127.98000000,129.42000000,4150251.45000000,546940838.03531000,2656562,2126852.71700000,280431501.28534000
2025-04-15T00:00:00+00:00,2025-04-15T23:59:59.999000+00:00,SOLUSDT,129.41000000,134.45000000,125.82000000,126.11000000,3431482.49700000,446714548.40398000,2155278,1635093.51200000,212983643.29441000
2025-04-16T00:00:00+00:00,2025-04-16T23:59:59.999000+00:00,SOLUSDT,126.10000000,133.91000000,123.49000000,131.33000000,5320768.99400000,680727729.62112000,2740116,2743891.30100000,351129379.27448000
2025-04-17T00:00:00+00:00,2025-04-17T23:59:59.999000+00:00,SOLUSDT,131.33000000,136.20000000,129.50000000,134.83000000,3817459.71800000,508520833.35897000,2093402,1954459.57400000,260493943.76065000
2025-04-18T00:00:00+00:00,2025-04-18T23:59:59.999000+00:00,SOLUSDT,134.84000000,136.02000000,132.47000000,134.04000000,2556341.87400000,343312222.83750000,1202801,1130949.02500000,151946280.64742000
2025-04-19T00:00:00+00:00,2025-04-19T23:59:59.999000+00:00,SOLUSDT,134.05000000,140.50000000,133.58000000,139.87000000,2816038.06800000,389745180.09418000,1276245,1441601.15300000,199506140.78975000
2025-04-20T00:00:00+00:00,2025-04-20T23:59:59.999000+00:00,SOLUSDT,139.86000000,141.96000000,135.64000000,137.86000000,3498098.61500000,482908343.29459000,1308457,1762166.33700000,243120261.88040000
2025-04-21T00:00:00+00:00,2025-04-21T23:59:59.999000+00:00,SOLUSDT,137.86000000,143.25000000,133.82000000,136.56000000,4657400.50300000,645692434.21612000,2024307,2312454.17600000,320554352.64224000
2025-04-22T00:00:00+00:00,2025-04-22T23:59:59.999000+00:00,SOLUSDT,136.57000000,150.23000000,134.68000000,148.79000000,5078409.53600000,727917404.64025000,2263131,2673916.67200000,383322339.89431000
2025-04-23T00:00:00+00:00,2025-04-23T23:59:59.999000+00:00,SOLUSDT,148.78000000,154.21000000,147.13000000,151.10000000,4801378.47000000,724657996.32039000,2567533,2399693.45100000,362222824.30657000
2025-04-24T00:00:00+00:00,2025-04-24T23:59:59.999000+00:00,SOLUSDT,151.10000000,152.90000000,144.87000000,152.55000000,3535860.48400000,527261359.19678000,1929306,1692114.45900000,252505821.06355000
2025-04-25T00:00:00+00:00,2025-04-25T23:59:59.999000+00:00,SOLUSDT,152.55000000,157.00000000,149.87000000,150.82000000,4226767.97300000,647250679.34811000,2143364,2139493.64200000,327780381.73613000
2025-04-26T00:00:00+00:00,2025-04-26T23:59:59.999000+00:00,SOLUSDT,150.82000000,153.17000000,147.75000000,149.21000000,1766805.88000000,264884274.04215000,1204338,823842.74500000,123606173.13266000
2025-04-27T00:00:00+00:00,2025-04-27T23:59:59.999000+00:00,SOLUSDT,149.22000000,150.41000000,145.51000000,147.98000000,1599977.89100000,237125168.08100000,1297845,750978.48700000,111359149.67788000
2025-04-28T00:00:00+00:00,2025-04-28T23:59:59.999000+00:00,SOLUSDT,147.97000000,153.40000000,144.63000000,147.84000000,3507950.44500000,522023426.41480000,1972070,1720129.05500000,256009669.30459000
2025-04-29T00:00:00+00:00,2025-04-29T23:59:59.999000+00:00,SOLUSDT,147.84000000,150.39000000,145.00000000,146.31000000,2498992.49200000,369541045.06508000,1432629,1200317.11700000,177610663.87691000
2025-04-30T00:00:00+00:00,2025-04-30T23:59:59.999000+00:00,SOLUSDT,146.30000000,148.67000000,140.32000000,147.54000000,2780816.36300000,403132464.35529000,1779447,1370175.10000000,198639258.41181000
2025-05-01T00:00:00+00:00,2025-05-01T23:59:59.999000+00:00,SOLUSDT,147.54000000,153.99000000,147.54000000,150.85000000,3037281.45400000,458689825.21601000,1494429,1628876.03900000,245992212.54696000
2025-05-02T00:00:00+00:00,2025-05-02T23:59:59.999000+00:00,SOLUSDT,150.85000000,151.91000000,147.30000000,148.05000000,2216263.07300000,332262056.95998000,1244594,1107186.54900000,166063791.96156000
2025-05-03T00:00:00+00:00,2025-05-03T23:59:59.999000+00:00,SOLUSDT,148.04000000,149.05000000,145.82000000,146.71000000,1406583.56000000,207747277.73483000,808828,701765.15000000,103646715.36064000
2025-05-04T00:00:00+00:00,2025-05-04T23:59:59.999000+00:00,SOLUSDT,146.71000000,147.81000000,143.50000000,143.95000000,1613358.55300000,235442072.04033000,970408,733190.29600000,107033092.54299000
2025-05-05T00:00:00+00:00,2025-05-05T23:59:59.999000+00:00,SOLUSDT,143.94000000,147.73000000,142.50000000,146.72000000,2030995.80100000,295411016.24423000,1298883,1060542.87800000,154322773.16685000
2025-05-06T00:00:00+00:00,2025-05-06T23:59:59.999000+00:00,SOLUSDT,146.72000000,147.23000000,141.41000000,146.88000000,2352310.93500000,339458035.32269000,1435973,1200205.93900000,173299536.39672000
2025-05-07T00:00:00+00:00,2025-05-07T23:59:59.999000+00:00,SOLUSDT,146.89000000,149.54000000,144.68000000,147.32000000,2440566.28400000,358909988.86087000,1388238,1333374.17900000,196061512.54971000
2025-05-08T00:00:00+00:00,2025-05-08T23:59:59.999000+00:00,SOLUSDT,147.32000000,164.60000000,147.08000000,164.46000000,6040622.61800000,947386329.98644000,2680223,3214350.23900000,504495295.14181000
2025-05-09T00:00:00+00:00,2025-05-09T23:59:59.999000+00:00,SOLUSDT,164.46000000,176.15000000,161.07000000,172.78000000,6318574.64900000,1066435830.02627000,3565297,3284438.52500000,554233773.68600000
2025-05-10T00:00:00+00:00,2025-05-10T23:59:59.999000+00:00,SOLUSDT,172.77000000,178.98000000,168.72000000,177.89000000,3339701.17900000,576546707.44572000,2296552,1719179.35000000,297143716.91351000
2025-05-11T00:00:00+00:00,2025-05-11T23:59:59.999000+00:00,SOLUSDT,177.89000000,180.26000000,169.35000000,173.19000000,3210729.52000000,560754526.12960000,2541298,1578169.12200000,275892961.10203000
2025-05-12T00:00:00+00:00,2025-05-12T23:59:59.999000+00:00,SOLUSDT,173.20000000,181.46000000,168.31000000,174.22000000,6245732.97700000,1096750784.26202000,3870262,3195519.92000000,561439720.93346000
2025-05-13T00:00:00+00:00,2025-05-13T23:59:59.999000+00:00,SOLUSDT,174.22000000,184.83000000,166.18000000,183.75000000,4587043.39800000,805977156.69272000,3136625,2392971.08200000,421207689.24207000
2025-05-14T00:00:00+00:00,2025-05-14T23:59:59.999000+00:00,SOLUSDT,183.75000000,184.88000000,173.23000000,176.64000000,3619155.25300000,650301806.43098000,2715293,1741723.78100000,313165285.02280000
2025-05-15T00:00:00+00:00,2025-05-15T23:59:59.999000+00:00,SOLUSDT,176.63000000,178.33000000,166.70000000,169.16000000,3546037.72400000,607575969.68482000,2756715,1722279.87100000,295111576.02623000
2025-05-16T00:00:00+00:00,2025-05-16T23:59:59.999000+00:00,SOLUSDT,169.16000000,174.21000000,166.36000000,167.40000000,2766386.67100000,473923633.57258000,2033247,1376002.43700000,235827132.66055000
2025-05-17T00:00:00+00:00,2025-05-17T23:59:59.999000+00:00,SOLUSDT,167.40000000,169.99000000,164.01000000,165.94000000,2262121.70600000,377239175.69118000,1819659,1080208.30500000,180205263.53402000
2025-05-18T00:00:00+00:00,2025-05-18T23:59:59.999000+00:00,SOLUSDT,165.94000000,176.77000000,164.54000000,173.30000000,3194610.93600000,544510554.62809000,2251214,1562344.27500000,266283248.52070000
2025-05-19T00:00:00+00:00,2025-05-19T23:59:59.999000+00:00,SOLUSDT,173.30000000,173.94000000,159.44000000,166.86000000,4076352.74400000,670683465.64664000,2778183,1997596.61000000,328971109.61293000
2025-05-20T00:00:00+00:00,2025-05-20T23:59:59.999000+00:00,SOLUSDT,166.87000000,173.11000000,164.51000000,168.59000000,3135420.42600000,526700156.84318000,2366165,1631797.99200000,274288321.92277000
2025-05-21T00:00:00+00:00,2025-05-21T23:59:59.999000+00:00,SOLUSDT,168.59000000,175.99000000,165.51000000,173.53000000,4400610.40000000,749188809.37931000,3211242,2237048.50600000,381030599.31978000
2025-05-22T00:00:00+00:00,2025-05-22T23:59:59.999000+00:00,SOLUSDT,173.54000000,180.87000000,172.59000000,179.68000000,3608222.86200000,640424778.41730000,2760365,1861260.28900000,330468184.45399000
2025-05-23T00:00:00+00:00,2025-05-23T23:59:59.999000+00:00,SOLUSDT,179.68000000,187.71000000,173.23000000,174.01000000,6112910.77600000,1104030043.56186000,4081755,3014089.21000000,544749935.56129000
2025-05-24T00:00:00+00:00,2025-05-24T23:59:59.999000+00:00,SOLUSDT,174.00000000,178.33000000,172.50000000,175.87000000,2317965.02100000,407150995.30293000,1707936,1147565.43600000,201591893.39847000
2025-05-25T00:00:00+00:00,2025-05-25T23:59:59.999000+00:00,SOLUSDT,175.87000000,176.88000000,169.14000000,175.74000000,2530363.85900000,435707799.23410000,1870817,1157707.09900000,199510786.07906000
2025-05-26T00:00:00+00:00,2025-05-26T23:59:59.999000+00:00,SOLUSDT,175.75000000,179.02000000,173.48000000,174.91000000,2214724.79600000,391142612.45651000,1720528,1102540.28400000,194728215.37008000
2025-05-27T00:00:00+00:00,2025-05-27T23:59:59.999000+00:00,SOLUSDT,174.92000000,179.41000000,171.24000000,176.71000000,2568509.36800000,452738959.54561000,2144420,1268542.60300000,223598718.53469000
2025-05-28T00:00:00+00:00,2025-05-28T23:59:59.999000+00:00,SOLUSDT,176.72000000,177.45000000,168.92000000,172.21000000,2534660.87700000,437379320.47623000,1739709,1228729.52600000,212093288.34393000
2025-05-29T00:00:00+00:00,2025-05-29T23:59:59.999000+00:00,SOLUSDT,172.22000000,175.34000000,165.96000000,166.71000000,2641789.96800000,450903344.10682000,1933597,1211340.59400000,206906377.38662000
2025-05-30T00:00:00+00:00,2025-05-30T23:59:59.999000+00:00,SOLUSDT,166.71000000,167.51000000,155.22000000,156.20000000,3770279.51200000,609076479.51084000,2744989,1731428.49900000,279826301.56868000
2025-05-31T00:00:00+00:00,2025-05-31T23:59:59.999000+00:00,SOLUSDT,156.20000000,158.01000000,152.14000000,156.45000000,2352257.75200000,364885611.94149000,1971476,1168138.33000000,181263656.24007000
2025-06-01T00:00:00+00:00,2025-06-01T23:59:59.999000+00:00,SOLUSDT,156.45000000,157.92000000,150.59000000,157.68000000,2042131.04100000,315215977.43484000,1648590,984162.63400000,151955263.96929000
2025-06-02T00:00:00+00:00,2025-06-02T23:59:59.999000+00:00,SOLUSDT,157.68000000,158.93000000,151.67000000,156.83000000,2502052.19100000,386842477.22604000,1950497,1206939.38900000,186617342.86497000
2025-06-03T00:00:00+00:00,2025-06-03T23:59:59.999000+00:00,SOLUSDT,156.83000000,163.64000000,154.14000000,155.19000000,2849585.14500000,455003937.65742000,2057700,1394890.74700000,222851201.96173000
2025-06-04T00:00:00+00:00,2025-06-04T23:59:59.999000+00:00,SOLUSDT,155.19000000,157.97000000,152.94000000,153.26000000,1990646.42400000,310274443.07951000,1613483,967100.12100000,150730758.31409000
2025-06-05T00:00:00+00:00,2025-06-05T23:59:59.999000+00:00,SOLUSDT,153.27000000,154.61000000,141.53000000,144.29000000,4258041.07500000,634979837.84160000,2600389,1973621.21800000,294532535.33784000
2025-06-06T00:00:00+00:00,2025-06-06T23:59:59.999000+00:00,SOLUSDT,144.28000000,152.39000000,144.11000000,147.83000000,2167791.11400000,322608804.01360000,1517934,1095613.51800000,162978644.48250000
2025-06-07T00:00:00+00:00,2025-06-07T23:59:59.999000+00:00,SOLUSDT,147.82000000,152.84000000,146.84000000,150.06000000,1408204.61500000,212333839.77254000,1041436,706661.86400000,106472323.58961000
2025-06-08T00:00:00+00:00,2025-06-08T23:59:59.999000+00:00,SOLUSDT,150.07000000,155.30000000,147.88000000,152.45000000,1564000.36600000,236874131.83445000,1073644,807104.97700000,122245917.90541000
2025-06-09T00:00:00+00:00,2025-06-09T23:59:59.999000+00:00,SOLUSDT,152.45000000,161.73000000,149.58000000,161.16000000,3079728.26500000,478105971.72300000,1853346,1563931.27800000,242780523.77695000
2025-06-10T00:00:00+00:00,2025-06-10T23:59:59.999000+00:00,SOLUSDT,161.16000000,165.67000000,156.32000000,165.12000000,3589559.16300000,578045039.31202000,2626493,1837931.50300000,296018318.23227000
2025-06-11T00:00:00+00:00,2025-06-11T23:59:59.999000+00:00,SOLUSDT,165.12000000,168.36000000,159.21000000,160.97000000,4019424.99900000,663220131.68288000,2696532,2037677.81800000,336514802.20813000
2025-06-12T00:00:00+00:00,2025-06-12T23:59:59.999000+00:00,SOLUSDT,160.98000000,161.28000000,152.02000000,152.32000000,2883476.68500000,454850637.40677000,2232785,1329546.82300000,209785680.38143000
2025-06-13T00:00:00+00:00,2025-06-13T23:59:59.999000+00:00,SOLUSDT,152.32000000,152.59000000,140.21000000,148.60000000,5339782.78300000,775171113.32776000,3503943,2611663.06600000,379038386.66245000
2025-06-14T00:00:00+00:00,2025-06-14T23:59:59.999000+00:00,SOLUSDT,148.60000000,148.70000000,141.97000000,144.64000000,1679994.75100000,244007516.51517000,1221540,748132.51800000,108760421.02689000
2025-06-15T00:00:00+00:00,2025-06-15T23:59:59.999000+00:00,SOLUSDT,144.65000000,153.54000000,144.22000000,152.97000000,2831999.61600000,422563512.67885000,1768520,1510013.63900000,225342682.05674000
2025-06-16T00:00:00+00:00,2025-06-16T23:59:59.999000+00:00,SOLUSDT,152.97000000,158.80000000,150.30000000,150.72000000,3573196.78500000,556278400.06253000,2206641,1710413.99500000,266422866.20170000
2025-06-17T00:00:00+00:00,2025-06-17T23:59:59.999000+00:00,SOLUSDT,150.73000000,154.33000000,145.61000000,147.57000000,3395648.85900000,508658147.22473000,2452350,1652493.63500000,247655367.38632000
2025-06-18T00:00:00+00:00,2025-06-18T23:59:59.999000+00:00,SOLUSDT,147.58000000,149.28000000,143.65000000,146.34000000,2800908.98000000,409856193.71815000,1975830,1250275.58100000,182997426.55714000
2025-06-19T00:00:00+00:00,2025-06-19T23:59:59.999000+00:00,SOLUSDT,146.35000000,147.90000000,142.92000000,147.04000000,2285335.72900000,332397675.29724000,1402937,1051371.23900000,152922667.45557000
2025-06-20T00:00:00+00:00,2025-06-20T23:59:59.999000+00:00,SOLUSDT,147.04000000,148.81000000,135.69000000,140.11000000,3393327.20900000,483166807.07631000,2056826,1619395.92600000,230441200.21169000
2025-06-21T00:00:00+00:00,2025-06-21T23:59:59.999000+00:00,SOLUSDT,140.11000000,142.60000000,130.90000000,135.43000000,2826424.14300000,390271799.64798000,1758763,1247419.11900000,172137035.94392000
2025-06-22T00:00:00+00:00,2025-06-22T23:59:59.999000+00:00,SOLUSDT,135.43000000,137.62000000,126.00000000,131.71000000,4252120.02300000,557857427.53674000,3207787,2157850.27100000,283296217.84277000
2025-06-23T00:00:00+00:00,2025-06-23T23:59:59.999000+00:00,SOLUSDT,131.71000000,146.92000000,130.68000000,144.51000000,4573147.66700000,627079580.57708000,2897589,2308159.70300000,317338878.01282000
2025-06-24T00:00:00+00:00,2025-06-24T23:59:59.999000+00:00,SOLUSDT,144.51000000,146.77000000,142.31000000,145.92000000,2741809.08600000,395980461.45042000,1915616,1338053.83600000,193340752.76195000
2025-06-25T00:00:00+00:00,2025-06-25T23:59:59.999000+00:00,SOLUSDT,145.93000000,147.95000000,142.25000000,143.57000000,2233601.90900000,324533547.19572000,1624941,1064706.76100000,154804944.74853000
2025-06-26T00:00:00+00:00,2025-06-26T23:59:59.999000+00:00,SOLUSDT,143.57000000,148.00000000,138.62000000,139.06000000,2522507.94200000,360989062.59112000,1619748,1254831.86100000,179605387.86002000
2025-06-27T00:00:00+00:00,2025-06-27T23:59:59.999000+00:00,SOLUSDT,139.05000000,144.85000000,137.14000000,142.09000000,2471847.15000000,349943506.06527000,1441035,1235243.06400000,174943261.25500000
2025-06-28T00:00:00+00:00,2025-06-28T23:59:59.999000+00:00,SOLUSDT,142.09000000,152.70000000,141.13000000,150.72000000,2657836.68200000,391373737.69054000,1266232,1441145.38000000,212038705.36026000
2025-06-29T00:00:00+00:00,2025-06-29T23:59:59.999000+00:00,SOLUSDT,150.73000000,154.77000000,149.36000000,153.32000000,2150026.17200000,325934665.45081000,1150742,1069715.88000000,162202464.06071000
2025-06-30T00:00:00+00:00,2025-06-30T23:59:59.999000+00:00,SOLUSDT,153.32000000,159.99000000,149.45000000,154.81000000,3871390.33500000,598342659.37994000,1920915,1903822.62100000,294382790.49448000
2025-07-01T00:00:00+00:00,2025-07-01T23:59:59.999000+00:00,SOLUSDT,154.82000000,155.64000000,144.85000000,146.88000000,2770862.17400000,413588502.76090000,1530183,1228896.95800000,183625687.46173000
2025-07-02T00:00:00+00:00,2025-07-02T23:59:59.999000+00:00,SOLUSDT,146.87000000,154.47000000,145.85000000,152.27000000,2652574.27900000,399566857.59119000,1648001,1403036.35800000,211430085.76398000
2025-07-03T00:00:00+00:00,2025-07-03T23:59:59.999000+00:00,SOLUSDT,152.28000000,156.35000000,149.86000000,152.36000000,2686218.20500000,411857243.43209000,1619201,1342711.36400000,205937296.00421000
2025-07-04T00:00:00+00:00,2025-07-04T23:59:59.999000+00:00,SOLUSDT,152.35000000,153.88000000,145.22000000,147.70000000,2308086.73600000,344301514.30937000,1451892,1110928.11200000,165425608.11991000
2025-07-05T00:00:00+00:00,2025-07-05T23:59:59.999000+00:00,SOLUSDT,147.69000000,148.70000000,145.90000000,147.55000000,1173963.86000000,173152977.64954000,710458,569246.62500000,83942562.69706000
2025-07-06T00:00:00+00:00,2025-07-06T23:59:59.999000+00:00,SOLUSDT,147.55000000,153.89000000,146.78000000,151.86000000,2486859.71800000,374754049.20113000,1138325,1322569.68200000,199303566.15193000
2025-07-07T00:00:00+00:00,2025-07-07T23:59:59.999000+00:00,SOLUSDT,151.86000000,153.60000000,147.70000000,148.88000000,2174727.72300000,327954661.16230000,1423398,1081618.68200000,163190659.37183000
2025-07-08T00:00:00+00:00,2025-07-08T23:59:59.999000+00:00,SOLUSDT,148.89000000,152.88000000,147.85000000,151.67000000,2712869.32300000,408864092.13441000,1306748,1323396.46200000,199366071.39599000
2025-07-09T00:00:00+00:00,2025-07-09T23:59:59.999000+00:00,SOLUSDT,151.68000000,157.93000000,150.53000000,157.05000000,2907219.74800000,448417630.22510000,1611497,1458063.01100000,224945155.69184000
2025-07-10T00:00:00+00:00,2025-07-10T23:59:59.999000+00:00,SOLUSDT,157.06000000,165.43000000,155.64000000,164.34000000,3428382.34900000,547305235.76648000,1998915,1771939.54400000,282956763.88750000
2025-07-11T00:00:00+00:00,2025-07-11T23:59:59.999000+00:00,SOLUSDT,164.33000000,168.20000000,159.54000000,162.93000000,4354179.71300000,715116916.43081000,2747985,2146111.80300000,352782999.59792000
2025-07-12T00:00:00+00:00,2025-07-12T23:59:59.999000+00:00,SOLUSDT,162.92000000,163.90000000,157.74000000,160.69000000,2043211.94200000,328647415.71788000,1383540,957496.96500000,153971133.76989000
2025-07-13T00:00:00+00:00,2025-07-13T23:59:59.999000+00:00,SOLUSDT,160.70000000,164.19000000,159.63000000,161.15000000,1929745.85100000,312565043.60087000,1252909,975214.60900000,157950392.90346000
2025-07-14T00:00:00+00:00,2025-07-14T23:59:59.999000+00:00,SOLUSDT,161.15000000,168.65000000,160.61000000,162.21000000,3973706.53300000,658265226.60694000,2368393,1963545.22200000,325198129.59191000
2025-07-15T00:00:00+00:00,2025-07-15T23:59:59.999000+00:00,SOLUSDT,162.21000000,164.26000000,157.23000000,163.98000000,3665295.75300000,589073859.89953000,2245073,1674597.46700000,269315133.90879000
2025-07-16T00:00:00+00:00,2025-07-16T23:59:59.999000+00:00,SOLUSDT,163.98000000,176.00000000,161.51000000,173.63000000,5020288.12300000,849924900.12035000,2574205,2464594.23100000,417141037.63838000
2025-07-17T00:00:00+00:00,2025-07-17T23:59:59.999000+00:00,SOLUSDT,173.62000000,178.19000000,168.71000000,175.87000000,4491555.72700000,781437221.96743000,3024259,2365477.21200000,411824636.75551000
2025-07-18T00:00:00+00:00,2025-07-18T23:59:59.999000+00:00,SOLUSDT,175.88000000,184.67000000,173.24000000,177.28000000,5191853.16800000,931893082.37480000,2947978,2624942.86000000,471216628.61877000
2025-07-19T00:00:00+00:00,2025-07-19T23:59:59.999000+00:00,SOLUSDT,177.28000000,178.61000000,174.00000000,176.96000000,2059315.00800000,363940083.07050000,1475514,1036823.31700000,183244254.04001000
2025-07-20T00:00:00+00:00,2025-07-20T23:59:59.999000+00:00,SOLUSDT,176.97000000,183.66000000,176.33000000,181.43000000,3694854.91500000,666377253.90080000,2315101,1889162.62200000,340910548.15039000
2025-07-21T00:00:00+00:00,2025-07-21T23:59:59.999000+00:00,SOLUSDT,181.44000000,199.28000000,178.25000000,195.72000000,6495907.17900000,1245489002.45574000,3865007,3434139.85100000,658618257.08004000
2025-07-22T00:00:00+00:00,2025-07-22T23:59:59.999000+00:00,SOLUSDT,195.72000000,206.30000000,193.75000000,205.70000000,8635627.17300000,1728386077.16153000,5218083,4435809.13300000,888655924.90008000
2025-07-23T00:00:00+00:00,2025-07-23T23:59:59.999000+00:00,SOLUSDT,205.70000000,205.75000000,183.97000000,189.40000000,5548137.49900000,1070982208.46140000,3511850,2437731.74100000,469975358.34688000
2025-07-24T00:00:00+00:00,2025-07-24T23:59:59.999000+00:00,SOLUSDT,189.40000000,191.87000000,179.21000000,182.87000000,5217064.87100000,971502034.18813000,3520500,2440710.09300000,455057434.14380000
2025-07-25T00:00:00+00:00,2025-07-25T23:59:59.999000+00:00,SOLUSDT,182.88000000,186.85000000,175.63000000,186.76000000,4481310.44000000,806409380.29809000,3217256,2252207.36000000,405374358.50148000
2025-07-26T00:00:00+00:00,2025-07-26T23:59:59.999000+00:00,SOLUSDT,186.75000000,189.78000000,184.29000000,184.88000000,1773453.87500000,331235849.63192000,1197596,829262.08600000,155003880.59953000
2025-07-27T00:00:00+00:00,2025-07-27T23:59:59.999000+00:00,SOLUSDT,184.89000000,190.70000000,184.53000000,188.64000000,2233060.13300000,418620553.40531000,1619218,1136211.85800000,213026725.62752000
2025-07-28T00:00:00+00:00,2025-07-28T23:59:59.999000+00:00,SOLUSDT,188.64000000,195.26000000,182.16000000,183.11000000,4067872.12700000,768873079.63638000,2788739,1867599.88900000,353277802.97717000
2025-07-29T00:00:00+00:00,2025-07-29T23:59:59.999000+00:00,SOLUSDT,183.10000000,186.68000000,178.30000000,181.48000000,2541912.03600000,463596650.71106000,2159517,1147045.36500000,209462830.29678000
2025-07-30T00:00:00+00:00,2025-07-30T23:59:59.999000+00:00,SOLUSDT,181.47000000,182.56000000,170.29000000,177.77000000,3297250.18700000,585983082.58663000,2502481,1509983.03900000,268212142.68597000
2025-07-31T00:00:00+00:00,2025-07-31T23:59:59.999000+00:00,SOLUSDT,177.77000000,182.70000000,171.44000000,172.22000000,2624841.78300000,466405400.70146000,1927344,1277197.65100000,226987071.77867000
2025-08-01T00:00:00+00:00,2025-08-01T23:59:59.999000+00:00,SOLUSDT,172.22000000,172.26000000,159.20000000,162.71000000,4317529.31500000,722230246.87119000,3348302,2013722.77900000,336713822.85778000
2025-08-02T00:00:00+00:00,2025-08-02T23:59:59.999000+00:00,SOLUSDT,162.71000000,165.30000000,155.83000000,158.48000000,2208175.07500000,355113008.83770000,1637688,1053805.60300000,169574592.06586000
2025-08-03T00:00:00+00:00,2025-08-03T23:59:59.999000+00:00,SOLUSDT,158.49000000,163.14000000,156.28000000,161.97000000,2297909.31100000,370496365.83064000,1081075,1177583.14900000,189873087.61517000
2025-08-04T00:00:00+00:00,2025-08-04T23:59:59.999000+00:00,SOLUSDT,161.98000000,169.80000000,161.26000000,169.55000000,2688954.15800000,444266444.38758000,1905885,1399725.47600000,231488989.43981000
2025-08-05T00:00:00+00:00,2025-08-05T23:59:59.999000+00:00,SOLUSDT,169.55000000,171.73000000,161.30000000,164.09000000,2554958.00900000,425083041.90688000,2110779,1214761.19700000,202364474.10790000
2025-08-06T00:00:00+00:00,2025-08-06T23:59:59.999000+00:00,SOLUSDT,164.09000000,169.93000000,161.13000000,168.09000000,1797491.42900000,297879603.05790000,1632609,892897.84100000,148105063.71322000
2025-08-07T00:00:00+00:00,2025-08-07T23:59:59.999000+00:00,SOLUSDT,168.10000000,175.51000000,166.70000000,175.36000000,3014662.99500000,515712927.73765000,1828953,1594771.85400000,272891137.19891000
2025-08-08T00:00:00+00:00,2025-08-08T23:59:59.999000+00:00,SOLUSDT,175.37000000,179.66000000,173.43000000,176.78000000,3678790.65500000,648764863.62977000,2321015,1897301.45600000,334758140.04995000
2025-08-09T00:00:00+00:00,2025-08-09T23:59:59.999000+00:00,SOLUSDT,176.79000000,183.45000000,176.64000000,179.95000000,3325504.38700000,600713701.94360000,1827513,1624627.41400000,293552602.34256000
2025-08-10T00:00:00+00:00,2025-08-10T23:59:59.999000+00:00,SOLUSDT,179.96000000,186.18000000,177.51000000,182.66000000,4197287.28700000,764487779.16299000,2213416,2055263.24900000,374667636.54018000
2025-08-11T00:00:00+00:00,2025-08-11T23:59:59.999000+00:00,SOLUSDT,182.67000000,186.80000000,173.43000000,174.84000000,3960743.53100000,716297040.55758000,2540822,1858871.31500000,336337165.88191000
2025-08-12T00:00:00+00:00,2025-08-12T23:59:59.999000+00:00,SOLUSDT,174.83000000,193.76000000,173.60000000,191.78000000,5074348.15700000,928619384.54652000,2634085,2662524.99500000,487019840.91676000
2025-08-13T00:00:00+00:00,2025-08-13T23:59:59.999000+00:00,SOLUSDT,191.77000000,204.96000000,191.48000000,201.51000000,7148726.27900000,1420646837.29987000,3943926,3533760.44400000,702449884.61743000
2025-08-14T00:00:00+00:00,2025-08-14T23:59:59.999000+00:00,SOLUSDT,201.51000000,209.86000000,186.68000000,192.47000000,8965607.31400000,1785079918.85764000,5852370,4255318.34000000,849176684.32491000
2025-08-15T00:00:00+00:00,2025-08-15T23:59:59.999000+00:00,SOLUSDT,192.46000000,198.07000000,183.30000000,185.72000000,4360287.39600000,829105705.03941000,3117056,2216480.35700000,421787464.19294000
2025-08-16T00:00:00+00:00,2025-08-16T23:59:59.999000+00:00,SOLUSDT,185.71000000,190.06000000,185.20000000,189.60000000,2099818.44800000,394159921.57508000,1394994,1083917.09400000,203589958.18122000
2025-08-17T00:00:00+00:00,2025-08-17T23:59:59.999000+00:00,SOLUSDT,189.61000000,195.89000000,187.35000000,190.99000000,2261555.55600000,434881253.74428000,1584860,1168979.57300000,224830385.39495000
2025-08-18T00:00:00+00:00,2025-08-18T23:59:59.999000+00:00,SOLUSDT,191.00000000,191.33000000,180.00000000,182.94000000,3374074.69700000,618792820.89800000,2339848,1582236.48400000,290003974.26017000
2025-08-19T00:00:00+00:00,2025-08-19T23:59:59.999000+00:00,SOLUSDT,182.94000000,185.87000000,175.69000000,176.22000000,3260089.95900000,585480412.15700000,2553489,1617839.54100000,290745460.22482000
2025-08-20T00:00:00+00:00,2025-08-20T23:59:59.999000+00:00,SOLUSDT,176.22000000,187.97000000,176.04000000,187.94000000,3464957.67400000,631568652.47851000,2509424,1726098.66000000,314790784.97878000
2025-08-21T00:00:00+00:00,2025-08-21T23:59:59.999000+00:00,SOLUSDT,187.95000000,190.10000000,179.43000000,180.29000000,2914511.60300000,539342225.23738000,2294252,1489629.60700000,275709435.87059000
2025-08-22T00:00:00+00:00,2025-08-22T23:59:59.999000+00:00,SOLUSDT,180.30000000,202.40000000,177.27000000,200.69000000,6594118.38900000,1256886660.78769000,4028924,3444837.70500000,656638513.18801000
2025-08-23T00:00:00+00:00,2025-08-23T23:59:59.999000+00:00,SOLUSDT,200.69000000,208.62000000,195.26000000,204.14000000,4788640.75900000,973536839.81952000,2877535,2425377.18100000,493498522.82742000
2025-08-24T00:00:00+00:00,2025-08-24T23:59:59.999000+00:00,SOLUSDT,204.15000000,211.99000000,201.09000000,205.98000000,7165649.23800000,1481731932.84565000,4288191,3663666.87400000,758083986.81832000
2025-08-25T00:00:00+00:00,2025-08-25T23:59:59.999000+00:00,SOLUSDT,205.99000000,213.60000000,185.33000000,187.20000000,7953100.75300000,1582418695.44157000,5377684,3746268.35000000,746390673.41468000
2025-08-26T00:00:00+00:00,2025-08-26T23:59:59.999000+00:00,SOLUSDT,187.19000000,198.10000000,185.58000000,195.86000000,4734419.52200000,902012356.43676000,3831434,2382192.60700000,454568019.98624000
2025-08-27T00:00:00+00:00,2025-08-27T23:59:59.999000+00:00,SOLUSDT,195.85000000,212.08000000,193.78000000,202.95000000,7835140.15400000,1604543620.28289000,5143734,4132655.40900000,846890431.55629000
2025-08-28T00:00:00+00:00,2025-08-28T23:59:59.999000+00:00,SOLUSDT,202.95000000,216.89000000,201.72000000,214.43000000,7247306.54600000,1535414273.75746000,3790488,3839942.53800000,813990149.84361000
2025-08-29T00:00:00+00:00,2025-08-29T23:59:59.999000+00:00,SOLUSDT,214.43000000,218.00000000,199.85000000,205.08000000,8607486.59700000,1804668250.00784000,4655834,4284921.17500000,899333433.76943000
2025-08-30T00:00:00+00:00,2025-08-30T23:59:59.999000+00:00,SOLUSDT,205.09000000,207.06000000,197.52000000,202.70000000,3894576.11500000,788507477.60620000,1971665,1755636.34400000,355895867.59353000
2025-08-31T00:00:00+00:00,2025-08-31T23:59:59.999000+00:00,SOLUSDT,202.70000000,206.66000000,200.28000000,200.62000000,3303223.94800000,673804991.87307000,1543137,1690466.49100000,344969787.46698000
2025-09-01T00:00:00+00:00,2025-09-01T23:59:59.999000+00:00,SOLUSDT,200.62000000,204.58000000,194.19000000,197.32000000,4464767.77300000,888774733.51505000,2833944,1892052.01600000,376727139.48723000
2025-09-02T00:00:00+00:00,2025-09-02T23:59:59.999000+00:00,SOLUSDT,197.32000000,209.68000000,196.77000000,209.65000000,4894637.54900000,995253298.23912000,2854002,2697474.88600000,548854090.85319000
2025-09-03T00:00:00+00:00,2025-09-03T23:59:59.999000+00:00,SOLUSDT,209.64000000,213.02000000,207.42000000,210.77000000,4063191.68300000,853869392.70960000,2104093,2185707.13600000,459360011.33567000
2025-09-04T00:00:00+00:00,2025-09-04T23:59:59.999000+00:00,SOLUSDT,210.77000000,211.94000000,201.84000000,202.32000000,2726779.27700000,562140700.46499000,1685149,1294289.77800000,266871225.05078000
2025-09-05T00:00:00+00:00,2025-09-05T23:59:59.999000+00:00,SOLUSDT,202.32000000,210.00000000,200.95000000,203.36000000,4121395.25500000,845694209.95453000,2398880,2046389.37900000,419899384.36700000
2025-09-06T00:00:00+00:00,2025-09-06T23:59:59.999000+00:00,SOLUSDT,203.37000000,204.68000000,199.32000000,200.16000000,1481500.99700000,299268104.11997000,793661,681164.74700000,137685804.84936000
2025-09-07T00:00:00+00:00,2025-09-07T23:59:59.999000+00:00,SOLUSDT,200.17000000,207.95000000,200.12000000,206.35000000,2217510.76300000,452766240.27400000,891331,1156913.80900000,236128365.35046000
2025-09-08T00:00:00+00:00,2025-09-08T23:59:59.999000+00:00,SOLUSDT,206.35000000,217.11000000,205.59000000,214.11000000,5729678.93500000,1218755448.80921000,2394975,3251132.88400000,691179831.01793000
2025-09-09T00:00:00+00:00,2025-09-09T23:59:59.999000+00:00,SOLUSDT,214.11000000,219.79000000,210.79000000,217.21000000,4979304.71300000,1074352909.95500000,2271930,2520698.79300000,544137797.82671000
2025-09-10T00:00:00+00:00,2025-09-10T23:59:59.999000+00:00,SOLUSDT,217.22000000,226.00000000,215.09000000,224.07000000,4824185.21200000,1068145608.20625000,2291606,2546474.24300000,563809228.96357000
2025-09-11T00:00:00+00:00,2025-09-11T23:59:59.999000+00:00,SOLUSDT,224.06000000,228.95000000,221.72000000,228.73000000,4352357.00100000,982824602.60322000,2350356,2369153.59600000,535293920.19147000
2025-09-12T00:00:00+00:00,2025-09-12T23:59:59.999000+00:00,SOLUSDT,228.73000000,244.04000000,228.11000000,242.18000000,5891653.93100000,1401494582.28432000,2743953,3085696.76700000,733916376.80174000
2025-09-13T00:00:00+00:00,2025-09-13T23:59:59.999000+00:00,SOLUSDT,242.18000000,244.14000000,235.73000000,242.38000000,3305661.26500000,797410753.30843000,1663122,1725527.88100000,416591546.71365000
2025-09-14T00:00:00+00:00,2025-09-14T23:59:59.999000+00:00,SOLUSDT,242.38000000,249.60000000,239.23000000,239.76000000,4165171.12800000,1020860755.13829000,2465676,2094369.41500000,513630277.84137000
2025-09-15T00:00:00+00:00,2025-09-15T23:59:59.999000+00:00,SOLUSDT,239.75000000,244.00000000,230.15000000,234.31000000,4733589.61900000,1116796443.80521000,2667457,2368650.80300000,558865770.03500000
2025-09-16T00:00:00+00:00,2025-09-16T23:59:59.999000+00:00,SOLUSDT,234.32000000,240.95000000,231.26000000,236.96000000,3181627.06000000,751087110.05172000,1950517,1706720.67100000,403030347.39980000
2025-09-17T00:00:00+00:00,2025-09-17T23:59:59.999000+00:00,SOLUSDT,236.96000000,246.62000000,232.23000000,244.84000000,4771529.49300000,1131152511.04479000,2695846,2483016.25300000,589107432.37187000
2025-09-18T00:00:00+00:00,2025-09-18T23:59:59.999000+00:00,SOLUSDT,244.84000000,253.51000000,242.58000000,247.50000000,3916890.90800000,969547754.18097000,2112417,2160114.63800000,534966168.06047000
2025-09-19T00:00:00+00:00,2025-09-19T23:59:59.999000+00:00,SOLUSDT,247.50000000,248.57000000,235.12000000,238.53000000,3384985.69800000,816472208.89022000,1817232,1600936.34900000,386322880.95369000
2025-09-20T00:00:00+00:00,2025-09-20T23:59:59.999000+00:00,SOLUSDT,238.53000000,241.22000000,236.91000000,239.48000000,1550489.21500000,370629858.97415000,954135,799562.06400000,191188408.81704000
2025-09-21T00:00:00+00:00,2025-09-21T23:59:59.999000+00:00,SOLUSDT,239.48000000,241.82000000,235.32000000,236.16000000,1392437.97600000,332349583.59001000,1012982,648385.27000000,154795187.04847000
2025-09-22T00:00:00+00:00,2025-09-22T23:59:59.999000+00:00,SOLUSDT,236.16000000,236.96000000,214.50000000,220.38000000,5836593.70300000,1306702324.90479000,2962747,2900078.07000000,649181089.12863000
2025-09-23T00:00:00+00:00,2025-09-23T23:59:59.999000+00:00,SOLUSDT,220.39000000,221.71000000,212.34000000,213.30000000,3448908.46800000,749395007.69619000,2084709,1671872.26100000,363770999.28327000
2025-09-24T00:00:00+00:00,2025-09-24T23:59:59.999000+00:00,SOLUSDT,213.29000000,216.45000000,204.81000000,211.60000000,4427457.52600000,934723852.95988000,2319661,2344079.99300000,494768221.32258000
2025-09-25T00:00:00+00:00,2025-09-25T23:59:59.999000+00:00,SOLUSDT,211.61000000,212.44000000,191.32000000,192.74000000,6761257.29100000,1356874816.64603000,3572335,3075520.35000000,618287017.91409000
2025-09-26T00:00:00+00:00,2025-09-26T23:59:59.999000+00:00,SOLUSDT,192.73000000,205.52000000,190.80000000,205.17000000,5623202.87400000,1107437559.64762000,2949417,3032346.86300000,597863232.69546000
2025-09-27T00:00:00+00:00,2025-09-27T23:59:59.999000+00:00,SOLUSDT,205.16000000,205.43000000,199.88000000,203.46000000,2104933.41500000,426788361.48016000,1142963,1053845.65200000,213666396.18808000
2025-09-28T00:00:00+00:00,2025-09-28T23:59:59.999000+00:00,SOLUSDT,203.47000000,211.00000000,198.00000000,210.83000000,2194260.07400000,447175240.70321000,1301607,1169507.19600000,238733076.79628000
2025-09-29T00:00:00+00:00,2025-09-29T23:59:59.999000+00:00,SOLUSDT,210.83000000,214.74000000,204.58000000,212.75000000,3213098.85100000,674793150.79180000,1908731,1700434.72700000,357305588.43003000
2025-09-30T00:00:00+00:00,2025-09-30T23:59:59.999000+00:00,SOLUSDT,212.74000000,213.67000000,204.29000000,208.68000000,3264781.48500000,679647220.11924000,1922286,1629038.20400000,338974705.59483000
2025-10-01T00:00:00+00:00,2025-10-01T23:59:59.999000+00:00,SOLUSDT,208.68000000,222.77000000,206.31000000,222.04000000,4050260.92100000,873666054.98369000,2119007,2112500.76000000,455862509.31609000
2025-10-02T00:00:00+00:00,2025-10-02T23:59:59.999000+00:00,SOLUSDT,222.04000000,234.99000000,219.52000000,234.74000000,4590696.38800000,1041743948.15148000,2550516,2430897.77200000,552207693.25385000
2025-10-03T00:00:00+00:00,2025-10-03T23:59:59.999000+00:00,SOLUSDT,234.74000000,237.00000000,227.13000000,232.84000000,4216611.61400000,977118748.09201000,2632758,1989446.56000000,461370463.20301000
2025-10-04T00:00:00+00:00,2025-10-04T23:59:59.999000+00:00,SOLUSDT,232.84000000,234.05000000,224.07000000,227.86000000,1841410.60500000,420089668.09435000,1292594,848007.56700000,193529628.25844000
2025-10-05T00:00:00+00:00,2025-10-05T23:59:59.999000+00:00,SOLUSDT,227.86000000,237.22000000,226.45000000,228.56000000,3099633.52600000,718004023.22144000,2035300,1591307.85100000,368654749.82260000
2025-10-06T00:00:00+00:00,2025-10-06T23:59:59.999000+00:00,SOLUSDT,228.56000000,237.79000000,227.55000000,232.35000000,2981928.37500000,696237930.30736000,2186112,1415486.18100000,330542794.76190000
2025-10-07T00:00:00+00:00,2025-10-07T23:59:59.999000+00:00,SOLUSDT,232.35000000,235.21000000,219.70000000,219.97000000,4401045.75700000,999073406.40618000,2553696,1883971.58900000,427720717.77175000
2025-10-08T00:00:00+00:00,2025-10-08T23:59:59.999000+00:00,SOLUSDT,219.98000000,229.72000000,217.30000000,229.02000000,3103760.64500000,692169444.64124000,2154720,1521159.51100000,339467389.20357000
2025-10-09T00:00:00+00:00,2025-10-09T23:59:59.999000+00:00,SOLUSDT,229.03000000,229.69000000,216.53000000,220.93000000,3272953.43100000,728443051.98444000,2359051,1555362.98300000,346194074.20143000
2025-10-10T00:00:00+00:00,2025-10-10T23:59:59.999000+00:00,SOLUSDT,220.93000000,224.46000000,168.79000000,188.43000000,9622835.42900000,1933764147.70444000,5852243,4390741.93700000,881580460.66153000
2025-10-11T00:00:00+00:00,2025-10-11T23:59:59.999000+00:00,SOLUSDT,188.43000000,191.05000000,172.58000000,177.62000000,7292387.24800000,1336674581.83677000,6001725,3467397.90700000,636071998.87581000
2025-10-12T00:00:00+00:00,2025-10-12T23:59:59.999000+00:00,SOLUSDT,177.63000000,199.00000000,173.00000000,197.00000000,6486999.72100000,1212033480.30209000,4248027,3425894.12900000,640165160.34260000
2025-10-13T00:00:00+00:00,2025-10-13T23:59:59.999000+00:00,SOLUSDT,196.99000000,209.28000000,190.02000000,208.69000000,6253161.51100000,1243650930.49898000,3592866,3232556.96200000,643354981.63310000
2025-10-14T00:00:00+00:00,2025-10-14T23:59:59.999000+00:00,SOLUSDT,208.69000000,211.25000000,191.03000000,202.44000000,7349167.87500000,1468181584.29201000,4266429,3571738.91000000,713281510.99216000
2025-10-15T00:00:00+00:00,2025-10-15T23:59:59.999000+00:00,SOLUSDT,202.45000000,208.91000000,192.04000000,193.84000000,5369155.43900000,1077459951.29180000,3462246,2559191.37100000,514572709.50025000
2025-10-16T00:00:00+00:00,2025-10-16T23:59:59.999000+00:00,SOLUSDT,193.84000000,198.42000000,182.03000000,184.85000000,5404640.66300000,1031907451.90110000,3984585,2588038.90700000,494416382.76595000
2025-10-17T00:00:00+00:00,2025-10-17T23:59:59.999000+00:00,SOLUSDT,184.84000000,187.55000000,174.06000000,181.96000000,6102908.87700000,1105131379.71511000,4990043,3079631.79900000,557987347.00983000
2025-10-18T00:00:00+00:00,2025-10-18T23:59:59.999000+00:00,SOLUSDT,181.97000000,188.26000000,181.75000000,187.56000000,2105841.09500000,390464630.80473000,1671152,1082763.10000000,200835932.80495000
2025-10-19T00:00:00+00:00,2025-10-19T23:59:59.999000+00:00,SOLUSDT,187.55000000,192.29000000,183.19000000,187.86000000,2483964.60000000,467903351.76606000,1924138,1248476.86900000,235316481.68095000
2025-10-20T00:00:00+00:00,2025-10-20T23:59:59.999000+00:00,SOLUSDT,187.86000000,194.50000000,183.82000000,189.71000000,3178001.49900000,603125239.27637000,2433576,1619222.02700000,307159843.30883000
2025-10-21T00:00:00+00:00,2025-10-21T23:59:59.999000+00:00,SOLUSDT,189.71000000,197.71000000,182.72000000,185.63000000,4651082.62100000,882667767.13181000,2993729,2158522.06100000,410075309.05155000
2025-10-22T00:00:00+00:00,2025-10-22T23:59:59.999000+00:00,SOLUSDT,185.62000000,187.45000000,177.04000000,180.12000000,3977004.71500000,728436136.60218000,2949085,1937463.51800000,355264696.81051000
2025-10-23T00:00:00+00:00,2025-10-23T23:59:59.999000+00:00,SOLUSDT,180.13000000,193.45000000,179.68000000,191.35000000,3501959.11500000,660476128.42061000,2124848,1737067.65200000,327534397.49002000
2025-10-24T00:00:00+00:00,2025-10-24T23:59:59.999000+00:00,SOLUSDT,191.36000000,197.00000000,188.83000000,193.59000000,3356762.62600000,645504079.80877000,1753520,1673206.91500000,321991930.24826000
2025-10-25T00:00:00+00:00,2025-10-25T23:59:59.999000+00:00,SOLUSDT,193.58000000,195.25000000,191.19000000,193.84000000,1626838.93800000,314665640.87631000,874157,759627.35000000,146905395.87584000
2025-10-26T00:00:00+00:00,2025-10-26T23:59:59.999000+00:00,SOLUSDT,193.84000000,202.43000000,191.90000000,200.03000000,2577750.13000000,509121280.43437000,1351806,1288235.90900000,254676175.88971000
2025-10-27T00:00:00+00:00,2025-10-27T23:59:59.999000+00:00,SOLUSDT,200.03000000,205.33000000,197.34000000,198.70000000,3515609.38700000,708336575.41230000,2185287,1655177.05100000,333516439.74457000
2025-10-28T00:00:00+00:00,2025-10-28T23:59:59.999000+00:00,SOLUSDT,198.71000000,203.99000000,190.22000000,194.15000000,4329169.96100000,859454239.36776000,2719480,2062269.03200000,409836950.39202000
2025-10-29T00:00:00+00:00,2025-10-29T23:59:59.999000+00:00,SOLUSDT,194.16000000,201.70000000,189.37000000,193.88000000,4620887.82900000,904296220.37263000,3083485,2104961.98100000,412094062.62182000
2025-10-30T00:00:00+00:00,2025-10-30T23:59:59.999000+00:00,SOLUSDT,193.89000000,198.19000000,178.65000000,184.69000000,5054538.26300000,951567373.37045000,3681828,2375165.65000000,447162989.26868000
2025-10-31T00:00:00+00:00,2025-10-31T23:59:59.999000+00:00,SOLUSDT,184.69000000,190.26000000,183.70000000,187.21000000,3193393.84000000,595975738.67529000,2136994,1676919.62300000,313116141.94499000
2025-11-01T00:00:00+00:00,2025-11-01T23:59:59.999000+00:00,SOLUSDT,187.21000000,187.55000000,183.79000000,186.35000000,1484505.22000000,276116739.23029000,977810,737045.79300000,137067318.94969000
2025-11-02T00:00:00+00:00,2025-11-02T23:59:59.999000+00:00,SOLUSDT,186.35000000,188.34000000,182.00000000,187.71000000,1761297.55700000,326634314.33352000,1245796,887277.83700000,164646160.44819000
2025-11-03T00:00:00+00:00,2025-11-03T23:59:59.999000+00:00,SOLUSDT,187.71000000,189.13000000,163.15000000,166.06000000,7327613.06300000,1264049328.01724000,3910583,3337771.15200000,575999147.16900000
2025-11-04T00:00:00+00:00,2025-11-04T23:59:59.999000+00:00,SOLUSDT,166.06000000,168.42000000,145.85000000,155.03000000,8288577.56500000,1304788600.22890000,5573905,4105832.68200000,647241823.65151000
2025-11-05T00:00:00+00:00,2025-11-05T23:59:59.999000+00:00,SOLUSDT,155.04000000,163.97000000,147.29000000,162.37000000,4650531.68800000,731570306.64341000,3444083,2395791.52100000,377263431.01647000
2025-11-06T00:00:00+00:00,2025-11-06T23:59:59.999000+00:00,SOLUSDT,162.37000000,162.91000000,153.45000000,155.28000000,3576753.32700000,566130762.86118000,2732485,1700925.87100000,269316674.68073000
2025-11-07T00:00:00+00:00,2025-11-07T23:59:59.999000+00:00,SOLUSDT,155.27000000,164.48000000,149.82000000,161.79000000,4213077.97200000,661451643.57886000,3662708,2180968.09200000,342240397.26796000
2025-11-08T00:00:00+00:00,2025-11-08T23:59:59.999000+00:00,SOLUSDT,161.80000000,164.89000000,155.80000000,158.02000000,2502927.24000000,399996303.16123000,1841390,1156642.54600000,184916260.77013000
2025-11-09T00:00:00+00:00,2025-11-09T23:59:59.999000+00:00,SOLUSDT,158.01000000,166.57000000,155.11000000,164.53000000,3231789.57500000,520708062.09549000,1970862,1726815.37900000,278546109.88247000
2025-11-10T00:00:00+00:00,2025-11-10T23:59:59.999000+00:00,SOLUSDT,164.53000000,170.48000000,163.42000000,167.31000000,3628961.12600000,607111109.27836000,2502580,1661117.36500000,278070013.25858000
2025-11-11T00:00:00+00:00,2025-11-11T23:59:59.999000+00:00,SOLUSDT,167.31000000,171.94000000,153.93000000,154.63000000,4702104.21300000,766449925.55292000,2677284,2103700.28900000,343312638.75657000
2025-11-12T00:00:00+00:00,2025-11-12T23:59:59.999000+00:00,SOLUSDT,154.63000000,161.14000000,151.20000000,153.42000000,4139205.46700000,645568636.51880000,2512619,1891356.67700000,294919770.80986000
2025-11-13T00:00:00+00:00,2025-11-13T23:59:59.999000+00:00,SOLUSDT,153.43000000,157.20000000,141.04000000,144.73000000,5418189.69700000,812546000.91323000,3262498,2669826.26800000,400356743.08084000
2025-11-14T00:00:00+00:00,2025-11-14T23:59:59.999000+00:00,SOLUSDT,144.74000000,145.68000000,135.76000000,138.92000000,6176425.14700000,871175641.33120000,4481602,2954405.84500000,416674101.98472000
2025-11-15T00:00:00+00:00,2025-11-15T23:59:59.999000+00:00,SOLUSDT,138.93000000,144.69000000,138.61000000,139.61000000,2351478.02200000,332993047.78325000,1548121,1215575.88600000,172119986.66110000
2025-11-16T00:00:00+00:00,2025-11-16T23:59:59.999000+00:00,SOLUSDT,139.60000000,143.38000000,134.42000000,137.17000000,3385434.28400000,468359686.65837000,2470289,1619328.95100000,224201649.45952000
2025-11-17T00:00:00+00:00,2025-11-17T23:59:59.999000+00:00,SOLUSDT,137.17000000,143.28000000,128.82000000,130.99000000,5624720.77500000,766512711.10863000,3486901,2856236.36200000,389196967.05988000
2025-11-18T00:00:00+00:00,2025-11-18T23:59:59.999000+00:00,SOLUSDT,131.00000000,142.17000000,129.00000000,140.69000000,5528848.81000000,757005300.54720000,3294195,2878693.81900000,394426803.93910000
2025-11-19T00:00:00+00:00,2025-11-19T23:59:59.999000+00:00,SOLUSDT,140.68000000,142.84000000,130.53000000,137.06000000,4268467.04400000,583711754.90350000,2768770,2025649.55300000,277083447.06079000
2025-11-20T00:00:00+00:00,2025-11-20T23:59:59.999000+00:00,SOLUSDT,137.06000000,144.80000000,131.11000000,133.67000000,7048254.22400000,972668410.79627000,3544605,3512012.72400000,484199926.05163000
2025-11-21T00:00:00+00:00,2025-11-21T23:59:59.999000+00:00,SOLUSDT,133.67000000,135.06000000,121.66000000,128.68000000,8285885.69300000,1059214775.74427000,5098676,3956809.20000000,505744622.07270000
2025-11-22T00:00:00+00:00,2025-11-22T23:59:59.999000+00:00,SOLUSDT,128.69000000,129.94000000,125.08000000,127.59000000,2612487.85900000,332301149.10065000,1893811,1347120.48100000,171366016.03107000
2025-11-23T00:00:00+00:00,2025-11-23T23:59:59.999000+00:00,SOLUSDT,127.60000000,133.54000000,127.56000000,130.58000000,2818715.19000000,368727256.45107000,1686146,1506627.68900000,197175782.38814000
2025-11-24T00:00:00+00:00,2025-11-24T23:59:59.999000+00:00,SOLUSDT,130.58000000,139.87000000,128.44000000,138.44000000,4744857.04600000,632869856.70086000,2659938,2276135.29500000,303450523.89220000
2025-11-25T00:00:00+00:00,2025-11-25T23:59:59.999000+00:00,SOLUSDT,138.43000000,140.50000000,133.13000000,138.96000000,2994819.85300000,409226323.33044000,2110444,1420037.01700000,194241801.42398000
2025-11-26T00:00:00+00:00,2025-11-26T23:59:59.999000+00:00,SOLUSDT,138.96000000,144.75000000,135.50000000,143.02000000,4021862.67000000,562094537.22552000,2100192,1886595.62400000,263450272.31572000
2025-11-27T00:00:00+00:00,2025-11-27T23:59:59.999000+00:00,SOLUSDT,143.01000000,144.29000000,140.47000000,140.85000000,2331673.18900000,331918081.73149000,1218711,1158259.66200000,164844366.92401000
2025-11-28T00:00:00+00:00,2025-11-28T23:59:59.999000+00:00,SOLUSDT,140.85000000,143.60000000,136.01000000,137.33000000,3502510.03100000,490598696.88363000,1614078,1714576.89600000,240463680.13399000
2025-11-29T00:00:00+00:00,2025-11-29T23:59:59.999000+00:00,SOLUSDT,137.33000000,138.10000000,134.76000000,135.91000000,1859321.17100000,254173125.62851000,749092,815022.40800000,111395094.81332000
2025-11-30T00:00:00+00:00,2025-11-30T23:59:59.999000+00:00,SOLUSDT,135.92000000,140.19000000,133.26000000,133.48000000,2608165.32900000,357882224.67243000,991552,1170667.57100000,160729812.70821000
2025-12-01T00:00:00+00:00,2025-12-01T23:59:59.999000+00:00,SOLUSDT,133.48000000,133.74000000,123.11000000,126.66000000,5007504.05700000,635198829.37354000,2539012,2414287.70800000,306111931.02272000
2025-12-02T00:00:00+00:00,2025-12-02T23:59:59.999000+00:00,SOLUSDT,126.66000000,140.88000000,126.01000000,138.68000000,5022856.74700000,675106831.85339000,2502692,2542106.45900000,340662911.60813000
2025-12-03T00:00:00+00:00,2025-12-03T23:59:59.999000+00:00,SOLUSDT,138.67000000,146.08000000,137.76000000,144.67000000,3954144.80500000,560511341.40006000,2140894,2059434.53300000,292176548.97666000
2025-12-04T00:00:00+00:00,2025-12-04T23:59:59.999000+00:00,SOLUSDT,144.67000000,146.91000000,137.80000000,139.01000000,2694242.24100000,383629221.93813000,1819447,1288391.31700000,183480458.32498000
2025-12-05T00:00:00+00:00,2025-12-05T23:59:59.999000+00:00,SOLUSDT,139.01000000,140.75000000,130.73000000,133.29000000,3367359.14300000,457172027.12608000,1904907,1710078.63500000,232061653.70566000
2025-12-06T00:00:00+00:00,2025-12-06T23:59:59.999000+00:00,SOLUSDT,133.29000000,134.13000000,131.28000000,132.19000000,1341595.43100000,178276609.96260000,893052,668326.89500000,88826441.27074000
2025-12-07T00:00:00+00:00,2025-12-07T23:59:59.999000+00:00,SOLUSDT,132.20000000,136.35000000,127.70000000,132.24000000,3131804.49100000,413797116.36681000,1814091,1510555.51700000,199613207.11372000
2025-12-08T00:00:00+00:00,2025-12-08T23:59:59.999000+00:00,SOLUSDT,132.25000000,139.36000000,131.52000000,133.25000000,3245115.42600000,440265638.92837000,2042892,1666582.47700000,225925685.64272000
2025-12-09T00:00:00+00:00,2025-12-09T23:59:59.999000+00:00,SOLUSDT,133.24000000,144.93000000,131.62000000,137.88000000,4508522.03400000,623533690.78880000,2422599,2211760.74300000,305879703.53315000
2025-12-10T00:00:00+00:00,2025-12-10T23:59:59.999000+00:00,SOLUSDT,137.87000000,142.57000000,135.39000000,136.26000000,4520230.27600000,624546006.02724000,2617344,2287647.22600000,316218788.98510000
2025-12-11T00:00:00+00:00,2025-12-11T23:59:59.999000+00:00,SOLUSDT,136.26000000,137.79000000,129.00000000,136.41000000,4377697.03600000,581262368.19525000,2353342,2061905.44600000,273749386.29795000
2025-12-12T00:00:00+00:00,2025-12-12T23:59:59.999000+00:00,SOLUSDT,136.41000000,140.12000000,130.35000000,132.27000000,4005608.26200000,542914566.18940000,2200099,2010331.56500000,272691790.16823000
2025-12-13T00:00:00+00:00,2025-12-13T23:59:59.999000+00:00,SOLUSDT,132.28000000,134.28000000,131.60000000,133.14000000,1472483.73500000,195790564.90788000,667045,694047.11800000,92243590.77562000
2025-12-14T00:00:00+00:00,2025-12-14T23:59:59.999000+00:00,SOLUSDT,133.13000000,133.66000000,127.98000000,129.40000000,1731614.63700000,227172804.50155000,961625,796819.69800000,104590641.23822000
2025-12-15T00:00:00+00:00,2025-12-15T23:59:59.999000+00:00,SOLUSDT,129.39000000,135.43000000,123.63000000,127.81000000,3922431.00000000,505572419.27462000,2137229,1985013.14100000,255671011.64546000
2025-12-16T00:00:00+00:00,2025-12-16T23:59:59.999000+00:00,SOLUSDT,127.81000000,130.14000000,124.87000000,129.15000000,2884783.99800000,368318615.17013000,1843584,1399666.01400000,178835356.04512000
2025-12-17T00:00:00+00:00,2025-12-17T23:59:59.999000+00:00,SOLUSDT,129.15000000,133.99000000,121.36000000,123.27000000,4525580.21600000,574312574.39112000,2357854,2252925.06200000,285684022.61838000
2025-12-18T00:00:00+00:00,2025-12-18T23:59:59.999000+00:00,SOLUSDT,123.28000000,129.05000000,116.88000000,119.60000000,4790795.00800000,589276513.97563000,2419617,2455733.51400000,302049648.46607000
2025-12-19T00:00:00+00:00,2025-12-19T23:59:59.999000+00:00,SOLUSDT,119.60000000,127.87000000,117.61000000,126.27000000,4090548.59200000,508624593.21844000,2082071,2067556.90000000,257066193.76342000
2025-12-20T00:00:00+00:00,2025-12-20T23:59:59.999000+00:00,SOLUSDT,126.27000000,126.89000000,125.30000000,125.81000000,1229353.58600000,155070613.06539000,488206,570925.59400000,72008369.97456000
2025-12-21T00:00:00+00:00,2025-12-21T23:59:59.999000+00:00,SOLUSDT,125.80000000,126.62000000,123.40000000,126.03000000,1812103.18900000,227009325.56382000,839564,888951.25100000,111369881.77771000
2025-12-22T00:00:00+00:00,2025-12-22T23:59:59.999000+00:00,SOLUSDT,126.03000000,128.78000000,124.20000000,125.93000000,2667589.14600000,337356985.61644000,1282063,1390774.26700000,175861805.76560000
2025-12-23T00:00:00+00:00,2025-12-23T23:59:59.999000+00:00,SOLUSDT,125.93000000,126.93000000,122.16000000,124.01000000,2440030.87200000,303158690.00044000,1214338,1172899.45200000,145753935.76107000
2025-12-24T00:00:00+00:00,2025-12-24T23:59:59.999000+00:00,SOLUSDT,124.02000000,124.30000000,120.63000000,122.53000000,1605450.49800000,196266334.88911000,891219,824072.23700000,100754938.70787000
2025-12-25T00:00:00+00:00,2025-12-25T23:59:59.999000+00:00,SOLUSDT,122.52000000,124.46000000,119.71000000,120.06000000,1818325.14800000,222666013.39610000,620763,889311.86000000,108873707.02848000
2025-12-26T00:00:00+00:00,2025-12-26T23:59:59.999000+00:00,SOLUSDT,120.05000000,125.14000000,119.24000000,122.26000000,3326516.56200000,407793789.60080000,1242795,1709921.31000000,209642848.22210000
2025-12-27T00:00:00+00:00,2025-12-27T23:59:59.999000+00:00,SOLUSDT,122.27000000,125.08000000,121.86000000,124.73000000,1357802.11200000,167427635.64651000,458614,705415.06000000,86930063.87465000
2025-12-28T00:00:00+00:00,2025-12-28T23:59:59.999000+00:00,SOLUSDT,124.74000000,125.64000000,123.08000000,125.27000000,1828960.45100000,227049720.92228000,519293,1001153.63400000,124250283.18544000
2025-12-29T00:00:00+00:00,2025-12-29T23:59:59.999000+00:00,SOLUSDT,125.27000000,130.16000000,122.36000000,123.28000000,4307595.10500000,543723304.50905000,1525275,2170738.71600000,273979551.00564000
2025-12-30T00:00:00+00:00,2025-12-30T23:59:59.999000+00:00,SOLUSDT,123.28000000,126.52000000,122.58000000,125.01000000,2480631.51600000,308730777.48262000,955705,1282143.24100000,159510270.29718000
2025-12-31T00:00:00+00:00,2025-12-31T23:59:59.999000+00:00,SOLUSDT,125.02000000,132.75000000,122.99000000,124.65000000,2941643.65800000,368493594.69384000,966712,1511491.26800000,189642368.75779000
2026-01-01T00:00:00+00:00,2026-01-01T23:59:59.999000+00:00,SOLUSDT,124.64000000,127.25000000,124.15000000,126.90000000,1733664.97800000,217068948.15615000,515257,852972.09200000,106762286.53978000
2026-01-02T00:00:00+00:00,2026-01-02T23:59:59.999000+00:00,SOLUSDT,126.91000000,133.25000000,125.84000000,132.29000000,2924227.37200000,378213187.58117000,1348954,1522741.33100000,197011254.76109000
2026-01-03T00:00:00+00:00,2026-01-03T23:59:59.999000+00:00,SOLUSDT,132.28000000,133.99000000,129.60000000,133.37000000,1520623.49900000,200295921.55764000,637040,750641.79500000,98885456.69177000
2026-01-04T00:00:00+00:00,2026-01-04T23:59:59.999000+00:00,SOLUSDT,133.37000000,135.54000000,133.12000000,134.12000000,1809269.11300000,242985169.55108000,892859,891018.31500000,119678269.92305000
2026-01-05T00:00:00+00:00,2026-01-05T23:59:59.999000+00:00,SOLUSDT,134.12000000,139.87000000,133.18000000,137.90000000,3327567.48400000,452911084.26412000,1633145,1712601.55600000,233186865.57190000
2026-01-06T00:00:00+00:00,2026-01-06T23:59:59.999000+00:00,SOLUSDT,137.91000000,143.48000000,136.19000000,141.08000000,3771795.11700000,526491231.98020000,1877400,1879675.86800000,262463139.66856000
2026-01-07T00:00:00+00:00,2026-01-07T23:59:59.999000+00:00,SOLUSDT,141.08000000,141.40000000,134.41000000,136.39000000,2321642.17800000,319140449.80578000,1424664,1134923.82000000,155994779.50557000
2026-01-08T00:00:00+00:00,2026-01-08T23:59:59.999000+00:00,SOLUSDT,136.39000000,140.07000000,132.67000000,138.37000000,3113437.83500000,425211873.06351000,1555663,1570298.60800000,214666999.43402000
2026-01-09T00:00:00+00:00,2026-01-09T23:59:59.999000+00:00,SOLUSDT,138.37000000,141.17000000,134.98000000,135.97000000,3778547.99600000,522670162.73951000,1559427,1915953.78200000,265155364.55501000
2026-01-10T00:00:00+00:00,2026-01-10T23:59:59.999000+00:00,SOLUSDT,135.96000000,137.05000000,135.37000000,135.84000000,1000837.00400000,136346330.79801000,419628,495750.86000000,67555492.87677000
2026-01-11T00:00:00+00:00,2026-01-11T23:59:59.999000+00:00,SOLUSDT,135.85000000,141.60000000,135.75000000,139.70000000,2209913.20600000,306185406.75845000,857832,1211661.37100000,167843183.06150000
2026-01-12T00:00:00+00:00,2026-01-12T23:59:59.999000+00:00,SOLUSDT,139.69000000,144.40000000,138.34000000,139.22000000,4160120.09100000,587559710.04060000,1815385,2063458.50200000,291426405.76436000
2026-01-13T00:00:00+00:00,2026-01-13T23:59:59.999000+00:00,SOLUSDT,139.21000000,148.74000000,137.82000000,145.51000000,4195082.46800000,598713149.38546000,1781041,2143169.55000000,306018905.51120000
2026-01-14T00:00:00+00:00,2026-01-14T23:59:59.999000+00:00,SOLUSDT,145.52000000,148.44000000,143.37000000,146.69000000,3695077.37800000,539088197.85762000,1481363,1801988.73700000,262899754.78901000
2026-01-15T00:00:00+00:00,2026-01-15T23:59:59.999000+00:00,SOLUSDT,146.70000000,146.73000000,140.90000000,142.40000000,2462143.13900000,354149725.74563000,1301300,1160862.14200000,167000685.09015000
2026-01-16T00:00:00+00:00,2026-01-16T23:59:59.999000+00:00,SOLUSDT,142.41000000,145.55000000,140.26000000,144.89000000,1900879.02600000,271758949.58215000,1014424,919897.25200000,131586127.51626000
2026-01-17T00:00:00+00:00,2026-01-17T23:59:59.999000+00:00,SOLUSDT,144.90000000,144.99000000,143.32000000,143.72000000,835154.76100000,120390445.12905000,392089,412414.64200000,59436114.22214000
2026-01-18T00:00:00+00:00,2026-01-18T23:59:59.999000+00:00,SOLUSDT,143.73000000,144.00000000,137.74000000,137.87000000,1877438.69800000,266417011.22107000,712971,837209.50700000,118865737.74182000
2026-01-19T00:00:00+00:00,2026-01-19T23:59:59.999000+00:00,SOLUSDT,137.87000000,137.87000000,130.00000000,133.44000000,2972524.77000000,397766014.10622000,1113535,1483332.48600000,198479144.56028000
2026-01-20T00:00:00+00:00,2026-01-20T23:59:59.999000+00:00,SOLUSDT,133.44000000,134.63000000,124.68000000,125.80000000,3532423.88000000,456200360.19412000,1665250,1594052.78800000,205966083.47806000
2026-01-21T00:00:00+00:00,2026-01-21T23:59:59.999000+00:00,SOLUSDT,125.81000000,132.17000000,125.26000000,129.54000000,3161736.36000000,406727656.32141000,1568002,1657610.92000000,213332539.25012000
2026-01-22T00:00:00+00:00,2026-01-22T23:59:59.999000+00:00,SOLUSDT,129.53000000,130.94000000,126.73000000,128.47000000,1811586.46200000,233570687.82335000,1016749,905017.04200000,116761376.93617000
2026-01-23T00:00:00+00:00,2026-01-23T23:59:59.999000+00:00,SOLUSDT,128.47000000,130.20000000,125.28000000,127.43000000,2044063.07700000,261243943.98141000,1068593,1074378.35700000,137350250.13854000
2026-01-24T00:00:00+00:00,2026-01-24T23:59:59.999000+00:00,SOLUSDT,127.43000000,128.12000000,126.64000000,127.21000000,807419.99500000,102804908.33679000,331896,367986.14600000,46858118.34194000
2026-01-25T00:00:00+00:00,2026-01-25T23:59:59.999000+00:00,SOLUSDT,127.22000000,127.46000000,117.15000000,118.85000000,4540879.44900000,549164530.09031000,1232391,2403987.33100000,289868386.06575000
2026-01-26T00:00:00+00:00,2026-01-26T23:59:59.999000+00:00,SOLUSDT,118.85000000,125.60000000,118.53000000,124.24000000,2355751.36300000,289767656.39401000,1187889,1159271.55500000,142564894.85725000
2026-01-27T00:00:00+00:00,2026-01-27T23:59:59.999000+00:00,SOLUSDT,124.24000000,127.84000000,123.12000000,127.19000000,2036509.04200000,255047826.37975000,1006079,1012080.68000000,126769803.88212000
2026-01-28T00:00:00+00:00,2026-01-28T23:59:59.999000+00:00,SOLUSDT,127.18000000,128.34000000,124.78000000,125.35000000,1997863.52800000,252933659.86287000,1065285,990296.27300000,125371156.37357000
2026-01-29T00:00:00+00:00,2026-01-29T23:59:59.999000+00:00,SOLUSDT,125.34000000,125.51000000,115.39000000,117.82000000,3730613.47300000,444597605.45512000,1444201,1863128.83400000,221882904.25408000
2026-01-30T00:00:00+00:00,2026-01-30T23:59:59.999000+00:00,SOLUSDT,117.82000000,119.12000000,112.14000000,117.59000000,4761006.74200000,552023487.13287000,1991218,2428166.26600000,281723546.20711000
2026-01-31T00:00:00+00:00,2026-01-31T23:59:59.999000+00:00,SOLUSDT,117.60000000,118.85000000,96.40000000,105.58000000,8567398.32600000,920582075.30101000,3248600,4092929.32700000,439148658.16365000
2026-02-01T00:00:00+00:00,2026-02-01T23:59:59.999000+00:00,SOLUSDT,105.58000000,106.69000000,98.02000000,100.79000000,4204256.05100000,432839562.25445000,2202213,2052275.13600000,211365615.68208000
2026-02-02T00:00:00+00:00,2026-02-02T23:59:59.999000+00:00,SOLUSDT,100.78000000,106.12000000,95.95000000,104.55000000,5574032.68100000,566609041.93448000,2856979,2663023.90200000,270961165.60310000
2026-02-03T00:00:00+00:00,2026-02-03T23:59:59.999000+00:00,SOLUSDT,104.54000000,105.10000000,96.64000000,97.89000000,4514018.11500000,455865168.22654000,2135637,2227613.32500000,225044546.37139000
2026-02-04T00:00:00+00:00,2026-02-04T23:59:59.999000+00:00,SOLUSDT,97.89000000,99.67000000,89.30000000,92.12000000,6251459.37100000,589863839.90233000,2940009,3095939.21600000,291853541.48574000
2026-02-05T00:00:00+00:00,2026-02-05T23:59:59.999000+00:00,SOLUSDT,92.11000000,93.43000000,77.60000000,78.35000000,10243355.48000000,874788983.51127000,4871571,4836738.92100000,413637350.22663000
2026-02-06T00:00:00+00:00,2026-02-06T23:59:59.999000+00:00,SOLUSDT,78.34000000,89.84000000,67.50000000,87.46000000,11811095.76600000,944308125.32202000,3980604,5773154.78500000,462251411.25519000
2026-02-07T00:00:00+00:00,2026-02-07T23:59:59.999000+00:00,SOLUSDT,87.45000000,89.20000000,84.16000000,87.59000000,4486649.48000000,389575196.26258000,1746041,2188177.05100000,190057629.82127000
2026-02-08T00:00:00+00:00,2026-02-08T23:59:59.999000+00:00,SOLUSDT,87.59000000,89.08000000,85.77000000,86.99000000,2534998.68300000,222107656.10678000,1040850,1312312.59300000,115049175.17828000
2026-02-09T00:00:00+00:00,2026-02-09T23:59:59.999000+00:00,SOLUSDT,86.99000000,88.69000000,82.86000000,86.77000000,3667652.41600000,315211863.58337000,1641253,1730490.08100000,148560836.85899000
2026-02-10T00:00:00+00:00,2026-02-10T23:59:59.999000+00:00,SOLUSDT,86.77000000,87.49000000,81.91000000,82.99000000,2975212.10500000,251317963.78963000,1118002,1398749.37200000,118133697.38029000
2026-02-11T00:00:00+00:00,2026-02-11T23:59:59.999000+00:00,SOLUSDT,82.99000000,84.39000000,78.04000000,79.30000000,3814913.32000000,308205411.26465000,1519961,1909861.39500000,154266257.00822000
2026-02-12T00:00:00+00:00,2026-02-12T23:59:59.999000+00:00,SOLUSDT,79.31000000,82.25000000,76.60000000,78.40000000,3196230.11700000,254145719.77685000,1324436,1622269.94800000,128982663.06688000
2026-02-13T00:00:00+00:00,2026-02-13T23:59:59.999000+00:00,SOLUSDT,78.39000000,85.63000000,77.53000000,84.33000000,3370390.27200000,275784441.45232000,1245544,1651859.71300000,135221552.41331000
2026-02-14T00:00:00+00:00,2026-02-14T23:59:59.999000+00:00,SOLUSDT,84.34000000,88.90000000,84.21000000,88.06000000,2698607.21500000,234370543.10908000,771870,1378612.07900000,119689039.54642000
2026-02-15T00:00:00+00:00,2026-02-15T23:59:59.999000+00:00,SOLUSDT,88.06000000,91.26000000,84.89000000,86.16000000,3929085.40000000,346250701.78011000,1210120,1880755.57400000,165906867.63736000
2026-02-16T00:00:00+00:00,2026-02-16T23:59:59.999000+00:00,SOLUSDT,86.15000000,86.93000000,82.55000000,86.45000000,3559751.81100000,302546627.54411000,1097748,1807368.41300000,153613095.65530000
2026-02-17T00:00:00+00:00,2026-02-17T23:59:59.999000+00:00,SOLUSDT,86.45000000,87.69000000,82.92000000,85.08000000,2774655.86500000,235673494.40328000,1064339,1385557.16500000,117665694.65988000
2026-02-18T00:00:00+00:00,2026-02-18T23:59:59.999000+00:00,SOLUSDT,85.09000000,86.09000000,80.48000000,81.61000000,3137603.97000000,261289831.68580000,1026899,1549834.07100000,129067557.82814000
2026-02-19T00:00:00+00:00,2026-02-19T23:59:59.999000+00:00,SOLUSDT,81.61000000,82.67000000,79.61000000,82.50000000,2848277.49000000,231385778.97627000,946105,1441047.46100000,117015965.07576000
2026-02-20T00:00:00+00:00,2026-02-20T23:59:59.999000+00:00,SOLUSDT,82.50000000,85.49000000,81.77000000,84.67000000,3754556.75900000,314351728.47640000,1184887,1792745.47300000,150107101.72758000
2026-02-21T00:00:00+00:00,2026-02-21T23:59:59.999000+00:00,SOLUSDT,84.68000000,86.72000000,83.97000000,85.17000000,1780748.86200000,152190722.00216000,501200,853621.90100000,72985051.55797000
2026-02-22T00:00:00+00:00,2026-02-22T23:59:59.999000+00:00,SOLUSDT,85.17000000,85.60000000,82.48000000,82.79000000,1798852.59600000,151392933.93976000,478017,884360.62900000,74389753.12978000
2026-02-23T00:00:00+00:00,2026-02-23T23:59:59.999000+00:00,SOLUSDT,82.80000000,82.85000000,77.15000000,77.90000000,5163373.38300000,407884335.70471000,1508435,2566537.65400000,202627289.80864000
2026-02-24T00:00:00+00:00,2026-02-24T23:59:59.999000+00:00,SOLUSDT,77.91000000,79.62000000,75.63000000,78.99000000,3592828.37600000,278002990.95160000,1232135,1792005.52400000,138724741.12602000
2026-02-25T00:00:00+00:00,2026-02-25T23:59:59.999000+00:00,SOLUSDT,78.99000000,92.10000000,78.73000000,88.06000000,5632749.41500000,481433269.20429000,2076213,2958342.23200000,252975761.95210000
2026-02-26T00:00:00+00:00,2026-02-26T23:59:59.999000+00:00,SOLUSDT,88.05000000,89.27000000,84.34000000,85.91000000,3356890.97900000,292271358.94249000,1381041,1672944.87100000,145700308.15216000
2026-02-27T00:00:00+00:00,2026-02-27T23:59:59.999000+00:00,SOLUSDT,85.91000000,88.29000000,80.32000000,81.85000000,3370499.35900000,282372399.31505000,1290836,1608089.53700000,134784346.90712000
2026-02-28T00:00:00+00:00,2026-02-28T23:59:59.999000+00:00,SOLUSDT,81.84000000,85.65000000,77.12000000,84.35000000,4737699.87900000,381018103.31188000,1652423,2316943.66900000,186421271.38615000
2026-03-01T00:00:00+00:00,2026-03-01T23:59:59.999000+00:00,SOLUSDT,84.35000000,88.90000000,81.69000000,83.60000000,4435194.22200000,379704573.89707000,1639105,2143442.21700000,183460439.54458000
2026-03-02T00:00:00+00:00,2026-03-02T23:59:59.999000+00:00,SOLUSDT,83.61000000,90.29000000,82.37000000,86.64000000,5123433.26000000,441466075.27522000,2012450,2558006.60400000,220640542.48227000
2026-03-03T00:00:00+00:00,2026-03-03T23:59:59.999000+00:00,SOLUSDT,86.65000000,87.46000000,82.50000000,86.97000000,4136742.74500000,352407982.68373000,1899723,2088429.65000000,177974246.72660000
2026-03-04T00:00:00+00:00,2026-03-04T23:59:59.999000+00:00,SOLUSDT,86.98000000,94.05000000,84.78000000,90.85000000,6329931.38300000,569095803.57597000,2311936,3204724.31800000,288370605.10890000
2026-03-05T00:00:00+00:00,2026-03-05T23:59:59.999000+00:00,SOLUSDT,90.86000000,92.96000000,87.91000000,88.77000000,3753710.60800000,338381026.60303000,1560359,1826589.83100000,164679092.65204000
2026-03-06T00:00:00+00:00,2026-03-06T23:59:59.999000+00:00,SOLUSDT,88.78000000,89.31000000,83.64000000,84.70000000,3135324.64200000,270442360.96293000,1074615,1431065.02500000,123507840.76447000
2026-03-07T00:00:00+00:00,2026-03-07T23:59:59.999000+00:00,SOLUSDT,84.69000000,85.07000000,82.28000000,83.22000000,1465281.72100000,122963798.86816000,449215,717082.46200000,60206538.08481000
2026-03-08T00:00:00+00:00,2026-03-08T23:59:59.999000+00:00,SOLUSDT,83.22000000,84.13000000,80.26000000,81.59000000,2102965.68700000,172996198.81307000,874561,1060648.59800000,87336218.82438000
2026-03-09T00:00:00+00:00,2026-03-09T23:59:59.999000+00:00,SOLUSDT,81.60000000,87.06000000,81.54000000,84.96000000,3594057.28900000,303762981.41433000,1435938,1842761.96000000,155732990.04278000
2026-03-10T00:00:00+00:00,2026-03-10T23:59:59.999000+00:00,SOLUSDT,84.95000000,88.80000000,84.83000000,85.88000000,3643895.13400000,315747627.25955000,1345421,1804358.79500000,156407580.46178000
2026-03-11T00:00:00+00:00,2026-03-11T23:59:59.999000+00:00,SOLUSDT,85.88000000,88.09000000,84.36000000,86.58000000,3182175.73900000,274584022.30669000,1160083,1642729.60400000,141774279.71997000
2026-03-12T00:00:00+00:00,2026-03-12T23:59:59.999000+00:00,SOLUSDT,86.58000000,87.69000000,84.72000000,86.84000000,2913681.14800000,251461590.54647000,1011244,1514674.76200000,130735620.26902000
2026-03-13T00:00:00+00:00,2026-03-13T23:59:59.999000+00:00,SOLUSDT,86.83000000,92.98000000,86.71000000,88.18000000,4940378.61700000,444382862.34735000,1573489,2461290.95700000,221406561.65744000
2026-03-14T00:00:00+00:00,2026-03-14T23:59:59.999000+00:00,SOLUSDT,88.17000000,88.71000000,86.51000000,88.03000000,1498143.03900000,131023050.50446000,452790,752963.05800000,65819985.83125000
2026-03-15T00:00:00+00:00,2026-03-15T23:59:59.999000+00:00,SOLUSDT,88.04000000,93.23000000,87.36000000,92.30000000,2614547.10500000,234767488.50501000,884525,1425868.52400000,128121333.86646000
2026-03-16T00:00:00+00:00,2026-03-16T23:59:59.999000+00:00,SOLUSDT,92.31000000,97.68000000,91.18000000,96.20000000,5621650.62100000,528050134.14179000,1713091,2939860.34400000,276308189.64255000
2026-03-17T00:00:00+00:00,2026-03-17T23:59:59.999000+00:00,SOLUSDT,96.19000000,96.95000000,93.15000000,94.62000000,2833557.58600000,268101714.95452000,1112613,1375922.32200000,130285773.10802000
2026-03-18T00:00:00+00:00,2026-03-18T23:59:59.999000+00:00,SOLUSDT,94.61000000,95.65000000,88.55000000,90.08000000,3293861.55800000,300917405.38526000,1252844,1605377.89300000,146544025.07621000
2026-03-19T00:00:00+00:00,2026-03-19T23:59:59.999000+00:00,SOLUSDT,90.07000000,91.41000000,87.00000000,88.89000000,2609542.92400000,232099704.87992000,969701,1320188.03700000,117437250.68552000
2026-03-20T00:00:00+00:00,2026-03-20T23:59:59.999000+00:00,SOLUSDT,88.90000000,90.45000000,88.13000000,89.84000000,2201411.53800000,196421070.04267000,829967,1141148.70600000,101841900.05510000
2026-03-21T00:00:00+00:00,2026-03-21T23:59:59.999000+00:00,SOLUSDT,89.85000000,90.81000000,87.14000000,87.56000000,1241845.22500000,111256092.32793000,430506,589404.90400000,52823146.38536000
2026-03-22T00:00:00+00:00,2026-03-22T23:59:59.999000+00:00,SOLUSDT,87.55000000,89.20000000,85.14000000,86.20000000,2138087.13100000,186560079.07073000,792987,1065007.56200000,92967551.62580000
2026-03-23T00:00:00+00:00,2026-03-23T23:59:59.999000+00:00,SOLUSDT,86.21000000,92.26000000,85.11000000,91.43000000,4561706.38800000,408668711.98439000,1666603,2388137.44200000,214071488.82523000
2026-03-24T00:00:00+00:00,2026-03-24T23:59:59.999000+00:00,SOLUSDT,91.44000000,92.22000000,88.42000000,90.80000000,3086042.52600000,278959551.29154000,1020843,1573214.53800000,142300286.21540000
2026-03-25T00:00:00+00:00,2026-03-25T23:59:59.999000+00:00,SOLUSDT,90.80000000,93.47000000,90.71000000,91.70000000,2652534.79800000,244373310.11937000,844728,1385531.89100000,127648577.52073000
2026-03-26T00:00:00+00:00,2026-03-26T23:59:59.999000+00:00,SOLUSDT,91.70000000,91.98000000,85.45000000,86.53000000,3566192.73600000,313848720.77040000,864864,1628293.11300000,143147982.57771000
2026-03-27T00:00:00+00:00,2026-03-27T23:59:59.999000+00:00,SOLUSDT,86.52000000,87.04000000,81.86000000,83.11000000,2840562.07000000,239097154.26725000,817296,1374893.66600000,115499135.75521000
2026-03-28T00:00:00+00:00,2026-03-28T23:59:59.999000+00:00,SOLUSDT,83.11000000,84.29000000,81.69000000,82.09000000,1667010.09900000,138586353.26362000,451858,839405.53800000,69802161.57468000
2026-03-29T00:00:00+00:00,2026-03-29T23:59:59.999000+00:00,SOLUSDT,82.09000000,83.24000000,78.96000000,81.44000000,1624673.47500000,132619257.69694000,523110,775501.50500000,63354370.06667000
2026-03-30T00:00:00+00:00,2026-03-30T23:59:59.999000+00:00,SOLUSDT,81.45000000,84.99000000,81.15000000,82.54000000,3025854.68700000,252604976.45833000,887139,1564663.74200000,130589188.37782000
2026-03-31T00:00:00+00:00,2026-03-31T23:59:59.999000+00:00,SOLUSDT,82.55000000,84.62000000,80.08000000,83.20000000,4272567.42600000,350168600.26211000,1157793,2164590.90800000,177385436.83912000
2026-04-01T00:00:00+00:00,2026-04-01T23:59:59.999000+00:00,SOLUSDT,83.19000000,86.65000000,80.77000000,81.18000000,4676736.12000000,390375500.93046000,1221698,2333531.44300000,194797172.67961000
2026-04-02T00:00:00+00:00,2026-04-02T23:59:59.999000+00:00,SOLUSDT,81.19000000,81.77000000,76.70000000,78.94000000,4210024.26300000,332877124.59013000,1149760,2218883.41000000,175437554.00219000
2026-04-03T00:00:00+00:00,2026-04-03T23:59:59.999000+00:00,SOLUSDT,78.95000000,80.91000000,78.85000000,80.40000000,2230839.74000000,178180006.68359000,585265,1241609.84200000,99223794.92358000
2026-04-04T00:00:00+00:00,2026-04-04T23:59:59.999000+00:00,SOLUSDT,80.39000000,81.61000000,79.57000000,80.83000000,1562930.76700000,126024814.13980000,339581,778904.62500000,62795240.72960000
2026-04-05T00:00:00+00:00,2026-04-05T23:59:59.999000+00:00,SOLUSDT,80.84000000,82.13000000,78.52000000,81.89000000,1732438.55800000,138744190.87240000,530668,857730.95900000,68713421.78504000
2026-04-06T00:00:00+00:00,2026-04-06T23:59:59.999000+00:00,SOLUSDT,81.89000000,83.20000000,79.60000000,80.03000000,2730370.56400000,223718858.15637000,836312,1352929.85300000,110889479.01967000
2026-04-07T00:00:00+00:00,2026-04-07T23:59:59.999000+00:00,SOLUSDT,80.03000000,87.02000000,78.38000000,85.56000000,4312598.52000000,352019236.78463000,1320957,2196613.78800000,179326729.89516000
2026-04-08T00:00:00+00:00,2026-04-08T23:59:59.999000+00:00,SOLUSDT,85.56000000,85.90000000,82.24000000,82.57000000,2952758.54800000,248176777.53562000,910454,1433720.96300000,120512567.71634000
2026-04-09T00:00:00+00:00,2026-04-09T23:59:59.999000+00:00,SOLUSDT,82.56000000,85.95000000,81.40000000,83.33000000,2775927.62900000,231023182.06021000,900238,1450802.07500000,120872713.71972000
2026-04-10T00:00:00+00:00,2026-04-10T23:59:59.999000+00:00,SOLUSDT,83.33000000,85.67000000,82.62000000,84.83000000,2186078.34300000,183586491.42502000,684681,1137103.61800000,95446839.46211000
2026-04-11T00:00:00+00:00,2026-04-11T23:59:59.999000+00:00,SOLUSDT,84.83000000,86.26000000,83.80000000,84.93000000,1570901.88300000,133250533.99659000,479797,811280.27600000,68846599.98710000
2026-04-12T00:00:00+00:00,2026-04-12T23:59:59.999000+00:00,SOLUSDT,84.94000000,85.00000000,81.27000000,81.53000000,2174791.86600000,179048096.72296000,639807,1035637.21800000,85258545.55518000
2026-04-13T00:00:00+00:00,2026-04-13T23:59:59.999000+00:00,SOLUSDT,81.54000000,86.81000000,81.40000000,86.51000000,2950390.41500000,246881043.41407000,1038169,1566990.35200000,131151982.59805000
2026-04-14T00:00:00+00:00,2026-04-14T23:59:59.999000+00:00,SOLUSDT,86.51000000,87.67000000,83.30000000,83.72000000,3532984.69200000,302583169.25849000,949683,1751000.13400000,150075267.69665000
2026-04-15T00:00:00+00:00,2026-04-15T23:59:59.999000+00:00,SOLUSDT,83.72000000,85.83000000,82.65000000,84.90000000,2602448.59300000,218518458.54018000,866567,1313551.25900000,110300208.48276000
2026-04-16T00:00:00+00:00,2026-04-16T23:59:59.999000+00:00,SOLUSDT,84.90000000,90.53000000,83.80000000,89.05000000,3940291.34100000,342538921.72054000,1188495,2104470.31800000,183179493.87041000
2026-04-17T00:00:00+00:00,2026-04-17T23:59:59.999000+00:00,SOLUSDT,89.06000000,90.73000000,87.34000000,88.76000000,4237208.38800000,377307282.79799000,1177055,2275080.60000000,202651717.47248000
2026-04-18T00:00:00+00:00,2026-04-18T23:59:59.999000+00:00,SOLUSDT,88.77000000,89.16000000,85.78000000,86.16000000,1893190.54300000,165249225.53869000,560071,863736.09900000,75386662.88700000
2026-04-19T00:00:00+00:00,2026-04-19T23:59:59.999000+00:00,SOLUSDT,86.15000000,87.12000000,82.94000000,83.47000000,2594849.06500000,221105423.00326000,769677,1270518.85400000,108340240.85943000
2026-04-20T00:00:00+00:00,2026-04-20T23:59:59.999000+00:00,SOLUSDT,83.47000000,86.22000000,83.34000000,85.28000000,2300346.75000000,195747705.12717000,755776,1199663.50600000,102089121.71035000
2026-04-21T00:00:00+00:00,2026-04-21T23:59:59.999000+00:00,SOLUSDT,85.29000000,86.89000000,84.31000000,86.03000000,2111587.26900000,180689885.18477000,789037,1094282.27400000,93670118.27690000
2026-04-22T00:00:00+00:00,2026-04-22T23:59:59.999000+00:00,SOLUSDT,86.04000000,89.32000000,86.01000000,86.87000000,3154871.83500000,277312968.48886000,814469,1730943.42600000,152144684.51329000
2026-04-23T00:00:00+00:00,2026-04-23T23:59:59.999000+00:00,SOLUSDT,86.86000000,87.18000000,84.48000000,86.12000000,2894663.23900000,248381347.37972000,789600,1551557.11400000,133142996.82914000
2026-04-24T00:00:00+00:00,2026-04-24T23:59:59.999000+00:00,SOLUSDT,86.12000000,86.94000000,84.92000000,86.18000000,1818574.66300000,156360251.67295000,545936,918892.98100000,78991917.93927000
2026-04-25T00:00:00+00:00,2026-04-25T23:59:59.999000+00:00,SOLUSDT,86.18000000,86.80000000,85.53000000,86.18000000,1033932.43600000,89083751.12267000,300075,513711.59500000,44250865.59785000
2026-04-26T00:00:00+00:00,2026-04-26T23:59:59.999000+00:00,SOLUSDT,86.19000000,87.32000000,85.84000000,86.93000000,1453501.45200000,125727370.39517000,380657,735165.50700000,63592743.68955000
2026-04-27T00:00:00+00:00,2026-04-27T23:59:59.999000+00:00,SOLUSDT,86.93000000,88.08000000,83.63000000,84.82000000,3009101.69100000,258019187.38674000,737519,1583431.35800000,135900455.08456000
2026-04-28T00:00:00+00:00,2026-04-28T23:59:59.999000+00:00,SOLUSDT,84.82000000,84.93000000,82.98000000,84.06000000,1664394.44300000,139515262.33159000,397883,903890.96800000,75775495.32337000
2026-04-29T00:00:00+00:00,2026-04-29T23:59:59.999000+00:00,SOLUSDT,84.06000000,85.56000000,81.40000000,83.04000000,2576063.59600000,215702892.97072000,581305,1182001.86900000,98922658.39190000
2026-04-30T00:00:00+00:00,2026-04-30T23:59:59.999000+00:00,SOLUSDT,83.05000000,84.01000000,82.16000000,83.09000000,1372591.61100000,114147099.21202000,481530,735437.67900000,61169910.08091000
2026-05-01T00:00:00+00:00,2026-05-01T23:59:59.999000+00:00,SOLUSDT,83.09000000,84.86000000,83.08000000,83.76000000,1798067.95900000,151073553.34307000,432422,922837.68100000,77553095.22007000
2026-05-02T00:00:00+00:00,2026-05-02T23:59:59.999000+00:00,SOLUSDT,83.76000000,84.97000000,83.44000000,84.26000000,1027759.49900000,86371425.97718000,283023,522602.11800000,43924478.85107000
2026-05-03T00:00:00+00:00,2026-05-03T23:59:59.999000+00:00,SOLUSDT,84.26000000,84.97000000,83.58000000,83.91000000,1268647.52200000,106740859.19550000,341393,646891.27500000,54425982.83368000
2026-05-04T00:00:00+00:00,2026-05-04T23:59:59.999000+00:00,SOLUSDT,83.91000000,85.90000000,83.23000000,84.10000000,3469307.21800000,293561075.29853000,757940,1688378.76800000,142857449.40493000
2026-05-05T00:00:00+00:00,2026-05-05T23:59:59.999000+00:00,SOLUSDT,84.11000000,86.98000000,84.04000000,86.29000000,2478888.12600000,211908510.33936000,520564,1301281.25700000,111237727.22947000
2026-05-06T00:00:00+00:00,2026-05-06T23:59:59.999000+00:00,SOLUSDT,86.29000000,87.97000000,86.10000000,87.95000000,908965.76300000,79169083.18875000,187244,518255.54700000,45136365.89171000
