timestamp,symbol,open,high,low,close,volume_from,volume_to
2023-05-01T00:00:00+00:00,BTCUSD,29236.81,29340.45,27680.56,28086.77,43941.31,1246630368.83
2023-05-02T00:00:00+00:00,BTCUSD,28086.77,28895.93,27899.16,28694.7,32659.37,927486609.7
2023-05-03T00:00:00+00:00,BTCUSD,28694.7,29278.11,28151.97,29041.65,40257.03,1150554649.51
2023-05-04T00:00:00+00:00,BTCUSD,29041.65,29376.48,28702.7,28865.72,27573.93,799149017.42
2023-05-05T00:00:00+00:00,BTCUSD,28865.72,29701.05,28852.44,29548.51,35426.26,1039027772.96
2023-05-06T00:00:00+00:00,BTCUSD,29548.51,29853.13,28449.95,28943.98,24527.41,713641803.94
2023-05-07T00:00:00+00:00,BTCUSD,28943.98,29212.06,28547.22,28572.81,16604.62,480627306.93
2023-05-08T00:00:00+00:00,BTCUSD,28572.81,28786.01,27396.42,27783.42,40605.62,1136175854.67
2023-05-09T00:00:00+00:00,BTCUSD,27783.42,27963.87,27510.12,27680.21,22925.76,634693185.14
2023-05-10T00:00:00+00:00,BTCUSD,27680.21,28330.36,26840.62,27628.73,41945.8,1162217682.96
2023-05-11T00:00:00+00:00,BTCUSD,27628.73,27642.56,26731.83,26991.62,29504.51,802346192.21
2023-05-12T00:00:00+00:00,BTCUSD,26991.62,27092.93,25833.3,26807.09,42526.8,1123450368.34
2023-05-13T00:00:00+00:00,BTCUSD,26807.09,27043.5,26705.45,26788.88,12502.23,335722601.8
2023-05-14T00:00:00+00:00,BTCUSD,26788.88,27189.55,26611.92,26931.44,11877.98,319668371.39
2023-05-15T00:00:00+00:00,BTCUSD,26931.44,27668.19,26759.29,27176.27,27959.1,764041771.98
2023-05-16T00:00:00+00:00,BTCUSD,27176.27,27304.97,26869.45,27036.57,23994.43,649282623.49
2023-05-17T00:00:00+00:00,BTCUSD,27036.57,27488.05,26565.39,27406.21,29196.37,788279620.49
2023-05-18T00:00:00+00:00,BTCUSD,27406.21,27476.67,26379.63,26823.31,27707.43,749234030.86
2023-05-19T00:00:00+00:00,BTCUSD,26823.31,27178.6,26668.92,26888.42,16460.59,442561192
2023-05-20T00:00:00+00:00,BTCUSD,26888.42,27164.5,26840.23,27118.54,7375.52,199050865.32
2023-05-21T00:00:00+00:00,BTCUSD,27118.54,27280.07,26691.06,26755.17,11973.11,322799242.35
2023-05-22T00:00:00+00:00,BTCUSD,26755.17,27084.08,26548.27,26855.4,17684.89,474287648.56
2023-05-23T00:00:00+00:00,BTCUSD,26855.4,27480.33,26808.03,27224.7,21235.04,578611517.74
2023-05-24T00:00:00+00:00,BTCUSD,27224.7,27225.89,26092.06,26326.17,31836.22,843296169.29
2023-05-25T00:00:00+00:00,BTCUSD,26326.17,26605.5,25882.27,26480.21,22984.71,604389199.53
2023-05-26T00:00:00+00:00,BTCUSD,26480.21,26940.67,26338.96,26719.7,20356.54,542617989.88
2023-05-27T00:00:00+00:00,BTCUSD,26719.7,26902.14,26585.34,26872.59,7427.77,198605797.63
2023-05-28T00:00:00+00:00,BTCUSD,26872.59,28249.51,26789.58,28077.57,19785.88,543751511.42
2023-05-29T00:00:00+00:00,BTCUSD,28077.57,28450.88,27546.65,27746.07,21644.99,604161699.4
2023-05-30T00:00:00+00:00,BTCUSD,27746.07,28052.68,27568.98,27703.56,23615.79,656814149.04
2023-05-31T00:00:00+00:00,BTCUSD,27703.56,27836.82,26853.57,27220.17,28352.48,770131646.3
2023-06-01T00:00:00+00:00,BTCUSD,27220.17,27347.94,26628.22,26825.73,23979.7,645324727.67
2023-06-02T00:00:00+00:00,BTCUSD,26825.73,27305,26519.23,27251.14,23786.38,643162971
2023-06-03T00:00:00+00:00,BTCUSD,27251.14,27330.86,26946.35,27078.3,8092.89,219785033.16
2023-06-04T00:00:00+00:00,BTCUSD,27078.3,27451.16,26964.17,27125.24,9147.43,248793311.51
2023-06-05T00:00:00+00:00,BTCUSD,27125.24,27135.1,25411.77,25740.46,37219.66,973121005.98
2023-06-06T00:00:00+00:00,BTCUSD,25740.46,27379.88,25380.61,27269.02,38336.34,1007782393.96
2023-06-07T00:00:00+00:00,BTCUSD,27269.02,27423.02,26132.38,26348.91,30599.1,816508052.84
2023-06-08T00:00:00+00:00,BTCUSD,26348.91,26816.33,26225.25,26509.09,15156.05,401604313
2023-06-09T00:00:00+00:00,BTCUSD,26509.09,26777.91,26290.32,26483.81,16583.88,439912147.38
2023-06-10T00:00:00+00:00,BTCUSD,26483.81,26533.58,25424.05,25856.18,31361.96,809187356.13
2023-06-11T00:00:00+00:00,BTCUSD,25856.18,26214.2,25655.94,25937.58,13172.72,341057974.45
2023-06-12T00:00:00+00:00,BTCUSD,25937.58,26099.5,25629.48,25905.64,17060.82,441188405.58
2023-06-13T00:00:00+00:00,BTCUSD,25905.64,26425.22,25717.6,25928.94,23047.35,599487905.69
2023-06-14T00:00:00+00:00,BTCUSD,25928.94,26074.14,24836.48,25125.73,26761.01,684056303.1
2023-06-15T00:00:00+00:00,BTCUSD,25125.73,25740.96,24765.75,25574.36,32804.74,824201465.11
2023-06-16T00:00:00+00:00,BTCUSD,25574.36,26479.27,25205.5,26330.59,27648.16,715401866.52
2023-06-17T00:00:00+00:00,BTCUSD,26330.59,26780.79,26170.91,26510.43,12515.48,331591669.75
2023-06-18T00:00:00+00:00,BTCUSD,26510.43,26686.77,26260.74,26338,9378.95,248624880.04
2023-06-19T00:00:00+00:00,BTCUSD,26338,27036.32,26265.34,26842.09,17956.62,477713441.96
2023-06-20T00:00:00+00:00,BTCUSD,26842.09,28407.13,26648.29,28319.35,45985.63,1265530107.38
2023-06-21T00:00:00+00:00,BTCUSD,28319.35,30780.84,28276.59,30000.55,57981.94,1710075101.48
2023-06-22T00:00:00+00:00,BTCUSD,30000.55,30499.85,29611.53,29892.81,34380.15,1034077333.64
2023-06-23T00:00:00+00:00,BTCUSD,29892.81,31416.26,29818.21,30705.39,41294.22,1263857697.39
2023-06-24T00:00:00+00:00,BTCUSD,30705.39,30811.37,30276.97,30548.2,13046.45,399256498.04
2023-06-25T00:00:00+00:00,BTCUSD,30548.2,31051.66,30297.61,30473.64,13393.19,410384145.76
2023-06-26T00:00:00+00:00,BTCUSD,30473.64,30658.58,29930.89,30271.91,21681.68,656487409.95
2023-06-27T00:00:00+00:00,BTCUSD,30271.91,31013.13,30232.66,30696.99,22312.5,683163079.08
2023-06-28T00:00:00+00:00,BTCUSD,30696.99,30714.46,29862.15,30078.9,19096.02,577536151.3
2023-06-29T00:00:00+00:00,BTCUSD,30078.9,30833.99,30043.07,30447.17,21447.12,654120553.86
2023-06-30T00:00:00+00:00,BTCUSD,30447.17,31272.25,29465.7,30471.06,47299.15,1438707503.25
2023-07-01T00:00:00+00:00,BTCUSD,30471.06,30653.27,30321.27,30590.76,7261.71,221634243.18
2023-07-02T00:00:00+00:00,BTCUSD,30590.76,30788.75,30181.34,30617.66,8660.66,264438993.35
2023-07-03T00:00:00+00:00,BTCUSD,30617.66,31388.17,30575.7,31160.24,19619.43,606995802.76
2023-07-04T00:00:00+00:00,BTCUSD,31160.24,31331.3,30638.68,30774.39,13276.48,411450957.26
2023-07-05T00:00:00+00:00,BTCUSD,30774.39,30877.17,30201.06,30503.07,15878.7,484235780.2
2023-07-06T00:00:00+00:00,BTCUSD,30503.07,31521.11,29869.18,29907.98,30802.77,942103548.67
2023-07-07T00:00:00+00:00,BTCUSD,29907.98,30450.48,29725.12,30349.69,19368.34,584908167.72
2023-07-08T00:00:00+00:00,BTCUSD,30349.69,30383.67,30056.18,30294.36,6360.91,192238272.3
2023-07-09T00:00:00+00:00,BTCUSD,30294.36,30441,30074.68,30171.49,7139.62,216124236.01
2023-07-10T00:00:00+00:00,BTCUSD,30171.49,31045.4,29964.03,30421.04,22193.83,674592681.26
2023-07-11T00:00:00+00:00,BTCUSD,30421.04,30805.91,30314.1,30626.62,17665.77,539220942.45
2023-07-12T00:00:00+00:00,BTCUSD,30626.62,30977.57,30214.19,30385.22,24693.12,755704294.14
2023-07-13T00:00:00+00:00,BTCUSD,30385.22,31844.94,30259.09,31475.78,42344.72,1314075890.88
2023-07-14T00:00:00+00:00,BTCUSD,31475.78,31636.78,29929.3,30331.09,33129,1021600213.08
2023-07-15T00:00:00+00:00,BTCUSD,30331.09,30403.12,30258.91,30298.45,4925.15,149344124.18
2023-07-16T00:00:00+00:00,BTCUSD,30298.45,30450.66,30083.92,30248.17,7411.25,224532522.64
2023-07-17T00:00:00+00:00,BTCUSD,30248.17,30340.04,29675.15,30147.68,18560.1,558752237.54
2023-07-18T00:00:00+00:00,BTCUSD,30147.68,30244.13,29538.16,29863.79,18759.37,560798877.42
2023-07-19T00:00:00+00:00,BTCUSD,29863.79,30193.82,29765.06,29918.6,14893.37,446435257.92
2023-07-20T00:00:00+00:00,BTCUSD,29918.6,30417.9,29577.88,29809.61,19269.41,577250260.25
2023-07-21T00:00:00+00:00,BTCUSD,29809.61,30060.04,29737.09,29911.46,13254.74,395907301.04
2023-07-22T00:00:00+00:00,BTCUSD,29911.46,30000.3,29635.44,29791.61,6111.68,182484169.27
2023-07-23T00:00:00+00:00,BTCUSD,29791.61,30345.9,29738.58,30085.68,8140.53,244328645.64
2023-07-24T00:00:00+00:00,BTCUSD,30085.68,30097.78,28860.94,29181.04,25436.68,744538575.95
2023-07-25T00:00:00+00:00,BTCUSD,29181.04,29367.59,29054.49,29226.63,12141.51,354541899.17
2023-07-26T00:00:00+00:00,BTCUSD,29226.63,29682.98,29098.81,29352.06,16583.36,486510821.91
2023-07-27T00:00:00+00:00,BTCUSD,29352.06,29566.99,29082.04,29217.05,12727.55,373268935.18
2023-07-28T00:00:00+00:00,BTCUSD,29217.05,29528.45,29121.24,29316.82,11707.43,342975082.63
2023-07-29T00:00:00+00:00,BTCUSD,29316.82,29406.57,29258.14,29358.76,4989.17,146316009.97
2023-07-30T00:00:00+00:00,BTCUSD,29358.76,29449.84,29043.43,29283.34,7661.41,224246250.77
2023-07-31T00:00:00+00:00,BTCUSD,29283.34,29524.99,29108.82,29231.47,14553.25,426457343.16
2023-08-01T00:00:00+00:00,BTCUSD,29231.47,29721.48,28564.09,29699.74,28319.33,822433494.24
2023-08-02T00:00:00+00:00,BTCUSD,29699.74,30029.06,28914.46,29163.69,28507.89,838251477.68
2023-08-03T00:00:00+00:00,BTCUSD,29163.69,29397.03,28945.61,29177.75,15427.08,450334651.17
2023-08-04T00:00:00+00:00,BTCUSD,29177.75,29308.95,28794.51,29078.51,12900.38,375805085.38
2023-08-05T00:00:00+00:00,BTCUSD,29078.51,29111.36,28953.98,29050.34,4135,120051247.27
2023-08-06T00:00:00+00:00,BTCUSD,29050.34,29164.68,28962.89,29046.16,4361.16,126689336.09
2023-08-07T00:00:00+00:00,BTCUSD,29046.16,29245.27,28672.37,29182.16,16388.65,475156597.17
2023-08-08T00:00:00+00:00,BTCUSD,29182.16,30210.36,29111.88,29770.51,26561.94,786792606.34
2023-08-09T00:00:00+00:00,BTCUSD,29770.51,30120.86,29356.43,29566.47,17933.09,532770863.32
2023-08-10T00:00:00+00:00,BTCUSD,29566.47,29707.55,29319.58,29428.1,12722.06,375142806.93
2023-08-11T00:00:00+00:00,BTCUSD,29428.1,29535.4,29219.56,29403.56,10550.47,310027638.11
2023-08-12T00:00:00+00:00,BTCUSD,29403.56,29471.12,29356.08,29417.08,3495.96,102819295.5
2023-08-13T00:00:00+00:00,BTCUSD,29417.08,29447.27,29257.12,29281.55,3928.8,115373186.78
2023-08-14T00:00:00+00:00,BTCUSD,29281.55,29664.61,29082.39,29409.22,12333.02,362522208.47
2023-08-15T00:00:00+00:00,BTCUSD,29409.22,29460.86,29056.77,29171.23,10214.85,299026558.28
2023-08-16T00:00:00+00:00,BTCUSD,29171.23,29228.22,28696.21,28702.8,16506.96,479152538.98
2023-08-17T00:00:00+00:00,BTCUSD,28702.8,28752.02,25328.06,26629.67,50603.71,1394530695.43
2023-08-18T00:00:00+00:00,BTCUSD,26629.67,26823.13,25629.62,26049.69,33853.32,888090076.41
2023-08-19T00:00:00+00:00,BTCUSD,26049.69,26266.25,25797.39,26095.8,10190.62,265159375.46
2023-08-20T00:00:00+00:00,BTCUSD,26095.8,26291.33,25983.85,26191.01,7358.66,192271431.08
2023-08-21T00:00:00+00:00,BTCUSD,26191.01,26248.2,25819.92,26126.18,16512.71,430024076.12
2023-08-22T00:00:00+00:00,BTCUSD,26126.18,26137.6,25369.8,26043.01,19880.36,514473682.56
2023-08-23T00:00:00+00:00,BTCUSD,26043.01,26807.82,25802.48,26429.4,25584.15,672652092.31
2023-08-24T00:00:00+00:00,BTCUSD,26429.4,26565.88,25859.32,26166.22,17135.14,449180401.68
2023-08-25T00:00:00+00:00,BTCUSD,26166.22,26291.13,25759.58,26051.29,18808.91,489263026.85
2023-08-26T00:00:00+00:00,BTCUSD,26051.29,26109.19,25979.58,26010.35,3572.84,93024725.64
2023-08-27T00:00:00+00:00,BTCUSD,26010.35,26168.79,25966.75,26091.32,4137.97,107924452.3
2023-08-28T00:00:00+00:00,BTCUSD,26091.32,26233.53,25861.84,26106,11633.38,302943657.3
2023-08-29T00:00:00+00:00,BTCUSD,26106,28154.08,25911.89,27724.41,39870.36,1089036684.85
2023-08-30T00:00:00+00:00,BTCUSD,27724.41,27766.41,27036.49,27305.41,19031.6,520197058
2023-08-31T00:00:00+00:00,BTCUSD,27305.41,27563.68,25683.18,25937.29,27850.06,741278108.53
2023-09-01T00:00:00+00:00,BTCUSD,25937.29,26137.14,25323.44,25798.79,24807.18,639696809.37
2023-09-02T00:00:00+00:00,BTCUSD,25798.79,25980.31,25729.66,25868.56,7017.96,181289556.36
2023-09-03T00:00:00+00:00,BTCUSD,25868.56,26115.72,25805.82,25971.37,6190.05,160541183.85
2023-09-04T00:00:00+00:00,BTCUSD,25971.37,26089.36,25636.28,25816.24,8832.41,228454428.06
2023-09-05T00:00:00+00:00,BTCUSD,25816.24,25878.61,25567.56,25785.01,10888.31,280146729.52
2023-09-06T00:00:00+00:00,BTCUSD,25785.01,26019.64,25379.85,25751.71,15183.61,390027105.24
2023-09-07T00:00:00+00:00,BTCUSD,25751.71,26426.41,25600.8,26264.75,18952.45,491838528.79
2023-09-08T00:00:00+00:00,BTCUSD,26264.75,26443.61,25650.9,25907.13,18556.34,482397556.59
2023-09-09T00:00:00+00:00,BTCUSD,25907.13,25936.62,25799.89,25898.41,4094.4,105931726.4
2023-09-10T00:00:00+00:00,BTCUSD,25898.41,26020.84,25589.02,25833.67,8434.22,217583144.54
2023-09-11T00:00:00+00:00,BTCUSD,25833.67,25889.38,24911.78,25157.07,24481.75,619642052.88
2023-09-12T00:00:00+00:00,BTCUSD,25157.07,26545.24,25128.37,25840.34,36111.44,937711286.48
2023-09-13T00:00:00+00:00,BTCUSD,25840.34,26432.59,25768.65,26227.49,18955.32,495397769.94
2023-09-14T00:00:00+00:00,BTCUSD,26227.49,26845.74,26136.39,26533.66,24488.8,649517751.61
2023-09-15T00:00:00+00:00,BTCUSD,26533.66,26879.57,26224.91,26605.49,17339,459310066.65
2023-09-16T00:00:00+00:00,BTCUSD,26605.49,26771.68,26459.99,26569.13,7062.9,187703875.45
2023-09-17T00:00:00+00:00,BTCUSD,26569.13,26621.93,26413.39,26533.12,5698.34,151125765.17
2023-09-18T00:00:00+00:00,BTCUSD,26533.12,27425.7,26394.81,26767.82,29536.95,797114111.3
2023-09-19T00:00:00+00:00,BTCUSD,26767.82,27493.85,26676.6,27219.02,24703.82,670630172.73
2023-09-20T00:00:00+00:00,BTCUSD,27219.02,27389.22,26814.07,27126.4,21439.58,581302466.15
2023-09-21T00:00:00+00:00,BTCUSD,27126.4,27162,26373.55,26567.47,20948.1,559336631.68
2023-09-22T00:00:00+00:00,BTCUSD,26567.47,26738.04,26478.87,26583.16,15354.82,408613785.26
2023-09-23T00:00:00+00:00,BTCUSD,26583.16,26640.84,26522.49,26585.41,5251.29,139605320.21
2023-09-24T00:00:00+00:00,BTCUSD,26585.41,26732.91,26146.79,26261.44,9848.35,260953441.64
2023-09-25T00:00:00+00:00,BTCUSD,26261.44,26439.02,25997.17,26297.93,19804.27,518905094.49
2023-09-26T00:00:00+00:00,BTCUSD,26297.93,26395.42,26090.75,26212.59,12902.09,338286231.16
2023-09-27T00:00:00+00:00,BTCUSD,26212.59,26828.5,26096.78,26360.2,24188.11,638562791.04
2023-09-28T00:00:00+00:00,BTCUSD,26360.2,27306.05,26328.53,27027.2,30832.51,827813877.45
2023-09-29T00:00:00+00:00,BTCUSD,27027.2,27233.94,26674.22,26909.4,21721.72,585322764.87
2023-09-30T00:00:00+00:00,BTCUSD,26909.4,27095.39,26887.09,26964.27,7260.78,195916128.74
2023-10-01T00:00:00+00:00,BTCUSD,26964.27,28060.49,26958.76,27994.51,16861.15,464200302.08
2023-10-02T00:00:00+00:00,BTCUSD,27994.51,28585.13,27312.81,27507.22,42701.42,1198411956.48
2023-10-03T00:00:00+00:00,BTCUSD,27507.22,27669.05,27170.07,27428.66,22621.25,620603083.21
2023-10-04T00:00:00+00:00,BTCUSD,27428.66,27836.54,27222.97,27789.8,18061.23,497243557.18
2023-10-05T00:00:00+00:00,BTCUSD,27789.8,28128.37,27363.01,27414.59,25127.82,696054430.54
2023-10-06T00:00:00+00:00,BTCUSD,27414.59,28280.04,27181.63,27946.61,25278.57,701648471.47
2023-10-07T00:00:00+00:00,BTCUSD,27946.61,28035.05,27864.11,27973.69,7351.08,205394649
2023-10-08T00:00:00+00:00,BTCUSD,27973.69,28105.36,27714.35,27933.57,8547.03,238690010.87
2023-10-09T00:00:00+00:00,BTCUSD,27933.57,27999.8,27282.89,27598.77,21887.87,603964078.09
2023-10-10T00:00:00+00:00,BTCUSD,27598.77,27735.72,27298.5,27395.4,18600.95,511109469.33
2023-10-11T00:00:00+00:00,BTCUSD,27395.4,27475.69,26531.55,26871.21,30496.51,821395574.15
2023-10-12T00:00:00+00:00,BTCUSD,26871.21,26937.98,26549.78,26756.23,16400.37,438531983.5
2023-10-13T00:00:00+00:00,BTCUSD,26756.23,27110.91,26674.97,26862.9,18507.04,496779424.55
2023-10-14T00:00:00+00:00,BTCUSD,26862.9,26982.78,26810.02,26854.52,5865.21,157685357.78
2023-10-15T00:00:00+00:00,BTCUSD,26854.52,27297.26,26813.06,27177.41,10978.68,297110024.59
2023-10-16T00:00:00+00:00,BTCUSD,27177.41,30009.15,27131.48,28518.37,66720.48,1884462991.7
2023-10-17T00:00:00+00:00,BTCUSD,28518.37,28628.83,28094.14,28409.46,26038.83,739741149.31
2023-10-18T00:00:00+00:00,BTCUSD,28409.46,28988.79,28156.7,28328.07,23999.55,682875511.71
2023-10-19T00:00:00+00:00,BTCUSD,28328.07,28927.17,28135.5,28733.78,25550.36,730081363.3
2023-10-20T00:00:00+00:00,BTCUSD,28733.78,30243.12,28596.96,29684.37,42016.08,1241026952.55
2023-10-21T00:00:00+00:00,BTCUSD,29684.37,30365.61,29480.22,29924.08,15637.83,467626116.49
2023-10-22T00:00:00+00:00,BTCUSD,29924.08,30232.64,29674.58,30001.44,13845.91,414432274.92
2023-10-23T00:00:00+00:00,BTCUSD,30001.44,34739.17,29898.26,33084.08,73249.41,2308556876.22
2023-10-24T00:00:00+00:00,BTCUSD,33084.08,35183.22,32857.8,33923.52,75112.67,2559949343.79
2023-10-25T00:00:00+00:00,BTCUSD,33923.52,35136.87,33698.9,34503.4,43002.87,1481128342.82
2023-10-26T00:00:00+00:00,BTCUSD,34503.4,34836.51,33746.16,34157.06,36463.09,1248469956.72
2023-10-27T00:00:00+00:00,BTCUSD,34157.06,34246.78,33406.13,33907.7,30792.41,1044635721.14
2023-10-28T00:00:00+00:00,BTCUSD,33907.7,34494.4,33876.07,34090.05,10888.97,371696781.35
2023-10-29T00:00:00+00:00,BTCUSD,34090.05,34761.09,33947.8,34535.38,13639.48,469534963.71
2023-10-30T00:00:00+00:00,BTCUSD,34535.38,34862.12,34090.22,34494.56,23948.89,825552244.82
2023-10-31T00:00:00+00:00,BTCUSD,34494.56,34726.05,34058.4,34657.73,21982.74,756326173.72
2023-11-01T00:00:00+00:00,BTCUSD,34657.73,35623.76,34096.9,35439.76,34274.26,1190955576.06
2023-11-02T00:00:00+00:00,BTCUSD,35439.76,35973.2,34323.19,34947.15,31205.25,1097011932.14
2023-11-03T00:00:00+00:00,BTCUSD,34947.15,34950.21,34118.29,34732.28,27811.97,960199464.71
2023-11-04T00:00:00+00:00,BTCUSD,34732.28,35278.07,34606.38,35086.09,10840.41,377653497.47
2023-11-05T00:00:00+00:00,BTCUSD,35086.09,35393.84,34489.02,35039.47,15210.52,533016306.01
2023-11-06T00:00:00+00:00,BTCUSD,35039.47,35288.36,34758.64,35054.59,17520.44,613732584.95
2023-11-07T00:00:00+00:00,BTCUSD,35054.59,35929.83,34537.87,35421.85,28810.78,1012278827.62
2023-11-08T00:00:00+00:00,BTCUSD,35421.85,36109.43,35120.46,35638.33,26404.64,937630450.49
2023-11-09T00:00:00+00:00,BTCUSD,35638.33,37990.51,35557.78,36704.14,62530.57,2296501186.4
2023-11-10T00:00:00+00:00,BTCUSD,36704.14,37536.44,36342.27,37321.51,32545.3,1206040827.09
2023-11-11T00:00:00+00:00,BTCUSD,37321.51,37417.29,36701.83,37142.22,14920.5,553215494.09
2023-11-12T00:00:00+00:00,BTCUSD,37142.22,37233.45,36747.05,37079.76,9320.87,345567975.97
2023-11-13T00:00:00+00:00,BTCUSD,37079.76,37429.52,36358,36482.51,24368.53,897671274.64
2023-11-14T00:00:00+00:00,BTCUSD,36482.51,36752.31,34788.17,35551.21,33896.65,1219819360.84
2023-11-15T00:00:00+00:00,BTCUSD,35551.21,37977.31,35374.22,37884.19,39005.98,1436101057.95
2023-11-16T00:00:00+00:00,BTCUSD,37884.19,37951.14,35512.38,36162.42,38917.77,1428319260.74
2023-11-17T00:00:00+00:00,BTCUSD,36162.42,36780.63,35873.7,36626.32,28253.69,1027029255.11
2023-11-18T00:00:00+00:00,BTCUSD,36626.32,36853.45,36212.85,36591.19,8649.03,316037508.01
2023-11-19T00:00:00+00:00,BTCUSD,36591.19,37529.1,36411.61,37388.64,11668.93,430198062.65
2023-11-20T00:00:00+00:00,BTCUSD,37388.64,37770.11,36767.05,37476.66,31117.45,1162294169.25
2023-11-21T00:00:00+00:00,BTCUSD,37476.66,37665.29,35753.93,35758.72,42793.3,1579350547.76
2023-11-22T00:00:00+00:00,BTCUSD,35758.72,37866.63,35656.41,37424.2,36262.61,1335151412.8
2023-11-23T00:00:00+00:00,BTCUSD,37424.2,37646.06,36892.34,37299.18,16793.76,626668140.1
2023-11-24T00:00:00+00:00,BTCUSD,37299.18,38432.07,37262.39,37737.05,34951.5,1322597274.57
2023-11-25T00:00:00+00:00,BTCUSD,37737.05,37907.84,37616.03,37801.92,8271.55,312424824.64
2023-11-26T00:00:00+00:00,BTCUSD,37801.92,37829.46,37159.52,37460.21,12751.26,478214999.45
2023-11-27T00:00:00+00:00,BTCUSD,37460.21,37568.17,36727.3,37246.29,24674.21,914744666.52
2023-11-28T00:00:00+00:00,BTCUSD,37246.29,38410.41,36879.99,37836.63,33506.06,1265755538.49
2023-11-29T00:00:00+00:00,BTCUSD,37836.63,38456.97,37589.12,37861.9,27433.75,1041457987.13
2023-11-30T00:00:00+00:00,BTCUSD,37861.9,38149.78,37505.7,37729.58,16874.61,637264648.28
2023-12-01T00:00:00+00:00,BTCUSD,37729.58,38982.35,37626.12,38699.84,32942.59,1268612412.23
2023-12-02T00:00:00+00:00,BTCUSD,38699.84,39712.52,38659.45,39469.35,17299.38,677167721.21
2023-12-03T00:00:00+00:00,BTCUSD,39469.35,40203.23,39288.91,39980.93,16087.63,638707315.07
2023-12-04T00:00:00+00:00,BTCUSD,39980.93,42399.42,39980.36,41984.41,48574.89,2012390115.57
2023-12-05T00:00:00+00:00,BTCUSD,41984.41,44639.18,41368.51,44089.06,52083.86,2234743414.43
2023-12-06T00:00:00+00:00,BTCUSD,44089.06,44286.67,43386.17,43771.01,39080.76,1715623988.73
2023-12-07T00:00:00+00:00,BTCUSD,43771.01,44050.53,42856.57,43285.02,30381.14,1320509439.92
2023-12-08T00:00:00+00:00,BTCUSD,43285.02,44735.52,43094.02,44186.18,29502.75,1292562850.41
2023-12-09T00:00:00+00:00,BTCUSD,44186.18,44373.02,43597.57,43723,15066.31,662982186.27
2023-12-10T00:00:00+00:00,BTCUSD,43723,44047.82,43584.51,43791.67,11497.59,503801762.3
2023-12-11T00:00:00+00:00,BTCUSD,43791.67,43808.9,40180.77,41235.58,58689.61,2446801856.72
2023-12-12T00:00:00+00:00,BTCUSD,41235.58,42080.61,40648.18,41472.94,31480.37,1305859570.88
2023-12-13T00:00:00+00:00,BTCUSD,41472.94,43461.75,40579.83,42887.55,36203.68,1517574126.2
2023-12-14T00:00:00+00:00,BTCUSD,42887.55,43416.91,41433.23,43030.6,34166.34,1460749070.58
2023-12-15T00:00:00+00:00,BTCUSD,43030.6,43091.28,41662.1,41939.16,25157.34,1065004798.33
2023-12-16T00:00:00+00:00,BTCUSD,41939.16,42678.86,41640.84,42243.26,13495.73,570286280.98
2023-12-17T00:00:00+00:00,BTCUSD,42243.26,42372.05,41228.17,41349.42,18460.88,772939037.53
2023-12-18T00:00:00+00:00,BTCUSD,41349.42,42744.41,40512.69,42650.27,32860.71,1362661202.35
2023-12-19T00:00:00+00:00,BTCUSD,42650.27,43454.44,41796.54,42268.08,30940.15,1318306822.38
2023-12-20T00:00:00+00:00,BTCUSD,42268.08,44303.12,42195.52,43669.91,41481.09,1805958609.9
2023-12-21T00:00:00+00:00,BTCUSD,43669.91,44245.16,43306.15,43875.01,29872.95,1306652594.38
2023-12-22T00:00:00+00:00,BTCUSD,43875.01,44417.78,43426.51,44008.04,24740.39,1084076406.5
2023-12-23T00:00:00+00:00,BTCUSD,44008.04,44024.62,43338.34,43732.75,10973.31,479555333.8
2023-12-24T00:00:00+00:00,BTCUSD,43732.75,43965.2,42635.13,43023.12,14281.15,621424795.87
2023-12-25T00:00:00+00:00,BTCUSD,43023.12,43808.21,42763.83,43593.79,14747.02,639501515.36
2023-12-26T00:00:00+00:00,BTCUSD,43593.79,43604.51,41616.59,42517.32,30529.57,1297798884.96
2023-12-27T00:00:00+00:00,BTCUSD,42517.32,43694.83,42121.77,43469.34,27420.29,1178861473.09
2023-12-28T00:00:00+00:00,BTCUSD,43469.34,43817.61,42283.91,42588.94,29112.04,1249335317.05
2023-12-29T00:00:00+00:00,BTCUSD,42588.94,43134.59,41296.86,42073.59,34268.41,1450476730.93
2023-12-30T00:00:00+00:00,BTCUSD,42073.59,42595.81,41529.95,42146.03,21511.57,905852574.49
2023-12-31T00:00:00+00:00,BTCUSD,42146.03,42863.11,41970.37,42280.14,21509.24,912867128.16
2024-01-01T00:00:00+00:00,BTCUSD,42280.14,44210.89,42187.32,44197.61,19499.59,839894208.67
2024-01-02T00:00:00+00:00,BTCUSD,44197.61,45918.98,44181.86,44970.34,57443.36,2596745174.99
2024-01-03T00:00:00+00:00,BTCUSD,44970.34,45513.73,40214.67,42854.08,82056.19,3533041051.83
2024-01-04T00:00:00+00:00,BTCUSD,42854.08,44797.03,42657.44,44194.38,49538.94,2167748750.23
2024-01-05T00:00:00+00:00,BTCUSD,44194.38,44377.15,42508.08,44178.89,54169.3,2368276569.22
2024-01-06T00:00:00+00:00,BTCUSD,44178.89,44248.4,43444.9,43988.33,16352.13,717065469.35
2024-01-07T00:00:00+00:00,BTCUSD,43988.33,44496.47,43639.57,43950.84,20056.41,884154712.5
2024-01-08T00:00:00+00:00,BTCUSD,43950.84,47295.94,43209.8,46988.14,66057.64,3000303504.99
2024-01-09T00:00:00+00:00,BTCUSD,46988.14,47923.17,44889.64,46123,66281.93,3083632967.78
2024-01-10T00:00:00+00:00,BTCUSD,46123,47705.84,44326.32,46667.48,80226.64,3677964834.63
2024-01-11T00:00:00+00:00,BTCUSD,46667.48,49054.05,45580.11,46353.15,77548.89,3638877778.74
2024-01-12T00:00:00+00:00,BTCUSD,46353.15,46512.17,41454.57,42776.42,87031.78,3855256978.62
2024-01-13T00:00:00+00:00,BTCUSD,42776.42,43243.47,42438.36,42839.19,23024.72,986309535.03
2024-01-14T00:00:00+00:00,BTCUSD,42839.19,43060.49,41702.53,41704.39,21730.6,924871801.97
2024-01-15T00:00:00+00:00,BTCUSD,41704.39,43325.88,41687.69,42491.26,24561.1,1046074902.52
2024-01-16T00:00:00+00:00,BTCUSD,42491.26,43562.19,42047.82,43130.88,36429.24,1565259395.93
2024-01-17T00:00:00+00:00,BTCUSD,43130.88,43183.19,42172.64,42739.27,32911.24,1403011843.2
2024-01-18T00:00:00+00:00,BTCUSD,42739.27,42876.35,40606.86,41286.68,45180.42,1885882508.36
2024-01-19T00:00:00+00:00,BTCUSD,41286.68,42151.57,40246.58,41625.47,45191.13,1864062474.18
2024-01-20T00:00:00+00:00,BTCUSD,41625.47,41846.45,41433.27,41677.08,13096.14,544668570.57
2024-01-21T00:00:00+00:00,BTCUSD,41677.08,41862.83,41493.59,41570.17,9176.94,382561229.54
2024-01-22T00:00:00+00:00,BTCUSD,41570.17,41669.9,39396.81,39523.63,56109.4,2270442343.15
2024-01-23T00:00:00+00:00,BTCUSD,39523.63,40136.09,38512.34,39876.44,46007.49,1805745649.27
2024-01-24T00:00:00+00:00,BTCUSD,39876.44,40526.25,39429.31,40078.62,37009.85,1476062916.95
2024-01-25T00:00:00+00:00,BTCUSD,40078.62,40280.91,39523.94,39941.74,29183.88,1164224625.52
2024-01-26T00:00:00+00:00,BTCUSD,39941.74,42227.71,39814.87,41816.55,42739.48,1763833855.75
2024-01-27T00:00:00+00:00,BTCUSD,41816.55,42191.83,41393.22,42124.02,10632.46,444567824.09
2024-01-28T00:00:00+00:00,BTCUSD,42124.02,42822.8,41632.18,42028.92,16615.66,702267432.76
2024-01-29T00:00:00+00:00,BTCUSD,42028.92,43308.42,41804.05,43302.28,27783.74,1184671101.99
2024-01-30T00:00:00+00:00,BTCUSD,43302.28,43855.77,42690.4,42943.64,34500.06,1498626265.1
2024-01-31T00:00:00+00:00,BTCUSD,42943.64,43734.38,42276.82,42555.08,39491.24,1695950546.73
2024-02-01T00:00:00+00:00,BTCUSD,42555.08,43267.39,41855.88,43073.2,29018.49,1234469121.23
2024-02-02T00:00:00+00:00,BTCUSD,43073.2,43452.76,42536.21,43181.71,26779.09,1152442855.72
2024-02-03T00:00:00+00:00,BTCUSD,43181.71,43355.76,42874.37,42999.52,7556.6,325725942.96
2024-02-04T00:00:00+00:00,BTCUSD,42999.52,43093.79,42232.02,42570.21,9589.32,410404369.06
2024-02-05T00:00:00+00:00,BTCUSD,42570.21,43518.7,41931.59,42664.56,24867.17,1062866796.14
2024-02-06T00:00:00+00:00,BTCUSD,42664.56,43360.05,42526.92,43091.51,22482.95,966265875.57
2024-02-07T00:00:00+00:00,BTCUSD,43091.51,44402,42766.8,44339.04,30331.77,1319628672.43
2024-02-08T00:00:00+00:00,BTCUSD,44339.04,45622.13,44333.87,45304.61,39654.68,1785332802.43
2024-02-09T00:00:00+00:00,BTCUSD,45304.61,48208.27,45257.22,47154.23,50590.41,2379925849.32
2024-02-10T00:00:00+00:00,BTCUSD,47154.23,48166.14,46894.61,47768.12,16452.46,780554926.36
2024-02-11T00:00:00+00:00,BTCUSD,47768.12,48597.46,47592.04,48311.16,19858.95,956986637.1
2024-02-12T00:00:00+00:00,BTCUSD,48311.16,50339.2,47718.59,49942.97,47112.86,2319184140.26
2024-02-13T00:00:00+00:00,BTCUSD,49942.97,50392.92,48336.83,49733.11,42027.05,2075339722.8
2024-02-14T00:00:00+00:00,BTCUSD,49733.11,52085.66,49272.58,51844.19,43948.58,2252886326.88
2024-02-15T00:00:00+00:00,BTCUSD,51844.19,52845.45,51357.81,51934.57,42990.13,2239765884.49
2024-02-16T00:00:00+00:00,BTCUSD,51934.57,52598.05,51604.88,52163.28,32295.2,1680749372.19
2024-02-17T00:00:00+00:00,BTCUSD,52163.28,52201.89,50647.34,51668.78,17696.94,910308869.83
2024-02-18T00:00:00+00:00,BTCUSD,51668.78,52393.59,51194.3,52139.33,14716.3,762533081.81
2024-02-19T00:00:00+00:00,BTCUSD,52139.33,52487.6,51691.25,51781.22,18980.36,989270690.85
2024-02-20T00:00:00+00:00,BTCUSD,51781.22,52985.95,50766.77,52269.59,39504.32,2050493239.79
2024-02-21T00:00:00+00:00,BTCUSD,52269.59,52375.42,50633.49,51854.36,32665.42,1676374071.14
2024-02-22T00:00:00+00:00,BTCUSD,51854.36,52056.01,50914.97,51263.67,30501.44,1573393306.75
2024-02-23T00:00:00+00:00,BTCUSD,51263.67,51509.58,50523.07,50744.07,26365.93,1345274652.99
2024-02-24T00:00:00+00:00,BTCUSD,50744.07,51687.88,50583.66,51574.61,10707.22,548313000.54
2024-02-25T00:00:00+00:00,BTCUSD,51574.61,51957.87,51288.57,51727.63,12394.68,640224439.02
2024-02-26T00:00:00+00:00,BTCUSD,51727.63,54939.87,50920.53,54518.58,47961.27,2550669499.35
2024-02-27T00:00:00+00:00,BTCUSD,54518.58,57612.94,54483.19,57071.6,62683.92,3546751167.69
2024-02-28T00:00:00+00:00,BTCUSD,57071.6,64086.08,56726.31,62507.1,102181.72,6171823618.31
2024-02-29T00:00:00+00:00,BTCUSD,62507.1,63652.76,60370.98,61179.58,84709.08,5259277822.5
2024-03-01T00:00:00+00:00,BTCUSD,61179.58,63226.77,60795.21,62431.25,52747.33,3267402863.37
2024-03-02T00:00:00+00:00,BTCUSD,62431.25,62479.07,61631.05,62038.39,20264.53,1257238241.46
2024-03-03T00:00:00+00:00,BTCUSD,62038.39,63254.84,61392.4,63149.43,20301.48,1265273119.48
2024-03-04T00:00:00+00:00,BTCUSD,63149.43,68562.03,62363.97,68338.64,79177.16,5220774005.79
2024-03-05T00:00:00+00:00,BTCUSD,68338.64,69244.55,59268.68,63804.11,126873.13,8263897912.84
2024-03-06T00:00:00+00:00,BTCUSD,63804.11,67645.97,62851.27,66115.57,68031.77,4498440968.53
2024-03-07T00:00:00+00:00,BTCUSD,66115.57,68065.89,65610.94,66928.15,41800.64,2804368120.13
2024-03-08T00:00:00+00:00,BTCUSD,66928.15,70151.23,66173.73,68269.39,59361.92,4046244830.74
2024-03-09T00:00:00+00:00,BTCUSD,68269.39,68663.92,68026.81,68446.32,16947.1,1158711168.05
2024-03-10T00:00:00+00:00,BTCUSD,68446.32,69976.84,68218.19,69023.53,27686.99,1919585405.6
2024-03-11T00:00:00+00:00,BTCUSD,69023.53,72872.77,67170.42,72095.86,62709.74,4476609937.75
2024-03-12T00:00:00+00:00,BTCUSD,72095.86,72996.99,68636.43,71449.5,58546.01,4173072731.62
2024-03-13T00:00:00+00:00,BTCUSD,71449.5,73672.14,71329.7,73118.09,41314.41,3008299520.61
2024-03-14T00:00:00+00:00,BTCUSD,73118.09,73802.64,68493.91,71366.96,60699.01,4325873413.25
2024-03-15T00:00:00+00:00,BTCUSD,71366.96,72394.97,65579.78,69497.39,73358.94,5016358153.02
2024-03-16T00:00:00+00:00,BTCUSD,69497.39,70043.23,64783.87,65260.55,33956.52,2295869354.32
2024-03-17T00:00:00+00:00,BTCUSD,65260.55,68873.88,64529.3,68364.45,29362.49,1962751757.05
2024-03-18T00:00:00+00:00,BTCUSD,68364.45,68925.18,66584.49,67609.44,38542.52,2602930945.01
2024-03-19T00:00:00+00:00,BTCUSD,67609.44,68116.53,61529.15,61924.02,75848.91,4863914201.82
2024-03-20T00:00:00+00:00,BTCUSD,61924.02,68139.33,60782.8,67857.3,69671.19,4466872469.25
2024-03-21T00:00:00+00:00,BTCUSD,67857.3,68229.38,64548.09,65493.22,38234.75,2542747734.72
2024-03-22T00:00:00+00:00,BTCUSD,65493.22,66643.64,62321.3,63816.99,37343.35,2395884490.04
2024-03-23T00:00:00+00:00,BTCUSD,63816.99,66005.71,63025.99,64004.42,19360.47,1250716141.79
2024-03-24T00:00:00+00:00,BTCUSD,64004.42,67623.78,63802.82,67208.33,19120.87,1253420264.9
2024-03-25T00:00:00+00:00,BTCUSD,67208.33,71202.65,66400.46,69892.26,46100.6,3184570068.52
2024-03-26T00:00:00+00:00,BTCUSD,69892.26,71558.85,69294.69,69990.22,32990.33,2319265484.04
2024-03-27T00:00:00+00:00,BTCUSD,69990.22,71762.06,68384.71,69434.46,40450.72,2817965870.72
2024-03-28T00:00:00+00:00,BTCUSD,69434.46,71593.93,68864.89,70789.57,31346.01,2214217706.88
2024-03-29T00:00:00+00:00,BTCUSD,70789.57,70925.04,69059.03,69903.72,17382.89,1216001428.98
2024-03-30T00:00:00+00:00,BTCUSD,69903.72,70356.07,69586.01,69629.99,7371.14,515940317.66
2024-03-31T00:00:00+00:00,BTCUSD,69629.99,71389.78,69601.39,71312.91,10567.65,745658086.55
2024-04-01T00:00:00+00:00,BTCUSD,71312.91,71325.61,68074.92,69686.37,28892.19,2005923775.26
2024-04-02T00:00:00+00:00,BTCUSD,69686.37,69703.1,64571.71,65466.81,48905.67,3234216304.99
2024-04-03T00:00:00+00:00,BTCUSD,65466.81,66925.93,64514.87,65986.11,27792.87,1835055534.78
2024-04-04T00:00:00+00:00,BTCUSD,65986.11,69343.32,65081.42,68523.79,36673.5,2475521298.64
2024-04-05T00:00:00+00:00,BTCUSD,68523.79,68772.34,65994.65,67860.53,32904.8,2219856764.99
2024-04-06T00:00:00+00:00,BTCUSD,67860.53,69672.09,67483.82,68913.79,11314.76,772361130.33
2024-04-07T00:00:00+00:00,BTCUSD,68913.79,70303.08,68877.35,69357.32,13691.75,951477284.85
2024-04-08T00:00:00+00:00,BTCUSD,69357.32,72750.51,69064.41,71629.36,36459.33,2607488940.79
2024-04-09T00:00:00+00:00,BTCUSD,71629.36,71748.92,68213.24,69129.48,34538.71,2411758700.3
2024-04-10T00:00:00+00:00,BTCUSD,69129.48,71150.5,67480.7,70628.54,37142.44,2563902180.98
2024-04-11T00:00:00+00:00,BTCUSD,70628.54,71297.81,69558.05,70026.43,24988.45,1758820969.32
2024-04-12T00:00:00+00:00,BTCUSD,70026.43,71246.69,65257.57,67158.3,49331.17,3367653179.18
2024-04-13T00:00:00+00:00,BTCUSD,67158.3,68422.6,61079.47,64021.36,56915.71,3689543158.77
2024-04-14T00:00:00+00:00,BTCUSD,64021.36,65874.88,62229.8,65765.64,40968.04,2627998512.52
2024-04-15T00:00:00+00:00,BTCUSD,65765.64,66902.94,62328.07,63447.27,40978.19,2658417494.41
2024-04-16T00:00:00+00:00,BTCUSD,63447.27,64385.46,61667.72,63824.7,35542.55,2234500815.41
2024-04-17T00:00:00+00:00,BTCUSD,63824.7,64503.77,59682.79,61283.74,41504.19,2562816108.8
2024-04-18T00:00:00+00:00,BTCUSD,61283.74,64181.25,60829.27,63511.2,31452.84,1972785716.37
2024-04-19T00:00:00+00:00,BTCUSD,63511.2,65491.94,59607.49,63848.26,46058.39,2923364930.21
2024-04-20T00:00:00+00:00,BTCUSD,63848.26,65453.07,63140.68,64979.21,13464.03,866105478.99
2024-04-21T00:00:00+00:00,BTCUSD,64979.21,65724.22,64271.77,64955.82,13150.64,854324202.42
2024-04-22T00:00:00+00:00,BTCUSD,64955.82,67257.68,64536.42,66854.24,22839.75,1510230897.53
2024-04-23T00:00:00+00:00,BTCUSD,66854.24,67211.15,65835.93,66415.06,17575.6,1169300050.32
2024-04-24T00:00:00+00:00,BTCUSD,66415.06,67067.52,63556.97,64263.95,28785.93,1878460968.73
2024-04-25T00:00:00+00:00,BTCUSD,64263.95,65279.7,62759.65,64488.49,26730.52,1713069016.97
2024-04-26T00:00:00+00:00,BTCUSD,64488.49,64795.15,63307.56,63750.63,19914.4,1275865834.83
2024-04-27T00:00:00+00:00,BTCUSD,63750.63,63904.85,62408.97,63434.44,12684.85,799665556.56
2024-04-28T00:00:00+00:00,BTCUSD,63434.44,64335.08,62769.01,63111.34,10104.62,642628554.25
2024-04-29T00:00:00+00:00,BTCUSD,63111.34,64192.54,61768.51,63847.54,21849.86,1370557060.16
2024-04-30T00:00:00+00:00,BTCUSD,63847.54,64721.13,59097.29,60633.97,41212.82,2518380270.05
2024-05-01T00:00:00+00:00,BTCUSD,60633.97,60788.52,56516.09,58277.44,52053.76,3014503800.73
2024-05-02T00:00:00+00:00,BTCUSD,58277.44,59628.08,56936.28,59083.85,29471.89,1724718703.27
2024-05-03T00:00:00+00:00,BTCUSD,59083.85,63355.83,58835.76,62917.45,35180.41,2147038663.01
2024-05-04T00:00:00+00:00,BTCUSD,62917.45,64539.14,62587.84,63904.51,16206.9,1029192793.92
2024-05-05T00:00:00+00:00,BTCUSD,63904.51,64634.43,62923.47,64037.5,12595.62,803966989.59
2024-05-06T00:00:00+00:00,BTCUSD,64037.5,65517.33,62715.9,63168.44,24082.55,1537928462.74
2024-05-07T00:00:00+00:00,BTCUSD,63168.44,64403.15,62274.09,62323.36,20907.17,1326416673.48
2024-05-08T00:00:00+00:00,BTCUSD,62323.36,63004.6,60867.52,61179.81,18593.4,1155791451.43
2024-05-09T00:00:00+00:00,BTCUSD,61179.81,63429.98,60623.94,63077.18,18440.55,1140626858.17
2024-05-10T00:00:00+00:00,BTCUSD,63077.18,63469.13,60181.24,60790.82,25390.35,1565941805.66
2024-05-11T00:00:00+00:00,BTCUSD,60790.82,61489.54,60474.73,60823.19,8298.11,505608099.69
2024-05-12T00:00:00+00:00,BTCUSD,60823.19,61838.51,60600.9,61459.22,8214.5,502848342.69
2024-05-13T00:00:00+00:00,BTCUSD,61459.22,63445.72,60758.38,62932.29,21250.01,1327733464.12
2024-05-14T00:00:00+00:00,BTCUSD,62932.29,63097.07,61094.77,61548.48,26392.04,1636519845.72
2024-05-15T00:00:00+00:00,BTCUSD,61548.48,66467.29,61325.48,66245.16,40708.36,2625073579.59
2024-05-16T00:00:00+00:00,BTCUSD,66245.16,66760.54,64600.05,65250.53,24275.96,1596664354.59
2024-05-17T00:00:00+00:00,BTCUSD,65250.53,67489.24,65120.39,67051.35,23340.48,1552274385.82
2024-05-18T00:00:00+00:00,BTCUSD,67051.35,67397.7,66633.01,66927.56,8752.24,586174043.35
2024-05-19T00:00:00+00:00,BTCUSD,66927.56,67696.21,65878.18,66268.25,9725.64,650338446.5
2024-05-20T00:00:00+00:00,BTCUSD,66268.25,71546.4,66071.74,71430.23,38260.49,2624709812.32
2024-05-21T00:00:00+00:00,BTCUSD,71430.23,71964.79,69158.99,70141.17,30747.6,2169803609.99
2024-05-22T00:00:00+00:00,BTCUSD,70141.17,70643.89,68952.24,69123.56,22981.44,1603267534.2
2024-05-23T00:00:00+00:00,BTCUSD,69123.56,70037.76,66370,67946.35,28168.79,1922285401.83
2024-05-24T00:00:00+00:00,BTCUSD,67946.35,69264.17,66613.35,68548.33,18239.62,1242012319.42
2024-05-25T00:00:00+00:00,BTCUSD,68548.33,69599.81,68498.87,69288.95,5972,412212332.66
2024-05-26T00:00:00+00:00,BTCUSD,69288.95,69511.53,68156.05,68488.29,5502.87,379159635.92
2024-05-27T00:00:00+00:00,BTCUSD,68488.29,70613.89,68227.32,69386.83,13110.64,909946343.46
2024-05-28T00:00:00+00:00,BTCUSD,69386.83,69533.54,67206.37,68330.84,22223.83,1514489243.92
2024-05-29T00:00:00+00:00,BTCUSD,68330.84,68858.38,67099.33,67576.81,16353.37,1108570253.28
2024-05-30T00:00:00+00:00,BTCUSD,67576.81,69520.94,67107.22,68346.19,20828.64,1424914242.82
2024-05-31T00:00:00+00:00,BTCUSD,68346.19,69012.82,66605.09,67482.25,19922.04,1349659294.8
2024-06-01T00:00:00+00:00,BTCUSD,67482.25,67831.31,67383.55,67721.6,4400.74,297719480.73
2024-06-02T00:00:00+00:00,BTCUSD,67721.6,68409.58,67279.96,67738.74,6731.43,456585602.02
2024-06-03T00:00:00+00:00,BTCUSD,67738.74,70283.97,67584.62,68799.6,22783.46,1575608100.17
2024-06-04T00:00:00+00:00,BTCUSD,68799.6,71090.99,68553.54,70548.51,29746.55,2084571763.56
2024-06-05T00:00:00+00:00,BTCUSD,70548.51,71782.2,70371.34,71117.68,21737.62,1545204312.75
2024-06-06T00:00:00+00:00,BTCUSD,71117.68,71642.27,70113.83,70772.35,16078.4,1141567996.37
2024-06-07T00:00:00+00:00,BTCUSD,70772.35,71943.4,68439.15,69330.51,28318.21,1992355199.22
2024-06-08T00:00:00+00:00,BTCUSD,69330.51,69547.91,69152.66,69303.58,5753.02,399100009.36
2024-06-09T00:00:00+00:00,BTCUSD,69303.58,69837.26,69131.01,69639.42,5137.66,357128157.69
2024-06-10T00:00:00+00:00,BTCUSD,69639.42,70172,69166.61,69505.57,12116.49,843477987.58
2024-06-11T00:00:00+00:00,BTCUSD,69505.57,69550.65,66054.78,67319.41,31800.9,2141818771.53
2024-06-12T00:00:00+00:00,BTCUSD,67319.41,70021.47,66896.79,68247,31159.85,2139401386.85
2024-06-13T00:00:00+00:00,BTCUSD,68247,68428.43,66224.61,66742.54,23051.5,1550737143.4
2024-06-14T00:00:00+00:00,BTCUSD,66742.54,67317.79,65026.62,66006.13,24684.72,1633598669.38
2024-06-15T00:00:00+00:00,BTCUSD,66006.13,66419.48,65832.26,66188.81,6139.62,406250537.71
2024-06-16T00:00:00+00:00,BTCUSD,66188.81,66916.83,66012.05,66631.59,6512.06,433017008.55
2024-06-17T00:00:00+00:00,BTCUSD,66631.59,67264.71,65062.53,66481.73,28974.78,1917243316.16
2024-06-18T00:00:00+00:00,BTCUSD,66481.73,66570.67,64033.69,65158.02,35263.17,2293594296.72
2024-06-19T00:00:00+00:00,BTCUSD,65158.02,65708.56,64656.84,64950.82,13478.88,878187235.08
2024-06-20T00:00:00+00:00,BTCUSD,64950.82,66462.52,64527.9,64847.89,22559.77,1473091625.51
2024-06-21T00:00:00+00:00,BTCUSD,64847.89,65018.39,63350.87,64119.34,22310.94,1427909531.59
2024-06-22T00:00:00+00:00,BTCUSD,64119.34,64500,63924.68,64250.18,5570.5,358155105.44
2024-06-23T00:00:00+00:00,BTCUSD,64250.18,64504.84,63154.88,63181.02,6504.7,416250575.81
2024-06-24T00:00:00+00:00,BTCUSD,63181.02,63335.53,58443.98,60270.95,48177.24,2938115761.51
2024-06-25T00:00:00+00:00,BTCUSD,60270.95,62385.37,60232.04,61796.56,31697.13,1946492862.08
2024-06-26T00:00:00+00:00,BTCUSD,61796.56,62471.55,60684.69,60824.43,23423.63,1436803387.64
2024-06-27T00:00:00+00:00,BTCUSD,60824.43,62341.3,60562.27,61630.1,22562.67,1385461549.94
2024-06-28T00:00:00+00:00,BTCUSD,61630.1,62168.03,59907.92,60324.3,24288.31,1481619028.88
2024-06-29T00:00:00+00:00,BTCUSD,60324.3,61129.31,60294.22,60905.3,9214.26,560710968.57
2024-06-30T00:00:00+00:00,BTCUSD,60905.3,62949.76,60637.5,62685.88,12626.61,778765578.43
2024-07-01T00:00:00+00:00,BTCUSD,62685.88,63800.98,62462.2,62841.27,25708.72,1623104957.15
2024-07-02T00:00:00+00:00,BTCUSD,62841.27,63219.74,61453.08,62044.48,20510.77,1278702453.96
2024-07-03T00:00:00+00:00,BTCUSD,62044.48,62198.73,59373.07,60157.2,27365.92,1653064013.62
2024-07-04T00:00:00+00:00,BTCUSD,60157.2,60428.43,56728.63,57041.11,40351.82,2342236881.51
2024-07-05T00:00:00+00:00,BTCUSD,57041.11,57494.97,53528.09,56646.24,57490.15,3198812323.21
2024-07-06T00:00:00+00:00,BTCUSD,56646.24,58495.08,56035.03,58255.65,18766.95,1072779742.28
2024-07-07T00:00:00+00:00,BTCUSD,58255.65,58452.39,55734.13,55866.6,18402.28,1053256457.42
2024-07-08T00:00:00+00:00,BTCUSD,55866.6,58166.93,54305.08,56709.76,43439.51,2441024283.07
2024-07-09T00:00:00+00:00,BTCUSD,56709.76,58289.53,56296.1,58047.2,29452.6,1692558128.7
2024-07-10T00:00:00+00:00,BTCUSD,58047.2,59463.57,57165.19,57725.78,28064.27,1631984559.89
2024-07-11T00:00:00+00:00,BTCUSD,57725.78,59494.11,57072.63,57348.75,29764.17,1729366992.27
2024-07-12T00:00:00+00:00,BTCUSD,57348.75,58543.78,56554.34,57913.68,27242.71,1567843358.24
2024-07-13T00:00:00+00:00,BTCUSD,57913.68,59866.89,57784.15,59231.06,13963.3,819172857.7
2024-07-14T00:00:00+00:00,BTCUSD,59231.06,61424.95,59222.6,60818.77,20080.87,1207899406.9
2024-07-15T00:00:00+00:00,BTCUSD,60818.77,64936.75,60688.12,64765.55,43679.34,2752990856.54
2024-07-16T00:00:00+00:00,BTCUSD,64765.55,65399.48,62434.72,65087.61,38850.8,2492930912.34
2024-07-17T00:00:00+00:00,BTCUSD,65087.61,66131.67,63872.53,64096.64,28170.64,1830962929.69
2024-07-18T00:00:00+00:00,BTCUSD,64096.64,65118.55,63235.08,63981.43,21904.27,1405605268.54
2024-07-19T00:00:00+00:00,BTCUSD,63981.43,67468.45,63305.25,66708.49,33756.81,2214983951.52
2024-07-20T00:00:00+00:00,BTCUSD,66708.49,67626.82,66291.51,67163.86,12566.25,840850489.36
2024-07-21T00:00:00+00:00,BTCUSD,67163.86,68370.58,65840.58,68176.98,18123.31,1219084237.52
2024-07-22T00:00:00+00:00,BTCUSD,68176.98,68490.59,66594.51,67567.71,26712.99,1805561349.3
2024-07-23T00:00:00+00:00,BTCUSD,67567.71,67774.86,65465.88,65939.83,29465.67,1958486045.34
2024-07-24T00:00:00+00:00,BTCUSD,65939.83,67120.99,65112.45,65375.53,21576.01,1426727978.64
2024-07-25T00:00:00+00:00,BTCUSD,65375.53,66154.31,63429.11,65794,29473.48,1902596712.12
2024-07-26T00:00:00+00:00,BTCUSD,65794,68219.43,65734.24,67925.17,24567.97,1654021251.63
2024-07-27T00:00:00+00:00,BTCUSD,67925.17,69416.52,66675.48,67904.55,26420.73,1801405015.15
2024-07-28T00:00:00+00:00,BTCUSD,67904.55,68306.74,67054.94,68252.75,11980.7,812380984.29
2024-07-29T00:00:00+00:00,BTCUSD,68252.75,70027.05,66436.99,66782.78,33524.03,2292001706.95
2024-07-30T00:00:00+00:00,BTCUSD,66782.78,66989.18,65293.95,66180.04,24376.6,1614525200.12
2024-07-31T00:00:00+00:00,BTCUSD,66180.04,66826.66,64508.96,64617.83,24304.84,1601329476.94
2024-08-01T00:00:00+00:00,BTCUSD,64617.83,65590.04,62238.44,65300.21,37045.09,2364449721.14
2024-08-02T00:00:00+00:00,BTCUSD,65300.21,65548.28,61165.12,61422.3,40943.43,2601345982.92
2024-08-03T00:00:00+00:00,BTCUSD,61422.3,62154.66,59838.49,60679.28,26176.07,1596127875.28
2024-08-04T00:00:00+00:00,BTCUSD,60679.28,61075.03,57174.97,58135.89,28092.97,1665780997.48
2024-08-05T00:00:00+00:00,BTCUSD,58135.89,58275.19,49202.81,54031.82,117153.32,6220425122.88
2024-08-06T00:00:00+00:00,BTCUSD,54031.82,57077.92,53987.77,56057.67,44255.76,2473716223.17
2024-08-07T00:00:00+00:00,BTCUSD,56057.67,57753.96,54580.16,55130.45,39691.91,2232435439.52
2024-08-08T00:00:00+00:00,BTCUSD,55130.45,62717.23,54751.57,61708.53,48215.66,2834182014.44
2024-08-09T00:00:00+00:00,BTCUSD,61708.53,61752.64,59573.13,60868.88,32998.38,2000603963.46
2024-08-10T00:00:00+00:00,BTCUSD,60868.88,61478.08,60270.33,60940.82,11935.68,725371248.47
2024-08-11T00:00:00+00:00,BTCUSD,60940.82,61842.63,58331.17,58725,18214.18,1093722861
2024-08-12T00:00:00+00:00,BTCUSD,58725,60708.39,57677.54,59360.89,33285.38,1967504137.76
2024-08-13T00:00:00+00:00,BTCUSD,59360.89,61603.92,58440.76,60609.73,28787.92,1727785105.35
2024-08-14T00:00:00+00:00,BTCUSD,60609.73,61788.76,58461.76,58698.05,30973.89,1858459018.71
2024-08-15T00:00:00+00:00,BTCUSD,58698.05,59869.57,56132.98,57552.92,34692.53,2023439063.25
2024-08-16T00:00:00+00:00,BTCUSD,57552.92,59851.62,57106.84,58893.67,29186.89,1708248208.47
2024-08-17T00:00:00+00:00,BTCUSD,58893.67,59708.69,58815.46,59497.94,9691.68,574723583.6
2024-08-18T00:00:00+00:00,BTCUSD,59497.94,60280.79,58433.69,58439.22,13915.75,830090221.14
2024-08-19T00:00:00+00:00,BTCUSD,58439.22,59632.55,57828.14,59464.41,24222.4,1420739617.67
2024-08-20T00:00:00+00:00,BTCUSD,59464.41,61442.89,58588.82,59027.55,31292.98,1877438049.21
2024-08-21T00:00:00+00:00,BTCUSD,59027.55,61851.26,58806.66,61170.8,38408.34,2311932103.1
2024-08-22T00:00:00+00:00,BTCUSD,61170.8,61426.96,59756.43,60387.29,28924.51,1754742660.96
2024-08-23T00:00:00+00:00,BTCUSD,60387.29,64982.66,60351.28,64087.8,42020.68,2623908332.37
2024-08-24T00:00:00+00:00,BTCUSD,64087.8,64523.11,63591.53,64180.77,15286.56,979836005.58
2024-08-25T00:00:00+00:00,BTCUSD,64180.77,65058.66,63828.67,64264.62,12753.39,819671993.67
2024-08-26T00:00:00+00:00,BTCUSD,64264.62,64504.12,62816.08,62850.27,27037.83,1719932426.98
2024-08-27T00:00:00+00:00,BTCUSD,62850.27,63220.85,58045.32,59441.73,39241.27,2403744129.11
2024-08-28T00:00:00+00:00,BTCUSD,59441.73,60232.58,57868.47,59043.5,38043.04,2251640371.44
2024-08-29T00:00:00+00:00,BTCUSD,59043.5,61191.57,58735.81,59369.85,34345.83,2058113286.38
2024-08-30T00:00:00+00:00,BTCUSD,59369.85,59926.33,57725.72,59129.05,35023.22,2063630420.49
2024-08-31T00:00:00+00:00,BTCUSD,59129.05,59456.66,58759.04,58989.17,8035.77,474924657.65
2024-09-01T00:00:00+00:00,BTCUSD,58989.17,59085.64,57217.94,57313.44,22352.53,1298154355.3
2024-09-02T00:00:00+00:00,BTCUSD,57313.44,59431.04,57135.27,59147.8,23766.29,1383666270.94
2024-09-03T00:00:00+00:00,BTCUSD,59147.8,59825.44,57411.84,57481.84,26568.4,1548986994.4
2024-09-04T00:00:00+00:00,BTCUSD,57481.84,58532.47,55625.58,57975.52,43027.18,2458579314.87
2024-09-05T00:00:00+00:00,BTCUSD,57975.52,58329.93,55651.61,56167.4,38784.5,2198240196.62
2024-09-06T00:00:00+00:00,BTCUSD,56167.4,57004.28,52552.05,53954.33,69521.39,3807917186.59
2024-09-07T00:00:00+00:00,BTCUSD,53954.33,54852.05,53742.58,54167.82,17050.67,925092003.79
2024-09-08T00:00:00+00:00,BTCUSD,54167.82,55321.44,53631.93,54879.33,19159.79,1042880564.27
2024-09-09T00:00:00+00:00,BTCUSD,54879.33,58005.33,54591.28,57056.31,42637.41,2385673385.77
2024-09-10T00:00:00+00:00,BTCUSD,57056.31,58050.66,56397.36,57642.43,33391.45,1908344975.36
2024-09-11T00:00:00+00:00,BTCUSD,57642.43,58002.86,55554.25,57354.27,55576.26,3160608627.55
2024-09-12T00:00:00+00:00,BTCUSD,57354.27,58573.29,57330.99,58140.61,40914.83,2373500502.95
2024-09-13T00:00:00+00:00,BTCUSD,58140.61,60666.01,57637.58,60548.12,40546.37,2401277043.91
2024-09-14T00:00:00+00:00,BTCUSD,60548.12,60653.12,59433.38,60013.26,15042.25,903199598.39
2024-09-15T00:00:00+00:00,BTCUSD,60013.26,60409.32,58697.69,59139.21,19176.34,1146142289.52
2024-09-16T00:00:00+00:00,BTCUSD,59139.21,59215.73,57486.82,58210.01,33106.34,1927790314.93
2024-09-17T00:00:00+00:00,BTCUSD,58210.01,61356.68,57624.63,60321.59,40712.51,2440680770.1
2024-09-18T00:00:00+00:00,BTCUSD,60321.59,61794.54,59185.2,61775.68,48151.29,2902628124.61
2024-09-19T00:00:00+00:00,BTCUSD,61775.68,63881.87,61582.28,62963.41,46829.96,2939807292.07
2024-09-20T00:00:00+00:00,BTCUSD,62963.41,64131.22,62345.57,63211.47,34617.55,2188110863.96
2024-09-21T00:00:00+00:00,BTCUSD,63211.47,63548.08,62767.25,63363.17,12142.67,766364347.61
2024-09-22T00:00:00+00:00,BTCUSD,63363.17,64015.58,62394.47,63587.45,18884.06,1190921326.46
2024-09-23T00:00:00+00:00,BTCUSD,63587.45,64749.32,62584.5,63341.97,27280.27,1734107185.41
2024-09-24T00:00:00+00:00,BTCUSD,63341.97,64698.02,62710.48,64276.65,32160.64,2045185242.06
2024-09-25T00:00:00+00:00,BTCUSD,64276.65,64823.35,62938.97,63144.83,23967.21,1526541478.78
2024-09-26T00:00:00+00:00,BTCUSD,63144.83,65861.15,62660.36,65183.68,43302.56,2800234985.9
2024-09-27T00:00:00+00:00,BTCUSD,65183.68,66547.69,64839.11,65790.28,36162.6,2378877920.32
2024-09-28T00:00:00+00:00,BTCUSD,65790.28,66267.41,65442.19,65868.67,10383.49,682765288.62
2024-09-29T00:00:00+00:00,BTCUSD,65868.67,66081.97,65440.3,65611.98,11532.92,758322138.61
2024-09-30T00:00:00+00:00,BTCUSD,65611.98,65627.43,62846.03,63314.81,42396.01,2712227231.34
2024-10-01T00:00:00+00:00,BTCUSD,63314.81,64112.99,60156.13,60790.06,67326.52,4189744833.01
2024-10-02T00:00:00+00:00,BTCUSD,60790.06,62383.28,59976.82,60641.8,55652.18,3402156876.74
2024-10-03T00:00:00+00:00,BTCUSD,60641.8,61478.71,59846.16,60746.35,50457.09,3058499959.35
2024-10-04T00:00:00+00:00,BTCUSD,60746.35,62480.52,60458.33,62094.06,38904.7,2395319327.7
2024-10-05T00:00:00+00:00,BTCUSD,62094.06,62377.77,61689.84,62059.19,10082.43,625465514.89
2024-10-06T00:00:00+00:00,BTCUSD,62059.19,62976.08,61815.61,62821.76,13418.93,838451338.95
2024-10-07T00:00:00+00:00,BTCUSD,62821.76,64458.38,62129.23,62209.84,41062.64,2602786910.05
2024-10-08T00:00:00+00:00,BTCUSD,62209.84,63185.68,61832.71,62129.17,33506.88,2090901005.09
2024-10-09T00:00:00+00:00,BTCUSD,62129.17,62513.84,60252.65,60585.22,37528.72,2311387233.46
2024-10-10T00:00:00+00:00,BTCUSD,60585.22,61251.26,58869.24,60280.38,42405.42,2553922274.06
2024-10-11T00:00:00+00:00,BTCUSD,60280.38,63418.56,60039.18,62517.42,36112.65,2236421715.94
2024-10-12T00:00:00+00:00,BTCUSD,62517.42,63469.71,62473.78,63197.03,15673.6,987509499.19
2024-10-13T00:00:00+00:00,BTCUSD,63197.03,63276.36,62036.49,62854.48,16786.01,1051974824.5
2024-10-14T00:00:00+00:00,BTCUSD,62854.48,66494.04,62438.82,66068.25,50393.51,3279898050.67
2024-10-15T00:00:00+00:00,BTCUSD,66068.25,67938.85,64791.36,67064.69,51909.81,3442311150.59
2024-10-16T00:00:00+00:00,BTCUSD,67064.69,68401.67,66752.45,67614.71,42024.2,2841013476.69
2024-10-17T00:00:00+00:00,BTCUSD,67614.71,67931.28,66643.91,67408.87,32062.99,2154293295.5
2024-10-18T00:00:00+00:00,BTCUSD,67408.87,69016.74,67167.07,68425.63,36869.58,2516405877.34
2024-10-19T00:00:00+00:00,BTCUSD,68425.63,68681.33,68009.42,68370.04,7712.36,526753638.72
2024-10-20T00:00:00+00:00,BTCUSD,68370.04,69385.31,68094.66,69020.94,11999.25,824334290.12
2024-10-21T00:00:00+00:00,BTCUSD,69020.94,69501.44,66811.42,67358.14,36536.85,2480399716.7
2024-10-22T00:00:00+00:00,BTCUSD,67358.14,67800.62,66540.7,67390.32,32484.74,2184452853.61
2024-10-23T00:00:00+00:00,BTCUSD,67390.32,67436.29,65171.54,66612.97,32488.79,2154644447.87
2024-10-24T00:00:00+00:00,BTCUSD,66612.97,68812.4,66456.7,68163.56,31715.51,2144280257.66
2024-10-25T00:00:00+00:00,BTCUSD,68163.56,68745.57,65510.53,66577.77,43824.41,2952724943.71
2024-10-26T00:00:00+00:00,BTCUSD,66577.77,67366.46,66343.25,67014.72,14159.11,946447393.67
2024-10-27T00:00:00+00:00,BTCUSD,67014.72,68254.55,66852.5,67945.14,12105.31,818581011.16
2024-10-28T00:00:00+00:00,BTCUSD,67945.14,70241.74,67541,69925.83,42091.94,2902994091.1
2024-10-29T00:00:00+00:00,BTCUSD,69925.83,73612.24,69725.05,72723.67,58289.36,4194343293.57
2024-10-30T00:00:00+00:00,BTCUSD,72723.67,72945.06,71408.4,72331.96,38392.15,2769522546.26
2024-10-31T00:00:00+00:00,BTCUSD,72331.96,72675.24,69585.02,70207.54,39358.14,2794856636.84
2024-11-01T00:00:00+00:00,BTCUSD,70207.54,71616.01,68755.75,69473.41,49030.12,3429441961.46
2024-11-02T00:00:00+00:00,BTCUSD,69473.41,69884.38,69006.88,69354.01,10811.2,750733288.76
2024-11-03T00:00:00+00:00,BTCUSD,69354.01,69364.8,67457.91,68747.04,29674.18,2028670648.54
2024-11-04T00:00:00+00:00,BTCUSD,68747.04,69453.56,66793.64,67811.95,43141.35,2939056973.62
2024-11-05T00:00:00+00:00,BTCUSD,67811.95,70540.03,67432.99,69378.09,47211.37,3274519976.93
2024-11-06T00:00:00+00:00,BTCUSD,69378.09,76482.2,69295.92,75643.57,116207.84,8601347745.99
2024-11-07T00:00:00+00:00,BTCUSD,75643.57,76963.92,74472.09,75922.41,58490.52,4433063855.56
2024-11-08T00:00:00+00:00,BTCUSD,75922.41,77289.29,75656.7,76562.31,48629.32,3714364388.44
2024-11-09T00:00:00+00:00,BTCUSD,76562.31,76949.29,75763.57,76716.41,15808.47,1208160963.89
2024-11-10T00:00:00+00:00,BTCUSD,76716.41,81520.53,76545.66,80429.43,57715.18,4582398468.87
2024-11-11T00:00:00+00:00,BTCUSD,80429.43,89644.7,80283.65,88758.31,104407.32,8845679630.06
2024-11-12T00:00:00+00:00,BTCUSD,88758.31,90006.57,85125.04,88040.54,117605.91,10326697667.45
2024-11-13T00:00:00+00:00,BTCUSD,88040.54,93479.86,86252.86,90498.51,124766.84,11250681620.25
2024-11-14T00:00:00+00:00,BTCUSD,90498.51,91817.29,86679.1,87334.19,81846.21,7309565757.27
2024-11-15T00:00:00+00:00,BTCUSD,87334.19,91897.76,87118.43,91058.92,71049.87,6353615968.72
2024-11-16T00:00:00+00:00,BTCUSD,91058.92,91810.87,90092.82,90630.94,27488.76,2501576427.85
2024-11-17T00:00:00+00:00,BTCUSD,90630.94,91436.45,88728.28,89877.16,30966.65,2791320512.2
2024-11-18T00:00:00+00:00,BTCUSD,89877.16,92649.98,87547.97,90514.83,66007.84,6006522738.03
2024-11-19T00:00:00+00:00,BTCUSD,90514.83,94056.9,90414.27,92418.48,64909.54,5995386487.48
2024-11-20T00:00:00+00:00,BTCUSD,92418.48,95056.1,91612.46,94379.92,70180.2,6579886464.89
2024-11-21T00:00:00+00:00,BTCUSD,94379.92,99056.4,94152.97,98436.25,89243.49,8678686263.5
2024-11-22T00:00:00+00:00,BTCUSD,98436.25,99772.99,97207.77,99010.89,74286.51,7337283037.5
2024-11-23T00:00:00+00:00,BTCUSD,99010.89,99023.88,97219.23,97765.04,29017.14,2853544178
2024-11-24T00:00:00+00:00,BTCUSD,97765.04,98670.34,95781.2,98018.2,30269.68,2940396079.61
2024-11-25T00:00:00+00:00,BTCUSD,98018.2,98974.51,92592.66,93019.38,68259.16,6533804395.53
2024-11-26T00:00:00+00:00,BTCUSD,93019.38,95007.52,90730.54,91903.89,77087.79,7150066318.55
2024-11-27T00:00:00+00:00,BTCUSD,91903.89,97373.56,91757.22,95957.51,47765.92,4533983270.73
2024-11-28T00:00:00+00:00,BTCUSD,95957.51,96672.28,94677.17,95670.41,24214.5,2311939499.68
2024-11-29T00:00:00+00:00,BTCUSD,95670.41,98735.69,95391.39,97510.92,39884.8,3883366949.57
2024-11-30T00:00:00+00:00,BTCUSD,97510.92,97514.26,96137.13,96473.51,12565.01,1215861238.63
2024-12-01T00:00:00+00:00,BTCUSD,96473.51,97896.77,95752.22,97276.47,17120.23,1659820134.72
2024-12-02T00:00:00+00:00,BTCUSD,97276.47,98219.29,94419.96,95859.75,52454.21,5040855658.82
2024-12-03T00:00:00+00:00,BTCUSD,95859.75,96304.02,93590.91,95928.37,52781.2,5033493735.21
2024-12-04T00:00:00+00:00,BTCUSD,95928.37,99226.36,94663.42,98751.87,59092.55,5727735676.06
2024-12-05T00:00:00+00:00,BTCUSD,98751.87,104028.51,91741.97,97053.82,119875.78,12041439286.7
2024-12-06T00:00:00+00:00,BTCUSD,97053.82,102088.57,96427,99897.97,56899.66,5653979066.29
2024-12-07T00:00:00+00:00,BTCUSD,99897.97,100578.8,99025.63,99926.38,17306.94,1728102575.48
2024-12-08T00:00:00+00:00,BTCUSD,99926.38,101430.6,98730.22,101189.81,17851.82,1785051035.31
2024-12-09T00:00:00+00:00,BTCUSD,101189.81,101290.02,94567.01,97338.34,69981.57,6847958219.35
2024-12-10T00:00:00+00:00,BTCUSD,97338.34,98316.66,94284,96657.88,68661.05,6621616095.14
2024-12-11T00:00:00+00:00,BTCUSD,96657.88,101979.09,95730.76,101203.07,55047.48,5482015399.12
2024-12-12T00:00:00+00:00,BTCUSD,101203.07,102598.04,99311.56,100041.98,47200.64,4765401240.36
2024-12-13T00:00:00+00:00,BTCUSD,100041.98,101947.1,99232.64,101429.78,34639.86,3492131954.88
2024-12-14T00:00:00+00:00,BTCUSD,101429.78,102653.76,100606.28,101402.95,16577.72,1683710017.37
2024-12-15T00:00:00+00:00,BTCUSD,101402.95,105140.47,101228.16,104424.54,24799.66,2557994217.64
2024-12-16T00:00:00+00:00,BTCUSD,104424.54,107829.08,103299.75,106089.2,60439.19,6398449052.08
2024-12-17T00:00:00+00:00,BTCUSD,106089.2,108369.13,105308.99,106140.14,40879.26,4365460605.55
2024-12-18T00:00:00+00:00,BTCUSD,106140.14,106502.15,99946.11,100147.26,75094.41,7727995790.43
2024-12-19T00:00:00+00:00,BTCUSD,100147.26,102767.84,95555.55,97381.1,80969.49,8011759334.63
2024-12-20T00:00:00+00:00,BTCUSD,97381.1,98131.87,92144.03,97769.49,84967.2,8141536426.69
2024-12-21T00:00:00+00:00,BTCUSD,97769.49,99529.45,96379.46,97223.39,29797.52,2907358271.75
2024-12-22T00:00:00+00:00,BTCUSD,97223.39,97387.01,94186.04,95098.66,29661.75,2842280143.72
2024-12-23T00:00:00+00:00,BTCUSD,95098.66,96428.13,92378.53,94771.64,57639.3,5422281368.55
2024-12-24T00:00:00+00:00,BTCUSD,94771.64,99439.54,93437.9,98606.93,40945.61,3967574825.79
2024-12-25T00:00:00+00:00,BTCUSD,98606.93,99484.75,97568.85,99356.06,21801.56,2147049998.69
2024-12-26T00:00:00+00:00,BTCUSD,99356.06,99888.75,95098.08,95680.19,38437.52,3704007593.19
2024-12-27T00:00:00+00:00,BTCUSD,95680.19,97351.17,93270.34,94170.09,47149.3,4479654695.05
2024-12-28T00:00:00+00:00,BTCUSD,94170.09,95542.25,94008.53,95140.15,14159.69,1339743546.48
2024-12-29T00:00:00+00:00,BTCUSD,95140.15,95175.67,92850.44,93564.85,17921.9,1684134735.83
2024-12-30T00:00:00+00:00,BTCUSD,93564.85,94910.24,91310.52,92646.21,56846.06,5287498462.5
2024-12-31T00:00:00+00:00,BTCUSD,92646.21,96139.7,91894.97,93391.98,38897.74,3659994868.24
2025-01-01T00:00:00+00:00,BTCUSD,93391.98,94953.5,92728.81,94392.51,19153.02,1798161467.81
2025-01-02T00:00:00+00:00,BTCUSD,94392.51,97766.59,94197.85,96900.96,38283.3,3693985155.25
2025-01-03T00:00:00+00:00,BTCUSD,96900.96,98963.23,96021.74,98135.8,28427.3,2773288955.93
2025-01-04T00:00:00+00:00,BTCUSD,98135.8,98757.16,97522.47,98213.69,9919.49,972181437.3
2025-01-05T00:00:00+00:00,BTCUSD,98213.69,98818.4,97248.4,98346.97,9872.68,967941540.09
2025-01-06T00:00:00+00:00,BTCUSD,98346.97,102530.34,97908.09,102282.2,46146.96,4654078182.67
2025-01-07T00:00:00+00:00,BTCUSD,102282.2,102747.54,96112.95,96942.47,54319.14,5348079997.25
2025-01-08T00:00:00+00:00,BTCUSD,96942.47,97251.53,92488.45,95051.06,57721.92,5480363249.42
2025-01-09T00:00:00+00:00,BTCUSD,95051.06,95345.44,91197.56,92548.12,50519.28,4696698492.32
2025-01-10T00:00:00+00:00,BTCUSD,92548.12,95845.36,92206.53,94710.29,55479.83,5217667771.49
2025-01-11T00:00:00+00:00,BTCUSD,94710.29,94985.54,93826.56,94569.95,9594.23,905586720.06
2025-01-12T00:00:00+00:00,BTCUSD,94569.95,95388.08,93675.7,94505.67,10865.93,1027482279.92
2025-01-13T00:00:00+00:00,BTCUSD,94505.67,95894.16,89153.4,94517.66,67978.59,6274787648.38
2025-01-14T00:00:00+00:00,BTCUSD,94517.66,97357.87,94324.09,96526.87,44347.27,4263471095.02
2025-01-15T00:00:00+00:00,BTCUSD,96526.87,100719.11,96466.75,100510.84,43167.2,4261664752.23
2025-01-16T00:00:00+00:00,BTCUSD,100510.84,100867.35,97275.38,99979.43,43426.87,4314930790.39
2025-01-17T00:00:00+00:00,BTCUSD,99979.43,105926.06,99941.15,104111.13,54200.85,5613810480
2025-01-18T00:00:00+00:00,BTCUSD,104111.13,104927.11,102234.37,104431.52,25366.61,2633222970.99
2025-01-19T00:00:00+00:00,BTCUSD,104431.52,106317.18,99537.53,101212.56,41597.34,4325905602.1
2025-01-20T00:00:00+00:00,BTCUSD,101212.56,109340.21,99449.75,102148.74,68840.35,7208305685.37
2025-01-21T00:00:00+00:00,BTCUSD,102148.74,107252.77,100069.04,106155.61,84552.76,8798621119.3
2025-01-22T00:00:00+00:00,BTCUSD,106155.61,106398.57,103321.48,103669.08,43996.49,4603973397.2
2025-01-23T00:00:00+00:00,BTCUSD,103669.08,106865.3,101221,103933.88,94063.64,9801561614.73
2025-01-24T00:00:00+00:00,BTCUSD,103933.88,107170.86,102751.09,104854.78,40201.93,4233037157.97
2025-01-25T00:00:00+00:00,BTCUSD,104854.78,105282.15,104107.08,104733.15,11835.64,1239370331.55
2025-01-26T00:00:00+00:00,BTCUSD,104733.15,105475.33,102487.8,102576.93,14118.63,1469434497.98
2025-01-27T00:00:00+00:00,BTCUSD,102576.93,103230.24,97712.77,102065.72,94472.14,9486896779.23
2025-01-28T00:00:00+00:00,BTCUSD,102065.72,103787.72,100221.08,101284.47,44096.37,4510250877.49
2025-01-29T00:00:00+00:00,BTCUSD,101284.47,104796.98,101279.83,103742.97,47080.07,4842279589.43
2025-01-30T00:00:00+00:00,BTCUSD,103742.97,106472.04,103297.81,104739.58,36659.17,3857857706.34
2025-01-31T00:00:00+00:00,BTCUSD,104739.58,106101.91,101514.21,102412.41,42222.31,4378171064.39
2025-02-01T00:00:00+00:00,BTCUSD,102412.41,102768.26,100270.22,100619.87,15691.73,1595801666.26
2025-02-02T00:00:00+00:00,BTCUSD,100619.87,101436.9,96158.45,97665.06,56620.33,5562003741.78
2025-02-03T00:00:00+00:00,BTCUSD,97665.06,102575.82,91142.87,101451.28,119095.77,11504010038.06
2025-02-04T00:00:00+00:00,BTCUSD,101451.28,101800.32,95090.81,97794.88,63348.17,6271562966.61
2025-02-05T00:00:00+00:00,BTCUSD,97794.88,99208.65,96175.47,96633.71,42695.62,4171560523.14
2025-02-06T00:00:00+00:00,BTCUSD,96633.71,99180.75,95691.57,96564.27,44725.1,4349625340.99
2025-02-07T00:00:00+00:00,BTCUSD,96564.27,100202.29,95630.04,96532.73,51939.12,5075285222.44
2025-02-08T00:00:00+00:00,BTCUSD,96532.73,96906.35,95685.31,96475.59,12529.37,1207354073.88
2025-02-09T00:00:00+00:00,BTCUSD,96475.59,97340.86,94752.27,96485.6,18638.48,1791686347.07
2025-02-10T00:00:00+00:00,BTCUSD,96485.6,98363.35,95276.7,97458.59,28119.4,2731410651.57
2025-02-11T00:00:00+00:00,BTCUSD,97458.59,98499.44,94852.37,95781.05,29002.62,2800036234.45
2025-02-12T00:00:00+00:00,BTCUSD,95781.05,98127.45,94087.33,97874.61,40118.73,3853980407.7
2025-02-13T00:00:00+00:00,BTCUSD,97874.61,98104.11,95225.08,96632.78,23246.76,2236344585.75
2025-02-14T00:00:00+00:00,BTCUSD,96632.78,98869.28,96282.72,97508.71,20187.22,1966704817.61
2025-02-15T00:00:00+00:00,BTCUSD,97508.71,97979.54,97245.24,97596.21,5831.48,569120592.04
2025-02-16T00:00:00+00:00,BTCUSD,97596.21,97728.27,96069.15,96132.69,6632.76,643146269.46
2025-02-17T00:00:00+00:00,BTCUSD,96132.69,97046.2,95226.61,95790.31,14565.31,1398128550.67
2025-02-18T00:00:00+00:00,BTCUSD,95790.31,96736.69,93361.47,95630.67,26359.54,2502902525.93
2025-02-19T00:00:00+00:00,BTCUSD,95630.67,96885.35,95032.61,96640.99,17048.51,1637124692.48
2025-02-20T00:00:00+00:00,BTCUSD,96640.99,98763.14,96430.11,98345.66,21068.47,2057024374.7
2025-02-21T00:00:00+00:00,BTCUSD,98345.66,99519.21,94775.25,96150.27,40404.88,3928905117.72
2025-02-22T00:00:00+00:00,BTCUSD,96150.27,96973.86,95771.79,96580.46,11673.75,1126120706.18
2025-02-23T00:00:00+00:00,BTCUSD,96580.46,96674.04,95255.75,96274.12,7473.29,718043733.58
2025-02-24T00:00:00+00:00,BTCUSD,96274.12,96514.26,91349.77,91536.97,31216.13,2945422583.03
2025-02-25T00:00:00+00:00,BTCUSD,91536.97,92540.35,85944.14,88609.26,73085.74,6473414678.86
2025-02-26T00:00:00+00:00,BTCUSD,88609.26,89320.19,82199.13,84128.38,59111.39,5069737664.07
2025-02-27T00:00:00+00:00,BTCUSD,84128.38,87008.08,82601.58,84657.34,46301.47,3929681159.63
2025-02-28T00:00:00+00:00,BTCUSD,84657.34,85114.25,78203.72,84322.57,79539.18,6502539275.13
2025-03-01T00:00:00+00:00,BTCUSD,84322.57,86537.62,83798.96,86050.58,18530.02,1577375765.18
2025-03-02T00:00:00+00:00,BTCUSD,86050.58,95106.04,85047.82,94275.76,48038.07,4350642164.47
2025-03-03T00:00:00+00:00,BTCUSD,94275.76,94415.65,85071.66,86158.95,65233.7,5844734403
2025-03-04T00:00:00+00:00,BTCUSD,86158.95,88941.97,81449.43,87255.42,67017.22,5671376306.72
2025-03-05T00:00:00+00:00,BTCUSD,87255.42,91001.98,86341.87,90610.8,38856.74,3457722668.91
2025-03-06T00:00:00+00:00,BTCUSD,90610.8,92808.83,87818.33,89931.91,38977.52,3512025157.48
2025-03-07T00:00:00+00:00,BTCUSD,89931.91,91275.25,84649.25,86766.61,70464.28,6196139350.73
2025-03-08T00:00:00+00:00,BTCUSD,86766.61,86860.89,85206.97,86225,10574.16,910862167.44
2025-03-09T00:00:00+00:00,BTCUSD,86225,86509.85,80006.76,80719.05,23565.36,1952362587.51
2025-03-10T00:00:00+00:00,BTCUSD,80719.05,84037.25,77420.92,78561.62,54996.98,4414695361.63
2025-03-11T00:00:00+00:00,BTCUSD,78561.62,83608.26,76581.52,82919.47,46456.32,3744822903.84
2025-03-12T00:00:00+00:00,BTCUSD,82919.47,84410.29,80596.11,83665.14,33320.8,2750448405.11
2025-03-13T00:00:00+00:00,BTCUSD,83665.14,84307.29,79915.4,81081.43,25813.81,2112762232.49
2025-03-14T00:00:00+00:00,BTCUSD,81081.43,85315.9,80787.81,83995.47,27692.23,2317052000.16
2025-03-15T00:00:00+00:00,BTCUSD,83995.47,84688.82,83628.73,84355.92,6081.09,512466916.19
2025-03-16T00:00:00+00:00,BTCUSD,84355.92,85083.1,81992.19,82572.37,13119.21,1094031604.62
2025-03-17T00:00:00+00:00,BTCUSD,82572.37,84760.98,82442.95,84025.12,19966.07,1667911609.42
2025-03-18T00:00:00+00:00,BTCUSD,84025.12,84039.3,81137.39,82716.74,20939.97,1721702159.89
2025-03-19T00:00:00+00:00,BTCUSD,82716.74,87036.45,82562.03,86878.5,30764.1,2600942940.47
2025-03-20T00:00:00+00:00,BTCUSD,86878.5,87483.4,83611.66,84178.31,25040.14,2135028136.81
2025-03-21T00:00:00+00:00,BTCUSD,84178.31,84798.7,83129.17,84060.48,15799.47,1326866772.29
2025-03-22T00:00:00+00:00,BTCUSD,84060.48,84503.68,83661.65,83837.39,4784.27,402548876.3
2025-03-23T00:00:00+00:00,BTCUSD,83837.39,86126.45,83807.2,86091.67,7450.59,632787991.66
2025-03-24T00:00:00+00:00,BTCUSD,86091.67,88782.52,85546.71,87520.48,26225.71,2301262365.85
2025-03-25T00:00:00+00:00,BTCUSD,87520.48,88575,86325.18,87439.7,23097.19,2023574450.81
2025-03-26T00:00:00+00:00,BTCUSD,87439.7,88297.12,85867.66,86923.95,19657.36,1711822847.59
2025-03-27T00:00:00+00:00,BTCUSD,86923.95,87779.02,85817.84,87218.89,16968.52,1476492894.46
2025-03-28T00:00:00+00:00,BTCUSD,87218.89,87492.39,83544.63,84387.01,25383.93,2152567384.16
2025-03-29T00:00:00+00:00,BTCUSD,84387.01,84583.02,81634.23,82625.65,11328.65,938834818.34
2025-03-30T00:00:00+00:00,BTCUSD,82625.65,83516.72,81563.47,82379.51,10151.57,839590269.08
2025-03-31T00:00:00+00:00,BTCUSD,82379.51,83917.4,81290.13,82539.52,22937.49,1894666416.64
2025-04-01T00:00:00+00:00,BTCUSD,82539.52,85554.98,82419.98,85174.96,23296.36,1962356062.59
2025-04-02T00:00:00+00:00,BTCUSD,85174.96,88505.24,82299.2,82490.58,41160.08,3519914220.4
2025-04-03T00:00:00+00:00,BTCUSD,82490.58,83928.41,81178.57,83158.8,28340.47,2335462308.44
2025-04-04T00:00:00+00:00,BTCUSD,83158.8,84716.02,81648.68,83860.21,37104.6,3085885741.07
2025-04-05T00:00:00+00:00,BTCUSD,83860.21,84230.44,82357.52,83503.37,7478.68,622496989.4
2025-04-06T00:00:00+00:00,BTCUSD,83503.37,83756.1,77079.93,78365.57,29753.86,2374631982.2
2025-04-07T00:00:00+00:00,BTCUSD,78365.57,81172.27,74426.93,79143.06,71279.71,5546499783.12
2025-04-08T00:00:00+00:00,BTCUSD,79143.06,80835.83,76181.24,76255.1,39397.81,3084760820.88
2025-04-09T00:00:00+00:00,BTCUSD,76255.1,83574.06,74569.86,82587.03,62853.19,4963132858.37
2025-04-10T00:00:00+00:00,BTCUSD,82587.03,82710.13,78405.82,79554.96,31362.13,2526317821.03
2025-04-11T00:00:00+00:00,BTCUSD,79554.96,84266.51,78924.27,83386,29349.5,2412186958.4
2025-04-12T00:00:00+00:00,BTCUSD,83386,85899.74,82766.93,85272.12,14180.76,1196895442.75
2025-04-13T00:00:00+00:00,BTCUSD,85272.12,86079.47,83019.76,83730.92,16310.95,1375187409.37
2025-04-14T00:00:00+00:00,BTCUSD,83730.92,85796.21,83667.03,84575.75,24118.6,2042899221.49
2025-04-15T00:00:00+00:00,BTCUSD,84575.75,86473.18,83596.04,83638.17,18210,1548187876.56
2025-04-16T00:00:00+00:00,BTCUSD,83638.17,85485.35,83094.96,84029.4,22244.37,1871983984.29
2025-04-17T00:00:00+00:00,BTCUSD,84029.4,85472.23,83725.98,84943.42,15229.6,1288802970.79
2025-04-18T00:00:00+00:00,BTCUSD,84943.42,85132.75,84287.73,84459.96,5504.81,465771169.06
2025-04-19T00:00:00+00:00,BTCUSD,84459.96,85614.27,84355.7,85061.54,5342.18,454642234.58
2025-04-20T00:00:00+00:00,BTCUSD,85061.54,85302.3,83954.54,85167.14,5694.47,482671707.92
2025-04-21T00:00:00+00:00,BTCUSD,85167.14,88526.3,85132.52,87515.57,30403,2657452654.45
2025-04-22T00:00:00+00:00,BTCUSD,87515.57,93937.07,87084.84,93483.3,42804.67,3880446944.47
2025-04-23T00:00:00+00:00,BTCUSD,93483.3,94656.65,91943.03,93729.23,32977.9,3081124602.45
2025-04-24T00:00:00+00:00,BTCUSD,93729.23,94047.54,91693.21,94022.48,21490.53,2000861098.9
2025-04-25T00:00:00+00:00,BTCUSD,94022.48,95924.19,92883.11,94711.24,32483.13,3078073390.5
2025-04-26T00:00:00+00:00,BTCUSD,94711.24,95258.03,93916.48,94663.66,7391.42,698471645.53
2025-04-27T00:00:00+00:00,BTCUSD,94663.66,95346.43,93671.22,93777.44,7713.95,726739226.7
2025-04-28T00:00:00+00:00,BTCUSD,93777.44,95636.66,92864.35,95035.06,20417.05,1925071151.02
2025-04-29T00:00:00+00:00,BTCUSD,95035.06,95487.2,93780.51,94274.16,16856.75,1599631635.46
2025-04-30T00:00:00+00:00,BTCUSD,94274.16,95250.77,92968.85,94186.14,21486.05,2024539251.94
2025-05-01T00:00:00+00:00,BTCUSD,94186.14,97505.38,94150.92,96519.31,23665.14,2278228402.24
2025-05-02T00:00:00+00:00,BTCUSD,96519.31,97939.99,96386.78,96925.07,16175.06,1571644595.63
2025-05-03T00:00:00+00:00,BTCUSD,96925.07,96963.89,95826,95903.14,7082.92,682121711.48
2025-05-04T00:00:00+00:00,BTCUSD,95903.14,96326.95,94313.27,94394.09,10960.75,1046015845.6
2025-05-05T00:00:00+00:00,BTCUSD,94394.09,95224.21,93694.42,94767.95,17619.91,1661608010.46
2025-05-06T00:00:00+00:00,BTCUSD,94767.95,96911.52,93382.91,96835.87,18330.26,1735613081.89
2025-05-07T00:00:00+00:00,BTCUSD,96835.87,97720.02,95816.56,97052.27,20000.95,1936285634.4
2025-05-08T00:00:00+00:00,BTCUSD,97052.27,104147.97,96905.18,103259,40299.96,4054486165.35
2025-05-09T00:00:00+00:00,BTCUSD,103259,104353.74,102332.43,102982.3,22760.45,2345592246.87
2025-05-10T00:00:00+00:00,BTCUSD,102982.3,104980.23,102830.2,104814.08,9107.42,944047262.42
2025-05-11T00:00:00+00:00,BTCUSD,104814.08,104958.29,103353.87,104124.02,10980.95,1144137614.49
2025-05-12T00:00:00+00:00,BTCUSD,104124.02,105783.35,100723.18,102802.44,27678.93,2862364942.19
2025-05-13T00:00:00+00:00,BTCUSD,102802.44,105015.14,101466.16,104136.59,20326.97,2105889171.38
2025-05-14T00:00:00+00:00,BTCUSD,104136.59,104357.47,102615.68,103543.76,16577.27,1716689620.72
2025-05-15T00:00:00+00:00,BTCUSD,103543.76,104197.65,101407.14,103787.64,17867.52,1837798016.09
2025-05-16T00:00:00+00:00,BTCUSD,103787.64,104594.19,103138.18,103499.6,14498.25,1506289579.07
2025-05-17T00:00:00+00:00,BTCUSD,103499.6,103729.29,102642.39,103159.32,5830.13,601366594.09
2025-05-18T00:00:00+00:00,BTCUSD,103159.32,106670.63,103144.58,106488.62,12986.86,1361010736.04
2025-05-19T00:00:00+00:00,BTCUSD,106488.62,107117.46,102104.37,105618.19,23756.73,2480463388.93
2025-05-20T00:00:00+00:00,BTCUSD,105618.19,107339.72,104220.59,106875.88,19460.7,2062199314.32
2025-05-21T00:00:00+00:00,BTCUSD,106875.88,110778.49,106133.62,109699.86,38005.12,4104199576.95
2025-05-22T00:00:00+00:00,BTCUSD,109699.86,111998.96,109250.4,111722.11,25391.66,2820234493.39
2025-05-23T00:00:00+00:00,BTCUSD,111722.11,111810.26,106807.62,107332.91,25390.32,2775108378.21
2025-05-24T00:00:00+00:00,BTCUSD,107332.91,109512.56,106896.28,107779.46,8974.86,972112098
2025-05-25T00:00:00+00:00,BTCUSD,107779.46,109349.07,106643.02,109041.44,10033.32,1080850082.19
2025-05-26T00:00:00+00:00,BTCUSD,109041.44,110459.23,108718.82,109461.24,14310.31,1568531304.43
2025-05-27T00:00:00+00:00,BTCUSD,109461.24,110802.2,107543.83,108975.95,22990.09,2520257081.13
2025-05-28T00:00:00+00:00,BTCUSD,108975.95,109328.61,106799.94,107821.11,18610.56,2010518282.08
2025-05-29T00:00:00+00:00,BTCUSD,107821.11,108929.95,105327.79,105586.78,24372.04,2610280801.53
2025-05-30T00:00:00+00:00,BTCUSD,105586.78,106348.19,103650.43,104039.27,23541.73,2473658024.71
2025-05-31T00:00:00+00:00,BTCUSD,104039.27,104959.61,103127.75,104654.65,8552.6,890138427.14
2025-06-01T00:00:00+00:00,BTCUSD,104654.65,105924.77,103823.88,105702.19,7524.76,788781340.28
2025-06-02T00:00:00+00:00,BTCUSD,105702.19,105988.22,103708.71,105908.79,15178.71,1589665625.81
2025-06-03T00:00:00+00:00,BTCUSD,105908.79,106888.12,104926.88,105447.66,15596.95,1652394373.05
2025-06-04T00:00:00+00:00,BTCUSD,105447.66,106044.55,104206.69,104746,12621.93,1327155925.5
2025-06-05T00:00:00+00:00,BTCUSD,104746,105975.11,100418.61,101580.61,27489.96,2835254363.62
2025-06-06T00:00:00+00:00,BTCUSD,101580.61,105426.24,101174.97,104392.54,23040.48,2391698461.05
2025-06-07T00:00:00+00:00,BTCUSD,104392.54,105974.42,103976.29,105625.23,8589.54,903776492.08
2025-06-08T00:00:00+00:00,BTCUSD,105625.23,106537.25,105042.03,105779.28,5871.71,621667329.31
2025-06-09T00:00:00+00:00,BTCUSD,105779.28,110543.89,105372.62,110302.12,17851.91,1927020528.87
2025-06-10T00:00:00+00:00,BTCUSD,110302.12,110403.6,108373.44,110296.2,15646.83,1712252251.27
2025-06-11T00:00:00+00:00,BTCUSD,110296.2,110425.64,108096.82,108676.78,14497.2,1585492756.74
2025-06-12T00:00:00+00:00,BTCUSD,108676.78,108843.81,105721.73,105726.04,18051.35,1937273976.29
2025-06-13T00:00:00+00:00,BTCUSD,105726.04,106224.76,102773.14,106121.08,27266.37,2853509529.91
2025-06-14T00:00:00+00:00,BTCUSD,106121.08,106260.08,104386.29,105481.13,7543.44,792948934.46
2025-06-15T00:00:00+00:00,BTCUSD,105481.13,106189.63,104546.11,105625.23,6583.09,693686973.05
2025-06-16T00:00:00+00:00,BTCUSD,105625.23,109014.33,105016.81,106855.39,17191.01,1846109491.24
2025-06-17T00:00:00+00:00,BTCUSD,106855.39,107795.31,103378.64,104598.68,22652.14,2383744168.87
2025-06-18T00:00:00+00:00,BTCUSD,104598.68,105579.84,103547.15,104927.87,18605.58,1945024806.28
2025-06-19T00:00:00+00:00,BTCUSD,104927.87,105264.38,103951.44,104699.72,9905.95,1036540458.21
2025-06-20T00:00:00+00:00,BTCUSD,104699.72,106559.45,102367.77,103313.31,17700.79,1845670588.12
2025-06-21T00:00:00+00:00,BTCUSD,103313.31,104021.01,100925.53,102165.68,11217.17,1151399558.13
2025-06-22T00:00:00+00:00,BTCUSD,102165.68,103430.09,98264.46,101015.42,30700.21,3086806069.73
2025-06-23T00:00:00+00:00,BTCUSD,101015.42,106134.09,99685.07,105423.73,35198.88,3606601777.41
2025-06-24T00:00:00+00:00,BTCUSD,105423.73,106358.78,104710.65,106133.25,19908.29,2099787246.67
2025-06-25T00:00:00+00:00,BTCUSD,106133.25,108196.78,105880.48,107399.88,19838.91,2128340951.52
2025-06-26T00:00:00+00:00,BTCUSD,107399.88,108330.6,106605.5,107012.17,14664.25,1575810932.89
2025-06-27T00:00:00+00:00,BTCUSD,107012.17,107793.99,106421.82,107105.16,16821.31,1799885723.45
2025-06-28T00:00:00+00:00,BTCUSD,107105.16,107591.48,106884.15,107346.44,3472.45,372614444.73
2025-06-29T00:00:00+00:00,BTCUSD,107346.44,108538.36,107233.58,108391.87,6094.35,657403121.35
2025-06-30T00:00:00+00:00,BTCUSD,108391.87,108815.66,106756.38,107169.82,14220.51,1530756559.33
2025-07-01T00:00:00+00:00,BTCUSD,107169.82,107574.08,105295.02,105724.18,15730.48,1673173144.76
2025-07-02T00:00:00+00:00,BTCUSD,105724.18,109818.47,105143.1,108886.62,19611.45,2124516059.08
2025-07-03T00:00:00+00:00,BTCUSD,108886.62,110584.4,108579.56,109638.97,16647.63,1825182141.8
2025-07-04T00:00:00+00:00,BTCUSD,109638.97,109810.02,107283.92,108027.71,10440.09,1130647600.78
2025-07-05T00:00:00+00:00,BTCUSD,108027.71,108444.73,107798.16,108244.51,3465.16,374668091.72
2025-07-06T00:00:00+00:00,BTCUSD,108244.51,109728.96,107846.02,109233.93,5651.56,614763572.9
2025-07-07T00:00:00+00:00,BTCUSD,109233.93,109737.83,107513.97,108277.16,13350.41,1447160434.07
2025-07-08T00:00:00+00:00,BTCUSD,108277.16,109248.31,107445.04,108955.05,12122.12,1316408874.89
2025-07-09T00:00:00+00:00,BTCUSD,108955.05,112077.21,108341.92,111291.7,19761.34,2177951432.55
2025-07-10T00:00:00+00:00,BTCUSD,111291.7,116848.31,110555.52,116023.34,31905.27,3616719327.76
2025-07-11T00:00:00+00:00,BTCUSD,116023.34,118890.32,115236.69,117573.92,26050.27,3060911543.15
2025-07-12T00:00:00+00:00,BTCUSD,117573.92,118239.99,116954.09,117468.16,7395.67,869899617.34
2025-07-13T00:00:00+00:00,BTCUSD,117468.16,119503.56,117264.6,119127.66,9553.52,1133368267.75
2025-07-14T00:00:00+00:00,BTCUSD,119127.66,123220.28,118951.55,119869.01,31361.7,3784774921.45
2025-07-15T00:00:00+00:00,BTCUSD,119869.01,119958.94,115709.64,117777.9,50123.19,5881848280.87
2025-07-16T00:00:00+00:00,BTCUSD,117777.9,120122.22,117043.92,118700.37,27837.68,3310853209.79
2025-07-17T00:00:00+00:00,BTCUSD,118700.37,121020.95,117485.98,119282.74,25218.52,3000532789.4
2025-07-18T00:00:00+00:00,BTCUSD,119282.74,120911.16,116902.92,118025.92,26111.51,3096339405.33
2025-07-19T00:00:00+00:00,BTCUSD,118025.92,118572.53,117339.41,117913.27,6706.12,791893576.81
2025-07-20T00:00:00+00:00,BTCUSD,117913.27,118903.91,116533.22,117328.61,9166.19,1081488186.29
2025-07-21T00:00:00+00:00,BTCUSD,117328.61,119712.2,116581.7,117441.75,18543.72,2187836280.67
2025-07-22T00:00:00+00:00,BTCUSD,117441.75,120298.65,116186.23,120023.5,21981.53,2607540535.18
2025-07-23T00:00:00+00:00,BTCUSD,120023.5,120167.5,117361.89,118808.78,17163.7,2029832616.05
2025-07-24T00:00:00+00:00,BTCUSD,118808.78,119555.88,117214.42,118397.33,17930.71,2128340080.84
2025-07-25T00:00:00+00:00,BTCUSD,118397.33,118523.27,114756.37,117644.11,47767.94,5546818211.88
2025-07-26T00:00:00+00:00,BTCUSD,117644.11,118355.11,117143.68,117971.27,10959.83,1291296798.52
2025-07-27T00:00:00+00:00,BTCUSD,117971.27,119808.28,117872.15,119468.71,10341.68,1228024808.19
2025-07-28T00:00:00+00:00,BTCUSD,119468.71,119835.44,117403.28,118059.92,18092.6,2142740462.44
2025-07-29T00:00:00+00:00,BTCUSD,118059.92,119285.96,116933.73,117942.11,17580.06,2073820445.19
2025-07-30T00:00:00+00:00,BTCUSD,117942.11,118800.1,115769.47,117853.3,18335.33,2153325010.48
2025-07-31T00:00:00+00:00,BTCUSD,117853.3,118927.15,115493.77,115765.36,16934.89,1991848800.07
2025-08-01T00:00:00+00:00,BTCUSD,115765.36,116060.68,112682.82,113263.48,33588.86,3851719228.71
2025-08-02T00:00:00+00:00,BTCUSD,113263.48,114033.98,112006.36,112546.32,12452.57,1407609649
2025-08-03T00:00:00+00:00,BTCUSD,112546.32,114803.51,111925.95,114238.83,8326.85,947196437.08
2025-08-04T00:00:00+00:00,BTCUSD,114238.83,115744.56,114140.41,115065.9,14470.62,1662390456.96
2025-08-05T00:00:00+00:00,BTCUSD,115065.9,115111.39,112629.49,114127.63,16922.91,1925704360.18
2025-08-06T00:00:00+00:00,BTCUSD,114127.63,115748.22,113364.73,115038.45,14480.66,1659630182.7
2025-08-07T00:00:00+00:00,BTCUSD,115038.45,117690.87,114288.63,117522.28,16359.62,1904030478.64
2025-08-08T00:00:00+00:00,BTCUSD,117522.28,117698.38,115895.35,116692.86,14582.39,1702088353.29
2025-08-09T00:00:00+00:00,BTCUSD,116692.86,117940.29,116360.05,116501.28,7930.51,926558904.04
2025-08-10T00:00:00+00:00,BTCUSD,116501.28,119320.76,116496.35,119311.7,10554.12,1248946431.14
2025-08-11T00:00:00+00:00,BTCUSD,119311.7,122309.71,118106.91,118714.58,25659.91,3086540255.03
2025-08-12T00:00:00+00:00,BTCUSD,118714.58,120325.99,118214.28,120128.24,18213.63,2172908089.75
2025-08-13T00:00:00+00:00,BTCUSD,120128.24,123735.38,118948.18,123374.56,27352.96,3321096939.91
2025-08-14T00:00:00+00:00,BTCUSD,123374.56,124532.7,117241.12,118391.59,35491.88,4249355541.57
2025-08-15T00:00:00+00:00,BTCUSD,118391.59,119335.93,116865.92,117440.09,19724.55,2327158152.31
2025-08-16T00:00:00+00:00,BTCUSD,117440.09,118000.57,117242.73,117469.52,6405.98,753827490.14
2025-08-17T00:00:00+00:00,BTCUSD,117469.52,118639.81,117268.69,117488,6706.31,791200441.51
2025-08-18T00:00:00+00:00,BTCUSD,117488,117627.66,114716.49,116292.15,22732.79,2634618667.75
2025-08-19T00:00:00+00:00,BTCUSD,116292.15,116789.95,112738.04,112870.67,26286.85,3006851749.91
2025-08-20T00:00:00+00:00,BTCUSD,112870.67,114642.26,112387.14,114291.37,22978.24,2610717313.9
2025-08-21T00:00:00+00:00,BTCUSD,114291.37,114816.84,111993.84,112491.84,19947.31,2256735254.8
2025-08-22T00:00:00+00:00,BTCUSD,112491.84,117428.1,111675.14,116909.79,28375.72,3261042644.22
2025-08-23T00:00:00+00:00,BTCUSD,116909.79,117003.31,114533.54,115391.76,8271.23,955311763.7
2025-08-24T00:00:00+00:00,BTCUSD,115391.76,115626.28,110860.71,113486.67,17025.82,1932434686.25
2025-08-25T00:00:00+00:00,BTCUSD,113486.67,113648.57,109292.22,110150.15,33305.33,3708998747.39
2025-08-26T00:00:00+00:00,BTCUSD,110150.15,112407.53,108701.29,111805.93,27215.82,2999152225.36
2025-08-27T00:00:00+00:00,BTCUSD,111805.93,112669.11,110381.63,111276.98,21850.84,2440706983.66
2025-08-28T00:00:00+00:00,BTCUSD,111276.98,113487.65,110887.39,112582.21,16865.13,1898278605.83
2025-08-29T00:00:00+00:00,BTCUSD,112582.21,112646.73,107512.41,108393.15,29122.98,3185827654.7
2025-08-30T00:00:00+00:00,BTCUSD,108393.15,108937.23,107381.29,108833.53,9682.99,1049906247.96
2025-08-31T00:00:00+00:00,BTCUSD,108833.53,109510.25,108095.95,108273.72,9099.54,990157824.59
2025-09-01T00:00:00+00:00,BTCUSD,108273.72,109913.29,107271.39,109256.28,21783.85,2365084072.12
2025-09-02T00:00:00+00:00,BTCUSD,109256.28,111796.23,108420.77,111245.94,27112.92,2993969175.78
2025-09-03T00:00:00+00:00,BTCUSD,111245.94,112601.73,110556.54,111751.51,19087.45,2132239039.57
2025-09-04T00:00:00+00:00,BTCUSD,111751.51,112225.93,109345.22,110732.33,19577.2,2162838407.83
2025-09-05T00:00:00+00:00,BTCUSD,110732.33,113400.39,110217.27,110676.99,28328.28,3163045481.16
2025-09-06T00:00:00+00:00,BTCUSD,110676.99,111320.3,110019.89,110230.16,6640.6,734143439.06
2025-09-07T00:00:00+00:00,BTCUSD,110230.16,111607.85,110215.7,111143.24,6492.41,720954382.33
2025-09-08T00:00:00+00:00,BTCUSD,111143.24,112937.76,110628.16,112089.06,16345.84,1829788896.49
2025-09-09T00:00:00+00:00,BTCUSD,112089.06,113293.12,110777.59,111549.14,18844.58,2108163610.41
2025-09-10T00:00:00+00:00,BTCUSD,111549.14,114341.92,110940.58,113988.2,23523.08,2661952161.9
2025-09-11T00:00:00+00:00,BTCUSD,113988.2,115543.74,113457.52,115537.84,18345.68,2096575532.81
2025-09-12T00:00:00+00:00,BTCUSD,115537.84,116816.49,114785.3,116116.26,20842.83,2412089976.27
2025-09-13T00:00:00+00:00,BTCUSD,116116.26,116361.05,115207.42,115971.92,7083.57,820638135.29
2025-09-14T00:00:00+00:00,BTCUSD,115971.92,116227.37,115203.8,115351.87,7290.45,843593558.49
2025-09-15T00:00:00+00:00,BTCUSD,115351.87,116808.07,114427.7,115401.06,18559.61,2137738674.14
2025-09-16T00:00:00+00:00,BTCUSD,115401.06,117006.56,114765.74,116838.31,16305.16,1890323067.86
2025-09-17T00:00:00+00:00,BTCUSD,116838.31,117331.11,114742.84,116488.17,23702.53,2750924037.55
2025-09-18T00:00:00+00:00,BTCUSD,116488.17,117981.11,116134.78,117126.46,19195.15,2253362090.44
2025-09-19T00:00:00+00:00,BTCUSD,117126.46,117510.96,115150.85,115701.97,16753.48,1947524484.47
2025-09-20T00:00:00+00:00,BTCUSD,115701.97,116202.27,115488.37,115756.07,5995.45,694697640.09
2025-09-21T00:00:00+00:00,BTCUSD,115756.07,115900.98,115262.9,115299.83,5422.99,626782372.11
2025-09-22T00:00:00+00:00,BTCUSD,115299.83,115439.04,112027.44,112747.85,28253.02,3197786129.9
2025-09-23T00:00:00+00:00,BTCUSD,112747.85,113372.59,111518.32,112043.66,18488.69,2080069063.95
2025-09-24T00:00:00+00:00,BTCUSD,112043.66,114013.4,111118.7,113360.69,17597.56,1988342351.86
2025-09-25T00:00:00+00:00,BTCUSD,113360.69,113559.7,108664.26,109061.11,34940.33,3874673081.63
2025-09-26T00:00:00+00:00,BTCUSD,109061.11,110387.27,108695.14,109723.94,27943.91,3057709370.2
2025-09-27T00:00:00+00:00,BTCUSD,109723.94,109822.37,109156.33,109727.42,7105.98,778286679.14
2025-09-28T00:00:00+00:00,BTCUSD,109727.42,112406.99,109280.14,112226.65,11935.68,1316899924.45
2025-09-29T00:00:00+00:00,BTCUSD,112226.65,114496.59,111625.37,114407.08,19529.19,2209223703.69
2025-09-30T00:00:00+00:00,BTCUSD,114407.08,114866.53,112727.79,114078.18,22976.41,2612642606.56
2025-10-01T00:00:00+00:00,BTCUSD,114078.18,118722.74,114004.91,118666.73,28249.14,3288729604.9
2025-10-02T00:00:00+00:00,BTCUSD,118666.73,121107.24,118356.65,120630.71,27985.21,3348607182.92
2025-10-03T00:00:00+00:00,BTCUSD,120630.71,123996.37,119348.63,122318.86,35664.64,4338240508.78
2025-10-04T00:00:00+00:00,BTCUSD,122318.86,122898.15,121598.23,122455.39,9977.25,1218962839.87
2025-10-05T00:00:00+00:00,BTCUSD,122455.39,125748.81,122213.36,123535.21,21834.57,2703677561.24
2025-10-06T00:00:00+00:00,BTCUSD,123535.21,126287.29,123143.47,124723,27874.8,3478551798.53
2025-10-07T00:00:00+00:00,BTCUSD,124723,125225.23,120661.76,121414.53,29039.6,3568433457.82
2025-10-08T00:00:00+00:00,BTCUSD,121414.53,124254.95,121116.33,123358.65,25262.59,3098621661.77
2025-10-09T00:00:00+00:00,BTCUSD,123358.65,123818.95,119741.93,121713.94,26848.29,3266509707.34
2025-10-10T00:00:00+00:00,BTCUSD,121713.94,122586.57,105833.75,112998.91,63865.23,7411664103.33
2025-10-11T00:00:00+00:00,BTCUSD,112998.91,113462.03,109711.01,110779.65,38127.92,4260858251.85
2025-10-12T00:00:00+00:00,BTCUSD,110779.65,115849.48,109708.26,115084.73,36833.57,4154852090.6
2025-10-13T00:00:00+00:00,BTCUSD,115084.73,116064.34,113754.71,115279.04,30207.33,3475980079.05
2025-10-14T00:00:00+00:00,BTCUSD,115279.04,115514.54,109983.29,113097.76,39286.64,4415300609.88
2025-10-15T00:00:00+00:00,BTCUSD,113097.76,113679.91,110229.66,110819.47,30171.93,3370232022.3
2025-10-16T00:00:00+00:00,BTCUSD,110819.47,112027.41,107501.51,108212.4,44973.38,4931780713.35
2025-10-17T00:00:00+00:00,BTCUSD,108212.4,109278.91,103552.05,106485.41,48249.26,5124514044.62
2025-10-18T00:00:00+00:00,BTCUSD,106485.41,107544.75,106382.73,107228.76,11815.48,1263875181.71
2025-10-19T00:00:00+00:00,BTCUSD,107228.76,109508.08,106146.21,108701.79,18116.25,1956837354.37
2025-10-20T00:00:00+00:00,BTCUSD,108701.79,111743.25,107486.38,110583.29,27390.05,3024980668.92
2025-10-21T00:00:00+00:00,BTCUSD,110583.29,114069.11,107500.34,108387.11,40819.23,4507488183.36
2025-10-22T00:00:00+00:00,BTCUSD,108387.11,109181.59,106750.91,107604.16,34388.98,3715585780.1
2025-10-23T00:00:00+00:00,BTCUSD,107604.16,111341.37,107527.17,110114.95,22351.32,2450418378.51
2025-10-24T00:00:00+00:00,BTCUSD,110114.95,111967.35,109742.29,111046.29,19795.99,2193655220.33
2025-10-25T00:00:00+00:00,BTCUSD,111046.29,111960.99,110709.35,111671.84,5949.66,663139261.5
2025-10-26T00:00:00+00:00,BTCUSD,111671.84,115420.91,111281.45,114559.89,13255.98,1502383516.36
2025-10-27T00:00:00+00:00,BTCUSD,114559.89,116395.5,113855.65,114115.08,18980.68,2184835505.2
2025-10-28T00:00:00+00:00,BTCUSD,114115.08,116105.23,112249.3,112930.68,20610.35,2354798941.53
2025-10-29T00:00:00+00:00,BTCUSD,112930.68,113669.5,109339.16,110064.53,25061.43,2800964736.4
2025-10-30T00:00:00+00:00,BTCUSD,110064.53,111617.77,106319.98,108326.41,33363.2,3623082463.09
2025-10-31T00:00:00+00:00,BTCUSD,108326.41,111081.78,108295.99,109580.94,24417.33,2677616192.81
2025-11-01T00:00:00+00:00,BTCUSD,109580.94,110513.95,109378.81,110104.4,6377.31,701873036.06
2025-11-02T00:00:00+00:00,BTCUSD,110104.4,111199.6,109485.51,110564.52,11170.49,1233024892.84
2025-11-03T00:00:00+00:00,BTCUSD,110564.52,110748.58,105315.16,106580.38,34536.33,3707370586.13
2025-11-04T00:00:00+00:00,BTCUSD,106580.38,107289.91,98932.13,101493.23,57282.41,5883230356.44
2025-11-05T00:00:00+00:00,BTCUSD,101493.23,104543.57,98978.04,103893.5,35631.18,3649971434.76
2025-11-06T00:00:00+00:00,BTCUSD,103893.5,104201.89,100266.6,101302.75,32306.54,3300189453.88
2025-11-07T00:00:00+00:00,BTCUSD,101302.75,104039.73,99207.58,103301.61,38050.15,3859784919.88
2025-11-08T00:00:00+00:00,BTCUSD,103301.61,103353.75,101453.48,102304.79,13228.46,1353025871.14
2025-11-09T00:00:00+00:00,BTCUSD,102304.79,105466.47,101415.54,104721.32,17136.04,1768769402.16
2025-11-10T00:00:00+00:00,BTCUSD,104721.32,106648.26,104270.97,105988.36,23693.26,2506360068.91
2025-11-11T00:00:00+00:00,BTCUSD,105988.36,107489.75,102465.73,103033.54,22618.21,2363088563.61
2025-11-12T00:00:00+00:00,BTCUSD,103033.54,105327.79,100818.69,101660.22,23740.26,2442775374.2
2025-11-13T00:00:00+00:00,BTCUSD,101660.22,104048.87,97956.87,99644.14,44584.48,4485055113.5
2025-11-14T00:00:00+00:00,BTCUSD,99644.14,99836.81,94006.67,94531.81,64051.76,6169788916.03
2025-11-15T00:00:00+00:00,BTCUSD,94531.81,96761.57,94516.28,95555.28,18574.48,1779382556.84
2025-11-16T00:00:00+00:00,BTCUSD,95555.28,96574.81,93006.43,94244.44,26755.82,2531966320.57
2025-11-17T00:00:00+00:00,BTCUSD,94244.44,95973.02,91244.75,92141.25,48309.81,4519819656.92
2025-11-18T00:00:00+00:00,BTCUSD,92141.25,93785.83,89289.38,92946.24,50671.19,4643651409
2025-11-19T00:00:00+00:00,BTCUSD,92946.24,92963.84,88529.93,91483.02,48242.24,4367651167.54
2025-11-20T00:00:00+00:00,BTCUSD,91483.02,93082.73,86019.03,86553.58,56931.35,5067984092.5
2025-11-21T00:00:00+00:00,BTCUSD,86553.58,87404.99,80562.05,85087.62,89136.71,7497064318.5
2025-11-22T00:00:00+00:00,BTCUSD,85087.62,85562.12,83462.76,84696.98,23440.3,1978095092.65
2025-11-23T00:00:00+00:00,BTCUSD,84696.98,88106.69,84639.73,86823.45,27848.78,2411303412.83
2025-11-24T00:00:00+00:00,BTCUSD,86823.45,89227.26,85242.01,88288.33,44709.41,3899541725.92
2025-11-25T00:00:00+00:00,BTCUSD,88288.33,88494.81,86089.7,87340.82,32065.82,2799155557.35
2025-11-26T00:00:00+00:00,BTCUSD,87340.82,90634.17,86298.47,90487.28,30484.49,2694221350.78
2025-11-27T00:00:00+00:00,BTCUSD,90487.28,91934.77,90083.46,91327.26,21381.51,1949917850.01
2025-11-28T00:00:00+00:00,BTCUSD,91327.26,93116.85,90242.43,90917.53,28364.69,2595318230.11
2025-11-29T00:00:00+00:00,BTCUSD,90917.53,91201.7,90211.19,90842.76,9605.76,871610718.83
2025-11-30T00:00:00+00:00,BTCUSD,90842.76,91983.85,90363.83,90381.34,11291.12,1030115399.98
2025-12-01T00:00:00+00:00,BTCUSD,90381.34,90443.38,83828.42,86302.37,56213.9,4839357127.84
2025-12-02T00:00:00+00:00,BTCUSD,86302.37,92332.31,86199.69,91315.07,45736.14,4090746747.17
2025-12-03T00:00:00+00:00,BTCUSD,91315.07,94192.91,91041.2,93464.62,41538.16,3856959977.71
2025-12-04T00:00:00+00:00,BTCUSD,93464.62,94089.06,90913.17,92106.94,28655.33,2655580450.16
2025-12-05T00:00:00+00:00,BTCUSD,92106.94,92717.53,88116.59,89352.03,32962.38,2976454083.09
2025-12-06T00:00:00+00:00,BTCUSD,89352.03,90291.46,88942.96,89262.3,10824.34,969656691.35
2025-12-07T00:00:00+00:00,BTCUSD,89262.3,91783.95,87756.05,90413.99,19003.3,1705564638.74
2025-12-08T00:00:00+00:00,BTCUSD,90413.99,92303.63,89623.92,90661.73,29264.71,2657534555.78
2025-12-09T00:00:00+00:00,BTCUSD,90661.73,94617.1,89530.61,92701.41,33300.59,3069266494.39
2025-12-10T00:00:00+00:00,BTCUSD,92701.41,94506.56,91582.52,92038.34,31975.44,2959837905.11
2025-12-11T00:00:00+00:00,BTCUSD,92038.34,93581.1,89281.34,92546.9,34699.18,3150988931.6
2025-12-12T00:00:00+00:00,BTCUSD,92546.9,92774.35,89499.86,90277.47,23943.19,2181249699.44
2025-12-13T00:00:00+00:00,BTCUSD,90277.47,90655.09,89789.11,90262.18,4873.94,439868316.39
2025-12-14T00:00:00+00:00,BTCUSD,90262.18,90495.22,87605.5,88169.62,13925.51,1240055595.3
2025-12-15T00:00:00+00:00,BTCUSD,88169.62,90044.99,85149.06,86421.58,32063.56,2801710553.18
2025-12-16T00:00:00+00:00,BTCUSD,86421.58,88144.98,85264.64,87851.74,29881.81,2601098656.79
2025-12-17T00:00:00+00:00,BTCUSD,87851.74,90343.35,85280.69,86223.21,36654.93,3196552925.86
2025-12-18T00:00:00+00:00,BTCUSD,86223.21,89450.72,84424.2,85478.7,37000.62,3212930907.73
2025-12-19T00:00:00+00:00,BTCUSD,85478.7,89360.77,85085.96,88107.2,30053.32,2631213615.27
2025-12-20T00:00:00+00:00,BTCUSD,88107.2,88542.21,87793.71,88340.83,5509.23,485865198.65
2025-12-21T00:00:00+00:00,BTCUSD,88340.83,89047.71,87586.96,88647.8,9049.14,798755210.48
2025-12-22T00:00:00+00:00,BTCUSD,88647.8,90551.12,87881.68,88566.92,29006.12,2587981701.25
2025-12-23T00:00:00+00:00,BTCUSD,88566.92,88897.58,86559.41,87440.81,23920.9,2097762546.31
2025-12-24T00:00:00+00:00,BTCUSD,87440.81,88003.03,86365.36,87620.12,16558.92,1443982911.33
2025-12-25T00:00:00+00:00,BTCUSD,87620.12,88545.97,86913.66,87183.32,8950.93,785512556.31
2025-12-26T00:00:00+00:00,BTCUSD,87183.32,89503.42,86589.77,87315.1,24423.76,2146285656.23
2025-12-27T00:00:00+00:00,BTCUSD,87315.1,87925.14,87154.06,87823.31,4960.63,433943569.04
2025-12-28T00:00:00+00:00,BTCUSD,87823.31,88018.43,87381.32,87886.81,5733.05,502876455.57
2025-12-29T00:00:00+00:00,BTCUSD,87886.81,90327.16,86704.68,87133.26,30609.16,2698231723.66
2025-12-30T00:00:00+00:00,BTCUSD,87133.26,89341.34,86732.68,88410.54,22736.07,2002631036.31
2025-12-31T00:00:00+00:00,BTCUSD,88410.54,89105.68,87109.45,87519.13,18255.84,1607399099.44
2026-01-01T00:00:00+00:00,BTCUSD,87519.13,88806.59,87400.21,88742.68,9510.96,835819448.91
2026-01-02T00:00:00+00:00,BTCUSD,88742.68,90940.54,88289.33,89959.25,32178.91,2884180579.57
2026-01-03T00:00:00+00:00,BTCUSD,89959.25,90692.56,89288.1,90598.87,8300.07,747315427.58
2026-01-04T00:00:00+00:00,BTCUSD,90598.87,91750.6,90598.62,91499.58,10582.97,965791644.63
2026-01-05T00:00:00+00:00,BTCUSD,91499.58,94804.38,91483.13,93871.45,32652.53,3048567458.71
2026-01-06T00:00:00+00:00,BTCUSD,93871.45,94428.7,91210.45,93720.48,29297.33,2727558377.19
2026-01-07T00:00:00+00:00,BTCUSD,93720.48,93720.65,90363.64,91287.12,26753.28,2453135155.95
2026-01-08T00:00:00+00:00,BTCUSD,91287.12,91578.27,89212.31,91032.92,29489.79,2669597853.95
2026-01-09T00:00:00+00:00,BTCUSD,91032.92,91948.91,89596.59,90524.71,29088.95,2639588033.82
2026-01-10T00:00:00+00:00,BTCUSD,90524.71,90713.65,90279.2,90391.76,4793.55,433879311.46
2026-01-11T00:00:00+00:00,BTCUSD,90391.76,91164.56,90122.7,90885.04,7635.61,692346756.17
2026-01-12T00:00:00+00:00,BTCUSD,90885.04,92416.57,90020.58,91199.65,31732.96,2898331129.52
2026-01-13T00:00:00+00:00,BTCUSD,91199.65,96126.37,90944.45,95374.03,46070.59,4301006824.49
2026-01-14T00:00:00+00:00,BTCUSD,95374.03,97943.22,94530.69,96945.09,50778.17,4896225428.34
2026-01-15T00:00:00+00:00,BTCUSD,96945.09,97178.67,95102.98,95583.86,33226.15,3196525932.98
2026-01-16T00:00:00+00:00,BTCUSD,95583.86,95835.5,94246.25,95521.19,22063.25,2100277132.85
2026-01-17T00:00:00+00:00,BTCUSD,95521.19,95607.52,95004.98,95117.69,5648.6,538364408.82
2026-01-18T00:00:00+00:00,BTCUSD,95117.69,95496.67,93583.3,93642.09,8546.82,810822826.11
2026-01-19T00:00:00+00:00,BTCUSD,93642.09,93642.84,92102.43,92569.44,20554.89,1906749298.24
2026-01-20T00:00:00+00:00,BTCUSD,92569.44,92813.52,87793.26,88329.83,37990.43,3430827950.31
2026-01-21T00:00:00+00:00,BTCUSD,88329.83,90502.34,87190.29,89380.69,47306.93,4213648826.41
2026-01-22T00:00:00+00:00,BTCUSD,89380.69,90290.41,88441.13,89484.18,23966.16,2143899739.23
2026-01-23T00:00:00+00:00,BTCUSD,89484.18,91140.22,88466.06,89506.66,25137.21,2254080166.25
2026-01-24T00:00:00+00:00,BTCUSD,89506.66,89821.98,89047.54,89107.75,5309.41,474658685.05
2026-01-25T00:00:00+00:00,BTCUSD,89107.75,89203.31,86008.64,86581.03,19788.52,1730278902.02
2026-01-26T00:00:00+00:00,BTCUSD,86581.03,88787.86,86429.64,88274.7,28600.46,2509845961.76
2026-01-27T00:00:00+00:00,BTCUSD,88274.7,89447.82,87212.27,89136.28,24324.97,2147188638.9
2026-01-28T00:00:00+00:00,BTCUSD,89136.28,90481.33,88729.36,89182.72,27525.65,2461353226.9
2026-01-29T00:00:00+00:00,BTCUSD,89182.72,89229.19,83243.73,84528.58,45122.46,3865349822
2026-01-30T00:00:00+00:00,BTCUSD,84528.58,84612.31,81047.62,84135.11,53884.23,4468762184.41
2026-01-31T00:00:00+00:00,BTCUSD,84135.11,84152.35,76029.54,78664.02,52359.6,4182557013.42
2026-02-01T00:00:00+00:00,BTCUSD,78664.02,79363.96,75653.86,76910.99,47181,3668393771.09
2026-02-02T00:00:00+00:00,BTCUSD,76910.99,79328.7,74579.63,78690.46,63702.51,4931866234.02
2026-02-03T00:00:00+00:00,BTCUSD,78690.46,79141.27,72882.55,75679.06,62810.31,4798731139.8
2026-02-04T00:00:00+00:00,BTCUSD,75679.06,76891.77,71724.93,73021.96,65420.8,4852815767.03
2026-02-05T00:00:00+00:00,BTCUSD,73021.96,73193.96,62227.01,62811.67,128064.14,8672008182.17
2026-02-06T00:00:00+00:00,BTCUSD,62811.67,71703.46,60069.72,70535.76,105746.35,7081161121.78
2026-02-07T00:00:00+00:00,BTCUSD,70535.76,71647.04,67315.5,69259.24,35663.46,2471348000.05
2026-02-08T00:00:00+00:00,BTCUSD,69259.24,72226.42,68857.91,70297.07,24372.4,1719521388.77
2026-02-09T00:00:00+00:00,BTCUSD,70297.07,71391.44,68260.19,70108.93,43610.47,3050117447.16
2026-02-10T00:00:00+00:00,BTCUSD,70108.93,70486.44,67878.02,68807.07,35555.88,2457073817.72
2026-02-11T00:00:00+00:00,BTCUSD,68807.07,69253.29,65725.74,67039.77,47410.63,3185414005.15
2026-02-12T00:00:00+00:00,BTCUSD,67039.77,68380.57,65084.07,66220.82,42922.43,2860084574
2026-02-13T00:00:00+00:00,BTCUSD,66220.82,69434.68,65825.83,68816.44,37610.93,2551829375.2
2026-02-14T00:00:00+00:00,BTCUSD,68816.44,70524.71,68706.51,69790.74,18574.98,1293190971.53
2026-02-15T00:00:00+00:00,BTCUSD,69790.74,70948.5,68048.86,68800.76,22109.67,1533047880.15
2026-02-16T00:00:00+00:00,BTCUSD,68800.76,70094.71,67269.9,68869.47,24726.24,1692393594.43
2026-02-17T00:00:00+00:00,BTCUSD,68869.47,69214.45,66592.03,67477.52,31820.5,2156085885.94
2026-02-18T00:00:00+00:00,BTCUSD,67477.52,68444.93,65838.1,66434.2,32280.23,2164847401.62
2026-02-19T00:00:00+00:00,BTCUSD,66434.2,67299.79,65618.44,66983.75,29384.21,1956480958.57
2026-02-20T00:00:00+00:00,BTCUSD,66983.75,68297.95,66442.67,67997.02,38044.13,2565992687.01
2026-02-21T00:00:00+00:00,BTCUSD,67997.02,68686.92,67528.59,67965.05,11686.08,796953223.51
2026-02-22T00:00:00+00:00,BTCUSD,67965.05,68233.91,67170.64,67626.88,11615.92,786667936.82
2026-02-23T00:00:00+00:00,BTCUSD,67626.88,67663.82,63879.72,64642.48,42373.83,2766008869.19
2026-02-24T00:00:00+00:00,BTCUSD,64642.48,64996.35,62551.85,64069.84,45607.54,2906212702.97
2026-02-25T00:00:00+00:00,BTCUSD,64069.84,70005.48,63922.45,67998.99,55809.16,3753044530.52
2026-02-26T00:00:00+00:00,BTCUSD,67998.99,68867.59,66508.93,67498.16,44886.39,3038274772.26
2026-02-27T00:00:00+00:00,BTCUSD,67498.16,68227.68,64948.18,65870.53,41323.2,2743694516.97
2026-02-28T00:00:00+00:00,BTCUSD,65870.53,67756.22,63030.34,66985.3,39423.24,2566186201.06
2026-03-01T00:00:00+00:00,BTCUSD,66985.3,68190.48,65043.22,65774.35,31940.58,2126537310.68
2026-03-02T00:00:00+00:00,BTCUSD,65774.35,70116.05,65261.45,68831.94,52714.29,3577629869.35
2026-03-03T00:00:00+00:00,BTCUSD,68831.94,69257.29,66148.66,68338,47295.99,3209229703.13
2026-03-04T00:00:00+00:00,BTCUSD,68338,74083.89,67407.2,72685.14,58364.24,4177397786.89
2026-03-05T00:00:00+00:00,BTCUSD,72685.14,73580.61,70649.03,70883.43,39182.16,2818687736.82
2026-03-06T00:00:00+00:00,BTCUSD,70883.43,71415.18,67734.1,68110.63,37984.6,2634646708.86
2026-03-07T00:00:00+00:00,BTCUSD,68110.63,68536.12,66935.38,67261.55,11943.05,809381009.5
2026-03-08T00:00:00+00:00,BTCUSD,67261.55,68191.22,65631.31,65974.07,20832.2,1393620547.64
2026-03-09T00:00:00+00:00,BTCUSD,65974.07,69537.79,65835.73,68438.57,39703.44,2709476164.15
2026-03-10T00:00:00+00:00,BTCUSD,68438.57,71784.73,68390.84,69961.25,41624.34,2928859556.81
2026-03-11T00:00:00+00:00,BTCUSD,69961.25,71346.32,68986.08,70205.19,34413.1,2418277293.19
2026-03-12T00:00:00+00:00,BTCUSD,70205.19,70804.8,69210.99,70527.68,33129.51,2322381597.45
2026-03-13T00:00:00+00:00,BTCUSD,70527.68,73942.2,70402.18,70941.65,39598.04,2849291467.57
2026-03-14T00:00:00+00:00,BTCUSD,70941.65,71312.93,70324.71,71223.72,9824.66,695397584.7
2026-03-15T00:00:00+00:00,BTCUSD,71223.72,73214.29,70872.84,72828.77,16622.47,1194265898.73
2026-03-16T00:00:00+00:00,BTCUSD,72828.77,74911.2,72291.22,74884.52,35432.38,2613830614.25
2026-03-17T00:00:00+00:00,BTCUSD,74884.52,76011.83,73419.9,73936.64,37904.84,2819675253.63
2026-03-18T00:00:00+00:00,BTCUSD,73936.64,74703.58,70493.02,71248.69,29963.04,2164801322
2026-03-19T00:00:00+00:00,BTCUSD,71248.69,71617.06,68778.11,69918.84,31432.32,2199132834.75
2026-03-20T00:00:00+00:00,BTCUSD,69918.84,71362.83,69382.16,70504.27,28202.11,1979988250.54
2026-03-21T00:00:00+00:00,BTCUSD,70504.27,71082.27,68569.14,68909.77,10135.48,712826361.45
2026-03-22T00:00:00+00:00,BTCUSD,68909.77,69575.11,67346.39,67853.59,19080.94,1307961491.93
2026-03-23T00:00:00+00:00,BTCUSD,67853.59,71809.18,67435.52,70882.02,34476.12,2411208073.25
2026-03-24T00:00:00+00:00,BTCUSD,70882.02,71384.93,68897.47,70532.1,27209.19,1908823520.28
2026-03-25T00:00:00+00:00,BTCUSD,70532.1,72021.21,70378.93,71305.31,21670.32,1542312170.57
2026-03-26T00:00:00+00:00,BTCUSD,71305.31,71409.93,68112.31,68781.63,28504.28,1977691874.86
2026-03-27T00:00:00+00:00,BTCUSD,68781.63,69134.01,65507.78,66365.12,34935.43,2331409861.49
2026-03-28T00:00:00+00:00,BTCUSD,66365.12,67248.52,65892.41,66327.41,12045.71,801747050.55
2026-03-29T00:00:00+00:00,BTCUSD,66327.41,67075.8,64960.31,65967.75,14862.65,985393652.08
2026-03-30T00:00:00+00:00,BTCUSD,65967.75,68118.37,65754.18,66744.36,34021.82,2284385033.06
2026-03-31T00:00:00+00:00,BTCUSD,66744.36,68533.41,65932.38,68233.98,34649.11,2333599626.6
2026-04-01T00:00:00+00:00,BTCUSD,68233.98,69284.9,67544.7,68108.11,24234.59,1656756766.28
2026-04-02T00:00:00+00:00,BTCUSD,68108.11,68646.83,65700.61,66895.02,26281.88,1756579345.55
2026-04-03T00:00:00+00:00,BTCUSD,66895.02,67366.42,66278.89,66953.31,12707.87,849007595.22
2026-04-04T00:00:00+00:00,BTCUSD,66953.31,67533.41,66775.08,67291.01,6444.27,432782453.72
2026-04-05T00:00:00+00:00,BTCUSD,67291.01,69112.22,66604.57,69004.15,10554.43,712749539.51
2026-04-06T00:00:00+00:00,BTCUSD,69004.15,70367.01,68336.5,68852.96,26913.27,1870697978.1
2026-04-07T00:00:00+00:00,BTCUSD,68852.96,72753.63,67716.12,71917.66,31146.4,2160155962.23
2026-04-08T00:00:00+00:00,BTCUSD,71917.66,72857.69,70691.49,71086.44,28765.74,2059667780.52
2026-04-09T00:00:00+00:00,BTCUSD,71086.44,73148.53,70472.93,71803.46,29224.6,2095261926.07
2026-04-10T00:00:00+00:00,BTCUSD,71803.46,73473.25,71434.98,72990.26,26151.44,1898530601.35
2026-04-11T00:00:00+00:00,BTCUSD,72990.26,73823.07,72567.95,73077.66,9513.07,695313988.08
2026-04-12T00:00:00+00:00,BTCUSD,73077.66,73165.73,70520.78,70750.05,13674.97,976072693.15
2026-04-13T00:00:00+00:00,BTCUSD,70750.05,74923.25,70582.11,74444.78,38520.57,2787168328.38
2026-04-14T00:00:00+00:00,BTCUSD,74444.78,76121.51,73862.14,74176.82,42928.16,3211194613.9
2026-04-15T00:00:00+00:00,BTCUSD,74176.82,75450.74,73544.61,74831.35,22132.36,1645779221.08
2026-04-16T00:00:00+00:00,BTCUSD,74831.35,75535.99,73312.86,75166.87,21293.97,1588474680.96
2026-04-17T00:00:00+00:00,BTCUSD,75166.87,78372.28,74562.88,77102.12,35808.41,2753010618.88
2026-04-18T00:00:00+00:00,BTCUSD,77102.12,77445.06,75476.58,75732.23,11067.1,844792731.06
2026-04-19T00:00:00+00:00,BTCUSD,75732.23,76274.36,73795.54,73824.27,15661.21,1176631430.59
2026-04-20T00:00:00+00:00,BTCUSD,73824.27,76596.97,73747.69,75864.88,23467.24,1769210218.91
2026-04-21T00:00:00+00:00,BTCUSD,75864.88,76924.94,74828.26,76349.35,23009.24,1746476121.6
2026-04-22T00:00:00+00:00,BTCUSD,76349.35,79515.58,76149,78209.43,30196.53,2365765590.07
2026-04-23T00:00:00+00:00,BTCUSD,78209.43,78705.03,76986.12,78283.64,26275.53,2046838021.24
2026-04-24T00:00:00+00:00,BTCUSD,78283.64,78604.69,77293.78,77463.4,21181.8,1649940984.58
2026-04-25T00:00:00+00:00,BTCUSD,77463.4,77907.49,77178.63,77645.78,6455.34,500514551.07
2026-04-26T00:00:00+00:00,BTCUSD,77645.78,78935.69,77350.61,78673.71,10570.01,825916167.07
2026-04-27T00:00:00+00:00,BTCUSD,78673.71,79499.71,76458.35,77373.54,24036.42,1867056081.01
2026-04-28T00:00:00+00:00,BTCUSD,77373.54,77484.2,75653.48,76330.13,19003.75,1452117102.95
2026-04-29T00:00:00+00:00,BTCUSD,76330.13,77908.48,74934.73,75758.34,24194.59,1848267737.93
2026-04-30T00:00:00+00:00,BTCUSD,75758.34,76648.85,75296.13,76318.61,17991.25,1370345076.86
2026-05-01T00:00:00+00:00,BTCUSD,76318.61,78939.48,76288.68,78229.09,22884.66,1783510955.23
2026-05-02T00:00:00+00:00,BTCUSD,78229.09,79117.38,78037.04,78676.88,6827.5,535605546.6
2026-05-03T00:00:00+00:00,BTCUSD,78676.88,79430.55,78074.45,78556.51,8442.71,664260719.95
2026-05-04T00:00:00+00:00,BTCUSD,78556.51,80762.6,78204.21,79847.88,31025.75,2472425091.39
2026-05-05T00:00:00+00:00,BTCUSD,79847.88,81788.81,79795.71,80906.66,22954.51,1863253905.45
2026-05-06T00:00:00+00:00,BTCUSD,80906.66,82813.94,80719.84,81434.43,22839.65,1865768231.59
2026-05-07T00:00:00+00:00,BTCUSD,81434.43,81705.84,79477.87,80005.6,20565.48,1654367019.66
2026-05-08T00:00:00+00:00,BTCUSD,80005.6,80502.97,79182.56,80191.99,14782.97,1181913576.46
2026-05-09T00:00:00+00:00,BTCUSD,80191.99,81060.04,80125.91,80661,6354.17,511494973.25
2026-05-10T00:00:00+00:00,BTCUSD,80661,82452.65,80279.35,82193.54,12159.81,987806994.41
2026-05-11T00:00:00+00:00,BTCUSD,82193.54,82358.57,80426.69,81728.64,21045.07,1713238059.16
2026-05-12T00:00:00+00:00,BTCUSD,81728.64,81774.86,79820.43,80485.29,17029.26,1374599829.51
2026-05-13T00:00:00+00:00,BTCUSD,80485.29,81279.44,80397.08,81163.95,1907.51,154416766.28
