timestamp,symbol,open,high,low,close,volume_from,volume_to
2023-05-01T00:00:00+00:00,PEPEUSD,0.1055,0.1014,0.0896,0.09802,32048.33,3141.47
2023-05-02T00:00:00+00:00,PEPEUSD,0.09802,0.1004,0.08063,0.08092,91301.95,7388.07
2023-05-03T00:00:00+00:00,PEPEUSD,0.08092,0.09439,0.08161,0.08161,14196.41,1158.53
2023-05-04T00:00:00+00:00,PEPEUSD,0.08161,0.09093,0.08111,0.09064,2041.8,185.07
2023-05-05T00:00:00+00:00,PEPEUSD,0.09064,0.1087,0.07062,0.1055,245696.95,25918.12
2023-05-06T00:00:00+00:00,PEPEUSD,0.1055,0.1097,0.0877,0.0932,85900.93,8005.93
2023-05-07T00:00:00+00:00,PEPEUSD,0.0932,0.1029,0.092,0.09743,45720.19,4454.67
2023-05-08T00:00:00+00:00,PEPEUSD,0.09743,0.1006,0.05696,0.05779,167522.44,9681.04
2023-05-09T00:00:00+00:00,PEPEUSD,0.05779,0.0764,0.05757,0.06533,110807.85,7238.56
2023-05-10T00:00:00+00:00,PEPEUSD,0.06533,0.06548,0.05028,0.05028,100779.45,5067.62
2023-05-11T00:00:00+00:00,PEPEUSD,0.05028,0.06397,0.04912,0.06397,12876.24,823.69
2023-05-12T00:00:00+00:00,PEPEUSD,1.39e-06,2e-06,1.09e-06,1.73e-06,109490300000,136900.35
2023-05-13T00:00:00+00:00,PEPEUSD,1.73e-06,2.08e-06,1.56e-06,1.89e-06,103353200000,195332.95
2023-05-14T00:00:00+00:00,PEPEUSD,1.89e-06,1.95e-06,1.69e-06,1.78e-06,55265500000,102449.1
2023-05-15T00:00:00+00:00,PEPEUSD,1.71e-06,1.76e-06,1.61e-06,1.73e-06,10868000000,18203.45
2023-05-16T00:00:00+00:00,PEPEUSD,1.73e-06,1.81e-06,1.65e-06,1.67e-06,21137200000,36005.93
2023-05-17T00:00:00+00:00,PEPEUSD,1.67e-06,1.7e-06,1.47e-06,1.57e-06,44029600000,69360.35
2023-05-18T00:00:00+00:00,PEPEUSD,1.57e-06,1.64e-06,1.51e-06,1.58e-06,27058200000,42842.17
2023-05-19T00:00:00+00:00,PEPEUSD,1.58e-06,1.58e-06,1.49e-06,1.54e-06,12033200000,18275.36
2023-05-20T00:00:00+00:00,PEPEUSD,1.54e-06,1.9e-06,1.5e-06,1.71e-06,53009400000,90728.33
2023-05-21T00:00:00+00:00,PEPEUSD,1.71e-06,1.75e-06,1.57e-06,1.61e-06,23473100000,38858.61
2023-05-22T00:00:00+00:00,PEPEUSD,1.61e-06,1.61e-06,1.51e-06,1.53e-06,76326400000,119539.38
2023-05-23T00:00:00+00:00,PEPEUSD,1.53e-06,1.65e-06,1.52e-06,1.59e-06,40977700000,64876.75
2023-05-24T00:00:00+00:00,PEPEUSD,1.59e-06,1.59e-06,1.32e-06,1.43e-06,34539900000,50620.72
2023-05-25T00:00:00+00:00,PEPEUSD,1.43e-06,1.46e-06,1.33e-06,1.43e-06,10118600000,14302.33
2023-05-26T00:00:00+00:00,PEPEUSD,1.43e-06,1.49e-06,1.38e-06,1.45e-06,23163000000,33320.56
2023-05-27T00:00:00+00:00,PEPEUSD,1.45e-06,1.53e-06,1.44e-06,1.51e-06,13449300000,19967.39
2023-05-28T00:00:00+00:00,PEPEUSD,1.51e-06,1.54e-06,1.42e-06,1.5e-06,24637800000,36246.47
2023-05-29T00:00:00+00:00,PEPEUSD,1.5e-06,1.51e-06,1.4e-06,1.44e-06,24874700000,36008.57
2023-05-30T00:00:00+00:00,PEPEUSD,1.44e-06,1.44e-06,1.24e-06,1.29e-06,42141000000,56509.54
2023-05-31T00:00:00+00:00,PEPEUSD,1.29e-06,1.32e-06,1.19e-06,1.26e-06,32575400000,40712.97
2023-06-01T00:00:00+00:00,PEPEUSD,1.26e-06,1.33e-06,1.22e-06,1.24e-06,24264300000,30765.91
2023-06-02T00:00:00+00:00,PEPEUSD,1.24e-06,1.3e-06,1.23e-06,1.28e-06,18352100000,23157.49
2023-06-03T00:00:00+00:00,PEPEUSD,1.28e-06,1.34e-06,1.27e-06,1.29e-06,19310100000,25191.52
2023-06-04T00:00:00+00:00,PEPEUSD,1.29e-06,1.3e-06,1.2e-06,1.24e-06,19253000000,24296.37
2023-06-05T00:00:00+00:00,PEPEUSD,1.24e-06,1.24e-06,9.6e-07,1.04e-06,80033100000,89711.5
2023-06-06T00:00:00+00:00,PEPEUSD,1.04e-06,1.26e-06,9.7e-07,1.2e-06,37308600000,41305.88
2023-06-07T00:00:00+00:00,PEPEUSD,1.2e-06,1.22e-06,1.04e-06,1.08e-06,22669500000,24781.39
2023-06-08T00:00:00+00:00,PEPEUSD,1.08e-06,1.13e-06,1.03e-06,1.09e-06,19182000000,20641.8
2023-06-09T00:00:00+00:00,PEPEUSD,1.09e-06,1.2e-06,1.06e-06,1.14e-06,28212500000,32169.23
2023-06-10T00:00:00+00:00,PEPEUSD,1.14e-06,1.14e-06,8.6e-07,9.2e-07,32390100000,31048.69
2023-06-11T00:00:00+00:00,PEPEUSD,9.2e-07,9.5e-07,8.7e-07,9.1e-07,7437200000,6819.43
2023-06-12T00:00:00+00:00,PEPEUSD,9.1e-07,9.5e-07,8.2e-07,9.1e-07,17240900000,15475.58
2023-06-13T00:00:00+00:00,PEPEUSD,9.1e-07,9.8e-07,8.8e-07,9.1e-07,13896300000,12832.34
2023-06-14T00:00:00+00:00,PEPEUSD,9.1e-07,9.5e-07,8.6e-07,8.8e-07,35006900000,31820.53
2023-06-15T00:00:00+00:00,PEPEUSD,8.8e-07,9.3e-07,8.2e-07,9e-07,49506900000,42673.31
2023-06-16T00:00:00+00:00,PEPEUSD,9e-07,1.04e-06,8.8e-07,9.7e-07,32832800000,30766.85
2023-06-17T00:00:00+00:00,PEPEUSD,9.7e-07,1.04e-06,9.5e-07,1e-06,37990400000,37786.12
2023-06-18T00:00:00+00:00,PEPEUSD,1e-06,1e-06,9.2e-07,9.3e-07,5742900000,5578.52
2023-06-19T00:00:00+00:00,PEPEUSD,9.3e-07,9.6e-07,9.2e-07,9.5e-07,9162800000,8571.2
2023-06-20T00:00:00+00:00,PEPEUSD,9.5e-07,1.08e-06,9e-07,1.07e-06,10824300000,10519.73
2023-06-21T00:00:00+00:00,PEPEUSD,1.07e-06,1.46e-06,1.01e-06,1.38e-06,70523200000,90631.22
2023-06-22T00:00:00+00:00,PEPEUSD,1.38e-06,1.69e-06,1.37e-06,1.55e-06,61081000000,94043.74
2023-06-23T00:00:00+00:00,PEPEUSD,1.55e-06,1.77e-06,1.43e-06,1.65e-06,55355900000,87214
2023-06-24T00:00:00+00:00,PEPEUSD,1.65e-06,1.74e-06,1.47e-06,1.54e-06,24693700000,39570.79
2023-06-25T00:00:00+00:00,PEPEUSD,1.54e-06,1.67e-06,1.52e-06,1.61e-06,26647000000,42361.88
2023-06-26T00:00:00+00:00,PEPEUSD,1.61e-06,1.63e-06,1.49e-06,1.5e-06,8782000000,13638.42
2023-06-27T00:00:00+00:00,PEPEUSD,1.5e-06,1.67e-06,1.5e-06,1.62e-06,30623200000,49212.84
2023-06-28T00:00:00+00:00,PEPEUSD,1.62e-06,1.62e-06,1.38e-06,1.42e-06,33191400000,50197.03
2023-06-29T00:00:00+00:00,PEPEUSD,1.42e-06,1.62e-06,1.41e-06,1.55e-06,28338300000,43308.75
2023-06-30T00:00:00+00:00,PEPEUSD,1.55e-06,1.7e-06,1.42e-06,1.61e-06,67652300000,109399.95
2023-07-01T00:00:00+00:00,PEPEUSD,1.61e-06,1.63e-06,1.53e-06,1.55e-06,13349700000,21060.39
2023-07-02T00:00:00+00:00,PEPEUSD,1.55e-06,1.61e-06,1.51e-06,1.6e-06,13217200000,20557.45
2023-07-03T00:00:00+00:00,PEPEUSD,1.6e-06,1.87e-06,1.57e-06,1.83e-06,43790700000,76762.85
2023-07-04T00:00:00+00:00,PEPEUSD,1.83e-06,1.87e-06,1.67e-06,1.72e-06,19654600000,34313.83
2023-07-05T00:00:00+00:00,PEPEUSD,1.72e-06,1.76e-06,1.59e-06,1.64e-06,24025800000,39812.83
2023-07-06T00:00:00+00:00,PEPEUSD,1.64e-06,1.77e-06,1.53e-06,1.54e-06,39149700000,64727.67
2023-07-07T00:00:00+00:00,PEPEUSD,1.54e-06,1.61e-06,1.51e-06,1.57e-06,14799400000,22995.47
2023-07-08T00:00:00+00:00,PEPEUSD,1.57e-06,1.59e-06,1.51e-06,1.55e-06,10045700000,15585.17
2023-07-09T00:00:00+00:00,PEPEUSD,1.55e-06,1.58e-06,1.53e-06,1.55e-06,8771800000,13668.27
2023-07-10T00:00:00+00:00,PEPEUSD,1.55e-06,1.56e-06,1.44e-06,1.51e-06,42213500000,62906.75
2023-07-11T00:00:00+00:00,PEPEUSD,1.51e-06,1.53e-06,1.49e-06,1.5e-06,8256300000,12422.34
2023-07-12T00:00:00+00:00,PEPEUSD,1.5e-06,1.57e-06,1.49e-06,1.51e-06,18205700000,27781.12
2023-07-13T00:00:00+00:00,PEPEUSD,1.51e-06,1.72e-06,1.46e-06,1.71e-06,25021400000,40349.16
2023-07-14T00:00:00+00:00,PEPEUSD,1.71e-06,1.94e-06,1.53e-06,1.62e-06,59506400000,102477.46
2023-07-15T00:00:00+00:00,PEPEUSD,1.62e-06,1.7e-06,1.6e-06,1.64e-06,11122200000,18336.82
2023-07-16T00:00:00+00:00,PEPEUSD,1.64e-06,1.66e-06,1.57e-06,1.58e-06,12268800000,19762.44
2023-07-17T00:00:00+00:00,PEPEUSD,1.58e-06,1.59e-06,1.5e-06,1.56e-06,10360800000,15972.29
2023-07-18T00:00:00+00:00,PEPEUSD,1.56e-06,1.58e-06,1.49e-06,1.51e-06,19897300000,30186.87
2023-07-19T00:00:00+00:00,PEPEUSD,1.51e-06,1.57e-06,1.51e-06,1.53e-06,8332600000,12877.88
2023-07-20T00:00:00+00:00,PEPEUSD,1.53e-06,1.58e-06,1.47e-06,1.5e-06,19761600000,30390.67
2023-07-21T00:00:00+00:00,PEPEUSD,1.5e-06,1.54e-06,1.48e-06,1.52e-06,11327300000,17030.33
2023-07-22T00:00:00+00:00,PEPEUSD,1.52e-06,1.55e-06,1.48e-06,1.49e-06,4877100000,7316.05
2023-07-23T00:00:00+00:00,PEPEUSD,1.49e-06,1.53e-06,1.46e-06,1.51e-06,27081800000,40295.36
2023-07-24T00:00:00+00:00,PEPEUSD,1.51e-06,1.51e-06,1.27e-06,1.35e-06,20194600000,27617.18
2023-07-25T00:00:00+00:00,PEPEUSD,1.35e-06,1.36e-06,1.29e-06,1.3e-06,9254700000,12228.49
2023-07-26T00:00:00+00:00,PEPEUSD,1.3e-06,1.42e-06,1.23e-06,1.33e-06,33583300000,43264.52
2023-07-27T00:00:00+00:00,PEPEUSD,1.33e-06,1.45e-06,1.28e-06,1.34e-06,21651000000,29452.34
2023-07-28T00:00:00+00:00,PEPEUSD,1.34e-06,1.37e-06,1.3e-06,1.34e-06,21691000000,29110.48
2023-07-29T00:00:00+00:00,PEPEUSD,1.34e-06,1.36e-06,1.32e-06,1.35e-06,8403300000,11256.33
2023-07-30T00:00:00+00:00,PEPEUSD,1.35e-06,1.36e-06,1.25e-06,1.29e-06,29957700000,38850.57
2023-07-31T00:00:00+00:00,PEPEUSD,1.29e-06,1.34e-06,1.21e-06,1.23e-06,12315700000,15391.53
2023-08-01T00:00:00+00:00,PEPEUSD,1.23e-06,1.3e-06,1.2e-06,1.3e-06,32201600000,39711.09
2023-08-02T00:00:00+00:00,PEPEUSD,1.3e-06,1.32e-06,1.21e-06,1.22e-06,19059500000,23877.89
2023-08-03T00:00:00+00:00,PEPEUSD,1.22e-06,1.23e-06,1.19e-06,1.2e-06,16127600000,19527.96
2023-08-04T00:00:00+00:00,PEPEUSD,1.2e-06,1.22e-06,1.13e-06,1.15e-06,28892100000,34123.82
2023-08-05T00:00:00+00:00,PEPEUSD,1.15e-06,1.17e-06,1.12e-06,1.15e-06,40615500000,46287.01
2023-08-06T00:00:00+00:00,PEPEUSD,1.15e-06,1.18e-06,1.13e-06,1.15e-06,19201200000,22109.5
2023-08-07T00:00:00+00:00,PEPEUSD,1.15e-06,1.19e-06,1.06e-06,1.11e-06,47722800000,54431.97
2023-08-08T00:00:00+00:00,PEPEUSD,1.11e-06,1.22e-06,1.09e-06,1.18e-06,34089300000,39077.58
2023-08-09T00:00:00+00:00,PEPEUSD,1.18e-06,1.29e-06,1.17e-06,1.23e-06,42667400000,52063.57
2023-08-10T00:00:00+00:00,PEPEUSD,1.23e-06,1.26e-06,1.2e-06,1.23e-06,17048100000,21155.4
2023-08-11T00:00:00+00:00,PEPEUSD,1.23e-06,1.27e-06,1.22e-06,1.25e-06,6060800000,7544.4
2023-08-12T00:00:00+00:00,PEPEUSD,1.25e-06,1.36e-06,1.24e-06,1.34e-06,23445700000,31394.14
2023-08-13T00:00:00+00:00,PEPEUSD,1.34e-06,1.42e-06,1.33e-06,1.36e-06,18418700000,25521.19
2023-08-14T00:00:00+00:00,PEPEUSD,1.36e-06,1.46e-06,1.33e-06,1.4e-06,52183400000,73190.99
2023-08-15T00:00:00+00:00,PEPEUSD,1.4e-06,1.41e-06,1.24e-06,1.26e-06,19910500000,26452.45
2023-08-16T00:00:00+00:00,PEPEUSD,1.26e-06,1.27e-06,1.15e-06,1.16e-06,30554700000,36947.28
2023-08-17T00:00:00+00:00,PEPEUSD,1.16e-06,1.22e-06,9e-07,1.08e-06,33593800000,37107.76
2023-08-18T00:00:00+00:00,PEPEUSD,1.08e-06,1.12e-06,1.04e-06,1.08e-06,31464900000,34036.15
2023-08-19T00:00:00+00:00,PEPEUSD,1.08e-06,1.16e-06,1.06e-06,1.14e-06,35451000000,39324.75
2023-08-20T00:00:00+00:00,PEPEUSD,1.14e-06,1.15e-06,1.11e-06,1.12e-06,8791200000,9851.86
2023-08-21T00:00:00+00:00,PEPEUSD,1.12e-06,1.13e-06,1.05e-06,1.09e-06,19901400000,21684.8
2023-08-22T00:00:00+00:00,PEPEUSD,1.09e-06,1.1e-06,1.01e-06,1.07e-06,23620000000,24992.8
2023-08-23T00:00:00+00:00,PEPEUSD,1.07e-06,1.13e-06,1.05e-06,1.1e-06,33168800000,35958.9
2023-08-24T00:00:00+00:00,PEPEUSD,1.1e-06,1.11e-06,9.2e-07,9.4e-07,91186500000,88902.11
2023-08-25T00:00:00+00:00,PEPEUSD,9.4e-07,9.4e-07,7.9e-07,8.8e-07,46312400000,40795.13
2023-08-26T00:00:00+00:00,PEPEUSD,8.8e-07,9.7e-07,8.5e-07,8.7e-07,23094100000,20591.29
2023-08-27T00:00:00+00:00,PEPEUSD,8.7e-07,9.2e-07,8.5e-07,9e-07,10879300000,9769.96
2023-08-28T00:00:00+00:00,PEPEUSD,9e-07,9e-07,8.4e-07,8.5e-07,9476600000,8197.17
2023-08-29T00:00:00+00:00,PEPEUSD,8.5e-07,9e-07,8.1e-07,9e-07,56513700000,49256.85
2023-08-30T00:00:00+00:00,PEPEUSD,9e-07,9e-07,8.2e-07,8.7e-07,22497000000,19744.22
2023-08-31T00:00:00+00:00,PEPEUSD,8.7e-07,8.8e-07,8e-07,8.1e-07,29110100000,24287.56
2023-09-01T00:00:00+00:00,PEPEUSD,8.1e-07,8.2e-07,7.5e-07,7.8e-07,33947800000,27116.13
2023-09-02T00:00:00+00:00,PEPEUSD,7.8e-07,8.1e-07,7.6e-07,7.9e-07,28133100000,22090.35
2023-09-03T00:00:00+00:00,PEPEUSD,7.9e-07,8.1e-07,7.7e-07,8e-07,57412500000,45295.21
2023-09-04T00:00:00+00:00,PEPEUSD,8e-07,8.3e-07,7.8e-07,8e-07,46089500000,37012.35
2023-09-05T00:00:00+00:00,PEPEUSD,8e-07,8.2e-07,7.8e-07,8e-07,53097200000,42672.13
2023-09-06T00:00:00+00:00,PEPEUSD,8e-07,8.1e-07,7.7e-07,8e-07,70714200000,56213.99
2023-09-07T00:00:00+00:00,PEPEUSD,8e-07,8.2e-07,7.8e-07,8.1e-07,44978500000,35961.83
2023-09-08T00:00:00+00:00,PEPEUSD,8.1e-07,8.2e-07,7.7e-07,8e-07,57721200000,45704.27
2023-09-09T00:00:00+00:00,PEPEUSD,8e-07,8e-07,7.8e-07,7.9e-07,27565700000,21677.72
2023-09-10T00:00:00+00:00,PEPEUSD,7.9e-07,7.9e-07,6.9e-07,7.1e-07,45987100000,33673.09
2023-09-11T00:00:00+00:00,PEPEUSD,7.1e-07,7.1e-07,6.4e-07,6.7e-07,81774100000,55306.48
2023-09-12T00:00:00+00:00,PEPEUSD,6.7e-07,7e-07,6.5e-07,6.6e-07,79840900000,54566.54
2023-09-13T00:00:00+00:00,PEPEUSD,6.6e-07,7.1e-07,6.5e-07,6.7e-07,27261300000,18521.95
2023-09-14T00:00:00+00:00,PEPEUSD,6.7e-07,7e-07,6.6e-07,6.8e-07,78886100000,53920.01
2023-09-15T00:00:00+00:00,PEPEUSD,6.8e-07,6.9e-07,6.6e-07,6.9e-07,45496000000,30575.79
2023-09-16T00:00:00+00:00,PEPEUSD,6.9e-07,7.1e-07,6.7e-07,6.8e-07,60662100000,41351.33
2023-09-17T00:00:00+00:00,PEPEUSD,6.8e-07,6.8e-07,6e-07,6.3e-07,60855800000,39626.67
2023-09-18T00:00:00+00:00,PEPEUSD,6.3e-07,6.5e-07,6.2e-07,6.3e-07,95304200000,60289.5
2023-09-19T00:00:00+00:00,PEPEUSD,6.3e-07,6.5e-07,6.1e-07,6.4e-07,71128700000,45435.07
2023-09-20T00:00:00+00:00,PEPEUSD,6.4e-07,6.5e-07,6.1e-07,6.3e-07,78798200000,49555.42
2023-09-21T00:00:00+00:00,PEPEUSD,6.3e-07,6.4e-07,6e-07,6.1e-07,40956000000,25390.93
2023-09-22T00:00:00+00:00,PEPEUSD,6.1e-07,7.3e-07,6.1e-07,7.1e-07,157921200000,107233.67
2023-09-23T00:00:00+00:00,PEPEUSD,7.1e-07,7.4e-07,6.5e-07,6.7e-07,61645900000,43153.07
2023-09-24T00:00:00+00:00,PEPEUSD,6.7e-07,6.9e-07,6.6e-07,6.7e-07,49954500000,33849.89
2023-09-25T00:00:00+00:00,PEPEUSD,6.7e-07,7.2e-07,6.7e-07,7.1e-07,93951600000,65371.37
2023-09-26T00:00:00+00:00,PEPEUSD,7.1e-07,7.3e-07,6.8e-07,6.9e-07,35487700000,25250.91
2023-09-27T00:00:00+00:00,PEPEUSD,6.9e-07,7.6e-07,6.9e-07,7.3e-07,9620000000,6964.59
2023-09-28T00:00:00+00:00,PEPEUSD,7.3e-07,7.5e-07,7e-07,7.3e-07,15556600000,11349.56
2023-09-29T00:00:00+00:00,PEPEUSD,7.3e-07,8.3e-07,7.1e-07,7.9e-07,114828100000,91095.16
2023-09-30T00:00:00+00:00,PEPEUSD,7.9e-07,8.2e-07,7.5e-07,8e-07,95499800000,76181.82
2023-10-01T00:00:00+00:00,PEPEUSD,8e-07,8.3e-07,7.7e-07,8.1e-07,69134500000,55512.15
2023-10-02T00:00:00+00:00,PEPEUSD,8.1e-07,8.5e-07,6.9e-07,7.4e-07,67461500000,53376.29
2023-10-03T00:00:00+00:00,PEPEUSD,7.4e-07,7.5e-07,7.1e-07,7.2e-07,39483000000,29211.74
2023-10-04T00:00:00+00:00,PEPEUSD,7.2e-07,7.3e-07,7e-07,7.2e-07,7725400000,5503.64
2023-10-05T00:00:00+00:00,PEPEUSD,7.2e-07,7.3e-07,7e-07,7e-07,5586600000,3985.04
2023-10-06T00:00:00+00:00,PEPEUSD,7e-07,7.3e-07,6.8e-07,7.2e-07,7065700000,5055.29
2023-10-07T00:00:00+00:00,PEPEUSD,7.2e-07,7.3e-07,7e-07,7.1e-07,6806300000,4867.56
2023-10-08T00:00:00+00:00,PEPEUSD,7.1e-07,7.2e-07,6.9e-07,7.1e-07,14032600000,9948.58
2023-10-09T00:00:00+00:00,PEPEUSD,7.1e-07,7.2e-07,6.4e-07,6.7e-07,14079700000,9637.17
2023-10-10T00:00:00+00:00,PEPEUSD,6.7e-07,6.7e-07,6.3e-07,6.4e-07,16526900000,10781.49
2023-10-11T00:00:00+00:00,PEPEUSD,6.4e-07,6.5e-07,6.2e-07,6.4e-07,12250700000,7768.33
2023-10-12T00:00:00+00:00,PEPEUSD,6.4e-07,6.4e-07,6.1e-07,6.2e-07,11161400000,7034.36
2023-10-13T00:00:00+00:00,PEPEUSD,6.2e-07,6.6e-07,6.2e-07,6.4e-07,3205400000,2029.09
2023-10-14T00:00:00+00:00,PEPEUSD,6.4e-07,6.5e-07,6.3e-07,6.4e-07,464500000,299.58
2023-10-15T00:00:00+00:00,PEPEUSD,6.4e-07,6.8e-07,6.2e-07,6.6e-07,12714600000,8293.43
2023-10-16T00:00:00+00:00,PEPEUSD,6.6e-07,7.2e-07,6.6e-07,6.8e-07,39424800000,27454.69
2023-10-17T00:00:00+00:00,PEPEUSD,6.8e-07,6.8e-07,6.3e-07,6.3e-07,22378545798.6,14434.07
2023-10-18T00:00:00+00:00,PEPEUSD,6.3e-07,6.4e-07,6.2e-07,6.3e-07,51969174390.75,32938.19
2023-10-19T00:00:00+00:00,PEPEUSD,6.3e-07,6.4e-07,6.2e-07,6.3e-07,82138542304.76,51515.49
2023-10-20T00:00:00+00:00,PEPEUSD,6.3e-07,6.6e-07,6.2e-07,6.6e-07,76373205716.53,49783.39
2023-10-21T00:00:00+00:00,PEPEUSD,6.6e-07,7.2e-07,6.5e-07,7e-07,360871514373.52,252478.9
2023-10-22T00:00:00+00:00,PEPEUSD,7e-07,7.6e-07,6.8e-07,7.5e-07,352923803015,257168.92
2023-10-23T00:00:00+00:00,PEPEUSD,7.5e-07,1.04e-06,7.3e-07,1.01e-06,698817436657.48,566352.39
2023-10-24T00:00:00+00:00,PEPEUSD,1.01e-06,1.05e-06,8.6e-07,9.2e-07,1349774380550.4,1296089.26
2023-10-25T00:00:00+00:00,PEPEUSD,9.2e-07,1.24e-06,9.1e-07,1.21e-06,1320492335560.08,1480449.6
2023-10-26T00:00:00+00:00,PEPEUSD,1.21e-06,1.36e-06,1.13e-06,1.27e-06,847733295704.66,1047911.85
2023-10-27T00:00:00+00:00,PEPEUSD,1.27e-06,1.28e-06,1.1e-06,1.16e-06,410986007642.75,482977.45
2023-10-28T00:00:00+00:00,PEPEUSD,1.16e-06,1.26e-06,1.12e-06,1.14e-06,230326069786.48,275402.05
2023-10-29T00:00:00+00:00,PEPEUSD,1.14e-06,1.16e-06,1.11e-06,1.14e-06,196928518317.64,225146.14
2023-10-30T00:00:00+00:00,PEPEUSD,1.14e-06,1.22e-06,1.13e-06,1.17e-06,752441287834.39,887627.61
2023-10-31T00:00:00+00:00,PEPEUSD,1.17e-06,1.21e-06,1.1e-06,1.15e-06,291800512634.33,338171.26
2023-11-01T00:00:00+00:00,PEPEUSD,1.15e-06,1.22e-06,1.09e-06,1.19e-06,324553172567.72,373684.1
2023-11-02T00:00:00+00:00,PEPEUSD,1.19e-06,1.24e-06,1.05e-06,1.09e-06,257422898566.66,291100.39
2023-11-03T00:00:00+00:00,PEPEUSD,1.09e-06,1.1e-06,9.6e-07,1.08e-06,168169399133.23,178780.62
2023-11-04T00:00:00+00:00,PEPEUSD,1.08e-06,1.14e-06,1.07e-06,1.12e-06,137986364792.81,153168.27
2023-11-05T00:00:00+00:00,PEPEUSD,1.12e-06,1.15e-06,1.08e-06,1.12e-06,160796813183.76,179012.1
2023-11-06T00:00:00+00:00,PEPEUSD,1.12e-06,1.21e-06,1.11e-06,1.2e-06,339471497976.8,394831.26
2023-11-07T00:00:00+00:00,PEPEUSD,1.2e-06,1.2e-06,1.08e-06,1.17e-06,276174017651.43,312961.4
2023-11-08T00:00:00+00:00,PEPEUSD,1.17e-06,1.2e-06,1.14e-06,1.19e-06,386851374818.84,452245.08
2023-11-09T00:00:00+00:00,PEPEUSD,1.19e-06,1.46e-06,1.09e-06,1.33e-06,1064635976842.47,1397861.39
2023-11-10T00:00:00+00:00,PEPEUSD,1.33e-06,1.35e-06,1.23e-06,1.35e-06,427795226794.54,555560.45
2023-11-11T00:00:00+00:00,PEPEUSD,1.35e-06,1.37e-06,1.25e-06,1.27e-06,413706493579.53,538287.48
2023-11-12T00:00:00+00:00,PEPEUSD,1.27e-06,1.29e-06,1.18e-06,1.22e-06,297730539189.17,367921.8
2023-11-13T00:00:00+00:00,PEPEUSD,1.22e-06,1.3e-06,1.16e-06,1.16e-06,765300666579.39,937896.02
2023-11-14T00:00:00+00:00,PEPEUSD,1.16e-06,1.2e-06,1.09e-06,1.15e-06,166059164692,192189.97
2023-11-15T00:00:00+00:00,PEPEUSD,1.15e-06,1.29e-06,1.14e-06,1.26e-06,433238909257.6,537590.38
2023-11-16T00:00:00+00:00,PEPEUSD,1.26e-06,1.32e-06,1.12e-06,1.14e-06,391527431319.66,465079.62
2023-11-17T00:00:00+00:00,PEPEUSD,1.14e-06,1.18e-06,1.09e-06,1.15e-06,171270151531.35,196118.31
2023-11-18T00:00:00+00:00,PEPEUSD,1.15e-06,1.15e-06,1.09e-06,1.15e-06,84961337686.58,96230.73
2023-11-19T00:00:00+00:00,PEPEUSD,1.15e-06,1.19e-06,1.11e-06,1.19e-06,153902133873.5,177508.36
2023-11-20T00:00:00+00:00,PEPEUSD,1.19e-06,1.24e-06,1.13e-06,1.13e-06,317130294286.44,373158.94
2023-11-21T00:00:00+00:00,PEPEUSD,1.13e-06,1.14e-06,1.03e-06,1.04e-06,402453627063.3,438802.11
2023-11-22T00:00:00+00:00,PEPEUSD,1.04e-06,1.12e-06,1.03e-06,1.11e-06,198516275992.48,214931.2
2023-11-23T00:00:00+00:00,PEPEUSD,1.11e-06,1.13e-06,1.07e-06,1.07e-06,233433003595.79,256075.17
2023-11-24T00:00:00+00:00,PEPEUSD,1.07e-06,1.14e-06,1.06e-06,1.11e-06,157467461866.34,174948.52
2023-11-25T00:00:00+00:00,PEPEUSD,1.11e-06,1.19e-06,1.1e-06,1.18e-06,210470911468.56,240289.82
2023-11-26T00:00:00+00:00,PEPEUSD,1.18e-06,1.18e-06,1.07e-06,1.12e-06,416794242589.53,473014.96
2023-11-27T00:00:00+00:00,PEPEUSD,1.12e-06,1.13e-06,1.05e-06,1.08e-06,217344774339.84,232630.53
2023-11-28T00:00:00+00:00,PEPEUSD,1.08e-06,1.12e-06,1.04e-06,1.09e-06,184393060602.91,200945.55
2023-11-29T00:00:00+00:00,PEPEUSD,1.09e-06,1.12e-06,1.05e-06,1.05e-06,151433147464.83,163618.4
2023-11-30T00:00:00+00:00,PEPEUSD,1.05e-06,1.09e-06,1.05e-06,1.09e-06,63798950486.86,68220.41
2023-12-01T00:00:00+00:00,PEPEUSD,1.09e-06,1.12e-06,1.08e-06,1.11e-06,87603328793.63,96261.2
2023-12-02T00:00:00+00:00,PEPEUSD,1.11e-06,1.2e-06,1.1e-06,1.17e-06,193534666161.21,221156.47
2023-12-03T00:00:00+00:00,PEPEUSD,1.17e-06,1.23e-06,1.16e-06,1.2e-06,388673476761.41,467041.96
2023-12-04T00:00:00+00:00,PEPEUSD,1.2e-06,1.5e-06,1.01e-06,1.39e-06,1073681696545.35,1446703.49
2023-12-05T00:00:00+00:00,PEPEUSD,1.39e-06,1.68e-06,1.34e-06,1.62e-06,1026466558675.94,1573557.3
2023-12-06T00:00:00+00:00,PEPEUSD,1.62e-06,1.7e-06,1.47e-06,1.48e-06,1041128492769.97,1630140.43
2023-12-07T00:00:00+00:00,PEPEUSD,1.48e-06,1.64e-06,1.42e-06,1.52e-06,656590958507.05,1001052.25
2023-12-08T00:00:00+00:00,PEPEUSD,1.52e-06,1.6e-06,1.49e-06,1.57e-06,244203787025.06,376579.7
2023-12-09T00:00:00+00:00,PEPEUSD,1.57e-06,1.75e-06,1.52e-06,1.53e-06,921084977111.88,1505105.9
2023-12-10T00:00:00+00:00,PEPEUSD,1.53e-06,1.63e-06,1.5e-06,1.6e-06,346663232024.67,542509.76
2023-12-11T00:00:00+00:00,PEPEUSD,1.6e-06,1.61e-06,1.3e-06,1.41e-06,485941382098.14,692994.64
2023-12-12T00:00:00+00:00,PEPEUSD,1.41e-06,1.45e-06,1.34e-06,1.39e-06,260674406210.78,365866.69
2023-12-13T00:00:00+00:00,PEPEUSD,1.39e-06,1.44e-06,1.3e-06,1.41e-06,194726232174.74,265273.38
2023-12-14T00:00:00+00:00,PEPEUSD,1.41e-06,1.48e-06,1.34e-06,1.48e-06,365705443519.92,521750.77
2023-12-15T00:00:00+00:00,PEPEUSD,1.48e-06,1.49e-06,1.32e-06,1.32e-06,265533234746.98,370235.54
2023-12-16T00:00:00+00:00,PEPEUSD,1.32e-06,1.47e-06,1.32e-06,1.41e-06,288702005343.57,404688.18
2023-12-17T00:00:00+00:00,PEPEUSD,1.41e-06,1.46e-06,1.33e-06,1.33e-06,272657294558.83,374037.03
2023-12-18T00:00:00+00:00,PEPEUSD,1.33e-06,1.35e-06,1.21e-06,1.31e-06,412049708212.62,525124.37
2023-12-19T00:00:00+00:00,PEPEUSD,1.31e-06,1.34e-06,1.24e-06,1.25e-06,156191996776.85,201916.46
2023-12-20T00:00:00+00:00,PEPEUSD,1.25e-06,1.31e-06,1.23e-06,1.27e-06,308708427612.71,393263.23
2023-12-21T00:00:00+00:00,PEPEUSD,1.27e-06,1.32e-06,1.23e-06,1.3e-06,201147328974.82,257429.72
2023-12-22T00:00:00+00:00,PEPEUSD,1.3e-06,1.59e-06,1.26e-06,1.58e-06,913551015450.52,1329791.64
2023-12-23T00:00:00+00:00,PEPEUSD,1.58e-06,1.59e-06,1.44e-06,1.47e-06,296581969870.72,440212.22
2023-12-24T00:00:00+00:00,PEPEUSD,1.47e-06,1.49e-06,1.34e-06,1.38e-06,317295391730.68,447667.14
2023-12-25T00:00:00+00:00,PEPEUSD,1.38e-06,1.44e-06,1.36e-06,1.41e-06,217714381444.18,304813.11
2023-12-26T00:00:00+00:00,PEPEUSD,1.41e-06,1.42e-06,1.26e-06,1.34e-06,219554309845.41,293617.26
2023-12-27T00:00:00+00:00,PEPEUSD,1.34e-06,1.5e-06,1.29e-06,1.44e-06,648777939002.81,901512.3
2023-12-28T00:00:00+00:00,PEPEUSD,1.44e-06,1.5e-06,1.33e-06,1.34e-06,285280670969.72,399925.81
2023-12-29T00:00:00+00:00,PEPEUSD,1.34e-06,1.44e-06,1.31e-06,1.34e-06,358980597362.2,489447.86
2023-12-30T00:00:00+00:00,PEPEUSD,1.34e-06,1.37e-06,1.3e-06,1.31e-06,296368242961.18,397511.38
2023-12-31T00:00:00+00:00,PEPEUSD,1.31e-06,1.35e-06,1.26e-06,1.29e-06,184433322514.74,244480.16
2024-01-01T00:00:00+00:00,PEPEUSD,1.29e-06,1.41e-06,1.26e-06,1.41e-06,150415659409.48,201836.11
2024-01-02T00:00:00+00:00,PEPEUSD,1.41e-06,1.44e-06,1.32e-06,1.34e-06,340148609651.53,473838.43
2024-01-03T00:00:00+00:00,PEPEUSD,1.34e-06,1.42e-06,1.02e-06,1.18e-06,533215862120.23,672036.42
2024-01-04T00:00:00+00:00,PEPEUSD,1.18e-06,1.29e-06,1.17e-06,1.26e-06,563541472899.16,695863.48
2024-01-05T00:00:00+00:00,PEPEUSD,1.26e-06,1.27e-06,1.16e-06,1.2e-06,186500156164.64,224340.24
2024-01-06T00:00:00+00:00,PEPEUSD,1.2e-06,1.2e-06,1.1e-06,1.16e-06,112275050261.67,129232.66
2024-01-07T00:00:00+00:00,PEPEUSD,1.16e-06,1.21e-06,1.09e-06,1.11e-06,285704054743.46,328089.35
2024-01-08T00:00:00+00:00,PEPEUSD,1.11e-06,1.28e-06,1.03e-06,1.19e-06,279547462127.81,319395.52
2024-01-09T00:00:00+00:00,PEPEUSD,1.19e-06,1.25e-06,1.1e-06,1.2e-06,487915633975.09,566184.99
2024-01-10T00:00:00+00:00,PEPEUSD,1.2e-06,1.39e-06,1.16e-06,1.33e-06,878273410934.27,1104386.26
2024-01-11T00:00:00+00:00,PEPEUSD,1.33e-06,1.5e-06,1.31e-06,1.37e-06,907284683614.63,1259545.76
2024-01-12T00:00:00+00:00,PEPEUSD,1.37e-06,1.4e-06,1.17e-06,1.24e-06,490924291771.01,652129.09
2024-01-13T00:00:00+00:00,PEPEUSD,1.24e-06,1.26e-06,1.19e-06,1.24e-06,218575594164.99,269436.85
2024-01-14T00:00:00+00:00,PEPEUSD,1.24e-06,1.25e-06,1.19e-06,1.19e-06,247830158145.35,303909.92
2024-01-15T00:00:00+00:00,PEPEUSD,1.19e-06,1.24e-06,1.19e-06,1.2e-06,105662491207.84,128687.64
2024-01-16T00:00:00+00:00,PEPEUSD,1.2e-06,1.27e-06,1.18e-06,1.24e-06,180686569250.94,220662.84
2024-01-17T00:00:00+00:00,PEPEUSD,1.24e-06,1.27e-06,1.19e-06,1.21e-06,439436504905.79,540481.05
2024-01-18T00:00:00+00:00,PEPEUSD,1.21e-06,1.21e-06,1.12e-06,1.14e-06,146843962875.53,171061
2024-01-19T00:00:00+00:00,PEPEUSD,1.14e-06,1.15e-06,1.06e-06,1.13e-06,210544741606.72,235833.7
2024-01-20T00:00:00+00:00,PEPEUSD,1.13e-06,1.18e-06,1.06e-06,1.16e-06,52484048345.17,59814.45
2024-01-21T00:00:00+00:00,PEPEUSD,1.16e-06,1.19e-06,1.02e-06,1.12e-06,87416015633.81,99619.71
2024-01-22T00:00:00+00:00,PEPEUSD,1.12e-06,1.12e-06,1.05e-06,1.05e-06,186148850122.69,202045.02
2024-01-23T00:00:00+00:00,PEPEUSD,1.05e-06,1.07e-06,9.7e-07,1.04e-06,398408575484.16,405917.3
2024-01-24T00:00:00+00:00,PEPEUSD,1.04e-06,1.07e-06,1.02e-06,1.04e-06,147961886149.46,154594.73
2024-01-25T00:00:00+00:00,PEPEUSD,1.04e-06,1.05e-06,1e-06,1.03e-06,66995755547.13,68329.13
2024-01-26T00:00:00+00:00,PEPEUSD,1.03e-06,1.09e-06,1.02e-06,1.08e-06,99869116629.35,106873.61
2024-01-27T00:00:00+00:00,PEPEUSD,1.08e-06,1.1e-06,1.07e-06,1.1e-06,81740849797.04,88972.02
2024-01-28T00:00:00+00:00,PEPEUSD,1.1e-06,1.12e-06,1.05e-06,1.07e-06,431422221312.64,461973.43
2024-01-29T00:00:00+00:00,PEPEUSD,1.07e-06,1.08e-06,1.04e-06,1.06e-06,269106277326.37,286364.03
2024-01-30T00:00:00+00:00,PEPEUSD,1.06e-06,1.08e-06,1.01e-06,1.01e-06,186209179597.98,194589.85
2024-01-31T00:00:00+00:00,PEPEUSD,1.01e-06,1.01e-06,9.1e-07,9.1e-07,657556903788.66,622760.1
2024-02-01T00:00:00+00:00,PEPEUSD,9.1e-07,9.4e-07,8.9e-07,9.2e-07,300491893653.58,273440.62
2024-02-02T00:00:00+00:00,PEPEUSD,9.2e-07,9.4e-07,9.2e-07,9.3e-07,149103248643.98,138533.51
2024-02-03T00:00:00+00:00,PEPEUSD,9.3e-07,9.5e-07,9.1e-07,9.2e-07,85324120398.05,79423.74
2024-02-04T00:00:00+00:00,PEPEUSD,9.2e-07,9.2e-07,8.8e-07,8.9e-07,223213052407.5,201910.75
2024-02-05T00:00:00+00:00,PEPEUSD,8.9e-07,9.8e-07,8.7e-07,9e-07,694205894117.37,636382.86
2024-02-06T00:00:00+00:00,PEPEUSD,9e-07,9.2e-07,8.8e-07,9e-07,299418628259.61,268736.9
2024-02-07T00:00:00+00:00,PEPEUSD,9e-07,9.8e-07,9e-07,9.7e-07,153426553747.46,145481.46
2024-02-08T00:00:00+00:00,PEPEUSD,9.7e-07,9.8e-07,9.4e-07,9.6e-07,161763094170.62,156546.01
2024-02-09T00:00:00+00:00,PEPEUSD,9.6e-07,1.03e-06,9.6e-07,1.02e-06,193231728170.75,192968.24
2024-02-10T00:00:00+00:00,PEPEUSD,1.02e-06,1.04e-06,1.01e-06,1.01e-06,104914295314.79,107342.96
2024-02-11T00:00:00+00:00,PEPEUSD,1.01e-06,1.04e-06,9.9e-07,1e-06,179386534614.46,181719.93
2024-02-12T00:00:00+00:00,PEPEUSD,1e-06,1.09e-06,9.9e-07,1.08e-06,368585460987.63,386616.95
2024-02-13T00:00:00+00:00,PEPEUSD,1.08e-06,1.13e-06,1.05e-06,1.08e-06,341232564076.06,374902.58
2024-02-14T00:00:00+00:00,PEPEUSD,1.08e-06,1.26e-06,1.06e-06,1.25e-06,679154035416,806587.02
2024-02-15T00:00:00+00:00,PEPEUSD,1.25e-06,1.3e-06,1.2e-06,1.24e-06,753593834621.07,942816.27
2024-02-16T00:00:00+00:00,PEPEUSD,1.24e-06,1.26e-06,1.15e-06,1.17e-06,468733480682.5,555515.97
2024-02-17T00:00:00+00:00,PEPEUSD,1.17e-06,1.2e-06,1.12e-06,1.19e-06,239334270688.39,275829.34
2024-02-18T00:00:00+00:00,PEPEUSD,1.19e-06,1.23e-06,1.17e-06,1.22e-06,292042205355.26,350305.9
2024-02-19T00:00:00+00:00,PEPEUSD,1.22e-06,1.26e-06,1.2e-06,1.23e-06,294750774225.77,359545.05
2024-02-20T00:00:00+00:00,PEPEUSD,1.23e-06,1.24e-06,1.12e-06,1.19e-06,305863244532.56,361719.4
2024-02-21T00:00:00+00:00,PEPEUSD,1.19e-06,1.2e-06,1.1e-06,1.15e-06,238918436972.61,270452.73
2024-02-22T00:00:00+00:00,PEPEUSD,1.15e-06,1.24e-06,1.11e-06,1.21e-06,431627489659.37,510508.43
2024-02-23T00:00:00+00:00,PEPEUSD,1.21e-06,1.41e-06,1.17e-06,1.2e-06,965184427991.18,1247569.39
2024-02-24T00:00:00+00:00,PEPEUSD,1.2e-06,1.32e-06,1.15e-06,1.31e-06,717338240267.91,888468.08
2024-02-25T00:00:00+00:00,PEPEUSD,1.31e-06,1.4e-06,1.28e-06,1.37e-06,614988616497.89,823983.48
2024-02-26T00:00:00+00:00,PEPEUSD,1.37e-06,1.89e-06,1.35e-06,1.81e-06,2215713161047.84,3511224.14
2024-02-27T00:00:00+00:00,PEPEUSD,1.81e-06,2.96e-06,1.75e-06,2.65e-06,3222302025829.84,7526339.94
2024-02-28T00:00:00+00:00,PEPEUSD,2.65e-06,3.64e-06,2.58e-06,3.18e-06,3064433420275.87,9460338.11
2024-02-29T00:00:00+00:00,PEPEUSD,3.18e-06,3.32e-06,2.65e-06,2.73e-06,1683081390109.51,5002734.11
2024-03-01T00:00:00+00:00,PEPEUSD,2.73e-06,4.3e-06,2.68e-06,3.99e-06,2621079267268.43,9491037.85
2024-03-02T00:00:00+00:00,PEPEUSD,3.99e-06,4.98e-06,3.93e-06,4.38e-06,1584105190441.76,6900076.93
2024-03-03T00:00:00+00:00,PEPEUSD,4.38e-06,6.02e-06,3.62e-06,5.93e-06,3438605469821.42,17917136.4
2024-03-04T00:00:00+00:00,PEPEUSD,5.93e-06,8.29e-06,5.56e-06,7.02e-06,3620797037522.3,25935105.87
2024-03-05T00:00:00+00:00,PEPEUSD,7.02e-06,8.7e-06,4.95e-06,6.32e-06,3116435817888.08,21685388.06
2024-03-06T00:00:00+00:00,PEPEUSD,6.32e-06,8.25e-06,5.9e-06,7.21e-06,2185238502559.81,16444230.51
2024-03-07T00:00:00+00:00,PEPEUSD,7.21e-06,7.57e-06,6.4e-06,6.83e-06,1438907492435.49,9822814.91
2024-03-08T00:00:00+00:00,PEPEUSD,6.83e-06,9.56e-06,6.76e-06,9.05e-06,2709543954096.9,22939838.04
2024-03-09T00:00:00+00:00,PEPEUSD,9.05e-06,9.98e-06,8.05e-06,8.78e-06,2320281588908.98,21005547.56
2024-03-10T00:00:00+00:00,PEPEUSD,8.78e-06,9.32e-06,8.22e-06,8.56e-06,1291317987356.47,11126264.99
2024-03-11T00:00:00+00:00,PEPEUSD,8.56e-06,9.51e-06,7.8e-06,9.05e-06,1385762198375.56,12306578.04
2024-03-12T00:00:00+00:00,PEPEUSD,9.05e-06,9.14e-06,7.51e-06,8.28e-06,516717757709.02,4256431.74
2024-03-13T00:00:00+00:00,PEPEUSD,8.28e-06,9.36e-06,8.11e-06,9.02e-06,1264310273655.34,11285855.88
2024-03-14T00:00:00+00:00,PEPEUSD,9.02e-06,1.086e-05,8.75e-06,9.95e-06,2175868449197.28,21743342.89
2024-03-15T00:00:00+00:00,PEPEUSD,9.95e-06,1.034e-05,8.27e-06,8.92e-06,1348046873392.33,12252545.61
2024-03-16T00:00:00+00:00,PEPEUSD,8.92e-06,9.08e-06,7.02e-06,7.43e-06,1604977807744.91,12549855.62
2024-03-17T00:00:00+00:00,PEPEUSD,7.43e-06,8.18e-06,6.87e-06,7.84e-06,1149286885074.19,8777831.52
2024-03-18T00:00:00+00:00,PEPEUSD,7.84e-06,9.65e-06,6.6e-06,6.8e-06,990157972901.83,7354366.59
2024-03-19T00:00:00+00:00,PEPEUSD,6.8e-06,7.42e-06,5.82e-06,6.6e-06,1458421210821.12,9441457.02
2024-03-20T00:00:00+00:00,PEPEUSD,6.6e-06,8.57e-06,6.43e-06,8.37e-06,1393055022725.14,10580640.21
2024-03-21T00:00:00+00:00,PEPEUSD,8.37e-06,8.44e-06,7.67e-06,7.9e-06,762515581020.71,6192674.34
2024-03-22T00:00:00+00:00,PEPEUSD,7.9e-06,8.27e-06,7.1e-06,7.42e-06,641849358033.57,4790489.32
2024-03-23T00:00:00+00:00,PEPEUSD,7.42e-06,7.72e-06,7.31e-06,7.33e-06,553478467579.73,4173227.67
2024-03-24T00:00:00+00:00,PEPEUSD,7.33e-06,8e-06,7.19e-06,7.83e-06,326572491215.33,2442417.33
2024-03-25T00:00:00+00:00,PEPEUSD,7.83e-06,8.49e-06,7.44e-06,8.1e-06,1074221004784.19,8659122.48
2024-03-26T00:00:00+00:00,PEPEUSD,8.1e-06,8.73e-06,7.85e-06,8.04e-06,595990880644.18,4929737.7
2024-03-27T00:00:00+00:00,PEPEUSD,8.04e-06,8.36e-06,7.52e-06,7.63e-06,451610524005.64,3539252.89
2024-03-28T00:00:00+00:00,PEPEUSD,7.63e-06,8.32e-06,7.39e-06,8.02e-06,586084536950,4653527.29
2024-03-29T00:00:00+00:00,PEPEUSD,8.02e-06,8.06e-06,7.57e-06,7.74e-06,465793920545.02,3618663.8
2024-03-30T00:00:00+00:00,PEPEUSD,7.74e-06,8.85e-06,7.72e-06,8.12e-06,1132733147630.41,9590803.26
2024-03-31T00:00:00+00:00,PEPEUSD,8.12e-06,9.2e-06,8.03e-06,8.8e-06,777051702360.68,6891614.65
2024-04-01T00:00:00+00:00,PEPEUSD,8.8e-06,8.8e-06,7.66e-06,7.94e-06,845801200744.03,6806982.08
2024-04-02T00:00:00+00:00,PEPEUSD,7.94e-06,7.95e-06,6.89e-06,7.26e-06,1151963961269.47,8307861.21
2024-04-03T00:00:00+00:00,PEPEUSD,7.26e-06,7.44e-06,6.61e-06,6.8e-06,541889860997.93,3820637.79
2024-04-04T00:00:00+00:00,PEPEUSD,6.8e-06,7.19e-06,6.63e-06,6.91e-06,392481489383.23,2742328.82
2024-04-05T00:00:00+00:00,PEPEUSD,6.91e-06,6.99e-06,6.36e-06,6.58e-06,403856453928.38,2670344.43
2024-04-06T00:00:00+00:00,PEPEUSD,6.58e-06,6.87e-06,6.55e-06,6.77e-06,203644597848.47,1374764.36
2024-04-07T00:00:00+00:00,PEPEUSD,6.77e-06,7.52e-06,6.74e-06,7.46e-06,474136226987.67,3431104.98
2024-04-08T00:00:00+00:00,PEPEUSD,7.46e-06,7.96e-06,7.2e-06,7.77e-06,555523581434.61,4263620.06
2024-04-09T00:00:00+00:00,PEPEUSD,7.77e-06,7.85e-06,6.93e-06,7.04e-06,418436448293.38,3044895.64
2024-04-10T00:00:00+00:00,PEPEUSD,7.04e-06,7.25e-06,6.69e-06,7.13e-06,400261585064.63,2770802.71
2024-04-11T00:00:00+00:00,PEPEUSD,7.13e-06,7.55e-06,6.81e-06,7.32e-06,1068741571459.37,7612579.55
2024-04-12T00:00:00+00:00,PEPEUSD,7.32e-06,7.56e-06,4.81e-06,5.93e-06,1637784044946.09,10039880.25
2024-04-13T00:00:00+00:00,PEPEUSD,5.93e-06,6.05e-06,3.99e-06,5.04e-06,1987555141296.03,9995615.56
2024-04-14T00:00:00+00:00,PEPEUSD,5.04e-06,5.56e-06,4.85e-06,5.43e-06,1285639247371.63,6747596.52
2024-04-15T00:00:00+00:00,PEPEUSD,5.43e-06,5.81e-06,4.74e-06,5.1e-06,842132372701.33,4432493.97
2024-04-16T00:00:00+00:00,PEPEUSD,5.1e-06,5.54e-06,4.76e-06,5.4e-06,571070141304.75,2952571.26
2024-04-17T00:00:00+00:00,PEPEUSD,5.4e-06,5.48e-06,4.87e-06,4.91e-06,562861825456.62,2851722.12
2024-04-18T00:00:00+00:00,PEPEUSD,4.91e-06,5.29e-06,4.64e-06,5.09e-06,1098326387605.5,5323284.15
2024-04-19T00:00:00+00:00,PEPEUSD,5.09e-06,5.47e-06,4.6e-06,5.13e-06,817645013877.69,4163087.7
2024-04-20T00:00:00+00:00,PEPEUSD,5.13e-06,5.88e-06,5.03e-06,5.8e-06,712956859259.34,3783154.11
2024-04-21T00:00:00+00:00,PEPEUSD,5.8e-06,6.23e-06,5.61e-06,5.97e-06,453225178483.16,2692579.42
2024-04-22T00:00:00+00:00,PEPEUSD,5.97e-06,6.98e-06,5.94e-06,6.88e-06,1106089819595.6,7231545.07
2024-04-23T00:00:00+00:00,PEPEUSD,6.88e-06,7.86e-06,6.65e-06,7.68e-06,1632255366538.22,11886776.36
2024-04-24T00:00:00+00:00,PEPEUSD,7.68e-06,8.18e-06,7.05e-06,7.24e-06,1892439134842.49,14415160.99
2024-04-25T00:00:00+00:00,PEPEUSD,7.24e-06,8.44e-06,6.95e-06,7.78e-06,1930659013581.91,14677355.55
2024-04-26T00:00:00+00:00,PEPEUSD,7.78e-06,7.89e-06,7.24e-06,7.37e-06,1376186480513.57,10318873.42
2024-04-27T00:00:00+00:00,PEPEUSD,7.37e-06,7.41e-06,6.68e-06,7.2e-06,1264738301060.74,8883672.07
2024-04-28T00:00:00+00:00,PEPEUSD,7.2e-06,7.74e-06,7.14e-06,7.21e-06,553563318584.09,4111133.01
2024-04-29T00:00:00+00:00,PEPEUSD,7.21e-06,7.47e-06,6.8e-06,7.36e-06,989793376527.37,6955341.53
2024-04-30T00:00:00+00:00,PEPEUSD,7.36e-06,7.6e-06,6.33e-06,6.68e-06,1016928556996.1,7013639.88
2024-05-01T00:00:00+00:00,PEPEUSD,6.68e-06,7.2e-06,5.92e-06,6.98e-06,1288544050274.24,8316887.84
2024-05-02T00:00:00+00:00,PEPEUSD,6.98e-06,7.86e-06,6.68e-06,7.55e-06,1237993636427.43,9091053.09
2024-05-03T00:00:00+00:00,PEPEUSD,7.55e-06,8.28e-06,7.45e-06,8.08e-06,1519425496378.85,11996001.98
2024-05-04T00:00:00+00:00,PEPEUSD,8.08e-06,8.98e-06,8.04e-06,8.67e-06,2256182177609.16,19423475.09
2024-05-05T00:00:00+00:00,PEPEUSD,8.67e-06,8.78e-06,8.27e-06,8.53e-06,695720283080.46,5906684.3
2024-05-06T00:00:00+00:00,PEPEUSD,8.53e-06,9.17e-06,8.3e-06,8.33e-06,615051438218.33,5328512.47
2024-05-07T00:00:00+00:00,PEPEUSD,8.33e-06,8.62e-06,7.9e-06,7.9e-06,543180648018.43,4478710.8
2024-05-08T00:00:00+00:00,PEPEUSD,7.9e-06,8.24e-06,7.62e-06,7.95e-06,708676744541.09,5589094.19
2024-05-09T00:00:00+00:00,PEPEUSD,7.95e-06,8.73e-06,7.91e-06,8.53e-06,877853037867.6,7245705.14
2024-05-10T00:00:00+00:00,PEPEUSD,8.53e-06,8.81e-06,8.15e-06,8.41e-06,788521194565.46,6670611.88
2024-05-11T00:00:00+00:00,PEPEUSD,8.41e-06,8.93e-06,8.38e-06,8.51e-06,572721576463.37,4923986.76
2024-05-12T00:00:00+00:00,PEPEUSD,8.51e-06,8.95e-06,8.5e-06,8.76e-06,525019585539.73,4582340.33
2024-05-13T00:00:00+00:00,PEPEUSD,8.76e-06,1.098e-05,8.3e-06,9.9e-06,2258102009325.37,21812809.33
2024-05-14T00:00:00+00:00,PEPEUSD,9.9e-06,1.144e-05,9.84e-06,1.053e-05,2330465770167.79,24732266.04
2024-05-15T00:00:00+00:00,PEPEUSD,1.053e-05,1.16e-05,9.96e-06,1.052e-05,2008872097091.69,21546047.88
2024-05-16T00:00:00+00:00,PEPEUSD,1.052e-05,1.08e-05,9.62e-06,1.006e-05,1588164102809.21,16203549.59
2024-05-17T00:00:00+00:00,PEPEUSD,1.006e-05,1.042e-05,9.84e-06,1.018e-05,562177438334.87,5703838.4
2024-05-18T00:00:00+00:00,PEPEUSD,1.018e-05,1.046e-05,9.19e-06,9.55e-06,612316659485.2,5930018.41
2024-05-19T00:00:00+00:00,PEPEUSD,9.55e-06,9.59e-06,8.89e-06,9.15e-06,451491047449.57,4153118.92
2024-05-20T00:00:00+00:00,PEPEUSD,9.15e-06,1.144e-05,8.98e-06,1.141e-05,1165771850244.16,11877863.7
2024-05-21T00:00:00+00:00,PEPEUSD,1.141e-05,1.409e-05,1.083e-05,1.386e-05,2881342593953.88,34626219.36
2024-05-22T00:00:00+00:00,PEPEUSD,1.386e-05,1.43e-05,1.252e-05,1.339e-05,1701785135834.84,22791315.62
2024-05-23T00:00:00+00:00,PEPEUSD,1.339e-05,1.57e-05,1.272e-05,1.49e-05,2038912609138.75,28820148.75
2024-05-24T00:00:00+00:00,PEPEUSD,1.49e-05,1.666e-05,1.344e-05,1.415e-05,1301342394863.09,18295761.51
2024-05-25T00:00:00+00:00,PEPEUSD,1.415e-05,1.583e-05,1.411e-05,1.496e-05,850405920568.17,12867079.38
2024-05-26T00:00:00+00:00,PEPEUSD,1.496e-05,1.636e-05,1.461e-05,1.594e-05,909860820988.41,14209288.58
2024-05-27T00:00:00+00:00,PEPEUSD,1.594e-05,1.723e-05,1.594e-05,1.669e-05,1017498448153.55,17008727.56
2024-05-28T00:00:00+00:00,PEPEUSD,1.669e-05,1.709e-05,1.563e-05,1.599e-05,1277422359919.35,20587047.68
2024-05-29T00:00:00+00:00,PEPEUSD,1.599e-05,1.655e-05,1.435e-05,1.473e-05,1141179211042.23,17418076.35
2024-05-30T00:00:00+00:00,PEPEUSD,1.473e-05,1.519e-05,1.315e-05,1.439e-05,1403048933510.6,19987919.8
2024-05-31T00:00:00+00:00,PEPEUSD,1.439e-05,1.581e-05,1.398e-05,1.541e-05,954364404896.46,14312526.21
2024-06-01T00:00:00+00:00,PEPEUSD,1.541e-05,1.572e-05,1.476e-05,1.484e-05,772985858081.39,11819309.93
2024-06-02T00:00:00+00:00,PEPEUSD,1.484e-05,1.507e-05,1.389e-05,1.462e-05,685007875981.31,9950714
2024-06-03T00:00:00+00:00,PEPEUSD,1.462e-05,1.549e-05,1.435e-05,1.444e-05,734309069216.66,11009298.7
2024-06-04T00:00:00+00:00,PEPEUSD,1.444e-05,1.477e-05,1.397e-05,1.434e-05,708926943565.9,10146158.41
2024-06-05T00:00:00+00:00,PEPEUSD,1.434e-05,1.506e-05,1.408e-05,1.459e-05,583855663061.53,8480356.81
2024-06-06T00:00:00+00:00,PEPEUSD,1.459e-05,1.528e-05,1.421e-05,1.43e-05,557466992005.38,8184437.94
2024-06-07T00:00:00+00:00,PEPEUSD,1.43e-05,1.451e-05,1.155e-05,1.278e-05,1019043348137.19,13505837.01
2024-06-08T00:00:00+00:00,PEPEUSD,1.278e-05,1.321e-05,1.199e-05,1.212e-05,868531426447.59,10882428.26
2024-06-09T00:00:00+00:00,PEPEUSD,1.212e-05,1.295e-05,1.185e-05,1.276e-05,362467558250.31,4526247.21
2024-06-10T00:00:00+00:00,PEPEUSD,1.276e-05,1.311e-05,1.202e-05,1.206e-05,1765221220325.62,21676065.51
2024-06-11T00:00:00+00:00,PEPEUSD,1.206e-05,1.298e-05,1.146e-05,1.275e-05,1177283416038.52,14456859.67
2024-06-12T00:00:00+00:00,PEPEUSD,1.275e-05,1.388e-05,1.215e-05,1.32e-05,867028752714.41,11461468.54
2024-06-13T00:00:00+00:00,PEPEUSD,1.32e-05,1.333e-05,1.173e-05,1.189e-05,496836236780.08,6132725.31
2024-06-14T00:00:00+00:00,PEPEUSD,1.189e-05,1.225e-05,1.058e-05,1.14e-05,1014088936847.59,11434519.45
2024-06-15T00:00:00+00:00,PEPEUSD,1.14e-05,1.227e-05,1.135e-05,1.182e-05,350786229349.53,4166061.27
2024-06-16T00:00:00+00:00,PEPEUSD,1.182e-05,1.243e-05,1.142e-05,1.231e-05,382403496917.02,4556348.32
2024-06-17T00:00:00+00:00,PEPEUSD,1.231e-05,1.241e-05,1.082e-05,1.118e-05,811443760858.62,9360684.09
2024-06-18T00:00:00+00:00,PEPEUSD,1.118e-05,1.119e-05,9.64e-06,1.095e-05,1095145522787.65,11516373.95
2024-06-19T00:00:00+00:00,PEPEUSD,1.095e-05,1.187e-05,1.078e-05,1.135e-05,1287698359193.31,14791955.82
2024-06-20T00:00:00+00:00,PEPEUSD,1.135e-05,1.224e-05,1.087e-05,1.098e-05,1045482662695.67,12130269.39
2024-06-21T00:00:00+00:00,PEPEUSD,1.098e-05,1.171e-05,1.056e-05,1.14e-05,612951884850.05,6857129.3
2024-06-22T00:00:00+00:00,PEPEUSD,1.14e-05,1.163e-05,1.116e-05,1.142e-05,278314751508.68,3192347.7
2024-06-23T00:00:00+00:00,PEPEUSD,1.142e-05,1.183e-05,1.082e-05,1.09e-05,486493888657.77,5558532.13
2024-06-24T00:00:00+00:00,PEPEUSD,1.09e-05,1.131e-05,1.006e-05,1.13e-05,668042810700.71,7175727.61
2024-06-25T00:00:00+00:00,PEPEUSD,1.13e-05,1.305e-05,1.129e-05,1.283e-05,1155775927102.37,14001862.35
2024-06-26T00:00:00+00:00,PEPEUSD,1.283e-05,1.347e-05,1.211e-05,1.252e-05,692543936174.64,8720021.93
2024-06-27T00:00:00+00:00,PEPEUSD,1.252e-05,1.272e-05,1.211e-05,1.253e-05,403968979997.81,5013181.42
2024-06-28T00:00:00+00:00,PEPEUSD,1.253e-05,1.261e-05,1.138e-05,1.156e-05,629300086710.21,7513024.26
2024-06-29T00:00:00+00:00,PEPEUSD,1.156e-05,1.184e-05,1.125e-05,1.13e-05,311344282464.92,3631734.58
2024-06-30T00:00:00+00:00,PEPEUSD,1.13e-05,1.189e-05,1.082e-05,1.189e-05,345959179755.63,3920070.18
2024-07-01T00:00:00+00:00,PEPEUSD,1.189e-05,1.22e-05,1.131e-05,1.138e-05,513835118433.61,5979393.44
2024-07-02T00:00:00+00:00,PEPEUSD,1.138e-05,1.162e-05,1.097e-05,1.131e-05,264762629977.91,2998012.93
2024-07-03T00:00:00+00:00,PEPEUSD,1.131e-05,1.132e-05,9.99e-06,1.024e-05,420409182940.37,4385851.16
2024-07-04T00:00:00+00:00,PEPEUSD,1.024e-05,1.032e-05,8.85e-06,8.9e-06,741495505186.88,7028620.45
2024-07-05T00:00:00+00:00,PEPEUSD,8.9e-06,9.19e-06,7.65e-06,8.87e-06,1210415023586.9,10076694.61
2024-07-06T00:00:00+00:00,PEPEUSD,8.87e-06,9.9e-06,8.73e-06,9.74e-06,471586032327.17,4367996.03
2024-07-07T00:00:00+00:00,PEPEUSD,9.74e-06,9.74e-06,8.34e-06,8.4e-06,512903438986.47,4671496.54
2024-07-08T00:00:00+00:00,PEPEUSD,8.4e-06,9.68e-06,7.76e-06,9.19e-06,1668360082313.91,14907017.18
2024-07-09T00:00:00+00:00,PEPEUSD,9.19e-06,9.57e-06,8.9e-06,9.08e-06,734509148347.57,6667054.18
2024-07-10T00:00:00+00:00,PEPEUSD,9.08e-06,9.44e-06,8.78e-06,9.22e-06,1066874188004.99,9808194.26
2024-07-11T00:00:00+00:00,PEPEUSD,9.22e-06,1.003e-05,8.81e-06,8.91e-06,1168194926820.45,10915642.98
2024-07-12T00:00:00+00:00,PEPEUSD,8.91e-06,8.95e-06,8.27e-06,8.68e-06,409299234615.65,3549542.65
2024-07-13T00:00:00+00:00,PEPEUSD,8.68e-06,8.92e-06,8.47e-06,8.7e-06,367659025179.06,3194482.24
2024-07-14T00:00:00+00:00,PEPEUSD,8.7e-06,9.35e-06,8.62e-06,9.2e-06,632913584487.01,5669069.99
2024-07-15T00:00:00+00:00,PEPEUSD,9.2e-06,1.146e-05,9.15e-06,1.132e-05,916786130891.4,9269789.65
2024-07-16T00:00:00+00:00,PEPEUSD,1.132e-05,1.265e-05,1.111e-05,1.234e-05,1095376267098.98,13190010.35
2024-07-17T00:00:00+00:00,PEPEUSD,1.234e-05,1.287e-05,1.152e-05,1.165e-05,1208182983830.05,14642843.19
2024-07-18T00:00:00+00:00,PEPEUSD,1.165e-05,1.222e-05,1.124e-05,1.164e-05,707718551031.67,8378950.99
2024-07-19T00:00:00+00:00,PEPEUSD,1.164e-05,1.304e-05,1.129e-05,1.27e-05,553163430054.28,6699517.33
2024-07-20T00:00:00+00:00,PEPEUSD,1.27e-05,1.276e-05,1.195e-05,1.222e-05,286213935850.48,3506849.55
2024-07-21T00:00:00+00:00,PEPEUSD,1.222e-05,1.271e-05,1.163e-05,1.25e-05,405435750385.59,4977957.11
2024-07-22T00:00:00+00:00,PEPEUSD,1.25e-05,1.266e-05,1.176e-05,1.189e-05,277436311020.98,3366441.88
2024-07-23T00:00:00+00:00,PEPEUSD,1.189e-05,1.274e-05,1.16e-05,1.251e-05,395879149226.4,4796760.6
2024-07-24T00:00:00+00:00,PEPEUSD,1.251e-05,1.313e-05,1.197e-05,1.22e-05,501242129897.13,6292297.47
2024-07-25T00:00:00+00:00,PEPEUSD,1.22e-05,1.226e-05,1.085e-05,1.146e-05,588092127163.43,6829499.26
2024-07-26T00:00:00+00:00,PEPEUSD,1.146e-05,1.21e-05,1.145e-05,1.204e-05,215125684511.42,2555765.16
2024-07-27T00:00:00+00:00,PEPEUSD,1.204e-05,1.248e-05,1.16e-05,1.189e-05,159002018600.19,1918121.53
2024-07-28T00:00:00+00:00,PEPEUSD,1.189e-05,1.196e-05,1.152e-05,1.175e-05,108236993660.14,1271195.79
2024-07-29T00:00:00+00:00,PEPEUSD,1.175e-05,1.24e-05,1.169e-05,1.181e-05,457844262482.9,5474944.52
2024-07-30T00:00:00+00:00,PEPEUSD,1.181e-05,1.202e-05,1.104e-05,1.131e-05,201871743816.28,2338233.81
2024-07-31T00:00:00+00:00,PEPEUSD,1.131e-05,1.163e-05,1.088e-05,1.105e-05,224594613649.05,2545447.45
2024-08-01T00:00:00+00:00,PEPEUSD,1.105e-05,1.112e-05,9.74e-06,1.05e-05,626632773148.44,6427915.83
2024-08-02T00:00:00+00:00,PEPEUSD,1.05e-05,1.057e-05,9.23e-06,9.32e-06,508423962853.89,5038049.43
2024-08-03T00:00:00+00:00,PEPEUSD,9.32e-06,9.54e-06,8.3e-06,8.62e-06,684138551485.58,6195886.97
2024-08-04T00:00:00+00:00,PEPEUSD,8.62e-06,8.78e-06,7.68e-06,8.1e-06,608779802862.43,5046429.27
2024-08-05T00:00:00+00:00,PEPEUSD,8.1e-06,8.22e-06,5.86e-06,7.04e-06,2549886561498.82,17268582.32
2024-08-06T00:00:00+00:00,PEPEUSD,7.04e-06,8.19e-06,7.04e-06,7.75e-06,788457514071.44,6157276.9
2024-08-07T00:00:00+00:00,PEPEUSD,7.75e-06,8.38e-06,7.28e-06,7.34e-06,716379246725.3,5623618.48
2024-08-08T00:00:00+00:00,PEPEUSD,7.34e-06,8.89e-06,7.19e-06,8.77e-06,860194819551.32,7004336.65
2024-08-09T00:00:00+00:00,PEPEUSD,8.77e-06,8.99e-06,8.32e-06,8.52e-06,490896286040.26,4179698.99
2024-08-10T00:00:00+00:00,PEPEUSD,8.52e-06,8.68e-06,8.27e-06,8.41e-06,208403318268.99,1752690.66
2024-08-11T00:00:00+00:00,PEPEUSD,8.41e-06,8.78e-06,7.67e-06,7.73e-06,200818414553.9,1642541.56
2024-08-12T00:00:00+00:00,PEPEUSD,7.73e-06,8.49e-06,7.71e-06,8.24e-06,294540541229.85,2393458.15
2024-08-13T00:00:00+00:00,PEPEUSD,8.24e-06,8.37e-06,7.9e-06,8.18e-06,227448812084.13,1839669.1
2024-08-14T00:00:00+00:00,PEPEUSD,8.18e-06,8.46e-06,7.91e-06,8.02e-06,213609570167.02,1739316.68
2024-08-15T00:00:00+00:00,PEPEUSD,8.02e-06,8.06e-06,7.21e-06,7.44e-06,313431844171.35,2390489.12
2024-08-16T00:00:00+00:00,PEPEUSD,7.44e-06,7.56e-06,6.81e-06,7.17e-06,595636908223.38,4238781.77
2024-08-17T00:00:00+00:00,PEPEUSD,7.17e-06,7.7e-06,7.11e-06,7.48e-06,812032430170.93,6032908.37
2024-08-18T00:00:00+00:00,PEPEUSD,7.48e-06,7.61e-06,7.28e-06,7.28e-06,190291232068.77,1427053.36
2024-08-19T00:00:00+00:00,PEPEUSD,7.28e-06,7.7e-06,7.16e-06,7.7e-06,207094273280.02,1532119.23
2024-08-20T00:00:00+00:00,PEPEUSD,7.7e-06,8.28e-06,7.54e-06,7.75e-06,565244415244.72,4452998.95
2024-08-21T00:00:00+00:00,PEPEUSD,7.75e-06,8.2e-06,7.51e-06,7.91e-06,303048936433.45,2392961.18
2024-08-22T00:00:00+00:00,PEPEUSD,7.91e-06,8.08e-06,7.74e-06,7.98e-06,257885654733.32,2043592.43
2024-08-23T00:00:00+00:00,PEPEUSD,7.98e-06,9.28e-06,7.96e-06,9.07e-06,560395477881.38,4704343.3
2024-08-24T00:00:00+00:00,PEPEUSD,9.07e-06,9.84e-06,8.88e-06,9.5e-06,331023002996.39,3091072.61
2024-08-25T00:00:00+00:00,PEPEUSD,9.5e-06,9.52e-06,8.7e-06,9.12e-06,267378365055.95,2427096.83
2024-08-26T00:00:00+00:00,PEPEUSD,9.12e-06,9.26e-06,8.42e-06,8.54e-06,265467322466.71,2328559.19
2024-08-27T00:00:00+00:00,PEPEUSD,8.54e-06,8.69e-06,7.53e-06,7.65e-06,368183963471.89,2971565.55
2024-08-28T00:00:00+00:00,PEPEUSD,7.65e-06,8.12e-06,7.36e-06,7.68e-06,523659477388.35,4028980.25
2024-08-29T00:00:00+00:00,PEPEUSD,7.68e-06,8.2e-06,7.56e-06,7.65e-06,402838631754.68,3151448.75
2024-08-30T00:00:00+00:00,PEPEUSD,7.65e-06,8e-06,7.35e-06,7.78e-06,890263169928.19,6811320.21
2024-08-31T00:00:00+00:00,PEPEUSD,7.78e-06,7.86e-06,7.52e-06,7.61e-06,459436203059.7,3518576.91
2024-09-01T00:00:00+00:00,PEPEUSD,7.61e-06,7.63e-06,7.07e-06,7.14e-06,201196991621.66,1498074.63
2024-09-02T00:00:00+00:00,PEPEUSD,7.14e-06,7.69e-06,7.09e-06,7.6e-06,184640995340.16,1368969.15
2024-09-03T00:00:00+00:00,PEPEUSD,7.6e-06,7.75e-06,7.25e-06,7.25e-06,112598016161.75,834553.95
2024-09-04T00:00:00+00:00,PEPEUSD,7.25e-06,7.52e-06,6.85e-06,7.33e-06,168593148899.85,1214210.94
2024-09-05T00:00:00+00:00,PEPEUSD,7.33e-06,7.4e-06,7.02e-06,7.1e-06,120969852299.24,867196.05
2024-09-06T00:00:00+00:00,PEPEUSD,7.1e-06,7.26e-06,6.34e-06,6.64e-06,546579698336.65,3795035.07
2024-09-07T00:00:00+00:00,PEPEUSD,6.64e-06,7.02e-06,6.64e-06,6.76e-06,245927359982.25,1683351.71
2024-09-08T00:00:00+00:00,PEPEUSD,6.76e-06,7.4e-06,6.74e-06,7.08e-06,262859813478.34,1843366.47
2024-09-09T00:00:00+00:00,PEPEUSD,7.08e-06,7.61e-06,6.95e-06,7.38e-06,470000551086.07,3414339.45
2024-09-10T00:00:00+00:00,PEPEUSD,7.38e-06,7.56e-06,7.29e-06,7.47e-06,222482353584.62,1648598.95
2024-09-11T00:00:00+00:00,PEPEUSD,7.47e-06,7.47e-06,6.98e-06,7.25e-06,218615319582.06,1581491.41
2024-09-12T00:00:00+00:00,PEPEUSD,7.25e-06,7.48e-06,7.22e-06,7.41e-06,212886479707.71,1565427.49
2024-09-13T00:00:00+00:00,PEPEUSD,7.41e-06,8.05e-06,7.31e-06,7.91e-06,275928442761.19,2118752.4
2024-09-14T00:00:00+00:00,PEPEUSD,7.91e-06,7.94e-06,7.64e-06,7.75e-06,131292320012.13,1024759.56
2024-09-15T00:00:00+00:00,PEPEUSD,7.75e-06,7.82e-06,7.3e-06,7.37e-06,102934718278.26,782588
2024-09-16T00:00:00+00:00,PEPEUSD,7.37e-06,7.38e-06,7.07e-06,7.19e-06,196203837161.66,1411445.37
2024-09-17T00:00:00+00:00,PEPEUSD,7.19e-06,7.64e-06,7.11e-06,7.31e-06,188841373502.41,1390104.98
2024-09-18T00:00:00+00:00,PEPEUSD,7.31e-06,7.54e-06,6.99e-06,7.53e-06,145673512605.66,1060212.09
2024-09-19T00:00:00+00:00,PEPEUSD,7.53e-06,8.32e-06,7.53e-06,7.94e-06,502751443326.58,4015196.57
2024-09-20T00:00:00+00:00,PEPEUSD,7.94e-06,8.5e-06,7.73e-06,8.24e-06,251690467433.71,2032252.81
2024-09-21T00:00:00+00:00,PEPEUSD,8.24e-06,8.44e-06,8.01e-06,8.42e-06,85635532086.53,706490
2024-09-22T00:00:00+00:00,PEPEUSD,8.42e-06,8.46e-06,7.74e-06,8.01e-06,120899120329.49,974363.74
2024-09-23T00:00:00+00:00,PEPEUSD,8.01e-06,8.33e-06,7.85e-06,8.13e-06,175107051260.78,1423320.02
2024-09-24T00:00:00+00:00,PEPEUSD,8.13e-06,8.75e-06,7.93e-06,8.59e-06,996147308536.75,8336319.53
2024-09-25T00:00:00+00:00,PEPEUSD,8.59e-06,8.78e-06,8.37e-06,8.45e-06,161920871385.95,1381147.77
2024-09-26T00:00:00+00:00,PEPEUSD,8.45e-06,9.72e-06,8.22e-06,9.51e-06,613371507148.39,5579268.87
2024-09-27T00:00:00+00:00,PEPEUSD,9.51e-06,1.095e-05,9.38e-06,1.07e-05,1170277792212.13,12393710.74
2024-09-28T00:00:00+00:00,PEPEUSD,1.07e-05,1.155e-05,1.057e-05,1.138e-05,723224760013.85,8043927.48
2024-09-29T00:00:00+00:00,PEPEUSD,1.138e-05,1.195e-05,1.099e-05,1.132e-05,452471118463.69,5123162.64
2024-09-30T00:00:00+00:00,PEPEUSD,1.132e-05,1.149e-05,1.036e-05,1.047e-05,630337635027.9,6871399.89
2024-10-01T00:00:00+00:00,PEPEUSD,1.047e-05,1.143e-05,9.3e-06,9.71e-06,1258091275160.84,13124284.7
2024-10-02T00:00:00+00:00,PEPEUSD,9.71e-06,1.031e-05,8.94e-06,9.23e-06,564810556339.63,5464694.43
2024-10-03T00:00:00+00:00,PEPEUSD,9.23e-06,9.51e-06,8.36e-06,8.63e-06,554190011460.81,4890182.49
2024-10-04T00:00:00+00:00,PEPEUSD,8.63e-06,9.59e-06,8.49e-06,9.39e-06,603488314779.98,5531341.97
2024-10-05T00:00:00+00:00,PEPEUSD,9.39e-06,9.6e-06,9.15e-06,9.35e-06,298286027045.9,2792714.88
2024-10-06T00:00:00+00:00,PEPEUSD,9.35e-06,1.032e-05,9.26e-06,1.023e-05,486302602264.18,4751691.09
2024-10-07T00:00:00+00:00,PEPEUSD,1.023e-05,1.08e-05,9.79e-06,9.8e-06,827146858270.92,8598090.53
2024-10-08T00:00:00+00:00,PEPEUSD,9.8e-06,1.006e-05,9.32e-06,9.51e-06,356356739955.78,3427617.66
2024-10-09T00:00:00+00:00,PEPEUSD,9.51e-06,9.84e-06,8.99e-06,9.11e-06,371457165007.63,3488259.84
2024-10-10T00:00:00+00:00,PEPEUSD,9.11e-06,9.45e-06,8.81e-06,9.28e-06,233976072462.95,2152446.73
2024-10-11T00:00:00+00:00,PEPEUSD,9.28e-06,9.95e-06,9.21e-06,9.74e-06,309824034912.11,2977248.09
2024-10-12T00:00:00+00:00,PEPEUSD,9.74e-06,1.022e-05,9.68e-06,9.89e-06,418133766943.49,4176360.47
2024-10-13T00:00:00+00:00,PEPEUSD,9.89e-06,9.98e-06,9.38e-06,9.68e-06,329763644557.32,3187170.72
2024-10-14T00:00:00+00:00,PEPEUSD,9.68e-06,1.106e-05,9.56e-06,1.09e-05,629783921117.44,6576369.28
2024-10-15T00:00:00+00:00,PEPEUSD,1.09e-05,1.116e-05,1.004e-05,1.039e-05,650597200095.25,6796200.13
2024-10-16T00:00:00+00:00,PEPEUSD,1.039e-05,1.065e-05,1.012e-05,1.044e-05,224687541273.86,2342804.49
2024-10-17T00:00:00+00:00,PEPEUSD,1.044e-05,1.055e-05,9.63e-06,9.88e-06,255143205181.36,2567870.94
2024-10-18T00:00:00+00:00,PEPEUSD,9.88e-06,1.071e-05,9.84e-06,1.05e-05,350005550010.36,3638597.15
2024-10-19T00:00:00+00:00,PEPEUSD,1.05e-05,1.092e-05,1.032e-05,1.049e-05,162443280300.42,1713815.56
2024-10-20T00:00:00+00:00,PEPEUSD,1.049e-05,1.079e-05,1.012e-05,1.066e-05,165168963838.35,1724552.4
2024-10-21T00:00:00+00:00,PEPEUSD,1.066e-05,1.088e-05,1.005e-05,1.018e-05,318735027814.79,3324199.03
2024-10-22T00:00:00+00:00,PEPEUSD,1.018e-05,1.034e-05,9.87e-06,1.007e-05,152749331620.43,1542847.62
2024-10-23T00:00:00+00:00,PEPEUSD,1.007e-05,1.009e-05,9.42e-06,9.81e-06,148113342485.38,1448088.28
2024-10-24T00:00:00+00:00,PEPEUSD,9.81e-06,1.008e-05,9.68e-06,9.99e-06,227802074576.16,2241198.45
2024-10-25T00:00:00+00:00,PEPEUSD,9.99e-06,1.003e-05,8.47e-06,8.8e-06,277793480140.03,2584216.06
2024-10-26T00:00:00+00:00,PEPEUSD,8.8e-06,9.1e-06,8.64e-06,9.06e-06,228448540409.45,2039426.96
2024-10-27T00:00:00+00:00,PEPEUSD,9.06e-06,9.27e-06,8.92e-06,9.15e-06,155506153344.92,1411873.9
2024-10-28T00:00:00+00:00,PEPEUSD,9.15e-06,9.48e-06,8.6e-06,9.16e-06,429504224454.32,3892300.37
2024-10-29T00:00:00+00:00,PEPEUSD,9.16e-06,9.9e-06,9.14e-06,9.67e-06,490062630987.98,4692333.47
2024-10-30T00:00:00+00:00,PEPEUSD,9.67e-06,1.011e-05,9.27e-06,9.65e-06,552170911866.06,5340851.04
2024-10-31T00:00:00+00:00,PEPEUSD,9.65e-06,9.68e-06,9e-06,9.11e-06,443445075465.1,4101105.75
2024-11-01T00:00:00+00:00,PEPEUSD,9.11e-06,9.33e-06,8.72e-06,8.89e-06,225620501075.38,2041825.16
2024-11-02T00:00:00+00:00,PEPEUSD,8.89e-06,8.98e-06,8.55e-06,8.7e-06,109798297626.56,962100.59
2024-11-03T00:00:00+00:00,PEPEUSD,8.7e-06,8.72e-06,7.88e-06,8.19e-06,358114664679.99,2920384.02
2024-11-04T00:00:00+00:00,PEPEUSD,8.19e-06,8.36e-06,7.73e-06,7.9e-06,240635524081.36,1947770.88
2024-11-05T00:00:00+00:00,PEPEUSD,7.9e-06,8.87e-06,7.9e-06,8.55e-06,758740392315.61,6438688.79
2024-11-06T00:00:00+00:00,PEPEUSD,8.55e-06,1.005e-05,8.54e-06,9.92e-06,935427720277.06,8785129.93
2024-11-07T00:00:00+00:00,PEPEUSD,9.92e-06,1.105e-05,9.86e-06,1.099e-05,833040846219,8782779.5
2024-11-08T00:00:00+00:00,PEPEUSD,1.099e-05,1.149e-05,1.029e-05,1.08e-05,599578658789.07,6528180.58
2024-11-09T00:00:00+00:00,PEPEUSD,1.08e-05,1.146e-05,1.047e-05,1.118e-05,522818531405.38,5740282.44
2024-11-10T00:00:00+00:00,PEPEUSD,1.118e-05,1.299e-05,1.101e-05,1.233e-05,1628556620818.83,19741100.02
2024-11-11T00:00:00+00:00,PEPEUSD,1.233e-05,1.347e-05,1.178e-05,1.302e-05,1396494483359.15,17738585.98
2024-11-12T00:00:00+00:00,PEPEUSD,1.302e-05,1.489e-05,1.23e-05,1.417e-05,2382628375505.92,32518293.69
2024-11-13T00:00:00+00:00,PEPEUSD,1.417e-05,2.246e-05,1.252e-05,2.082e-05,5219628517510.53,94406944.95
2024-11-14T00:00:00+00:00,PEPEUSD,2.082e-05,2.567e-05,2.007e-05,2.063e-05,4233120299907.58,95435381.79
2024-11-15T00:00:00+00:00,PEPEUSD,2.063e-05,2.398e-05,1.884e-05,2.337e-05,2352416507152.32,50161629.68
2024-11-16T00:00:00+00:00,PEPEUSD,2.337e-05,2.364e-05,2.07e-05,2.127e-05,1329623493155.31,29193045.19
2024-11-17T00:00:00+00:00,PEPEUSD,2.127e-05,2.256e-05,1.951e-05,2.121e-05,1821716606036.73,38730447.01
2024-11-18T00:00:00+00:00,PEPEUSD,2.121e-05,2.277e-05,1.966e-05,2.046e-05,1741279845458.67,36753729.31
2024-11-19T00:00:00+00:00,PEPEUSD,2.046e-05,2.127e-05,1.896e-05,1.97e-05,1218013597039.62,24707960.79
2024-11-20T00:00:00+00:00,PEPEUSD,1.97e-05,2.059e-05,1.834e-05,1.879e-05,1156679184858.48,22641406.98
2024-11-21T00:00:00+00:00,PEPEUSD,1.879e-05,2.178e-05,1.807e-05,2.071e-05,2678163788751.39,54853224.64
2024-11-22T00:00:00+00:00,PEPEUSD,2.071e-05,2.185e-05,1.978e-05,2.066e-05,1154867892692.38,23866434.47
2024-11-23T00:00:00+00:00,PEPEUSD,2.066e-05,2.236e-05,1.983e-05,2.051e-05,1876927504942.7,39781526.86
2024-11-24T00:00:00+00:00,PEPEUSD,2.051e-05,2.123e-05,1.911e-05,2.021e-05,726760330745.97,14598545.59
2024-11-25T00:00:00+00:00,PEPEUSD,2.021e-05,2.074e-05,1.835e-05,1.898e-05,737006430920.38,14396949.3
2024-11-26T00:00:00+00:00,PEPEUSD,1.898e-05,1.946e-05,1.732e-05,1.828e-05,688261133353.32,12520346.7
2024-11-27T00:00:00+00:00,PEPEUSD,1.828e-05,2.018e-05,1.79e-05,1.977e-05,704507864397.02,13560821.57
2024-11-28T00:00:00+00:00,PEPEUSD,1.977e-05,2.033e-05,1.894e-05,1.988e-05,845990309425.67,16600359.26
2024-11-29T00:00:00+00:00,PEPEUSD,1.988e-05,2.131e-05,1.952e-05,2.046e-05,785822027370.28,16079951.02
2024-11-30T00:00:00+00:00,PEPEUSD,2.046e-05,2.163e-05,2.01e-05,2.021e-05,702008228731.37,14432341.69
2024-12-01T00:00:00+00:00,PEPEUSD,2.021e-05,2.332e-05,2.009e-05,2.228e-05,1489914902803.35,32440002.41
2024-12-02T00:00:00+00:00,PEPEUSD,2.228e-05,2.283e-05,1.961e-05,2.044e-05,1159385637179.88,23870693.71
2024-12-03T00:00:00+00:00,PEPEUSD,2.044e-05,2.116e-05,1.885e-05,2.029e-05,826827001620.95,16720824.8
2024-12-04T00:00:00+00:00,PEPEUSD,2.029e-05,2.208e-05,2.022e-05,2.182e-05,1153658205479.96,24268979.75
2024-12-05T00:00:00+00:00,PEPEUSD,2.182e-05,2.288e-05,2.037e-05,2.123e-05,1313709067606.41,28590187.12
2024-12-06T00:00:00+00:00,PEPEUSD,2.123e-05,2.226e-05,2.038e-05,2.16e-05,891685684106.64,19288789.18
2024-12-07T00:00:00+00:00,PEPEUSD,2.16e-05,2.693e-05,2.114e-05,2.492e-05,2148190601567.35,52049318.77
2024-12-08T00:00:00+00:00,PEPEUSD,2.492e-05,2.718e-05,2.423e-05,2.643e-05,1727955565478.41,44501215.3
2024-12-09T00:00:00+00:00,PEPEUSD,2.643e-05,2.836e-05,2.309e-05,2.653e-05,2724924254760.48,71450807.06
2024-12-10T00:00:00+00:00,PEPEUSD,2.653e-05,2.722e-05,2.212e-05,2.359e-05,2512955593489.47,59990015.05
2024-12-11T00:00:00+00:00,PEPEUSD,2.359e-05,2.547e-05,2.164e-05,2.513e-05,1359275240546.39,32213855.68
2024-12-12T00:00:00+00:00,PEPEUSD,2.513e-05,2.572e-05,2.323e-05,2.364e-05,877766888689.11,21584821.94
2024-12-13T00:00:00+00:00,PEPEUSD,2.364e-05,2.5e-05,2.308e-05,2.476e-05,806037948945.07,19482873.32
2024-12-14T00:00:00+00:00,PEPEUSD,2.476e-05,2.486e-05,2.293e-05,2.331e-05,344457669691.03,8201316.22
2024-12-15T00:00:00+00:00,PEPEUSD,2.331e-05,2.449e-05,2.259e-05,2.415e-05,316892221254.37,7461134.94
2024-12-16T00:00:00+00:00,PEPEUSD,2.415e-05,2.467e-05,2.291e-05,2.35e-05,687363171022.7,16315800.2
2024-12-17T00:00:00+00:00,PEPEUSD,2.35e-05,2.363e-05,2.207e-05,2.245e-05,1351404368989.92,30916700.64
2024-12-18T00:00:00+00:00,PEPEUSD,2.245e-05,2.253e-05,1.911e-05,1.947e-05,3537089469376.1,73347701.52
2024-12-19T00:00:00+00:00,PEPEUSD,1.947e-05,1.974e-05,1.652e-05,1.704e-05,5572323789454.63,101493904.42
2024-12-20T00:00:00+00:00,PEPEUSD,1.704e-05,1.792e-05,1.439e-05,1.766e-05,6801788848485.81,111213242.41
2024-12-21T00:00:00+00:00,PEPEUSD,1.766e-05,1.973e-05,1.693e-05,1.739e-05,3834509543372.75,69967672.94
2024-12-22T00:00:00+00:00,PEPEUSD,1.739e-05,1.841e-05,1.667e-05,1.781e-05,2395754145927.05,42232109.57
2024-12-23T00:00:00+00:00,PEPEUSD,1.781e-05,1.882e-05,1.722e-05,1.845e-05,2474193417667.93,44454419.62
2024-12-24T00:00:00+00:00,PEPEUSD,1.845e-05,1.952e-05,1.788e-05,1.924e-05,2139395173257.5,40361004.02
2024-12-25T00:00:00+00:00,PEPEUSD,1.924e-05,1.934e-05,1.812e-05,1.853e-05,2244749581099.6,42167817.68
2024-12-26T00:00:00+00:00,PEPEUSD,1.853e-05,1.875e-05,1.703e-05,1.738e-05,2230022902670.36,39376128.55
2024-12-27T00:00:00+00:00,PEPEUSD,1.738e-05,1.834e-05,1.725e-05,1.785e-05,1785417031886.3,31821598.35
2024-12-28T00:00:00+00:00,PEPEUSD,1.785e-05,1.899e-05,1.775e-05,1.873e-05,1115790116427.64,20559555.47
2024-12-29T00:00:00+00:00,PEPEUSD,1.873e-05,1.916e-05,1.771e-05,1.787e-05,1441718827650.7,26367276.16
2024-12-30T00:00:00+00:00,PEPEUSD,1.787e-05,1.894e-05,1.743e-05,1.842e-05,2304909366358.05,41942221.06
2024-12-31T00:00:00+00:00,PEPEUSD,1.842e-05,2.181e-05,1.768e-05,1.991e-05,5502306712387.46,110430373.39
2025-01-01T00:00:00+00:00,PEPEUSD,1.991e-05,2.072e-05,1.903e-05,1.934e-05,2512078389092.23,49321925.45
2025-01-02T00:00:00+00:00,PEPEUSD,1.934e-05,2.114e-05,1.915e-05,2.045e-05,3335991902141.87,67843303.98
2025-01-03T00:00:00+00:00,PEPEUSD,2.045e-05,2.173e-05,2.006e-05,2.159e-05,3713767319805.84,78434022.99
2025-01-04T00:00:00+00:00,PEPEUSD,2.159e-05,2.188e-05,2.055e-05,2.113e-05,2158659769813.3,45637463.54
2025-01-05T00:00:00+00:00,PEPEUSD,2.113e-05,2.138e-05,2.032e-05,2.07e-05,1144490993187.54,23793071.51
2025-01-06T00:00:00+00:00,PEPEUSD,2.07e-05,2.138e-05,2.026e-05,2.079e-05,1635258925746.75,34055381.23
2025-01-07T00:00:00+00:00,PEPEUSD,2.079e-05,2.085e-05,1.846e-05,1.859e-05,2065604582489.87,40300532.35
2025-01-08T00:00:00+00:00,PEPEUSD,1.859e-05,1.891e-05,1.701e-05,1.782e-05,3863660432818.23,69913568.46
2025-01-09T00:00:00+00:00,PEPEUSD,1.782e-05,1.809e-05,1.663e-05,1.701e-05,2245642271379.63,38865381.08
2025-01-10T00:00:00+00:00,PEPEUSD,1.701e-05,1.79e-05,1.7e-05,1.763e-05,2059538231898.58,35992889.38
2025-01-11T00:00:00+00:00,PEPEUSD,1.763e-05,1.847e-05,1.747e-05,1.8e-05,1262445216443.8,22628597.93
2025-01-12T00:00:00+00:00,PEPEUSD,1.8e-05,1.803e-05,1.748e-05,1.775e-05,882047490863.51,15671441.32
2025-01-13T00:00:00+00:00,PEPEUSD,1.775e-05,1.827e-05,1.561e-05,1.685e-05,3497192980462.23,58031123.59
2025-01-14T00:00:00+00:00,PEPEUSD,1.685e-05,1.762e-05,1.679e-05,1.747e-05,1327649088426.95,22936771.54
2025-01-15T00:00:00+00:00,PEPEUSD,1.747e-05,1.922e-05,1.687e-05,1.907e-05,2282021085021.4,41158639.15
2025-01-16T00:00:00+00:00,PEPEUSD,1.907e-05,1.925e-05,1.796e-05,1.813e-05,1990699437835.86,36708742.79
2025-01-17T00:00:00+00:00,PEPEUSD,1.813e-05,2.055e-05,1.812e-05,2.031e-05,3224209303651.89,63492337.98
2025-01-18T00:00:00+00:00,PEPEUSD,2.031e-05,2.103e-05,1.809e-05,1.843e-05,4033474654430.67,76514284.52
2025-01-19T00:00:00+00:00,PEPEUSD,1.843e-05,1.898e-05,1.518e-05,1.603e-05,9820264889283.46,165837547.36
2025-01-20T00:00:00+00:00,PEPEUSD,1.603e-05,1.755e-05,1.512e-05,1.579e-05,7156313206655.29,115212777.68
2025-01-21T00:00:00+00:00,PEPEUSD,1.579e-05,1.635e-05,1.471e-05,1.591e-05,4115654691963.83,63920213.39
2025-01-22T00:00:00+00:00,PEPEUSD,1.591e-05,1.616e-05,1.5e-05,1.514e-05,1875180293557.2,29221236.1
2025-01-23T00:00:00+00:00,PEPEUSD,1.514e-05,1.558e-05,1.432e-05,1.533e-05,3157217321953.65,47119051
2025-01-24T00:00:00+00:00,PEPEUSD,1.533e-05,1.616e-05,1.458e-05,1.494e-05,2937779991451.36,45339026.67
2025-01-25T00:00:00+00:00,PEPEUSD,1.494e-05,1.54e-05,1.459e-05,1.503e-05,1570335826033.26,23654605.96
2025-01-26T00:00:00+00:00,PEPEUSD,1.503e-05,1.52e-05,1.395e-05,1.401e-05,2108573117652.41,31142020.57
2025-01-27T00:00:00+00:00,PEPEUSD,1.401e-05,1.401e-05,1.211e-05,1.311e-05,5278839366709.93,68043885.82
2025-01-28T00:00:00+00:00,PEPEUSD,1.311e-05,1.336e-05,1.132e-05,1.144e-05,3063414697578.55,38019483.07
2025-01-29T00:00:00+00:00,PEPEUSD,1.144e-05,1.334e-05,1.137e-05,1.24e-05,4487486387676.34,56040258.94
2025-01-30T00:00:00+00:00,PEPEUSD,1.24e-05,1.349e-05,1.223e-05,1.294e-05,2854837739806.23,37055119.15
2025-01-31T00:00:00+00:00,PEPEUSD,1.294e-05,1.477e-05,1.275e-05,1.387e-05,4528784001136.24,63155220.55
2025-02-01T00:00:00+00:00,PEPEUSD,1.387e-05,1.43e-05,1.207e-05,1.225e-05,3141301178089.98,41422407.88
2025-02-02T00:00:00+00:00,PEPEUSD,1.225e-05,1.251e-05,1.001e-05,1.077e-05,5098416061312.06,57524902.75
2025-02-03T00:00:00+00:00,PEPEUSD,1.077e-05,1.155e-05,8.07e-06,1.101e-05,13250601662171.4,129298200.65
2025-02-04T00:00:00+00:00,PEPEUSD,1.101e-05,1.11e-05,9.67e-06,1.016e-05,5293350141476.17,54422757.5
2025-02-05T00:00:00+00:00,PEPEUSD,1.016e-05,1.046e-05,9.74e-06,1.001e-05,2582169563726.44,26141945.77
2025-02-06T00:00:00+00:00,PEPEUSD,1.001e-05,1.039e-05,9.12e-06,9.22e-06,3324135231963.48,32286124.05
2025-02-07T00:00:00+00:00,PEPEUSD,9.22e-06,9.83e-06,8.44e-06,8.92e-06,4258146069781.48,39380482.56
2025-02-08T00:00:00+00:00,PEPEUSD,8.92e-06,9.7e-06,8.87e-06,9.56e-06,2375670736539.06,22087655.57
2025-02-09T00:00:00+00:00,PEPEUSD,9.56e-06,9.85e-06,8.93e-06,9.54e-06,2786275194705.85,26253556.06
2025-02-10T00:00:00+00:00,PEPEUSD,9.54e-06,9.96e-06,9.16e-06,9.61e-06,2384226691882.62,22896471.41
2025-02-11T00:00:00+00:00,PEPEUSD,9.61e-06,1.06e-05,9.39e-06,9.59e-06,3705847090999.14,37010359.87
2025-02-12T00:00:00+00:00,PEPEUSD,9.59e-06,1.027e-05,9.06e-06,1.009e-05,3729452396208.06,35682093.91
2025-02-13T00:00:00+00:00,PEPEUSD,1.009e-05,1.024e-05,9.43e-06,9.69e-06,1981399875616.41,19443965.55
2025-02-14T00:00:00+00:00,PEPEUSD,9.69e-06,1.076e-05,9.63e-06,1.03e-05,2612275858271.04,26820795.85
2025-02-15T00:00:00+00:00,PEPEUSD,1.03e-05,1.038e-05,9.82e-06,9.94e-06,1245750045882.56,12572352.33
2025-02-16T00:00:00+00:00,PEPEUSD,9.94e-06,1.004e-05,9.58e-06,9.7e-06,827136157504.87,8122095.13
2025-02-17T00:00:00+00:00,PEPEUSD,9.7e-06,1.065e-05,9.51e-06,1.012e-05,2903895196028.41,29240760.68
2025-02-18T00:00:00+00:00,PEPEUSD,1.012e-05,1.02e-05,8.91e-06,9.26e-06,2359302892292.15,22187487.95
2025-02-19T00:00:00+00:00,PEPEUSD,9.26e-06,9.56e-06,9.12e-06,9.35e-06,1263836931173.75,11803033.49
2025-02-20T00:00:00+00:00,PEPEUSD,9.35e-06,9.71e-06,9.31e-06,9.63e-06,897284229009.05,8532009.33
2025-02-21T00:00:00+00:00,PEPEUSD,9.63e-06,1.014e-05,9.03e-06,9.13e-06,1928139992536.56,18622663.67
2025-02-22T00:00:00+00:00,PEPEUSD,9.13e-06,9.73e-06,9.06e-06,9.63e-06,1045592657335.5,9881132.43
2025-02-23T00:00:00+00:00,PEPEUSD,9.63e-06,9.81e-06,9.21e-06,9.34e-06,1009708535589.6,9557588.98
2025-02-24T00:00:00+00:00,PEPEUSD,9.34e-06,9.42e-06,7.62e-06,7.89e-06,3307699504183.94,28232587.18
2025-02-25T00:00:00+00:00,PEPEUSD,7.89e-06,8.42e-06,7.32e-06,8.23e-06,3774304439716.66,29607028.65
2025-02-26T00:00:00+00:00,PEPEUSD,8.23e-06,8.49e-06,7.82e-06,8.32e-06,3280608980333.63,26800461.89
2025-02-27T00:00:00+00:00,PEPEUSD,8.32e-06,8.59e-06,8.05e-06,8.2e-06,1507106903039.52,12562709.48
2025-02-28T00:00:00+00:00,PEPEUSD,8.2e-06,8.24e-06,7.25e-06,7.92e-06,2799568496987.62,21541424.03
2025-03-01T00:00:00+00:00,PEPEUSD,7.92e-06,8.01e-06,7.36e-06,7.59e-06,1733433163414.43,13251788.11
2025-03-02T00:00:00+00:00,PEPEUSD,7.59e-06,8.95e-06,7.55e-06,8.84e-06,3857801206683.88,31830689.72
2025-03-03T00:00:00+00:00,PEPEUSD,8.84e-06,8.87e-06,7.06e-06,7.21e-06,3268255908297.04,25682038.58
2025-03-04T00:00:00+00:00,PEPEUSD,7.21e-06,7.27e-06,6.27e-06,6.98e-06,4133442578537.84,28258457.41
2025-03-05T00:00:00+00:00,PEPEUSD,6.98e-06,7.36e-06,6.81e-06,7.07e-06,2225030924385.45,15678619.34
2025-03-06T00:00:00+00:00,PEPEUSD,7.07e-06,7.34e-06,6.77e-06,6.83e-06,1892905138910.53,13312868.33
2025-03-07T00:00:00+00:00,PEPEUSD,6.83e-06,7.36e-06,6.42e-06,6.99e-06,3167056617390.42,22153517.6
2025-03-08T00:00:00+00:00,PEPEUSD,6.99e-06,7.05e-06,6.57e-06,6.67e-06,1561542685313.62,10592870.83
2025-03-09T00:00:00+00:00,PEPEUSD,6.67e-06,6.73e-06,5.73e-06,5.86e-06,2813599575382.89,17236177.76
2025-03-10T00:00:00+00:00,PEPEUSD,5.86e-06,6.64e-06,5.63e-06,5.69e-06,5675208024923.32,34480021.15
2025-03-11T00:00:00+00:00,PEPEUSD,5.69e-06,6.51e-06,5.25e-06,6.32e-06,5234436209633.3,30887201.3
2025-03-12T00:00:00+00:00,PEPEUSD,6.32e-06,6.98e-06,6.14e-06,6.95e-06,4692872563710.28,30802094.6
2025-03-13T00:00:00+00:00,PEPEUSD,6.95e-06,7.44e-06,6.5e-06,6.7e-06,6875913866086.38,48122176.33
2025-03-14T00:00:00+00:00,PEPEUSD,6.7e-06,7.34e-06,6.68e-06,7.06e-06,2938448058800.06,20641570.28
2025-03-15T00:00:00+00:00,PEPEUSD,7.06e-06,7.38e-06,6.96e-06,7.14e-06,1687541860664.36,12036418.44
2025-03-16T00:00:00+00:00,PEPEUSD,7.14e-06,7.18e-06,6.46e-06,6.58e-06,2320537516849.97,15613205.6
2025-03-17T00:00:00+00:00,PEPEUSD,6.58e-06,7.61e-06,6.57e-06,7.39e-06,3849856686199.53,27451755.09
2025-03-18T00:00:00+00:00,PEPEUSD,7.39e-06,7.42e-06,6.71e-06,7.29e-06,4586541856672.87,32155228.68
2025-03-19T00:00:00+00:00,PEPEUSD,7.29e-06,7.55e-06,7.14e-06,7.46e-06,4998563032311.8,36626460.95
2025-03-20T00:00:00+00:00,PEPEUSD,7.46e-06,7.85e-06,7.29e-06,7.63e-06,4502909720994.26,34058231.97
2025-03-21T00:00:00+00:00,PEPEUSD,7.63e-06,7.88e-06,7.13e-06,7.21e-06,3228366194628.89,23856937.32
2025-03-22T00:00:00+00:00,PEPEUSD,7.21e-06,7.39e-06,7.01e-06,7.07e-06,1590645076660.55,11517270.51
2025-03-23T00:00:00+00:00,PEPEUSD,7.07e-06,7.38e-06,7.02e-06,7.34e-06,1402085242652.28,10152425.58
2025-03-24T00:00:00+00:00,PEPEUSD,7.34e-06,8.19e-06,7.19e-06,8e-06,3310325512519.32,25697349.24
2025-03-25T00:00:00+00:00,PEPEUSD,8e-06,8.24e-06,7.84e-06,8.02e-06,2193908290941.78,17573220.45
2025-03-26T00:00:00+00:00,PEPEUSD,8.02e-06,9.25e-06,7.96e-06,8.53e-06,4216594753022.91,36561717.55
2025-03-27T00:00:00+00:00,PEPEUSD,8.53e-06,8.69e-06,8.19e-06,8.45e-06,2376867862817.88,20176547.39
2025-03-28T00:00:00+00:00,PEPEUSD,8.45e-06,8.52e-06,7.6e-06,7.78e-06,1989908974229.22,15797986.43
2025-03-29T00:00:00+00:00,PEPEUSD,7.78e-06,7.89e-06,7.06e-06,7.21e-06,1528976830676.3,11411154.94
2025-03-30T00:00:00+00:00,PEPEUSD,7.21e-06,7.34e-06,6.77e-06,6.94e-06,1636132184259.07,11564985.22
2025-03-31T00:00:00+00:00,PEPEUSD,6.94e-06,7.34e-06,6.77e-06,7.2e-06,2580195692803.97,18209337.18
2025-04-01T00:00:00+00:00,PEPEUSD,7.2e-06,7.86e-06,7.19e-06,7.72e-06,2887971417711.88,21884878.83
2025-04-02T00:00:00+00:00,PEPEUSD,7.72e-06,8.08e-06,6.91e-06,7.06e-06,4944450339324.56,37007767.1
2025-04-03T00:00:00+00:00,PEPEUSD,7.06e-06,7.29e-06,6.38e-06,6.7e-06,3573882317828.6,24195104.74
2025-04-04T00:00:00+00:00,PEPEUSD,6.7e-06,7.28e-06,6.61e-06,7.24e-06,3496337721395.95,24394333.11
2025-04-05T00:00:00+00:00,PEPEUSD,7.24e-06,7.37e-06,6.92e-06,7.06e-06,1439143632973.59,10259695.19
2025-04-06T00:00:00+00:00,PEPEUSD,7.06e-06,7.12e-06,6.16e-06,6.33e-06,2695869587842.42,17818394.85
2025-04-07T00:00:00+00:00,PEPEUSD,6.33e-06,6.78e-06,5.71e-06,6.44e-06,5893926046472.84,37027062.91
2025-04-08T00:00:00+00:00,PEPEUSD,6.44e-06,6.63e-06,5.93e-06,6.04e-06,2385151507252.83,14794570
2025-04-09T00:00:00+00:00,PEPEUSD,6.04e-06,7.14e-06,5.78e-06,6.97e-06,4239315342075.8,27704431.51
2025-04-10T00:00:00+00:00,PEPEUSD,6.97e-06,6.99e-06,6.48e-06,6.71e-06,2450294086880.07,16411686.43
2025-04-11T00:00:00+00:00,PEPEUSD,6.71e-06,7.04e-06,6.64e-06,6.94e-06,2070388152284.05,14236048.15
2025-04-12T00:00:00+00:00,PEPEUSD,6.94e-06,7.58e-06,6.82e-06,7.45e-06,2297938729864.86,16643500.46
2025-04-13T00:00:00+00:00,PEPEUSD,7.45e-06,7.76e-06,7.1e-06,7.28e-06,2872427103779.61,21150551.02
2025-04-14T00:00:00+00:00,PEPEUSD,7.28e-06,7.74e-06,7.24e-06,7.34e-06,4122700549895.25,30882184.05
2025-04-15T00:00:00+00:00,PEPEUSD,7.34e-06,7.51e-06,6.9e-06,7e-06,2494994877970.28,17996523.89
2025-04-16T00:00:00+00:00,PEPEUSD,7e-06,7.32e-06,6.93e-06,7.14e-06,2616186910194.07,18704043.75
2025-04-17T00:00:00+00:00,PEPEUSD,7.14e-06,7.45e-06,7.03e-06,7.24e-06,2089902509803.15,15217838.39
2025-04-18T00:00:00+00:00,PEPEUSD,7.24e-06,7.34e-06,7.01e-06,7.33e-06,1487401637779.79,10657784.63
2025-04-19T00:00:00+00:00,PEPEUSD,7.33e-06,7.6e-06,7.16e-06,7.5e-06,1530747885647.58,11265587.5
2025-04-20T00:00:00+00:00,PEPEUSD,7.5e-06,7.7e-06,7.27e-06,7.54e-06,1585727609518.56,11879398.59
2025-04-21T00:00:00+00:00,PEPEUSD,7.54e-06,8.05e-06,7.52e-06,7.74e-06,2790266544045.02,21833986.93
2025-04-22T00:00:00+00:00,PEPEUSD,7.74e-06,8.9e-06,7.62e-06,8.82e-06,3863315648093.37,32160750.52
2025-04-23T00:00:00+00:00,PEPEUSD,8.82e-06,9.3e-06,8.62e-06,8.84e-06,4582415274203.13,41284458.24
2025-04-24T00:00:00+00:00,PEPEUSD,8.84e-06,8.87e-06,8.33e-06,8.76e-06,2316027778307,19979664.05
2025-04-25T00:00:00+00:00,PEPEUSD,8.76e-06,9.29e-06,8.56e-06,9.06e-06,3008792696072.53,26736085.99
2025-04-26T00:00:00+00:00,PEPEUSD,9.06e-06,9.82e-06,9.02e-06,9.17e-06,2930469121193.78,27433850.25
2025-04-27T00:00:00+00:00,PEPEUSD,9.17e-06,9.21e-06,8.72e-06,8.77e-06,1709268150459.99,15264241.12
2025-04-28T00:00:00+00:00,PEPEUSD,8.77e-06,9.2e-06,8.56e-06,8.97e-06,3018910825870.78,26875976.29
2025-04-29T00:00:00+00:00,PEPEUSD,8.97e-06,9.16e-06,8.72e-06,8.86e-06,1770283832832.41,15903834.97
2025-04-30T00:00:00+00:00,PEPEUSD,8.86e-06,9.13e-06,8.46e-06,8.9e-06,1958438039058.4,17236662.39
2025-05-01T00:00:00+00:00,PEPEUSD,8.9e-06,9.09e-06,8.67e-06,8.74e-06,1813848638393.99,16139577.74
2025-05-02T00:00:00+00:00,PEPEUSD,8.74e-06,8.93e-06,8.54e-06,8.7e-06,1988831124773.28,17375919.01
2025-05-03T00:00:00+00:00,PEPEUSD,8.7e-06,8.72e-06,8.08e-06,8.17e-06,1789173523382.08,15060108.18
2025-05-04T00:00:00+00:00,PEPEUSD,8.17e-06,8.27e-06,8e-06,8.09e-06,1841124738906.81,15013379.69
2025-05-05T00:00:00+00:00,PEPEUSD,8.09e-06,8.36e-06,7.78e-06,7.94e-06,1753252913370.18,14131762.06
2025-05-06T00:00:00+00:00,PEPEUSD,7.94e-06,8.03e-06,7.59e-06,7.99e-06,1541466154921.89,12081022.43
2025-05-07T00:00:00+00:00,PEPEUSD,7.99e-06,8.31e-06,7.95e-06,8.26e-06,2183022169867.39,17768123.56
2025-05-08T00:00:00+00:00,PEPEUSD,8.26e-06,1.178e-05,8.22e-06,1.111e-05,8487780248545.75,85274295.56
2025-05-09T00:00:00+00:00,PEPEUSD,1.111e-05,1.395e-05,1.064e-05,1.237e-05,12011662508372.6,149667939.74
2025-05-10T00:00:00+00:00,PEPEUSD,1.237e-05,1.406e-05,1.216e-05,1.369e-05,8129682017590.94,106286984.99
2025-05-11T00:00:00+00:00,PEPEUSD,1.369e-05,1.424e-05,1.258e-05,1.361e-05,5104073148113.89,68508167.16
2025-05-12T00:00:00+00:00,PEPEUSD,1.361e-05,1.54e-05,1.278e-05,1.362e-05,8805247052925.43,124676922.52
2025-05-13T00:00:00+00:00,PEPEUSD,1.362e-05,1.51e-05,1.274e-05,1.444e-05,5799249892525.42,81429182.29
2025-05-14T00:00:00+00:00,PEPEUSD,1.444e-05,1.45e-05,1.349e-05,1.39e-05,3829482693706.29,53575408.3
2025-05-15T00:00:00+00:00,PEPEUSD,1.39e-05,1.414e-05,1.267e-05,1.303e-05,4994110703163.53,67211114.34
2025-05-16T00:00:00+00:00,PEPEUSD,1.303e-05,1.379e-05,1.252e-05,1.26e-05,3075303206650.52,40899004.68
2025-05-17T00:00:00+00:00,PEPEUSD,1.26e-05,1.276e-05,1.196e-05,1.217e-05,2271834945831.14,28066680.42
2025-05-18T00:00:00+00:00,PEPEUSD,1.217e-05,1.425e-05,1.215e-05,1.386e-05,4837386794732.64,64516219.24
2025-05-19T00:00:00+00:00,PEPEUSD,1.386e-05,1.419e-05,1.25e-05,1.328e-05,3935476394045.73,51746663.47
2025-05-20T00:00:00+00:00,PEPEUSD,1.328e-05,1.366e-05,1.263e-05,1.316e-05,3027333119354.76,39642780.36
2025-05-21T00:00:00+00:00,PEPEUSD,1.316e-05,1.463e-05,1.281e-05,1.365e-05,6326860532085.12,86402572.48
2025-05-22T00:00:00+00:00,PEPEUSD,1.365e-05,1.553e-05,1.363e-05,1.552e-05,5006985244626.5,72111755.72
2025-05-23T00:00:00+00:00,PEPEUSD,1.552e-05,1.633e-05,1.357e-05,1.381e-05,6992441006721.05,106330561.12
2025-05-24T00:00:00+00:00,PEPEUSD,1.381e-05,1.421e-05,1.358e-05,1.378e-05,2745946704403.56,38160754.93
2025-05-25T00:00:00+00:00,PEPEUSD,1.378e-05,1.399e-05,1.263e-05,1.361e-05,4292754811003.3,56995197.41
2025-05-26T00:00:00+00:00,PEPEUSD,1.361e-05,1.447e-05,1.349e-05,1.386e-05,3851970036417.46,53683863.43
2025-05-27T00:00:00+00:00,PEPEUSD,1.386e-05,1.432e-05,1.336e-05,1.39e-05,2711947923433.44,37892723.04
2025-05-28T00:00:00+00:00,PEPEUSD,1.39e-05,1.417e-05,1.338e-05,1.399e-05,2054340116091.97,28281369.28
2025-05-29T00:00:00+00:00,PEPEUSD,1.399e-05,1.512e-05,1.336e-05,1.344e-05,4766637046086.84,67905486.17
2025-05-30T00:00:00+00:00,PEPEUSD,1.344e-05,1.356e-05,1.151e-05,1.162e-05,4142716482050.52,52670517.95
2025-05-31T00:00:00+00:00,PEPEUSD,1.162e-05,1.188e-05,1.095e-05,1.165e-05,4126094418979.06,47380393.96
2025-06-01T00:00:00+00:00,PEPEUSD,1.165e-05,1.204e-05,1.129e-05,1.181e-05,1685256022583.35,19693473.16
2025-06-02T00:00:00+00:00,PEPEUSD,1.181e-05,1.243e-05,1.14e-05,1.235e-05,2053472124593.28,24270918.34
2025-06-03T00:00:00+00:00,PEPEUSD,1.235e-05,1.296e-05,1.217e-05,1.227e-05,2984450077541.31,37569922.37
2025-06-04T00:00:00+00:00,PEPEUSD,1.227e-05,1.263e-05,1.176e-05,1.183e-05,1914874034185.39,23502928.74
2025-06-05T00:00:00+00:00,PEPEUSD,1.183e-05,1.207e-05,1.037e-05,1.065e-05,4566346009420.43,51320628.84
2025-06-06T00:00:00+00:00,PEPEUSD,1.065e-05,1.152e-05,1.056e-05,1.107e-05,2759274417648.93,30620579.2
2025-06-07T00:00:00+00:00,PEPEUSD,1.107e-05,1.163e-05,1.097e-05,1.151e-05,1310638258157.73,14978851.77
2025-06-08T00:00:00+00:00,PEPEUSD,1.151e-05,1.207e-05,1.131e-05,1.167e-05,1473957564326.99,17148788.06
2025-06-09T00:00:00+00:00,PEPEUSD,1.167e-05,1.272e-05,1.141e-05,1.266e-05,2560759021488.25,30730951.5
2025-06-10T00:00:00+00:00,PEPEUSD,1.266e-05,1.362e-05,1.243e-05,1.313e-05,4649547205420.79,60054748.51
2025-06-11T00:00:00+00:00,PEPEUSD,1.313e-05,1.345e-05,1.221e-05,1.247e-05,3126448337822.22,40284130.49
2025-06-12T00:00:00+00:00,PEPEUSD,1.247e-05,1.26e-05,1.137e-05,1.151e-05,2854706141181.31,34419467.45
2025-06-13T00:00:00+00:00,PEPEUSD,1.151e-05,1.152e-05,1.046e-05,1.123e-05,4860278317266.45,52635329.93
2025-06-14T00:00:00+00:00,PEPEUSD,1.123e-05,1.132e-05,1.07e-05,1.095e-05,1283412745666.52,14140522.88
2025-06-15T00:00:00+00:00,PEPEUSD,1.095e-05,1.132e-05,1.081e-05,1.112e-05,1074861825781.29,11930306.57
2025-06-16T00:00:00+00:00,PEPEUSD,1.112e-05,1.156e-05,1.055e-05,1.059e-05,2474374429513.3,27701799.07
2025-06-17T00:00:00+00:00,PEPEUSD,1.059e-05,1.077e-05,9.66e-06,1.013e-05,3297531549986.93,33664721.99
2025-06-18T00:00:00+00:00,PEPEUSD,1.013e-05,1.04e-05,9.75e-06,1.034e-05,2262572240117.66,22922369.97
2025-06-19T00:00:00+00:00,PEPEUSD,1.034e-05,1.049e-05,1.015e-05,1.03e-05,1510123036724.8,15601662.27
2025-06-20T00:00:00+00:00,PEPEUSD,1.03e-05,1.052e-05,9.46e-06,9.84e-06,4363672964880.21,42865126.32
2025-06-21T00:00:00+00:00,PEPEUSD,9.84e-06,1.011e-05,8.93e-06,9.27e-06,2024492871776.38,19443962.1
2025-06-22T00:00:00+00:00,PEPEUSD,9.27e-06,9.48e-06,8.31e-06,8.88e-06,3525276403137.03,31054859.87
2025-06-23T00:00:00+00:00,PEPEUSD,8.88e-06,1.003e-05,8.67e-06,9.91e-06,3652934027150.44,33874870.58
2025-06-24T00:00:00+00:00,PEPEUSD,9.91e-06,1.03e-05,9.77e-06,1.006e-05,2412035800481.04,24066313.72
2025-06-25T00:00:00+00:00,PEPEUSD,1.006e-05,1.018e-05,9.38e-06,9.47e-06,1905760900415.51,18717822.5
2025-06-26T00:00:00+00:00,PEPEUSD,9.47e-06,9.75e-06,9.11e-06,9.17e-06,1942377119268.76,18179858.64
2025-06-27T00:00:00+00:00,PEPEUSD,9.17e-06,9.37e-06,8.93e-06,9.17e-06,1736310529244.27,15970488.91
2025-06-28T00:00:00+00:00,PEPEUSD,9.17e-06,9.62e-06,9.15e-06,9.56e-06,952999975071.24,8942748.43
2025-06-29T00:00:00+00:00,PEPEUSD,9.56e-06,1.049e-05,9.43e-06,1.039e-05,1241814453946.64,12330108.38
2025-06-30T00:00:00+00:00,PEPEUSD,1.039e-05,1.042e-05,9.6e-06,9.75e-06,1996874197651.74,19795498.15
2025-07-01T00:00:00+00:00,PEPEUSD,9.75e-06,9.83e-06,9.16e-06,9.25e-06,1533103586696.6,14469271.65
2025-07-02T00:00:00+00:00,PEPEUSD,9.25e-06,1.039e-05,9.19e-06,1.006e-05,2540733352730.59,25388715.11
2025-07-03T00:00:00+00:00,PEPEUSD,1.006e-05,1.078e-05,9.89e-06,1.012e-05,2867805250540.79,29642768.59
2025-07-04T00:00:00+00:00,PEPEUSD,1.012e-05,1.027e-05,9.44e-06,9.65e-06,1932357742893.17,18830859.65
2025-07-05T00:00:00+00:00,PEPEUSD,9.65e-06,9.93e-06,9.52e-06,9.69e-06,911519412624.76,8856314.33
2025-07-06T00:00:00+00:00,PEPEUSD,9.69e-06,1.032e-05,9.57e-06,1.003e-05,2405559603290.37,23995290.97
2025-07-07T00:00:00+00:00,PEPEUSD,1.003e-05,1.027e-05,9.73e-06,9.9e-06,2234750901467.5,22326435.23
2025-07-08T00:00:00+00:00,PEPEUSD,9.9e-06,1.03e-05,9.72e-06,1.02e-05,2119855230288.98,21276633.16
2025-07-09T00:00:00+00:00,PEPEUSD,1.02e-05,1.135e-05,1.001e-05,1.105e-05,3953495835908.64,41892897.51
2025-07-10T00:00:00+00:00,PEPEUSD,1.105e-05,1.254e-05,1.088e-05,1.241e-05,4467687032739.73,51696944.97
2025-07-11T00:00:00+00:00,PEPEUSD,1.241e-05,1.326e-05,1.201e-05,1.236e-05,6017694861658.56,76503370.26
2025-07-12T00:00:00+00:00,PEPEUSD,1.236e-05,1.257e-05,1.184e-05,1.224e-05,2404097804049.25,29414201.15
2025-07-13T00:00:00+00:00,PEPEUSD,1.224e-05,1.27e-05,1.209e-05,1.231e-05,2731927801037.85,33805232.31
2025-07-14T00:00:00+00:00,PEPEUSD,1.231e-05,1.336e-05,1.202e-05,1.222e-05,4045953173056.7,51009779.94
2025-07-15T00:00:00+00:00,PEPEUSD,1.222e-05,1.291e-05,1.166e-05,1.285e-05,3748629637132.19,46077697.93
2025-07-16T00:00:00+00:00,PEPEUSD,1.285e-05,1.411e-05,1.249e-05,1.355e-05,5748484311657.18,76245250.66
2025-07-17T00:00:00+00:00,PEPEUSD,1.355e-05,1.385e-05,1.281e-05,1.337e-05,5126462718015.37,68782326
2025-07-18T00:00:00+00:00,PEPEUSD,1.337e-05,1.434e-05,1.267e-05,1.299e-05,5963128494000.38,80944058.56
2025-07-19T00:00:00+00:00,PEPEUSD,1.299e-05,1.354e-05,1.265e-05,1.344e-05,2185123898548.17,28718060.37
2025-07-20T00:00:00+00:00,PEPEUSD,1.344e-05,1.461e-05,1.332e-05,1.403e-05,3598113797696.9,50362154.64
2025-07-21T00:00:00+00:00,PEPEUSD,1.403e-05,1.454e-05,1.366e-05,1.411e-05,4032435769423.58,56886523.65
2025-07-22T00:00:00+00:00,PEPEUSD,1.411e-05,1.475e-05,1.349e-05,1.417e-05,4021648444314.74,56168962.67
2025-07-23T00:00:00+00:00,PEPEUSD,1.417e-05,1.419e-05,1.221e-05,1.273e-05,3330772836652.61,43948641.55
2025-07-24T00:00:00+00:00,PEPEUSD,1.273e-05,1.305e-05,1.186e-05,1.239e-05,2867662360009.29,36104282.78
2025-07-25T00:00:00+00:00,PEPEUSD,1.239e-05,1.257e-05,1.174e-05,1.255e-05,2418807564326.62,29395444.95
2025-07-26T00:00:00+00:00,PEPEUSD,1.255e-05,1.277e-05,1.233e-05,1.241e-05,1081639335664.9,13620491.54
2025-07-27T00:00:00+00:00,PEPEUSD,1.241e-05,1.297e-05,1.239e-05,1.279e-05,1342674262306.25,17057802.75
2025-07-28T00:00:00+00:00,PEPEUSD,1.279e-05,1.315e-05,1.182e-05,1.191e-05,2242704930428.58,28112380.45
2025-07-29T00:00:00+00:00,PEPEUSD,1.191e-05,1.214e-05,1.125e-05,1.152e-05,1605606371386.69,18750022.02
2025-07-30T00:00:00+00:00,PEPEUSD,1.152e-05,1.161e-05,1.074e-05,1.134e-05,1638198070012.26,18464432.35
2025-07-31T00:00:00+00:00,PEPEUSD,1.134e-05,1.166e-05,1.069e-05,1.078e-05,1400483336370.7,15689721.59
2025-08-01T00:00:00+00:00,PEPEUSD,1.078e-05,1.083e-05,1.004e-05,1.037e-05,2078360553622.71,21841460
2025-08-02T00:00:00+00:00,PEPEUSD,1.037e-05,1.063e-05,9.86e-06,1.013e-05,1498002941221.53,15316581.5
2025-08-03T00:00:00+00:00,PEPEUSD,1.013e-05,1.056e-05,1e-05,1.045e-05,777822929882.98,8094671.91
2025-08-04T00:00:00+00:00,PEPEUSD,1.045e-05,1.083e-05,1.034e-05,1.076e-05,1036461114850.45,10986072.3
2025-08-05T00:00:00+00:00,PEPEUSD,1.076e-05,1.079e-05,9.98e-06,1.02e-05,975173582375.42,10066466.49
2025-08-06T00:00:00+00:00,PEPEUSD,1.02e-05,1.062e-05,9.96e-06,1.056e-05,1035638991132.85,10759627.37
2025-08-07T00:00:00+00:00,PEPEUSD,1.056e-05,1.115e-05,1.046e-05,1.111e-05,1427607167446.78,15390412.06
2025-08-08T00:00:00+00:00,PEPEUSD,1.111e-05,1.201e-05,1.097e-05,1.182e-05,3067817170867.06,34820623.27
2025-08-09T00:00:00+00:00,PEPEUSD,1.182e-05,1.266e-05,1.164e-05,1.24e-05,2387337386160.51,29219186.11
2025-08-10T00:00:00+00:00,PEPEUSD,1.24e-05,1.264e-05,1.179e-05,1.207e-05,1864807407313.39,22641628.63
2025-08-11T00:00:00+00:00,PEPEUSD,1.207e-05,1.243e-05,1.113e-05,1.123e-05,2340285353270.27,27631393.88
2025-08-12T00:00:00+00:00,PEPEUSD,1.123e-05,1.235e-05,1.107e-05,1.214e-05,2620081739200.63,30729517.34
2025-08-13T00:00:00+00:00,PEPEUSD,1.214e-05,1.25e-05,1.197e-05,1.226e-05,2651937179757.44,32438332.15
2025-08-14T00:00:00+00:00,PEPEUSD,1.226e-05,1.268e-05,1.082e-05,1.105e-05,3256624678243.41,38248834.46
2025-08-15T00:00:00+00:00,PEPEUSD,1.105e-05,1.128e-05,1.053e-05,1.083e-05,1736405293093.9,19008603.78
2025-08-16T00:00:00+00:00,PEPEUSD,1.083e-05,1.112e-05,1.08e-05,1.11e-05,830339844205.83,9084693.72
2025-08-17T00:00:00+00:00,PEPEUSD,1.11e-05,1.155e-05,1.1e-05,1.113e-05,1039032355042.51,11680480.43
2025-08-18T00:00:00+00:00,PEPEUSD,1.113e-05,1.115e-05,1.056e-05,1.068e-05,1572371488571.62,16943166.07
2025-08-19T00:00:00+00:00,PEPEUSD,1.068e-05,1.085e-05,1.016e-05,1.02e-05,1586377456396.24,16640440.83
2025-08-20T00:00:00+00:00,PEPEUSD,1.02e-05,1.073e-05,1.003e-05,1.066e-05,1162375889919.86,12122459.34
2025-08-21T00:00:00+00:00,PEPEUSD,1.066e-05,1.076e-05,1.02e-05,1.04e-05,1222770366612.33,12760350.76
2025-08-22T00:00:00+00:00,PEPEUSD,1.04e-05,1.17e-05,9.82e-06,1.157e-05,3153575421993.24,33959421.41
2025-08-23T00:00:00+00:00,PEPEUSD,1.157e-05,1.161e-05,1.097e-05,1.125e-05,1339953620059.71,15144230.49
2025-08-24T00:00:00+00:00,PEPEUSD,1.125e-05,1.148e-05,1.067e-05,1.084e-05,2402629175709.69,26466460.92
2025-08-25T00:00:00+00:00,PEPEUSD,1.084e-05,1.108e-05,9.57e-06,9.75e-06,2348550593285.95,23990995.49
2025-08-26T00:00:00+00:00,PEPEUSD,9.75e-06,1.019e-05,9.68e-06,1.009e-05,1631634802902.84,16235157.14
2025-08-27T00:00:00+00:00,PEPEUSD,1.009e-05,1.03e-05,9.96e-06,1.002e-05,1476463926262.5,14943589.36
2025-08-28T00:00:00+00:00,PEPEUSD,1.002e-05,1.027e-05,9.92e-06,1.021e-05,1027908161258.86,10404341.37
2025-08-29T00:00:00+00:00,PEPEUSD,1.021e-05,1.026e-05,9.49e-06,9.78e-06,1779816932096.2,17443337.47
2025-08-30T00:00:00+00:00,PEPEUSD,9.78e-06,1.006e-05,9.69e-06,9.83e-06,848914040083.85,8394158.75
2025-08-31T00:00:00+00:00,PEPEUSD,9.83e-06,1.001e-05,9.63e-06,9.65e-06,1155709097635.48,11411113.44
2025-09-01T00:00:00+00:00,PEPEUSD,9.65e-06,9.95e-06,9.15e-06,9.46e-06,1590011320616.61,15132829.78
2025-09-02T00:00:00+00:00,PEPEUSD,9.46e-06,9.82e-06,9.32e-06,9.79e-06,2342431603818.23,22342352.56
2025-09-03T00:00:00+00:00,PEPEUSD,9.79e-06,1.004e-05,9.68e-06,9.88e-06,1008495916343.96,9925969.47
2025-09-04T00:00:00+00:00,PEPEUSD,9.88e-06,9.97e-06,9.38e-06,9.45e-06,1439993371171.41,13810809.7
2025-09-05T00:00:00+00:00,PEPEUSD,9.45e-06,9.89e-06,9.41e-06,9.75e-06,1615482254257.18,15649808.77
2025-09-06T00:00:00+00:00,PEPEUSD,9.75e-06,9.81e-06,9.54e-06,9.63e-06,598472352208.21,5784758.91
2025-09-07T00:00:00+00:00,PEPEUSD,9.63e-06,9.95e-06,9.63e-06,9.89e-06,667822109634.1,6563278.55
2025-09-08T00:00:00+00:00,PEPEUSD,9.89e-06,1.036e-05,9.82e-06,1.031e-05,1648921572690.41,16759850.29
2025-09-09T00:00:00+00:00,PEPEUSD,1.031e-05,1.084e-05,1.014e-05,1.031e-05,2439415578697.68,25493801.03
2025-09-10T00:00:00+00:00,PEPEUSD,1.031e-05,1.068e-05,1.022e-05,1.054e-05,1269491683438.56,13276973.36
2025-09-11T00:00:00+00:00,PEPEUSD,1.054e-05,1.07e-05,1.036e-05,1.069e-05,1441234471875.41,15221788.44
2025-09-12T00:00:00+00:00,PEPEUSD,1.069e-05,1.166e-05,1.04e-05,1.154e-05,3645482721538.4,40341920.67
2025-09-13T00:00:00+00:00,PEPEUSD,1.154e-05,1.269e-05,1.147e-05,1.192e-05,4279923162788.1,51755493.27
2025-09-14T00:00:00+00:00,PEPEUSD,1.192e-05,1.198e-05,1.114e-05,1.155e-05,2469635317054.07,28615666.15
2025-09-15T00:00:00+00:00,PEPEUSD,1.155e-05,1.168e-05,1.057e-05,1.077e-05,2053791106968.97,22592882.93
2025-09-16T00:00:00+00:00,PEPEUSD,1.077e-05,1.11e-05,1.062e-05,1.108e-05,1525567363760.97,16563552.31
2025-09-17T00:00:00+00:00,PEPEUSD,1.108e-05,1.151e-05,1.073e-05,1.142e-05,2789716017306.26,30750454.44
2025-09-18T00:00:00+00:00,PEPEUSD,1.142e-05,1.166e-05,1.122e-05,1.145e-05,2097152425098.45,24024237.35
2025-09-19T00:00:00+00:00,PEPEUSD,1.145e-05,1.15e-05,1.067e-05,1.077e-05,1296405604453.07,14266721.06
2025-09-20T00:00:00+00:00,PEPEUSD,1.077e-05,1.086e-05,1.054e-05,1.073e-05,987293401302.9,10582978.77
2025-09-21T00:00:00+00:00,PEPEUSD,1.073e-05,1.079e-05,1.04e-05,1.041e-05,1011675699727.67,10700136.75
2025-09-22T00:00:00+00:00,PEPEUSD,1.041e-05,1.048e-05,9.41e-06,9.66e-06,2546074400024.17,25038497.32
2025-09-23T00:00:00+00:00,PEPEUSD,9.66e-06,9.84e-06,9.43e-06,9.57e-06,1367790979224.48,13203892.28
2025-09-24T00:00:00+00:00,PEPEUSD,9.57e-06,9.86e-06,9.33e-06,9.64e-06,1226452813560.33,11811098.46
2025-09-25T00:00:00+00:00,PEPEUSD,9.64e-06,9.67e-06,8.87e-06,9.08e-06,2699623243696.31,25023456.73
2025-09-26T00:00:00+00:00,PEPEUSD,9.08e-06,9.47e-06,9.04e-06,9.38e-06,1610614202109.14,14906990.41
2025-09-27T00:00:00+00:00,PEPEUSD,9.38e-06,9.45e-06,9.2e-06,9.25e-06,732080574818.72,6820008.01
2025-09-28T00:00:00+00:00,PEPEUSD,9.25e-06,9.48e-06,9.04e-06,9.43e-06,791838824450.88,7307467.98
2025-09-29T00:00:00+00:00,PEPEUSD,9.43e-06,9.52e-06,9.09e-06,9.39e-06,1230517042788.71,11481826.85
2025-09-30T00:00:00+00:00,PEPEUSD,9.39e-06,9.43e-06,8.97e-06,9.32e-06,1413350265161.19,13004653.11
2025-10-01T00:00:00+00:00,PEPEUSD,9.32e-06,9.8e-06,9.24e-06,9.79e-06,1612350203552.48,15457495.88
2025-10-02T00:00:00+00:00,PEPEUSD,9.79e-06,1.034e-05,9.75e-06,1.022e-05,2197249017723.91,22031499.3
2025-10-03T00:00:00+00:00,PEPEUSD,1.022e-05,1.04e-05,9.86e-06,1.011e-05,1662522107766.53,16766454.31
2025-10-04T00:00:00+00:00,PEPEUSD,1.011e-05,1.023e-05,9.56e-06,9.77e-06,1454026734634.02,14350970.51
2025-10-05T00:00:00+00:00,PEPEUSD,9.77e-06,1.018e-05,9.69e-06,9.8e-06,1680594714135.73,16718776.84
2025-10-06T00:00:00+00:00,PEPEUSD,9.8e-06,1.037e-05,9.67e-06,1.02e-05,1595340580715.45,16124740.16
2025-10-07T00:00:00+00:00,PEPEUSD,1.02e-05,1.027e-05,9.44e-06,9.47e-06,2072808515260.72,20349653.03
2025-10-08T00:00:00+00:00,PEPEUSD,9.47e-06,9.75e-06,9.24e-06,9.56e-06,1762924781654.72,16669818.63
2025-10-09T00:00:00+00:00,PEPEUSD,9.56e-06,9.58e-06,9.01e-06,9.26e-06,1378683589948.46,12712906.22
2025-10-10T00:00:00+00:00,PEPEUSD,9.26e-06,9.4e-06,5.05e-06,6.71e-06,7533897939522.88,56473455.54
2025-10-11T00:00:00+00:00,PEPEUSD,6.71e-06,7.38e-06,6.5e-06,6.73e-06,5638471823752.82,39090751.88
2025-10-12T00:00:00+00:00,PEPEUSD,6.73e-06,7.73e-06,6.54e-06,7.49e-06,6355706141928.19,45243004.37
2025-10-13T00:00:00+00:00,PEPEUSD,7.49e-06,7.98e-06,7.3e-06,7.85e-06,5399087518967.69,41414798.04
2025-10-14T00:00:00+00:00,PEPEUSD,7.85e-06,7.92e-06,7.07e-06,7.52e-06,5430541576716.91,40164897.84
2025-10-15T00:00:00+00:00,PEPEUSD,7.52e-06,7.66e-06,7.04e-06,7.19e-06,3320612105667.78,24370307.25
2025-10-16T00:00:00+00:00,PEPEUSD,7.19e-06,7.31e-06,6.75e-06,6.88e-06,3033413063553.94,21396366.19
2025-10-17T00:00:00+00:00,PEPEUSD,6.88e-06,6.96e-06,6.3e-06,6.65e-06,3563103734197.47,23473962.6
2025-10-18T00:00:00+00:00,PEPEUSD,6.65e-06,6.85e-06,6.64e-06,6.75e-06,1036874685991.72,6990130.47
2025-10-19T00:00:00+00:00,PEPEUSD,6.75e-06,7.14e-06,6.65e-06,6.99e-06,1614409011777.77,11163904.2
2025-10-20T00:00:00+00:00,PEPEUSD,6.99e-06,7.32e-06,6.84e-06,7.15e-06,1591759373052.01,11353111.7
2025-10-21T00:00:00+00:00,PEPEUSD,7.15e-06,7.38e-06,6.83e-06,6.92e-06,2631998205023.24,18642964.28
2025-10-22T00:00:00+00:00,PEPEUSD,6.92e-06,6.97e-06,6.47e-06,6.72e-06,2503417810644.07,16971258.74
2025-10-23T00:00:00+00:00,PEPEUSD,6.72e-06,7.03e-06,6.7e-06,6.95e-06,1481507108246.26,10173586.68
2025-10-24T00:00:00+00:00,PEPEUSD,6.95e-06,7.24e-06,6.92e-06,7.18e-06,1372705258981.4,9735559.02
2025-10-25T00:00:00+00:00,PEPEUSD,7.18e-06,7.21e-06,7.09e-06,7.16e-06,570312302156.18,4079303.7
2025-10-26T00:00:00+00:00,PEPEUSD,7.16e-06,7.45e-06,7.02e-06,7.32e-06,1399796628138.81,10154084.16
2025-10-27T00:00:00+00:00,PEPEUSD,7.32e-06,7.43e-06,7.05e-06,7.13e-06,1406727249255.6,10202458.71
2025-10-28T00:00:00+00:00,PEPEUSD,7.13e-06,7.32e-06,6.84e-06,6.99e-06,2071166774196.57,14736963.24
2025-10-29T00:00:00+00:00,PEPEUSD,6.99e-06,7.24e-06,6.8e-06,7.02e-06,1752703554336.14,12342741.45
2025-10-30T00:00:00+00:00,PEPEUSD,7.02e-06,7.1e-06,6.26e-06,6.44e-06,2557924207062.45,16955544.26
2025-10-31T00:00:00+00:00,PEPEUSD,6.44e-06,6.65e-06,6.41e-06,6.56e-06,1670498005490.04,10929670.06
2025-11-01T00:00:00+00:00,PEPEUSD,6.56e-06,6.73e-06,6.51e-06,6.7e-06,821265152646.86,5447421.32
2025-11-02T00:00:00+00:00,PEPEUSD,6.7e-06,6.75e-06,6.5e-06,6.71e-06,754849537910.6,5005086.51
2025-11-03T00:00:00+00:00,PEPEUSD,6.71e-06,6.71e-06,5.52e-06,5.72e-06,2809190214414.06,16713349.46
2025-11-04T00:00:00+00:00,PEPEUSD,5.72e-06,5.85e-06,5.22e-06,5.59e-06,4743593430800.42,26352541.78
2025-11-05T00:00:00+00:00,PEPEUSD,5.59e-06,5.82e-06,5.3e-06,5.76e-06,2202180748680,12406811.19
2025-11-06T00:00:00+00:00,PEPEUSD,5.76e-06,5.77e-06,5.27e-06,5.54e-06,1816556183638.09,10059153.69
2025-11-07T00:00:00+00:00,PEPEUSD,5.54e-06,6.35e-06,5.51e-06,6.19e-06,2254143576121.26,13263867.19
2025-11-08T00:00:00+00:00,PEPEUSD,6.19e-06,6.3e-06,5.95e-06,6.09e-06,1154481805223.47,7062750.87
2025-11-09T00:00:00+00:00,PEPEUSD,6.09e-06,6.18e-06,5.83e-06,6.07e-06,1118196969889.75,6746769.53
2025-11-10T00:00:00+00:00,PEPEUSD,6.07e-06,6.33e-06,6.01e-06,6.21e-06,1399389754101.03,8609051.23
2025-11-11T00:00:00+00:00,PEPEUSD,6.21e-06,6.35e-06,5.82e-06,5.83e-06,1382211168781.5,8359633.77
2025-11-12T00:00:00+00:00,PEPEUSD,5.83e-06,6.1e-06,5.65e-06,5.72e-06,1402400883455.82,8189940.65
2025-11-13T00:00:00+00:00,PEPEUSD,5.72e-06,5.98e-06,5.28e-06,5.42e-06,2035474514453.99,11516633.9
2025-11-14T00:00:00+00:00,PEPEUSD,5.42e-06,5.46e-06,4.79e-06,4.9e-06,3042902001267.74,15807383.91
2025-11-15T00:00:00+00:00,PEPEUSD,4.9e-06,5.14e-06,4.89e-06,4.99e-06,1114064939931.84,5601916.89
2025-11-16T00:00:00+00:00,PEPEUSD,4.99e-06,5.05e-06,4.67e-06,4.86e-06,2010286915939.97,9775480.68
2025-11-17T00:00:00+00:00,PEPEUSD,4.86e-06,5.06e-06,4.62e-06,4.71e-06,2063327147625.26,9941944.46
2025-11-18T00:00:00+00:00,PEPEUSD,4.71e-06,4.95e-06,4.61e-06,4.88e-06,2154640397222.45,10366800.27
2025-11-19T00:00:00+00:00,PEPEUSD,4.88e-06,4.89e-06,4.45e-06,4.76e-06,2462539735156.8,11513315.32
2025-11-20T00:00:00+00:00,PEPEUSD,4.76e-06,4.96e-06,4.43e-06,4.44e-06,2125209241586.55,9968736.15
2025-11-21T00:00:00+00:00,PEPEUSD,4.44e-06,4.55e-06,3.96e-06,4.12e-06,5099554265590.75,21437565.74
2025-11-22T00:00:00+00:00,PEPEUSD,4.12e-06,4.2e-06,3.97e-06,4.13e-06,2312711288134.9,9412124.08
2025-11-23T00:00:00+00:00,PEPEUSD,4.13e-06,4.25e-06,4.1e-06,4.17e-06,1920812884062.86,8020621.42
2025-11-24T00:00:00+00:00,PEPEUSD,4.17e-06,4.66e-06,4.11e-06,4.57e-06,2141736421835.89,9314784.2
2025-11-25T00:00:00+00:00,PEPEUSD,4.57e-06,4.65e-06,4.35e-06,4.57e-06,1505635196123.03,6754740.77
2025-11-26T00:00:00+00:00,PEPEUSD,4.57e-06,4.76e-06,4.43e-06,4.69e-06,1533498445185.96,7046638.1
2025-11-27T00:00:00+00:00,PEPEUSD,4.69e-06,4.85e-06,4.63e-06,4.71e-06,1328776376051.13,6244277.62
2025-11-28T00:00:00+00:00,PEPEUSD,4.71e-06,4.9e-06,4.59e-06,4.63e-06,1110967182630.05,5213975.14
2025-11-29T00:00:00+00:00,PEPEUSD,4.63e-06,4.65e-06,4.51e-06,4.57e-06,716205451767.45,3277783.59
2025-11-30T00:00:00+00:00,PEPEUSD,4.57e-06,4.7e-06,4.53e-06,4.53e-06,900780190733.09,4160591.38
2025-12-01T00:00:00+00:00,PEPEUSD,4.53e-06,4.56e-06,3.96e-06,4.05e-06,1648018733829.51,6811786.54
2025-12-02T00:00:00+00:00,PEPEUSD,4.05e-06,4.65e-06,3.99e-06,4.57e-06,1991420132629.21,8521445.56
2025-12-03T00:00:00+00:00,PEPEUSD,4.57e-06,4.86e-06,4.54e-06,4.8e-06,1713184347760.59,8077418.06
2025-12-04T00:00:00+00:00,PEPEUSD,4.8e-06,4.93e-06,4.69e-06,4.76e-06,1172184131591.52,5656775.94
2025-12-05T00:00:00+00:00,PEPEUSD,4.76e-06,4.82e-06,4.31e-06,4.39e-06,1267157067571.62,5751451.5
2025-12-06T00:00:00+00:00,PEPEUSD,4.39e-06,4.57e-06,4.34e-06,4.51e-06,889006459541,3943148.53
2025-12-07T00:00:00+00:00,PEPEUSD,4.51e-06,4.6e-06,4.3e-06,4.43e-06,1029104627071.48,4599774.76
2025-12-08T00:00:00+00:00,PEPEUSD,4.43e-06,5.03e-06,4.41e-06,4.75e-06,2102084013627.95,10057199.88
2025-12-09T00:00:00+00:00,PEPEUSD,4.75e-06,5.06e-06,4.55e-06,4.95e-06,2293804649601.06,11101706.09
2025-12-10T00:00:00+00:00,PEPEUSD,4.95e-06,4.96e-06,4.62e-06,4.65e-06,1664713544071.37,7973929.44
2025-12-11T00:00:00+00:00,PEPEUSD,4.65e-06,4.7e-06,4.37e-06,4.6e-06,1641287913948.87,7387993.89
2025-12-12T00:00:00+00:00,PEPEUSD,4.6e-06,4.65e-06,4.21e-06,4.32e-06,1143173187711.68,5029733.58
2025-12-13T00:00:00+00:00,PEPEUSD,4.32e-06,4.44e-06,4.32e-06,4.38e-06,502432895941.43,2200874.6
2025-12-14T00:00:00+00:00,PEPEUSD,4.38e-06,4.41e-06,4.11e-06,4.17e-06,754079737604.34,3194508.53
2025-12-15T00:00:00+00:00,PEPEUSD,4.17e-06,4.37e-06,3.94e-06,4.06e-06,1469155194318.79,6090283.23
2025-12-16T00:00:00+00:00,PEPEUSD,4.06e-06,4.15e-06,3.95e-06,4.09e-06,1160596617715.09,4697013.86
2025-12-17T00:00:00+00:00,PEPEUSD,4.09e-06,4.26e-06,3.84e-06,3.9e-06,1527529324414.1,6128124.7
2025-12-18T00:00:00+00:00,PEPEUSD,3.9e-06,4.01e-06,3.63e-06,3.72e-06,1853171475829.29,7092177.21
2025-12-19T00:00:00+00:00,PEPEUSD,3.72e-06,4.18e-06,3.66e-06,4.11e-06,1420208881678.63,5651581.35
2025-12-20T00:00:00+00:00,PEPEUSD,4.11e-06,4.14e-06,4.04e-06,4.08e-06,805928226543.05,3292731.8
2025-12-21T00:00:00+00:00,PEPEUSD,4.08e-06,4.11e-06,3.94e-06,4.02e-06,780060276772.26,3142737.72
2025-12-22T00:00:00+00:00,PEPEUSD,4.02e-06,4.14e-06,3.92e-06,4.01e-06,1278990804251.82,5129306.65
2025-12-23T00:00:00+00:00,PEPEUSD,4.01e-06,4.05e-06,3.87e-06,3.93e-06,833292990428.61,3298614.74
2025-12-24T00:00:00+00:00,PEPEUSD,3.93e-06,4e-06,3.84e-06,3.97e-06,733256187971.06,2868758.71
2025-12-25T00:00:00+00:00,PEPEUSD,3.97e-06,4.05e-06,3.88e-06,3.9e-06,624904348187.78,2492337.29
2025-12-26T00:00:00+00:00,PEPEUSD,3.9e-06,4.08e-06,3.87e-06,4.03e-06,882272545319.15,3532673.31
2025-12-27T00:00:00+00:00,PEPEUSD,4.03e-06,4.21e-06,4.01e-06,4.2e-06,852006847562.78,3486502.31
2025-12-28T00:00:00+00:00,PEPEUSD,4.2e-06,4.26e-06,4.12e-06,4.17e-06,767472594271.49,3203769.49
2025-12-29T00:00:00+00:00,PEPEUSD,4.17e-06,4.32e-06,4.05e-06,4.07e-06,1369072375297.82,5701180.03
2025-12-30T00:00:00+00:00,PEPEUSD,4.07e-06,4.22e-06,3.99e-06,4.14e-06,1201976623855.19,4930965.53
2025-12-31T00:00:00+00:00,PEPEUSD,4.14e-06,4.17e-06,3.98e-06,4.03e-06,1370320908327.11,5574736.9
2026-01-01T00:00:00+00:00,PEPEUSD,4.03e-06,4.97e-06,4.02e-06,4.92e-06,3723089685273.71,16844185.46
2026-01-02T00:00:00+00:00,PEPEUSD,4.92e-06,6.16e-06,4.81e-06,5.99e-06,11866584960465.6,65839880.08
2026-01-03T00:00:00+00:00,PEPEUSD,5.99e-06,6.3e-06,5.75e-06,6.09e-06,6634738548640.1,40330090.97
2026-01-04T00:00:00+00:00,PEPEUSD,6.09e-06,7.26e-06,6.08e-06,7.18e-06,9397313921823.38,63499325.29
2026-01-05T00:00:00+00:00,PEPEUSD,7.18e-06,7.25e-06,6.6e-06,7.01e-06,5189736055384.77,35839432.96
2026-01-06T00:00:00+00:00,PEPEUSD,7.01e-06,7.1e-06,6.35e-06,6.71e-06,4652111918818.43,31359150.24
2026-01-07T00:00:00+00:00,PEPEUSD,6.71e-06,7.09e-06,6.46e-06,6.56e-06,3543469633939.24,23690786.17
2026-01-08T00:00:00+00:00,PEPEUSD,6.56e-06,6.69e-06,5.99e-06,6.08e-06,3843771785625.8,24048979.11
2026-01-09T00:00:00+00:00,PEPEUSD,6.08e-06,6.42e-06,5.94e-06,6.1e-06,3241727016440.21,19900402.24
2026-01-10T00:00:00+00:00,PEPEUSD,6.1e-06,6.11e-06,5.86e-06,5.94e-06,1053157609816.98,6289496.42
2026-01-11T00:00:00+00:00,PEPEUSD,5.94e-06,6.05e-06,5.68e-06,5.8e-06,2462042769119.74,14468423.79
2026-01-12T00:00:00+00:00,PEPEUSD,5.8e-06,6.04e-06,5.7e-06,5.72e-06,2692561130507.87,15713756.85
2026-01-13T00:00:00+00:00,PEPEUSD,5.72e-06,6.61e-06,5.7e-06,6.58e-06,3929517722744.76,24080756.35
2026-01-14T00:00:00+00:00,PEPEUSD,6.58e-06,6.88e-06,6.15e-06,6.24e-06,6889178275462.69,45113271.05
2026-01-15T00:00:00+00:00,PEPEUSD,6.24e-06,6.27e-06,5.85e-06,5.91e-06,2519578953337.07,15119373.94
2026-01-16T00:00:00+00:00,PEPEUSD,5.91e-06,6e-06,5.73e-06,5.92e-06,2096967114975.2,12303275.65
2026-01-17T00:00:00+00:00,PEPEUSD,5.92e-06,5.96e-06,5.76e-06,5.8e-06,653545128856.06,3830324.15
2026-01-18T00:00:00+00:00,PEPEUSD,5.8e-06,5.84e-06,5.44e-06,5.46e-06,1554797406784.88,8842860.84
2026-01-19T00:00:00+00:00,PEPEUSD,5.46e-06,5.46e-06,4.94e-06,5.27e-06,3028342723324.78,15765790.47
2026-01-20T00:00:00+00:00,PEPEUSD,5.27e-06,5.28e-06,4.97e-06,4.99e-06,2720598042631.62,13883169.63
2026-01-21T00:00:00+00:00,PEPEUSD,4.99e-06,5.34e-06,4.82e-06,5.14e-06,5784104174019.17,29139173.94
2026-01-22T00:00:00+00:00,PEPEUSD,5.14e-06,5.25e-06,4.85e-06,4.94e-06,3030842935244.64,15136161.35
2026-01-23T00:00:00+00:00,PEPEUSD,4.94e-06,5.3e-06,4.86e-06,5.02e-06,2018997640528.71,10228030.76
2026-01-24T00:00:00+00:00,PEPEUSD,5.02e-06,5.12e-06,4.93e-06,5e-06,615607350063.58,3091402.24
2026-01-25T00:00:00+00:00,PEPEUSD,5e-06,5.04e-06,4.6e-06,4.7e-06,2630831854036.67,12814711.99
2026-01-26T00:00:00+00:00,PEPEUSD,4.7e-06,5.03e-06,4.7e-06,5.01e-06,1956346177557.3,9596023.03
2026-01-27T00:00:00+00:00,PEPEUSD,5.01e-06,5.25e-06,4.84e-06,5.01e-06,1870153277634.96,9422916.65
2026-01-28T00:00:00+00:00,PEPEUSD,5.01e-06,5.1e-06,4.91e-06,4.97e-06,1861777552844.86,9325568.02
2026-01-29T00:00:00+00:00,PEPEUSD,4.97e-06,4.98e-06,4.59e-06,4.73e-06,2083308545042.94,9924223.82
2026-01-30T00:00:00+00:00,PEPEUSD,4.73e-06,4.77e-06,4.5e-06,4.62e-06,1960611331874.74,9064524.02
2026-01-31T00:00:00+00:00,PEPEUSD,4.62e-06,4.63e-06,3.84e-06,4.15e-06,3302955760088.81,13862116.27
2026-02-01T00:00:00+00:00,PEPEUSD,4.15e-06,4.31e-06,4.07e-06,4.16e-06,2270507122199.46,9553190.71
2026-02-02T00:00:00+00:00,PEPEUSD,4.16e-06,4.38e-06,3.98e-06,4.24e-06,3468300290977.62,14622866.33
2026-02-03T00:00:00+00:00,PEPEUSD,4.24e-06,4.41e-06,4e-06,4.11e-06,3050687745684.45,12771055.1
2026-02-04T00:00:00+00:00,PEPEUSD,4.11e-06,4.31e-06,4e-06,4.2e-06,2574916612237.22,10720414.32
2026-02-05T00:00:00+00:00,PEPEUSD,4.2e-06,4.2e-06,3.4e-06,3.42e-06,4697198808499.89,17883750.91
2026-02-06T00:00:00+00:00,PEPEUSD,3.42e-06,4e-06,3.11e-06,3.91e-06,4120459555279.09,14900348.02
2026-02-07T00:00:00+00:00,PEPEUSD,3.91e-06,3.94e-06,3.73e-06,3.86e-06,1179048236709.14,4542950.9
2026-02-08T00:00:00+00:00,PEPEUSD,3.86e-06,3.93e-06,3.71e-06,3.78e-06,2819178279316.82,10783085.53
2026-02-09T00:00:00+00:00,PEPEUSD,3.78e-06,3.85e-06,3.62e-06,3.81e-06,1266597982383.33,4763456.88
2026-02-10T00:00:00+00:00,PEPEUSD,3.81e-06,3.84e-06,3.6e-06,3.64e-06,1271383906247.13,4676655.52
2026-02-11T00:00:00+00:00,PEPEUSD,3.64e-06,3.72e-06,3.46e-06,3.57e-06,1906670686247.26,6846902.53
2026-02-12T00:00:00+00:00,PEPEUSD,3.57e-06,3.76e-06,3.56e-06,3.72e-06,1275337551504.35,4668768.06
2026-02-13T00:00:00+00:00,PEPEUSD,3.72e-06,3.84e-06,3.63e-06,3.78e-06,1038709817558.85,3875522.63
2026-02-14T00:00:00+00:00,PEPEUSD,3.78e-06,5e-06,3.76e-06,4.83e-06,4974203314197.88,22439846.25
2026-02-15T00:00:00+00:00,PEPEUSD,4.83e-06,5.09e-06,4.34e-06,4.41e-06,4613691167693.64,21600701.22
2026-02-16T00:00:00+00:00,PEPEUSD,4.41e-06,4.57e-06,4.36e-06,4.48e-06,2238620407636.01,9995533.59
2026-02-17T00:00:00+00:00,PEPEUSD,4.48e-06,4.51e-06,4.29e-06,4.39e-06,1736484337954.25,7654750.59
2026-02-18T00:00:00+00:00,PEPEUSD,4.39e-06,4.42e-06,4.18e-06,4.23e-06,1479209196492.06,6350979.22
2026-02-19T00:00:00+00:00,PEPEUSD,4.23e-06,4.27e-06,4.12e-06,4.23e-06,855171865082.8,3592818.38
2026-02-20T00:00:00+00:00,PEPEUSD,4.23e-06,4.38e-06,4.05e-06,4.25e-06,1685927110535.27,7124587.28
2026-02-21T00:00:00+00:00,PEPEUSD,4.25e-06,4.4e-06,4.13e-06,4.15e-06,1112540976164.84,4741055.18
2026-02-22T00:00:00+00:00,PEPEUSD,4.15e-06,4.15e-06,3.99e-06,4.05e-06,757653249636.81,3078290.26
2026-02-23T00:00:00+00:00,PEPEUSD,4.05e-06,4.21e-06,3.85e-06,3.96e-06,1534577218285.95,6137170.38
2026-02-24T00:00:00+00:00,PEPEUSD,3.96e-06,4.01e-06,3.84e-06,3.94e-06,998788575041.59,3921912.09
2026-02-25T00:00:00+00:00,PEPEUSD,3.94e-06,4.45e-06,3.89e-06,4.14e-06,2614393879365.24,10933327.49
2026-02-26T00:00:00+00:00,PEPEUSD,4.14e-06,4.17e-06,3.78e-06,3.83e-06,1774916411184.2,6991781.1
2026-02-27T00:00:00+00:00,PEPEUSD,3.83e-06,3.92e-06,3.61e-06,3.69e-06,1607712112243.42,6037498.87
2026-02-28T00:00:00+00:00,PEPEUSD,3.69e-06,3.7e-06,3.42e-06,3.66e-06,1880642243681.79,6694123.05
2026-03-01T00:00:00+00:00,PEPEUSD,3.66e-06,3.78e-06,3.36e-06,3.45e-06,2049253937022.06,7274046.03
2026-03-02T00:00:00+00:00,PEPEUSD,3.45e-06,3.7e-06,3.37e-06,3.52e-06,2035842705569.77,7206193
2026-03-03T00:00:00+00:00,PEPEUSD,3.52e-06,3.55e-06,3.34e-06,3.46e-06,2216952265777.67,7652905.33
2026-03-04T00:00:00+00:00,PEPEUSD,3.46e-06,3.79e-06,3.4e-06,3.66e-06,2294115404446.4,8341856.27
2026-03-05T00:00:00+00:00,PEPEUSD,3.66e-06,3.66e-06,3.41e-06,3.48e-06,1556251410721.67,5498036.84
2026-03-06T00:00:00+00:00,PEPEUSD,3.48e-06,3.52e-06,3.3e-06,3.39e-06,1794545363305.75,6131570.55
2026-03-07T00:00:00+00:00,PEPEUSD,3.39e-06,3.42e-06,3.2e-06,3.25e-06,1440130918835.1,4745898.13
2026-03-08T00:00:00+00:00,PEPEUSD,3.25e-06,3.3e-06,3.13e-06,3.18e-06,1620928136840.24,5184066.3
2026-03-09T00:00:00+00:00,PEPEUSD,3.18e-06,3.38e-06,3.18e-06,3.27e-06,1876427202859.26,6161662.49
2026-03-10T00:00:00+00:00,PEPEUSD,3.27e-06,3.53e-06,3.26e-06,3.3e-06,2443258828712.45,8275355.75
2026-03-11T00:00:00+00:00,PEPEUSD,3.3e-06,3.4e-06,3.24e-06,3.33e-06,1625878107347.07,5427523.49
2026-03-12T00:00:00+00:00,PEPEUSD,3.33e-06,3.39e-06,3.25e-06,3.35e-06,1104540621178.93,3659513.03
2026-03-13T00:00:00+00:00,PEPEUSD,3.35e-06,3.68e-06,3.34e-06,3.38e-06,2740069299545.28,9581913.72
2026-03-14T00:00:00+00:00,PEPEUSD,3.38e-06,3.43e-06,3.3e-06,3.36e-06,1011883884767.5,3395907.38
2026-03-15T00:00:00+00:00,PEPEUSD,3.36e-06,3.46e-06,3.32e-06,3.45e-06,1004540466892.85,3398768.38
2026-03-16T00:00:00+00:00,PEPEUSD,3.45e-06,4.13e-06,3.45e-06,4e-06,6677285694677.71,26168651.85
2026-03-17T00:00:00+00:00,PEPEUSD,4e-06,4.02e-06,3.63e-06,3.67e-06,4575953671085.99,17250467.87
2026-03-18T00:00:00+00:00,PEPEUSD,3.67e-06,3.8e-06,3.43e-06,3.52e-06,4868327725922.86,17317050.44
2026-03-19T00:00:00+00:00,PEPEUSD,3.52e-06,3.57e-06,3.32e-06,3.42e-06,4545217753992.5,15461837.09
2026-03-20T00:00:00+00:00,PEPEUSD,3.42e-06,3.48e-06,3.37e-06,3.42e-06,1287563943148.53,4413705.62
2026-03-21T00:00:00+00:00,PEPEUSD,3.42e-06,3.46e-06,3.29e-06,3.32e-06,817367330911.41,2773664.98
2026-03-22T00:00:00+00:00,PEPEUSD,3.32e-06,3.37e-06,3.22e-06,3.28e-06,1378683178443.51,4546685.53
2026-03-23T00:00:00+00:00,PEPEUSD,3.28e-06,3.57e-06,3.24e-06,3.45e-06,2781167924477.05,9553309.35
2026-03-24T00:00:00+00:00,PEPEUSD,3.45e-06,3.54e-06,3.37e-06,3.53e-06,1272160192796.7,4367444.45
2026-03-25T00:00:00+00:00,PEPEUSD,3.53e-06,3.61e-06,3.49e-06,3.54e-06,1205788282399.06,4281294.72
2026-03-26T00:00:00+00:00,PEPEUSD,3.54e-06,3.54e-06,3.36e-06,3.4e-06,2373653864237.72,8111751.99
2026-03-27T00:00:00+00:00,PEPEUSD,3.4e-06,3.44e-06,3.25e-06,3.28e-06,3673590749650.99,12159168.57
2026-03-28T00:00:00+00:00,PEPEUSD,3.28e-06,3.41e-06,3.25e-06,3.28e-06,1177560362961.32,3889483.79
2026-03-29T00:00:00+00:00,PEPEUSD,3.28e-06,3.33e-06,3.17e-06,3.27e-06,921405851043.44,3005986.62
2026-03-30T00:00:00+00:00,PEPEUSD,3.27e-06,3.41e-06,3.27e-06,3.31e-06,1080372245913.07,3612599.78
2026-03-31T00:00:00+00:00,PEPEUSD,3.31e-06,3.43e-06,3.27e-06,3.4e-06,1242231378458.99,4177928.48
2026-04-01T00:00:00+00:00,PEPEUSD,3.4e-06,3.52e-06,3.36e-06,3.4e-06,1416455630580.4,4878288.42
2026-04-02T00:00:00+00:00,PEPEUSD,3.4e-06,3.45e-06,3.26e-06,3.34e-06,2403420805329.32,8013841.22
2026-04-03T00:00:00+00:00,PEPEUSD,3.34e-06,3.51e-06,3.31e-06,3.42e-06,1068082367834.51,3670199.02
2026-04-04T00:00:00+00:00,PEPEUSD,3.42e-06,3.46e-06,3.34e-06,3.4e-06,642108762614.69,2175977.67
2026-04-05T00:00:00+00:00,PEPEUSD,3.4e-06,3.5e-06,3.28e-06,3.49e-06,1411850367401.83,4725520.57
2026-04-06T00:00:00+00:00,PEPEUSD,3.49e-06,3.64e-06,3.31e-06,3.33e-06,2124755469924.58,7441141.22
2026-04-07T00:00:00+00:00,PEPEUSD,3.33e-06,3.78e-06,3.32e-06,3.72e-06,3526072448548,12307359.42
2026-04-08T00:00:00+00:00,PEPEUSD,3.72e-06,3.78e-06,3.52e-06,3.54e-06,2274498244003.22,8276184.5
2026-04-09T00:00:00+00:00,PEPEUSD,3.54e-06,3.67e-06,3.44e-06,3.51e-06,2184624653620.29,7719806.3
2026-04-10T00:00:00+00:00,PEPEUSD,3.51e-06,3.7e-06,3.46e-06,3.63e-06,2242718399919.9,8021131.36
2026-04-11T00:00:00+00:00,PEPEUSD,3.63e-06,3.85e-06,3.54e-06,3.64e-06,2041126915559.08,7511476.85
2026-04-12T00:00:00+00:00,PEPEUSD,3.64e-06,3.66e-06,3.45e-06,3.46e-06,1825636207327.54,6403329.41
2026-04-13T00:00:00+00:00,PEPEUSD,3.46e-06,3.76e-06,3.46e-06,3.75e-06,3723608416981.77,13327619.49
2026-04-14T00:00:00+00:00,PEPEUSD,3.75e-06,3.8e-06,3.56e-06,3.57e-06,3139019502457.09,11561626.83
2026-04-15T00:00:00+00:00,PEPEUSD,3.57e-06,3.8e-06,3.53e-06,3.72e-06,2143469859017.85,7867371.17
2026-04-16T00:00:00+00:00,PEPEUSD,3.72e-06,4.06e-06,3.7e-06,3.98e-06,6055673252531.39,23561420.2
2026-04-17T00:00:00+00:00,PEPEUSD,3.98e-06,4.12e-06,3.83e-06,3.96e-06,3739752716228.79,14969099.23
2026-04-18T00:00:00+00:00,PEPEUSD,3.96e-06,3.98e-06,3.75e-06,3.77e-06,1518864819442.12,5850156.73
2026-04-19T00:00:00+00:00,PEPEUSD,3.77e-06,3.85e-06,3.63e-06,3.65e-06,1903959503143.81,7109385.87
2026-04-20T00:00:00+00:00,PEPEUSD,3.65e-06,3.84e-06,3.64e-06,3.76e-06,1886820863933.01,7076878.46
2026-04-21T00:00:00+00:00,PEPEUSD,3.76e-06,3.84e-06,3.7e-06,3.81e-06,1763462858004.53,6653682.56
2026-04-22T00:00:00+00:00,PEPEUSD,3.81e-06,3.98e-06,3.78e-06,3.8e-06,2257783018370.28,8788646.48
2026-04-23T00:00:00+00:00,PEPEUSD,3.8e-06,3.86e-06,3.71e-06,3.83e-06,1257520029187.4,4758365.51
2026-04-24T00:00:00+00:00,PEPEUSD,3.83e-06,3.93e-06,3.79e-06,3.87e-06,3524788511356.54,13582924.04
2026-04-25T00:00:00+00:00,PEPEUSD,3.87e-06,3.9e-06,3.79e-06,3.85e-06,638725985077.48,2458597.88
2026-04-26T00:00:00+00:00,PEPEUSD,3.85e-06,3.95e-06,3.82e-06,3.89e-06,1234164770437.64,4807383.59
2026-04-27T00:00:00+00:00,PEPEUSD,3.89e-06,4.03e-06,3.76e-06,3.9e-06,3083070716283.87,11849066.62
2026-04-28T00:00:00+00:00,PEPEUSD,3.9e-06,3.91e-06,3.81e-06,3.88e-06,1234835481250.52,4771810.03
2026-04-29T00:00:00+00:00,PEPEUSD,3.88e-06,4.16e-06,3.74e-06,3.85e-06,2307886457720.04,9075696.32
2026-04-30T00:00:00+00:00,PEPEUSD,3.85e-06,3.94e-06,3.8e-06,3.87e-06,1961250755543.45,7608906.39
2026-05-01T00:00:00+00:00,PEPEUSD,3.87e-06,4.02e-06,3.87e-06,3.93e-06,1492784696875.71,5903673.69
2026-05-02T00:00:00+00:00,PEPEUSD,3.93e-06,4.02e-06,3.9e-06,4e-06,763915280059.85,3024369.15
2026-05-03T00:00:00+00:00,PEPEUSD,4e-06,4e-06,3.91e-06,3.94e-06,1494334862344.74,5924751.61
2026-05-04T00:00:00+00:00,PEPEUSD,3.94e-06,4.12e-06,3.9e-06,3.98e-06,3591561362033.37,14399060.62
2026-05-05T00:00:00+00:00,PEPEUSD,3.98e-06,4.23e-06,3.98e-06,4.11e-06,3737831238156.11,15402097.87
2026-05-06T00:00:00+00:00,PEPEUSD,4.11e-06,4.28e-06,4.08e-06,4.16e-06,4415848239147.34,18449428.66
2026-05-07T00:00:00+00:00,PEPEUSD,4.16e-06,4.27e-06,4.08e-06,4.15e-06,2284890365597.08,9508043.59
2026-05-08T00:00:00+00:00,PEPEUSD,4.15e-06,4.19e-06,4.08e-06,4.17e-06,6248106999957.85,26060082.69
2023-05-01T00:00:00+00:00,BTCUSD,29236.81,29340.45,27680.56,28086.77,43941.31,1246630368.83
2023-05-02T00:00:00+00:00,BTCUSD,28086.77,28895.93,27899.16,28694.7,32659.37,927486609.7
2023-05-03T00:00:00+00:00,BTCUSD,28694.7,29278.11,28151.97,29041.65,40257.03,1150554649.51
2023-05-04T00:00:00+00:00,BTCUSD,29041.65,29376.48,28702.7,28865.72,27573.93,799149017.42
2023-05-05T00:00:00+00:00,BTCUSD,28865.72,29701.05,28852.44,29548.51,35426.26,1039027772.96
2023-05-06T00:00:00+00:00,BTCUSD,29548.51,29853.13,28449.95,28943.98,24527.41,713641803.94
2023-05-07T00:00:00+00:00,BTCUSD,28943.98,29212.06,28547.22,28572.81,16604.62,480627306.93
2023-05-08T00:00:00+00:00,BTCUSD,28572.81,28786.01,27396.42,27783.42,40605.62,1136175854.67
2023-05-09T00:00:00+00:00,BTCUSD,27783.42,27963.87,27510.12,27680.21,22925.76,634693185.14
2023-05-10T00:00:00+00:00,BTCUSD,27680.21,28330.36,26840.62,27628.73,41945.8,1162217682.96
2023-05-11T00:00:00+00:00,BTCUSD,27628.73,27642.56,26731.83,26991.62,29504.51,802346192.21
2023-05-12T00:00:00+00:00,BTCUSD,26991.62,27092.93,25833.3,26807.09,42526.8,1123450368.34
2023-05-13T00:00:00+00:00,BTCUSD,26807.09,27043.5,26705.45,26788.88,12502.23,335722601.8
2023-05-14T00:00:00+00:00,BTCUSD,26788.88,27189.55,26611.92,26931.44,11877.98,319668371.39
2023-05-15T00:00:00+00:00,BTCUSD,26931.44,27668.19,26759.29,27176.27,27959.1,764041771.98
2023-05-16T00:00:00+00:00,BTCUSD,27176.27,27304.97,26869.45,27036.57,23994.43,649282623.49
2023-05-17T00:00:00+00:00,BTCUSD,27036.57,27488.05,26565.39,27406.21,29196.37,788279620.49
2023-05-18T00:00:00+00:00,BTCUSD,27406.21,27476.67,26379.63,26823.31,27707.43,749234030.86
2023-05-19T00:00:00+00:00,BTCUSD,26823.31,27178.6,26668.92,26888.42,16460.59,442561192
2023-05-20T00:00:00+00:00,BTCUSD,26888.42,27164.5,26840.23,27118.54,7375.52,199050865.32
2023-05-21T00:00:00+00:00,BTCUSD,27118.54,27280.07,26691.06,26755.17,11973.11,322799242.35
2023-05-22T00:00:00+00:00,BTCUSD,26755.17,27084.08,26548.27,26855.4,17684.89,474287648.56
2023-05-23T00:00:00+00:00,BTCUSD,26855.4,27480.33,26808.03,27224.7,21235.04,578611517.74
2023-05-24T00:00:00+00:00,BTCUSD,27224.7,27225.89,26092.06,26326.17,31836.22,843296169.29
2023-05-25T00:00:00+00:00,BTCUSD,26326.17,26605.5,25882.27,26480.21,22984.71,604389199.53
2023-05-26T00:00:00+00:00,BTCUSD,26480.21,26940.67,26338.96,26719.7,20356.54,542617989.88
2023-05-27T00:00:00+00:00,BTCUSD,26719.7,26902.14,26585.34,26872.59,7427.77,198605797.63
2023-05-28T00:00:00+00:00,BTCUSD,26872.59,28249.51,26789.58,28077.57,19785.88,543751511.42
2023-05-29T00:00:00+00:00,BTCUSD,28077.57,28450.88,27546.65,27746.07,21644.99,604161699.4
2023-05-30T00:00:00+00:00,BTCUSD,27746.07,28052.68,27568.98,27703.56,23615.79,656814149.04
2023-05-31T00:00:00+00:00,BTCUSD,27703.56,27836.82,26853.57,27220.17,28352.48,770131646.3
2023-06-01T00:00:00+00:00,BTCUSD,27220.17,27347.94,26628.22,26825.73,23979.7,645324727.67
2023-06-02T00:00:00+00:00,BTCUSD,26825.73,27305,26519.23,27251.14,23786.38,643162971
2023-06-03T00:00:00+00:00,BTCUSD,27251.14,27330.86,26946.35,27078.3,8092.89,219785033.16
2023-06-04T00:00:00+00:00,BTCUSD,27078.3,27451.16,26964.17,27125.24,9147.43,248793311.51
2023-06-05T00:00:00+00:00,BTCUSD,27125.24,27135.1,25411.77,25740.46,37219.66,973121005.98
2023-06-06T00:00:00+00:00,BTCUSD,25740.46,27379.88,25380.61,27269.02,38336.34,1007782393.96
2023-06-07T00:00:00+00:00,BTCUSD,27269.02,27423.02,26132.38,26348.91,30599.1,816508052.84
2023-06-08T00:00:00+00:00,BTCUSD,26348.91,26816.33,26225.25,26509.09,15156.05,401604313
2023-06-09T00:00:00+00:00,BTCUSD,26509.09,26777.91,26290.32,26483.81,16583.88,439912147.38
2023-06-10T00:00:00+00:00,BTCUSD,26483.81,26533.58,25424.05,25856.18,31361.96,809187356.13
2023-06-11T00:00:00+00:00,BTCUSD,25856.18,26214.2,25655.94,25937.58,13172.72,341057974.45
2023-06-12T00:00:00+00:00,BTCUSD,25937.58,26099.5,25629.48,25905.64,17060.82,441188405.58
2023-06-13T00:00:00+00:00,BTCUSD,25905.64,26425.22,25717.6,25928.94,23047.35,599487905.69
2023-06-14T00:00:00+00:00,BTCUSD,25928.94,26074.14,24836.48,25125.73,26761.01,684056303.1
2023-06-15T00:00:00+00:00,BTCUSD,25125.73,25740.96,24765.75,25574.36,32804.74,824201465.11
2023-06-16T00:00:00+00:00,BTCUSD,25574.36,26479.27,25205.5,26330.59,27648.16,715401866.52
2023-06-17T00:00:00+00:00,BTCUSD,26330.59,26780.79,26170.91,26510.43,12515.48,331591669.75
2023-06-18T00:00:00+00:00,BTCUSD,26510.43,26686.77,26260.74,26338,9378.95,248624880.04
2023-06-19T00:00:00+00:00,BTCUSD,26338,27036.32,26265.34,26842.09,17956.62,477713441.96
2023-06-20T00:00:00+00:00,BTCUSD,26842.09,28407.13,26648.29,28319.35,45985.63,1265530107.38
2023-06-21T00:00:00+00:00,BTCUSD,28319.35,30780.84,28276.59,30000.55,57981.94,1710075101.48
2023-06-22T00:00:00+00:00,BTCUSD,30000.55,30499.85,29611.53,29892.81,34380.15,1034077333.64
2023-06-23T00:00:00+00:00,BTCUSD,29892.81,31416.26,29818.21,30705.39,41294.22,1263857697.39
2023-06-24T00:00:00+00:00,BTCUSD,30705.39,30811.37,30276.97,30548.2,13046.45,399256498.04
2023-06-25T00:00:00+00:00,BTCUSD,30548.2,31051.66,30297.61,30473.64,13393.19,410384145.76
2023-06-26T00:00:00+00:00,BTCUSD,30473.64,30658.58,29930.89,30271.91,21681.68,656487409.95
2023-06-27T00:00:00+00:00,BTCUSD,30271.91,31013.13,30232.66,30696.99,22312.5,683163079.08
2023-06-28T00:00:00+00:00,BTCUSD,30696.99,30714.46,29862.15,30078.9,19096.02,577536151.3
2023-06-29T00:00:00+00:00,BTCUSD,30078.9,30833.99,30043.07,30447.17,21447.12,654120553.86
2023-06-30T00:00:00+00:00,BTCUSD,30447.17,31272.25,29465.7,30471.06,47299.15,1438707503.25
2023-07-01T00:00:00+00:00,BTCUSD,30471.06,30653.27,30321.27,30590.76,7261.71,221634243.18
2023-07-02T00:00:00+00:00,BTCUSD,30590.76,30788.75,30181.34,30617.66,8660.66,264438993.35
2023-07-03T00:00:00+00:00,BTCUSD,30617.66,31388.17,30575.7,31160.24,19619.43,606995802.76
2023-07-04T00:00:00+00:00,BTCUSD,31160.24,31331.3,30638.68,30774.39,13276.48,411450957.26
2023-07-05T00:00:00+00:00,BTCUSD,30774.39,30877.17,30201.06,30503.07,15878.7,484235780.2
2023-07-06T00:00:00+00:00,BTCUSD,30503.07,31521.11,29869.18,29907.98,30802.77,942103548.67
2023-07-07T00:00:00+00:00,BTCUSD,29907.98,30450.48,29725.12,30349.69,19368.34,584908167.72
2023-07-08T00:00:00+00:00,BTCUSD,30349.69,30383.67,30056.18,30294.36,6360.91,192238272.3
2023-07-09T00:00:00+00:00,BTCUSD,30294.36,30441,30074.68,30171.49,7139.62,216124236.01
2023-07-10T00:00:00+00:00,BTCUSD,30171.49,31045.4,29964.03,30421.04,22193.83,674592681.26
2023-07-11T00:00:00+00:00,BTCUSD,30421.04,30805.91,30314.1,30626.62,17665.77,539220942.45
2023-07-12T00:00:00+00:00,BTCUSD,30626.62,30977.57,30214.19,30385.22,24693.12,755704294.14
2023-07-13T00:00:00+00:00,BTCUSD,30385.22,31844.94,30259.09,31475.78,42344.72,1314075890.88
2023-07-14T00:00:00+00:00,BTCUSD,31475.78,31636.78,29929.3,30331.09,33129,1021600213.08
2023-07-15T00:00:00+00:00,BTCUSD,30331.09,30403.12,30258.91,30298.45,4925.15,149344124.18
2023-07-16T00:00:00+00:00,BTCUSD,30298.45,30450.66,30083.92,30248.17,7411.25,224532522.64
2023-07-17T00:00:00+00:00,BTCUSD,30248.17,30340.04,29675.15,30147.68,18560.1,558752237.54
2023-07-18T00:00:00+00:00,BTCUSD,30147.68,30244.13,29538.16,29863.79,18759.37,560798877.42
2023-07-19T00:00:00+00:00,BTCUSD,29863.79,30193.82,29765.06,29918.6,14893.37,446435257.92
2023-07-20T00:00:00+00:00,BTCUSD,29918.6,30417.9,29577.88,29809.61,19269.41,577250260.25
2023-07-21T00:00:00+00:00,BTCUSD,29809.61,30060.04,29737.09,29911.46,13254.74,395907301.04
2023-07-22T00:00:00+00:00,BTCUSD,29911.46,30000.3,29635.44,29791.61,6111.68,182484169.27
2023-07-23T00:00:00+00:00,BTCUSD,29791.61,30345.9,29738.58,30085.68,8140.53,244328645.64
2023-07-24T00:00:00+00:00,BTCUSD,30085.68,30097.78,28860.94,29181.04,25436.68,744538575.95
2023-07-25T00:00:00+00:00,BTCUSD,29181.04,29367.59,29054.49,29226.63,12141.51,354541899.17
2023-07-26T00:00:00+00:00,BTCUSD,29226.63,29682.98,29098.81,29352.06,16583.36,486510821.91
2023-07-27T00:00:00+00:00,BTCUSD,29352.06,29566.99,29082.04,29217.05,12727.55,373268935.18
2023-07-28T00:00:00+00:00,BTCUSD,29217.05,29528.45,29121.24,29316.82,11707.43,342975082.63
2023-07-29T00:00:00+00:00,BTCUSD,29316.82,29406.57,29258.14,29358.76,4989.17,146316009.97
2023-07-30T00:00:00+00:00,BTCUSD,29358.76,29449.84,29043.43,29283.34,7661.41,224246250.77
2023-07-31T00:00:00+00:00,BTCUSD,29283.34,29524.99,29108.82,29231.47,14553.25,426457343.16
2023-08-01T00:00:00+00:00,BTCUSD,29231.47,29721.48,28564.09,29699.74,28319.33,822433494.24
2023-08-02T00:00:00+00:00,BTCUSD,29699.74,30029.06,28914.46,29163.69,28507.89,838251477.68
2023-08-03T00:00:00+00:00,BTCUSD,29163.69,29397.03,28945.61,29177.75,15427.08,450334651.17
2023-08-04T00:00:00+00:00,BTCUSD,29177.75,29308.95,28794.51,29078.51,12900.38,375805085.38
2023-08-05T00:00:00+00:00,BTCUSD,29078.51,29111.36,28953.98,29050.34,4135,120051247.27
2023-08-06T00:00:00+00:00,BTCUSD,29050.34,29164.68,28962.89,29046.16,4361.16,126689336.09
2023-08-07T00:00:00+00:00,BTCUSD,29046.16,29245.27,28672.37,29182.16,16388.65,475156597.17
2023-08-08T00:00:00+00:00,BTCUSD,29182.16,30210.36,29111.88,29770.51,26561.94,786792606.34
2023-08-09T00:00:00+00:00,BTCUSD,29770.51,30120.86,29356.43,29566.47,17933.09,532770863.32
2023-08-10T00:00:00+00:00,BTCUSD,29566.47,29707.55,29319.58,29428.1,12722.06,375142806.93
2023-08-11T00:00:00+00:00,BTCUSD,29428.1,29535.4,29219.56,29403.56,10550.47,310027638.11
2023-08-12T00:00:00+00:00,BTCUSD,29403.56,29471.12,29356.08,29417.08,3495.96,102819295.5
2023-08-13T00:00:00+00:00,BTCUSD,29417.08,29447.27,29257.12,29281.55,3928.8,115373186.78
2023-08-14T00:00:00+00:00,BTCUSD,29281.55,29664.61,29082.39,29409.22,12333.02,362522208.47
2023-08-15T00:00:00+00:00,BTCUSD,29409.22,29460.86,29056.77,29171.23,10214.85,299026558.28
2023-08-16T00:00:00+00:00,BTCUSD,29171.23,29228.22,28696.21,28702.8,16506.96,479152538.98
2023-08-17T00:00:00+00:00,BTCUSD,28702.8,28752.02,25328.06,26629.67,50603.71,1394530695.43
2023-08-18T00:00:00+00:00,BTCUSD,26629.67,26823.13,25629.62,26049.69,33853.32,888090076.41
2023-08-19T00:00:00+00:00,BTCUSD,26049.69,26266.25,25797.39,26095.8,10190.62,265159375.46
2023-08-20T00:00:00+00:00,BTCUSD,26095.8,26291.33,25983.85,26191.01,7358.66,192271431.08
2023-08-21T00:00:00+00:00,BTCUSD,26191.01,26248.2,25819.92,26126.18,16512.71,430024076.12
2023-08-22T00:00:00+00:00,BTCUSD,26126.18,26137.6,25369.8,26043.01,19880.36,514473682.56
2023-08-23T00:00:00+00:00,BTCUSD,26043.01,26807.82,25802.48,26429.4,25584.15,672652092.31
2023-08-24T00:00:00+00:00,BTCUSD,26429.4,26565.88,25859.32,26166.22,17135.14,449180401.68
2023-08-25T00:00:00+00:00,BTCUSD,26166.22,26291.13,25759.58,26051.29,18808.91,489263026.85
2023-08-26T00:00:00+00:00,BTCUSD,26051.29,26109.19,25979.58,26010.35,3572.84,93024725.64
2023-08-27T00:00:00+00:00,BTCUSD,26010.35,26168.79,25966.75,26091.32,4137.97,107924452.3
2023-08-28T00:00:00+00:00,BTCUSD,26091.32,26233.53,25861.84,26106,11633.38,302943657.3
2023-08-29T00:00:00+00:00,BTCUSD,26106,28154.08,25911.89,27724.41,39870.36,1089036684.85
2023-08-30T00:00:00+00:00,BTCUSD,27724.41,27766.41,27036.49,27305.41,19031.6,520197058
2023-08-31T00:00:00+00:00,BTCUSD,27305.41,27563.68,25683.18,25937.29,27850.06,741278108.53
2023-09-01T00:00:00+00:00,BTCUSD,25937.29,26137.14,25323.44,25798.79,24807.18,639696809.37
2023-09-02T00:00:00+00:00,BTCUSD,25798.79,25980.31,25729.66,25868.56,7017.96,181289556.36
2023-09-03T00:00:00+00:00,BTCUSD,25868.56,26115.72,25805.82,25971.37,6190.05,160541183.85
2023-09-04T00:00:00+00:00,BTCUSD,25971.37,26089.36,25636.28,25816.24,8832.41,228454428.06
2023-09-05T00:00:00+00:00,BTCUSD,25816.24,25878.61,25567.56,25785.01,10888.31,280146729.52
2023-09-06T00:00:00+00:00,BTCUSD,25785.01,26019.64,25379.85,25751.71,15183.61,390027105.24
2023-09-07T00:00:00+00:00,BTCUSD,25751.71,26426.41,25600.8,26264.75,18952.45,491838528.79
2023-09-08T00:00:00+00:00,BTCUSD,26264.75,26443.61,25650.9,25907.13,18556.34,482397556.59
2023-09-09T00:00:00+00:00,BTCUSD,25907.13,25936.62,25799.89,25898.41,4094.4,105931726.4
2023-09-10T00:00:00+00:00,BTCUSD,25898.41,26020.84,25589.02,25833.67,8434.22,217583144.54
2023-09-11T00:00:00+00:00,BTCUSD,25833.67,25889.38,24911.78,25157.07,24481.75,619642052.88
2023-09-12T00:00:00+00:00,BTCUSD,25157.07,26545.24,25128.37,25840.34,36111.44,937711286.48
2023-09-13T00:00:00+00:00,BTCUSD,25840.34,26432.59,25768.65,26227.49,18955.32,495397769.94
2023-09-14T00:00:00+00:00,BTCUSD,26227.49,26845.74,26136.39,26533.66,24488.8,649517751.61
2023-09-15T00:00:00+00:00,BTCUSD,26533.66,26879.57,26224.91,26605.49,17339,459310066.65
2023-09-16T00:00:00+00:00,BTCUSD,26605.49,26771.68,26459.99,26569.13,7062.9,187703875.45
2023-09-17T00:00:00+00:00,BTCUSD,26569.13,26621.93,26413.39,26533.12,5698.34,151125765.17
2023-09-18T00:00:00+00:00,BTCUSD,26533.12,27425.7,26394.81,26767.82,29536.95,797114111.3
2023-09-19T00:00:00+00:00,BTCUSD,26767.82,27493.85,26676.6,27219.02,24703.82,670630172.73
2023-09-20T00:00:00+00:00,BTCUSD,27219.02,27389.22,26814.07,27126.4,21439.58,581302466.15
2023-09-21T00:00:00+00:00,BTCUSD,27126.4,27162,26373.55,26567.47,20948.1,559336631.68
2023-09-22T00:00:00+00:00,BTCUSD,26567.47,26738.04,26478.87,26583.16,15354.82,408613785.26
2023-09-23T00:00:00+00:00,BTCUSD,26583.16,26640.84,26522.49,26585.41,5251.29,139605320.21
2023-09-24T00:00:00+00:00,BTCUSD,26585.41,26732.91,26146.79,26261.44,9848.35,260953441.64
2023-09-25T00:00:00+00:00,BTCUSD,26261.44,26439.02,25997.17,26297.93,19804.27,518905094.49
2023-09-26T00:00:00+00:00,BTCUSD,26297.93,26395.42,26090.75,26212.59,12902.09,338286231.16
2023-09-27T00:00:00+00:00,BTCUSD,26212.59,26828.5,26096.78,26360.2,24188.11,638562791.04
2023-09-28T00:00:00+00:00,BTCUSD,26360.2,27306.05,26328.53,27027.2,30832.51,827813877.45
2023-09-29T00:00:00+00:00,BTCUSD,27027.2,27233.94,26674.22,26909.4,21721.72,585322764.87
2023-09-30T00:00:00+00:00,BTCUSD,26909.4,27095.39,26887.09,26964.27,7260.78,195916128.74
2023-10-01T00:00:00+00:00,BTCUSD,26964.27,28060.49,26958.76,27994.51,16861.15,464200302.08
2023-10-02T00:00:00+00:00,BTCUSD,27994.51,28585.13,27312.81,27507.22,42701.42,1198411956.48
2023-10-03T00:00:00+00:00,BTCUSD,27507.22,27669.05,27170.07,27428.66,22621.25,620603083.21
2023-10-04T00:00:00+00:00,BTCUSD,27428.66,27836.54,27222.97,27789.8,18061.23,497243557.18
2023-10-05T00:00:00+00:00,BTCUSD,27789.8,28128.37,27363.01,27414.59,25127.82,696054430.54
2023-10-06T00:00:00+00:00,BTCUSD,27414.59,28280.04,27181.63,27946.61,25278.57,701648471.47
2023-10-07T00:00:00+00:00,BTCUSD,27946.61,28035.05,27864.11,27973.69,7351.08,205394649
2023-10-08T00:00:00+00:00,BTCUSD,27973.69,28105.36,27714.35,27933.57,8547.03,238690010.87
2023-10-09T00:00:00+00:00,BTCUSD,27933.57,27999.8,27282.89,27598.77,21887.87,603964078.09
2023-10-10T00:00:00+00:00,BTCUSD,27598.77,27735.72,27298.5,27395.4,18600.95,511109469.33
2023-10-11T00:00:00+00:00,BTCUSD,27395.4,27475.69,26531.55,26871.21,30496.51,821395574.15
2023-10-12T00:00:00+00:00,BTCUSD,26871.21,26937.98,26549.78,26756.23,16400.37,438531983.5
2023-10-13T00:00:00+00:00,BTCUSD,26756.23,27110.91,26674.97,26862.9,18507.04,496779424.55
2023-10-14T00:00:00+00:00,BTCUSD,26862.9,26982.78,26810.02,26854.52,5865.21,157685357.78
2023-10-15T00:00:00+00:00,BTCUSD,26854.52,27297.26,26813.06,27177.41,10978.68,297110024.59
2023-10-16T00:00:00+00:00,BTCUSD,27177.41,30009.15,27131.48,28518.37,66720.48,1884462991.7
2023-10-17T00:00:00+00:00,BTCUSD,28518.37,28628.83,28094.14,28409.46,26038.83,739741149.31
2023-10-18T00:00:00+00:00,BTCUSD,28409.46,28988.79,28156.7,28328.07,23999.55,682875511.71
2023-10-19T00:00:00+00:00,BTCUSD,28328.07,28927.17,28135.5,28733.78,25550.36,730081363.3
2023-10-20T00:00:00+00:00,BTCUSD,28733.78,30243.12,28596.96,29684.37,42016.08,1241026952.55
2023-10-21T00:00:00+00:00,BTCUSD,29684.37,30365.61,29480.22,29924.08,15637.83,467626116.49
2023-10-22T00:00:00+00:00,BTCUSD,29924.08,30232.64,29674.58,30001.44,13845.91,414432274.92
2023-10-23T00:00:00+00:00,BTCUSD,30001.44,34739.17,29898.26,33084.08,73249.41,2308556876.22
2023-10-24T00:00:00+00:00,BTCUSD,33084.08,35183.22,32857.8,33923.52,75112.67,2559949343.79
2023-10-25T00:00:00+00:00,BTCUSD,33923.52,35136.87,33698.9,34503.4,43002.87,1481128342.82
2023-10-26T00:00:00+00:00,BTCUSD,34503.4,34836.51,33746.16,34157.06,36463.09,1248469956.72
2023-10-27T00:00:00+00:00,BTCUSD,34157.06,34246.78,33406.13,33907.7,30792.41,1044635721.14
2023-10-28T00:00:00+00:00,BTCUSD,33907.7,34494.4,33876.07,34090.05,10888.97,371696781.35
2023-10-29T00:00:00+00:00,BTCUSD,34090.05,34761.09,33947.8,34535.38,13639.48,469534963.71
2023-10-30T00:00:00+00:00,BTCUSD,34535.38,34862.12,34090.22,34494.56,23948.89,825552244.82
2023-10-31T00:00:00+00:00,BTCUSD,34494.56,34726.05,34058.4,34657.73,21982.74,756326173.72
2023-11-01T00:00:00+00:00,BTCUSD,34657.73,35623.76,34096.9,35439.76,34274.26,1190955576.06
2023-11-02T00:00:00+00:00,BTCUSD,35439.76,35973.2,34323.19,34947.15,31205.25,1097011932.14
2023-11-03T00:00:00+00:00,BTCUSD,34947.15,34950.21,34118.29,34732.28,27811.97,960199464.71
2023-11-04T00:00:00+00:00,BTCUSD,34732.28,35278.07,34606.38,35086.09,10840.41,377653497.47
2023-11-05T00:00:00+00:00,BTCUSD,35086.09,35393.84,34489.02,35039.47,15210.52,533016306.01
2023-11-06T00:00:00+00:00,BTCUSD,35039.47,35288.36,34758.64,35054.59,17520.44,613732584.95
2023-11-07T00:00:00+00:00,BTCUSD,35054.59,35929.83,34537.87,35421.85,28810.78,1012278827.62
2023-11-08T00:00:00+00:00,BTCUSD,35421.85,36109.43,35120.46,35638.33,26404.64,937630450.49
2023-11-09T00:00:00+00:00,BTCUSD,35638.33,37990.51,35557.78,36704.14,62530.57,2296501186.4
2023-11-10T00:00:00+00:00,BTCUSD,36704.14,37536.44,36342.27,37321.51,32545.3,1206040827.09
2023-11-11T00:00:00+00:00,BTCUSD,37321.51,37417.29,36701.83,37142.22,14920.5,553215494.09
2023-11-12T00:00:00+00:00,BTCUSD,37142.22,37233.45,36747.05,37079.76,9320.87,345567975.97
2023-11-13T00:00:00+00:00,BTCUSD,37079.76,37429.52,36358,36482.51,24368.53,897671274.64
2023-11-14T00:00:00+00:00,BTCUSD,36482.51,36752.31,34788.17,35551.21,33896.65,1219819360.84
2023-11-15T00:00:00+00:00,BTCUSD,35551.21,37977.31,35374.22,37884.19,39005.98,1436101057.95
2023-11-16T00:00:00+00:00,BTCUSD,37884.19,37951.14,35512.38,36162.42,38917.77,1428319260.74
2023-11-17T00:00:00+00:00,BTCUSD,36162.42,36780.63,35873.7,36626.32,28253.69,1027029255.11
2023-11-18T00:00:00+00:00,BTCUSD,36626.32,36853.45,36212.85,36591.19,8649.03,316037508.01
2023-11-19T00:00:00+00:00,BTCUSD,36591.19,37529.1,36411.61,37388.64,11668.93,430198062.65
2023-11-20T00:00:00+00:00,BTCUSD,37388.64,37770.11,36767.05,37476.66,31117.45,1162294169.25
2023-11-21T00:00:00+00:00,BTCUSD,37476.66,37665.29,35753.93,35758.72,42793.3,1579350547.76
2023-11-22T00:00:00+00:00,BTCUSD,35758.72,37866.63,35656.41,37424.2,36262.61,1335151412.8
2023-11-23T00:00:00+00:00,BTCUSD,37424.2,37646.06,36892.34,37299.18,16793.76,626668140.1
2023-11-24T00:00:00+00:00,BTCUSD,37299.18,38432.07,37262.39,37737.05,34951.5,1322597274.57
2023-11-25T00:00:00+00:00,BTCUSD,37737.05,37907.84,37616.03,37801.92,8271.55,312424824.64
2023-11-26T00:00:00+00:00,BTCUSD,37801.92,37829.46,37159.52,37460.21,12751.26,478214999.45
2023-11-27T00:00:00+00:00,BTCUSD,37460.21,37568.17,36727.3,37246.29,24674.21,914744666.52
2023-11-28T00:00:00+00:00,BTCUSD,37246.29,38410.41,36879.99,37836.63,33506.06,1265755538.49
2023-11-29T00:00:00+00:00,BTCUSD,37836.63,38456.97,37589.12,37861.9,27433.75,1041457987.13
2023-11-30T00:00:00+00:00,BTCUSD,37861.9,38149.78,37505.7,37729.58,16874.61,637264648.28
2023-12-01T00:00:00+00:00,BTCUSD,37729.58,38982.35,37626.12,38699.84,32942.59,1268612412.23
2023-12-02T00:00:00+00:00,BTCUSD,38699.84,39712.52,38659.45,39469.35,17299.38,677167721.21
2023-12-03T00:00:00+00:00,BTCUSD,39469.35,40203.23,39288.91,39980.93,16087.63,638707315.07
2023-12-04T00:00:00+00:00,BTCUSD,39980.93,42399.42,39980.36,41984.41,48574.89,2012390115.57
2023-12-05T00:00:00+00:00,BTCUSD,41984.41,44639.18,41368.51,44089.06,52083.86,2234743414.43
2023-12-06T00:00:00+00:00,BTCUSD,44089.06,44286.67,43386.17,43771.01,39080.76,1715623988.73
2023-12-07T00:00:00+00:00,BTCUSD,43771.01,44050.53,42856.57,43285.02,30381.14,1320509439.92
2023-12-08T00:00:00+00:00,BTCUSD,43285.02,44735.52,43094.02,44186.18,29502.75,1292562850.41
2023-12-09T00:00:00+00:00,BTCUSD,44186.18,44373.02,43597.57,43723,15066.31,662982186.27
2023-12-10T00:00:00+00:00,BTCUSD,43723,44047.82,43584.51,43791.67,11497.59,503801762.3
2023-12-11T00:00:00+00:00,BTCUSD,43791.67,43808.9,40180.77,41235.58,58689.61,2446801856.72
2023-12-12T00:00:00+00:00,BTCUSD,41235.58,42080.61,40648.18,41472.94,31480.37,1305859570.88
2023-12-13T00:00:00+00:00,BTCUSD,41472.94,43461.75,40579.83,42887.55,36203.68,1517574126.2
2023-12-14T00:00:00+00:00,BTCUSD,42887.55,43416.91,41433.23,43030.6,34166.34,1460749070.58
2023-12-15T00:00:00+00:00,BTCUSD,43030.6,43091.28,41662.1,41939.16,25157.34,1065004798.33
2023-12-16T00:00:00+00:00,BTCUSD,41939.16,42678.86,41640.84,42243.26,13495.73,570286280.98
2023-12-17T00:00:00+00:00,BTCUSD,42243.26,42372.05,41228.17,41349.42,18460.88,772939037.53
2023-12-18T00:00:00+00:00,BTCUSD,41349.42,42744.41,40512.69,42650.27,32860.71,1362661202.35
2023-12-19T00:00:00+00:00,BTCUSD,42650.27,43454.44,41796.54,42268.08,30940.15,1318306822.38
2023-12-20T00:00:00+00:00,BTCUSD,42268.08,44303.12,42195.52,43669.91,41481.09,1805958609.9
2023-12-21T00:00:00+00:00,BTCUSD,43669.91,44245.16,43306.15,43875.01,29872.95,1306652594.38
2023-12-22T00:00:00+00:00,BTCUSD,43875.01,44417.78,43426.51,44008.04,24740.39,1084076406.5
2023-12-23T00:00:00+00:00,BTCUSD,44008.04,44024.62,43338.34,43732.75,10973.31,479555333.8
2023-12-24T00:00:00+00:00,BTCUSD,43732.75,43965.2,42635.13,43023.12,14281.15,621424795.87
2023-12-25T00:00:00+00:00,BTCUSD,43023.12,43808.21,42763.83,43593.79,14747.02,639501515.36
2023-12-26T00:00:00+00:00,BTCUSD,43593.79,43604.51,41616.59,42517.32,30529.57,1297798884.96
2023-12-27T00:00:00+00:00,BTCUSD,42517.32,43694.83,42121.77,43469.34,27420.29,1178861473.09
2023-12-28T00:00:00+00:00,BTCUSD,43469.34,43817.61,42283.91,42588.94,29112.04,1249335317.05
2023-12-29T00:00:00+00:00,BTCUSD,42588.94,43134.59,41296.86,42073.59,34268.41,1450476730.93
2023-12-30T00:00:00+00:00,BTCUSD,42073.59,42595.81,41529.95,42146.03,21511.57,905852574.49
2023-12-31T00:00:00+00:00,BTCUSD,42146.03,42863.11,41970.37,42280.14,21509.24,912867128.16
2024-01-01T00:00:00+00:00,BTCUSD,42280.14,44210.89,42187.32,44197.61,19499.59,839894208.67
2024-01-02T00:00:00+00:00,BTCUSD,44197.61,45918.98,44181.86,44970.34,57443.36,2596745174.99
2024-01-03T00:00:00+00:00,BTCUSD,44970.34,45513.73,40214.67,42854.08,82056.19,3533041051.83
2024-01-04T00:00:00+00:00,BTCUSD,42854.08,44797.03,42657.44,44194.38,49538.94,2167748750.23
2024-01-05T00:00:00+00:00,BTCUSD,44194.38,44377.15,42508.08,44178.89,54169.3,2368276569.22
2024-01-06T00:00:00+00:00,BTCUSD,44178.89,44248.4,43444.9,43988.33,16352.13,717065469.35
2024-01-07T00:00:00+00:00,BTCUSD,43988.33,44496.47,43639.57,43950.84,20056.41,884154712.5
2024-01-08T00:00:00+00:00,BTCUSD,43950.84,47295.94,43209.8,46988.14,66057.64,3000303504.99
2024-01-09T00:00:00+00:00,BTCUSD,46988.14,47923.17,44889.64,46123,66281.93,3083632967.78
2024-01-10T00:00:00+00:00,BTCUSD,46123,47705.84,44326.32,46667.48,80226.64,3677964834.63
2024-01-11T00:00:00+00:00,BTCUSD,46667.48,49054.05,45580.11,46353.15,77548.89,3638877778.74
2024-01-12T00:00:00+00:00,BTCUSD,46353.15,46512.17,41454.57,42776.42,87031.78,3855256978.62
2024-01-13T00:00:00+00:00,BTCUSD,42776.42,43243.47,42438.36,42839.19,23024.72,986309535.03
2024-01-14T00:00:00+00:00,BTCUSD,42839.19,43060.49,41702.53,41704.39,21730.6,924871801.97
2024-01-15T00:00:00+00:00,BTCUSD,41704.39,43325.88,41687.69,42491.26,24561.1,1046074902.52
2024-01-16T00:00:00+00:00,BTCUSD,42491.26,43562.19,42047.82,43130.88,36429.24,1565259395.93
2024-01-17T00:00:00+00:00,BTCUSD,43130.88,43183.19,42172.64,42739.27,32911.24,1403011843.2
2024-01-18T00:00:00+00:00,BTCUSD,42739.27,42876.35,40606.86,41286.68,45180.42,1885882508.36
2024-01-19T00:00:00+00:00,BTCUSD,41286.68,42151.57,40246.58,41625.47,45191.13,1864062474.18
2024-01-20T00:00:00+00:00,BTCUSD,41625.47,41846.45,41433.27,41677.08,13096.14,544668570.57
2024-01-21T00:00:00+00:00,BTCUSD,41677.08,41862.83,41493.59,41570.17,9176.94,382561229.54
2024-01-22T00:00:00+00:00,BTCUSD,41570.17,41669.9,39396.81,39523.63,56109.4,2270442343.15
2024-01-23T00:00:00+00:00,BTCUSD,39523.63,40136.09,38512.34,39876.44,46007.49,1805745649.27
2024-01-24T00:00:00+00:00,BTCUSD,39876.44,40526.25,39429.31,40078.62,37009.85,1476062916.95
2024-01-25T00:00:00+00:00,BTCUSD,40078.62,40280.91,39523.94,39941.74,29183.88,1164224625.52
2024-01-26T00:00:00+00:00,BTCUSD,39941.74,42227.71,39814.87,41816.55,42739.48,1763833855.75
2024-01-27T00:00:00+00:00,BTCUSD,41816.55,42191.83,41393.22,42124.02,10632.46,444567824.09
2024-01-28T00:00:00+00:00,BTCUSD,42124.02,42822.8,41632.18,42028.92,16615.66,702267432.76
2024-01-29T00:00:00+00:00,BTCUSD,42028.92,43308.42,41804.05,43302.28,27783.74,1184671101.99
2024-01-30T00:00:00+00:00,BTCUSD,43302.28,43855.77,42690.4,42943.64,34500.06,1498626265.1
2024-01-31T00:00:00+00:00,BTCUSD,42943.64,43734.38,42276.82,42555.08,39491.24,1695950546.73
2024-02-01T00:00:00+00:00,BTCUSD,42555.08,43267.39,41855.88,43073.2,29018.49,1234469121.23
2024-02-02T00:00:00+00:00,BTCUSD,43073.2,43452.76,42536.21,43181.71,26779.09,1152442855.72
2024-02-03T00:00:00+00:00,BTCUSD,43181.71,43355.76,42874.37,42999.52,7556.6,325725942.96
2024-02-04T00:00:00+00:00,BTCUSD,42999.52,43093.79,42232.02,42570.21,9589.32,410404369.06
2024-02-05T00:00:00+00:00,BTCUSD,42570.21,43518.7,41931.59,42664.56,24867.17,1062866796.14
2024-02-06T00:00:00+00:00,BTCUSD,42664.56,43360.05,42526.92,43091.51,22482.95,966265875.57
2024-02-07T00:00:00+00:00,BTCUSD,43091.51,44402,42766.8,44339.04,30331.77,1319628672.43
2024-02-08T00:00:00+00:00,BTCUSD,44339.04,45622.13,44333.87,45304.61,39654.68,1785332802.43
2024-02-09T00:00:00+00:00,BTCUSD,45304.61,48208.27,45257.22,47154.23,50590.41,2379925849.32
2024-02-10T00:00:00+00:00,BTCUSD,47154.23,48166.14,46894.61,47768.12,16452.46,780554926.36
2024-02-11T00:00:00+00:00,BTCUSD,47768.12,48597.46,47592.04,48311.16,19858.95,956986637.1
2024-02-12T00:00:00+00:00,BTCUSD,48311.16,50339.2,47718.59,49942.97,47112.86,2319184140.26
2024-02-13T00:00:00+00:00,BTCUSD,49942.97,50392.92,48336.83,49733.11,42027.05,2075339722.8
2024-02-14T00:00:00+00:00,BTCUSD,49733.11,52085.66,49272.58,51844.19,43948.58,2252886326.88
2024-02-15T00:00:00+00:00,BTCUSD,51844.19,52845.45,51357.81,51934.57,42990.13,2239765884.49
2024-02-16T00:00:00+00:00,BTCUSD,51934.57,52598.05,51604.88,52163.28,32295.2,1680749372.19
2024-02-17T00:00:00+00:00,BTCUSD,52163.28,52201.89,50647.34,51668.78,17696.94,910308869.83
2024-02-18T00:00:00+00:00,BTCUSD,51668.78,52393.59,51194.3,52139.33,14716.3,762533081.81
2024-02-19T00:00:00+00:00,BTCUSD,52139.33,52487.6,51691.25,51781.22,18980.36,989270690.85
2024-02-20T00:00:00+00:00,BTCUSD,51781.22,52985.95,50766.77,52269.59,39504.32,2050493239.79
2024-02-21T00:00:00+00:00,BTCUSD,52269.59,52375.42,50633.49,51854.36,32665.42,1676374071.14
2024-02-22T00:00:00+00:00,BTCUSD,51854.36,52056.01,50914.97,51263.67,30501.44,1573393306.75
2024-02-23T00:00:00+00:00,BTCUSD,51263.67,51509.58,50523.07,50744.07,26365.93,1345274652.99
2024-02-24T00:00:00+00:00,BTCUSD,50744.07,51687.88,50583.66,51574.61,10707.22,548313000.54
2024-02-25T00:00:00+00:00,BTCUSD,51574.61,51957.87,51288.57,51727.63,12394.68,640224439.02
2024-02-26T00:00:00+00:00,BTCUSD,51727.63,54939.87,50920.53,54518.58,47961.27,2550669499.35
2024-02-27T00:00:00+00:00,BTCUSD,54518.58,57612.94,54483.19,57071.6,62683.92,3546751167.69
2024-02-28T00:00:00+00:00,BTCUSD,57071.6,64086.08,56726.31,62507.1,102181.72,6171823618.31
2024-02-29T00:00:00+00:00,BTCUSD,62507.1,63652.76,60370.98,61179.58,84709.08,5259277822.5
2024-03-01T00:00:00+00:00,BTCUSD,61179.58,63226.77,60795.21,62431.25,52747.33,3267402863.37
2024-03-02T00:00:00+00:00,BTCUSD,62431.25,62479.07,61631.05,62038.39,20264.53,1257238241.46
2024-03-03T00:00:00+00:00,BTCUSD,62038.39,63254.84,61392.4,63149.43,20301.48,1265273119.48
2024-03-04T00:00:00+00:00,BTCUSD,63149.43,68562.03,62363.97,68338.64,79177.16,5220774005.79
2024-03-05T00:00:00+00:00,BTCUSD,68338.64,69244.55,59268.68,63804.11,126873.13,8263897912.84
2024-03-06T00:00:00+00:00,BTCUSD,63804.11,67645.97,62851.27,66115.57,68031.77,4498440968.53
2024-03-07T00:00:00+00:00,BTCUSD,66115.57,68065.89,65610.94,66928.15,41800.64,2804368120.13
2024-03-08T00:00:00+00:00,BTCUSD,66928.15,70151.23,66173.73,68269.39,59361.92,4046244830.74
2024-03-09T00:00:00+00:00,BTCUSD,68269.39,68663.92,68026.81,68446.32,16947.1,1158711168.05
2024-03-10T00:00:00+00:00,BTCUSD,68446.32,69976.84,68218.19,69023.53,27686.99,1919585405.6
2024-03-11T00:00:00+00:00,BTCUSD,69023.53,72872.77,67170.42,72095.86,62709.74,4476609937.75
2024-03-12T00:00:00+00:00,BTCUSD,72095.86,72996.99,68636.43,71449.5,58546.01,4173072731.62
2024-03-13T00:00:00+00:00,BTCUSD,71449.5,73672.14,71329.7,73118.09,41314.41,3008299520.61
2024-03-14T00:00:00+00:00,BTCUSD,73118.09,73802.64,68493.91,71366.96,60699.01,4325873413.25
2024-03-15T00:00:00+00:00,BTCUSD,71366.96,72394.97,65579.78,69497.39,73358.94,5016358153.02
2024-03-16T00:00:00+00:00,BTCUSD,69497.39,70043.23,64783.87,65260.55,33956.52,2295869354.32
2024-03-17T00:00:00+00:00,BTCUSD,65260.55,68873.88,64529.3,68364.45,29362.49,1962751757.05
2024-03-18T00:00:00+00:00,BTCUSD,68364.45,68925.18,66584.49,67609.44,38542.52,2602930945.01
2024-03-19T00:00:00+00:00,BTCUSD,67609.44,68116.53,61529.15,61924.02,75848.91,4863914201.82
2024-03-20T00:00:00+00:00,BTCUSD,61924.02,68139.33,60782.8,67857.3,69671.19,4466872469.25
2024-03-21T00:00:00+00:00,BTCUSD,67857.3,68229.38,64548.09,65493.22,38234.75,2542747734.72
2024-03-22T00:00:00+00:00,BTCUSD,65493.22,66643.64,62321.3,63816.99,37343.35,2395884490.04
2024-03-23T00:00:00+00:00,BTCUSD,63816.99,66005.71,63025.99,64004.42,19360.47,1250716141.79
2024-03-24T00:00:00+00:00,BTCUSD,64004.42,67623.78,63802.82,67208.33,19120.87,1253420264.9
2024-03-25T00:00:00+00:00,BTCUSD,67208.33,71202.65,66400.46,69892.26,46100.6,3184570068.52
2024-03-26T00:00:00+00:00,BTCUSD,69892.26,71558.85,69294.69,69990.22,32990.33,2319265484.04
2024-03-27T00:00:00+00:00,BTCUSD,69990.22,71762.06,68384.71,69434.46,40450.72,2817965870.72
2024-03-28T00:00:00+00:00,BTCUSD,69434.46,71593.93,68864.89,70789.57,31346.01,2214217706.88
2024-03-29T00:00:00+00:00,BTCUSD,70789.57,70925.04,69059.03,69903.72,17382.89,1216001428.98
2024-03-30T00:00:00+00:00,BTCUSD,69903.72,70356.07,69586.01,69629.99,7371.14,515940317.66
2024-03-31T00:00:00+00:00,BTCUSD,69629.99,71389.78,69601.39,71312.91,10567.65,745658086.55
2024-04-01T00:00:00+00:00,BTCUSD,71312.91,71325.61,68074.92,69686.37,28892.19,2005923775.26
2024-04-02T00:00:00+00:00,BTCUSD,69686.37,69703.1,64571.71,65466.81,48905.67,3234216304.99
2024-04-03T00:00:00+00:00,BTCUSD,65466.81,66925.93,64514.87,65986.11,27792.87,1835055534.78
2024-04-04T00:00:00+00:00,BTCUSD,65986.11,69343.32,65081.42,68523.79,36673.5,2475521298.64
2024-04-05T00:00:00+00:00,BTCUSD,68523.79,68772.34,65994.65,67860.53,32904.8,2219856764.99
2024-04-06T00:00:00+00:00,BTCUSD,67860.53,69672.09,67483.82,68913.79,11314.76,772361130.33
2024-04-07T00:00:00+00:00,BTCUSD,68913.79,70303.08,68877.35,69357.32,13691.75,951477284.85
2024-04-08T00:00:00+00:00,BTCUSD,69357.32,72750.51,69064.41,71629.36,36459.33,2607488940.79
2024-04-09T00:00:00+00:00,BTCUSD,71629.36,71748.92,68213.24,69129.48,34538.71,2411758700.3
2024-04-10T00:00:00+00:00,BTCUSD,69129.48,71150.5,67480.7,70628.54,37142.44,2563902180.98
2024-04-11T00:00:00+00:00,BTCUSD,70628.54,71297.81,69558.05,70026.43,24988.45,1758820969.32
2024-04-12T00:00:00+00:00,BTCUSD,70026.43,71246.69,65257.57,67158.3,49331.17,3367653179.18
2024-04-13T00:00:00+00:00,BTCUSD,67158.3,68422.6,61079.47,64021.36,56915.71,3689543158.77
2024-04-14T00:00:00+00:00,BTCUSD,64021.36,65874.88,62229.8,65765.64,40968.04,2627998512.52
2024-04-15T00:00:00+00:00,BTCUSD,65765.64,66902.94,62328.07,63447.27,40978.19,2658417494.41
2024-04-16T00:00:00+00:00,BTCUSD,63447.27,64385.46,61667.72,63824.7,35542.55,2234500815.41
2024-04-17T00:00:00+00:00,BTCUSD,63824.7,64503.77,59682.79,61283.74,41504.19,2562816108.8
2024-04-18T00:00:00+00:00,BTCUSD,61283.74,64181.25,60829.27,63511.2,31452.84,1972785716.37
2024-04-19T00:00:00+00:00,BTCUSD,63511.2,65491.94,59607.49,63848.26,46058.39,2923364930.21
2024-04-20T00:00:00+00:00,BTCUSD,63848.26,65453.07,63140.68,64979.21,13464.03,866105478.99
2024-04-21T00:00:00+00:00,BTCUSD,64979.21,65724.22,64271.77,64955.82,13150.64,854324202.42
2024-04-22T00:00:00+00:00,BTCUSD,64955.82,67257.68,64536.42,66854.24,22839.75,1510230897.53
2024-04-23T00:00:00+00:00,BTCUSD,66854.24,67211.15,65835.93,66415.06,17575.6,1169300050.32
2024-04-24T00:00:00+00:00,BTCUSD,66415.06,67067.52,63556.97,64263.95,28785.93,1878460968.73
2024-04-25T00:00:00+00:00,BTCUSD,64263.95,65279.7,62759.65,64488.49,26730.52,1713069016.97
2024-04-26T00:00:00+00:00,BTCUSD,64488.49,64795.15,63307.56,63750.63,19914.4,1275865834.83
2024-04-27T00:00:00+00:00,BTCUSD,63750.63,63904.85,62408.97,63434.44,12684.85,799665556.56
2024-04-28T00:00:00+00:00,BTCUSD,63434.44,64335.08,62769.01,63111.34,10104.62,642628554.25
2024-04-29T00:00:00+00:00,BTCUSD,63111.34,64192.54,61768.51,63847.54,21849.86,1370557060.16
2024-04-30T00:00:00+00:00,BTCUSD,63847.54,64721.13,59097.29,60633.97,41212.82,2518380270.05
2024-05-01T00:00:00+00:00,BTCUSD,60633.97,60788.52,56516.09,58277.44,52053.76,3014503800.73
2024-05-02T00:00:00+00:00,BTCUSD,58277.44,59628.08,56936.28,59083.85,29471.89,1724718703.27
2024-05-03T00:00:00+00:00,BTCUSD,59083.85,63355.83,58835.76,62917.45,35180.41,2147038663.01
2024-05-04T00:00:00+00:00,BTCUSD,62917.45,64539.14,62587.84,63904.51,16206.9,1029192793.92
2024-05-05T00:00:00+00:00,BTCUSD,63904.51,64634.43,62923.47,64037.5,12595.62,803966989.59
2024-05-06T00:00:00+00:00,BTCUSD,64037.5,65517.33,62715.9,63168.44,24082.55,1537928462.74
2024-05-07T00:00:00+00:00,BTCUSD,63168.44,64403.15,62274.09,62323.36,20907.17,1326416673.48
2024-05-08T00:00:00+00:00,BTCUSD,62323.36,63004.6,60867.52,61179.81,18593.4,1155791451.43
2024-05-09T00:00:00+00:00,BTCUSD,61179.81,63429.98,60623.94,63077.18,18440.55,1140626858.17
2024-05-10T00:00:00+00:00,BTCUSD,63077.18,63469.13,60181.24,60790.82,25390.35,1565941805.66
2024-05-11T00:00:00+00:00,BTCUSD,60790.82,61489.54,60474.73,60823.19,8298.11,505608099.69
2024-05-12T00:00:00+00:00,BTCUSD,60823.19,61838.51,60600.9,61459.22,8214.5,502848342.69
2024-05-13T00:00:00+00:00,BTCUSD,61459.22,63445.72,60758.38,62932.29,21250.01,1327733464.12
2024-05-14T00:00:00+00:00,BTCUSD,62932.29,63097.07,61094.77,61548.48,26392.04,1636519845.72
2024-05-15T00:00:00+00:00,BTCUSD,61548.48,66467.29,61325.48,66245.16,40708.36,2625073579.59
2024-05-16T00:00:00+00:00,BTCUSD,66245.16,66760.54,64600.05,65250.53,24275.96,1596664354.59
2024-05-17T00:00:00+00:00,BTCUSD,65250.53,67489.24,65120.39,67051.35,23340.48,1552274385.82
2024-05-18T00:00:00+00:00,BTCUSD,67051.35,67397.7,66633.01,66927.56,8752.24,586174043.35
2024-05-19T00:00:00+00:00,BTCUSD,66927.56,67696.21,65878.18,66268.25,9725.64,650338446.5
2024-05-20T00:00:00+00:00,BTCUSD,66268.25,71546.4,66071.74,71430.23,38260.49,2624709812.32
2024-05-21T00:00:00+00:00,BTCUSD,71430.23,71964.79,69158.99,70141.17,30747.6,2169803609.99
2024-05-22T00:00:00+00:00,BTCUSD,70141.17,70643.89,68952.24,69123.56,22981.44,1603267534.2
2024-05-23T00:00:00+00:00,BTCUSD,69123.56,70037.76,66370,67946.35,28168.79,1922285401.83
2024-05-24T00:00:00+00:00,BTCUSD,67946.35,69264.17,66613.35,68548.33,18239.62,1242012319.42
2024-05-25T00:00:00+00:00,BTCUSD,68548.33,69599.81,68498.87,69288.95,5972,412212332.66
2024-05-26T00:00:00+00:00,BTCUSD,69288.95,69511.53,68156.05,68488.29,5502.87,379159635.92
2024-05-27T00:00:00+00:00,BTCUSD,68488.29,70613.89,68227.32,69386.83,13110.64,909946343.46
2024-05-28T00:00:00+00:00,BTCUSD,69386.83,69533.54,67206.37,68330.84,22223.83,1514489243.92
2024-05-29T00:00:00+00:00,BTCUSD,68330.84,68858.38,67099.33,67576.81,16353.37,1108570253.28
2024-05-30T00:00:00+00:00,BTCUSD,67576.81,69520.94,67107.22,68346.19,20828.64,1424914242.82
2024-05-31T00:00:00+00:00,BTCUSD,68346.19,69012.82,66605.09,67482.25,19922.04,1349659294.8
2024-06-01T00:00:00+00:00,BTCUSD,67482.25,67831.31,67383.55,67721.6,4400.74,297719480.73
2024-06-02T00:00:00+00:00,BTCUSD,67721.6,68409.58,67279.96,67738.74,6731.43,456585602.02
2024-06-03T00:00:00+00:00,BTCUSD,67738.74,70283.97,67584.62,68799.6,22783.46,1575608100.17
2024-06-04T00:00:00+00:00,BTCUSD,68799.6,71090.99,68553.54,70548.51,29746.55,2084571763.56
2024-06-05T00:00:00+00:00,BTCUSD,70548.51,71782.2,70371.34,71117.68,21737.62,1545204312.75
2024-06-06T00:00:00+00:00,BTCUSD,71117.68,71642.27,70113.83,70772.35,16078.4,1141567996.37
2024-06-07T00:00:00+00:00,BTCUSD,70772.35,71943.4,68439.15,69330.51,28318.21,1992355199.22
2024-06-08T00:00:00+00:00,BTCUSD,69330.51,69547.91,69152.66,69303.58,5753.02,399100009.36
2024-06-09T00:00:00+00:00,BTCUSD,69303.58,69837.26,69131.01,69639.42,5137.66,357128157.69
2024-06-10T00:00:00+00:00,BTCUSD,69639.42,70172,69166.61,69505.57,12116.49,843477987.58
2024-06-11T00:00:00+00:00,BTCUSD,69505.57,69550.65,66054.78,67319.41,31800.9,2141818771.53
2024-06-12T00:00:00+00:00,BTCUSD,67319.41,70021.47,66896.79,68247,31159.85,2139401386.85
2024-06-13T00:00:00+00:00,BTCUSD,68247,68428.43,66224.61,66742.54,23051.5,1550737143.4
2024-06-14T00:00:00+00:00,BTCUSD,66742.54,67317.79,65026.62,66006.13,24684.72,1633598669.38
2024-06-15T00:00:00+00:00,BTCUSD,66006.13,66419.48,65832.26,66188.81,6139.62,406250537.71
2024-06-16T00:00:00+00:00,BTCUSD,66188.81,66916.83,66012.05,66631.59,6512.06,433017008.55
2024-06-17T00:00:00+00:00,BTCUSD,66631.59,67264.71,65062.53,66481.73,28974.78,1917243316.16
2024-06-18T00:00:00+00:00,BTCUSD,66481.73,66570.67,64033.69,65158.02,35263.17,2293594296.72
2024-06-19T00:00:00+00:00,BTCUSD,65158.02,65708.56,64656.84,64950.82,13478.88,878187235.08
2024-06-20T00:00:00+00:00,BTCUSD,64950.82,66462.52,64527.9,64847.89,22559.77,1473091625.51
2024-06-21T00:00:00+00:00,BTCUSD,64847.89,65018.39,63350.87,64119.34,22310.94,1427909531.59
2024-06-22T00:00:00+00:00,BTCUSD,64119.34,64500,63924.68,64250.18,5570.5,358155105.44
2024-06-23T00:00:00+00:00,BTCUSD,64250.18,64504.84,63154.88,63181.02,6504.7,416250575.81
2024-06-24T00:00:00+00:00,BTCUSD,63181.02,63335.53,58443.98,60270.95,48177.24,2938115761.51
2024-06-25T00:00:00+00:00,BTCUSD,60270.95,62385.37,60232.04,61796.56,31697.13,1946492862.08
2024-06-26T00:00:00+00:00,BTCUSD,61796.56,62471.55,60684.69,60824.43,23423.63,1436803387.64
2024-06-27T00:00:00+00:00,BTCUSD,60824.43,62341.3,60562.27,61630.1,22562.67,1385461549.94
2024-06-28T00:00:00+00:00,BTCUSD,61630.1,62168.03,59907.92,60324.3,24288.31,1481619028.88
2024-06-29T00:00:00+00:00,BTCUSD,60324.3,61129.31,60294.22,60905.3,9214.26,560710968.57
2024-06-30T00:00:00+00:00,BTCUSD,60905.3,62949.76,60637.5,62685.88,12626.61,778765578.43
2024-07-01T00:00:00+00:00,BTCUSD,62685.88,63800.98,62462.2,62841.27,25708.72,1623104957.15
2024-07-02T00:00:00+00:00,BTCUSD,62841.27,63219.74,61453.08,62044.48,20510.77,1278702453.96
2024-07-03T00:00:00+00:00,BTCUSD,62044.48,62198.73,59373.07,60157.2,27365.92,1653064013.62
2024-07-04T00:00:00+00:00,BTCUSD,60157.2,60428.43,56728.63,57041.11,40351.82,2342236881.51
2024-07-05T00:00:00+00:00,BTCUSD,57041.11,57494.97,53528.09,56646.24,57490.15,3198812323.21
2024-07-06T00:00:00+00:00,BTCUSD,56646.24,58495.08,56035.03,58255.65,18766.95,1072779742.28
2024-07-07T00:00:00+00:00,BTCUSD,58255.65,58452.39,55734.13,55866.6,18402.28,1053256457.42
2024-07-08T00:00:00+00:00,BTCUSD,55866.6,58166.93,54305.08,56709.76,43439.51,2441024283.07
2024-07-09T00:00:00+00:00,BTCUSD,56709.76,58289.53,56296.1,58047.2,29452.6,1692558128.7
2024-07-10T00:00:00+00:00,BTCUSD,58047.2,59463.57,57165.19,57725.78,28064.27,1631984559.89
2024-07-11T00:00:00+00:00,BTCUSD,57725.78,59494.11,57072.63,57348.75,29764.17,1729366992.27
2024-07-12T00:00:00+00:00,BTCUSD,57348.75,58543.78,56554.34,57913.68,27242.71,1567843358.24
2024-07-13T00:00:00+00:00,BTCUSD,57913.68,59866.89,57784.15,59231.06,13963.3,819172857.7
2024-07-14T00:00:00+00:00,BTCUSD,59231.06,61424.95,59222.6,60818.77,20080.87,1207899406.9
2024-07-15T00:00:00+00:00,BTCUSD,60818.77,64936.75,60688.12,64765.55,43679.34,2752990856.54
2024-07-16T00:00:00+00:00,BTCUSD,64765.55,65399.48,62434.72,65087.61,38850.8,2492930912.34
2024-07-17T00:00:00+00:00,BTCUSD,65087.61,66131.67,63872.53,64096.64,28170.64,1830962929.69
2024-07-18T00:00:00+00:00,BTCUSD,64096.64,65118.55,63235.08,63981.43,21904.27,1405605268.54
2024-07-19T00:00:00+00:00,BTCUSD,63981.43,67468.45,63305.25,66708.49,33756.81,2214983951.52
2024-07-20T00:00:00+00:00,BTCUSD,66708.49,67626.82,66291.51,67163.86,12566.25,840850489.36
2024-07-21T00:00:00+00:00,BTCUSD,67163.86,68370.58,65840.58,68176.98,18123.31,1219084237.52
2024-07-22T00:00:00+00:00,BTCUSD,68176.98,68490.59,66594.51,67567.71,26712.99,1805561349.3
2024-07-23T00:00:00+00:00,BTCUSD,67567.71,67774.86,65465.88,65939.83,29465.67,1958486045.34
2024-07-24T00:00:00+00:00,BTCUSD,65939.83,67120.99,65112.45,65375.53,21576.01,1426727978.64
2024-07-25T00:00:00+00:00,BTCUSD,65375.53,66154.31,63429.11,65794,29473.48,1902596712.12
2024-07-26T00:00:00+00:00,BTCUSD,65794,68219.43,65734.24,67925.17,24567.97,1654021251.63
2024-07-27T00:00:00+00:00,BTCUSD,67925.17,69416.52,66675.48,67904.55,26420.73,1801405015.15
2024-07-28T00:00:00+00:00,BTCUSD,67904.55,68306.74,67054.94,68252.75,11980.7,812380984.29
2024-07-29T00:00:00+00:00,BTCUSD,68252.75,70027.05,66436.99,66782.78,33524.03,2292001706.95
2024-07-30T00:00:00+00:00,BTCUSD,66782.78,66989.18,65293.95,66180.04,24376.6,1614525200.12
2024-07-31T00:00:00+00:00,BTCUSD,66180.04,66826.66,64508.96,64617.83,24304.84,1601329476.94
2024-08-01T00:00:00+00:00,BTCUSD,64617.83,65590.04,62238.44,65300.21,37045.09,2364449721.14
2024-08-02T00:00:00+00:00,BTCUSD,65300.21,65548.28,61165.12,61422.3,40943.43,2601345982.92
2024-08-03T00:00:00+00:00,BTCUSD,61422.3,62154.66,59838.49,60679.28,26176.07,1596127875.28
2024-08-04T00:00:00+00:00,BTCUSD,60679.28,61075.03,57174.97,58135.89,28092.97,1665780997.48
2024-08-05T00:00:00+00:00,BTCUSD,58135.89,58275.19,49202.81,54031.82,117153.32,6220425122.88
2024-08-06T00:00:00+00:00,BTCUSD,54031.82,57077.92,53987.77,56057.67,44255.76,2473716223.17
2024-08-07T00:00:00+00:00,BTCUSD,56057.67,57753.96,54580.16,55130.45,39691.91,2232435439.52
2024-08-08T00:00:00+00:00,BTCUSD,55130.45,62717.23,54751.57,61708.53,48215.66,2834182014.44
2024-08-09T00:00:00+00:00,BTCUSD,61708.53,61752.64,59573.13,60868.88,32998.38,2000603963.46
2024-08-10T00:00:00+00:00,BTCUSD,60868.88,61478.08,60270.33,60940.82,11935.68,725371248.47
2024-08-11T00:00:00+00:00,BTCUSD,60940.82,61842.63,58331.17,58725,18214.18,1093722861
2024-08-12T00:00:00+00:00,BTCUSD,58725,60708.39,57677.54,59360.89,33285.38,1967504137.76
2024-08-13T00:00:00+00:00,BTCUSD,59360.89,61603.92,58440.76,60609.73,28787.92,1727785105.35
2024-08-14T00:00:00+00:00,BTCUSD,60609.73,61788.76,58461.76,58698.05,30973.89,1858459018.71
2024-08-15T00:00:00+00:00,BTCUSD,58698.05,59869.57,56132.98,57552.92,34692.53,2023439063.25
2024-08-16T00:00:00+00:00,BTCUSD,57552.92,59851.62,57106.84,58893.67,29186.89,1708248208.47
2024-08-17T00:00:00+00:00,BTCUSD,58893.67,59708.69,58815.46,59497.94,9691.68,574723583.6
2024-08-18T00:00:00+00:00,BTCUSD,59497.94,60280.79,58433.69,58439.22,13915.75,830090221.14
2024-08-19T00:00:00+00:00,BTCUSD,58439.22,59632.55,57828.14,59464.41,24222.4,1420739617.67
2024-08-20T00:00:00+00:00,BTCUSD,59464.41,61442.89,58588.82,59027.55,31292.98,1877438049.21
2024-08-21T00:00:00+00:00,BTCUSD,59027.55,61851.26,58806.66,61170.8,38408.34,2311932103.1
2024-08-22T00:00:00+00:00,BTCUSD,61170.8,61426.96,59756.43,60387.29,28924.51,1754742660.96
2024-08-23T00:00:00+00:00,BTCUSD,60387.29,64982.66,60351.28,64087.8,42020.68,2623908332.37
2024-08-24T00:00:00+00:00,BTCUSD,64087.8,64523.11,63591.53,64180.77,15286.56,979836005.58
2024-08-25T00:00:00+00:00,BTCUSD,64180.77,65058.66,63828.67,64264.62,12753.39,819671993.67
2024-08-26T00:00:00+00:00,BTCUSD,64264.62,64504.12,62816.08,62850.27,27037.83,1719932426.98
2024-08-27T00:00:00+00:00,BTCUSD,62850.27,63220.85,58045.32,59441.73,39241.27,2403744129.11
2024-08-28T00:00:00+00:00,BTCUSD,59441.73,60232.58,57868.47,59043.5,38043.04,2251640371.44
2024-08-29T00:00:00+00:00,BTCUSD,59043.5,61191.57,58735.81,59369.85,34345.83,2058113286.38
2024-08-30T00:00:00+00:00,BTCUSD,59369.85,59926.33,57725.72,59129.05,35023.22,2063630420.49
2024-08-31T00:00:00+00:00,BTCUSD,59129.05,59456.66,58759.04,58989.17,8035.77,474924657.65
2024-09-01T00:00:00+00:00,BTCUSD,58989.17,59085.64,57217.94,57313.44,22352.53,1298154355.3
2024-09-02T00:00:00+00:00,BTCUSD,57313.44,59431.04,57135.27,59147.8,23766.29,1383666270.94
2024-09-03T00:00:00+00:00,BTCUSD,59147.8,59825.44,57411.84,57481.84,26568.4,1548986994.4
2024-09-04T00:00:00+00:00,BTCUSD,57481.84,58532.47,55625.58,57975.52,43027.18,2458579314.87
2024-09-05T00:00:00+00:00,BTCUSD,57975.52,58329.93,55651.61,56167.4,38784.5,2198240196.62
2024-09-06T00:00:00+00:00,BTCUSD,56167.4,57004.28,52552.05,53954.33,69521.39,3807917186.59
2024-09-07T00:00:00+00:00,BTCUSD,53954.33,54852.05,53742.58,54167.82,17050.67,925092003.79
2024-09-08T00:00:00+00:00,BTCUSD,54167.82,55321.44,53631.93,54879.33,19159.79,1042880564.27
2024-09-09T00:00:00+00:00,BTCUSD,54879.33,58005.33,54591.28,57056.31,42637.41,2385673385.77
2024-09-10T00:00:00+00:00,BTCUSD,57056.31,58050.66,56397.36,57642.43,33391.45,1908344975.36
2024-09-11T00:00:00+00:00,BTCUSD,57642.43,58002.86,55554.25,57354.27,55576.26,3160608627.55
2024-09-12T00:00:00+00:00,BTCUSD,57354.27,58573.29,57330.99,58140.61,40914.83,2373500502.95
2024-09-13T00:00:00+00:00,BTCUSD,58140.61,60666.01,57637.58,60548.12,40546.37,2401277043.91
2024-09-14T00:00:00+00:00,BTCUSD,60548.12,60653.12,59433.38,60013.26,15042.25,903199598.39
2024-09-15T00:00:00+00:00,BTCUSD,60013.26,60409.32,58697.69,59139.21,19176.34,1146142289.52
2024-09-16T00:00:00+00:00,BTCUSD,59139.21,59215.73,57486.82,58210.01,33106.34,1927790314.93
2024-09-17T00:00:00+00:00,BTCUSD,58210.01,61356.68,57624.63,60321.59,40712.51,2440680770.1
2024-09-18T00:00:00+00:00,BTCUSD,60321.59,61794.54,59185.2,61775.68,48151.29,2902628124.61
2024-09-19T00:00:00+00:00,BTCUSD,61775.68,63881.87,61582.28,62963.41,46829.96,2939807292.07
2024-09-20T00:00:00+00:00,BTCUSD,62963.41,64131.22,62345.57,63211.47,34617.55,2188110863.96
2024-09-21T00:00:00+00:00,BTCUSD,63211.47,63548.08,62767.25,63363.17,12142.67,766364347.61
2024-09-22T00:00:00+00:00,BTCUSD,63363.17,64015.58,62394.47,63587.45,18884.06,1190921326.46
2024-09-23T00:00:00+00:00,BTCUSD,63587.45,64749.32,62584.5,63341.97,27280.27,1734107185.41
2024-09-24T00:00:00+00:00,BTCUSD,63341.97,64698.02,62710.48,64276.65,32160.64,2045185242.06
2024-09-25T00:00:00+00:00,BTCUSD,64276.65,64823.35,62938.97,63144.83,23967.21,1526541478.78
2024-09-26T00:00:00+00:00,BTCUSD,63144.83,65861.15,62660.36,65183.68,43302.56,2800234985.9
2024-09-27T00:00:00+00:00,BTCUSD,65183.68,66547.69,64839.11,65790.28,36162.6,2378877920.32
2024-09-28T00:00:00+00:00,BTCUSD,65790.28,66267.41,65442.19,65868.67,10383.49,682765288.62
2024-09-29T00:00:00+00:00,BTCUSD,65868.67,66081.97,65440.3,65611.98,11532.92,758322138.61
2024-09-30T00:00:00+00:00,BTCUSD,65611.98,65627.43,62846.03,63314.81,42396.01,2712227231.34
2024-10-01T00:00:00+00:00,BTCUSD,63314.81,64112.99,60156.13,60790.06,67326.52,4189744833.01
2024-10-02T00:00:00+00:00,BTCUSD,60790.06,62383.28,59976.82,60641.8,55652.18,3402156876.74
2024-10-03T00:00:00+00:00,BTCUSD,60641.8,61478.71,59846.16,60746.35,50457.09,3058499959.35
2024-10-04T00:00:00+00:00,BTCUSD,60746.35,62480.52,60458.33,62094.06,38904.7,2395319327.7
2024-10-05T00:00:00+00:00,BTCUSD,62094.06,62377.77,61689.84,62059.19,10082.43,625465514.89
2024-10-06T00:00:00+00:00,BTCUSD,62059.19,62976.08,61815.61,62821.76,13418.93,838451338.95
2024-10-07T00:00:00+00:00,BTCUSD,62821.76,64458.38,62129.23,62209.84,41062.64,2602786910.05
2024-10-08T00:00:00+00:00,BTCUSD,62209.84,63185.68,61832.71,62129.17,33506.88,2090901005.09
2024-10-09T00:00:00+00:00,BTCUSD,62129.17,62513.84,60252.65,60585.22,37528.72,2311387233.46
2024-10-10T00:00:00+00:00,BTCUSD,60585.22,61251.26,58869.24,60280.38,42405.42,2553922274.06
2024-10-11T00:00:00+00:00,BTCUSD,60280.38,63418.56,60039.18,62517.42,36112.65,2236421715.94
2024-10-12T00:00:00+00:00,BTCUSD,62517.42,63469.71,62473.78,63197.03,15673.6,987509499.19
2024-10-13T00:00:00+00:00,BTCUSD,63197.03,63276.36,62036.49,62854.48,16786.01,1051974824.5
2024-10-14T00:00:00+00:00,BTCUSD,62854.48,66494.04,62438.82,66068.25,50393.51,3279898050.67
2024-10-15T00:00:00+00:00,BTCUSD,66068.25,67938.85,64791.36,67064.69,51909.81,3442311150.59
2024-10-16T00:00:00+00:00,BTCUSD,67064.69,68401.67,66752.45,67614.71,42024.2,2841013476.69
2024-10-17T00:00:00+00:00,BTCUSD,67614.71,67931.28,66643.91,67408.87,32062.99,2154293295.5
2024-10-18T00:00:00+00:00,BTCUSD,67408.87,69016.74,67167.07,68425.63,36869.58,2516405877.34
2024-10-19T00:00:00+00:00,BTCUSD,68425.63,68681.33,68009.42,68370.04,7712.36,526753638.72
2024-10-20T00:00:00+00:00,BTCUSD,68370.04,69385.31,68094.66,69020.94,11999.25,824334290.12
2024-10-21T00:00:00+00:00,BTCUSD,69020.94,69501.44,66811.42,67358.14,36536.85,2480399716.7
2024-10-22T00:00:00+00:00,BTCUSD,67358.14,67800.62,66540.7,67390.32,32484.74,2184452853.61
2024-10-23T00:00:00+00:00,BTCUSD,67390.32,67436.29,65171.54,66612.97,32488.79,2154644447.87
2024-10-24T00:00:00+00:00,BTCUSD,66612.97,68812.4,66456.7,68163.56,31715.51,2144280257.66
2024-10-25T00:00:00+00:00,BTCUSD,68163.56,68745.57,65510.53,66577.77,43824.41,2952724943.71
2024-10-26T00:00:00+00:00,BTCUSD,66577.77,67366.46,66343.25,67014.72,14159.11,946447393.67
2024-10-27T00:00:00+00:00,BTCUSD,67014.72,68254.55,66852.5,67945.14,12105.31,818581011.16
2024-10-28T00:00:00+00:00,BTCUSD,67945.14,70241.74,67541,69925.83,42091.94,2902994091.1
2024-10-29T00:00:00+00:00,BTCUSD,69925.83,73612.24,69725.05,72723.67,58289.36,4194343293.57
2024-10-30T00:00:00+00:00,BTCUSD,72723.67,72945.06,71408.4,72331.96,38392.15,2769522546.26
2024-10-31T00:00:00+00:00,BTCUSD,72331.96,72675.24,69585.02,70207.54,39358.14,2794856636.84
2024-11-01T00:00:00+00:00,BTCUSD,70207.54,71616.01,68755.75,69473.41,49030.12,3429441961.46
2024-11-02T00:00:00+00:00,BTCUSD,69473.41,69884.38,69006.88,69354.01,10811.2,750733288.76
2024-11-03T00:00:00+00:00,BTCUSD,69354.01,69364.8,67457.91,68747.04,29674.18,2028670648.54
2024-11-04T00:00:00+00:00,BTCUSD,68747.04,69453.56,66793.64,67811.95,43141.35,2939056973.62
2024-11-05T00:00:00+00:00,BTCUSD,67811.95,70540.03,67432.99,69378.09,47211.37,3274519976.93
2024-11-06T00:00:00+00:00,BTCUSD,69378.09,76482.2,69295.92,75643.57,116207.84,8601347745.99
2024-11-07T00:00:00+00:00,BTCUSD,75643.57,76963.92,74472.09,75922.41,58490.52,4433063855.56
2024-11-08T00:00:00+00:00,BTCUSD,75922.41,77289.29,75656.7,76562.31,48629.32,3714364388.44
2024-11-09T00:00:00+00:00,BTCUSD,76562.31,76949.29,75763.57,76716.41,15808.47,1208160963.89
2024-11-10T00:00:00+00:00,BTCUSD,76716.41,81520.53,76545.66,80429.43,57715.18,4582398468.87
2024-11-11T00:00:00+00:00,BTCUSD,80429.43,89644.7,80283.65,88758.31,104407.32,8845679630.06
2024-11-12T00:00:00+00:00,BTCUSD,88758.31,90006.57,85125.04,88040.54,117605.91,10326697667.45
2024-11-13T00:00:00+00:00,BTCUSD,88040.54,93479.86,86252.86,90498.51,124766.84,11250681620.25
2024-11-14T00:00:00+00:00,BTCUSD,90498.51,91817.29,86679.1,87334.19,81846.21,7309565757.27
2024-11-15T00:00:00+00:00,BTCUSD,87334.19,91897.76,87118.43,91058.92,71049.87,6353615968.72
2024-11-16T00:00:00+00:00,BTCUSD,91058.92,91810.87,90092.82,90630.94,27488.76,2501576427.85
2024-11-17T00:00:00+00:00,BTCUSD,90630.94,91436.45,88728.28,89877.16,30966.65,2791320512.2
2024-11-18T00:00:00+00:00,BTCUSD,89877.16,92649.98,87547.97,90514.83,66007.84,6006522738.03
2024-11-19T00:00:00+00:00,BTCUSD,90514.83,94056.9,90414.27,92418.48,64909.54,5995386487.48
2024-11-20T00:00:00+00:00,BTCUSD,92418.48,95056.1,91612.46,94379.92,70180.2,6579886464.89
2024-11-21T00:00:00+00:00,BTCUSD,94379.92,99056.4,94152.97,98436.25,89243.49,8678686263.5
2024-11-22T00:00:00+00:00,BTCUSD,98436.25,99772.99,97207.77,99010.89,74286.51,7337283037.5
2024-11-23T00:00:00+00:00,BTCUSD,99010.89,99023.88,97219.23,97765.04,29017.14,2853544178
2024-11-24T00:00:00+00:00,BTCUSD,97765.04,98670.34,95781.2,98018.2,30269.68,2940396079.61
2024-11-25T00:00:00+00:00,BTCUSD,98018.2,98974.51,92592.66,93019.38,68259.16,6533804395.53
2024-11-26T00:00:00+00:00,BTCUSD,93019.38,95007.52,90730.54,91903.89,77087.79,7150066318.55
2024-11-27T00:00:00+00:00,BTCUSD,91903.89,97373.56,91757.22,95957.51,47765.92,4533983270.73
2024-11-28T00:00:00+00:00,BTCUSD,95957.51,96672.28,94677.17,95670.41,24214.5,2311939499.68
2024-11-29T00:00:00+00:00,BTCUSD,95670.41,98735.69,95391.39,97510.92,39884.8,3883366949.57
2024-11-30T00:00:00+00:00,BTCUSD,97510.92,97514.26,96137.13,96473.51,12565.01,1215861238.63
2024-12-01T00:00:00+00:00,BTCUSD,96473.51,97896.77,95752.22,97276.47,17120.23,1659820134.72
2024-12-02T00:00:00+00:00,BTCUSD,97276.47,98219.29,94419.96,95859.75,52454.21,5040855658.82
2024-12-03T00:00:00+00:00,BTCUSD,95859.75,96304.02,93590.91,95928.37,52781.2,5033493735.21
2024-12-04T00:00:00+00:00,BTCUSD,95928.37,99226.36,94663.42,98751.87,59092.55,5727735676.06
2024-12-05T00:00:00+00:00,BTCUSD,98751.87,104028.51,91741.97,97053.82,119875.78,12041439286.7
2024-12-06T00:00:00+00:00,BTCUSD,97053.82,102088.57,96427,99897.97,56899.66,5653979066.29
2024-12-07T00:00:00+00:00,BTCUSD,99897.97,100578.8,99025.63,99926.38,17306.94,1728102575.48
2024-12-08T00:00:00+00:00,BTCUSD,99926.38,101430.6,98730.22,101189.81,17851.82,1785051035.31
2024-12-09T00:00:00+00:00,BTCUSD,101189.81,101290.02,94567.01,97338.34,69981.57,6847958219.35
2024-12-10T00:00:00+00:00,BTCUSD,97338.34,98316.66,94284,96657.88,68661.05,6621616095.14
2024-12-11T00:00:00+00:00,BTCUSD,96657.88,101979.09,95730.76,101203.07,55047.48,5482015399.12
2024-12-12T00:00:00+00:00,BTCUSD,101203.07,102598.04,99311.56,100041.98,47200.64,4765401240.36
2024-12-13T00:00:00+00:00,BTCUSD,100041.98,101947.1,99232.64,101429.78,34639.86,3492131954.88
2024-12-14T00:00:00+00:00,BTCUSD,101429.78,102653.76,100606.28,101402.95,16577.72,1683710017.37
2024-12-15T00:00:00+00:00,BTCUSD,101402.95,105140.47,101228.16,104424.54,24799.66,2557994217.64
2024-12-16T00:00:00+00:00,BTCUSD,104424.54,107829.08,103299.75,106089.2,60439.19,6398449052.08
2024-12-17T00:00:00+00:00,BTCUSD,106089.2,108369.13,105308.99,106140.14,40879.26,4365460605.55
2024-12-18T00:00:00+00:00,BTCUSD,106140.14,106502.15,99946.11,100147.26,75094.41,7727995790.43
2024-12-19T00:00:00+00:00,BTCUSD,100147.26,102767.84,95555.55,97381.1,80969.49,8011759334.63
2024-12-20T00:00:00+00:00,BTCUSD,97381.1,98131.87,92144.03,97769.49,84967.2,8141536426.69
2024-12-21T00:00:00+00:00,BTCUSD,97769.49,99529.45,96379.46,97223.39,29797.52,2907358271.75
2024-12-22T00:00:00+00:00,BTCUSD,97223.39,97387.01,94186.04,95098.66,29661.75,2842280143.72
2024-12-23T00:00:00+00:00,BTCUSD,95098.66,96428.13,92378.53,94771.64,57639.3,5422281368.55
2024-12-24T00:00:00+00:00,BTCUSD,94771.64,99439.54,93437.9,98606.93,40945.61,3967574825.79
2024-12-25T00:00:00+00:00,BTCUSD,98606.93,99484.75,97568.85,99356.06,21801.56,2147049998.69
2024-12-26T00:00:00+00:00,BTCUSD,99356.06,99888.75,95098.08,95680.19,38437.52,3704007593.19
2024-12-27T00:00:00+00:00,BTCUSD,95680.19,97351.17,93270.34,94170.09,47149.3,4479654695.05
2024-12-28T00:00:00+00:00,BTCUSD,94170.09,95542.25,94008.53,95140.15,14159.69,1339743546.48
2024-12-29T00:00:00+00:00,BTCUSD,95140.15,95175.67,92850.44,93564.85,17921.9,1684134735.83
2024-12-30T00:00:00+00:00,BTCUSD,93564.85,94910.24,91310.52,92646.21,56846.06,5287498462.5
2024-12-31T00:00:00+00:00,BTCUSD,92646.21,96139.7,91894.97,93391.98,38897.74,3659994868.24
2025-01-01T00:00:00+00:00,BTCUSD,93391.98,94953.5,92728.81,94392.51,19153.02,1798161467.81
2025-01-02T00:00:00+00:00,BTCUSD,94392.51,97766.59,94197.85,96900.96,38283.3,3693985155.25
2025-01-03T00:00:00+00:00,BTCUSD,96900.96,98963.23,96021.74,98135.8,28427.3,2773288955.93
2025-01-04T00:00:00+00:00,BTCUSD,98135.8,98757.16,97522.47,98213.69,9919.49,972181437.3
2025-01-05T00:00:00+00:00,BTCUSD,98213.69,98818.4,97248.4,98346.97,9872.68,967941540.09
2025-01-06T00:00:00+00:00,BTCUSD,98346.97,102530.34,97908.09,102282.2,46146.96,4654078182.67
2025-01-07T00:00:00+00:00,BTCUSD,102282.2,102747.54,96112.95,96942.47,54319.14,5348079997.25
2025-01-08T00:00:00+00:00,BTCUSD,96942.47,97251.53,92488.45,95051.06,57721.92,5480363249.42
2025-01-09T00:00:00+00:00,BTCUSD,95051.06,95345.44,91197.56,92548.12,50519.28,4696698492.32
2025-01-10T00:00:00+00:00,BTCUSD,92548.12,95845.36,92206.53,94710.29,55479.83,5217667771.49
2025-01-11T00:00:00+00:00,BTCUSD,94710.29,94985.54,93826.56,94569.95,9594.23,905586720.06
2025-01-12T00:00:00+00:00,BTCUSD,94569.95,95388.08,93675.7,94505.67,10865.93,1027482279.92
2025-01-13T00:00:00+00:00,BTCUSD,94505.67,95894.16,89153.4,94517.66,67978.59,6274787648.38
2025-01-14T00:00:00+00:00,BTCUSD,94517.66,97357.87,94324.09,96526.87,44347.27,4263471095.02
2025-01-15T00:00:00+00:00,BTCUSD,96526.87,100719.11,96466.75,100510.84,43167.2,4261664752.23
2025-01-16T00:00:00+00:00,BTCUSD,100510.84,100867.35,97275.38,99979.43,43426.87,4314930790.39
2025-01-17T00:00:00+00:00,BTCUSD,99979.43,105926.06,99941.15,104111.13,54200.85,5613810480
2025-01-18T00:00:00+00:00,BTCUSD,104111.13,104927.11,102234.37,104431.52,25366.61,2633222970.99
2025-01-19T00:00:00+00:00,BTCUSD,104431.52,106317.18,99537.53,101212.56,41597.34,4325905602.1
2025-01-20T00:00:00+00:00,BTCUSD,101212.56,109340.21,99449.75,102148.74,68840.35,7208305685.37
2025-01-21T00:00:00+00:00,BTCUSD,102148.74,107252.77,100069.04,106155.61,84552.76,8798621119.3
2025-01-22T00:00:00+00:00,BTCUSD,106155.61,106398.57,103321.48,103669.08,43996.49,4603973397.2
2025-01-23T00:00:00+00:00,BTCUSD,103669.08,106865.3,101221,103933.88,94063.64,9801561614.73
2025-01-24T00:00:00+00:00,BTCUSD,103933.88,107170.86,102751.09,104854.78,40201.93,4233037157.97
2025-01-25T00:00:00+00:00,BTCUSD,104854.78,105282.15,104107.08,104733.15,11835.64,1239370331.55
2025-01-26T00:00:00+00:00,BTCUSD,104733.15,105475.33,102487.8,102576.93,14118.63,1469434497.98
2025-01-27T00:00:00+00:00,BTCUSD,102576.93,103230.24,97712.77,102065.72,94472.14,9486896779.23
2025-01-28T00:00:00+00:00,BTCUSD,102065.72,103787.72,100221.08,101284.47,44096.37,4510250877.49
2025-01-29T00:00:00+00:00,BTCUSD,101284.47,104796.98,101279.83,103742.97,47080.07,4842279589.43
2025-01-30T00:00:00+00:00,BTCUSD,103742.97,106472.04,103297.81,104739.58,36659.17,3857857706.34
2025-01-31T00:00:00+00:00,BTCUSD,104739.58,106101.91,101514.21,102412.41,42222.31,4378171064.39
2025-02-01T00:00:00+00:00,BTCUSD,102412.41,102768.26,100270.22,100619.87,15691.73,1595801666.26
2025-02-02T00:00:00+00:00,BTCUSD,100619.87,101436.9,96158.45,97665.06,56620.33,5562003741.78
2025-02-03T00:00:00+00:00,BTCUSD,97665.06,102575.82,91142.87,101451.28,119095.77,11504010038.06
2025-02-04T00:00:00+00:00,BTCUSD,101451.28,101800.32,95090.81,97794.88,63348.17,6271562966.61
2025-02-05T00:00:00+00:00,BTCUSD,97794.88,99208.65,96175.47,96633.71,42695.62,4171560523.14
2025-02-06T00:00:00+00:00,BTCUSD,96633.71,99180.75,95691.57,96564.27,44725.1,4349625340.99
2025-02-07T00:00:00+00:00,BTCUSD,96564.27,100202.29,95630.04,96532.73,51939.12,5075285222.44
2025-02-08T00:00:00+00:00,BTCUSD,96532.73,96906.35,95685.31,96475.59,12529.37,1207354073.88
2025-02-09T00:00:00+00:00,BTCUSD,96475.59,97340.86,94752.27,96485.6,18638.48,1791686347.07
2025-02-10T00:00:00+00:00,BTCUSD,96485.6,98363.35,95276.7,97458.59,28119.4,2731410651.57
2025-02-11T00:00:00+00:00,BTCUSD,97458.59,98499.44,94852.37,95781.05,29002.62,2800036234.45
2025-02-12T00:00:00+00:00,BTCUSD,95781.05,98127.45,94087.33,97874.61,40118.73,3853980407.7
2025-02-13T00:00:00+00:00,BTCUSD,97874.61,98104.11,95225.08,96632.78,23246.76,2236344585.75
2025-02-14T00:00:00+00:00,BTCUSD,96632.78,98869.28,96282.72,97508.71,20187.22,1966704817.61
2025-02-15T00:00:00+00:00,BTCUSD,97508.71,97979.54,97245.24,97596.21,5831.48,569120592.04
2025-02-16T00:00:00+00:00,BTCUSD,97596.21,97728.27,96069.15,96132.69,6632.76,643146269.46
2025-02-17T00:00:00+00:00,BTCUSD,96132.69,97046.2,95226.61,95790.31,14565.31,1398128550.67
2025-02-18T00:00:00+00:00,BTCUSD,95790.31,96736.69,93361.47,95630.67,26359.54,2502902525.93
2025-02-19T00:00:00+00:00,BTCUSD,95630.67,96885.35,95032.61,96640.99,17048.51,1637124692.48
2025-02-20T00:00:00+00:00,BTCUSD,96640.99,98763.14,96430.11,98345.66,21068.47,2057024374.7
2025-02-21T00:00:00+00:00,BTCUSD,98345.66,99519.21,94775.25,96150.27,40404.88,3928905117.72
2025-02-22T00:00:00+00:00,BTCUSD,96150.27,96973.86,95771.79,96580.46,11673.75,1126120706.18
2025-02-23T00:00:00+00:00,BTCUSD,96580.46,96674.04,95255.75,96274.12,7473.29,718043733.58
2025-02-24T00:00:00+00:00,BTCUSD,96274.12,96514.26,91349.77,91536.97,31216.13,2945422583.03
2025-02-25T00:00:00+00:00,BTCUSD,91536.97,92540.35,85944.14,88609.26,73085.74,6473414678.86
2025-02-26T00:00:00+00:00,BTCUSD,88609.26,89320.19,82199.13,84128.38,59111.39,5069737664.07
2025-02-27T00:00:00+00:00,BTCUSD,84128.38,87008.08,82601.58,84657.34,46301.47,3929681159.63
2025-02-28T00:00:00+00:00,BTCUSD,84657.34,85114.25,78203.72,84322.57,79539.18,6502539275.13
2025-03-01T00:00:00+00:00,BTCUSD,84322.57,86537.62,83798.96,86050.58,18530.02,1577375765.18
2025-03-02T00:00:00+00:00,BTCUSD,86050.58,95106.04,85047.82,94275.76,48038.07,4350642164.47
2025-03-03T00:00:00+00:00,BTCUSD,94275.76,94415.65,85071.66,86158.95,65233.7,5844734403
2025-03-04T00:00:00+00:00,BTCUSD,86158.95,88941.97,81449.43,87255.42,67017.22,5671376306.72
2025-03-05T00:00:00+00:00,BTCUSD,87255.42,91001.98,86341.87,90610.8,38856.74,3457722668.91
2025-03-06T00:00:00+00:00,BTCUSD,90610.8,92808.83,87818.33,89931.91,38977.52,3512025157.48
2025-03-07T00:00:00+00:00,BTCUSD,89931.91,91275.25,84649.25,86766.61,70464.28,6196139350.73
2025-03-08T00:00:00+00:00,BTCUSD,86766.61,86860.89,85206.97,86225,10574.16,910862167.44
2025-03-09T00:00:00+00:00,BTCUSD,86225,86509.85,80006.76,80719.05,23565.36,1952362587.51
2025-03-10T00:00:00+00:00,BTCUSD,80719.05,84037.25,77420.92,78561.62,54996.98,4414695361.63
2025-03-11T00:00:00+00:00,BTCUSD,78561.62,83608.26,76581.52,82919.47,46456.32,3744822903.84
2025-03-12T00:00:00+00:00,BTCUSD,82919.47,84410.29,80596.11,83665.14,33320.8,2750448405.11
2025-03-13T00:00:00+00:00,BTCUSD,83665.14,84307.29,79915.4,81081.43,25813.81,2112762232.49
2025-03-14T00:00:00+00:00,BTCUSD,81081.43,85315.9,80787.81,83995.47,27692.23,2317052000.16
2025-03-15T00:00:00+00:00,BTCUSD,83995.47,84688.82,83628.73,84355.92,6081.09,512466916.19
2025-03-16T00:00:00+00:00,BTCUSD,84355.92,85083.1,81992.19,82572.37,13119.21,1094031604.62
2025-03-17T00:00:00+00:00,BTCUSD,82572.37,84760.98,82442.95,84025.12,19966.07,1667911609.42
2025-03-18T00:00:00+00:00,BTCUSD,84025.12,84039.3,81137.39,82716.74,20939.97,1721702159.89
2025-03-19T00:00:00+00:00,BTCUSD,82716.74,87036.45,82562.03,86878.5,30764.1,2600942940.47
2025-03-20T00:00:00+00:00,BTCUSD,86878.5,87483.4,83611.66,84178.31,25040.14,2135028136.81
2025-03-21T00:00:00+00:00,BTCUSD,84178.31,84798.7,83129.17,84060.48,15799.47,1326866772.29
2025-03-22T00:00:00+00:00,BTCUSD,84060.48,84503.68,83661.65,83837.39,4784.27,402548876.3
2025-03-23T00:00:00+00:00,BTCUSD,83837.39,86126.45,83807.2,86091.67,7450.59,632787991.66
2025-03-24T00:00:00+00:00,BTCUSD,86091.67,88782.52,85546.71,87520.48,26225.71,2301262365.85
2025-03-25T00:00:00+00:00,BTCUSD,87520.48,88575,86325.18,87439.7,23097.19,2023574450.81
2025-03-26T00:00:00+00:00,BTCUSD,87439.7,88297.12,85867.66,86923.95,19657.36,1711822847.59
2025-03-27T00:00:00+00:00,BTCUSD,86923.95,87779.02,85817.84,87218.89,16968.52,1476492894.46
2025-03-28T00:00:00+00:00,BTCUSD,87218.89,87492.39,83544.63,84387.01,25383.93,2152567384.16
2025-03-29T00:00:00+00:00,BTCUSD,84387.01,84583.02,81634.23,82625.65,11328.65,938834818.34
2025-03-30T00:00:00+00:00,BTCUSD,82625.65,83516.72,81563.47,82379.51,10151.57,839590269.08
2025-03-31T00:00:00+00:00,BTCUSD,82379.51,83917.4,81290.13,82539.52,22937.49,1894666416.64
2025-04-01T00:00:00+00:00,BTCUSD,82539.52,85554.98,82419.98,85174.96,23296.36,1962356062.59
2025-04-02T00:00:00+00:00,BTCUSD,85174.96,88505.24,82299.2,82490.58,41160.08,3519914220.4
2025-04-03T00:00:00+00:00,BTCUSD,82490.58,83928.41,81178.57,83158.8,28340.47,2335462308.44
2025-04-04T00:00:00+00:00,BTCUSD,83158.8,84716.02,81648.68,83860.21,37104.6,3085885741.07
2025-04-05T00:00:00+00:00,BTCUSD,83860.21,84230.44,82357.52,83503.37,7478.68,622496989.4
2025-04-06T00:00:00+00:00,BTCUSD,83503.37,83756.1,77079.93,78365.57,29753.86,2374631982.2
2025-04-07T00:00:00+00:00,BTCUSD,78365.57,81172.27,74426.93,79143.06,71279.71,5546499783.12
2025-04-08T00:00:00+00:00,BTCUSD,79143.06,80835.83,76181.24,76255.1,39397.81,3084760820.88
2025-04-09T00:00:00+00:00,BTCUSD,76255.1,83574.06,74569.86,82587.03,62853.19,4963132858.37
2025-04-10T00:00:00+00:00,BTCUSD,82587.03,82710.13,78405.82,79554.96,31362.13,2526317821.03
2025-04-11T00:00:00+00:00,BTCUSD,79554.96,84266.51,78924.27,83386,29349.5,2412186958.4
2025-04-12T00:00:00+00:00,BTCUSD,83386,85899.74,82766.93,85272.12,14180.76,1196895442.75
2025-04-13T00:00:00+00:00,BTCUSD,85272.12,86079.47,83019.76,83730.92,16310.95,1375187409.37
2025-04-14T00:00:00+00:00,BTCUSD,83730.92,85796.21,83667.03,84575.75,24118.6,2042899221.49
2025-04-15T00:00:00+00:00,BTCUSD,84575.75,86473.18,83596.04,83638.17,18210,1548187876.56
2025-04-16T00:00:00+00:00,BTCUSD,83638.17,85485.35,83094.96,84029.4,22244.37,1871983984.29
2025-04-17T00:00:00+00:00,BTCUSD,84029.4,85472.23,83725.98,84943.42,15229.6,1288802970.79
2025-04-18T00:00:00+00:00,BTCUSD,84943.42,85132.75,84287.73,84459.96,5504.81,465771169.06
2025-04-19T00:00:00+00:00,BTCUSD,84459.96,85614.27,84355.7,85061.54,5342.18,454642234.58
2025-04-20T00:00:00+00:00,BTCUSD,85061.54,85302.3,83954.54,85167.14,5694.47,482671707.92
2025-04-21T00:00:00+00:00,BTCUSD,85167.14,88526.3,85132.52,87515.57,30403,2657452654.45
2025-04-22T00:00:00+00:00,BTCUSD,87515.57,93937.07,87084.84,93483.3,42804.67,3880446944.47
2025-04-23T00:00:00+00:00,BTCUSD,93483.3,94656.65,91943.03,93729.23,32977.9,3081124602.45
2025-04-24T00:00:00+00:00,BTCUSD,93729.23,94047.54,91693.21,94022.48,21490.53,2000861098.9
2025-04-25T00:00:00+00:00,BTCUSD,94022.48,95924.19,92883.11,94711.24,32483.13,3078073390.5
2025-04-26T00:00:00+00:00,BTCUSD,94711.24,95258.03,93916.48,94663.66,7391.42,698471645.53
2025-04-27T00:00:00+00:00,BTCUSD,94663.66,95346.43,93671.22,93777.44,7713.95,726739226.7
2025-04-28T00:00:00+00:00,BTCUSD,93777.44,95636.66,92864.35,95035.06,20417.05,1925071151.02
2025-04-29T00:00:00+00:00,BTCUSD,95035.06,95487.2,93780.51,94274.16,16856.75,1599631635.46
2025-04-30T00:00:00+00:00,BTCUSD,94274.16,95250.77,92968.85,94186.14,21486.05,2024539251.94
2025-05-01T00:00:00+00:00,BTCUSD,94186.14,97505.38,94150.92,96519.31,23665.14,2278228402.24
2025-05-02T00:00:00+00:00,BTCUSD,96519.31,97939.99,96386.78,96925.07,16175.06,1571644595.63
2025-05-03T00:00:00+00:00,BTCUSD,96925.07,96963.89,95826,95903.14,7082.92,682121711.48
2025-05-04T00:00:00+00:00,BTCUSD,95903.14,96326.95,94313.27,94394.09,10960.75,1046015845.6
2025-05-05T00:00:00+00:00,BTCUSD,94394.09,95224.21,93694.42,94767.95,17619.91,1661608010.46
2025-05-06T00:00:00+00:00,BTCUSD,94767.95,96911.52,93382.91,96835.87,18330.26,1735613081.89
2025-05-07T00:00:00+00:00,BTCUSD,96835.87,97720.02,95816.56,97052.27,20000.95,1936285634.4
2025-05-08T00:00:00+00:00,BTCUSD,97052.27,104147.97,96905.18,103259,40299.96,4054486165.35
2025-05-09T00:00:00+00:00,BTCUSD,103259,104353.74,102332.43,102982.3,22760.45,2345592246.87
2025-05-10T00:00:00+00:00,BTCUSD,102982.3,104980.23,102830.2,104814.08,9107.42,944047262.42
2025-05-11T00:00:00+00:00,BTCUSD,104814.08,104958.29,103353.87,104124.02,10980.95,1144137614.49
2025-05-12T00:00:00+00:00,BTCUSD,104124.02,105783.35,100723.18,102802.44,27678.93,2862364942.19
2025-05-13T00:00:00+00:00,BTCUSD,102802.44,105015.14,101466.16,104136.59,20326.97,2105889171.38
2025-05-14T00:00:00+00:00,BTCUSD,104136.59,104357.47,102615.68,103543.76,16577.27,1716689620.72
2025-05-15T00:00:00+00:00,BTCUSD,103543.76,104197.65,101407.14,103787.64,17867.52,1837798016.09
2025-05-16T00:00:00+00:00,BTCUSD,103787.64,104594.19,103138.18,103499.6,14498.25,1506289579.07
2025-05-17T00:00:00+00:00,BTCUSD,103499.6,103729.29,102642.39,103159.32,5830.13,601366594.09
2025-05-18T00:00:00+00:00,BTCUSD,103159.32,106670.63,103144.58,106488.62,12986.86,1361010736.04
2025-05-19T00:00:00+00:00,BTCUSD,106488.62,107117.46,102104.37,105618.19,23756.73,2480463388.93
2025-05-20T00:00:00+00:00,BTCUSD,105618.19,107339.72,104220.59,106875.88,19460.7,2062199314.32
2025-05-21T00:00:00+00:00,BTCUSD,106875.88,110778.49,106133.62,109699.86,38005.12,4104199576.95
2025-05-22T00:00:00+00:00,BTCUSD,109699.86,111998.96,109250.4,111722.11,25391.66,2820234493.39
2025-05-23T00:00:00+00:00,BTCUSD,111722.11,111810.26,106807.62,107332.91,25390.32,2775108378.21
2025-05-24T00:00:00+00:00,BTCUSD,107332.91,109512.56,106896.28,107779.46,8974.86,972112098
2025-05-25T00:00:00+00:00,BTCUSD,107779.46,109349.07,106643.02,109041.44,10033.32,1080850082.19
2025-05-26T00:00:00+00:00,BTCUSD,109041.44,110459.23,108718.82,109461.24,14310.31,1568531304.43
2025-05-27T00:00:00+00:00,BTCUSD,109461.24,110802.2,107543.83,108975.95,22990.09,2520257081.13
2025-05-28T00:00:00+00:00,BTCUSD,108975.95,109328.61,106799.94,107821.11,18610.56,2010518282.08
2025-05-29T00:00:00+00:00,BTCUSD,107821.11,108929.95,105327.79,105586.78,24372.04,2610280801.53
2025-05-30T00:00:00+00:00,BTCUSD,105586.78,106348.19,103650.43,104039.27,23541.73,2473658024.71
2025-05-31T00:00:00+00:00,BTCUSD,104039.27,104959.61,103127.75,104654.65,8552.6,890138427.14
2025-06-01T00:00:00+00:00,BTCUSD,104654.65,105924.77,103823.88,105702.19,7524.76,788781340.28
2025-06-02T00:00:00+00:00,BTCUSD,105702.19,105988.22,103708.71,105908.79,15178.71,1589665625.81
2025-06-03T00:00:00+00:00,BTCUSD,105908.79,106888.12,104926.88,105447.66,15596.95,1652394373.05
2025-06-04T00:00:00+00:00,BTCUSD,105447.66,106044.55,104206.69,104746,12621.93,1327155925.5
2025-06-05T00:00:00+00:00,BTCUSD,104746,105975.11,100418.61,101580.61,27489.96,2835254363.62
2025-06-06T00:00:00+00:00,BTCUSD,101580.61,105426.24,101174.97,104392.54,23040.48,2391698461.05
2025-06-07T00:00:00+00:00,BTCUSD,104392.54,105974.42,103976.29,105625.23,8589.54,903776492.08
2025-06-08T00:00:00+00:00,BTCUSD,105625.23,106537.25,105042.03,105779.28,5871.71,621667329.31
2025-06-09T00:00:00+00:00,BTCUSD,105779.28,110543.89,105372.62,110302.12,17851.91,1927020528.87
2025-06-10T00:00:00+00:00,BTCUSD,110302.12,110403.6,108373.44,110296.2,15646.83,1712252251.27
2025-06-11T00:00:00+00:00,BTCUSD,110296.2,110425.64,108096.82,108676.78,14497.2,1585492756.74
2025-06-12T00:00:00+00:00,BTCUSD,108676.78,108843.81,105721.73,105726.04,18051.35,1937273976.29
2025-06-13T00:00:00+00:00,BTCUSD,105726.04,106224.76,102773.14,106121.08,27266.37,2853509529.91
2025-06-14T00:00:00+00:00,BTCUSD,106121.08,106260.08,104386.29,105481.13,7543.44,792948934.46
2025-06-15T00:00:00+00:00,BTCUSD,105481.13,106189.63,104546.11,105625.23,6583.09,693686973.05
2025-06-16T00:00:00+00:00,BTCUSD,105625.23,109014.33,105016.81,106855.39,17191.01,1846109491.24
2025-06-17T00:00:00+00:00,BTCUSD,106855.39,107795.31,103378.64,104598.68,22652.14,2383744168.87
2025-06-18T00:00:00+00:00,BTCUSD,104598.68,105579.84,103547.15,104927.87,18605.58,1945024806.28
2025-06-19T00:00:00+00:00,BTCUSD,104927.87,105264.38,103951.44,104699.72,9905.95,1036540458.21
2025-06-20T00:00:00+00:00,BTCUSD,104699.72,106559.45,102367.77,103313.31,17700.79,1845670588.12
2025-06-21T00:00:00+00:00,BTCUSD,103313.31,104021.01,100925.53,102165.68,11217.17,1151399558.13
2025-06-22T00:00:00+00:00,BTCUSD,102165.68,103430.09,98264.46,101015.42,30700.21,3086806069.73
2025-06-23T00:00:00+00:00,BTCUSD,101015.42,106134.09,99685.07,105423.73,35198.88,3606601777.41
2025-06-24T00:00:00+00:00,BTCUSD,105423.73,106358.78,104710.65,106133.25,19908.29,2099787246.67
2025-06-25T00:00:00+00:00,BTCUSD,106133.25,108196.78,105880.48,107399.88,19838.91,2128340951.52
2025-06-26T00:00:00+00:00,BTCUSD,107399.88,108330.6,106605.5,107012.17,14664.25,1575810932.89
2025-06-27T00:00:00+00:00,BTCUSD,107012.17,107793.99,106421.82,107105.16,16821.31,1799885723.45
2025-06-28T00:00:00+00:00,BTCUSD,107105.16,107591.48,106884.15,107346.44,3472.45,372614444.73
2025-06-29T00:00:00+00:00,BTCUSD,107346.44,108538.36,107233.58,108391.87,6094.35,657403121.35
2025-06-30T00:00:00+00:00,BTCUSD,108391.87,108815.66,106756.38,107169.82,14220.51,1530756559.33
2025-07-01T00:00:00+00:00,BTCUSD,107169.82,107574.08,105295.02,105724.18,15730.48,1673173144.76
2025-07-02T00:00:00+00:00,BTCUSD,105724.18,109818.47,105143.1,108886.62,19611.45,2124516059.08
2025-07-03T00:00:00+00:00,BTCUSD,108886.62,110584.4,108579.56,109638.97,16647.63,1825182141.8
2025-07-04T00:00:00+00:00,BTCUSD,109638.97,109810.02,107283.92,108027.71,10440.09,1130647600.78
2025-07-05T00:00:00+00:00,BTCUSD,108027.71,108444.73,107798.16,108244.51,3465.16,374668091.72
2025-07-06T00:00:00+00:00,BTCUSD,108244.51,109728.96,107846.02,109233.93,5651.56,614763572.9
2025-07-07T00:00:00+00:00,BTCUSD,109233.93,109737.83,107513.97,108277.16,13350.41,1447160434.07
2025-07-08T00:00:00+00:00,BTCUSD,108277.16,109248.31,107445.04,108955.05,12122.12,1316408874.89
2025-07-09T00:00:00+00:00,BTCUSD,108955.05,112077.21,108341.92,111291.7,19761.34,2177951432.55
2025-07-10T00:00:00+00:00,BTCUSD,111291.7,116848.31,110555.52,116023.34,31905.27,3616719327.76
2025-07-11T00:00:00+00:00,BTCUSD,116023.34,118890.32,115236.69,117573.92,26050.27,3060911543.15
2025-07-12T00:00:00+00:00,BTCUSD,117573.92,118239.99,116954.09,117468.16,7395.67,869899617.34
2025-07-13T00:00:00+00:00,BTCUSD,117468.16,119503.56,117264.6,119127.66,9553.52,1133368267.75
2025-07-14T00:00:00+00:00,BTCUSD,119127.66,123220.28,118951.55,119869.01,31361.7,3784774921.45
2025-07-15T00:00:00+00:00,BTCUSD,119869.01,119958.94,115709.64,117777.9,50123.19,5881848280.87
2025-07-16T00:00:00+00:00,BTCUSD,117777.9,120122.22,117043.92,118700.37,27837.68,3310853209.79
2025-07-17T00:00:00+00:00,BTCUSD,118700.37,121020.95,117485.98,119282.74,25218.52,3000532789.4
2025-07-18T00:00:00+00:00,BTCUSD,119282.74,120911.16,116902.92,118025.92,26111.51,3096339405.33
2025-07-19T00:00:00+00:00,BTCUSD,118025.92,118572.53,117339.41,117913.27,6706.12,791893576.81
2025-07-20T00:00:00+00:00,BTCUSD,117913.27,118903.91,116533.22,117328.61,9166.19,1081488186.29
2025-07-21T00:00:00+00:00,BTCUSD,117328.61,119712.2,116581.7,117441.75,18543.72,2187836280.67
2025-07-22T00:00:00+00:00,BTCUSD,117441.75,120298.65,116186.23,120023.5,21981.53,2607540535.18
2025-07-23T00:00:00+00:00,BTCUSD,120023.5,120167.5,117361.89,118808.78,17163.7,2029832616.05
2025-07-24T00:00:00+00:00,BTCUSD,118808.78,119555.88,117214.42,118397.33,17930.71,2128340080.84
2025-07-25T00:00:00+00:00,BTCUSD,118397.33,118523.27,114756.37,117644.11,47767.94,5546818211.88
2025-07-26T00:00:00+00:00,BTCUSD,117644.11,118355.11,117143.68,117971.27,10959.83,1291296798.52
2025-07-27T00:00:00+00:00,BTCUSD,117971.27,119808.28,117872.15,119468.71,10341.68,1228024808.19
2025-07-28T00:00:00+00:00,BTCUSD,119468.71,119835.44,117403.28,118059.92,18092.6,2142740462.44
2025-07-29T00:00:00+00:00,BTCUSD,118059.92,119285.96,116933.73,117942.11,17580.06,2073820445.19
2025-07-30T00:00:00+00:00,BTCUSD,117942.11,118800.1,115769.47,117853.3,18335.33,2153325010.48
2025-07-31T00:00:00+00:00,BTCUSD,117853.3,118927.15,115493.77,115765.36,16934.89,1991848800.07
2025-08-01T00:00:00+00:00,BTCUSD,115765.36,116060.68,112682.82,113263.48,33588.86,3851719228.71
2025-08-02T00:00:00+00:00,BTCUSD,113263.48,114033.98,112006.36,112546.32,12452.57,1407609649
2025-08-03T00:00:00+00:00,BTCUSD,112546.32,114803.51,111925.95,114238.83,8326.85,947196437.08
2025-08-04T00:00:00+00:00,BTCUSD,114238.83,115744.56,114140.41,115065.9,14470.62,1662390456.96
2025-08-05T00:00:00+00:00,BTCUSD,115065.9,115111.39,112629.49,114127.63,16922.91,1925704360.18
2025-08-06T00:00:00+00:00,BTCUSD,114127.63,115748.22,113364.73,115038.45,14480.66,1659630182.7
2025-08-07T00:00:00+00:00,BTCUSD,115038.45,117690.87,114288.63,117522.28,16359.62,1904030478.64
2025-08-08T00:00:00+00:00,BTCUSD,117522.28,117698.38,115895.35,116692.86,14582.39,1702088353.29
2025-08-09T00:00:00+00:00,BTCUSD,116692.86,117940.29,116360.05,116501.28,7930.51,926558904.04
2025-08-10T00:00:00+00:00,BTCUSD,116501.28,119320.76,116496.35,119311.7,10554.12,1248946431.14
2025-08-11T00:00:00+00:00,BTCUSD,119311.7,122309.71,118106.91,118714.58,25659.91,3086540255.03
2025-08-12T00:00:00+00:00,BTCUSD,118714.58,120325.99,118214.28,120128.24,18213.63,2172908089.75
2025-08-13T00:00:00+00:00,BTCUSD,120128.24,123735.38,118948.18,123374.56,27352.96,3321096939.91
2025-08-14T00:00:00+00:00,BTCUSD,123374.56,124532.7,117241.12,118391.59,35491.88,4249355541.57
2025-08-15T00:00:00+00:00,BTCUSD,118391.59,119335.93,116865.92,117440.09,19724.55,2327158152.31
2025-08-16T00:00:00+00:00,BTCUSD,117440.09,118000.57,117242.73,117469.52,6405.98,753827490.14
2025-08-17T00:00:00+00:00,BTCUSD,117469.52,118639.81,117268.69,117488,6706.31,791200441.51
2025-08-18T00:00:00+00:00,BTCUSD,117488,117627.66,114716.49,116292.15,22732.79,2634618667.75
2025-08-19T00:00:00+00:00,BTCUSD,116292.15,116789.95,112738.04,112870.67,26286.85,3006851749.91
2025-08-20T00:00:00+00:00,BTCUSD,112870.67,114642.26,112387.14,114291.37,22978.24,2610717313.9
2025-08-21T00:00:00+00:00,BTCUSD,114291.37,114816.84,111993.84,112491.84,19947.31,2256735254.8
2025-08-22T00:00:00+00:00,BTCUSD,112491.84,117428.1,111675.14,116909.79,28375.72,3261042644.22
2025-08-23T00:00:00+00:00,BTCUSD,116909.79,117003.31,114533.54,115391.76,8271.23,955311763.7
2025-08-24T00:00:00+00:00,BTCUSD,115391.76,115626.28,110860.71,113486.67,17025.82,1932434686.25
2025-08-25T00:00:00+00:00,BTCUSD,113486.67,113648.57,109292.22,110150.15,33305.33,3708998747.39
2025-08-26T00:00:00+00:00,BTCUSD,110150.15,112407.53,108701.29,111805.93,27215.82,2999152225.36
2025-08-27T00:00:00+00:00,BTCUSD,111805.93,112669.11,110381.63,111276.98,21850.84,2440706983.66
2025-08-28T00:00:00+00:00,BTCUSD,111276.98,113487.65,110887.39,112582.21,16865.13,1898278605.83
2025-08-29T00:00:00+00:00,BTCUSD,112582.21,112646.73,107512.41,108393.15,29122.98,3185827654.7
2025-08-30T00:00:00+00:00,BTCUSD,108393.15,108937.23,107381.29,108833.53,9682.99,1049906247.96
2025-08-31T00:00:00+00:00,BTCUSD,108833.53,109510.25,108095.95,108273.72,9099.54,990157824.59
2025-09-01T00:00:00+00:00,BTCUSD,108273.72,109913.29,107271.39,109256.28,21783.85,2365084072.12
2025-09-02T00:00:00+00:00,BTCUSD,109256.28,111796.23,108420.77,111245.94,27112.92,2993969175.78
2025-09-03T00:00:00+00:00,BTCUSD,111245.94,112601.73,110556.54,111751.51,19087.45,2132239039.57
2025-09-04T00:00:00+00:00,BTCUSD,111751.51,112225.93,109345.22,110732.33,19577.2,2162838407.83
2025-09-05T00:00:00+00:00,BTCUSD,110732.33,113400.39,110217.27,110676.99,28328.28,3163045481.16
2025-09-06T00:00:00+00:00,BTCUSD,110676.99,111320.3,110019.89,110230.16,6640.6,734143439.06
2025-09-07T00:00:00+00:00,BTCUSD,110230.16,111607.85,110215.7,111143.24,6492.41,720954382.33
2025-09-08T00:00:00+00:00,BTCUSD,111143.24,112937.76,110628.16,112089.06,16345.84,1829788896.49
2025-09-09T00:00:00+00:00,BTCUSD,112089.06,113293.12,110777.59,111549.14,18844.58,2108163610.41
2025-09-10T00:00:00+00:00,BTCUSD,111549.14,114341.92,110940.58,113988.2,23523.08,2661952161.9
2025-09-11T00:00:00+00:00,BTCUSD,113988.2,115543.74,113457.52,115537.84,18345.68,2096575532.81
2025-09-12T00:00:00+00:00,BTCUSD,115537.84,116816.49,114785.3,116116.26,20842.83,2412089976.27
2025-09-13T00:00:00+00:00,BTCUSD,116116.26,116361.05,115207.42,115971.92,7083.57,820638135.29
2025-09-14T00:00:00+00:00,BTCUSD,115971.92,116227.37,115203.8,115351.87,7290.45,843593558.49
2025-09-15T00:00:00+00:00,BTCUSD,115351.87,116808.07,114427.7,115401.06,18559.61,2137738674.14
2025-09-16T00:00:00+00:00,BTCUSD,115401.06,117006.56,114765.74,116838.31,16305.16,1890323067.86
2025-09-17T00:00:00+00:00,BTCUSD,116838.31,117331.11,114742.84,116488.17,23702.53,2750924037.55
2025-09-18T00:00:00+00:00,BTCUSD,116488.17,117981.11,116134.78,117126.46,19195.15,2253362090.44
2025-09-19T00:00:00+00:00,BTCUSD,117126.46,117510.96,115150.85,115701.97,16753.48,1947524484.47
2025-09-20T00:00:00+00:00,BTCUSD,115701.97,116202.27,115488.37,115756.07,5995.45,694697640.09
2025-09-21T00:00:00+00:00,BTCUSD,115756.07,115900.98,115262.9,115299.83,5422.99,626782372.11
2025-09-22T00:00:00+00:00,BTCUSD,115299.83,115439.04,112027.44,112747.85,28253.02,3197786129.9
2025-09-23T00:00:00+00:00,BTCUSD,112747.85,113372.59,111518.32,112043.66,18488.69,2080069063.95
2025-09-24T00:00:00+00:00,BTCUSD,112043.66,114013.4,111118.7,113360.69,17597.56,1988342351.86
2025-09-25T00:00:00+00:00,BTCUSD,113360.69,113559.7,108664.26,109061.11,34940.33,3874673081.63
2025-09-26T00:00:00+00:00,BTCUSD,109061.11,110387.27,108695.14,109723.94,27943.91,3057709370.2
2025-09-27T00:00:00+00:00,BTCUSD,109723.94,109822.37,109156.33,109727.42,7105.98,778286679.14
2025-09-28T00:00:00+00:00,BTCUSD,109727.42,112406.99,109280.14,112226.65,11935.68,1316899924.45
2025-09-29T00:00:00+00:00,BTCUSD,112226.65,114496.59,111625.37,114407.08,19529.19,2209223703.69
2025-09-30T00:00:00+00:00,BTCUSD,114407.08,114866.53,112727.79,114078.18,22976.41,2612642606.56
2025-10-01T00:00:00+00:00,BTCUSD,114078.18,118722.74,114004.91,118666.73,28249.14,3288729604.9
2025-10-02T00:00:00+00:00,BTCUSD,118666.73,121107.24,118356.65,120630.71,27985.21,3348607182.92
2025-10-03T00:00:00+00:00,BTCUSD,120630.71,123996.37,119348.63,122318.86,35664.64,4338240508.78
2025-10-04T00:00:00+00:00,BTCUSD,122318.86,122898.15,121598.23,122455.39,9977.25,1218962839.87
2025-10-05T00:00:00+00:00,BTCUSD,122455.39,125748.81,122213.36,123535.21,21834.57,2703677561.24
2025-10-06T00:00:00+00:00,BTCUSD,123535.21,126287.29,123143.47,124723,27874.8,3478551798.53
2025-10-07T00:00:00+00:00,BTCUSD,124723,125225.23,120661.76,121414.53,29039.6,3568433457.82
2025-10-08T00:00:00+00:00,BTCUSD,121414.53,124254.95,121116.33,123358.65,25262.59,3098621661.77
2025-10-09T00:00:00+00:00,BTCUSD,123358.65,123818.95,119741.93,121713.94,26848.29,3266509707.34
2025-10-10T00:00:00+00:00,BTCUSD,121713.94,122586.57,105833.75,112998.91,63865.23,7411664103.33
2025-10-11T00:00:00+00:00,BTCUSD,112998.91,113462.03,109711.01,110779.65,38127.92,4260858251.85
2025-10-12T00:00:00+00:00,BTCUSD,110779.65,115849.48,109708.26,115084.73,36833.57,4154852090.6
2025-10-13T00:00:00+00:00,BTCUSD,115084.73,116064.34,113754.71,115279.04,30207.33,3475980079.05
2025-10-14T00:00:00+00:00,BTCUSD,115279.04,115514.54,109983.29,113097.76,39286.64,4415300609.88
2025-10-15T00:00:00+00:00,BTCUSD,113097.76,113679.91,110229.66,110819.47,30171.93,3370232022.3
2025-10-16T00:00:00+00:00,BTCUSD,110819.47,112027.41,107501.51,108212.4,44973.38,4931780713.35
2025-10-17T00:00:00+00:00,BTCUSD,108212.4,109278.91,103552.05,106485.41,48249.26,5124514044.62
2025-10-18T00:00:00+00:00,BTCUSD,106485.41,107544.75,106382.73,107228.76,11815.48,1263875181.71
2025-10-19T00:00:00+00:00,BTCUSD,107228.76,109508.08,106146.21,108701.79,18116.25,1956837354.37
2025-10-20T00:00:00+00:00,BTCUSD,108701.79,111743.25,107486.38,110583.29,27390.05,3024980668.92
2025-10-21T00:00:00+00:00,BTCUSD,110583.29,114069.11,107500.34,108387.11,40819.23,4507488183.36
2025-10-22T00:00:00+00:00,BTCUSD,108387.11,109181.59,106750.91,107604.16,34388.98,3715585780.1
2025-10-23T00:00:00+00:00,BTCUSD,107604.16,111341.37,107527.17,110114.95,22351.32,2450418378.51
2025-10-24T00:00:00+00:00,BTCUSD,110114.95,111967.35,109742.29,111046.29,19795.99,2193655220.33
2025-10-25T00:00:00+00:00,BTCUSD,111046.29,111960.99,110709.35,111671.84,5949.66,663139261.5
2025-10-26T00:00:00+00:00,BTCUSD,111671.84,115420.91,111281.45,114559.89,13255.98,1502383516.36
2025-10-27T00:00:00+00:00,BTCUSD,114559.89,116395.5,113855.65,114115.08,18980.68,2184835505.2
2025-10-28T00:00:00+00:00,BTCUSD,114115.08,116105.23,112249.3,112930.68,20610.35,2354798941.53
2025-10-29T00:00:00+00:00,BTCUSD,112930.68,113669.5,109339.16,110064.53,25061.43,2800964736.4
2025-10-30T00:00:00+00:00,BTCUSD,110064.53,111617.77,106319.98,108326.41,33363.2,3623082463.09
2025-10-31T00:00:00+00:00,BTCUSD,108326.41,111081.78,108295.99,109580.94,24417.33,2677616192.81
2025-11-01T00:00:00+00:00,BTCUSD,109580.94,110513.95,109378.81,110104.4,6377.31,701873036.06
2025-11-02T00:00:00+00:00,BTCUSD,110104.4,111199.6,109485.51,110564.52,11170.49,1233024892.84
2025-11-03T00:00:00+00:00,BTCUSD,110564.52,110748.58,105315.16,106580.38,34536.33,3707370586.13
2025-11-04T00:00:00+00:00,BTCUSD,106580.38,107289.91,98932.13,101493.23,57282.41,5883230356.44
2025-11-05T00:00:00+00:00,BTCUSD,101493.23,104543.57,98978.04,103893.5,35631.18,3649971434.76
2025-11-06T00:00:00+00:00,BTCUSD,103893.5,104201.89,100266.6,101302.75,32306.54,3300189453.88
2025-11-07T00:00:00+00:00,BTCUSD,101302.75,104039.73,99207.58,103301.61,38050.15,3859784919.88
2025-11-08T00:00:00+00:00,BTCUSD,103301.61,103353.75,101453.48,102304.79,13228.46,1353025871.14
2025-11-09T00:00:00+00:00,BTCUSD,102304.79,105466.47,101415.54,104721.32,17136.04,1768769402.16
2025-11-10T00:00:00+00:00,BTCUSD,104721.32,106648.26,104270.97,105988.36,23693.26,2506360068.91
2025-11-11T00:00:00+00:00,BTCUSD,105988.36,107489.75,102465.73,103033.54,22618.21,2363088563.61
2025-11-12T00:00:00+00:00,BTCUSD,103033.54,105327.79,100818.69,101660.22,23740.26,2442775374.2
2025-11-13T00:00:00+00:00,BTCUSD,101660.22,104048.87,97956.87,99644.14,44584.48,4485055113.5
2025-11-14T00:00:00+00:00,BTCUSD,99644.14,99836.81,94006.67,94531.81,64051.76,6169788916.03
2025-11-15T00:00:00+00:00,BTCUSD,94531.81,96761.57,94516.28,95555.28,18574.48,1779382556.84
2025-11-16T00:00:00+00:00,BTCUSD,95555.28,96574.81,93006.43,94244.44,26755.82,2531966320.57
2025-11-17T00:00:00+00:00,BTCUSD,94244.44,95973.02,91244.75,92141.25,48309.81,4519819656.92
2025-11-18T00:00:00+00:00,BTCUSD,92141.25,93785.83,89289.38,92946.24,50671.19,4643651409
2025-11-19T00:00:00+00:00,BTCUSD,92946.24,92963.84,88529.93,91483.02,48242.24,4367651167.54
2025-11-20T00:00:00+00:00,BTCUSD,91483.02,93082.73,86019.03,86553.58,56931.35,5067984092.5
2025-11-21T00:00:00+00:00,BTCUSD,86553.58,87404.99,80562.05,85087.62,89136.71,7497064318.5
2025-11-22T00:00:00+00:00,BTCUSD,85087.62,85562.12,83462.76,84696.98,23440.3,1978095092.65
2025-11-23T00:00:00+00:00,BTCUSD,84696.98,88106.69,84639.73,86823.45,27848.78,2411303412.83
2025-11-24T00:00:00+00:00,BTCUSD,86823.45,89227.26,85242.01,88288.33,44709.41,3899541725.92
2025-11-25T00:00:00+00:00,BTCUSD,88288.33,88494.81,86089.7,87340.82,32065.82,2799155557.35
2025-11-26T00:00:00+00:00,BTCUSD,87340.82,90634.17,86298.47,90487.28,30484.49,2694221350.78
2025-11-27T00:00:00+00:00,BTCUSD,90487.28,91934.77,90083.46,91327.26,21381.51,1949917850.01
2025-11-28T00:00:00+00:00,BTCUSD,91327.26,93116.85,90242.43,90917.53,28364.69,2595318230.11
2025-11-29T00:00:00+00:00,BTCUSD,90917.53,91201.7,90211.19,90842.76,9605.76,871610718.83
2025-11-30T00:00:00+00:00,BTCUSD,90842.76,91983.85,90363.83,90381.34,11291.12,1030115399.98
2025-12-01T00:00:00+00:00,BTCUSD,90381.34,90443.38,83828.42,86302.37,56213.9,4839357127.84
2025-12-02T00:00:00+00:00,BTCUSD,86302.37,92332.31,86199.69,91315.07,45736.14,4090746747.17
2025-12-03T00:00:00+00:00,BTCUSD,91315.07,94192.91,91041.2,93464.62,41538.16,3856959977.71
2025-12-04T00:00:00+00:00,BTCUSD,93464.62,94089.06,90913.17,92106.94,28655.33,2655580450.16
2025-12-05T00:00:00+00:00,BTCUSD,92106.94,92717.53,88116.59,89352.03,32962.38,2976454083.09
2025-12-06T00:00:00+00:00,BTCUSD,89352.03,90291.46,88942.96,89262.3,10824.34,969656691.35
2025-12-07T00:00:00+00:00,BTCUSD,89262.3,91783.95,87756.05,90413.99,19003.3,1705564638.74
2025-12-08T00:00:00+00:00,BTCUSD,90413.99,92303.63,89623.92,90661.73,29264.71,2657534555.78
2025-12-09T00:00:00+00:00,BTCUSD,90661.73,94617.1,89530.61,92701.41,33300.59,3069266494.39
2025-12-10T00:00:00+00:00,BTCUSD,92701.41,94506.56,91582.52,92038.34,31975.44,2959837905.11
2025-12-11T00:00:00+00:00,BTCUSD,92038.34,93581.1,89281.34,92546.9,34699.18,3150988931.6
2025-12-12T00:00:00+00:00,BTCUSD,92546.9,92774.35,89499.86,90277.47,23943.19,2181249699.44
2025-12-13T00:00:00+00:00,BTCUSD,90277.47,90655.09,89789.11,90262.18,4873.94,439868316.39
2025-12-14T00:00:00+00:00,BTCUSD,90262.18,90495.22,87605.5,88169.62,13925.51,1240055595.3
2025-12-15T00:00:00+00:00,BTCUSD,88169.62,90044.99,85149.06,86421.58,32063.56,2801710553.18
2025-12-16T00:00:00+00:00,BTCUSD,86421.58,88144.98,85264.64,87851.74,29881.81,2601098656.79
2025-12-17T00:00:00+00:00,BTCUSD,87851.74,90343.35,85280.69,86223.21,36654.93,3196552925.86
2025-12-18T00:00:00+00:00,BTCUSD,86223.21,89450.72,84424.2,85478.7,37000.62,3212930907.73
2025-12-19T00:00:00+00:00,BTCUSD,85478.7,89360.77,85085.96,88107.2,30053.32,2631213615.27
2025-12-20T00:00:00+00:00,BTCUSD,88107.2,88542.21,87793.71,88340.83,5509.23,485865198.65
2025-12-21T00:00:00+00:00,BTCUSD,88340.83,89047.71,87586.96,88647.8,9049.14,798755210.48
2025-12-22T00:00:00+00:00,BTCUSD,88647.8,90551.12,87881.68,88566.92,29006.12,2587981701.25
2025-12-23T00:00:00+00:00,BTCUSD,88566.92,88897.58,86559.41,87440.81,23920.9,2097762546.31
2025-12-24T00:00:00+00:00,BTCUSD,87440.81,88003.03,86365.36,87620.12,16558.92,1443982911.33
2025-12-25T00:00:00+00:00,BTCUSD,87620.12,88545.97,86913.66,87183.32,8950.93,785512556.31
2025-12-26T00:00:00+00:00,BTCUSD,87183.32,89503.42,86589.77,87315.1,24423.76,2146285656.23
2025-12-27T00:00:00+00:00,BTCUSD,87315.1,87925.14,87154.06,87823.31,4960.63,433943569.04
2025-12-28T00:00:00+00:00,BTCUSD,87823.31,88018.43,87381.32,87886.81,5733.05,502876455.57
2025-12-29T00:00:00+00:00,BTCUSD,87886.81,90327.16,86704.68,87133.26,30609.16,2698231723.66
2025-12-30T00:00:00+00:00,BTCUSD,87133.26,89341.34,86732.68,88410.54,22736.07,2002631036.31
2025-12-31T00:00:00+00:00,BTCUSD,88410.54,89105.68,87109.45,87519.13,18255.84,1607399099.44
2026-01-01T00:00:00+00:00,BTCUSD,87519.13,88806.59,87400.21,88742.68,9510.96,835819448.91
2026-01-02T00:00:00+00:00,BTCUSD,88742.68,90940.54,88289.33,89959.25,32178.91,2884180579.57
2026-01-03T00:00:00+00:00,BTCUSD,89959.25,90692.56,89288.1,90598.87,8300.07,747315427.58
2026-01-04T00:00:00+00:00,BTCUSD,90598.87,91750.6,90598.62,91499.58,10582.97,965791644.63
2026-01-05T00:00:00+00:00,BTCUSD,91499.58,94804.38,91483.13,93871.45,32652.53,3048567458.71
2026-01-06T00:00:00+00:00,BTCUSD,93871.45,94428.7,91210.45,93720.48,29297.33,2727558377.19
2026-01-07T00:00:00+00:00,BTCUSD,93720.48,93720.65,90363.64,91287.12,26753.28,2453135155.95
2026-01-08T00:00:00+00:00,BTCUSD,91287.12,91578.27,89212.31,91032.92,29489.79,2669597853.95
2026-01-09T00:00:00+00:00,BTCUSD,91032.92,91948.91,89596.59,90524.71,29088.95,2639588033.82
2026-01-10T00:00:00+00:00,BTCUSD,90524.71,90713.65,90279.2,90391.76,4793.55,433879311.46
2026-01-11T00:00:00+00:00,BTCUSD,90391.76,91164.56,90122.7,90885.04,7635.61,692346756.17
2026-01-12T00:00:00+00:00,BTCUSD,90885.04,92416.57,90020.58,91199.65,31732.96,2898331129.52
2026-01-13T00:00:00+00:00,BTCUSD,91199.65,96126.37,90944.45,95374.03,46070.59,4301006824.49
2026-01-14T00:00:00+00:00,BTCUSD,95374.03,97943.22,94530.69,96945.09,50778.17,4896225428.34
2026-01-15T00:00:00+00:00,BTCUSD,96945.09,97178.67,95102.98,95583.86,33226.15,3196525932.98
2026-01-16T00:00:00+00:00,BTCUSD,95583.86,95835.5,94246.25,95521.19,22063.25,2100277132.85
2026-01-17T00:00:00+00:00,BTCUSD,95521.19,95607.52,95004.98,95117.69,5648.6,538364408.82
2026-01-18T00:00:00+00:00,BTCUSD,95117.69,95496.67,93583.3,93642.09,8546.82,810822826.11
2026-01-19T00:00:00+00:00,BTCUSD,93642.09,93642.84,92102.43,92569.44,20554.89,1906749298.24
2026-01-20T00:00:00+00:00,BTCUSD,92569.44,92813.52,87793.26,88329.83,37990.43,3430827950.31
2026-01-21T00:00:00+00:00,BTCUSD,88329.83,90502.34,87190.29,89380.69,47306.93,4213648826.41
2026-01-22T00:00:00+00:00,BTCUSD,89380.69,90290.41,88441.13,89484.18,23966.16,2143899739.23
2026-01-23T00:00:00+00:00,BTCUSD,89484.18,91140.22,88466.06,89506.66,25137.21,2254080166.25
2026-01-24T00:00:00+00:00,BTCUSD,89506.66,89821.98,89047.54,89107.75,5309.41,474658685.05
2026-01-25T00:00:00+00:00,BTCUSD,89107.75,89203.31,86008.64,86581.03,19788.52,1730278902.02
2026-01-26T00:00:00+00:00,BTCUSD,86581.03,88787.86,86429.64,88274.7,28600.46,2509845961.76
2026-01-27T00:00:00+00:00,BTCUSD,88274.7,89447.82,87212.27,89136.28,24324.97,2147188638.9
2026-01-28T00:00:00+00:00,BTCUSD,89136.28,90481.33,88729.36,89182.72,27525.65,2461353226.9
2026-01-29T00:00:00+00:00,BTCUSD,89182.72,89229.19,83243.73,84528.58,45122.46,3865349822
2026-01-30T00:00:00+00:00,BTCUSD,84528.58,84612.31,81047.62,84135.11,53884.23,4468762184.41
2026-01-31T00:00:00+00:00,BTCUSD,84135.11,84152.35,76029.54,78664.02,52359.6,4182557013.42
2026-02-01T00:00:00+00:00,BTCUSD,78664.02,79363.96,75653.86,76910.99,47181,3668393771.09
2026-02-02T00:00:00+00:00,BTCUSD,76910.99,79328.7,74579.63,78690.46,63702.51,4931866234.02
2026-02-03T00:00:00+00:00,BTCUSD,78690.46,79141.27,72882.55,75679.06,62810.31,4798731139.8
2026-02-04T00:00:00+00:00,BTCUSD,75679.06,76891.77,71724.93,73021.96,65420.8,4852815767.03
2026-02-05T00:00:00+00:00,BTCUSD,73021.96,73193.96,62227.01,62811.67,128064.14,8672008182.17
2026-02-06T00:00:00+00:00,BTCUSD,62811.67,71703.46,60069.72,70535.76,105746.35,7081161121.78
2026-02-07T00:00:00+00:00,BTCUSD,70535.76,71647.04,67315.5,69259.24,35663.46,2471348000.05
2026-02-08T00:00:00+00:00,BTCUSD,69259.24,72226.42,68857.91,70297.07,24372.4,1719521388.77
2026-02-09T00:00:00+00:00,BTCUSD,70297.07,71391.44,68260.19,70108.93,43610.47,3050117447.16
2026-02-10T00:00:00+00:00,BTCUSD,70108.93,70486.44,67878.02,68807.07,35555.88,2457073817.72
2026-02-11T00:00:00+00:00,BTCUSD,68807.07,69253.29,65725.74,67039.77,47410.63,3185414005.15
2026-02-12T00:00:00+00:00,BTCUSD,67039.77,68380.57,65084.07,66220.82,42922.43,2860084574
2026-02-13T00:00:00+00:00,BTCUSD,66220.82,69434.68,65825.83,68816.44,37610.93,2551829375.2
2026-02-14T00:00:00+00:00,BTCUSD,68816.44,70524.71,68706.51,69790.74,18574.98,1293190971.53
2026-02-15T00:00:00+00:00,BTCUSD,69790.74,70948.5,68048.86,68800.76,22109.67,1533047880.15
2026-02-16T00:00:00+00:00,BTCUSD,68800.76,70094.71,67269.9,68869.47,24726.24,1692393594.43
2026-02-17T00:00:00+00:00,BTCUSD,68869.47,69214.45,66592.03,67477.52,31820.5,2156085885.94
2026-02-18T00:00:00+00:00,BTCUSD,67477.52,68444.93,65838.1,66434.2,32280.23,2164847401.62
2026-02-19T00:00:00+00:00,BTCUSD,66434.2,67299.79,65618.44,66983.75,29384.21,1956480958.57
2026-02-20T00:00:00+00:00,BTCUSD,66983.75,68297.95,66442.67,67997.02,38044.13,2565992687.01
2026-02-21T00:00:00+00:00,BTCUSD,67997.02,68686.92,67528.59,67965.05,11686.08,796953223.51
2026-02-22T00:00:00+00:00,BTCUSD,67965.05,68233.91,67170.64,67626.88,11615.92,786667936.82
2026-02-23T00:00:00+00:00,BTCUSD,67626.88,67663.82,63879.72,64642.48,42373.83,2766008869.19
2026-02-24T00:00:00+00:00,BTCUSD,64642.48,64996.35,62551.85,64069.84,45607.54,2906212702.97
2026-02-25T00:00:00+00:00,BTCUSD,64069.84,70005.48,63922.45,67998.99,55809.16,3753044530.52
2026-02-26T00:00:00+00:00,BTCUSD,67998.99,68867.59,66508.93,67498.16,44886.39,3038274772.26
2026-02-27T00:00:00+00:00,BTCUSD,67498.16,68227.68,64948.18,65870.53,41323.2,2743694516.97
2026-02-28T00:00:00+00:00,BTCUSD,65870.53,67756.22,63030.34,66985.3,39423.24,2566186201.06
2026-03-01T00:00:00+00:00,BTCUSD,66985.3,68190.48,65043.22,65774.35,31940.58,2126537310.68
2026-03-02T00:00:00+00:00,BTCUSD,65774.35,70116.05,65261.45,68831.94,52714.29,3577629869.35
2026-03-03T00:00:00+00:00,BTCUSD,68831.94,69257.29,66148.66,68338,47295.99,3209229703.13
2026-03-04T00:00:00+00:00,BTCUSD,68338,74083.89,67407.2,72685.14,58364.24,4177397786.89
2026-03-05T00:00:00+00:00,BTCUSD,72685.14,73580.61,70649.03,70883.43,39182.16,2818687736.82
2026-03-06T00:00:00+00:00,BTCUSD,70883.43,71415.18,67734.1,68110.63,37984.6,2634646708.86
2026-03-07T00:00:00+00:00,BTCUSD,68110.63,68536.12,66935.38,67261.55,11943.05,809381009.5
2026-03-08T00:00:00+00:00,BTCUSD,67261.55,68191.22,65631.31,65974.07,20832.2,1393620547.64
2026-03-09T00:00:00+00:00,BTCUSD,65974.07,69537.79,65835.73,68438.57,39703.44,2709476164.15
2026-03-10T00:00:00+00:00,BTCUSD,68438.57,71784.73,68390.84,69961.25,41624.34,2928859556.81
2026-03-11T00:00:00+00:00,BTCUSD,69961.25,71346.32,68986.08,70205.19,34413.1,2418277293.19
2026-03-12T00:00:00+00:00,BTCUSD,70205.19,70804.8,69210.99,70527.68,33129.51,2322381597.45
2026-03-13T00:00:00+00:00,BTCUSD,70527.68,73942.2,70402.18,70941.65,39598.04,2849291467.57
2026-03-14T00:00:00+00:00,BTCUSD,70941.65,71312.93,70324.71,71223.72,9824.66,695397584.7
2026-03-15T00:00:00+00:00,BTCUSD,71223.72,73214.29,70872.84,72828.77,16622.47,1194265898.73
2026-03-16T00:00:00+00:00,BTCUSD,72828.77,74911.2,72291.22,74884.52,35432.38,2613830614.25
2026-03-17T00:00:00+00:00,BTCUSD,74884.52,76011.83,73419.9,73936.64,37904.84,2819675253.63
2026-03-18T00:00:00+00:00,BTCUSD,73936.64,74703.58,70493.02,71248.69,29963.04,2164801322
2026-03-19T00:00:00+00:00,BTCUSD,71248.69,71617.06,68778.11,69918.84,31432.32,2199132834.75
2026-03-20T00:00:00+00:00,BTCUSD,69918.84,71362.83,69382.16,70504.27,28202.11,1979988250.54
2026-03-21T00:00:00+00:00,BTCUSD,70504.27,71082.27,68569.14,68909.77,10135.48,712826361.45
2026-03-22T00:00:00+00:00,BTCUSD,68909.77,69575.11,67346.39,67853.59,19080.94,1307961491.93
2026-03-23T00:00:00+00:00,BTCUSD,67853.59,71809.18,67435.52,70882.02,34476.12,2411208073.25
2026-03-24T00:00:00+00:00,BTCUSD,70882.02,71384.93,68897.47,70532.1,27209.19,1908823520.28
2026-03-25T00:00:00+00:00,BTCUSD,70532.1,72021.21,70378.93,71305.31,21670.32,1542312170.57
2026-03-26T00:00:00+00:00,BTCUSD,71305.31,71409.93,68112.31,68781.63,28504.28,1977691874.86
2026-03-27T00:00:00+00:00,BTCUSD,68781.63,69134.01,65507.78,66365.12,34935.43,2331409861.49
2026-03-28T00:00:00+00:00,BTCUSD,66365.12,67248.52,65892.41,66327.41,12045.71,801747050.55
2026-03-29T00:00:00+00:00,BTCUSD,66327.41,67075.8,64960.31,65967.75,14862.65,985393652.08
2026-03-30T00:00:00+00:00,BTCUSD,65967.75,68118.37,65754.18,66744.36,34021.82,2284385033.06
2026-03-31T00:00:00+00:00,BTCUSD,66744.36,68533.41,65932.38,68233.98,34649.11,2333599626.6
2026-04-01T00:00:00+00:00,BTCUSD,68233.98,69284.9,67544.7,68108.11,24234.59,1656756766.28
2026-04-02T00:00:00+00:00,BTCUSD,68108.11,68646.83,65700.61,66895.02,26281.88,1756579345.55
2026-04-03T00:00:00+00:00,BTCUSD,66895.02,67366.42,66278.89,66953.31,12707.87,849007595.22
2026-04-04T00:00:00+00:00,BTCUSD,66953.31,67533.41,66775.08,67291.01,6444.27,432782453.72
2026-04-05T00:00:00+00:00,BTCUSD,67291.01,69112.22,66604.57,69004.15,10554.43,712749539.51
2026-04-06T00:00:00+00:00,BTCUSD,69004.15,70367.01,68336.5,68852.96,26913.27,1870697978.1
2026-04-07T00:00:00+00:00,BTCUSD,68852.96,72753.63,67716.12,71917.66,31146.4,2160155962.23
2026-04-08T00:00:00+00:00,BTCUSD,71917.66,72857.69,70691.49,71086.44,28765.74,2059667780.52
2026-04-09T00:00:00+00:00,BTCUSD,71086.44,73148.53,70472.93,71803.46,29224.6,2095261926.07
2026-04-10T00:00:00+00:00,BTCUSD,71803.46,73473.25,71434.98,72990.26,26151.44,1898530601.35
2026-04-11T00:00:00+00:00,BTCUSD,72990.26,73823.07,72567.95,73077.66,9513.07,695313988.08
2026-04-12T00:00:00+00:00,BTCUSD,73077.66,73165.73,70520.78,70750.05,13674.97,976072693.15
2026-04-13T00:00:00+00:00,BTCUSD,70750.05,74923.25,70582.11,74444.78,38520.57,2787168328.38
2026-04-14T00:00:00+00:00,BTCUSD,74444.78,76121.51,73862.14,74176.82,42928.16,3211194613.9
2026-04-15T00:00:00+00:00,BTCUSD,74176.82,75450.74,73544.61,74831.35,22132.36,1645779221.08
2026-04-16T00:00:00+00:00,BTCUSD,74831.35,75535.99,73312.86,75166.87,21293.97,1588474680.96
2026-04-17T00:00:00+00:00,BTCUSD,75166.87,78372.28,74562.88,77102.12,35808.41,2753010618.88
2026-04-18T00:00:00+00:00,BTCUSD,77102.12,77445.06,75476.58,75732.23,11067.1,844792731.06
2026-04-19T00:00:00+00:00,BTCUSD,75732.23,76274.36,73795.54,73824.27,15661.21,1176631430.59
2026-04-20T00:00:00+00:00,BTCUSD,73824.27,76596.97,73747.69,75864.88,23467.24,1769210218.91
2026-04-21T00:00:00+00:00,BTCUSD,75864.88,76924.94,74828.26,76349.35,23009.24,1746476121.6
2026-04-22T00:00:00+00:00,BTCUSD,76349.35,79515.58,76149,78209.43,30196.53,2365765590.07
2026-04-23T00:00:00+00:00,BTCUSD,78209.43,78705.03,76986.12,78283.64,26275.53,2046838021.24
2026-04-24T00:00:00+00:00,BTCUSD,78283.64,78604.69,77293.78,77463.4,21181.8,1649940984.58
2026-04-25T00:00:00+00:00,BTCUSD,77463.4,77907.49,77178.63,77645.78,6455.34,500514551.07
2026-04-26T00:00:00+00:00,BTCUSD,77645.78,78935.69,77350.61,78673.71,10570.01,825916167.07
2026-04-27T00:00:00+00:00,BTCUSD,78673.71,79499.71,76458.35,77373.54,24036.42,1867056081.01
2026-04-28T00:00:00+00:00,BTCUSD,77373.54,77484.2,75653.48,76330.13,19003.75,1452117102.95
2026-04-29T00:00:00+00:00,BTCUSD,76330.13,77908.48,74934.73,75758.34,24194.59,1848267737.93
2026-04-30T00:00:00+00:00,BTCUSD,75758.34,76648.85,75296.13,76318.61,17991.25,1370345076.86
2026-05-01T00:00:00+00:00,BTCUSD,76318.61,78939.48,76288.68,78229.09,22884.66,1783510955.23
2026-05-02T00:00:00+00:00,BTCUSD,78229.09,79117.38,78037.04,78676.88,6827.5,535605546.6
2026-05-03T00:00:00+00:00,BTCUSD,78676.88,79430.55,78074.45,78556.51,8442.71,664260719.95
2026-05-04T00:00:00+00:00,BTCUSD,78556.51,80762.6,78204.21,79847.88,31025.75,2472425091.39
2026-05-05T00:00:00+00:00,BTCUSD,79847.88,81788.81,79795.71,80906.66,22954.51,1863253905.45
2026-05-06T00:00:00+00:00,BTCUSD,80906.66,82813.94,80719.84,81434.43,22839.65,1865768231.59
2026-05-07T00:00:00+00:00,BTCUSD,81434.43,81705.84,79477.87,80005.6,20565.48,1654367019.66
2026-05-08T00:00:00+00:00,BTCUSD,80005.6,80131.16,79182.56,79928.23,3560.35,283505127.05
2023-05-01T00:00:00+00:00,ETHUSD,1872.4,1887.47,1807.93,1832.65,272766.14,501499426.35
2023-05-02T00:00:00+00:00,ETHUSD,1832.65,1881.71,1824.97,1871.76,198901.34,368465427.45
2023-05-03T00:00:00+00:00,ETHUSD,1871.76,1916.17,1844.78,1906.04,233750.96,438240180.13
2023-05-04T00:00:00+00:00,ETHUSD,1906.04,1917.18,1868.88,1878.59,166275.76,314539294.6
2023-05-05T00:00:00+00:00,ETHUSD,1878.59,2000.29,1877.51,1996.13,349046.71,680967049.89
2023-05-06T00:00:00+00:00,ETHUSD,1996.13,2018.09,1866.45,1901.94,259808.91,501429621.42
2023-05-07T00:00:00+00:00,ETHUSD,1901.94,1938.6,1877.94,1879.47,164250.83,313882607.91
2023-05-08T00:00:00+00:00,ETHUSD,1879.47,1893.06,1815.78,1853.94,358039.78,664714401.47
2023-05-09T00:00:00+00:00,ETHUSD,1853.94,1863.13,1838.55,1848.91,183036.48,338236687.64
2023-05-10T00:00:00+00:00,ETHUSD,1848.91,1888.41,1792.58,1842.62,333023.49,615019660.03
2023-05-11T00:00:00+00:00,ETHUSD,1842.62,1843.1,1773.59,1795.51,241294.66,435960460.99
2023-05-12T00:00:00+00:00,ETHUSD,1795.51,1816.48,1740.86,1808.28,263545.14,467334013.56
2023-05-13T00:00:00+00:00,ETHUSD,1808.28,1816.94,1787.56,1796.08,96551.76,173889132.85
2023-05-14T00:00:00+00:00,ETHUSD,1796.08,1824.28,1792.12,1800.16,93964.15,169553393.6
2023-05-15T00:00:00+00:00,ETHUSD,1800.16,1846.84,1786.44,1817.04,207683.14,379365245.9
2023-05-16T00:00:00+00:00,ETHUSD,1817.04,1832.36,1797.37,1824.54,157669.82,286581998.35
2023-05-17T00:00:00+00:00,ETHUSD,1824.54,1836.15,1784.88,1822.22,163159.24,295642800.65
2023-05-18T00:00:00+00:00,ETHUSD,1822.22,1831.69,1772.4,1800.84,144759.04,261830100.8
2023-05-19T00:00:00+00:00,ETHUSD,1800.84,1829.37,1797.55,1812.74,110034.32,199390959.13
2023-05-20T00:00:00+00:00,ETHUSD,1812.74,1829.55,1807.6,1820,64450.51,117125781.65
2023-05-21T00:00:00+00:00,ETHUSD,1820,1829.11,1799.27,1805.38,60806.67,110171780.38
2023-05-22T00:00:00+00:00,ETHUSD,1805.38,1828.61,1792.65,1817.83,110111.78,199800403.15
2023-05-23T00:00:00+00:00,ETHUSD,1817.83,1871.1,1815.76,1854.48,156839.5,290332107.99
2023-05-24T00:00:00+00:00,ETHUSD,1854.48,1854.71,1778.69,1799.99,172516.4,311671841.31
2023-05-25T00:00:00+00:00,ETHUSD,1799.99,1818.3,1762.69,1806.04,153676.49,275579486.08
2023-05-26T00:00:00+00:00,ETHUSD,1806.04,1838.57,1797.48,1828.68,120144.9,218981012.22
2023-05-27T00:00:00+00:00,ETHUSD,1828.68,1836.85,1815.82,1830.98,49371.95,90250026.95
2023-05-28T00:00:00+00:00,ETHUSD,1830.98,1916.88,1824.86,1909.28,139620.13,260979861.41
2023-05-29T00:00:00+00:00,ETHUSD,1909.28,1927.41,1875.5,1893.17,149316.44,283875868
2023-05-30T00:00:00+00:00,ETHUSD,1893.17,1917.42,1882.96,1901.19,158799.67,302468580.12
2023-05-31T00:00:00+00:00,ETHUSD,1901.19,1907.76,1848.86,1874.03,171137.97,320126617.18
2023-06-01T00:00:00+00:00,ETHUSD,1874.03,1888.53,1841.67,1862.24,167049.82,311566762.29
2023-06-02T00:00:00+00:00,ETHUSD,1862.24,1910.56,1848.47,1907.36,171651.3,324600206.34
2023-06-03T00:00:00+00:00,ETHUSD,1907.36,1909.45,1883.38,1892.63,69584.33,132138660.62
2023-06-04T00:00:00+00:00,ETHUSD,1892.63,1913.76,1885.28,1890.37,73559.24,139808423
2023-06-05T00:00:00+00:00,ETHUSD,1890.37,1891.16,1779.9,1811.47,259032.43,475161890.31
2023-06-06T00:00:00+00:00,ETHUSD,1811.47,1897.07,1798.32,1886.35,216474.64,399470424.17
2023-06-07T00:00:00+00:00,ETHUSD,1886.35,1899.05,1821.13,1832.56,202548.31,376467803.89
2023-06-08T00:00:00+00:00,ETHUSD,1832.56,1861.23,1829.28,1846.12,96262.81,177740176.57
2023-06-09T00:00:00+00:00,ETHUSD,1846.12,1855.2,1827.89,1840.51,105256.6,193799820.21
2023-06-10T00:00:00+00:00,ETHUSD,1840.51,1845.05,1718.43,1752.49,291279.53,512816424.25
2023-06-11T00:00:00+00:00,ETHUSD,1752.49,1777.75,1739.68,1753.15,97978.89,171893158.83
2023-06-12T00:00:00+00:00,ETHUSD,1753.15,1758.52,1720.3,1742.66,157478.22,273713982.1
2023-06-13T00:00:00+00:00,ETHUSD,1742.66,1765.63,1724.83,1739.4,165216.57,287829194.43
2023-06-14T00:00:00+00:00,ETHUSD,1739.4,1749.8,1631.71,1650.8,215882.85,365982713.53
2023-06-15T00:00:00+00:00,ETHUSD,1650.8,1677.32,1622.51,1665.43,225782.07,371752813.77
2023-06-16T00:00:00+00:00,ETHUSD,1665.43,1727.38,1650.36,1716.87,147238.46,248248593.82
2023-06-17T00:00:00+00:00,ETHUSD,1716.87,1764.23,1713.46,1727.25,77876.38,135246610.67
2023-06-18T00:00:00+00:00,ETHUSD,1727.25,1747.15,1714.24,1720.51,61009.73,105602986.61
2023-06-19T00:00:00+00:00,ETHUSD,1720.51,1750.51,1702.53,1736.79,110080.68,189833856.65
2023-06-20T00:00:00+00:00,ETHUSD,1736.79,1796.2,1714.37,1792.7,204826.38,360202462.41
2023-06-21T00:00:00+00:00,ETHUSD,1792.7,1901.09,1787.65,1889.61,329097.67,608041064.43
2023-06-22T00:00:00+00:00,ETHUSD,1889.61,1932.43,1867.05,1872.42,226530.23,430137565.01
2023-06-23T00:00:00+00:00,ETHUSD,1872.42,1935.61,1862.87,1893.52,191917.53,364062998.23
2023-06-24T00:00:00+00:00,ETHUSD,1893.52,1906.41,1865.87,1875.91,85491.92,161217137.17
2023-06-25T00:00:00+00:00,ETHUSD,1875.91,1930.13,1870,1899.41,128153.56,243821770.45
2023-06-26T00:00:00+00:00,ETHUSD,1899.41,1908.51,1837.8,1859.19,153770.53,287969485.35
2023-06-27T00:00:00+00:00,ETHUSD,1859.19,1912.27,1855.91,1889.8,151848.79,286149889.21
2023-06-28T00:00:00+00:00,ETHUSD,1889.8,1890.36,1816.8,1827.54,161271.89,298601057.72
2023-06-29T00:00:00+00:00,ETHUSD,1827.54,1879.3,1826.86,1852.08,113949.24,211210015.81
2023-06-30T00:00:00+00:00,ETHUSD,1852.08,1946.35,1824.32,1933.62,331170.67,626117328.74
2023-07-01T00:00:00+00:00,ETHUSD,1933.62,1943.98,1909.02,1924.32,88636.77,170397820.6
2023-07-02T00:00:00+00:00,ETHUSD,1924.32,1959.65,1886.23,1937.46,134924.17,259524177.47
2023-07-03T00:00:00+00:00,ETHUSD,1937.46,1976.4,1933.97,1955.81,170212.81,333458002.68
2023-07-04T00:00:00+00:00,ETHUSD,1955.81,1966.58,1931.77,1936.37,93710.12,182921227.93
2023-07-05T00:00:00+00:00,ETHUSD,1936.37,1942.52,1894.61,1910.36,117766.45,225539498.22
2023-07-06T00:00:00+00:00,ETHUSD,1910.36,1957.31,1846.2,1846.23,196764.23,373111691.55
2023-07-07T00:00:00+00:00,ETHUSD,1846.23,1877.83,1826.76,1870.78,127506.43,236998422.03
2023-07-08T00:00:00+00:00,ETHUSD,1870.78,1872.81,1842.91,1865.62,66902.55,124473027.23
2023-07-09T00:00:00+00:00,ETHUSD,1865.62,1878.95,1857.05,1863.09,56099.99,104769250.13
2023-07-10T00:00:00+00:00,ETHUSD,1863.09,1905.56,1847.56,1880.69,132506.75,248076590.36
2023-07-11T00:00:00+00:00,ETHUSD,1880.69,1890.88,1862.62,1878.62,93167.51,174708055.4
2023-07-12T00:00:00+00:00,ETHUSD,1878.62,1902.85,1864.64,1871.83,143566.5,270619306.85
2023-07-13T00:00:00+00:00,ETHUSD,1871.83,2013.71,1863.04,2005.75,336483.02,656466648.57
2023-07-14T00:00:00+00:00,ETHUSD,2005.75,2028.23,1899.87,1939.13,267412.05,527215689.43
2023-07-15T00:00:00+00:00,ETHUSD,1939.13,1947.02,1927.45,1931.84,63946.44,123753926.65
2023-07-16T00:00:00+00:00,ETHUSD,1931.84,1943.9,1915.46,1923.31,60489.53,116791257.98
2023-07-17T00:00:00+00:00,ETHUSD,1923.31,1936.44,1873.95,1911.56,179625.29,342329027.22
2023-07-18T00:00:00+00:00,ETHUSD,1911.56,1917.42,1876.56,1897.76,170066.54,322922232.52
2023-07-19T00:00:00+00:00,ETHUSD,1897.76,1921.35,1882.24,1888.8,146906.13,279760726.89
2023-07-20T00:00:00+00:00,ETHUSD,1888.8,1928.8,1878.34,1891.77,151206.84,287230417.85
2023-07-21T00:00:00+00:00,ETHUSD,1891.77,1905.23,1884.8,1891.92,82591.95,156384021.65
2023-07-22T00:00:00+00:00,ETHUSD,1891.92,1897.37,1853.5,1866.58,62595.74,117565051.78
2023-07-23T00:00:00+00:00,ETHUSD,1866.58,1905.05,1858.59,1888.72,88294.64,165984164.63
2023-07-24T00:00:00+00:00,ETHUSD,1888.72,1890.69,1833.52,1849.87,187790.43,347928550.49
2023-07-25T00:00:00+00:00,ETHUSD,1849.87,1867.76,1845.54,1857.51,88214.29,163792722.05
2023-07-26T00:00:00+00:00,ETHUSD,1857.51,1887.19,1848.5,1871.94,116692.35,217544577.61
2023-07-27T00:00:00+00:00,ETHUSD,1871.94,1885.88,1854.75,1860.95,92489.79,172986040.03
2023-07-28T00:00:00+00:00,ETHUSD,1860.95,1882.21,1856.42,1874.32,84360.48,157806868.85
2023-07-29T00:00:00+00:00,ETHUSD,1874.32,1886.25,1869.84,1880.9,35930.88,67420133
2023-07-30T00:00:00+00:00,ETHUSD,1880.9,1885.32,1849.68,1861.71,71017.31,132571482.86
2023-07-31T00:00:00+00:00,ETHUSD,1861.71,1876.63,1850.86,1856.01,108149.1,201325420.68
2023-08-01T00:00:00+00:00,ETHUSD,1856.01,1874.67,1812.77,1872.96,219807.87,404099981.78
2023-08-02T00:00:00+00:00,ETHUSD,1872.96,1878.64,1820.43,1839.07,152558.88,281934846.64
2023-08-03T00:00:00+00:00,ETHUSD,1839.07,1857.31,1824.39,1834.44,113475.48,208780805.48
2023-08-04T00:00:00+00:00,ETHUSD,1834.44,1849.34,1815.23,1827.52,118591.31,217682208.64
2023-08-05T00:00:00+00:00,ETHUSD,1827.52,1837.2,1824.73,1834.9,40010.61,73250862.43
2023-08-06T00:00:00+00:00,ETHUSD,1834.9,1836.84,1824.48,1827.81,42056.49,76980593.22
2023-08-07T00:00:00+00:00,ETHUSD,1827.81,1844.14,1800.61,1827.07,138712.48,252903494.71
2023-08-08T00:00:00+00:00,ETHUSD,1827.07,1875.47,1824.41,1855.78,153819.57,284363251.37
2023-08-09T00:00:00+00:00,ETHUSD,1855.78,1870.77,1844.53,1854.14,108839.38,201917130.17
2023-08-10T00:00:00+00:00,ETHUSD,1854.14,1864.25,1844.49,1850.51,72694.36,134629659.34
2023-08-11T00:00:00+00:00,ETHUSD,1850.51,1855.2,1837.1,1847.01,74423.11,137388777.18
2023-08-12T00:00:00+00:00,ETHUSD,1847.01,1852.66,1845.37,1849.08,35133.53,64959465.73
2023-08-13T00:00:00+00:00,ETHUSD,1849.08,1860.01,1833.39,1839.07,44017.87,81329475.04
2023-08-14T00:00:00+00:00,ETHUSD,1839.07,1854.17,1833.55,1844.02,80532.62,148596306.79
2023-08-15T00:00:00+00:00,ETHUSD,1844.02,1845.58,1811.79,1827.21,75434.51,138258892.85
2023-08-16T00:00:00+00:00,ETHUSD,1827.21,1829.42,1796.32,1805.68,116390.89,211465905.78
2023-08-17T00:00:00+00:00,ETHUSD,1805.68,1808.11,1538.26,1681.74,342502.46,586328524.5
2023-08-18T00:00:00+00:00,ETHUSD,1681.74,1699,1641.05,1661.34,244267.04,408868800
2023-08-19T00:00:00+00:00,ETHUSD,1661.34,1695.56,1653.99,1669.67,85392.14,142631159.81
2023-08-20T00:00:00+00:00,ETHUSD,1669.67,1694.11,1662.16,1685.38,77051.98,129059232.43
2023-08-21T00:00:00+00:00,ETHUSD,1685.38,1687.62,1649.81,1667.37,133144.55,222346407.69
2023-08-22T00:00:00+00:00,ETHUSD,1667.37,1669.14,1582.66,1634.23,187472.16,306952239.8
2023-08-23T00:00:00+00:00,ETHUSD,1634.23,1700.22,1629.05,1679.23,197778.05,328759845.74
2023-08-24T00:00:00+00:00,ETHUSD,1679.23,1682.97,1635.8,1660.46,136664.44,226405478.01
2023-08-25T00:00:00+00:00,ETHUSD,1660.46,1675.75,1634.84,1652.94,152712.57,252242786.57
2023-08-26T00:00:00+00:00,ETHUSD,1652.94,1654.84,1643.21,1646.3,33734.15,55624499.94
2023-08-27T00:00:00+00:00,ETHUSD,1646.3,1659.41,1645.5,1657.6,41210.49,68111939.3
2023-08-28T00:00:00+00:00,ETHUSD,1657.6,1662.45,1622.25,1652.22,106796.31,175729854.06
2023-08-29T00:00:00+00:00,ETHUSD,1652.22,1745.27,1639.27,1729.38,216413.42,368669910.11
2023-08-30T00:00:00+00:00,ETHUSD,1729.38,1730.8,1696.18,1705.51,112822.42,193154994.53
2023-08-31T00:00:00+00:00,ETHUSD,1705.51,1725,1630.36,1645.67,180257.29,302646661.02
2023-09-01T00:00:00+00:00,ETHUSD,1645.67,1654.21,1602.15,1628.51,140655.9,229505773.05
2023-09-02T00:00:00+00:00,ETHUSD,1628.51,1644.58,1627.58,1636.88,44394.41,72557044.83
2023-09-03T00:00:00+00:00,ETHUSD,1636.88,1646.49,1625.26,1635.72,51338.16,83967516.22
2023-09-04T00:00:00+00:00,ETHUSD,1635.72,1644.24,1616.39,1629.77,65027.05,106014643.86
2023-09-05T00:00:00+00:00,ETHUSD,1629.77,1646.6,1609.17,1633.83,95396,155443741.05
2023-09-06T00:00:00+00:00,ETHUSD,1633.83,1667.18,1609.76,1632.35,115555.19,188596252.64
2023-09-07T00:00:00+00:00,ETHUSD,1632.35,1658.54,1622.78,1647.63,108972.21,178418926.08
2023-09-08T00:00:00+00:00,ETHUSD,1647.63,1658.02,1616.13,1636.13,113530.21,185655920.66
2023-09-09T00:00:00+00:00,ETHUSD,1636.13,1637.06,1629.53,1635.27,29811.67,48715977.58
2023-09-10T00:00:00+00:00,ETHUSD,1635.27,1635.6,1598.26,1616.78,87612.55,141811583.08
2023-09-11T00:00:00+00:00,ETHUSD,1616.78,1618.59,1531.41,1551.53,222853.36,350478203.43
2023-09-12T00:00:00+00:00,ETHUSD,1551.53,1624.44,1549.46,1593.09,182681.33,290923261.09
2023-09-13T00:00:00+00:00,ETHUSD,1593.09,1618.1,1581.83,1607.97,146553.33,234456204.57
2023-09-14T00:00:00+00:00,ETHUSD,1607.97,1643.67,1607.51,1627.01,176132.72,286524359.38
2023-09-15T00:00:00+00:00,ETHUSD,1627.01,1653.05,1611.89,1641.48,107443.76,174858821.85
2023-09-16T00:00:00+00:00,ETHUSD,1641.48,1652,1631.94,1634.86,51027.56,83641957.75
2023-09-17T00:00:00+00:00,ETHUSD,1634.86,1635.55,1612.65,1622.81,52875.06,85972165.39
2023-09-18T00:00:00+00:00,ETHUSD,1622.81,1669.3,1606.15,1637.19,154872.45,254499442.83
2023-09-19T00:00:00+00:00,ETHUSD,1637.19,1660.5,1627.21,1643.58,112415.8,184891179.92
2023-09-20T00:00:00+00:00,ETHUSD,1643.58,1649.54,1605.7,1622.39,148630.68,242158870.38
2023-09-21T00:00:00+00:00,ETHUSD,1622.39,1625.21,1568.44,1584.04,150102.38,239767218.36
2023-09-22T00:00:00+00:00,ETHUSD,1584.04,1602.27,1577.13,1593.13,102642.72,163522895.05
2023-09-23T00:00:00+00:00,ETHUSD,1593.13,1598.18,1588.07,1593.91,37820.27,60256774.05
2023-09-24T00:00:00+00:00,ETHUSD,1593.91,1600.73,1570.95,1580.76,64815.76,103003077.92
2023-09-25T00:00:00+00:00,ETHUSD,1580.76,1596.93,1563.59,1588.04,129190.89,204351095.27
2023-09-26T00:00:00+00:00,ETHUSD,1588.04,1598.33,1579.84,1593.27,106488.35,169116251.08
2023-09-27T00:00:00+00:00,ETHUSD,1593.27,1632.85,1582.93,1597.73,165773.31,266115436.32
2023-09-28T00:00:00+00:00,ETHUSD,1597.73,1667.83,1597.1,1652.9,254866.68,417307877.44
2023-09-29T00:00:00+00:00,ETHUSD,1652.9,1688.1,1648.4,1667.44,208708.07,348158317.18
2023-09-30T00:00:00+00:00,ETHUSD,1667.44,1693.97,1666.36,1670.97,100605.59,168691450.13
2023-10-01T00:00:00+00:00,ETHUSD,1670.97,1756.57,1668.69,1733.44,153318.81,260450967.05
2023-10-02T00:00:00+00:00,ETHUSD,1733.44,1743.65,1638.79,1662.8,321968.06,547118665.83
2023-10-03T00:00:00+00:00,ETHUSD,1662.8,1670.57,1643.9,1656.96,193423.11,320387316.67
2023-10-04T00:00:00+00:00,ETHUSD,1656.96,1657.76,1625.61,1646.79,157246.2,258093521.67
2023-10-05T00:00:00+00:00,ETHUSD,1646.79,1654.85,1608.96,1611.72,166310.68,270654077.48
2023-10-06T00:00:00+00:00,ETHUSD,1611.72,1661.26,1611.72,1645.93,154920.65,253531816.85
2023-10-07T00:00:00+00:00,ETHUSD,1645.93,1648.54,1631.04,1634.64,54861.79,89945206.18
2023-10-08T00:00:00+00:00,ETHUSD,1634.64,1642.17,1617.5,1633.61,74219.89,121021981.15
2023-10-09T00:00:00+00:00,ETHUSD,1633.61,1636.39,1547.88,1580.25,213202.04,339017511.32
2023-10-10T00:00:00+00:00,ETHUSD,1580.25,1594.87,1551.22,1567.68,161967.57,254975021.38
2023-10-11T00:00:00+00:00,ETHUSD,1567.68,1578.37,1545.6,1566.52,188645.12,294808400.58
2023-10-12T00:00:00+00:00,ETHUSD,1566.52,1567.96,1521.78,1539.43,167816.78,259081681.89
2023-10-13T00:00:00+00:00,ETHUSD,1539.43,1573.36,1537.64,1552.12,144951.05,224374179.99
2023-10-14T00:00:00+00:00,ETHUSD,1552.12,1561.42,1545.01,1555.02,49919.63,77502622.78
2023-10-15T00:00:00+00:00,ETHUSD,1555.02,1566.8,1548.99,1557.99,62753.06,97772202.07
2023-10-16T00:00:00+00:00,ETHUSD,1557.99,1640.11,1555.34,1600.09,280738.92,446574747.49
2023-10-17T00:00:00+00:00,ETHUSD,1600.09,1601.37,1553.3,1565.4,151475.09,238856568.1
2023-10-18T00:00:00+00:00,ETHUSD,1565.4,1585.93,1556.22,1563.66,143924.79,226187063.01
2023-10-19T00:00:00+00:00,ETHUSD,1563.66,1575.26,1542.75,1567.55,153441.72,239202217.14
2023-10-20T00:00:00+00:00,ETHUSD,1567.55,1631.26,1562.17,1604.86,229023.77,367271257.58
2023-10-21T00:00:00+00:00,ETHUSD,1604.86,1644.6,1593.24,1629.44,137236.81,222184082.89
2023-10-22T00:00:00+00:00,ETHUSD,1629.44,1668.32,1622.28,1664.18,157183.18,257522472.2
2023-10-23T00:00:00+00:00,ETHUSD,1664.18,1799.36,1658.04,1766.32,457998.91,780661240.02
2023-10-24T00:00:00+00:00,ETHUSD,1766.32,1854.43,1746.5,1785.2,517541.13,932151066.26
2023-10-25T00:00:00+00:00,ETHUSD,1785.2,1817.52,1760.54,1787.67,302831.01,542177185.66
2023-10-26T00:00:00+00:00,ETHUSD,1787.67,1865.88,1763.34,1803.72,344775.19,622443034.73
2023-10-27T00:00:00+00:00,ETHUSD,1803.72,1804.16,1745.3,1779.98,226527.41,403162777.61
2023-10-28T00:00:00+00:00,ETHUSD,1779.98,1803.03,1771.67,1776.59,84407.79,150723329.54
2023-10-29T00:00:00+00:00,ETHUSD,1776.59,1811.49,1763.3,1795.69,92197.88,165219418.28
2023-10-30T00:00:00+00:00,ETHUSD,1795.69,1830.35,1778.41,1809.85,168252.25,303881269.37
2023-10-31T00:00:00+00:00,ETHUSD,1809.85,1819.86,1782.09,1815.45,182002.83,328080843.27
2023-11-01T00:00:00+00:00,ETHUSD,1815.45,1857.88,1784.08,1847.63,282652.25,514586090.27
2023-11-02T00:00:00+00:00,ETHUSD,1847.63,1874.87,1785.57,1801.34,274296.45,501202295.02
2023-11-03T00:00:00+00:00,ETHUSD,1801.34,1835.48,1777.57,1833.71,220360.86,397766768.21
2023-11-04T00:00:00+00:00,ETHUSD,1833.71,1870.53,1825.2,1857.23,111595.25,205289548.49
2023-11-05T00:00:00+00:00,ETHUSD,1857.23,1913.61,1847.68,1893.28,196043.45,369431668.22
2023-11-06T00:00:00+00:00,ETHUSD,1893.28,1915.3,1870.95,1901.65,216485.51,410308088.3
2023-11-07T00:00:00+00:00,ETHUSD,1901.65,1907.78,1851.17,1886.12,286201.17,538999159.16
2023-11-08T00:00:00+00:00,ETHUSD,1886.12,1905.07,1873.92,1889.05,181125.66,342300115.53
2023-11-09T00:00:00+00:00,ETHUSD,1889.05,2131.61,1883.26,2121.13,629555.35,1255720592.59
2023-11-10T00:00:00+00:00,ETHUSD,2121.13,2136.09,2066.23,2078.52,369744.07,775967652.37
2023-11-11T00:00:00+00:00,ETHUSD,2078.52,2090.87,2032.5,2053.53,222199.13,458212190.26
2023-11-12T00:00:00+00:00,ETHUSD,2053.53,2066.66,2014.15,2045.4,198302.57,406409439.52
2023-11-13T00:00:00+00:00,ETHUSD,2045.4,2118.47,2030.13,2054.32,327291.63,677275855.69
2023-11-14T00:00:00+00:00,ETHUSD,2054.32,2065.29,1930.94,1979.66,332952.38,672516247.43
2023-11-15T00:00:00+00:00,ETHUSD,1979.66,2063.09,1967.9,2059.63,318254.59,641189379.56
2023-11-16T00:00:00+00:00,ETHUSD,2059.63,2092.27,1930.36,1961.54,388947.79,783609970.96
2023-11-17T00:00:00+00:00,ETHUSD,1961.54,1991.18,1906.37,1961.61,292696.22,571715090.11
2023-11-18T00:00:00+00:00,ETHUSD,1961.61,1972.15,1918.15,1963.67,124677.25,243248653.35
2023-11-19T00:00:00+00:00,ETHUSD,1963.67,2016.3,1944.72,2012.46,142484.86,280987485.15
2023-11-20T00:00:00+00:00,ETHUSD,2012.46,2067.57,1995.32,2022.62,348477.96,706775221.8
2023-11-21T00:00:00+00:00,ETHUSD,2022.62,2035.52,1932.84,1933.76,322140.51,640934598.31
2023-11-22T00:00:00+00:00,ETHUSD,1933.76,2092.34,1930.15,2064.08,311184.99,632049361.21
2023-11-23T00:00:00+00:00,ETHUSD,2064.08,2088.81,2040.7,2062.63,167576.88,345465511.14
2023-11-24T00:00:00+00:00,ETHUSD,2062.63,2133.82,2059.8,2082.24,274783.65,576843379.99
2023-11-25T00:00:00+00:00,ETHUSD,2082.24,2091.51,2067.12,2084.06,82529.48,171820574.07
2023-11-26T00:00:00+00:00,ETHUSD,2084.06,2095.12,2037.74,2063.01,129845.35,268817596
2023-11-27T00:00:00+00:00,ETHUSD,2063.01,2071.85,1986.06,2027.67,266169.84,538765882.42
2023-11-28T00:00:00+00:00,ETHUSD,2027.67,2075.82,1995.65,2049.1,244541.64,499177888.15
2023-11-29T00:00:00+00:00,ETHUSD,2049.1,2075.4,2019.91,2029.17,192819.29,394195647.34
2023-11-30T00:00:00+00:00,ETHUSD,2029.17,2055.28,2021.3,2052.93,168503.05,343390100.77
2023-12-01T00:00:00+00:00,ETHUSD,2052.93,2111.43,2046,2088.21,288439.68,602439017.29
2023-12-02T00:00:00+00:00,ETHUSD,2088.21,2189.14,2087.29,2165.6,185471.76,395659097.47
2023-12-03T00:00:00+00:00,ETHUSD,2165.6,2217.45,2150.33,2193.78,186813.18,406014985.22
2023-12-04T00:00:00+00:00,ETHUSD,2193.78,2273.89,2192.42,2243.25,385897.57,861288624.2
2023-12-05T00:00:00+00:00,ETHUSD,2243.25,2309.38,2189,2293.88,375596.22,844781771.01
2023-12-06T00:00:00+00:00,ETHUSD,2293.88,2312.02,2220.51,2232.96,317773.47,721010308.06
2023-12-07T00:00:00+00:00,ETHUSD,2232.96,2383.16,2222.53,2356.77,348732.95,803734991.96
2023-12-08T00:00:00+00:00,ETHUSD,2356.77,2391.56,2339.41,2358.94,305258.55,720748174.99
2023-12-09T00:00:00+00:00,ETHUSD,2358.94,2403.29,2330.43,2341.13,198992.16,469803736.49
2023-12-10T00:00:00+00:00,ETHUSD,2341.13,2377.41,2322.8,2352.31,136086.14,319769603.62
2023-12-11T00:00:00+00:00,ETHUSD,2352.31,2354.9,2133.47,2224.1,445434.99,991604563
2023-12-12T00:00:00+00:00,ETHUSD,2224.1,2242.96,2165.58,2202.33,295298.97,651964538.12
2023-12-13T00:00:00+00:00,ETHUSD,2202.33,2284.2,2145.57,2260.72,334848.88,739438151.2
2023-12-14T00:00:00+00:00,ETHUSD,2260.72,2332.24,2231.57,2316.03,317672.75,724615038.72
2023-12-15T00:00:00+00:00,ETHUSD,2316.03,2318.06,2201.14,2220.32,249807.39,564042261.96
2023-12-16T00:00:00+00:00,ETHUSD,2220.32,2261.92,2210.47,2227.14,134448.38,301358311.22
2023-12-17T00:00:00+00:00,ETHUSD,2227.14,2245.8,2190.85,2194.84,152730.31,338828172.15
2023-12-18T00:00:00+00:00,ETHUSD,2194.84,2222.91,2115.85,2218.75,274538.09,595550230.79
2023-12-19T00:00:00+00:00,ETHUSD,2218.75,2253.93,2135.19,2177.38,285016.52,627857676.22
2023-12-20T00:00:00+00:00,ETHUSD,2177.38,2265.11,2157.77,2202.03,361405.83,799599916.57
2023-12-21T00:00:00+00:00,ETHUSD,2202.03,2279.1,2183.31,2239.88,315319.45,702166382.68
2023-12-22T00:00:00+00:00,ETHUSD,2239.88,2343.73,2231.32,2326.53,393077.37,904108088.07
2023-12-23T00:00:00+00:00,ETHUSD,2326.53,2332.23,2267.35,2309.54,192582.36,441823544.27
2023-12-24T00:00:00+00:00,ETHUSD,2309.54,2326.83,2245.12,2265.42,191626.92,439156963.98
2023-12-25T00:00:00+00:00,ETHUSD,2265.42,2304.59,2254.36,2271.75,156954.53,357468201.78
2023-12-26T00:00:00+00:00,ETHUSD,2271.75,2275.06,2174.17,2230.94,270459.64,603300122.32
2023-12-27T00:00:00+00:00,ETHUSD,2230.94,2393.37,2212.66,2380.34,392451.76,910568561.01
2023-12-28T00:00:00+00:00,ETHUSD,2380.34,2447.35,2337.42,2345.44,463684.99,1106269642.94
2023-12-29T00:00:00+00:00,ETHUSD,2345.44,2386.68,2256.07,2299.64,355338.55,827517118.66
2023-12-30T00:00:00+00:00,ETHUSD,2299.64,2322.76,2268.2,2291.65,174599.67,401063000.08
2023-12-31T00:00:00+00:00,ETHUSD,2291.65,2319.95,2259.29,2281.36,205152.64,470583638.73
2024-01-01T00:00:00+00:00,ETHUSD,2281.36,2352.66,2265.26,2352.65,174286.19,402344005.13
2024-01-02T00:00:00+00:00,ETHUSD,2352.65,2432.62,2343.68,2356.28,345621.3,822251765.93
2024-01-03T00:00:00+00:00,ETHUSD,2356.28,2385.27,2092.33,2210.57,526602.95,1186045453.16
2024-01-04T00:00:00+00:00,ETHUSD,2210.57,2296.81,2203.62,2269.47,322407.35,726479158.46
2024-01-05T00:00:00+00:00,ETHUSD,2269.47,2277.99,2208.01,2270.21,283754.94,636927548.08
2024-01-06T00:00:00+00:00,ETHUSD,2270.21,2271.59,2218.09,2241.73,153695.94,344776545.69
2024-01-07T00:00:00+00:00,ETHUSD,2241.73,2258.2,2207.13,2222.73,164529,368349920.27
2024-01-08T00:00:00+00:00,ETHUSD,2222.73,2360.37,2168.41,2332.66,321740.49,729642394.88
2024-01-09T00:00:00+00:00,ETHUSD,2332.66,2373.21,2231.3,2344.97,407628.13,935753315.62
2024-01-10T00:00:00+00:00,ETHUSD,2344.97,2643.46,2341.51,2584.69,759673.12,1859360455.9
2024-01-11T00:00:00+00:00,ETHUSD,2584.69,2690.17,2567.23,2618.71,565520.51,1478952412.93
2024-01-12T00:00:00+00:00,ETHUSD,2618.71,2717.2,2455.87,2522.11,608482.23,1587803065.78
2024-01-13T00:00:00+00:00,ETHUSD,2522.11,2589.5,2497.1,2577.89,309808.72,789992067.14
2024-01-14T00:00:00+00:00,ETHUSD,2577.89,2578.65,2468.6,2470.94,219094.29,554407683.57
2024-01-15T00:00:00+00:00,ETHUSD,2470.94,2551.4,2469.25,2510.12,211497.41,532405002.36
2024-01-16T00:00:00+00:00,ETHUSD,2510.12,2613.41,2498.62,2586.91,260620.37,665381293.48
2024-01-17T00:00:00+00:00,ETHUSD,2586.91,2592.23,2505.29,2528.09,214487.05,546139971.58
2024-01-18T00:00:00+00:00,ETHUSD,2528.09,2546.7,2424.13,2468.6,300049.73,747913574.26
2024-01-19T00:00:00+00:00,ETHUSD,2468.6,2501.85,2412.93,2490.05,301556.02,743840311.23
2024-01-20T00:00:00+00:00,ETHUSD,2490.05,2490.05,2452.6,2470.31,114757.82,283565628.23
2024-01-21T00:00:00+00:00,ETHUSD,2470.31,2480.59,2451.91,2455.35,84186.67,207909134.54
2024-01-22T00:00:00+00:00,ETHUSD,2455.35,2464.27,2302.07,2311.54,382384.29,908763742.8
2024-01-23T00:00:00+00:00,ETHUSD,2311.54,2349.2,2165.34,2241.32,476808.58,1064700522.86
2024-01-24T00:00:00+00:00,ETHUSD,2241.32,2262.69,2195.63,2234.13,271737.21,605305544.17
2024-01-25T00:00:00+00:00,ETHUSD,2234.13,2241.03,2170.05,2217.5,242755.56,536955642.14
2024-01-26T00:00:00+00:00,ETHUSD,2217.5,2281.01,2194.89,2267.33,281209.33,631732275
2024-01-27T00:00:00+00:00,ETHUSD,2267.33,2282.56,2251.19,2267.97,121435.42,275424730.41
2024-01-28T00:00:00+00:00,ETHUSD,2267.97,2307.73,2239.84,2256.6,165618.01,376754792.96
2024-01-29T00:00:00+00:00,ETHUSD,2256.6,2322.48,2233.69,2317.51,215146.92,490260629.87
2024-01-30T00:00:00+00:00,ETHUSD,2317.51,2391.57,2297.16,2343.1,279970.77,655413615.82
2024-01-31T00:00:00+00:00,ETHUSD,2343.1,2351.47,2263.16,2281.77,268083.72,621018581
2024-02-01T00:00:00+00:00,ETHUSD,2281.77,2310.4,2239.78,2303.34,217264.4,495660912.66
2024-02-02T00:00:00+00:00,ETHUSD,2303.34,2323.08,2280.8,2307.85,191680.68,441562111.31
2024-02-03T00:00:00+00:00,ETHUSD,2307.85,2328.23,2292.31,2295.87,96227.34,222308235.56
2024-02-04T00:00:00+00:00,ETHUSD,2295.87,2309.1,2267.59,2288.68,142393.17,326706078.21
2024-02-05T00:00:00+00:00,ETHUSD,2288.68,2335.71,2268.15,2299.16,198435.62,456661905.21
2024-02-06T00:00:00+00:00,ETHUSD,2299.16,2392.04,2296.27,2372.2,306229.12,718267813.82
2024-02-07T00:00:00+00:00,ETHUSD,2372.2,2473.23,2353.16,2424.33,272427.16,652240112.9
2024-02-08T00:00:00+00:00,ETHUSD,2424.33,2462.14,2411.45,2419.79,348490.6,846989854.44
2024-02-09T00:00:00+00:00,ETHUSD,2419.79,2523.95,2419.06,2487.62,403815.63,1002058339.27
2024-02-10T00:00:00+00:00,ETHUSD,2487.62,2517.14,2473.58,2500.87,150601.42,376068111.04
2024-02-11T00:00:00+00:00,ETHUSD,2500.87,2540.37,2494.72,2507.91,167579.98,421659247.33
2024-02-12T00:00:00+00:00,ETHUSD,2507.91,2666.3,2472.79,2660.56,323858.15,833389992.06
2024-02-13T00:00:00+00:00,ETHUSD,2660.56,2686.7,2591.27,2641.6,387685.63,1025294105.03
2024-02-14T00:00:00+00:00,ETHUSD,2641.6,2788.42,2619.8,2777.51,359500.08,980680072.11
2024-02-15T00:00:00+00:00,ETHUSD,2777.51,2867.69,2762.64,2825.35,397615.65,1118227404.91
2024-02-16T00:00:00+00:00,ETHUSD,2825.35,2859.47,2744.76,2804.05,318932.07,896210606.48
2024-02-17T00:00:00+00:00,ETHUSD,2804.05,2806.14,2720.42,2787,165464.46,458634232.92
2024-02-18T00:00:00+00:00,ETHUSD,2787,2895.47,2766.78,2881.4,216262.87,610424136.56
2024-02-19T00:00:00+00:00,ETHUSD,2881.4,2984.2,2857.64,2945,326638.19,953161117.46
2024-02-20T00:00:00+00:00,ETHUSD,2945,3032.5,2874.59,3015.27,436622.68,1285168708.83
2024-02-21T00:00:00+00:00,ETHUSD,3015.27,3017.25,2869.15,2968.67,416859.98,1221365901.95
2024-02-22T00:00:00+00:00,ETHUSD,2968.67,3035.27,2906.44,2969.67,398857.68,1186610554.8
2024-02-23T00:00:00+00:00,ETHUSD,2969.67,2991.73,2906.28,2922.1,269457.9,792750968.62
2024-02-24T00:00:00+00:00,ETHUSD,2922.1,3005.45,2906.62,2992.35,145003.03,429496146.2
2024-02-25T00:00:00+00:00,ETHUSD,2992.35,3119.66,2983.68,3112.81,265770.75,812148194.41
2024-02-26T00:00:00+00:00,ETHUSD,3112.81,3197.66,3037.24,3178.24,375179.84,1171482366.27
2024-02-27T00:00:00+00:00,ETHUSD,3178.24,3288.82,3167.46,3243.69,373964.99,1211227367.65
2024-02-28T00:00:00+00:00,ETHUSD,3243.69,3490.66,3194.42,3386.34,513048.44,1707770843.75
2024-02-29T00:00:00+00:00,ETHUSD,3386.34,3520.76,3303.6,3342.24,399274.29,1367994605.43
2024-03-01T00:00:00+00:00,ETHUSD,3342.24,3453.77,3340.92,3435.9,241624.87,823506213.17
2024-03-02T00:00:00+00:00,ETHUSD,3435.9,3461.78,3398.38,3423.65,153210.01,524944019.98
2024-03-03T00:00:00+00:00,ETHUSD,3423.65,3493.25,3365.52,3489.57,174122.89,598632307.05
2024-03-04T00:00:00+00:00,ETHUSD,3489.57,3643.81,3436.14,3631.85,379175.59,1340904406.6
2024-03-05T00:00:00+00:00,ETHUSD,3631.85,3826.7,3207.51,3557.93,732190.67,2637640132.83
2024-03-06T00:00:00+00:00,ETHUSD,3557.93,3902.17,3502.64,3821.19,489295.58,1849427331.22
2024-03-07T00:00:00+00:00,ETHUSD,3821.19,3939.52,3737.47,3874.46,295685.4,1132011899.65
2024-03-08T00:00:00+00:00,ETHUSD,3874.46,4000.14,3828.33,3891.97,359382.61,1412263227.04
2024-03-09T00:00:00+00:00,ETHUSD,3891.97,3950.61,3880.22,3913.28,138310.17,541613113.28
2024-03-10T00:00:00+00:00,ETHUSD,3913.28,3971.32,3799.55,3881.86,190112.26,743460686.12
2024-03-11T00:00:00+00:00,ETHUSD,3881.86,4091.01,3752.31,4065.75,374497.81,1493590506.66
2024-03-12T00:00:00+00:00,ETHUSD,4065.75,4092.73,3832.09,3979.43,383635.95,1526774188.85
2024-03-13T00:00:00+00:00,ETHUSD,3979.43,4083.88,3934.38,4007.46,286962.91,1150784389.88
2024-03-14T00:00:00+00:00,ETHUSD,4007.46,4012.91,3719.25,3880.8,376891.87,1466371721.53
2024-03-15T00:00:00+00:00,ETHUSD,3880.8,3931.65,3567.56,3742.44,487205.54,1806124095.18
2024-03-16T00:00:00+00:00,ETHUSD,3742.44,3780.95,3467.22,3520.08,287100.39,1048207664.08
2024-03-17T00:00:00+00:00,ETHUSD,3520.08,3676.55,3411.95,3641.61,273465.18,975546606.2
2024-03-18T00:00:00+00:00,ETHUSD,3641.61,3642.66,3454.26,3520.31,301558.82,1071170431.07
2024-03-19T00:00:00+00:00,ETHUSD,3520.31,3547.15,3149.03,3158.44,587955.64,1943259863.05
2024-03-20T00:00:00+00:00,ETHUSD,3158.44,3535.92,3057.97,3516.66,658543.95,2169017019.63
2024-03-21T00:00:00+00:00,ETHUSD,3516.66,3586.77,3411.44,3492.08,401675.9,1410320174.21
2024-03-22T00:00:00+00:00,ETHUSD,3492.08,3542.29,3250.83,3337.08,405182.37,1374192771.15
2024-03-23T00:00:00+00:00,ETHUSD,3337.08,3435.43,3271.78,3330.49,251602.31,846213410.27
2024-03-24T00:00:00+00:00,ETHUSD,3330.49,3470.85,3300.55,3454.45,207564.45,700715597.16
2024-03-25T00:00:00+00:00,ETHUSD,3454.45,3659.32,3420.9,3590.96,347674.26,1232616949.46
2024-03-26T00:00:00+00:00,ETHUSD,3590.96,3680.41,3544.7,3587.6,302556.21,1092361093.56
2024-03-27T00:00:00+00:00,ETHUSD,3587.6,3665.39,3459.06,3499.77,330442.76,1173800981.61
2024-03-28T00:00:00+00:00,ETHUSD,3499.77,3611.7,3462.9,3561.1,279078.37,991858231.33
2024-03-29T00:00:00+00:00,ETHUSD,3561.1,3584.55,3474.1,3511.49,201382.16,710475049.61
2024-03-30T00:00:00+00:00,ETHUSD,3511.49,3567.15,3488.56,3507.56,153144.16,538809534.91
2024-03-31T00:00:00+00:00,ETHUSD,3507.56,3654.87,3506.31,3645.98,157210.73,566598172.38
2024-04-01T00:00:00+00:00,ETHUSD,3645.98,3646.35,3414.46,3505.52,266251.45,934917050.13
2024-04-02T00:00:00+00:00,ETHUSD,3505.52,3507.54,3213.09,3279.4,406551,1350633378.51
2024-04-03T00:00:00+00:00,ETHUSD,3279.4,3368.57,3203.99,3312.24,301025.74,997504814.36
2024-04-04T00:00:00+00:00,ETHUSD,3312.24,3444.82,3252.11,3329.17,306389.28,1024032112.02
2024-04-05T00:00:00+00:00,ETHUSD,3329.17,3348.68,3211.37,3319.12,301242.62,991902873.76
2024-04-06T00:00:00+00:00,ETHUSD,3319.12,3398.56,3308.84,3352.4,151035.71,504501846.56
2024-04-07T00:00:00+00:00,ETHUSD,3352.4,3459.61,3345.47,3453.85,153705.66,522076832.37
2024-04-08T00:00:00+00:00,ETHUSD,3453.85,3728.57,3407.31,3694.7,348354.17,1257790924.33
2024-04-09T00:00:00+00:00,ETHUSD,3694.7,3726.03,3452.88,3504.83,330003.13,1184278583.93
2024-04-10T00:00:00+00:00,ETHUSD,3504.83,3562.32,3413.05,3545.56,287616.46,1006631402.92
2024-04-11T00:00:00+00:00,ETHUSD,3545.56,3617.34,3473.65,3503.21,225366.27,796534108.67
2024-04-12T00:00:00+00:00,ETHUSD,3503.21,3552.91,3095.49,3239.12,415871.51,1387659435.48
2024-04-13T00:00:00+00:00,ETHUSD,3239.12,3301.9,2832.33,3011.51,617652.5,1908312548.54
2024-04-14T00:00:00+00:00,ETHUSD,3011.51,3175.48,2911.99,3158.26,480594.13,1464413624.74
2024-04-15T00:00:00+00:00,ETHUSD,3158.26,3280.66,3025.93,3103,393938.85,1244925295.21
2024-04-16T00:00:00+00:00,ETHUSD,3103,3128,2991.76,3085.42,359785.72,1102919090.86
2024-04-17T00:00:00+00:00,ETHUSD,3085.42,3123.61,2914.87,2985.12,323995.26,978463368.36
2024-04-18T00:00:00+00:00,ETHUSD,2985.12,3095.76,2953.19,3065.69,288067.39,873530402.2
2024-04-19T00:00:00+00:00,ETHUSD,3065.69,3128.53,2866.07,3057.95,342783.81,1045944600.77
2024-04-20T00:00:00+00:00,ETHUSD,3057.95,3172.03,3020.15,3157.04,167131.32,516137769.98
2024-04-21T00:00:00+00:00,ETHUSD,3157.04,3198.43,3117.72,3148.11,148983.34,470671773.32
2024-04-22T00:00:00+00:00,ETHUSD,3148.11,3237.49,3130.02,3201.55,209637.54,669498961.12
2024-04-23T00:00:00+00:00,ETHUSD,3201.55,3265.06,3153.66,3219.78,213483.88,685076398.96
2024-04-24T00:00:00+00:00,ETHUSD,3219.78,3293.6,3103.6,3139.1,269991.9,864542926.86
2024-04-25T00:00:00+00:00,ETHUSD,3139.1,3191.65,3072.07,3155.47,281066.14,882134092.22
2024-04-26T00:00:00+00:00,ETHUSD,3155.47,3166.44,3101.66,3130.07,219855.93,689663958.95
2024-04-27T00:00:00+00:00,ETHUSD,3130.07,3281.58,3068.25,3253.23,203602.38,643382820.24
2024-04-28T00:00:00+00:00,ETHUSD,3253.23,3356.14,3247.4,3262.43,205463.5,678357043.13
2024-04-29T00:00:00+00:00,ETHUSD,3262.43,3286.13,3115.53,3215.73,267685.05,852862297.95
2024-04-30T00:00:00+00:00,ETHUSD,3215.73,3249.56,2916.96,3011.46,361691.81,1098924247.19
2024-05-01T00:00:00+00:00,ETHUSD,3011.46,3020.24,2814.92,2968.82,435377.76,1273126182.34
2024-05-02T00:00:00+00:00,ETHUSD,2968.82,3016.2,2891.41,2986.41,272328.54,807841703.83
2024-05-03T00:00:00+00:00,ETHUSD,2986.41,3128.05,2958.91,3103.77,277060.08,840705738.28
2024-05-04T00:00:00+00:00,ETHUSD,3103.77,3168.22,3094.62,3117.52,147176.47,459744729.64
2024-05-05T00:00:00+00:00,ETHUSD,3117.52,3171.62,3074.21,3137.09,152383.35,476413151.08
2024-05-06T00:00:00+00:00,ETHUSD,3137.09,3221.37,3046.59,3063.19,237439.94,741977976.88
2024-05-07T00:00:00+00:00,ETHUSD,3063.19,3129.75,3000.11,3005.91,221350.09,679034472.49
2024-05-08T00:00:00+00:00,ETHUSD,3005.91,3037.87,2937.08,2973.31,241568.02,724279038.67
2024-05-09T00:00:00+00:00,ETHUSD,2973.31,3058.63,2949.86,3035.93,211428.59,633874345.6
2024-05-10T00:00:00+00:00,ETHUSD,3035.93,3053.17,2878.86,2909.58,258568.64,765131256.66
2024-05-11T00:00:00+00:00,ETHUSD,2909.58,2944.04,2886.48,2911.82,125899.86,367160920.04
2024-05-12T00:00:00+00:00,ETHUSD,2911.82,2954.09,2900.58,2927.97,111406.04,325974911.48
2024-05-13T00:00:00+00:00,ETHUSD,2927.97,2994.62,2864.31,2950.16,261787.73,769541695.03
2024-05-14T00:00:00+00:00,ETHUSD,2950.16,2960.08,2859.65,2880.64,249247.21,724637752.4
2024-05-15T00:00:00+00:00,ETHUSD,2880.64,3041.55,2862.97,3033.46,250539.77,740315343.71
2024-05-16T00:00:00+00:00,ETHUSD,3033.46,3041.6,2924.04,2945.17,221619.51,660576487.83
2024-05-17T00:00:00+00:00,ETHUSD,2945.17,3121.45,2933.76,3093.44,237502.45,724015765.69
2024-05-18T00:00:00+00:00,ETHUSD,3093.44,3147.62,3085.46,3123.72,131838.78,410558780.4
2024-05-19T00:00:00+00:00,ETHUSD,3123.72,3137.07,3054.06,3070.68,139746.96,431923921.13
2024-05-20T00:00:00+00:00,ETHUSD,3070.68,3694.25,3048.64,3661.58,613409.29,2059788024.65
2024-05-21T00:00:00+00:00,ETHUSD,3661.58,3838.22,3626.39,3789.36,610857.21,2282068734.66
2024-05-22T00:00:00+00:00,ETHUSD,3789.36,3812.19,3653.74,3736.33,379891.06,1420963880.22
2024-05-23T00:00:00+00:00,ETHUSD,3736.33,3945.85,3545.21,3781.61,669270.47,2537742098.36
2024-05-24T00:00:00+00:00,ETHUSD,3781.61,3827.36,3628.42,3727.14,288764.04,1074712165.87
2024-05-25T00:00:00+00:00,ETHUSD,3727.14,3777.86,3708.25,3749.23,99783.57,373668589.73
2024-05-26T00:00:00+00:00,ETHUSD,3749.23,3882.33,3731.48,3824.34,161510.02,616285834.19
2024-05-27T00:00:00+00:00,ETHUSD,3824.34,3973.81,3821.86,3891.26,205569.41,804496436.45
2024-05-28T00:00:00+00:00,ETHUSD,3891.26,3926.23,3769.74,3840.39,233210.02,898526969.71
2024-05-29T00:00:00+00:00,ETHUSD,3840.39,3883.1,3740.97,3762.22,230073.49,873454576.08
2024-05-30T00:00:00+00:00,ETHUSD,3762.22,3823.86,3700.91,3746.97,207732.71,781849408.11
2024-05-31T00:00:00+00:00,ETHUSD,3746.97,3844.09,3720.98,3758.65,225857.18,851837584.52
2024-06-01T00:00:00+00:00,ETHUSD,3758.65,3829.62,3748.85,3812.81,97005.74,367756459.88
2024-06-02T00:00:00+00:00,ETHUSD,3812.81,3834.79,3750.64,3779.06,123116.68,466824951.42
2024-06-03T00:00:00+00:00,ETHUSD,3779.06,3849.89,3758.03,3766.32,171897.5,653009594.07
2024-06-04T00:00:00+00:00,ETHUSD,3766.32,3832.27,3731.38,3810.73,161833.45,612657331.91
2024-06-05T00:00:00+00:00,ETHUSD,3810.73,3887.65,3778.47,3866.46,170665.85,652385687.52
2024-06-06T00:00:00+00:00,ETHUSD,3866.46,3878.9,3758.9,3812.05,140945.2,540297339.89
2024-06-07T00:00:00+00:00,ETHUSD,3812.05,3839.68,3584.45,3676.79,249976.03,935183066.83
2024-06-08T00:00:00+00:00,ETHUSD,3676.79,3707.87,3660.99,3680.84,80031.59,294854677.9
2024-06-09T00:00:00+00:00,ETHUSD,3680.84,3721.77,3666.37,3706,64608,238542651.45
2024-06-10T00:00:00+00:00,ETHUSD,3706,3712.47,3643.95,3665.99,115082.08,423204164.35
2024-06-11T00:00:00+00:00,ETHUSD,3665.99,3671.15,3420.98,3497.32,327115.24,1153310772.38
2024-06-12T00:00:00+00:00,ETHUSD,3497.32,3656.3,3462.28,3559.25,236419.7,843561060.98
2024-06-13T00:00:00+00:00,ETHUSD,3559.25,3560.44,3426.66,3467.79,244679.96,853785190.92
2024-06-14T00:00:00+00:00,ETHUSD,3467.79,3529.49,3360.4,3479.74,263322.79,910398097.21
2024-06-15T00:00:00+00:00,ETHUSD,3479.74,3591.34,3471.43,3566.61,160975.62,569541552.37
2024-06-16T00:00:00+00:00,ETHUSD,3566.61,3650.47,3539.39,3622.37,123587.85,443668310.23
2024-06-17T00:00:00+00:00,ETHUSD,3622.37,3636.6,3464.1,3510.08,293898.69,1040317235.48
2024-06-18T00:00:00+00:00,ETHUSD,3510.08,3515.3,3360.4,3482.27,360756.73,1235708665.8
2024-06-19T00:00:00+00:00,ETHUSD,3482.27,3585.45,3464.99,3558.97,277087.04,981355099.29
2024-06-20T00:00:00+00:00,ETHUSD,3558.97,3624.03,3484.24,3510.94,285337.3,1013417559.96
2024-06-21T00:00:00+00:00,ETHUSD,3510.94,3545.62,3445.09,3517.28,285086.02,997489348.48
2024-06-22T00:00:00+00:00,ETHUSD,3517.28,3520.1,3474.17,3494.25,92237.39,322568484.7
2024-06-23T00:00:00+00:00,ETHUSD,3494.25,3519.63,3405.61,3418.62,128959.72,447200216.36
2024-06-24T00:00:00+00:00,ETHUSD,3418.62,3432.39,3238.76,3350.54,432111.09,1436399345.37
2024-06-25T00:00:00+00:00,ETHUSD,3350.54,3429.63,3335.17,3393.91,268888,910221643.15
2024-06-26T00:00:00+00:00,ETHUSD,3393.91,3424.88,3324.89,3369.46,233222.44,787394906.99
2024-06-27T00:00:00+00:00,ETHUSD,3369.46,3473.86,3360.17,3445.8,202794.81,694115777.85
2024-06-28T00:00:00+00:00,ETHUSD,3445.8,3484.29,3361.15,3373.8,237892.69,813695887
2024-06-29T00:00:00+00:00,ETHUSD,3373.8,3402.58,3367.02,3373.52,73783.39,249697553.04
2024-06-30T00:00:00+00:00,ETHUSD,3373.52,3454.57,3348.22,3432.82,113753.11,386215815.53
2024-07-01T00:00:00+00:00,ETHUSD,3432.82,3519.01,3421.6,3438.83,194043.88,673689774.3
2024-07-02T00:00:00+00:00,ETHUSD,3438.83,3460.32,3397.31,3416.41,133508.19,457927979.27
2024-07-03T00:00:00+00:00,ETHUSD,3416.41,3427.05,3248.43,3292.16,252160.2,836070409.6
2024-07-04T00:00:00+00:00,ETHUSD,3292.16,3309.66,3050.24,3058.81,331942.98,1049223019.3
2024-07-05T00:00:00+00:00,ETHUSD,3058.81,3107.89,2813.4,2982.07,590544.78,1738218188.02
2024-07-06T00:00:00+00:00,ETHUSD,2982.07,3081.82,2956.02,3067.54,186751.41,563019491.33
2024-07-07T00:00:00+00:00,ETHUSD,3067.54,3073.37,2922.6,2931.2,194303.14,581743502.23
2024-07-08T00:00:00+00:00,ETHUSD,2931.2,3095.59,2823.46,3018.49,446084.06,1324818646.47
2024-07-09T00:00:00+00:00,ETHUSD,3018.49,3113.28,3003.39,3066.44,270137.34,827566369.94
2024-07-10T00:00:00+00:00,ETHUSD,3066.44,3151,3024.32,3100.44,266996.85,827331929.61
2024-07-11T00:00:00+00:00,ETHUSD,3100.44,3216.8,3055.15,3099.49,306401.14,959215308.08
2024-07-12T00:00:00+00:00,ETHUSD,3099.49,3158.27,3045.45,3134.62,263282.49,816437009.68
2024-07-13T00:00:00+00:00,ETHUSD,3134.62,3203.26,3114.5,3176.67,143528.6,452734839.69
2024-07-14T00:00:00+00:00,ETHUSD,3176.67,3269.15,3164.68,3246.12,179824.84,576393568.87
2024-07-15T00:00:00+00:00,ETHUSD,3246.12,3495.92,3234.16,3485.5,372645.85,1256447785.47
2024-07-16T00:00:00+00:00,ETHUSD,3485.5,3500.11,3348.6,3446.19,381716.86,1311168548.22
2024-07-17T00:00:00+00:00,ETHUSD,3446.19,3518.37,3377.02,3387.66,290332.97,1002846011.47
2024-07-18T00:00:00+00:00,ETHUSD,3387.66,3489.81,3367.76,3425.94,294308.06,1008326515.58
2024-07-19T00:00:00+00:00,ETHUSD,3425.94,3542.18,3376.46,3506,362043.38,1249532745.89
2024-07-20T00:00:00+00:00,ETHUSD,3506,3541.04,3482.21,3518.85,155617.03,545578065.02
2024-07-21T00:00:00+00:00,ETHUSD,3518.85,3547.99,3413.6,3536.46,237146.07,829407003.8
2024-07-22T00:00:00+00:00,ETHUSD,3536.46,3563.26,3424.39,3441.05,293172.34,1021404115.3
2024-07-23T00:00:00+00:00,ETHUSD,3441.05,3541.2,3390.66,3483.07,497692.19,1727769821.29
2024-07-24T00:00:00+00:00,ETHUSD,3483.07,3488.34,3305.26,3335.15,374294.59,1276136904.66
2024-07-25T00:00:00+00:00,ETHUSD,3335.15,3342.09,3086.98,3174.48,629226.14,1993255125.39
2024-07-26T00:00:00+00:00,ETHUSD,3174.48,3286.14,3170.16,3274.89,352369.01,1143687551.64
2024-07-27T00:00:00+00:00,ETHUSD,3274.89,3328.21,3191.5,3249.36,266332.66,870351113.68
2024-07-28T00:00:00+00:00,ETHUSD,3249.36,3284.22,3198.42,3270.15,169799.31,552126414.21
2024-07-29T00:00:00+00:00,ETHUSD,3270.15,3396.47,3257.12,3317.94,401715.85,1337423635.28
2024-07-30T00:00:00+00:00,ETHUSD,3317.94,3365.72,3233,3278.41,350556.94,1159118253.15
2024-07-31T00:00:00+00:00,ETHUSD,3278.41,3348.14,3212.6,3231.84,376464.31,1237697272.51
2024-08-01T00:00:00+00:00,ETHUSD,3231.84,3242.01,3077.63,3200.67,487547.13,1539066982.82
2024-08-02T00:00:00+00:00,ETHUSD,3200.67,3215.63,2963.83,2985.72,523145.1,1612368844.34
2024-08-03T00:00:00+00:00,ETHUSD,2985.72,3016.01,2857.64,2902.09,393207.03,1156019177.73
2024-08-04T00:00:00+00:00,ETHUSD,2902.09,2932.92,2631.57,2688.08,471043.14,1318526624.61
2024-08-05T00:00:00+00:00,ETHUSD,2688.08,2695.99,2121.38,2420.39,1526680.78,3591927547.03
2024-08-06T00:00:00+00:00,ETHUSD,2420.39,2555.03,2416.38,2462.39,714375.21,1782189220.6
2024-08-07T00:00:00+00:00,ETHUSD,2462.39,2552.44,2309.57,2343.5,726776.89,1768819066.35
2024-08-08T00:00:00+00:00,ETHUSD,2343.5,2725.27,2321.44,2683.62,683581.04,1720305405.81
2024-08-09T00:00:00+00:00,ETHUSD,2683.62,2708.37,2553.45,2600.21,477272.21,1254678742.58
2024-08-10T00:00:00+00:00,ETHUSD,2600.21,2645.71,2577.75,2610.64,216883.19,566478754.71
2024-08-11T00:00:00+00:00,ETHUSD,2610.64,2720.01,2541.45,2555.67,341708.96,895626363.13
2024-08-12T00:00:00+00:00,ETHUSD,2555.67,2750.36,2510.8,2723.07,568584.98,1497872954.96
2024-08-13T00:00:00+00:00,ETHUSD,2723.07,2738.95,2611.9,2703.6,445417.36,1193720774.03
2024-08-14T00:00:00+00:00,ETHUSD,2703.6,2780.36,2634.08,2661.98,501689.55,1352456213.01
2024-08-15T00:00:00+00:00,ETHUSD,2661.98,2675.61,2516.45,2570.39,513312.96,1339226674.49
2024-08-16T00:00:00+00:00,ETHUSD,2570.39,2631.33,2551.62,2593.7,386678.1,1004141276.96
2024-08-17T00:00:00+00:00,ETHUSD,2593.7,2627.79,2588.33,2614.92,145605.55,379457607.09
2024-08-18T00:00:00+00:00,ETHUSD,2614.92,2688.05,2595.09,2612.58,230351.73,608760936
2024-08-19T00:00:00+00:00,ETHUSD,2612.58,2648.59,2564.33,2637.47,350672.63,913374780.6
2024-08-20T00:00:00+00:00,ETHUSD,2637.47,2696.96,2555.47,2573.25,391914.19,1027820178.53
2024-08-21T00:00:00+00:00,ETHUSD,2573.25,2665,2536.65,2631.39,406904.03,1060404718.81
2024-08-22T00:00:00+00:00,ETHUSD,2631.39,2645.74,2585.16,2623.57,302785.48,792847483.99
2024-08-23T00:00:00+00:00,ETHUSD,2623.57,2801.3,2622.04,2764.81,454835.09,1227460805.08
2024-08-24T00:00:00+00:00,ETHUSD,2764.81,2821.03,2734.68,2769.86,247938.26,687507298.7
2024-08-25T00:00:00+00:00,ETHUSD,2769.86,2793.69,2734.94,2747.52,197125.99,544826991.77
2024-08-26T00:00:00+00:00,ETHUSD,2747.52,2763.44,2667.78,2681.15,361330.86,983028927.22
2024-08-27T00:00:00+00:00,ETHUSD,2681.15,2700.25,2397.41,2458.29,575029.06,1478097677.49
2024-08-28T00:00:00+00:00,ETHUSD,2458.29,2555.36,2419.63,2528.73,723938.63,1805521537.98
2024-08-29T00:00:00+00:00,ETHUSD,2528.73,2596.48,2505.99,2527.97,490152.85,1248564659.83
2024-08-30T00:00:00+00:00,ETHUSD,2527.97,2549.39,2431.81,2526.02,540292.51,1350698797.75
2024-08-31T00:00:00+00:00,ETHUSD,2526.02,2533.75,2492.3,2513.01,161106.88,405411435.18
2024-09-01T00:00:00+00:00,ETHUSD,2513.01,2516.11,2399.46,2426.06,391153.73,965223692.27
2024-09-02T00:00:00+00:00,ETHUSD,2426.06,2564.12,2423.46,2538.22,443297.14,1104998067.39
2024-09-03T00:00:00+00:00,ETHUSD,2538.22,2553.6,2412.13,2424.4,404963.91,1002071915.38
2024-09-04T00:00:00+00:00,ETHUSD,2424.4,2489.97,2307.38,2450.36,631890.81,1522896400.47
2024-09-05T00:00:00+00:00,ETHUSD,2450.36,2465.98,2347.87,2367.89,506160.09,1211036915.11
2024-09-06T00:00:00+00:00,ETHUSD,2367.89,2408.12,2150.58,2224.52,1270951.21,2911433881.45
2024-09-07T00:00:00+00:00,ETHUSD,2224.52,2311.5,2221.47,2273.45,397641.65,903055827.51
2024-09-08T00:00:00+00:00,ETHUSD,2273.45,2333.32,2240.93,2297.39,418755.78,956132080.19
2024-09-09T00:00:00+00:00,ETHUSD,2297.39,2381.15,2272.96,2360,734292.08,1706417888.46
2024-09-10T00:00:00+00:00,ETHUSD,2360,2399.89,2321.2,2388.83,515248.66,1213946829.14
2024-09-11T00:00:00+00:00,ETHUSD,2388.83,2389.63,2277.46,2340.73,810168.09,1893281252.44
2024-09-12T00:00:00+00:00,ETHUSD,2340.73,2392.23,2315.2,2361.91,540552.51,1272153141.66
2024-09-13T00:00:00+00:00,ETHUSD,2361.91,2467.01,2337.55,2441.28,558228.19,1341722179.48
2024-09-14T00:00:00+00:00,ETHUSD,2441.28,2442.6,2380.27,2418.52,228792.89,553168350.76
2024-09-15T00:00:00+00:00,ETHUSD,2418.52,2430.97,2284.83,2316.46,397331.43,939667666.73
2024-09-16T00:00:00+00:00,ETHUSD,2316.46,2335.55,2252.35,2295.53,620444.86,1419906010.83
2024-09-17T00:00:00+00:00,ETHUSD,2295.53,2394.13,2263.23,2342.21,534392.14,1250600523.86
2024-09-18T00:00:00+00:00,ETHUSD,2342.21,2376.81,2277.24,2375.01,802301,1863106009.93
2024-09-19T00:00:00+00:00,ETHUSD,2375.01,2495.81,2373.21,2465.83,669373.26,1631198496.45
2024-09-20T00:00:00+00:00,ETHUSD,2465.83,2572.48,2438.28,2561.88,662488.82,1676058410.49
2024-09-21T00:00:00+00:00,ETHUSD,2561.88,2623.23,2529.08,2613.27,350291.99,898249036.55
2024-09-22T00:00:00+00:00,ETHUSD,2613.27,2632.42,2525.5,2581.43,433318.91,1119229049.35
2024-09-23T00:00:00+00:00,ETHUSD,2581.43,2703.72,2540.14,2647.17,797788.43,2114026606.3
2024-09-24T00:00:00+00:00,ETHUSD,2647.17,2671.47,2591.67,2653.41,564932.4,1489530217
2024-09-25T00:00:00+00:00,ETHUSD,2653.41,2673.98,2554.44,2579.69,458195.34,1193419716.98
2024-09-26T00:00:00+00:00,ETHUSD,2579.69,2667.12,2558.97,2632.81,636262.74,1671331616.32
2024-09-27T00:00:00+00:00,ETHUSD,2632.81,2729.09,2615.78,2695.48,630258.28,1686949107.85
2024-09-28T00:00:00+00:00,ETHUSD,2695.48,2704.85,2650.36,2676.03,253740.82,679092312.05
2024-09-29T00:00:00+00:00,ETHUSD,2676.03,2684.06,2634.67,2658.08,336903.96,896401461.54
2024-09-30T00:00:00+00:00,ETHUSD,2658.08,2663.74,2574.29,2601.63,675135.62,1764901279.49
2024-10-01T00:00:00+00:00,ETHUSD,2601.63,2658.14,2412.86,2447.54,935350.48,2371417682.45
2024-10-02T00:00:00+00:00,ETHUSD,2447.54,2498.47,2351.69,2363.64,878594.95,2135168461.41
2024-10-03T00:00:00+00:00,ETHUSD,2363.64,2403.1,2309.02,2349.81,791791.01,1861233702.36
2024-10-04T00:00:00+00:00,ETHUSD,2349.81,2441.17,2339.08,2414.67,613653.36,1466938297.17
2024-10-05T00:00:00+00:00,ETHUSD,2414.67,2428.3,2389.86,2414.79,228294.58,550227220.41
2024-10-06T00:00:00+00:00,ETHUSD,2414.79,2457.66,2406.92,2439.96,247260.3,602094342.62
2024-10-07T00:00:00+00:00,ETHUSD,2439.96,2520.68,2403.11,2422.14,605307.21,1493722557.57
2024-10-08T00:00:00+00:00,ETHUSD,2422.14,2464.96,2400.15,2439.67,565992.23,1377080732.7
2024-10-09T00:00:00+00:00,ETHUSD,2439.67,2472.34,2349.45,2368.44,628217.18,1523323936.03
2024-10-10T00:00:00+00:00,ETHUSD,2368.44,2418.45,2327.91,2384.4,646463.58,1537729729.42
2024-10-11T00:00:00+00:00,ETHUSD,2384.4,2471.51,2380.07,2439.03,514548.99,1249706601.35
2024-10-12T00:00:00+00:00,ETHUSD,2439.03,2489.88,2433.76,2475.93,268416.86,661111678.56
2024-10-13T00:00:00+00:00,ETHUSD,2475.93,2484.69,2436.05,2468.12,309345.14,760699456.42
2024-10-14T00:00:00+00:00,ETHUSD,2468.12,2653.38,2442.68,2629.02,691238.78,1776744305.84
2024-10-15T00:00:00+00:00,ETHUSD,2629.02,2687.32,2536.79,2606.92,701243.67,1823524605.14
2024-10-16T00:00:00+00:00,ETHUSD,2606.92,2647,2588.65,2610.95,471282.51,1233603929.17
2024-10-17T00:00:00+00:00,ETHUSD,2610.95,2647.64,2574.89,2605.1,439222.83,1147142948.19
2024-10-18T00:00:00+00:00,ETHUSD,2605.1,2676.03,2595.49,2642.22,449053.78,1183525663.73
2024-10-19T00:00:00+00:00,ETHUSD,2642.22,2663.13,2631.03,2648.12,157675.14,416907551.95
2024-10-20T00:00:00+00:00,ETHUSD,2648.12,2758.61,2635.5,2746.4,336813.48,908873436.8
2024-10-21T00:00:00+00:00,ETHUSD,2746.4,2768.44,2653.51,2665.9,485361.67,1309809409.67
2024-10-22T00:00:00+00:00,ETHUSD,2665.9,2670.69,2605.16,2621.31,468082.26,1231574569.37
2024-10-23T00:00:00+00:00,ETHUSD,2621.31,2626.44,2447.63,2522.33,554160.28,1409947643.87
2024-10-24T00:00:00+00:00,ETHUSD,2522.33,2559.63,2505.09,2534.54,520686.94,1317937404.35
2024-10-25T00:00:00+00:00,ETHUSD,2534.54,2564.77,2379.92,2436.2,793068.69,1979249041.9
2024-10-26T00:00:00+00:00,ETHUSD,2436.2,2504.68,2426.19,2479.7,374032.46,919877716.08
2024-10-27T00:00:00+00:00,ETHUSD,2479.7,2524.68,2460.86,2505.21,250034.47,622733569.44
2024-10-28T00:00:00+00:00,ETHUSD,2505.21,2587.97,2468.99,2565.82,621030.44,1563895675.64
2024-10-29T00:00:00+00:00,ETHUSD,2565.82,2681.49,2559.73,2638.16,695762.27,1827635698.82
2024-10-30T00:00:00+00:00,ETHUSD,2638.16,2721.17,2599.62,2658.35,598055.65,1596173816.57
2024-10-31T00:00:00+00:00,ETHUSD,2658.35,2668.16,2500.37,2515.04,525510.51,1356038657.29
2024-11-01T00:00:00+00:00,ETHUSD,2515.04,2585.36,2465.23,2510.39,540363.93,1361183545.79
2024-11-02T00:00:00+00:00,ETHUSD,2510.39,2522.44,2470.1,2493.41,197860.22,493209504.13
2024-11-03T00:00:00+00:00,ETHUSD,2493.41,2495.76,2410.21,2456.66,456155,1116194001.28
2024-11-04T00:00:00+00:00,ETHUSD,2456.66,2489.68,2356.45,2396.87,488064.97,1188223675.72
2024-11-05T00:00:00+00:00,ETHUSD,2396.87,2479.4,2379.36,2422.4,541608.48,1318124371.56
2024-11-06T00:00:00+00:00,ETHUSD,2422.4,2746.79,2420.17,2724.61,983307.18,2568248687.47
2024-11-07T00:00:00+00:00,ETHUSD,2724.61,2920.14,2701.67,2897.52,983985.53,2796153110.79
2024-11-08T00:00:00+00:00,ETHUSD,2897.52,2985.38,2889.33,2963.98,864685.78,2534385795.77
2024-11-09T00:00:00+00:00,ETHUSD,2963.98,3158.45,2957.02,3127.99,674864.79,2054533990.24
2024-11-10T00:00:00+00:00,ETHUSD,3127.99,3251.73,3070.75,3186.06,1066371.96,3390612974.74
2024-11-11T00:00:00+00:00,ETHUSD,3186.06,3391.44,3108.06,3375.79,1371655.28,4474444777.51
2024-11-12T00:00:00+00:00,ETHUSD,3375.79,3446.83,3210.71,3247.18,1572933.12,5174594924.83
2024-11-13T00:00:00+00:00,ETHUSD,3247.18,3339.13,3121.1,3191.32,1694646.9,5472868207.56
2024-11-14T00:00:00+00:00,ETHUSD,3191.32,3242.46,3029.87,3059.11,1094612.33,3442349717.01
2024-11-15T00:00:00+00:00,ETHUSD,3059.11,3131.21,3014.42,3091.03,1010306.63,3095289918.88
2024-11-16T00:00:00+00:00,ETHUSD,3091.03,3220.45,3073.05,3134.46,711991.72,2242190060.83
2024-11-17T00:00:00+00:00,ETHUSD,3134.46,3161.64,3035.43,3076.78,883275.45,2731030374.29
2024-11-18T00:00:00+00:00,ETHUSD,3076.78,3225.96,3043.95,3209.54,1056560.33,3307522653.43
2024-11-19T00:00:00+00:00,ETHUSD,3209.54,3222.68,3069.92,3112.1,872393.18,2725538047.03
2024-11-20T00:00:00+00:00,ETHUSD,3112.1,3161.74,3032.19,3072.39,920895.41,2847325391.97
2024-11-21T00:00:00+00:00,ETHUSD,3072.39,3390.36,3035.42,3359.82,1472261.88,4818916672.09
2024-11-22T00:00:00+00:00,ETHUSD,3359.82,3429.52,3260.59,3331.89,1093593.44,3631141762.22
2024-11-23T00:00:00+00:00,ETHUSD,3331.89,3500.84,3316.75,3397.31,1006484.06,3427409235.21
2024-11-24T00:00:00+00:00,ETHUSD,3397.31,3453.25,3286.01,3364.81,714306.85,2391223534.12
2024-11-25T00:00:00+00:00,ETHUSD,3364.81,3546.9,3304.24,3414.86,1551247.76,5348045568.7
2024-11-26T00:00:00+00:00,ETHUSD,3414.86,3463.14,3253,3323.46,1228456.09,4105940785.22
2024-11-27T00:00:00+00:00,ETHUSD,3323.46,3688.67,3300.95,3657.71,1089769.54,3826715224.77
2024-11-28T00:00:00+00:00,ETHUSD,3657.71,3665.49,3530.59,3579.62,676354.04,2431980739.66
2024-11-29T00:00:00+00:00,ETHUSD,3579.62,3649.37,3535.89,3593.72,638222.65,2294777437.53
2024-11-30T00:00:00+00:00,ETHUSD,3593.72,3740.88,3569.68,3706.22,602183.58,2207693328.33
2024-12-01T00:00:00+00:00,ETHUSD,3706.22,3748.69,3661.41,3710.38,615049.12,2280739856.71
2024-12-02T00:00:00+00:00,ETHUSD,3710.38,3763.68,3556.46,3644.73,1050376.87,3830838282.74
2024-12-03T00:00:00+00:00,ETHUSD,3644.73,3670.83,3502.19,3617.6,957760.15,3438318051.88
2024-12-04T00:00:00+00:00,ETHUSD,3617.6,3896.39,3617.49,3845.15,1491705.74,5638336910.75
2024-12-05T00:00:00+00:00,ETHUSD,3845.15,3960.04,3682.13,3789.23,1530990.47,5910223747.31
2024-12-06T00:00:00+00:00,ETHUSD,3789.23,4095.77,3781.72,4005.27,1111693.25,4407628437.66
2024-12-07T00:00:00+00:00,ETHUSD,4005.27,4030.6,3973.34,4000.53,377746.89,1511812189.23
2024-12-08T00:00:00+00:00,ETHUSD,4000.53,4018.61,3925.98,4007.11,352808.68,1406686505.66
2024-12-09T00:00:00+00:00,ETHUSD,4007.11,4008.95,3518.41,3714.19,1331815.99,5064825849.26
2024-12-10T00:00:00+00:00,ETHUSD,3714.19,3782.03,3516.11,3630.62,1532770.64,5597783203.75
2024-12-11T00:00:00+00:00,ETHUSD,3630.62,3851.87,3564.93,3834.97,846033.64,3159616884.11
2024-12-12T00:00:00+00:00,ETHUSD,3834.97,3989.26,3800.06,3882.65,992205.5,3885860560.96
2024-12-13T00:00:00+00:00,ETHUSD,3882.65,3969.42,3854.19,3907.67,671079.01,2626819579.66
2024-12-14T00:00:00+00:00,ETHUSD,3907.67,3945.69,3824.52,3869.58,407410.26,1580739900.2
2024-12-15T00:00:00+00:00,ETHUSD,3869.58,3973.82,3831.25,3957.8,401077.22,1561831736.65
2024-12-16T00:00:00+00:00,ETHUSD,3957.8,4109.05,3882.18,3987.5,952417.89,3800570708.81
2024-12-17T00:00:00+00:00,ETHUSD,3987.5,4041.72,3848.18,3893.55,786202.61,3116969165.01
2024-12-18T00:00:00+00:00,ETHUSD,3893.55,3906.34,3615.92,3624.67,1372709.16,5182260876.45
2024-12-19T00:00:00+00:00,ETHUSD,3624.67,3718.21,3324.98,3414.47,1830425.9,6434804570.5
2024-12-20T00:00:00+00:00,ETHUSD,3414.47,3497.41,3097.02,3470.82,2219323.99,7390121010.87
2024-12-21T00:00:00+00:00,ETHUSD,3470.82,3553.59,3291.33,3337.38,1155916.14,3923463162.61
2024-12-22T00:00:00+00:00,ETHUSD,3337.38,3400.67,3217.99,3278.9,1040424.92,3448396650.54
2024-12-23T00:00:00+00:00,ETHUSD,3278.9,3462.33,3214.22,3418.24,1490422.32,4956901207.6
2024-12-24T00:00:00+00:00,ETHUSD,3418.24,3537.95,3353.25,3491.08,786958.56,2711580953.17
2024-12-25T00:00:00+00:00,ETHUSD,3491.08,3544.38,3437.73,3494.17,491620.39,1709235407.44
2024-12-26T00:00:00+00:00,ETHUSD,3494.17,3512.4,3301.29,3331.04,763125.04,2568515605.11
2024-12-27T00:00:00+00:00,ETHUSD,3331.04,3438.15,3302.29,3328.67,853759.31,2858674867.14
2024-12-28T00:00:00+00:00,ETHUSD,3328.67,3421.63,3317.24,3397.86,387541.31,1304303831.05
2024-12-29T00:00:00+00:00,ETHUSD,3397.86,3408.15,3319.97,3350.43,378550.32,1272748683.17
2024-12-30T00:00:00+00:00,ETHUSD,3350.43,3430.01,3297.17,3356.45,941507.45,3169278070.97
2024-12-31T00:00:00+00:00,ETHUSD,3356.45,3446.75,3310.44,3331.15,657646.83,2216564705.88
2025-01-01T00:00:00+00:00,ETHUSD,3331.15,3367.25,3307.9,3353.28,435980.05,1456285978.13
2025-01-02T00:00:00+00:00,ETHUSD,3353.28,3501.88,3347.42,3452.59,636086.97,2190668108.25
2025-01-03T00:00:00+00:00,ETHUSD,3452.59,3629.72,3420.39,3607.83,573464.49,2032387048.39
2025-01-04T00:00:00+00:00,ETHUSD,3607.83,3670.74,3571.37,3656.45,344694.11,1249248939.8
2025-01-05T00:00:00+00:00,ETHUSD,3656.45,3674.88,3593.38,3635.29,266362.47,966999828.9
2025-01-06T00:00:00+00:00,ETHUSD,3635.29,3745.42,3610.01,3688.83,656886.99,2412844220.17
2025-01-07T00:00:00+00:00,ETHUSD,3688.83,3702.31,3355.66,3380.43,1018302.92,3552335338.04
2025-01-08T00:00:00+00:00,ETHUSD,3380.43,3414.51,3206.56,3326.54,1153190.37,3829595997.28
2025-01-09T00:00:00+00:00,ETHUSD,3326.54,3356.53,3157.37,3219.05,910975.51,2966166459.79
2025-01-10T00:00:00+00:00,ETHUSD,3219.05,3321.87,3194.45,3266.41,761483.53,2481338284.36
2025-01-11T00:00:00+00:00,ETHUSD,3266.41,3318.86,3217.1,3281.96,203414.68,664675634.73
2025-01-12T00:00:00+00:00,ETHUSD,3281.96,3298.43,3223.43,3266.23,207030.12,676543393.41
2025-01-13T00:00:00+00:00,ETHUSD,3266.23,3336.51,2914.43,3136.46,1280425.97,3948458235.06
2025-01-14T00:00:00+00:00,ETHUSD,3136.46,3256.06,3124.84,3224.35,620405.54,1982744482.39
2025-01-15T00:00:00+00:00,ETHUSD,3224.35,3474.83,3185.43,3451.52,648861.59,2156251132.13
2025-01-16T00:00:00+00:00,ETHUSD,3451.52,3460.18,3264.33,3307.52,676527.58,2258742497.1
2025-01-17T00:00:00+00:00,ETHUSD,3307.52,3526.53,3307.3,3475.27,665412.16,2278124769.58
2025-01-18T00:00:00+00:00,ETHUSD,3475.27,3495.59,3225.3,3304.42,692333.48,2293358355.85
2025-01-19T00:00:00+00:00,ETHUSD,3304.42,3445.08,3125.79,3210.82,1498939.76,4948749700.72
2025-01-20T00:00:00+00:00,ETHUSD,3210.82,3447.33,3139.52,3280.4,916417.88,3025203965.59
2025-01-21T00:00:00+00:00,ETHUSD,3280.4,3367.68,3201.27,3327.64,1285042.36,4216565840.14
2025-01-22T00:00:00+00:00,ETHUSD,3327.64,3365.8,3220.94,3241.51,789270.59,2597057853.09
2025-01-23T00:00:00+00:00,ETHUSD,3241.51,3349.16,3181.65,3338.7,1191552.39,3870959343.56
2025-01-24T00:00:00+00:00,ETHUSD,3338.7,3429.38,3275.03,3309.74,872425,2931545154.51
2025-01-25T00:00:00+00:00,ETHUSD,3309.74,3350.1,3268.95,3318.45,390644.39,1294651424.39
2025-01-26T00:00:00+00:00,ETHUSD,3318.45,3361.69,3228.27,3231.79,344823.13,1138712496.56
2025-01-27T00:00:00+00:00,ETHUSD,3231.79,3253.33,3019.62,3181.65,1946485.97,6075617480.89
2025-01-28T00:00:00+00:00,ETHUSD,3181.65,3223.46,3038.14,3075.83,810050.82,2551321738.16
2025-01-29T00:00:00+00:00,ETHUSD,3075.83,3181.8,3053.79,3114.1,979425.36,3051953842.97
2025-01-30T00:00:00+00:00,ETHUSD,3114.1,3283.81,3090.57,3247.4,663385.4,2141545334.07
2025-01-31T00:00:00+00:00,ETHUSD,3247.4,3438.39,3213.28,3300.04,942571.25,3137634613.96
2025-02-01T00:00:00+00:00,ETHUSD,3300.04,3330.53,3100.98,3116.61,641936.96,2067824306.72
2025-02-02T00:00:00+00:00,ETHUSD,3116.61,3162.42,2748.46,2869.16,1664866.72,4960751902.11
2025-02-03T00:00:00+00:00,ETHUSD,2869.16,2923.86,2135.28,2883.08,2309801.7,6124107763.07
2025-02-04T00:00:00+00:00,ETHUSD,2883.08,2891.59,2630.1,2732.09,2250660.33,6237893049.87
2025-02-05T00:00:00+00:00,ETHUSD,2732.09,2828.52,2699.66,2788.52,1561075.32,4311232133.14
2025-02-06T00:00:00+00:00,ETHUSD,2788.52,2859.03,2655.84,2686.96,1412060.12,3877331053.84
2025-02-07T00:00:00+00:00,ETHUSD,2686.96,2799.25,2562.54,2622.67,1450026.8,3904068262.75
2025-02-08T00:00:00+00:00,ETHUSD,2622.67,2668.42,2588.23,2632.76,745326.75,1955926148.07
2025-02-09T00:00:00+00:00,ETHUSD,2632.76,2697.47,2523.01,2627.84,706455.13,1853022022.23
2025-02-10T00:00:00+00:00,ETHUSD,2627.84,2694.65,2560.51,2661.94,819336.22,2166236414.19
2025-02-11T00:00:00+00:00,ETHUSD,2661.94,2725.63,2560.02,2602.22,811259.68,2150279945.38
2025-02-12T00:00:00+00:00,ETHUSD,2602.22,2796.27,2547.78,2738.57,1047046.99,2757693674.05
2025-02-13T00:00:00+00:00,ETHUSD,2738.57,2758.43,2613.47,2676.25,641770.87,1713663665.98
2025-02-14T00:00:00+00:00,ETHUSD,2676.25,2792.57,2665.32,2726.02,455393.53,1240341141.4
2025-02-15T00:00:00+00:00,ETHUSD,2726.02,2739.45,2669.92,2693.56,193220.8,522207024.56
2025-02-16T00:00:00+00:00,ETHUSD,2693.56,2726.44,2652.48,2661.59,222344.21,597267557.19
2025-02-17T00:00:00+00:00,ETHUSD,2661.59,2849.7,2638.4,2744.13,658802.74,1808500589.29
2025-02-18T00:00:00+00:00,ETHUSD,2744.13,2756.89,2604.91,2670.43,782871.53,2088590910.25
2025-02-19T00:00:00+00:00,ETHUSD,2670.43,2736.55,2655.15,2715.47,357866.03,967477746.93
2025-02-20T00:00:00+00:00,ETHUSD,2715.47,2771.4,2707.57,2738.98,307273.65,841013806.86
2025-02-21T00:00:00+00:00,ETHUSD,2738.98,2846.45,2614.91,2661.6,973132.84,2643981389.13
2025-02-22T00:00:00+00:00,ETHUSD,2661.6,2797.94,2652.29,2763.54,325917.91,890496240.67
2025-02-23T00:00:00+00:00,ETHUSD,2763.54,2855.62,2745.76,2819.92,377823.95,1058360404.79
2025-02-24T00:00:00+00:00,ETHUSD,2819.92,2839.7,2472.67,2513.65,860333.28,2290917461.03
2025-02-25T00:00:00+00:00,ETHUSD,2513.65,2530.78,2321.8,2492.48,1322164.02,3220072359.52
2025-02-26T00:00:00+00:00,ETHUSD,2492.48,2504.36,2253.78,2333.12,953519.11,2258691011.15
2025-02-27T00:00:00+00:00,ETHUSD,2333.12,2379.42,2227.96,2305.51,755764.07,1749329389.64
2025-02-28T00:00:00+00:00,ETHUSD,2305.51,2312.03,2074.27,2236.53,1316509.15,2863531712.08
2025-03-01T00:00:00+00:00,ETHUSD,2236.53,2280.48,2142.32,2216.72,412403.61,911551564.28
2025-03-02T00:00:00+00:00,ETHUSD,2216.72,2551.36,2172.23,2518.51,1112129.61,2649980865.8
2025-03-03T00:00:00+00:00,ETHUSD,2518.51,2523.92,2095.86,2147.5,1242863.16,2817538032.17
2025-03-04T00:00:00+00:00,ETHUSD,2147.5,2221.77,1992.64,2171.13,1580979.38,3312378978.4
2025-03-05T00:00:00+00:00,ETHUSD,2171.13,2272.97,2154.95,2241.7,645690.07,1419894367.7
2025-03-06T00:00:00+00:00,ETHUSD,2241.7,2319.94,2176.6,2202.6,553619.95,1241687549.9
2025-03-07T00:00:00+00:00,ETHUSD,2202.6,2258.09,2102.41,2140.93,913517.64,1983561951.51
2025-03-08T00:00:00+00:00,ETHUSD,2140.93,2234.23,2104.79,2203.24,276962.45,601813434.43
2025-03-09T00:00:00+00:00,ETHUSD,2203.24,2211.63,1989.92,2020.01,551903.26,1140040601.08
2025-03-10T00:00:00+00:00,ETHUSD,2020.01,2152.22,1810.22,1864.38,1275432.63,2508045690.95
2025-03-11T00:00:00+00:00,ETHUSD,1864.38,1962.74,1754.47,1922.98,1202903.6,2270225385.14
2025-03-12T00:00:00+00:00,ETHUSD,1922.98,1956.11,1829.6,1907.9,815698.51,1544805794.26
2025-03-13T00:00:00+00:00,ETHUSD,1907.9,1920.23,1821.32,1863.87,607489.54,1138988132.52
2025-03-14T00:00:00+00:00,ETHUSD,1863.87,1945.8,1860.72,1911.53,346234.96,661654970.12
2025-03-15T00:00:00+00:00,ETHUSD,1911.53,1957.41,1904.03,1937.46,143816.61,277588743.46
2025-03-16T00:00:00+00:00,ETHUSD,1937.46,1940.83,1861.34,1886.94,236266.67,448389175.16
2025-03-17T00:00:00+00:00,ETHUSD,1886.94,1952.31,1879.86,1926.41,284013.98,544239998.37
2025-03-18T00:00:00+00:00,ETHUSD,1926.41,1935.75,1871.94,1931.53,296067.75,561709451.5
2025-03-19T00:00:00+00:00,ETHUSD,1931.53,2070.73,1927.78,2056.92,557064.14,1121121085.82
2025-03-20T00:00:00+00:00,ETHUSD,2056.92,2068.27,1951.62,1982.66,340451.01,678503902.02
2025-03-21T00:00:00+00:00,ETHUSD,1982.66,1995.28,1936.31,1965.08,253358.58,497551382.23
2025-03-22T00:00:00+00:00,ETHUSD,1965.08,2005.7,1963.88,1980.4,115518.94,229714664.93
2025-03-23T00:00:00+00:00,ETHUSD,1980.4,2020.18,1976.7,2006.05,151408.75,302998157.14
2025-03-24T00:00:00+00:00,ETHUSD,2006.05,2103.99,1977.97,2081.53,387473.82,800572022.69
2025-03-25T00:00:00+00:00,ETHUSD,2081.53,2097.85,2037.56,2066.62,274400.44,567133150.85
2025-03-26T00:00:00+00:00,ETHUSD,2066.62,2079.18,1981.68,2009.64,331520.12,672337092.62
2025-03-27T00:00:00+00:00,ETHUSD,2009.64,2037.52,1986.9,2003.3,272617.81,548864029.08
2025-03-28T00:00:00+00:00,ETHUSD,2003.3,2015.61,1861.15,1896.15,579310.91,1103644177.42
2025-03-29T00:00:00+00:00,ETHUSD,1896.15,1912.48,1797.16,1827.68,370691.72,684034057.76
2025-03-30T00:00:00+00:00,ETHUSD,1827.68,1848.29,1767.75,1807.48,340138.58,617668227.48
2025-03-31T00:00:00+00:00,ETHUSD,1807.48,1853.97,1777.38,1822.14,504869.33,917704034.94
2025-04-01T00:00:00+00:00,ETHUSD,1822.14,1927.88,1817.91,1905.23,448786.64,845243050.66
2025-04-02T00:00:00+00:00,ETHUSD,1905.23,1955.36,1781.4,1794.63,681398,1280088185.31
2025-04-03T00:00:00+00:00,ETHUSD,1794.63,1844.85,1750.85,1816.31,536404.18,960953835.92
2025-04-04T00:00:00+00:00,ETHUSD,1816.31,1835.41,1758.61,1816.25,606949.32,1091295574.19
2025-04-05T00:00:00+00:00,ETHUSD,1816.25,1826.56,1764.13,1805.19,153030.66,274947827.91
2025-04-06T00:00:00+00:00,ETHUSD,1805.19,1816.3,1537.47,1579.65,836983.71,1375390891.8
2025-04-07T00:00:00+00:00,ETHUSD,1579.65,1632.05,1412.16,1552.42,1727049.97,2651234444.53
2025-04-08T00:00:00+00:00,ETHUSD,1552.42,1618.09,1445.86,1472.15,872998.71,1332975047.94
2025-04-09T00:00:00+00:00,ETHUSD,1472.15,1688.31,1384.7,1669,1364371.96,2073024511.21
2025-04-10T00:00:00+00:00,ETHUSD,1669,1669.34,1472.07,1521.51,854187.14,1330455912.67
2025-04-11T00:00:00+00:00,ETHUSD,1521.51,1590.22,1504.16,1566.02,572878.43,891270709.03
2025-04-12T00:00:00+00:00,ETHUSD,1566.02,1668.92,1545.25,1643.84,376902.52,610788400.42
2025-04-13T00:00:00+00:00,ETHUSD,1643.84,1649.32,1562.63,1597.18,510676.97,819443109.52
2025-04-14T00:00:00+00:00,ETHUSD,1597.18,1691,1595.15,1623.79,576057.97,946070662.59
2025-04-15T00:00:00+00:00,ETHUSD,1623.79,1660.77,1583.09,1588.7,503230.46,816144949.08
2025-04-16T00:00:00+00:00,ETHUSD,1588.7,1613.08,1538.57,1577.24,563383.73,890121272.88
2025-04-17T00:00:00+00:00,ETHUSD,1577.24,1616.72,1563.01,1583.68,407994.55,649565838.07
2025-04-18T00:00:00+00:00,ETHUSD,1583.68,1600.45,1573.8,1588.56,181077.59,287426875.95
2025-04-19T00:00:00+00:00,ETHUSD,1588.56,1628.78,1585.02,1612.74,189936.64,304710533.5
2025-04-20T00:00:00+00:00,ETHUSD,1612.74,1618.66,1565.79,1587.31,219107.56,348453526.51
2025-04-21T00:00:00+00:00,ETHUSD,1587.31,1658.13,1564.65,1579.7,518764.88,836176542.33
2025-04-22T00:00:00+00:00,ETHUSD,1579.7,1778.41,1539.87,1757.04,824531.74,1378567169.81
2025-04-23T00:00:00+00:00,ETHUSD,1757.04,1833.67,1746.08,1795.87,787466.37,1411088123.18
2025-04-24T00:00:00+00:00,ETHUSD,1795.87,1803.32,1723.07,1770.44,493136.05,869951343.89
2025-04-25T00:00:00+00:00,ETHUSD,1770.44,1828.79,1739.84,1785.94,574947.84,1028226623.47
2025-04-26T00:00:00+00:00,ETHUSD,1785.94,1841.59,1780.01,1821.45,296814.99,535455658.73
2025-04-27T00:00:00+00:00,ETHUSD,1821.45,1857.74,1783.01,1791.85,287345.16,520004273.7
2025-04-28T00:00:00+00:00,ETHUSD,1791.85,1827.96,1745.4,1800.19,579690.15,1035461893.1
2025-04-29T00:00:00+00:00,ETHUSD,1800.19,1843.4,1780.77,1798.47,445834.21,808620394.56
2025-04-30T00:00:00+00:00,ETHUSD,1798.47,1817.08,1732.54,1793.83,434187.94,773685384.34
2025-05-01T00:00:00+00:00,ETHUSD,1793.83,1873.95,1792.84,1838.83,408309.83,751083284.45
2025-05-02T00:00:00+00:00,ETHUSD,1838.83,1871.48,1813.65,1842.84,312353.27,575346916.02
2025-05-03T00:00:00+00:00,ETHUSD,1842.84,1848.87,1810.54,1833.95,159325.43,291868877.83
2025-05-04T00:00:00+00:00,ETHUSD,1833.95,1850.27,1803.35,1809,183495.56,335700955.44
2025-05-05T00:00:00+00:00,ETHUSD,1809,1833.48,1782.21,1820.05,307724.7,556587730.73
2025-05-06T00:00:00+00:00,ETHUSD,1820.05,1820.63,1751.42,1816.98,341452.01,609473060.9
2025-05-07T00:00:00+00:00,ETHUSD,1816.98,1850.42,1787.31,1811.34,414598.63,754227976.34
2025-05-08T00:00:00+00:00,ETHUSD,1811.34,2225.39,1808.97,2207.19,973009.58,1973692015.1
2025-05-09T00:00:00+00:00,ETHUSD,2207.19,2490.71,2184.12,2345.32,1127768.48,2617510161.4
2025-05-10T00:00:00+00:00,ETHUSD,2345.32,2600.37,2318.3,2583.77,729215.95,1784431662.12
2025-05-11T00:00:00+00:00,ETHUSD,2583.77,2607.64,2439.78,2514.75,602145.86,1513299417.69
2025-05-12T00:00:00+00:00,ETHUSD,2514.75,2624.32,2408.1,2495.56,814598.79,2051277136.7
2025-05-13T00:00:00+00:00,ETHUSD,2495.56,2739.27,2415.76,2680.04,728245.57,1873346978.72
2025-05-14T00:00:00+00:00,ETHUSD,2680.04,2725.04,2548,2610.07,588072.14,1542184822.16
2025-05-15T00:00:00+00:00,ETHUSD,2610.07,2646.75,2478.7,2549,598296.89,1528520349.7
2025-05-16T00:00:00+00:00,ETHUSD,2549,2649.18,2530.01,2537.78,460555.06,1190470675.39
2025-05-17T00:00:00+00:00,ETHUSD,2537.78,2538.25,2447.65,2476.16,357295.75,887082740
2025-05-18T00:00:00+00:00,ETHUSD,2476.16,2587.97,2326.5,2498.72,537891.9,1329246436.5
2025-05-19T00:00:00+00:00,ETHUSD,2498.72,2547.45,2349.55,2528.66,710321.72,1740260302.28
2025-05-20T00:00:00+00:00,ETHUSD,2528.66,2588.36,2444.2,2525.1,445742.9,1121450524.59
2025-05-21T00:00:00+00:00,ETHUSD,2525.1,2617.03,2454.01,2552.21,710507.3,1802437428.43
2025-05-22T00:00:00+00:00,ETHUSD,2552.21,2692.69,2546.12,2665.1,577731.69,1523259393.19
2025-05-23T00:00:00+00:00,ETHUSD,2665.1,2733.44,2502.42,2526.9,647152.36,1688250894.58
2025-05-24T00:00:00+00:00,ETHUSD,2526.9,2576.3,2515.98,2530.92,182525,464730641.55
2025-05-25T00:00:00+00:00,ETHUSD,2530.92,2555,2464.25,2552.23,235037.8,589652070.16
2025-05-26T00:00:00+00:00,ETHUSD,2552.23,2600.15,2527.36,2564.47,230814.8,590861351.31
2025-05-27T00:00:00+00:00,ETHUSD,2564.47,2713.33,2511.1,2662,484940.99,1280752626.8
2025-05-28T00:00:00+00:00,ETHUSD,2662,2689.79,2611.05,2682.1,364903.23,965255963.52
2025-05-29T00:00:00+00:00,ETHUSD,2682.1,2788.28,2620.36,2631.82,525703.44,1415485994.05
2025-05-30T00:00:00+00:00,ETHUSD,2631.82,2649.44,2508.97,2531.79,418659.47,1083869480.12
2025-05-31T00:00:00+00:00,ETHUSD,2531.79,2551.37,2479.94,2529.32,198221.35,500287625.87
2025-06-01T00:00:00+00:00,ETHUSD,2529.32,2549.01,2470.58,2540.45,203463.76,512156252.24
2025-06-02T00:00:00+00:00,ETHUSD,2540.45,2616.44,2476.59,2609.07,349478.71,884892086.43
2025-06-03T00:00:00+00:00,ETHUSD,2609.07,2657.23,2583.3,2594.88,409845.38,1073527716.78
2025-06-04T00:00:00+00:00,ETHUSD,2594.88,2680.55,2585.02,2608.28,326189.58,858114267.83
2025-06-05T00:00:00+00:00,ETHUSD,2608.28,2641.72,2393.11,2415.85,532239.12,1351426110.77
2025-06-06T00:00:00+00:00,ETHUSD,2415.85,2532.69,2385.42,2478.31,349992.74,865502968.12
2025-06-07T00:00:00+00:00,ETHUSD,2478.31,2543.98,2458.79,2526.17,142808.46,357329388.56
2025-06-08T00:00:00+00:00,ETHUSD,2526.17,2549.53,2493.72,2510.78,125420.39,315777224.57
2025-06-09T00:00:00+00:00,ETHUSD,2510.78,2695.13,2479.6,2681.27,315100.2,810951391.12
2025-06-10T00:00:00+00:00,ETHUSD,2681.27,2826.68,2657.34,2816.15,608857.69,1667701406.47
2025-06-11T00:00:00+00:00,ETHUSD,2816.15,2879.79,2744.11,2772.57,460948.83,1295621784.12
2025-06-12T00:00:00+00:00,ETHUSD,2772.57,2785.3,2618.39,2644.51,429956.98,1170537265
2025-06-13T00:00:00+00:00,ETHUSD,2644.51,2646.56,2446.47,2580.25,708734.92,1792683839.24
2025-06-14T00:00:00+00:00,ETHUSD,2580.25,2580.87,2490.47,2532.75,217795.67,551015115.63
2025-06-15T00:00:00+00:00,ETHUSD,2532.75,2560.57,2493.32,2548.41,180343.51,456963811.88
2025-06-16T00:00:00+00:00,ETHUSD,2548.41,2681.43,2516.21,2545.23,480876.31,1256426999.66
2025-06-17T00:00:00+00:00,ETHUSD,2545.23,2619.34,2454.56,2510.96,483962.49,1226237468.69
2025-06-18T00:00:00+00:00,ETHUSD,2510.96,2548.88,2466.89,2525.85,350433.02,879550757.97
2025-06-19T00:00:00+00:00,ETHUSD,2525.85,2547.93,2485.66,2521.84,188266.61,473983171.76
2025-06-20T00:00:00+00:00,ETHUSD,2521.84,2569.74,2368.96,2407.22,385135.24,949347412.87
2025-06-21T00:00:00+00:00,ETHUSD,2407.22,2449.16,2217.69,2296.94,299897.17,705748797.49
2025-06-22T00:00:00+00:00,ETHUSD,2296.94,2314.86,2113.65,2228.57,672272.5,1494221559.94
2025-06-23T00:00:00+00:00,ETHUSD,2228.57,2439.75,2189.86,2413.17,670703.67,1541484884.73
2025-06-24T00:00:00+00:00,ETHUSD,2413.17,2483.31,2378.22,2449.69,481281.29,1168281547.61
2025-06-25T00:00:00+00:00,ETHUSD,2449.69,2469.72,2391.65,2420.23,396227.23,962396741.81
2025-06-26T00:00:00+00:00,ETHUSD,2420.23,2521.41,2395.33,2417.5,382850.9,937995211.41
2025-06-27T00:00:00+00:00,ETHUSD,2417.5,2464.25,2384.39,2424.42,301424.86,731599180.91
2025-06-28T00:00:00+00:00,ETHUSD,2424.42,2449,2407.31,2437.55,90039.24,218789309.47
2025-06-29T00:00:00+00:00,ETHUSD,2437.55,2525.9,2417.25,2501.26,143720.04,353963423.9
2025-06-30T00:00:00+00:00,ETHUSD,2501.26,2524.69,2435.11,2486.37,347433.65,862990157.33
2025-07-01T00:00:00+00:00,ETHUSD,2486.37,2501.58,2387.31,2405.7,257585.37,627531445.49
2025-07-02T00:00:00+00:00,ETHUSD,2405.7,2619.85,2375.73,2571.33,446980.58,1127288937.64
2025-07-03T00:00:00+00:00,ETHUSD,2571.33,2636.51,2557.62,2592.04,381008.29,987452946.33
2025-07-04T00:00:00+00:00,ETHUSD,2592.04,2603.8,2475.46,2508.69,260732.2,659258591.62
2025-07-05T00:00:00+00:00,ETHUSD,2508.69,2530.4,2488.62,2517.09,97935.38,245918493.32
2025-07-06T00:00:00+00:00,ETHUSD,2517.09,2605.48,2504.53,2571.14,164312.05,419467064.37
2025-07-07T00:00:00+00:00,ETHUSD,2571.14,2591.09,2512.71,2542.5,283620.03,722742288.77
2025-07-08T00:00:00+00:00,ETHUSD,2542.5,2628.25,2523.96,2616.29,302820.26,782816619.68
2025-07-09T00:00:00+00:00,ETHUSD,2616.29,2796.41,2590.85,2769.99,520588.94,1401139415.9
2025-07-10T00:00:00+00:00,ETHUSD,2769.99,3000.74,2756.79,2951.31,615589.48,1744393184.02
2025-07-11T00:00:00+00:00,ETHUSD,2951.31,3039.9,2914.32,2959.03,663817.63,1980022543.13
2025-07-12T00:00:00+00:00,ETHUSD,2959.03,2980.71,2905.43,2944.27,234302.3,689836595.19
2025-07-13T00:00:00+00:00,ETHUSD,2944.27,3021.17,2937.49,2973.01,258053.21,768491471.97
2025-07-14T00:00:00+00:00,ETHUSD,2973.01,3083.04,2964.19,3014.66,572787.88,1733654671.96
2025-07-15T00:00:00+00:00,ETHUSD,3014.66,3144.48,2933.53,3139.33,615194.29,1864246145.13
2025-07-16T00:00:00+00:00,ETHUSD,3139.33,3425.33,3101.74,3373.1,765848.69,2498357116.86
2025-07-17T00:00:00+00:00,ETHUSD,3373.1,3526.44,3312.55,3479.48,758805.07,2597432476.09
2025-07-18T00:00:00+00:00,ETHUSD,3479.48,3676.78,3462.02,3549.56,867005.63,3107895984.56
2025-07-19T00:00:00+00:00,ETHUSD,3549.56,3610.57,3510.16,3594.34,274622.3,978223077.89
2025-07-20T00:00:00+00:00,ETHUSD,3594.34,3825.1,3581.09,3758.64,484664.07,1803996590.01
2025-07-21T00:00:00+00:00,ETHUSD,3758.64,3859.77,3703.91,3764.26,591211.08,2235864180.81
2025-07-22T00:00:00+00:00,ETHUSD,3764.26,3800.87,3618.98,3748.64,634426.21,2350611646.53
2025-07-23T00:00:00+00:00,ETHUSD,3748.64,3766.35,3528.71,3630.21,616049.85,2237459018.02
2025-07-24T00:00:00+00:00,ETHUSD,3630.21,3775.3,3510.45,3708.76,631094.36,2321023591.06
2025-07-25T00:00:00+00:00,ETHUSD,3708.76,3750.35,3575.42,3726.01,646581.07,2367987074.41
2025-07-26T00:00:00+00:00,ETHUSD,3726.01,3794.86,3700.41,3742.79,209891.67,785620815.9
2025-07-27T00:00:00+00:00,ETHUSD,3742.79,3880.83,3732.24,3874.12,257113.7,981387021.29
2025-07-28T00:00:00+00:00,ETHUSD,3874.12,3941.6,3754.34,3798.95,515141.86,1977987690.88
2025-07-29T00:00:00+00:00,ETHUSD,3798.95,3885.97,3716.15,3793.46,474932.26,1799411630.81
2025-07-30T00:00:00+00:00,ETHUSD,3793.46,3833.7,3677.33,3810.29,417457.06,1576605891.64
2025-07-31T00:00:00+00:00,ETHUSD,3810.29,3878.33,3684.07,3698.19,372609.46,1411476606.14
2025-08-01T00:00:00+00:00,ETHUSD,3698.19,3723.77,3430.49,3487.02,667469.59,2402758445.59
2025-08-02T00:00:00+00:00,ETHUSD,3487.02,3536.9,3368.07,3393.4,433396.07,1497485032.53
2025-08-03T00:00:00+00:00,ETHUSD,3393.4,3522.08,3356.18,3497.6,243192.4,842128496.52
2025-08-04T00:00:00+00:00,ETHUSD,3497.6,3737.28,3492.02,3720.93,410236.5,1488663337.16
2025-08-05T00:00:00+00:00,ETHUSD,3720.93,3721.28,3546.78,3611.81,436210.42,1576976876.62
2025-08-06T00:00:00+00:00,ETHUSD,3611.81,3699.86,3564.36,3684.11,364626.39,1324367589.64
2025-08-07T00:00:00+00:00,ETHUSD,3684.11,3928.73,3648.86,3911.67,511810.82,1952789807.61
2025-08-08T00:00:00+00:00,ETHUSD,3911.67,4071.18,3881.17,4010.54,707635.35,2809549376.46
2025-08-09T00:00:00+00:00,ETHUSD,4010.54,4326.47,4007.66,4262.92,515549.94,2161726993.45
2025-08-10T00:00:00+00:00,ETHUSD,4262.92,4333.21,4161.61,4252.23,399831.98,1692542804.5
2025-08-11T00:00:00+00:00,ETHUSD,4252.23,4363,4166.28,4224.95,722604.32,3092226498.82
2025-08-12T00:00:00+00:00,ETHUSD,4224.95,4637.79,4220.73,4589.8,883614.2,3931807337.09
2025-08-13T00:00:00+00:00,ETHUSD,4589.8,4786.25,4563.84,4751.85,899315.48,4212225862.3
2025-08-14T00:00:00+00:00,ETHUSD,4751.85,4792,4458.11,4550.57,1028521.34,4747748202.3
2025-08-15T00:00:00+00:00,ETHUSD,4550.57,4670.98,4370.37,4443.12,740013.35,3335989219.35
2025-08-16T00:00:00+00:00,ETHUSD,4443.12,4494.58,4376.38,4425.22,296821.85,1314953848.77
2025-08-17T00:00:00+00:00,ETHUSD,4425.22,4577.87,4398.69,4475.46,324508.23,1458815773.26
2025-08-18T00:00:00+00:00,ETHUSD,4475.46,4484.5,4227.39,4315.29,764040.79,3310774760.58
2025-08-19T00:00:00+00:00,ETHUSD,4315.29,4356.5,4067.28,4075.7,813137.39,3423649957.86
2025-08-20T00:00:00+00:00,ETHUSD,4075.7,4378.55,4063.26,4336.33,694993.05,2940058186.22
2025-08-21T00:00:00+00:00,ETHUSD,4336.33,4340.41,4204.16,4224.96,469293.34,2004123764.73
2025-08-22T00:00:00+00:00,ETHUSD,4224.96,4886.5,4207.73,4830.6,989885.74,4567562728.96
2025-08-23T00:00:00+00:00,ETHUSD,4830.6,4830.61,4661.09,4777.18,295407.96,1399949632.47
2025-08-24T00:00:00+00:00,ETHUSD,4777.18,4955.89,4711.99,4780,472306.39,2275070174.64
2025-08-25T00:00:00+00:00,ETHUSD,4780,4797.68,4336.8,4377.67,719329.67,3283003266.99
2025-08-26T00:00:00+00:00,ETHUSD,4377.67,4635.1,4313.23,4601.95,657604.45,2951649134.68
2025-08-27T00:00:00+00:00,ETHUSD,4601.95,4663.74,4482.76,4507.43,542344.09,2490505056.76
2025-08-28T00:00:00+00:00,ETHUSD,4507.43,4634.05,4430.54,4512.13,405886.84,1838212760.19
2025-08-29T00:00:00+00:00,ETHUSD,4512.13,4517.24,4270.22,4360.69,559078.07,2440398500.78
2025-08-30T00:00:00+00:00,ETHUSD,4360.69,4415.32,4258.66,4374.94,207915.53,904940321.54
2025-08-31T00:00:00+00:00,ETHUSD,4374.94,4498.78,4373.77,4392.43,244059.4,1087170239.36
2025-09-01T00:00:00+00:00,ETHUSD,4392.43,4490.99,4212.31,4314.85,378772.51,1651950026.24
2025-09-02T00:00:00+00:00,ETHUSD,4314.85,4417.1,4257.73,4326.52,442799.2,1917061495.57
2025-09-03T00:00:00+00:00,ETHUSD,4326.52,4492.46,4283.79,4452.33,374258.75,1649439983.87
2025-09-04T00:00:00+00:00,ETHUSD,4452.33,4484.3,4266.19,4298.54,434003.76,1891640683.18
2025-09-05T00:00:00+00:00,ETHUSD,4298.54,4487.87,4255.43,4307.57,560382.08,2438622193.01
2025-09-06T00:00:00+00:00,ETHUSD,4307.57,4328.68,4239.48,4274.53,154716.57,663144740.61
2025-09-07T00:00:00+00:00,ETHUSD,4274.53,4335.97,4271.42,4306.18,122895.02,528176655.06
2025-09-08T00:00:00+00:00,ETHUSD,4306.18,4384.03,4279.43,4306.62,327423.71,1415742478.93
2025-09-09T00:00:00+00:00,ETHUSD,4306.62,4382.05,4277.07,4310.1,285686.32,1233888604.82
2025-09-10T00:00:00+00:00,ETHUSD,4310.1,4454.16,4284.83,4350.1,389014.12,1696532857.94
2025-09-11T00:00:00+00:00,ETHUSD,4350.1,4480.11,4339.91,4461.11,394484.95,1743556248.68
2025-09-12T00:00:00+00:00,ETHUSD,4461.11,4746.46,4452.72,4715.14,480147.24,2202728638.28
2025-09-13T00:00:00+00:00,ETHUSD,4715.14,4767.44,4608.13,4669.05,250105.34,1173115651.96
2025-09-14T00:00:00+00:00,ETHUSD,4669.05,4694.21,4580.28,4606.66,177269.21,821041711.85
2025-09-15T00:00:00+00:00,ETHUSD,4606.66,4672.07,4466.48,4525.27,328421.64,1490318596.13
2025-09-16T00:00:00+00:00,ETHUSD,4525.27,4539.27,4425.47,4503.26,319367.04,1432455964.12
2025-09-17T00:00:00+00:00,ETHUSD,4503.26,4618.97,4426.97,4592.35,477874.08,2153585234.5
2025-09-18T00:00:00+00:00,ETHUSD,4592.35,4646.7,4555.5,4589.64,320178.33,1473792565.85
2025-09-19T00:00:00+00:00,ETHUSD,4589.64,4622.36,4438.71,4471.56,274141.58,1236841456.58
2025-09-20T00:00:00+00:00,ETHUSD,4471.56,4511.93,4457.46,4482.83,108057.23,484523840.68
2025-09-21T00:00:00+00:00,ETHUSD,4482.83,4500.73,4446.23,4447.53,119005.03,532721500.3
2025-09-22T00:00:00+00:00,ETHUSD,4447.53,4458.09,4081.71,4202.86,655171.06,2758904426.3
2025-09-23T00:00:00+00:00,ETHUSD,4202.86,4231.67,4118.33,4165.7,342361.73,1431024029.1
2025-09-24T00:00:00+00:00,ETHUSD,4165.7,4208.71,4078.05,4154.6,298779.55,1244265448.62
2025-09-25T00:00:00+00:00,ETHUSD,4154.6,4162.96,3825.56,3876.07,870606.23,3458155024.68
2025-09-26T00:00:00+00:00,ETHUSD,3876.07,4071.6,3870.18,4034.83,540299.98,2142488867.17
2025-09-27T00:00:00+00:00,ETHUSD,4034.83,4040.36,3975.23,4020.82,151363.85,607290939.93
2025-09-28T00:00:00+00:00,ETHUSD,4020.82,4146.51,3968.12,4143.89,229154.08,926114651.63
2025-09-29T00:00:00+00:00,ETHUSD,4143.89,4238.84,4084.79,4218.07,347386.65,1443486818.13
2025-09-30T00:00:00+00:00,ETHUSD,4218.07,4247.85,4093.58,4146.38,381756.96,1587304174.98
2025-10-01T00:00:00+00:00,ETHUSD,4146.38,4357.3,4124.52,4350.53,428371.41,1831877352.89
2025-10-02T00:00:00+00:00,ETHUSD,4350.53,4520.76,4335.44,4487.89,428025.13,1894262052.06
2025-10-03T00:00:00+00:00,ETHUSD,4487.89,4595.84,4431.28,4516,503658.28,2268936521.22
2025-10-04T00:00:00+00:00,ETHUSD,4516,4521.67,4443.4,4489.84,155892.88,699322417.04
2025-10-05T00:00:00+00:00,ETHUSD,4489.84,4619.69,4470.16,4515.92,277215.49,1259500192.42
2025-10-06T00:00:00+00:00,ETHUSD,4515.92,4738.74,4490.67,4686.54,436126.64,2023482646.9
2025-10-07T00:00:00+00:00,ETHUSD,4686.54,4758.41,4436.69,4449.96,519272.35,2380603258.79
2025-10-08T00:00:00+00:00,ETHUSD,4449.96,4559.45,4414.08,4527.74,379989.45,1704651317.69
2025-10-09T00:00:00+00:00,ETHUSD,4527.74,4533.06,4268.77,4370.91,424167.2,1852496750.87
2025-10-10T00:00:00+00:00,ETHUSD,4370.91,4396.85,3546.88,3837.92,1035261.23,4154403716.03
2025-10-11T00:00:00+00:00,ETHUSD,3837.92,3887.79,3649.67,3750.88,609573.63,2310896260.99
2025-10-12T00:00:00+00:00,ETHUSD,3750.88,4197.03,3699.12,4156.86,632948.7,2510702688.49
2025-10-13T00:00:00+00:00,ETHUSD,4156.86,4295.78,4049.31,4245.01,522287.23,2177599123.86
2025-10-14T00:00:00+00:00,ETHUSD,4245.01,4267.52,3893.32,4127.37,762618.2,3094367816.37
2025-10-15T00:00:00+00:00,ETHUSD,4127.37,4216.97,3930.88,3988.16,492129.66,1990538460.89
2025-10-16T00:00:00+00:00,ETHUSD,3988.16,4087.09,3827.48,3895.41,525878.7,2079562582.08
2025-10-17T00:00:00+00:00,ETHUSD,3895.41,3951.67,3675.48,3833.18,581416.58,2210950308.16
2025-10-18T00:00:00+00:00,ETHUSD,3833.18,3929.67,3821.13,3890.7,149307.74,578838841.91
2025-10-19T00:00:00+00:00,ETHUSD,3890.7,4032.84,3832.04,3984.9,275418.6,1087466588.28
2025-10-20T00:00:00+00:00,ETHUSD,3984.9,4086.91,3910.3,3981.1,313440.62,1252509775.96
2025-10-21T00:00:00+00:00,ETHUSD,3981.1,4112.85,3841.96,3875.11,489121.47,1938820718.2
2025-10-22T00:00:00+00:00,ETHUSD,3875.11,3891.65,3714.57,3806.62,453848.51,1734936859.18
2025-10-23T00:00:00+00:00,ETHUSD,3806.62,3934.88,3797.51,3858.38,302256.51,1167289793.97
2025-10-24T00:00:00+00:00,ETHUSD,3858.38,4012.66,3847.66,3936.24,325778.11,1280234543.06
2025-10-25T00:00:00+00:00,ETHUSD,3936.24,3970.14,3913.55,3954.72,86620.3,341366129.41
2025-10-26T00:00:00+00:00,ETHUSD,3954.72,4180.22,3921.84,4160.2,211051.12,856463211.69
2025-10-27T00:00:00+00:00,ETHUSD,4160.2,4253.83,4098.24,4121.47,349734.31,1461221903.17
2025-10-28T00:00:00+00:00,ETHUSD,4121.47,4177.44,3937.23,3981.51,354451.4,1444524826.16
2025-10-29T00:00:00+00:00,ETHUSD,3981.51,4037.69,3845.18,3904.34,391770.54,1550741722.16
2025-10-30T00:00:00+00:00,ETHUSD,3904.34,3949.72,3679.07,3804.35,450911.51,1716905860.27
2025-10-31T00:00:00+00:00,ETHUSD,3804.35,3902.74,3796.5,3846.74,347680.26,1337747670.57
2025-11-01T00:00:00+00:00,ETHUSD,3846.74,3908.1,3830.25,3872.94,92938.28,359540742.43
2025-11-02T00:00:00+00:00,ETHUSD,3872.94,3917.19,3839.21,3906.69,123481.6,478350291.59
2025-11-03T00:00:00+00:00,ETHUSD,3906.69,3914.17,3558.9,3603.83,527763.13,1941201910.4
2025-11-04T00:00:00+00:00,ETHUSD,3603.83,3653.7,3059.69,3286.89,922809.05,3120396302
2025-11-05T00:00:00+00:00,ETHUSD,3286.89,3480.7,3166.57,3424.12,601967.94,2014082273.07
2025-11-06T00:00:00+00:00,ETHUSD,3424.12,3455.75,3244.24,3313.99,531423.26,1777529183.94
2025-11-07T00:00:00+00:00,ETHUSD,3313.99,3472.17,3192.39,3434.31,609894.65,2027652415.36
2025-11-08T00:00:00+00:00,ETHUSD,3434.31,3484.72,3355.6,3400.93,239704.67,818389518.46
2025-11-09T00:00:00+00:00,ETHUSD,3400.93,3616.83,3358.13,3583.12,276739.56,966388179.99
2025-11-10T00:00:00+00:00,ETHUSD,3583.12,3658.51,3506.61,3566.73,387505.32,1387342010.68
2025-11-11T00:00:00+00:00,ETHUSD,3566.73,3647.24,3404.47,3416.51,412285.7,1450793300.88
2025-11-12T00:00:00+00:00,ETHUSD,3416.51,3588.2,3372.07,3414.45,417826.47,1441758630.1
2025-11-13T00:00:00+00:00,ETHUSD,3414.45,3564.69,3152.46,3230.03,643633.72,2150323490.18
2025-11-14T00:00:00+00:00,ETHUSD,3230.03,3254.91,3068.65,3110.38,769889.13,2443169537.07
2025-11-15T00:00:00+00:00,ETHUSD,3110.38,3228.72,3109.04,3166.61,208908.02,662440385.32
2025-11-16T00:00:00+00:00,ETHUSD,3166.61,3246.69,3005.71,3093.43,396736.11,1236152417.91
2025-11-17T00:00:00+00:00,ETHUSD,3093.43,3220.95,2956.19,3028.29,638118.66,1968336256.01
2025-11-18T00:00:00+00:00,ETHUSD,3028.29,3168.93,2944.28,3122.36,642477.57,1970272079.81
2025-11-19T00:00:00+00:00,ETHUSD,3122.36,3123.8,2869.86,3023.23,716860.75,2148125032.03
2025-11-20T00:00:00+00:00,ETHUSD,3023.23,3061.03,2790.82,2830.93,677732.36,1978724383.9
2025-11-21T00:00:00+00:00,ETHUSD,2830.93,2883,2621.04,2764.76,947834.61,2603371741.67
2025-11-22T00:00:00+00:00,ETHUSD,2764.76,2797.53,2703.36,2768.91,279572.98,767759752.74
2025-11-23T00:00:00+00:00,ETHUSD,2768.91,2857.36,2767.08,2801.51,302534.98,851884213.69
2025-11-24T00:00:00+00:00,ETHUSD,2801.51,2985.56,2762.56,2953.06,538896.8,1547019128.8
2025-11-25T00:00:00+00:00,ETHUSD,2953.06,2979.32,2856.41,2958.83,419725.74,1224012648.88
2025-11-26T00:00:00+00:00,ETHUSD,2958.83,3044.7,2888.34,3026.9,342837.75,1016643434.69
2025-11-27T00:00:00+00:00,ETHUSD,3026.9,3071.42,2986.2,3015.29,223541,676348663.63
2025-11-28T00:00:00+00:00,ETHUSD,3015.29,3099.12,2994.36,3032.2,362010.84,1102677769.24
2025-11-29T00:00:00+00:00,ETHUSD,3032.2,3053.61,2963.93,2990.56,168185.06,505348203.04
2025-11-30T00:00:00+00:00,ETHUSD,2990.56,3053.18,2977.2,2992.33,142574.9,430629509.55
2025-12-01T00:00:00+00:00,ETHUSD,2992.33,2999.78,2719.25,2799.09,618560.27,1735083073.12
2025-12-02T00:00:00+00:00,ETHUSD,2799.09,3034.49,2782.82,2997.13,431275.11,1260520124.26
2025-12-03T00:00:00+00:00,ETHUSD,2997.13,3214.91,2986.76,3189.79,487337.04,1509054614.5
2025-12-04T00:00:00+00:00,ETHUSD,3189.79,3240.86,3068.01,3134.24,429255.78,1361137503.23
2025-12-05T00:00:00+00:00,ETHUSD,3134.24,3194.05,2985.35,3022.97,460726.12,1421484685.04
2025-12-06T00:00:00+00:00,ETHUSD,3022.97,3069.57,3013.67,3039.34,128430.19,390237486.95
2025-12-07T00:00:00+00:00,ETHUSD,3039.34,3150.32,2927.53,3060.97,289834.32,882100440
2025-12-08T00:00:00+00:00,ETHUSD,3060.97,3180.43,3041.49,3124.9,392727.58,1226453993.09
2025-12-09T00:00:00+00:00,ETHUSD,3124.9,3397.57,3091.48,3319.05,454123.63,1475879877.69
2025-12-10T00:00:00+00:00,ETHUSD,3319.05,3455.03,3289.48,3325.03,438617.4,1471766589.36
2025-12-11T00:00:00+00:00,ETHUSD,3325.03,3328.17,3145.8,3238,471268.76,1513447021.18
2025-12-12T00:00:00+00:00,ETHUSD,3238,3266.72,3047.32,3084.93,378598.72,1190900368.97
2025-12-13T00:00:00+00:00,ETHUSD,3084.93,3135.66,3079.17,3115.34,104785.51,325286250.03
2025-12-14T00:00:00+00:00,ETHUSD,3115.34,3130.29,3032.2,3063.14,223200.69,689187502.88
2025-12-15T00:00:00+00:00,ETHUSD,3063.14,3177.48,2897.7,2964.4,537515.46,1628249887.81
2025-12-16T00:00:00+00:00,ETHUSD,2964.4,2981.74,2883.01,2962.09,399502.72,1174570069.04
2025-12-17T00:00:00+00:00,ETHUSD,2962.09,3029.39,2790.23,2832.59,507718.36,1468886516.43
2025-12-18T00:00:00+00:00,ETHUSD,2832.59,2995.81,2774.49,2826.97,544644.77,1564063444.07
2025-12-19T00:00:00+00:00,ETHUSD,2826.97,3017.52,2807.33,2978.23,435239.29,1280581711.55
2025-12-20T00:00:00+00:00,ETHUSD,2978.23,2992.74,2965.84,2977.06,77247.62,230131353.52
2025-12-21T00:00:00+00:00,ETHUSD,2977.06,3011.98,2943.33,3001.6,158276.59,471716442.64
2025-12-22T00:00:00+00:00,ETHUSD,3001.6,3072.82,2963.09,3007.85,357283.78,1081026663.47
2025-12-23T00:00:00+00:00,ETHUSD,3007.85,3034.05,2900.88,2963.44,298186.85,881791968.95
2025-12-24T00:00:00+00:00,ETHUSD,2963.44,2976.44,2887.54,2945.71,218560.98,640993893.34
2025-12-25T00:00:00+00:00,ETHUSD,2945.71,2969.35,2889.78,2902.63,117810.65,345930434.75
2025-12-26T00:00:00+00:00,ETHUSD,2902.63,2991.78,2893.1,2926.05,236242.25,695001519.18
2025-12-27T00:00:00+00:00,ETHUSD,2926.05,2958.32,2916.14,2947.05,55926.5,163893204.98
2025-12-28T00:00:00+00:00,ETHUSD,2947.05,2958.8,2924.11,2949.22,75519.04,222021556.39
2025-12-29T00:00:00+00:00,ETHUSD,2949.22,3054.67,2907.74,2935.12,333303.48,988056249.28
2025-12-30T00:00:00+00:00,ETHUSD,2935.12,3005.99,2916.17,2970.74,296798.58,880715321.7
2025-12-31T00:00:00+00:00,ETHUSD,2970.74,3022.21,2958.06,2967.53,209517.67,623843184.54
2026-01-01T00:00:00+00:00,ETHUSD,2967.53,3006.64,2967.24,3000.79,84300.66,251544281.09
2026-01-02T00:00:00+00:00,ETHUSD,3000.79,3148.96,2989.48,3124.71,401338.33,1235961816.34
2026-01-03T00:00:00+00:00,ETHUSD,3124.71,3135.41,3075.11,3125.76,106082.85,329868975.59
2026-01-04T00:00:00+00:00,ETHUSD,3125.76,3165.14,3117.97,3143.48,131284.09,412316070
2026-01-05T00:00:00+00:00,ETHUSD,3143.48,3264.46,3133.51,3225.24,354627.51,1130751776.3
2026-01-06T00:00:00+00:00,ETHUSD,3225.24,3307.1,3182.07,3295.76,343188.62,1115083614.33
2026-01-07T00:00:00+00:00,ETHUSD,3295.76,3295.84,3122.84,3166.02,340879.08,1086272311.53
2026-01-08T00:00:00+00:00,ETHUSD,3166.02,3181.71,3051.18,3104.3,359128.84,1117289918.04
2026-01-09T00:00:00+00:00,ETHUSD,3104.3,3144.74,3055.98,3084.5,354709.63,1098825086.81
2026-01-10T00:00:00+00:00,ETHUSD,3084.5,3100.3,3074.7,3082.33,88178.8,272115135.34
2026-01-11T00:00:00+00:00,ETHUSD,3082.33,3142.57,3080.49,3118.82,149521.65,464857229.92
2026-01-12T00:00:00+00:00,ETHUSD,3118.82,3167.25,3064.88,3092.18,336848.09,1049539858.3
2026-01-13T00:00:00+00:00,ETHUSD,3092.18,3365.91,3088.62,3323.52,435256.27,1390484214.22
2026-01-14T00:00:00+00:00,ETHUSD,3323.52,3403.48,3279.3,3354.93,495275.18,1656570560.85
2026-01-15T00:00:00+00:00,ETHUSD,3354.93,3383.92,3273.06,3318.3,385927.17,1281000552.68
2026-01-16T00:00:00+00:00,ETHUSD,3318.3,3326.53,3251.49,3295.3,261517.15,860340524.61
2026-01-17T00:00:00+00:00,ETHUSD,3295.3,3328.93,3282.92,3309.35,82754.38,273648571.11
2026-01-18T00:00:00+00:00,ETHUSD,3309.35,3367.68,3277.73,3282.7,120960.67,402072050.35
2026-01-19T00:00:00+00:00,ETHUSD,3282.7,3283.02,3164.06,3187.63,288416.21,925929685.47
2026-01-20T00:00:00+00:00,ETHUSD,3187.63,3198.49,2921.52,2936.9,459331.97,1404951320.26
2026-01-21T00:00:00+00:00,ETHUSD,2936.9,3066.66,2864.73,2979.98,548463.1,1624770300.85
2026-01-22T00:00:00+00:00,ETHUSD,2979.98,3035.78,2903.71,2950,350256.95,1039050354.29
2026-01-23T00:00:00+00:00,ETHUSD,2950,3015.72,2888.95,2953.29,344767.68,1017062468.16
2026-01-24T00:00:00+00:00,ETHUSD,2953.29,2966.45,2940.33,2949.21,77734.36,229727614.09
2026-01-25T00:00:00+00:00,ETHUSD,2949.21,2955.9,2784.41,2814.6,317082.64,907378236.43
2026-01-26T00:00:00+00:00,ETHUSD,2814.6,2948.79,2810.11,2927.58,434223.78,1257220114.1
2026-01-27T00:00:00+00:00,ETHUSD,2927.58,3031.7,2896.66,3022.49,373716.98,1104515814
2026-01-28T00:00:00+00:00,ETHUSD,3022.49,3041.74,2979.56,3006.86,346913.86,1044241128.76
2026-01-29T00:00:00+00:00,ETHUSD,3006.86,3009.4,2751.24,2818.39,510692.49,1462285770.88
2026-01-30T00:00:00+00:00,ETHUSD,2818.39,2824.53,2633.69,2703.23,681864.56,1856565711.42
2026-01-31T00:00:00+00:00,ETHUSD,2703.23,2710.66,2257.22,2449.81,795670.51,1992182792.45
2026-02-01T00:00:00+00:00,ETHUSD,2449.81,2474.12,2220.08,2268.58,620038.13,1459547650.98
2026-02-02T00:00:00+00:00,ETHUSD,2268.58,2395.24,2156.49,2345.4,914516.95,2098536364.74
2026-02-03T00:00:00+00:00,ETHUSD,2345.4,2358.01,2108.99,2231.09,959066.47,2163904371.41
2026-02-04T00:00:00+00:00,ETHUSD,2231.09,2292.93,2073.18,2144.01,902089.97,1960885821.14
2026-02-05T00:00:00+00:00,ETHUSD,2144.01,2168.74,1814.44,1823.7,1334951.92,2655470830.33
2026-02-06T00:00:00+00:00,ETHUSD,1823.7,2092.37,1746.93,2062.31,1145227.01,2237268525.66
2026-02-07T00:00:00+00:00,ETHUSD,2062.31,2117.93,1994.11,2086.62,610460.66,1255417318.23
2026-02-08T00:00:00+00:00,ETHUSD,2086.62,2150.16,2065.16,2088.82,340928.11,717524219.39
2026-02-09T00:00:00+00:00,ETHUSD,2088.82,2146.36,2007.58,2103.99,620294.6,1288921741.44
2026-02-10T00:00:00+00:00,ETHUSD,2103.99,2123.31,1988.99,2021.87,539042.38,1093383642.08
2026-02-11T00:00:00+00:00,ETHUSD,2021.87,2031.2,1902.23,1940.31,628374.12,1228478170.48
2026-02-12T00:00:00+00:00,ETHUSD,1940.31,2000.24,1896.08,1946.28,511813.14,995961907.65
2026-02-13T00:00:00+00:00,ETHUSD,1946.28,2071.85,1923.53,2047.65,518703.16,1040086363.42
2026-02-14T00:00:00+00:00,ETHUSD,2047.65,2105.12,2041.5,2085.7,205982.53,427702169.34
2026-02-15T00:00:00+00:00,ETHUSD,2085.7,2102.14,1928.3,1965.61,399208.72,803921143.51
2026-02-16T00:00:00+00:00,ETHUSD,1965.61,2022.36,1937.53,1997.49,334570.24,660795148.72
2026-02-17T00:00:00+00:00,ETHUSD,1997.49,2015.14,1940.58,1990.97,464491.01,919921120.33
2026-02-18T00:00:00+00:00,ETHUSD,1990.97,2038.21,1923.04,1955.27,466674.13,920870414.5
2026-02-19T00:00:00+00:00,ETHUSD,1955.27,1986.78,1906.13,1948.29,401068.93,779475563.41
2026-02-20T00:00:00+00:00,ETHUSD,1948.29,1980.82,1922.61,1968.32,457031.15,894425752.91
2026-02-21T00:00:00+00:00,ETHUSD,1968.32,1995.12,1955.37,1973.16,146498.88,289647023.39
2026-02-22T00:00:00+00:00,ETHUSD,1973.16,1982.67,1934.5,1957.22,148845.75,291581613.82
2026-02-23T00:00:00+00:00,ETHUSD,1957.22,1957.66,1837.27,1855.64,518519.8,975753590.09
2026-02-24T00:00:00+00:00,ETHUSD,1855.64,1868.79,1803.75,1852.05,553301.34,1017475372.47
2026-02-25T00:00:00+00:00,ETHUSD,1852.05,2146.94,1846.76,2057.64,800191.02,1598298434.4
2026-02-26T00:00:00+00:00,ETHUSD,2057.64,2083.49,1975.58,2027.89,596748.42,1215788591.17
2026-02-27T00:00:00+00:00,ETHUSD,2027.89,2063.72,1887.73,1929.59,606654.34,1194280659.37
2026-02-28T00:00:00+00:00,ETHUSD,1929.59,1984.96,1835.72,1964.82,505157.45,961460602.29
2026-03-01T00:00:00+00:00,ETHUSD,1964.82,2054.59,1908.04,1939.67,459763.6,911538100.93
2026-03-02T00:00:00+00:00,ETHUSD,1939.67,2089.55,1920.48,2027.46,699354.47,1399595238.06
2026-03-03T00:00:00+00:00,ETHUSD,2027.46,2041.63,1928.55,1982.88,659489.07,1304387377.14
2026-03-04T00:00:00+00:00,ETHUSD,1982.88,2199.59,1944.91,2127.79,763070.78,1593591288.73
2026-03-05T00:00:00+00:00,ETHUSD,2127.79,2164.17,2054.85,2073.07,557467.46,1172123372.91
2026-03-06T00:00:00+00:00,ETHUSD,2073.07,2093.59,1955.69,1978.55,552707.45,1115002579.19
2026-03-07T00:00:00+00:00,ETHUSD,1978.55,1996.09,1948.52,1969.49,172790.21,341452609.31
2026-03-08T00:00:00+00:00,ETHUSD,1969.49,1984.89,1912.58,1936.97,358702.67,698761724.64
2026-03-09T00:00:00+00:00,ETHUSD,1936.97,2053.64,1929.69,1993.58,618427.22,1239180208.26
2026-03-10T00:00:00+00:00,ETHUSD,1993.58,2088.4,1991.24,2036.9,527995.89,1081910673.68
2026-03-11T00:00:00+00:00,ETHUSD,2036.9,2086.06,2007.41,2052.28,462249.58,947229941.12
2026-03-12T00:00:00+00:00,ETHUSD,2052.28,2094.84,2018.22,2073.57,428350.32,881827733.77
2026-03-13T00:00:00+00:00,ETHUSD,2073.57,2210.39,2070.27,2092.74,626102.79,1335108758.65
2026-03-14T00:00:00+00:00,ETHUSD,2092.74,2106,2062.13,2096.74,139222.94,290174756.16
2026-03-15T00:00:00+00:00,ETHUSD,2096.74,2203.02,2083.93,2178.65,261557.45,556525758.96
2026-03-16T00:00:00+00:00,ETHUSD,2178.65,2385.62,2165.55,2352.75,668418.84,1524642028.55
2026-03-17T00:00:00+00:00,ETHUSD,2352.75,2376.84,2296.66,2318.1,523147.37,1219846336.42
2026-03-18T00:00:00+00:00,ETHUSD,2318.1,2350.94,2153.29,2203.67,525227.77,1173415102.81
2026-03-19T00:00:00+00:00,ETHUSD,2203.67,2233.87,2099.17,2137.97,517619.3,1112206174.82
2026-03-20T00:00:00+00:00,ETHUSD,2137.97,2176.7,2116.6,2145.95,435461.15,931455393.64
2026-03-21T00:00:00+00:00,ETHUSD,2145.95,2167.69,2070.7,2084.73,117130.44,250837630.73
2026-03-22T00:00:00+00:00,ETHUSD,2084.73,2126.42,2025.83,2053.62,283617.12,588828139.91
2026-03-23T00:00:00+00:00,ETHUSD,2053.62,2197.41,2022.75,2151.6,641376.09,1360080576.94
2026-03-24T00:00:00+00:00,ETHUSD,2151.6,2175.26,2102.08,2155.58,469634.6,1004296700.23
2026-03-25T00:00:00+00:00,ETHUSD,2155.58,2199.18,2145.79,2168.09,426486.4,926221274.01
2026-03-26T00:00:00+00:00,ETHUSD,2168.09,2171.3,2032.94,2059.06,444241,926416472.45
2026-03-27T00:00:00+00:00,ETHUSD,2059.06,2076.1,1970.71,1991.6,438050.45,879744704.42
2026-03-28T00:00:00+00:00,ETHUSD,1991.6,2040.58,1981.73,1993.39,149465.99,300265627.44
2026-03-29T00:00:00+00:00,ETHUSD,1993.39,2017.85,1937.56,1983.12,188340.55,374750514.84
2026-03-30T00:00:00+00:00,ETHUSD,1983.12,2082.86,1978.86,2024.89,483049.87,986897165.49
2026-03-31T00:00:00+00:00,ETHUSD,2024.89,2121.21,2010.79,2104.02,553311.09,1145707346.72
2026-04-01T00:00:00+00:00,ETHUSD,2104.02,2167.58,2081.04,2140.1,404943.65,862364752.94
2026-04-02T00:00:00+00:00,ETHUSD,2140.1,2159.2,2016.39,2056.85,465913.97,961531138.06
2026-04-03T00:00:00+00:00,ETHUSD,2056.85,2079.67,2040.92,2053.48,186064.99,382345316.52
2026-04-04T00:00:00+00:00,ETHUSD,2053.48,2083.31,2044.33,2065.29,94578.26,194659907.59
2026-04-05T00:00:00+00:00,ETHUSD,2065.29,2121.73,2021.83,2109.27,183327.45,377859088.33
2026-04-06T00:00:00+00:00,ETHUSD,2109.27,2174.11,2088.14,2107.32,461931.12,988526781.59
2026-04-07T00:00:00+00:00,ETHUSD,2107.32,2273.08,2060.09,2239.84,598808.15,1272041054.1
2026-04-08T00:00:00+00:00,ETHUSD,2239.84,2271.08,2180.12,2190.3,480908.94,1072181549.13
2026-04-09T00:00:00+00:00,ETHUSD,2190.3,2245.08,2157.06,2190.18,442074.24,970906680.98
2026-04-10T00:00:00+00:00,ETHUSD,2190.18,2268.81,2176.39,2246.18,420535.95,936636824.56
2026-04-11T00:00:00+00:00,ETHUSD,2246.18,2330.6,2230.13,2285.83,189113.72,429646101.68
2026-04-12T00:00:00+00:00,ETHUSD,2285.83,2289.39,2175.93,2191.8,243684.58,538730416.83
2026-04-13T00:00:00+00:00,ETHUSD,2191.8,2395,2175.2,2370.21,530150.75,1187955458.57
2026-04-14T00:00:00+00:00,ETHUSD,2370.21,2416.93,2304.51,2323.48,456657.16,1078302002.86
2026-04-15T00:00:00+00:00,ETHUSD,2323.48,2386.98,2309.2,2360.57,366654.61,859156523.12
2026-04-16T00:00:00+00:00,ETHUSD,2360.57,2370.12,2285.29,2348.77,353968.77,826436343.02
2026-04-17T00:00:00+00:00,ETHUSD,2348.77,2466.49,2317.52,2419.96,503562.55,1210801608.92
2026-04-18T00:00:00+00:00,ETHUSD,2419.96,2428.44,2340.38,2351.39,182011.46,432419095.29
2026-04-19T00:00:00+00:00,ETHUSD,2351.39,2356.29,2253.61,2263.9,243060.98,561652634.81
2026-04-20T00:00:00+00:00,ETHUSD,2263.9,2347.78,2260.93,2314.78,375816.25,867482079.95
2026-04-21T00:00:00+00:00,ETHUSD,2314.78,2339.41,2285.18,2328.4,383666.87,887174288.53
2026-04-22T00:00:00+00:00,ETHUSD,2328.4,2424.83,2313.85,2375.22,473292.97,1131021338.88
2026-04-23T00:00:00+00:00,ETHUSD,2375.22,2382.48,2286,2331.18,433497.13,1010716862.77
2026-04-24T00:00:00+00:00,ETHUSD,2331.18,2338.32,2300.98,2315.87,300718.33,697267891.55
2026-04-25T00:00:00+00:00,ETHUSD,2315.87,2323.83,2301.29,2319.94,71234.61,164895265.51
2026-04-26T00:00:00+00:00,ETHUSD,2319.94,2380.74,2307.4,2370.24,174847,410857063.53
2026-04-27T00:00:00+00:00,ETHUSD,2370.24,2404.98,2266.13,2303.59,370924.97,860454745.14
2026-04-28T00:00:00+00:00,ETHUSD,2303.59,2311.03,2257.71,2289.46,274205.49,626292774.81
2026-04-29T00:00:00+00:00,ETHUSD,2289.46,2347.16,2219.45,2252.16,436991.52,998638587
2026-04-30T00:00:00+00:00,ETHUSD,2252.16,2278.67,2230.7,2256.74,298105.53,673288615.9
2026-05-01T00:00:00+00:00,ETHUSD,2256.74,2326.44,2256.51,2295.42,301824.26,693410115.82
2026-05-02T00:00:00+00:00,ETHUSD,2295.42,2341.49,2292.69,2316.84,71931.94,166216643.96
2026-05-03T00:00:00+00:00,ETHUSD,2316.84,2356.46,2297.55,2322.56,140992.66,327892850.51
2026-05-04T00:00:00+00:00,ETHUSD,2322.56,2398.99,2308.79,2346.95,449653.06,1058812099.87
2026-05-05T00:00:00+00:00,ETHUSD,2346.95,2400.01,2344.91,2360.69,297124.79,706093458.68
2026-05-06T00:00:00+00:00,ETHUSD,2360.69,2423.94,2337.45,2350.72,372662.75,885207936.5
2026-05-07T00:00:00+00:00,ETHUSD,2350.72,2352.44,2279.78,2290.86,306453.85,707971199.81
2026-05-08T00:00:00+00:00,ETHUSD,2290.86,2294.13,2265.75,2284.52,45252.58,103144129
2023-05-01T00:00:00+00:00,SOLUSD,22.73,22.88,21.59,21.97,1929816.28,42585381.91
2023-05-02T00:00:00+00:00,SOLUSD,21.97,22.4,21.76,22.27,1310200.69,28972915.43
2023-05-03T00:00:00+00:00,SOLUSD,22.27,22.3,21.25,22.24,1728560.62,37563066.09
2023-05-04T00:00:00+00:00,SOLUSD,22.24,22.53,21.63,21.74,1275932.05,28165584.11
2023-05-05T00:00:00+00:00,SOLUSD,21.74,23.07,21.66,22.85,2098591.65,46964188.54
2023-05-06T00:00:00+00:00,SOLUSD,22.85,23.27,21.63,21.97,1641310.48,36824163.55
2023-05-07T00:00:00+00:00,SOLUSD,21.97,22.8,21.69,21.7,1444135.14,32133191.65
2023-05-08T00:00:00+00:00,SOLUSD,21.7,21.85,20.06,20.69,2754289.26,57885042.91
2023-05-09T00:00:00+00:00,SOLUSD,20.69,21.06,20.4,20.69,1170238.48,24205886.44
2023-05-10T00:00:00+00:00,SOLUSD,20.69,21.32,19.99,20.94,2069780.53,43034997.18
2023-05-11T00:00:00+00:00,SOLUSD,20.94,20.95,19.8,20.2,1571469.04,31817109.46
2023-05-12T00:00:00+00:00,SOLUSD,20.2,20.97,19.83,20.92,1961429.09,40004621.46
2023-05-13T00:00:00+00:00,SOLUSD,20.92,21.29,20.79,20.85,896741.65,18828252.98
2023-05-14T00:00:00+00:00,SOLUSD,20.85,21.26,20.64,20.94,820782.42,17197778.23
2023-05-15T00:00:00+00:00,SOLUSD,20.94,21.52,20.62,20.99,1661879.18,35279719.01
2023-05-16T00:00:00+00:00,SOLUSD,20.99,21.14,20.44,20.68,1562256.05,32457511.93
2023-05-17T00:00:00+00:00,SOLUSD,20.68,21.19,20.43,21.06,1359624.9,28298787.6
2023-05-18T00:00:00+00:00,SOLUSD,21.06,21.09,20.1,20.34,1563014.63,32272526.21
2023-05-19T00:00:00+00:00,SOLUSD,20.34,20.58,20.24,20.35,598027.59,12203577.97
2023-05-20T00:00:00+00:00,SOLUSD,20.35,20.36,20.12,20.28,589006.63,11923047.85
2023-05-21T00:00:00+00:00,SOLUSD,20.28,20.39,19.44,19.62,875157.36,17454049.85
2023-05-22T00:00:00+00:00,SOLUSD,19.62,20.02,19.31,19.53,1295260.86,25489243.68
2023-05-23T00:00:00+00:00,SOLUSD,19.53,20.17,19.42,20.03,1164625.73,23202696.19
2023-05-24T00:00:00+00:00,SOLUSD,20.03,20.06,18.78,19.22,1609688.29,31051416.29
2023-05-25T00:00:00+00:00,SOLUSD,19.22,19.54,18.8,19.25,941891.4,18163214.76
2023-05-26T00:00:00+00:00,SOLUSD,19.25,19.56,19.09,19.36,580973.24,11249226.94
2023-05-27T00:00:00+00:00,SOLUSD,19.36,20.53,19.34,20.44,693897.83,13822990.28
2023-05-28T00:00:00+00:00,SOLUSD,20.44,21.18,20.31,20.82,1122610.37,23232716.4
2023-05-29T00:00:00+00:00,SOLUSD,20.82,20.99,20.28,20.59,971645.92,20052767.19
2023-05-30T00:00:00+00:00,SOLUSD,20.59,21.43,20.48,21.27,1940379.13,40908061.48
2023-05-31T00:00:00+00:00,SOLUSD,21.27,21.34,20.41,20.82,1220068.9,25266396.22
2023-06-01T00:00:00+00:00,SOLUSD,20.82,20.99,20.43,20.51,915884.5,18968372.25
2023-06-02T00:00:00+00:00,SOLUSD,20.51,21.37,20.32,21.26,1072349.98,22584893.94
2023-06-03T00:00:00+00:00,SOLUSD,21.26,21.36,20.99,21.21,585145.78,12378952.47
2023-06-04T00:00:00+00:00,SOLUSD,21.21,22.31,21.05,21.82,1339500.05,29292770.7
2023-06-05T00:00:00+00:00,SOLUSD,21.82,22.06,19.23,20.02,3154591.96,64969446.79
2023-06-06T00:00:00+00:00,SOLUSD,20.02,20.7,19.26,20.4,2091853.4,41826894.8
2023-06-07T00:00:00+00:00,SOLUSD,20.4,20.54,18.53,18.63,2314791.72,45027331.01
2023-06-08T00:00:00+00:00,SOLUSD,18.63,19.1,18.26,18.89,907949.52,17007325
2023-06-09T00:00:00+00:00,SOLUSD,18.89,19.36,17.11,17.4,2121056.34,38653266.03
2023-06-10T00:00:00+00:00,SOLUSD,17.4,17.41,13.13,15.64,5812236.49,87734042.11
2023-06-11T00:00:00+00:00,SOLUSD,15.64,16.17,15.13,15.55,1411842.79,22042187.49
2023-06-12T00:00:00+00:00,SOLUSD,15.55,15.68,14.75,15.18,1420312.63,21542962.86
2023-06-13T00:00:00+00:00,SOLUSD,15.18,15.99,14.77,15.03,1422396.31,21634642.46
2023-06-14T00:00:00+00:00,SOLUSD,15.03,15.35,14.12,14.48,1261873.28,18714703.42
2023-06-15T00:00:00+00:00,SOLUSD,14.48,15.05,14.17,14.77,1283928.79,18794111.23
2023-06-16T00:00:00+00:00,SOLUSD,14.77,15.45,14.43,15.32,1447075.02,21834878.39
2023-06-17T00:00:00+00:00,SOLUSD,15.32,16.1,15.16,15.65,861853.97,13524308.08
2023-06-18T00:00:00+00:00,SOLUSD,15.65,15.84,15.31,15.43,491829.19,7678517.01
2023-06-19T00:00:00+00:00,SOLUSD,15.43,16.13,15.36,16.1,733133.44,11503860.1
2023-06-20T00:00:00+00:00,SOLUSD,16.1,16.68,15.73,16.65,1517960.76,24582953.16
2023-06-21T00:00:00+00:00,SOLUSD,16.65,17.41,16.57,17.24,2236078.72,37898015.32
2023-06-22T00:00:00+00:00,SOLUSD,17.24,17.74,16.58,16.64,1315581.03,22524007.25
2023-06-23T00:00:00+00:00,SOLUSD,16.64,17.55,16.19,17.15,2379666.35,40268531.07
2023-06-24T00:00:00+00:00,SOLUSD,17.15,17.53,16.43,16.66,1235574.01,20935133.45
2023-06-25T00:00:00+00:00,SOLUSD,16.66,17.38,16.58,16.97,1147278.85,19569809.93
2023-06-26T00:00:00+00:00,SOLUSD,16.97,17.12,15.95,16.28,1436529.07,23801525.98
2023-06-27T00:00:00+00:00,SOLUSD,16.28,16.93,16.14,16.63,1294930.16,21477234.38
2023-06-28T00:00:00+00:00,SOLUSD,16.63,16.64,15.7,15.98,1747808.88,28247031.46
2023-06-29T00:00:00+00:00,SOLUSD,15.98,18.27,15.87,17.99,2625741.97,45742590.16
2023-06-30T00:00:00+00:00,SOLUSD,17.99,19.99,17.11,18.86,3056516.32,57111782.57
2023-07-01T00:00:00+00:00,SOLUSD,18.86,19.01,17.91,18.71,1014465.05,18636372.45
2023-07-02T00:00:00+00:00,SOLUSD,18.71,19.73,18.55,19.46,1577118.75,30247022.04
2023-07-03T00:00:00+00:00,SOLUSD,19.46,19.65,18.87,19.27,1005093.69,19337839.73
2023-07-04T00:00:00+00:00,SOLUSD,19.27,19.94,19.08,19.15,1029507.55,20030489.41
2023-07-05T00:00:00+00:00,SOLUSD,19.15,19.39,18.45,19,1162282.9,21870944.05
2023-07-06T00:00:00+00:00,SOLUSD,19,20.97,18.75,19.61,3637283.11,72288329.57
2023-07-07T00:00:00+00:00,SOLUSD,19.61,21.7,19.27,21.51,3377031.9,69662085.33
2023-07-08T00:00:00+00:00,SOLUSD,21.51,22.46,21.32,21.82,1959912,42760105.1
2023-07-09T00:00:00+00:00,SOLUSD,21.82,22.35,21.01,21.33,1182257.39,25582748.11
2023-07-10T00:00:00+00:00,SOLUSD,21.33,21.8,20.51,21.3,2078003.91,44008856.3
2023-07-11T00:00:00+00:00,SOLUSD,21.3,22.34,21.22,22.07,1390885.71,30543363.66
2023-07-12T00:00:00+00:00,SOLUSD,22.07,22.74,21.77,21.93,2038635.95,45421393.05
2023-07-13T00:00:00+00:00,SOLUSD,21.93,26.79,21.44,26.02,4578046.59,112040102.88
2023-07-14T00:00:00+00:00,SOLUSD,26.02,32.06,25.25,26.7,5914617.83,164647403.53
2023-07-15T00:00:00+00:00,SOLUSD,26.7,29.1,26.51,27.45,2780586.56,77616992.04
2023-07-16T00:00:00+00:00,SOLUSD,27.45,28.61,26.54,27.43,2089861.89,58227603.37
2023-07-17T00:00:00+00:00,SOLUSD,27.43,28.47,25.61,26.83,2941926.93,79483808.38
2023-07-18T00:00:00+00:00,SOLUSD,26.83,27.09,24.76,25.56,2439766.61,62512632.88
2023-07-19T00:00:00+00:00,SOLUSD,25.56,26.99,25.37,26.31,2475618.52,65210080.97
2023-07-20T00:00:00+00:00,SOLUSD,26.31,27.35,25.05,25.36,2241363.03,58814482.45
2023-07-21T00:00:00+00:00,SOLUSD,25.36,26.01,25.07,25.51,1304691.93,33312386.28
2023-07-22T00:00:00+00:00,SOLUSD,25.51,25.97,24.09,24.52,938917.66,23659080.27
2023-07-23T00:00:00+00:00,SOLUSD,24.52,25.25,24.16,24.76,1196929.41,29589539.29
2023-07-24T00:00:00+00:00,SOLUSD,24.76,24.83,22.87,23.37,1723093.66,40698588.87
2023-07-25T00:00:00+00:00,SOLUSD,23.37,24,22.75,23.29,1322488.01,30784991.58
2023-07-26T00:00:00+00:00,SOLUSD,23.29,25.65,23.18,25.18,2122730.31,52095173.98
2023-07-27T00:00:00+00:00,SOLUSD,25.18,25.65,24.68,25.1,1602133.72,40265979.19
2023-07-28T00:00:00+00:00,SOLUSD,25.1,25.52,24.52,24.81,1367070.84,34151035.91
2023-07-29T00:00:00+00:00,SOLUSD,24.81,25.38,24.74,25.16,766106.34,19243067.28
2023-07-30T00:00:00+00:00,SOLUSD,25.16,25.21,23.55,24.25,1208100.93,29669821.01
2023-07-31T00:00:00+00:00,SOLUSD,24.25,24.79,23.54,23.72,1307825.71,31654208.04
2023-08-01T00:00:00+00:00,SOLUSD,23.72,24.05,22.81,24.05,1443334.09,33853632.94
2023-08-02T00:00:00+00:00,SOLUSD,24.05,24.27,22.87,23.14,1324116.92,31130414.83
2023-08-03T00:00:00+00:00,SOLUSD,23.14,23.38,22.49,22.62,995059.72,22727563.66
2023-08-04T00:00:00+00:00,SOLUSD,22.62,23.55,22.5,22.77,1252802.79,28854342
2023-08-05T00:00:00+00:00,SOLUSD,22.77,22.91,22.22,22.63,561125.87,12695627.31
2023-08-06T00:00:00+00:00,SOLUSD,22.63,23.44,22.57,23.18,797415.07,18382691.2
2023-08-07T00:00:00+00:00,SOLUSD,23.18,23.61,22.33,23.11,817463.93,18743749.83
2023-08-08T00:00:00+00:00,SOLUSD,23.11,24.77,23.01,24.21,1786984.87,42680496.83
2023-08-09T00:00:00+00:00,SOLUSD,24.21,25,24.1,24.37,1347180.87,33110965.79
2023-08-10T00:00:00+00:00,SOLUSD,24.37,24.88,24.11,24.59,788164.54,19294073.76
2023-08-11T00:00:00+00:00,SOLUSD,24.59,24.89,24.32,24.61,820520.52,20166257.71
2023-08-12T00:00:00+00:00,SOLUSD,24.61,25.18,24.38,24.91,643368.17,15910138.7
2023-08-13T00:00:00+00:00,SOLUSD,24.91,24.94,24.19,24.21,512075.85,12589055.27
2023-08-14T00:00:00+00:00,SOLUSD,24.21,25.28,24.05,25.17,1242430.01,30722289.89
2023-08-15T00:00:00+00:00,SOLUSD,25.17,25.34,23.72,23.88,1419406.92,34606007.26
2023-08-16T00:00:00+00:00,SOLUSD,23.88,24,22.38,22.79,1634691.24,37954695.37
2023-08-17T00:00:00+00:00,SOLUSD,22.79,23.4,20.27,21.69,2361854.32,52640360.75
2023-08-18T00:00:00+00:00,SOLUSD,21.69,22.19,20.92,21.33,1416246.63,30663247.45
2023-08-19T00:00:00+00:00,SOLUSD,21.33,22.16,21.29,21.89,630110.33,13716213.39
2023-08-20T00:00:00+00:00,SOLUSD,21.89,22.03,21.58,21.77,397985.71,8673017.32
2023-08-21T00:00:00+00:00,SOLUSD,21.77,21.77,20.35,21.2,1222088.13,25814784.74
2023-08-22T00:00:00+00:00,SOLUSD,21.2,21.27,19.37,20.56,1454890.19,29694314.02
2023-08-23T00:00:00+00:00,SOLUSD,20.56,21.81,20.38,21.73,1538625.65,32454156.7
2023-08-24T00:00:00+00:00,SOLUSD,21.73,22.02,20.68,21.05,1116271.21,23861293.23
2023-08-25T00:00:00+00:00,SOLUSD,21.05,21.05,20.08,20.42,938883.12,19229716.09
2023-08-26T00:00:00+00:00,SOLUSD,20.42,20.43,20.18,20.28,288121.33,5846199.1
2023-08-27T00:00:00+00:00,SOLUSD,20.28,20.9,20.23,20.79,421942.32,8703634.15
2023-08-28T00:00:00+00:00,SOLUSD,20.79,20.79,20.03,20.55,747164.4,15293473.06
2023-08-29T00:00:00+00:00,SOLUSD,20.55,22.02,20.11,21.79,2009874.66,43104524.43
2023-08-30T00:00:00+00:00,SOLUSD,21.79,21.99,20.61,20.82,1126289.83,23853899.07
2023-08-31T00:00:00+00:00,SOLUSD,20.82,21.05,19.43,19.73,2036894.53,40987465.06
2023-09-01T00:00:00+00:00,SOLUSD,19.73,19.92,19.03,19.32,1308254.33,25529022.64
2023-09-02T00:00:00+00:00,SOLUSD,19.32,19.68,19.14,19.49,477963.05,9303242.26
2023-09-03T00:00:00+00:00,SOLUSD,19.49,19.66,19.24,19.57,480251.45,9355187.04
2023-09-04T00:00:00+00:00,SOLUSD,19.57,20.02,19.18,19.51,732674.12,14340090.33
2023-09-05T00:00:00+00:00,SOLUSD,19.51,20.57,19.04,20.26,1607009.67,32071933.35
2023-09-06T00:00:00+00:00,SOLUSD,20.26,20.37,19.15,19.64,1185166.35,23346044.78
2023-09-07T00:00:00+00:00,SOLUSD,19.64,19.99,19.32,19.91,889595.8,17484240.88
2023-09-08T00:00:00+00:00,SOLUSD,19.91,20.28,19.36,19.61,808577.24,15951678.76
2023-09-09T00:00:00+00:00,SOLUSD,19.61,19.61,19.37,19.44,321230.59,6265388.01
2023-09-10T00:00:00+00:00,SOLUSD,19.44,19.44,17.81,18.24,1945067.71,35702570.25
2023-09-11T00:00:00+00:00,SOLUSD,18.24,18.45,17.36,17.72,1976191.67,35117993.35
2023-09-12T00:00:00+00:00,SOLUSD,17.72,18.78,17.57,17.92,1802892.84,32553058.8
2023-09-13T00:00:00+00:00,SOLUSD,17.92,18.56,17.69,18.4,1793641.37,32656406.15
2023-09-14T00:00:00+00:00,SOLUSD,18.4,19.32,18.4,18.86,1430116.4,27057514.48
2023-09-15T00:00:00+00:00,SOLUSD,18.86,19.49,18.56,19.14,1214263.19,23027812.86
2023-09-16T00:00:00+00:00,SOLUSD,19.14,19.44,18.88,19.13,551791.81,10552890.07
2023-09-17T00:00:00+00:00,SOLUSD,19.13,19.14,18.66,18.82,378311.32,7150337.15
2023-09-18T00:00:00+00:00,SOLUSD,18.82,20.14,18.61,19.66,1611968.16,31623524
2023-09-19T00:00:00+00:00,SOLUSD,19.66,20.38,19.58,20.04,1062962.62,21278349.73
2023-09-20T00:00:00+00:00,SOLUSD,20.04,20.51,19.81,20.29,1284276.46,25908280.08
2023-09-21T00:00:00+00:00,SOLUSD,20.29,20.3,19.28,19.46,1467070.34,28829909.47
2023-09-22T00:00:00+00:00,SOLUSD,19.46,19.79,19.17,19.42,820242.58,15987737.87
2023-09-23T00:00:00+00:00,SOLUSD,19.42,19.57,19.29,19.48,431831.79,8393642.55
2023-09-24T00:00:00+00:00,SOLUSD,19.48,19.67,19.22,19.36,410654.26,8015635.64
2023-09-25T00:00:00+00:00,SOLUSD,19.36,19.74,19.1,19.39,858896,16737951.03
2023-09-26T00:00:00+00:00,SOLUSD,19.39,19.51,18.84,19.02,846679.45,16268094.95
2023-09-27T00:00:00+00:00,SOLUSD,19.02,19.46,18.74,19.12,1372952.7,26271842.25
2023-09-28T00:00:00+00:00,SOLUSD,19.12,20.03,19.09,19.98,1544820.78,30020126.04
2023-09-29T00:00:00+00:00,SOLUSD,19.98,20.45,19.86,20.27,905087.12,18287661.5
2023-09-30T00:00:00+00:00,SOLUSD,20.27,21.79,20.09,21.36,1321666.39,27753526.18
2023-10-01T00:00:00+00:00,SOLUSD,21.36,24.46,21.14,23.86,2233871.47,51515877.22
2023-10-02T00:00:00+00:00,SOLUSD,23.86,24.74,22.92,23.36,2408171.34,57631896.87
2023-10-03T00:00:00+00:00,SOLUSD,23.36,24.73,23.23,23.61,1850792.47,44313437.63
2023-10-04T00:00:00+00:00,SOLUSD,23.61,23.83,22.61,23.14,1435741.8,33230796.08
2023-10-05T00:00:00+00:00,SOLUSD,23.14,23.88,22.59,22.69,1162725.38,26913048.75
2023-10-06T00:00:00+00:00,SOLUSD,22.69,23.76,22.67,23.43,1178779.29,27488403.68
2023-10-07T00:00:00+00:00,SOLUSD,23.43,24.18,23.11,23.31,739403.07,17404929.6
2023-10-08T00:00:00+00:00,SOLUSD,23.31,23.64,23.09,23.24,440585.97,10295141.16
2023-10-09T00:00:00+00:00,SOLUSD,23.24,23.37,21.65,22.1,1136882.41,25496746.65
2023-10-10T00:00:00+00:00,SOLUSD,22.1,22.48,21.71,22.11,774347.69,17074119.8
2023-10-11T00:00:00+00:00,SOLUSD,22.11,22.4,21.61,22.01,1142643.46,25221990.12
2023-10-12T00:00:00+00:00,SOLUSD,22.01,22.03,20.96,21.29,916509.56,19583055.27
2023-10-13T00:00:00+00:00,SOLUSD,21.29,22.19,21.11,21.84,870966.29,18821343.42
2023-10-14T00:00:00+00:00,SOLUSD,21.84,22.23,21.81,22,396634.65,8730327.7
2023-10-15T00:00:00+00:00,SOLUSD,22,22.17,21.67,21.94,529238.23,11587038.61
2023-10-16T00:00:00+00:00,SOLUSD,21.94,24.79,21.91,23.97,2541698.47,59575012.95
2023-10-17T00:00:00+00:00,SOLUSD,23.97,24.55,23.49,23.95,1674379.25,40260870.09
2023-10-18T00:00:00+00:00,SOLUSD,23.95,24.41,23.36,23.42,1420938.64,33897231.35
2023-10-19T00:00:00+00:00,SOLUSD,23.42,25.62,23.15,24.94,2406067.46,59242355.89
2023-10-20T00:00:00+00:00,SOLUSD,24.94,27.43,24.75,27.04,3468950.93,92114809.85
2023-10-21T00:00:00+00:00,SOLUSD,27.04,30.27,26.67,29.33,2991552.15,86353042.15
2023-10-22T00:00:00+00:00,SOLUSD,29.33,30.01,28.1,29.05,1608197.72,46532806.5
2023-10-23T00:00:00+00:00,SOLUSD,29.05,32.73,28.76,31.92,4378223.71,132600620.07
2023-10-24T00:00:00+00:00,SOLUSD,31.92,32.58,29.53,30.18,4102788.47,128051981.3
2023-10-25T00:00:00+00:00,SOLUSD,30.18,33.87,30.01,32.44,3634002.55,117811341.25
2023-10-26T00:00:00+00:00,SOLUSD,32.44,33.26,30.73,32.77,3602522.13,115265505.83
2023-10-27T00:00:00+00:00,SOLUSD,32.77,33.34,31.31,31.74,2602715.95,84040760.73
2023-10-28T00:00:00+00:00,SOLUSD,31.74,32.51,31.41,31.65,895214.24,28597328.1
2023-10-29T00:00:00+00:00,SOLUSD,31.65,33.16,31.31,32.84,1709954.89,55670650.67
2023-10-30T00:00:00+00:00,SOLUSD,32.84,35.31,32.47,34.95,2933481.31,100384070
2023-10-31T00:00:00+00:00,SOLUSD,34.95,38.6,34.85,38.43,4650049.16,169712692.65
2023-11-01T00:00:00+00:00,SOLUSD,38.43,46.84,37.95,41.17,8116786.07,334965726.75
2023-11-02T00:00:00+00:00,SOLUSD,41.17,44.56,38.67,40.25,4749394.27,197689376.99
2023-11-03T00:00:00+00:00,SOLUSD,40.25,40.25,38.05,39.48,3296064.46,129114847.09
2023-11-04T00:00:00+00:00,SOLUSD,39.48,42.75,39.02,42.44,2287886.52,94716495.59
2023-11-05T00:00:00+00:00,SOLUSD,42.44,42.86,40.3,41.2,2111833.09,87552035.77
2023-11-06T00:00:00+00:00,SOLUSD,41.2,42.21,39.7,42.17,2754587.45,112100517.99
2023-11-07T00:00:00+00:00,SOLUSD,42.17,44.74,40.12,42.95,4781663.11,203308997.07
2023-11-08T00:00:00+00:00,SOLUSD,42.95,43.87,42.28,43.13,2380040.47,102557463.03
2023-11-09T00:00:00+00:00,SOLUSD,43.13,48.87,42.53,45.31,6781704.76,309437660.84
2023-11-10T00:00:00+00:00,SOLUSD,45.31,57.63,45.08,56.72,7278326.54,371407805.39
2023-11-11T00:00:00+00:00,SOLUSD,56.72,63.93,53.63,56.34,7115870.27,415819053.43
2023-11-12T00:00:00+00:00,SOLUSD,56.34,61.88,54.54,56.3,5073260.37,292290056.31
2023-11-13T00:00:00+00:00,SOLUSD,56.3,59.83,51.6,51.61,5403756.91,301609244.17
2023-11-14T00:00:00+00:00,SOLUSD,51.61,57.93,51.31,56.83,5262722.34,288902544.79
2023-11-15T00:00:00+00:00,SOLUSD,56.83,67.14,56.16,65.5,5620312.18,348592966.36
2023-11-16T00:00:00+00:00,SOLUSD,65.5,68.16,56.39,57.78,6712799.49,418696390.74
2023-11-17T00:00:00+00:00,SOLUSD,57.78,60.54,54.13,58.54,4487250.02,259607985.44
2023-11-18T00:00:00+00:00,SOLUSD,58.54,59.38,54.74,58.58,2839537.88,163809263.96
2023-11-19T00:00:00+00:00,SOLUSD,58.58,62.18,56.67,61.13,3337724.11,200925705.62
2023-11-20T00:00:00+00:00,SOLUSD,61.13,61.34,56.04,56.6,3374622.1,198524500.57
2023-11-21T00:00:00+00:00,SOLUSD,56.6,57.39,51.31,51.66,3993313.41,218119382.59
2023-11-22T00:00:00+00:00,SOLUSD,51.66,58.93,51.49,57.58,3451493.22,192027796.52
2023-11-23T00:00:00+00:00,SOLUSD,57.58,59.56,56.16,56.46,2295819.29,132106603.86
2023-11-24T00:00:00+00:00,SOLUSD,56.46,58.76,56.19,56.86,2232457.82,128511879.05
2023-11-25T00:00:00+00:00,SOLUSD,56.86,59.76,55.91,58.83,2067644.77,121055670.65
2023-11-26T00:00:00+00:00,SOLUSD,58.83,59.06,56.18,57.57,1776284.86,102471353.5
2023-11-27T00:00:00+00:00,SOLUSD,57.57,58.05,53.5,55.07,2500264.88,138158993.79
2023-11-28T00:00:00+00:00,SOLUSD,55.07,58.7,53.95,58.21,2347668.64,133449361.42
2023-11-29T00:00:00+00:00,SOLUSD,58.21,61.79,57.75,59.29,3214181.98,192338149.07
2023-11-30T00:00:00+00:00,SOLUSD,59.29,61.69,58.77,59.28,1684249.99,101024323.81
2023-12-01T00:00:00+00:00,SOLUSD,59.28,61.89,58.64,59.78,1933755.73,116934396.27
2023-12-02T00:00:00+00:00,SOLUSD,59.78,63.92,59.7,63.71,1942632.97,120751779.39
2023-12-03T00:00:00+00:00,SOLUSD,63.71,65.54,62.27,63,2599233.83,165325950.81
2023-12-04T00:00:00+00:00,SOLUSD,63,65.24,59.47,61.58,3982968.5,248450635.97
2023-12-05T00:00:00+00:00,SOLUSD,61.58,62.56,59.14,61.01,2436850.56,148106810.76
2023-12-06T00:00:00+00:00,SOLUSD,61.01,66.61,61.01,61.86,3825390.72,243125138.39
2023-12-07T00:00:00+00:00,SOLUSD,61.86,69.41,61.65,67.78,4060250.22,266641722.61
2023-12-08T00:00:00+00:00,SOLUSD,67.78,75.3,67.78,74.94,4191094.5,302233341.73
2023-12-09T00:00:00+00:00,SOLUSD,74.94,77.75,71.63,72.25,3662524.57,274764488.15
2023-12-10T00:00:00+00:00,SOLUSD,72.25,74.87,70.67,74.81,2448216.03,178843239.76
2023-12-11T00:00:00+00:00,SOLUSD,74.81,74.93,65.87,70.24,4436831.66,308479568.76
2023-12-12T00:00:00+00:00,SOLUSD,70.24,72.44,65.75,68.54,3105047.56,215905905.74
2023-12-13T00:00:00+00:00,SOLUSD,68.54,73.26,63.76,70.63,3170616.88,216654897.34
2023-12-14T00:00:00+00:00,SOLUSD,70.63,76.23,68.45,75.68,3034526.84,219979414.24
2023-12-15T00:00:00+00:00,SOLUSD,75.68,79.44,72.09,72.52,3412317.82,258890929.58
2023-12-16T00:00:00+00:00,SOLUSD,72.52,77.17,71.18,73.67,2435607.52,180819746.35
2023-12-17T00:00:00+00:00,SOLUSD,73.67,74.9,70.42,70.77,2008361.11,146257335.89
2023-12-18T00:00:00+00:00,SOLUSD,70.77,75.46,67.08,74.41,3100244.04,219825107.3
2023-12-19T00:00:00+00:00,SOLUSD,74.41,76.3,71.78,73.02,2419136.85,179576744.2
2023-12-20T00:00:00+00:00,SOLUSD,73.02,84.12,72.96,82.23,4832819.52,383777008.35
2023-12-21T00:00:00+00:00,SOLUSD,82.23,95.61,81.09,93.89,4945843.27,440410282.27
2023-12-22T00:00:00+00:00,SOLUSD,93.89,99.54,90.34,98.01,5020448.85,480720090.97
2023-12-23T00:00:00+00:00,SOLUSD,98.01,110,92.93,107.95,3597164.57,362619938.06
2023-12-24T00:00:00+00:00,SOLUSD,107.95,118.04,107.41,112.54,5562390.38,628208432.61
2023-12-25T00:00:00+00:00,SOLUSD,112.54,125.95,108.04,120.95,4275805.98,503068530.81
2023-12-26T00:00:00+00:00,SOLUSD,120.95,121.32,102.17,112.48,5175768.18,579248989.42
2023-12-27T00:00:00+00:00,SOLUSD,112.48,115.32,104.83,106.93,3771780.65,413243902
2023-12-28T00:00:00+00:00,SOLUSD,106.93,109.66,97.11,101.85,4160920.18,425584617.17
2023-12-29T00:00:00+00:00,SOLUSD,101.85,109.92,99.56,106.19,3904141.42,413104821.04
2023-12-30T00:00:00+00:00,SOLUSD,106.19,107.42,100.74,101.9,1142643.64,118196065.17
2023-12-31T00:00:00+00:00,SOLUSD,101.9,105.14,99.44,101.73,1494163.59,153333876.77
2024-01-01T00:00:00+00:00,SOLUSD,101.73,110.25,101.48,110.02,1753352.59,185540221.33
2024-01-02T00:00:00+00:00,SOLUSD,110.02,117,106.05,106.76,3028143.75,336798402.45
2024-01-03T00:00:00+00:00,SOLUSD,106.76,109.96,84.21,98.59,4773846.78,473070625.93
2024-01-04T00:00:00+00:00,SOLUSD,98.59,108.13,96.77,105.02,2585745.87,265350577.19
2024-01-05T00:00:00+00:00,SOLUSD,105.02,105.48,95.4,100.01,2281511.48,227782153.75
2024-01-06T00:00:00+00:00,SOLUSD,100.01,100.31,91.66,93.83,1636157.59,155614848.08
2024-01-07T00:00:00+00:00,SOLUSD,93.83,96.81,87.87,89.49,2094142.32,194515458.54
2024-01-08T00:00:00+00:00,SOLUSD,89.49,99.98,85.49,98.01,4173838.33,387659355.78
2024-01-09T00:00:00+00:00,SOLUSD,98.01,104.15,95.45,99.45,3129752.84,312351025.26
2024-01-10T00:00:00+00:00,SOLUSD,99.45,105.6,92.23,102.01,3474342.48,339477432.84
2024-01-11T00:00:00+00:00,SOLUSD,102.01,107.19,97.55,99.9,3594533.54,365424742.88
2024-01-12T00:00:00+00:00,SOLUSD,99.9,100.47,86.94,92.06,2731880.98,260070066.81
2024-01-13T00:00:00+00:00,SOLUSD,92.06,97.29,89.53,95.84,1888782.34,176768882.52
2024-01-14T00:00:00+00:00,SOLUSD,95.84,104.4,93.68,93.8,2987574.61,292699629.29
2024-01-15T00:00:00+00:00,SOLUSD,93.8,96.89,93.01,94.32,1536863.86,146162213.98
2024-01-16T00:00:00+00:00,SOLUSD,94.32,98.69,94.1,97.59,1246224.56,120612864.67
2024-01-17T00:00:00+00:00,SOLUSD,97.59,102.7,96.72,102.07,2974026,298186323.38
2024-01-18T00:00:00+00:00,SOLUSD,102.07,103.45,91.48,94.31,2507855.75,243385487.07
2024-01-19T00:00:00+00:00,SOLUSD,94.31,95.34,87.02,93.59,2574171.47,236970884.44
2024-01-20T00:00:00+00:00,SOLUSD,93.59,94.13,90.17,92.75,907320.39,83748239.1
2024-01-21T00:00:00+00:00,SOLUSD,92.75,93.85,90.74,91,707411.46,65332591.64
2024-01-22T00:00:00+00:00,SOLUSD,91,91.83,82.01,83.74,2534638.92,219210749.54
2024-01-23T00:00:00+00:00,SOLUSD,83.74,85.87,78.91,84.29,2763767.53,225799604.31
2024-01-24T00:00:00+00:00,SOLUSD,84.29,89.37,83.29,88.74,2063990.75,178313499.48
2024-01-25T00:00:00+00:00,SOLUSD,88.74,89.54,85.07,86.86,1575341.86,137852670.3
2024-01-26T00:00:00+00:00,SOLUSD,86.86,93.68,85.91,92.23,1916390.82,174425970.74
2024-01-27T00:00:00+00:00,SOLUSD,92.23,94.62,90.69,94.26,1151145.31,106729187.42
2024-01-28T00:00:00+00:00,SOLUSD,94.26,99.42,93.48,95.97,1942018.87,186982453.62
2024-01-29T00:00:00+00:00,SOLUSD,95.97,101.95,95.07,101.67,2399982.82,238040517.8
2024-01-30T00:00:00+00:00,SOLUSD,101.67,106.39,100.99,101.4,2865235.34,297805475.9
2024-01-31T00:00:00+00:00,SOLUSD,101.4,102.72,95.89,96.89,3299222.52,328718164.93
2024-02-01T00:00:00+00:00,SOLUSD,96.89,98.84,93.02,97.78,2899480.93,276962628.41
2024-02-02T00:00:00+00:00,SOLUSD,97.78,102.47,97.4,100.51,2381171.63,237623484.03
2024-02-03T00:00:00+00:00,SOLUSD,100.51,101.15,96.62,97.9,1251226.24,123482853.55
2024-02-04T00:00:00+00:00,SOLUSD,97.9,98.51,95.08,95.42,916263.67,88845759.37
2024-02-05T00:00:00+00:00,SOLUSD,95.42,98.57,94.14,95.5,1360129.72,130720524.4
2024-02-06T00:00:00+00:00,SOLUSD,95.5,97.87,93.1,96.85,1832377.68,175268770.87
2024-02-07T00:00:00+00:00,SOLUSD,96.85,101.5,94.6,101.11,1675225.09,163367999.65
2024-02-08T00:00:00+00:00,SOLUSD,101.11,105.13,100.54,102.79,2961750.19,304200342.32
2024-02-09T00:00:00+00:00,SOLUSD,102.79,109.13,102.79,106.96,2689589.25,284133095.94
2024-02-10T00:00:00+00:00,SOLUSD,106.96,110.97,106.94,109.07,1753730.3,191350917.01
2024-02-11T00:00:00+00:00,SOLUSD,109.07,110.68,107.33,107.48,1135456.26,123656050.35
2024-02-12T00:00:00+00:00,SOLUSD,107.48,112.24,103.46,111.73,2235550.7,242583696.4
2024-02-13T00:00:00+00:00,SOLUSD,111.73,115.1,108.36,112.57,2138076.66,240524754.18
2024-02-14T00:00:00+00:00,SOLUSD,112.57,118.71,110.7,117.11,1901125.78,219814138.14
2024-02-15T00:00:00+00:00,SOLUSD,117.11,118.44,111.61,113.61,1958978,225648861.95
2024-02-16T00:00:00+00:00,SOLUSD,113.61,114.28,108.03,110.4,1408956.63,156412743.41
2024-02-17T00:00:00+00:00,SOLUSD,110.4,111.13,105.68,108.96,822029.62,89174506.03
2024-02-18T00:00:00+00:00,SOLUSD,108.96,114.05,107.57,112.24,960396.13,107084480.34
2024-02-19T00:00:00+00:00,SOLUSD,112.24,114.86,110.83,111.55,1284460.86,144565964.11
2024-02-20T00:00:00+00:00,SOLUSD,111.55,112.1,103.88,108.35,2014368.68,217470943.74
2024-02-21T00:00:00+00:00,SOLUSD,108.35,108.38,100.22,105.06,1858687.39,192848425.31
2024-02-22T00:00:00+00:00,SOLUSD,105.06,107.07,101.48,101.69,1537293.27,160312191.72
2024-02-23T00:00:00+00:00,SOLUSD,101.69,103.05,98.71,99.89,1093369.63,110488508.04
2024-02-24T00:00:00+00:00,SOLUSD,99.89,104.74,98.5,104.04,864089.21,88103065.8
2024-02-25T00:00:00+00:00,SOLUSD,104.04,104.38,102.08,103.47,612514.78,63235359.07
2024-02-26T00:00:00+00:00,SOLUSD,103.47,110.82,100.32,109.97,2201116.73,234405451.59
2024-02-27T00:00:00+00:00,SOLUSD,109.97,112.48,105.4,108.42,2166597.78,237619397.53
2024-02-28T00:00:00+00:00,SOLUSD,108.42,118.98,107.38,118.98,4063477.99,459270090.34
2024-02-29T00:00:00+00:00,SOLUSD,118.98,134.67,117.35,125.7,5232885.6,665347674.19
2024-03-01T00:00:00+00:00,SOLUSD,125.7,137.78,125.69,129.52,3056433.36,405596832
2024-03-02T00:00:00+00:00,SOLUSD,129.52,131.68,127.44,130.15,1729633.33,223568738.39
2024-03-03T00:00:00+00:00,SOLUSD,130.15,132.19,124.87,130.25,1631666.87,210788622.11
2024-03-04T00:00:00+00:00,SOLUSD,130.25,134.99,127.68,133.36,2761772.61,361205369.22
2024-03-05T00:00:00+00:00,SOLUSD,133.36,142.73,109.61,125.58,5819194.17,756083326.32
2024-03-06T00:00:00+00:00,SOLUSD,125.58,134.92,120.3,130.89,2960573.63,381104039.91
2024-03-07T00:00:00+00:00,SOLUSD,130.89,149.62,130.71,144.07,4344593.82,619872518.48
2024-03-08T00:00:00+00:00,SOLUSD,144.07,152.94,142.01,145.11,2858030.19,419104630.15
2024-03-09T00:00:00+00:00,SOLUSD,145.11,149.44,144.02,144.58,1037218.87,151869088.32
2024-03-10T00:00:00+00:00,SOLUSD,144.58,148.71,140.67,144.56,1396613.74,202638116.85
2024-03-11T00:00:00+00:00,SOLUSD,144.56,150.14,137.06,148.87,2595829.07,379112837.22
2024-03-12T00:00:00+00:00,SOLUSD,148.87,154.99,141.84,151.05,3186761.63,476778765.92
2024-03-13T00:00:00+00:00,SOLUSD,151.05,166.88,148.82,163.93,2784396.44,438432386.35
2024-03-14T00:00:00+00:00,SOLUSD,163.93,178.29,159.2,176.64,3815862.32,642377349.09
2024-03-15T00:00:00+00:00,SOLUSD,176.64,188.85,164.95,183.84,5992284.32,1068149417.11
2024-03-16T00:00:00+00:00,SOLUSD,183.84,197.8,176.91,181.95,4152263.36,776064550.46
2024-03-17T00:00:00+00:00,SOLUSD,181.95,204.17,178.58,201.69,3190995.11,611428210.5
2024-03-18T00:00:00+00:00,SOLUSD,201.69,209.86,193.87,195.91,3655288.14,738658423.4
2024-03-19T00:00:00+00:00,SOLUSD,195.91,198.63,165.62,169.91,5486398.45,988024751.1
2024-03-20T00:00:00+00:00,SOLUSD,169.91,193.24,162.49,191.92,4067827.52,717577531.6
2024-03-21T00:00:00+00:00,SOLUSD,191.92,195.72,175.88,179.44,2530828.31,472190949.04
2024-03-22T00:00:00+00:00,SOLUSD,179.44,181.81,167.64,175.17,1892655.19,328015603.27
2024-03-23T00:00:00+00:00,SOLUSD,175.17,178.93,170.28,172.72,1348782.66,236161266.4
2024-03-24T00:00:00+00:00,SOLUSD,172.72,186.75,171.44,183.79,1516114.9,270312536.09
2024-03-25T00:00:00+00:00,SOLUSD,183.79,194.53,181.02,189.01,2348938.53,444048366.86
2024-03-26T00:00:00+00:00,SOLUSD,189.01,196.81,186.31,190.47,1793107.63,343629444.01
2024-03-27T00:00:00+00:00,SOLUSD,190.47,192.63,180.1,186.23,2075050.92,386127087.76
2024-03-28T00:00:00+00:00,SOLUSD,186.23,190.93,180.77,189.67,1565753.27,291160759.22
2024-03-29T00:00:00+00:00,SOLUSD,189.67,193.04,183.31,192.19,1480147.05,277302542.62
2024-03-30T00:00:00+00:00,SOLUSD,192.19,199.96,190.97,194.28,1358815.59,266404556.59
2024-03-31T00:00:00+00:00,SOLUSD,194.28,203.1,193.84,202.43,1217337.57,240974694.62
2024-04-01T00:00:00+00:00,SOLUSD,202.43,204.24,187.09,192.35,1936685.59,376518362.86
2024-04-02T00:00:00+00:00,SOLUSD,192.35,192.37,175.94,181.52,2429746.49,443999027.53
2024-04-03T00:00:00+00:00,SOLUSD,181.52,191.96,177.05,185.14,1509273.86,282324677
2024-04-04T00:00:00+00:00,SOLUSD,185.14,190.17,180.32,184.09,1393893.78,258314841.26
2024-04-05T00:00:00+00:00,SOLUSD,184.09,185.17,168.07,174.46,2150780.64,376609057.73
2024-04-06T00:00:00+00:00,SOLUSD,174.46,179.78,173.65,178.74,982039.9,173682508.16
2024-04-07T00:00:00+00:00,SOLUSD,178.74,182.66,176.92,179.52,1043669.45,187985440.86
2024-04-08T00:00:00+00:00,SOLUSD,179.52,184.59,175.38,180.69,1700654.25,307007266.04
2024-04-09T00:00:00+00:00,SOLUSD,180.69,180.87,168.99,172.32,1489940.97,260675726.56
2024-04-10T00:00:00+00:00,SOLUSD,172.32,175.48,162.41,173.35,1767500.77,299280984.54
2024-04-11T00:00:00+00:00,SOLUSD,173.35,176.27,170.11,172.43,1084052.19,187905664.5
2024-04-12T00:00:00+00:00,SOLUSD,172.43,175.93,143.03,153.29,2793661.28,442076377.19
2024-04-13T00:00:00+00:00,SOLUSD,153.29,154.93,119.92,138.51,5183207.43,711604717.45
2024-04-14T00:00:00+00:00,SOLUSD,138.51,152.73,130.98,151.45,3060845.3,431491476.62
2024-04-15T00:00:00+00:00,SOLUSD,151.45,156.1,133.77,138.59,2606283.33,379031572.15
2024-04-16T00:00:00+00:00,SOLUSD,138.59,140.62,126.6,136.27,2511647.93,334403437.76
2024-04-17T00:00:00+00:00,SOLUSD,136.27,142.72,126.91,131.89,2474683,331011215.79
2024-04-18T00:00:00+00:00,SOLUSD,131.89,143.88,127.74,142.1,2328264.63,316388572.34
2024-04-19T00:00:00+00:00,SOLUSD,142.1,147.57,128.54,142.53,3269355.56,457184320.01
2024-04-20T00:00:00+00:00,SOLUSD,142.53,152.39,139.82,151.28,1221880.92,178632779.86
2024-04-21T00:00:00+00:00,SOLUSD,151.28,153.53,146.77,148.78,1033411.12,154865367.77
2024-04-22T00:00:00+00:00,SOLUSD,148.78,158.47,146.85,157.03,1565457.45,239332074.75
2024-04-23T00:00:00+00:00,SOLUSD,157.03,160,153.18,154.68,1446174.78,226705627.04
2024-04-24T00:00:00+00:00,SOLUSD,154.68,159.74,145.54,147.72,2002425.53,308556085.53
2024-04-25T00:00:00+00:00,SOLUSD,147.72,149.44,142.11,144.85,1651204.31,241156524.26
2024-04-26T00:00:00+00:00,SOLUSD,144.85,146.06,138.68,139.16,1020844.52,145874995
2024-04-27T00:00:00+00:00,SOLUSD,139.16,142.96,133.18,141.23,1034367.21,142754281.93
2024-04-28T00:00:00+00:00,SOLUSD,141.23,144.58,137.11,137.97,774685.91,109967903.38
2024-04-29T00:00:00+00:00,SOLUSD,137.97,138.89,133.42,137.74,1126367.32,152991280.52
2024-04-30T00:00:00+00:00,SOLUSD,137.74,139.72,121.13,126.68,2242350.91,288052107.17
2024-05-01T00:00:00+00:00,SOLUSD,126.68,135.81,118.58,134.49,2509638.42,317240351.76
2024-05-02T00:00:00+00:00,SOLUSD,134.49,140.69,128.18,137.62,1806862.74,245258470.79
2024-05-03T00:00:00+00:00,SOLUSD,137.62,145.02,134.03,143.73,1771387.91,249382114.25
2024-05-04T00:00:00+00:00,SOLUSD,143.73,149.07,142.36,146.05,823296.62,120149125.71
2024-05-05T00:00:00+00:00,SOLUSD,146.05,147.98,143.15,145.73,741723.68,108074079.53
2024-05-06T00:00:00+00:00,SOLUSD,145.73,156.84,145.48,152.82,1613718.71,245743030.29
2024-05-07T00:00:00+00:00,SOLUSD,152.82,159.2,148,148.03,1383916.77,213156591.29
2024-05-08T00:00:00+00:00,SOLUSD,148.03,149.89,139.98,142.15,1370735.76,199513889.17
2024-05-09T00:00:00+00:00,SOLUSD,142.15,153.29,140.59,152.57,1297903.53,190110750.45
2024-05-10T00:00:00+00:00,SOLUSD,152.57,155.68,144.6,146.03,1716642.31,256304682.24
2024-05-11T00:00:00+00:00,SOLUSD,146.03,147.61,143.11,145.37,857719.99,124606367.13
2024-05-12T00:00:00+00:00,SOLUSD,145.37,147.64,142.61,143.39,626949.61,90898975.25
2024-05-13T00:00:00+00:00,SOLUSD,143.39,150.7,137.88,147.47,1601373.72,232652330.71
2024-05-14T00:00:00+00:00,SOLUSD,147.47,150.35,141.79,141.97,1115060.66,162208938.64
2024-05-15T00:00:00+00:00,SOLUSD,141.97,158.82,141.25,158.57,1980437.1,299427734.34
2024-05-16T00:00:00+00:00,SOLUSD,158.57,164.72,156.7,159.34,1750109.58,281065543.63
2024-05-17T00:00:00+00:00,SOLUSD,159.34,172.05,159.34,169.5,1555327.37,259532219.44
2024-05-18T00:00:00+00:00,SOLUSD,169.5,175.96,168.73,172.47,920162.26,159001780
2024-05-19T00:00:00+00:00,SOLUSD,172.47,175.37,166.2,169.94,762244.06,130138876.56
2024-05-20T00:00:00+00:00,SOLUSD,169.94,188.29,167.76,186.75,1832806.48,331071378.03
2024-05-21T00:00:00+00:00,SOLUSD,186.75,188.83,174.32,178.15,1848219.23,332730791.56
2024-05-22T00:00:00+00:00,SOLUSD,178.15,183.39,175.03,176.86,1696007.5,304221794.85
2024-05-23T00:00:00+00:00,SOLUSD,176.86,180.9,165.8,176.09,2332480.33,406474519.47
2024-05-24T00:00:00+00:00,SOLUSD,176.09,176.09,162.5,167.7,1620585.84,272007690.18
2024-05-25T00:00:00+00:00,SOLUSD,167.7,170.46,165.96,168.33,676355.6,113562913.83
2024-05-26T00:00:00+00:00,SOLUSD,168.33,168.36,160.63,163.26,1519908.61,249394024.36
2024-05-27T00:00:00+00:00,SOLUSD,163.26,172.09,163.23,170.01,872094.57,146450327.09
2024-05-28T00:00:00+00:00,SOLUSD,170.01,173.07,164.8,168.53,1005203.81,169446311.48
2024-05-29T00:00:00+00:00,SOLUSD,168.53,173.75,167.07,168.11,1256094.22,212829822.96
2024-05-30T00:00:00+00:00,SOLUSD,168.11,172.51,163.52,166.86,1255495.65,211144284.39
2024-05-31T00:00:00+00:00,SOLUSD,166.86,170.84,163.8,165.52,1055671.13,175711518.79
2024-06-01T00:00:00+00:00,SOLUSD,165.52,167.79,165.5,165.99,366238.04,61117692.49
2024-06-02T00:00:00+00:00,SOLUSD,165.99,166.95,161.31,163.04,702823.99,115408279.8
2024-06-03T00:00:00+00:00,SOLUSD,163.04,167.14,161.54,164.89,1037787.02,171307507.3
2024-06-04T00:00:00+00:00,SOLUSD,164.89,171.87,164.37,171.81,927988.54,155617907.71
2024-06-05T00:00:00+00:00,SOLUSD,171.81,175.57,171.12,173.57,1051601.86,182343729.01
2024-06-06T00:00:00+00:00,SOLUSD,173.57,174.51,167.64,170.07,865751.05,148733043.79
2024-06-07T00:00:00+00:00,SOLUSD,170.07,172.64,153.73,162.48,1532446.36,252069522.56
2024-06-08T00:00:00+00:00,SOLUSD,162.48,163.73,157.36,157.79,602441.74,96680171.05
2024-06-09T00:00:00+00:00,SOLUSD,157.79,162.97,156.55,162.1,417124.57,66832383.3
2024-06-10T00:00:00+00:00,SOLUSD,162.1,163.19,157.46,158.98,576995.75,92352553.79
2024-06-11T00:00:00+00:00,SOLUSD,158.98,159.63,145.04,149.36,1809030.57,272469500.4
2024-06-12T00:00:00+00:00,SOLUSD,149.36,161.8,145.51,155.17,1434670.41,222556630.23
2024-06-13T00:00:00+00:00,SOLUSD,155.17,155.17,146,147.24,1056130.41,158045757.4
2024-06-14T00:00:00+00:00,SOLUSD,147.24,148.9,139.62,143.01,1454718.75,209841119.36
2024-06-15T00:00:00+00:00,SOLUSD,143.01,145.63,142.88,145.45,394805.22,57014807.71
2024-06-16T00:00:00+00:00,SOLUSD,145.45,151.21,143.01,151.2,507453.59,74700321.41
2024-06-17T00:00:00+00:00,SOLUSD,151.2,151.65,139.84,143.23,1026864.9,148707329.69
2024-06-18T00:00:00+00:00,SOLUSD,143.23,143.71,128.22,137.37,2499013.66,338174521.16
2024-06-19T00:00:00+00:00,SOLUSD,137.37,141.86,134.48,135.62,1076874.68,148593887.27
2024-06-20T00:00:00+00:00,SOLUSD,135.62,141.26,131.84,133.48,1439640.8,194530766.65
2024-06-21T00:00:00+00:00,SOLUSD,133.48,135.3,128.65,134.55,1529054.56,201668544.58
2024-06-22T00:00:00+00:00,SOLUSD,134.55,136.64,132.95,133.66,412998.18,55544922.57
2024-06-23T00:00:00+00:00,SOLUSD,133.66,135.04,128.1,128.59,649901.97,85441259.53
2024-06-24T00:00:00+00:00,SOLUSD,128.59,132.54,122.23,132.26,2787124.17,354741829.17
2024-06-25T00:00:00+00:00,SOLUSD,132.26,139.87,131.16,136.54,1867930.93,254921986.27
2024-06-26T00:00:00+00:00,SOLUSD,136.54,140.35,134.73,136.71,931544.42,127825135.72
2024-06-27T00:00:00+00:00,SOLUSD,136.71,151.07,135.11,149.49,1566974.43,228909193.82
2024-06-28T00:00:00+00:00,SOLUSD,149.49,150.54,138.75,139.73,1588510.88,227603507.39
2024-06-29T00:00:00+00:00,SOLUSD,139.73,142.94,139.49,139.97,975415.72,137868176.74
2024-06-30T00:00:00+00:00,SOLUSD,139.97,147.38,136.94,146.4,1012727.42,143572052.93
2024-07-01T00:00:00+00:00,SOLUSD,146.4,149.06,145.69,146.52,1250396.3,184275184.33
2024-07-02T00:00:00+00:00,SOLUSD,146.52,154.78,146.01,153.79,1090729.48,164025879.58
2024-07-03T00:00:00+00:00,SOLUSD,153.79,154.22,139.02,140.69,1978500.21,284424436.33
2024-07-04T00:00:00+00:00,SOLUSD,140.69,142.6,127.19,127.81,1911620.7,256639983.21
2024-07-05T00:00:00+00:00,SOLUSD,127.81,136.35,121.19,134.33,2600896.01,334802804.27
2024-07-06T00:00:00+00:00,SOLUSD,134.33,144.2,132.4,143.07,1011886.77,141137094.54
2024-07-07T00:00:00+00:00,SOLUSD,143.07,143.34,131.2,131.59,1100386.76,151710675.69
2024-07-08T00:00:00+00:00,SOLUSD,131.59,141.86,127.87,139.78,1764410.06,241027397.66
2024-07-09T00:00:00+00:00,SOLUSD,139.78,144.22,136.47,141.42,1109717.02,156707010.52
2024-07-10T00:00:00+00:00,SOLUSD,141.42,146.26,138.61,142.01,935921.33,133285498.95
2024-07-11T00:00:00+00:00,SOLUSD,142.01,145.93,135.7,135.71,1274719.19,178725686.61
2024-07-12T00:00:00+00:00,SOLUSD,135.71,140.64,133.99,139.55,1116717.5,153532246.92
2024-07-13T00:00:00+00:00,SOLUSD,139.55,143.58,138.04,141.95,589537.44,82878892.68
2024-07-14T00:00:00+00:00,SOLUSD,141.95,148.58,141.94,147.72,965298.37,140282144.09
2024-07-15T00:00:00+00:00,SOLUSD,147.72,160.06,147.11,159.54,1515441.83,233055742.7
2024-07-16T00:00:00+00:00,SOLUSD,159.54,162.61,152.66,160.65,1575760.66,249736657.37
2024-07-17T00:00:00+00:00,SOLUSD,160.65,163.8,154.61,155.5,1276102.91,203878632.85
2024-07-18T00:00:00+00:00,SOLUSD,155.5,161.61,155.2,159.2,849519,134334567.49
2024-07-19T00:00:00+00:00,SOLUSD,159.2,172.37,156.21,169.2,1943663.78,321647568.82
2024-07-20T00:00:00+00:00,SOLUSD,169.2,175.03,167.34,173.68,895305.94,153433228.71
2024-07-21T00:00:00+00:00,SOLUSD,173.68,185.03,170.56,184.5,1323988.99,234893032.08
2024-07-22T00:00:00+00:00,SOLUSD,184.5,184.92,176.81,178.98,1057469.43,190806050.56
2024-07-23T00:00:00+00:00,SOLUSD,178.98,180.59,170.49,172.93,1242711.45,217693326.61
2024-07-24T00:00:00+00:00,SOLUSD,172.93,182.49,171,178.03,1427355.02,254105859.36
2024-07-25T00:00:00+00:00,SOLUSD,178.03,179.58,165.37,171.83,1895710.28,322786259.75
2024-07-26T00:00:00+00:00,SOLUSD,171.83,183.62,171.75,183.08,1380729.85,247678633.97
2024-07-27T00:00:00+00:00,SOLUSD,183.08,188.28,178.16,183.77,1472782.14,270685515.6
2024-07-28T00:00:00+00:00,SOLUSD,183.77,186.62,181.19,184.91,693004.06,127699840.48
2024-07-29T00:00:00+00:00,SOLUSD,184.91,193.87,181.63,182.52,1910355.43,359846632.27
2024-07-30T00:00:00+00:00,SOLUSD,182.52,184.63,175.39,179.1,1443675.5,260642360.68
2024-07-31T00:00:00+00:00,SOLUSD,179.1,184.39,171.58,171.64,1765368.42,315934112.41
2024-08-01T00:00:00+00:00,SOLUSD,171.64,172.88,157.79,167.26,2701209.73,447547944.15
2024-08-02T00:00:00+00:00,SOLUSD,167.26,169.28,149.82,152.58,2582825.41,408628011.97
2024-08-03T00:00:00+00:00,SOLUSD,152.58,153.8,139.84,142.46,1926909.86,282575527.87
2024-08-04T00:00:00+00:00,SOLUSD,142.46,145.96,131.31,138.24,2633519.29,365528696.83
2024-08-05T00:00:00+00:00,SOLUSD,138.24,139.24,110.02,129.81,9973609.16,1239955820.57
2024-08-06T00:00:00+00:00,SOLUSD,129.81,149.54,129.44,144.51,3358246,476934576.62
2024-08-07T00:00:00+00:00,SOLUSD,144.51,155.05,142.36,144.71,3163232.4,471242466.32
2024-08-08T00:00:00+00:00,SOLUSD,144.71,163.66,141.45,163.18,3478204.64,542679699.28
2024-08-09T00:00:00+00:00,SOLUSD,163.18,163.56,150.84,156.32,2235297.07,348744317.8
2024-08-10T00:00:00+00:00,SOLUSD,156.32,158.77,152.67,154.05,779645.13,120843995.54
2024-08-11T00:00:00+00:00,SOLUSD,154.05,157.99,141.26,141.57,1397735.1,207002998.48
2024-08-12T00:00:00+00:00,SOLUSD,141.57,150.97,141.27,146.37,1799398.16,262670328.29
2024-08-13T00:00:00+00:00,SOLUSD,146.37,149.88,143.01,146.71,1077534.94,157819507.56
2024-08-14T00:00:00+00:00,SOLUSD,146.71,152.17,142.48,143.79,1552824.8,228499811.67
2024-08-15T00:00:00+00:00,SOLUSD,143.79,147.58,137.86,142.57,1965963,279981697.76
2024-08-16T00:00:00+00:00,SOLUSD,142.57,144.85,136.12,139.1,1431065.91,201124549.62
2024-08-17T00:00:00+00:00,SOLUSD,139.1,142,137.69,141.94,478414.97,67033030.03
2024-08-18T00:00:00+00:00,SOLUSD,141.94,147.07,140.65,142.45,1366331.33,197619205.05
2024-08-19T00:00:00+00:00,SOLUSD,142.45,146.2,140.46,144.34,885423.23,126729286.97
2024-08-20T00:00:00+00:00,SOLUSD,144.34,148.86,141.03,142.3,1218594.1,176772864.48
2024-08-21T00:00:00+00:00,SOLUSD,142.3,144.41,138.87,142.8,1231560.73,174844256.62
2024-08-22T00:00:00+00:00,SOLUSD,142.8,144.86,140.72,143.25,716055.37,102424812.96
2024-08-23T00:00:00+00:00,SOLUSD,143.25,154.1,142.81,153.36,1535431.53,226345684.97
2024-08-24T00:00:00+00:00,SOLUSD,153.36,162.32,152.08,160.72,1454794.5,230004907.28
2024-08-25T00:00:00+00:00,SOLUSD,160.72,161.98,155.33,158.99,797224.43,126594539.7
2024-08-26T00:00:00+00:00,SOLUSD,158.99,161.97,155.64,157.15,1062067.2,168319244.94
2024-08-27T00:00:00+00:00,SOLUSD,157.15,159.69,145.08,146.85,1465382.08,223366788.75
2024-08-28T00:00:00+00:00,SOLUSD,146.85,148.78,140.59,143.93,1537817.61,222519532.94
2024-08-29T00:00:00+00:00,SOLUSD,143.93,147.33,138.15,140.05,1125510.87,160585627.26
2024-08-30T00:00:00+00:00,SOLUSD,140.05,141.1,132.14,138,1376556.59,188099590.41
2024-08-31T00:00:00+00:00,SOLUSD,138,139.16,134.55,135.34,354474.97,48458249.41
2024-09-01T00:00:00+00:00,SOLUSD,135.34,136.08,127.83,128.53,1216975.6,160725077.12
2024-09-02T00:00:00+00:00,SOLUSD,128.53,135.37,127.02,134.96,1183346.55,154760699
2024-09-03T00:00:00+00:00,SOLUSD,134.96,137.39,127.09,127.52,1165428.32,154010530.11
2024-09-04T00:00:00+00:00,SOLUSD,127.52,134.95,122.73,133.61,1836824.01,238592444.94
2024-09-05T00:00:00+00:00,SOLUSD,133.61,135.41,127.93,129.39,1035997.45,136227952.03
2024-09-06T00:00:00+00:00,SOLUSD,129.39,134.34,120.62,125.02,2510204.74,320272802.89
2024-09-07T00:00:00+00:00,SOLUSD,125.02,129.46,124.15,127.7,582582.28,73950235.3
2024-09-08T00:00:00+00:00,SOLUSD,127.7,131.64,126.64,130.1,643881.63,83131839.12
2024-09-09T00:00:00+00:00,SOLUSD,130.1,137.05,127,135.08,1365701.25,179705795.66
2024-09-10T00:00:00+00:00,SOLUSD,135.08,137.95,132.57,135.63,930112.07,125564893.65
2024-09-11T00:00:00+00:00,SOLUSD,135.63,135.9,128.22,132.43,1119510.64,147740432.08
2024-09-12T00:00:00+00:00,SOLUSD,132.43,136.72,132.4,136.07,1052971.05,142195347.09
2024-09-13T00:00:00+00:00,SOLUSD,136.07,139.89,131.76,139.14,1167109.23,158958923.58
2024-09-14T00:00:00+00:00,SOLUSD,139.14,139.87,135.7,137.17,488283.32,67255306.1
2024-09-15T00:00:00+00:00,SOLUSD,137.17,137.96,130.53,131.42,783125.79,105214476.35
2024-09-16T00:00:00+00:00,SOLUSD,131.42,132.33,128.91,131.45,872017.88,113992082.4
2024-09-17T00:00:00+00:00,SOLUSD,131.45,135.52,130.34,131.56,1013680.8,134587677.43
2024-09-18T00:00:00+00:00,SOLUSD,131.56,134.41,127.15,134.34,1292119.8,168296742.94
2024-09-19T00:00:00+00:00,SOLUSD,134.34,144,134.32,142.9,2203938.95,308673849.88
2024-09-20T00:00:00+00:00,SOLUSD,142.9,152.36,141.23,146.66,1733614.19,256217991.5
2024-09-21T00:00:00+00:00,SOLUSD,146.66,149.85,144.65,149.46,607193.7,89576614.93
2024-09-22T00:00:00+00:00,SOLUSD,149.46,149.9,141.18,144.68,851223.36,123385243.44
2024-09-23T00:00:00+00:00,SOLUSD,144.68,149.05,142.19,144.77,1228294.31,177696149.25
2024-09-24T00:00:00+00:00,SOLUSD,144.77,153.93,143.13,152.72,1714717.03,253238283.83
2024-09-25T00:00:00+00:00,SOLUSD,152.72,153.88,147.3,147.97,1140072.57,171904662.05
2024-09-26T00:00:00+00:00,SOLUSD,147.97,158.03,146.59,155.58,1590861.37,244885789.53
2024-09-27T00:00:00+00:00,SOLUSD,155.58,161.24,154.01,157.64,1503547.66,237392311.45
2024-09-28T00:00:00+00:00,SOLUSD,157.64,159.4,155.08,156.78,576303.31,90510933.89
2024-09-29T00:00:00+00:00,SOLUSD,156.78,161.73,155.12,158.52,910358.69,143730715.58
2024-09-30T00:00:00+00:00,SOLUSD,158.52,159.73,151.74,152.55,1073233.37,167046966.26
2024-10-01T00:00:00+00:00,SOLUSD,152.55,157.3,142.28,145.15,2305708.36,345586930.84
2024-10-02T00:00:00+00:00,SOLUSD,145.15,148.95,138.63,140.17,1833439.37,263566829.62
2024-10-03T00:00:00+00:00,SOLUSD,140.17,142.93,133.12,136.79,1887413.44,259179899.93
2024-10-04T00:00:00+00:00,SOLUSD,136.79,144.59,135.95,143.19,1530496.19,216047071.98
2024-10-05T00:00:00+00:00,SOLUSD,143.19,144.89,141.07,142.64,543351.89,77744269.2
2024-10-06T00:00:00+00:00,SOLUSD,142.64,146.71,142.05,146.48,605166.17,87638780.51
2024-10-07T00:00:00+00:00,SOLUSD,146.48,152.25,143.5,143.95,1608059.6,238177228.37
2024-10-08T00:00:00+00:00,SOLUSD,143.95,145.52,141.16,143.42,872446.23,125295962.54
2024-10-09T00:00:00+00:00,SOLUSD,143.42,145.24,138.58,139.22,1011569.79,143442032.83
2024-10-10T00:00:00+00:00,SOLUSD,139.22,140.72,135.39,138.93,996009.3,137551753.84
2024-10-11T00:00:00+00:00,SOLUSD,138.93,146.49,138.6,145.47,1145207.1,163903894.3
2024-10-12T00:00:00+00:00,SOLUSD,145.47,147.25,144.61,146.36,510042.34,74627224.89
2024-10-13T00:00:00+00:00,SOLUSD,146.36,148.76,144.47,147.68,538044.44,78792548.63
2024-10-14T00:00:00+00:00,SOLUSD,147.68,157.99,146.76,157.52,1406517.19,216200267.89
2024-10-15T00:00:00+00:00,SOLUSD,157.52,159.45,150.37,154.74,1589092.22,245832309.69
2024-10-16T00:00:00+00:00,SOLUSD,154.74,158.28,152.96,154.22,1152010.55,178597818.31
2024-10-17T00:00:00+00:00,SOLUSD,154.22,155.65,147.67,150.43,1024941.83,155179260.15
2024-10-18T00:00:00+00:00,SOLUSD,150.43,156.64,149.59,154.92,894597.91,137792754.77
2024-10-19T00:00:00+00:00,SOLUSD,154.92,159.74,153.67,159.68,538553.18,84208679.13
2024-10-20T00:00:00+00:00,SOLUSD,159.68,167.88,157.62,167.36,1032109.96,166995301.74
2024-10-21T00:00:00+00:00,SOLUSD,167.36,171.55,161.4,166.14,1742473.16,290496778.58
2024-10-22T00:00:00+00:00,SOLUSD,166.14,170.89,162.96,167.44,1390790.2,232581445.42
2024-10-23T00:00:00+00:00,SOLUSD,167.44,174,164.07,170.67,1506370.18,253471064.11
2024-10-24T00:00:00+00:00,SOLUSD,170.67,179.1,170.34,177.07,1534523.85,268651975.84
2024-10-25T00:00:00+00:00,SOLUSD,177.07,177.41,159.14,164.65,2028705.94,344809473.51
2024-10-26T00:00:00+00:00,SOLUSD,164.65,172.97,162.26,170.67,956621.85,160890339.67
2024-10-27T00:00:00+00:00,SOLUSD,170.67,178.01,170.09,176.47,883974.65,154753849.98
2024-10-28T00:00:00+00:00,SOLUSD,176.47,179.55,172.31,178.15,1486550.45,261626123.43
2024-10-29T00:00:00+00:00,SOLUSD,178.15,183.26,176.36,179.38,1851839.38,333516686.61
2024-10-30T00:00:00+00:00,SOLUSD,179.38,181.19,173.14,174.85,1082734.61,190763783.24
2024-10-31T00:00:00+00:00,SOLUSD,174.85,176.43,167.38,168.45,1216310.5,208731623.66
2024-11-01T00:00:00+00:00,SOLUSD,168.45,173.9,163.64,166.05,1179299.39,197679096.42
2024-11-02T00:00:00+00:00,SOLUSD,166.05,168.52,162.11,166.1,497928.77,82284516.56
2024-11-03T00:00:00+00:00,SOLUSD,166.1,166.51,157.92,162.44,950271.32,153397969.02
2024-11-04T00:00:00+00:00,SOLUSD,162.44,164.85,155.04,157.87,1017159.87,163321943.49
2024-11-05T00:00:00+00:00,SOLUSD,157.87,169.31,156.78,166.65,1325101.85,217920759.61
2024-11-06T00:00:00+00:00,SOLUSD,166.65,190.04,166.45,186.78,3755102.75,688038340.37
2024-11-07T00:00:00+00:00,SOLUSD,186.78,197.99,186.06,196.44,2006281.81,386747538.34
2024-11-08T00:00:00+00:00,SOLUSD,196.44,205.14,195.82,199.98,2038299.09,408170570.26
2024-11-09T00:00:00+00:00,SOLUSD,199.98,203.45,195.13,200.02,1426109.1,285007993.31
2024-11-10T00:00:00+00:00,SOLUSD,200.02,215.43,198.86,210.23,2836903.64,588571837.15
2024-11-11T00:00:00+00:00,SOLUSD,210.23,224.47,204.39,222.42,3002590.76,651116693.53
2024-11-12T00:00:00+00:00,SOLUSD,222.42,225.3,205.03,211.86,3207955.53,687618053.08
2024-11-13T00:00:00+00:00,SOLUSD,211.86,220.78,201.12,215.45,3280352.4,695358114.93
2024-11-14T00:00:00+00:00,SOLUSD,215.45,222.79,206.84,209.54,2390257.3,514053398.69
2024-11-15T00:00:00+00:00,SOLUSD,209.54,220.4,204.62,218.51,2089124.27,443402898.19
2024-11-16T00:00:00+00:00,SOLUSD,218.51,221.99,213.61,215.77,1522225.59,331681217.77
2024-11-17T00:00:00+00:00,SOLUSD,215.77,241.96,212.27,237.54,2733055.7,635702351.09
2024-11-18T00:00:00+00:00,SOLUSD,237.54,248.41,234.11,239.94,2824027.47,680971149.83
2024-11-19T00:00:00+00:00,SOLUSD,239.94,247.71,233.8,237.96,1916539.68,462771223.05
2024-11-20T00:00:00+00:00,SOLUSD,237.96,242.67,230.78,235.65,1809309.07,426617836.59
2024-11-21T00:00:00+00:00,SOLUSD,235.65,259.81,230.04,256.72,3197520.06,793245850.05
2024-11-22T00:00:00+00:00,SOLUSD,256.72,264.52,251.84,257.21,1930270.43,497034963.4
2024-11-23T00:00:00+00:00,SOLUSD,257.21,264.16,253.09,255.15,1540433.13,397600303.58
2024-11-24T00:00:00+00:00,SOLUSD,255.15,259.95,241.28,252.98,1318863.47,331064481.64
2024-11-25T00:00:00+00:00,SOLUSD,252.98,256.69,231.2,234.15,2246138.62,547356000.23
2024-11-26T00:00:00+00:00,SOLUSD,234.15,239.86,221.86,230.62,2017476.18,465157248.79
2024-11-27T00:00:00+00:00,SOLUSD,230.62,243.56,227.57,242.26,1535640.84,364043739.43
2024-11-28T00:00:00+00:00,SOLUSD,242.26,245.48,232.94,237.63,877224.57,208985240.69
2024-11-29T00:00:00+00:00,SOLUSD,237.63,246.89,236.66,243.46,1307891.16,316868423.69
2024-11-30T00:00:00+00:00,SOLUSD,243.46,245.4,237.64,237.75,856576.11,206542138.89
2024-12-01T00:00:00+00:00,SOLUSD,237.75,239.95,234.32,236.96,1042536.95,247065369.07
2024-12-02T00:00:00+00:00,SOLUSD,236.96,238.36,220.17,225.81,2782727.81,631780477.65
2024-12-03T00:00:00+00:00,SOLUSD,225.81,239.79,215.15,234.11,2498009.97,569372675.86
2024-12-04T00:00:00+00:00,SOLUSD,234.11,240.95,224.79,229.48,2424018.49,564765211.47
2024-12-05T00:00:00+00:00,SOLUSD,229.48,244.95,223.26,236.17,3120708.13,736104487.64
2024-12-06T00:00:00+00:00,SOLUSD,236.17,247.06,231.17,237.18,1779255.05,425038287.56
2024-12-07T00:00:00+00:00,SOLUSD,237.18,243.7,234.41,238.34,1155071.17,276310183.73
2024-12-08T00:00:00+00:00,SOLUSD,238.34,241.65,233.36,237.2,723712.35,171567432.86
2024-12-09T00:00:00+00:00,SOLUSD,237.2,237.42,205.36,216.81,2284778.33,509504278.85
2024-12-10T00:00:00+00:00,SOLUSD,216.81,221.02,203.3,213.75,2836727.29,602479362.87
2024-12-11T00:00:00+00:00,SOLUSD,213.75,230.82,211.64,227.42,1782926.44,399771792
2024-12-12T00:00:00+00:00,SOLUSD,227.42,234.75,225.7,227.01,1500850.29,345582057.59
2024-12-13T00:00:00+00:00,SOLUSD,227.01,228.42,220.66,224.84,1442244.42,323236855.77
2024-12-14T00:00:00+00:00,SOLUSD,224.84,227.46,215.17,219.87,811129.79,179846829.41
2024-12-15T00:00:00+00:00,SOLUSD,219.87,225.4,215.71,224.23,956285.71,210267560.13
2024-12-16T00:00:00+00:00,SOLUSD,224.23,227.34,213.17,216.25,1594064.59,349510564.95
2024-12-17T00:00:00+00:00,SOLUSD,216.25,228.96,211.54,223.18,1890978.34,420615300.39
2024-12-18T00:00:00+00:00,SOLUSD,223.18,225.98,204.83,206.45,1781299.8,379806262.13
2024-12-19T00:00:00+00:00,SOLUSD,206.45,212.02,186.91,193.67,2773265.88,553339266.73
2024-12-20T00:00:00+00:00,SOLUSD,193.67,199.48,175.06,194.46,3246297.05,608233604.96
2024-12-21T00:00:00+00:00,SOLUSD,194.46,202.02,178.4,181.28,1833778.14,343907146.02
2024-12-22T00:00:00+00:00,SOLUSD,181.28,187.71,176.77,180.34,1207132.49,219479512.59
2024-12-23T00:00:00+00:00,SOLUSD,180.34,193.21,176.38,189.91,1701262.34,314150116.3
2024-12-24T00:00:00+00:00,SOLUSD,189.91,198.87,185.89,196.96,1045287.96,202570719.69
2024-12-25T00:00:00+00:00,SOLUSD,196.96,201.69,195,197.33,773113.62,153276719.71
2024-12-26T00:00:00+00:00,SOLUSD,197.33,199.58,186.46,188.24,993540.32,190117501.71
2024-12-27T00:00:00+00:00,SOLUSD,188.24,194.11,182.54,183.94,1016173.82,190508827.48
2024-12-28T00:00:00+00:00,SOLUSD,183.94,195.68,183.57,195.15,874104.04,165940093.85
2024-12-29T00:00:00+00:00,SOLUSD,195.15,197.35,188.23,189.61,831301.93,160713470.14
2024-12-30T00:00:00+00:00,SOLUSD,189.61,196.19,185.57,191.04,1302813.27,249169367.35
2024-12-31T00:00:00+00:00,SOLUSD,191.04,198.84,187.74,188.87,1348053.83,261197641.36
2025-01-01T00:00:00+00:00,SOLUSD,188.87,194.92,187.62,193.85,1016955.09,194195323.3
2025-01-02T00:00:00+00:00,SOLUSD,193.85,210.14,193.09,208.06,1525806.96,311729217.93
2025-01-03T00:00:00+00:00,SOLUSD,208.06,219.65,205.5,217.89,1200498.66,256642499.36
2025-01-04T00:00:00+00:00,SOLUSD,217.89,217.98,213.57,216.65,613079.14,132497052.94
2025-01-05T00:00:00+00:00,SOLUSD,216.65,218.96,211.48,213.36,639982.71,137274205.35
2025-01-06T00:00:00+00:00,SOLUSD,213.36,223.16,211.52,218.36,1042710.65,227265508.37
2025-01-07T00:00:00+00:00,SOLUSD,218.36,219.19,201.78,202.14,1349107.43,282781935.18
2025-01-08T00:00:00+00:00,SOLUSD,202.14,203.2,188.34,197.45,1883435.43,369380837.51
2025-01-09T00:00:00+00:00,SOLUSD,197.45,198.98,182.07,184.99,1519833.62,287508711.18
2025-01-10T00:00:00+00:00,SOLUSD,184.99,192.97,183.51,187.62,1408765.48,265373073.82
2025-01-11T00:00:00+00:00,SOLUSD,187.62,191.77,184.06,188.02,982856.44,183892397.04
2025-01-12T00:00:00+00:00,SOLUSD,188.02,190.89,185.09,188.42,603835.06,113338651.42
2025-01-13T00:00:00+00:00,SOLUSD,188.42,191.8,169.14,182.75,2141571.81,384240733.62
2025-01-14T00:00:00+00:00,SOLUSD,182.75,190,181.8,187.5,1143113.81,213078481.55
2025-01-15T00:00:00+00:00,SOLUSD,187.5,206.04,185.8,205.9,1998560.73,392782235.21
2025-01-16T00:00:00+00:00,SOLUSD,205.9,217.04,198.45,211.09,2232606.19,467673563.29
2025-01-17T00:00:00+00:00,SOLUSD,211.09,221.99,209.84,219.57,2146534.27,466004419.11
2025-01-18T00:00:00+00:00,SOLUSD,219.57,270,217.35,261.87,8292300.18,2017727214.39
2025-01-19T00:00:00+00:00,SOLUSD,261.87,294.95,237.61,252.19,9622612.85,2576611227.87
2025-01-20T00:00:00+00:00,SOLUSD,252.19,273.1,229.39,241.72,6506910.44,1622007685.06
2025-01-21T00:00:00+00:00,SOLUSD,241.72,260.11,230.12,250.36,3491675.33,849711327
2025-01-22T00:00:00+00:00,SOLUSD,250.36,271.91,248.46,257.31,3395489.03,881000243.68
2025-01-23T00:00:00+00:00,SOLUSD,257.31,258.4,242.12,253.13,3343001.53,835751567.95
2025-01-24T00:00:00+00:00,SOLUSD,253.13,269.94,247.29,253.37,2505714.52,652498015.44
2025-01-25T00:00:00+00:00,SOLUSD,253.37,260.73,246.3,256.33,1629826.84,412108430.63
2025-01-26T00:00:00+00:00,SOLUSD,256.33,259.92,240.2,240.45,1472880.46,372580185.47
2025-01-27T00:00:00+00:00,SOLUSD,240.45,242.53,220.98,234.9,4043114.41,935397750.08
2025-01-28T00:00:00+00:00,SOLUSD,234.9,243.92,224.96,226.94,2276197.94,533121472.04
2025-01-29T00:00:00+00:00,SOLUSD,226.94,238.37,222.6,228.13,2222749.52,512630067.26
2025-01-30T00:00:00+00:00,SOLUSD,228.13,244.68,226.84,238.36,1892315.55,452845994.87
2025-01-31T00:00:00+00:00,SOLUSD,238.36,241.79,228.13,231.71,1564750.09,368392788.3
2025-02-01T00:00:00+00:00,SOLUSD,231.71,234.1,212.73,212.95,1408679.14,314821254.21
2025-02-02T00:00:00+00:00,SOLUSD,212.95,218.78,192.66,203.43,3629906.27,749481368.6
2025-02-03T00:00:00+00:00,SOLUSD,203.43,218.88,176.11,216.48,5433969.93,1085451522.8
2025-02-04T00:00:00+00:00,SOLUSD,216.48,220.11,202.13,206.7,2928820.68,616487093.29
2025-02-05T00:00:00+00:00,SOLUSD,206.7,209.45,195.16,196.11,1665272.86,336754152.99
2025-02-06T00:00:00+00:00,SOLUSD,196.11,203.98,187.58,189.57,1968402.63,382843591.01
2025-02-07T00:00:00+00:00,SOLUSD,189.57,203.58,188.17,192.09,1847843.33,361144540.68
2025-02-08T00:00:00+00:00,SOLUSD,192.09,200.99,189.82,199.49,1223405.24,238707343.81
2025-02-09T00:00:00+00:00,SOLUSD,199.49,207.5,193.64,200.52,2011369.58,405156533.8
2025-02-10T00:00:00+00:00,SOLUSD,200.52,209.13,195.98,200.53,1379583.13,279926505.31
2025-02-11T00:00:00+00:00,SOLUSD,200.53,206.2,195.09,197.95,1324085.8,265134980.47
2025-02-12T00:00:00+00:00,SOLUSD,197.95,198.5,188.55,196.79,1814551.81,352632945.82
2025-02-13T00:00:00+00:00,SOLUSD,196.79,198.47,188.98,194.3,1278025.56,247331359.53
2025-02-14T00:00:00+00:00,SOLUSD,194.3,205.34,194.19,199.46,1747579.42,348662901.65
2025-02-15T00:00:00+00:00,SOLUSD,199.46,200.31,192.68,194.52,805197.87,157580758.54
2025-02-16T00:00:00+00:00,SOLUSD,194.52,196.25,186.18,188.32,1051209.15,200997870.1
2025-02-17T00:00:00+00:00,SOLUSD,188.32,189.71,174.75,177.52,2249434.07,408087687.83
2025-02-18T00:00:00+00:00,SOLUSD,177.52,179.06,160.83,169.23,3610059.04,606448520.02
2025-02-19T00:00:00+00:00,SOLUSD,169.23,174.24,163.74,168.9,1884600.69,319211309.96
2025-02-20T00:00:00+00:00,SOLUSD,168.9,176.67,167.68,176.07,1412994.76,244627512.26
2025-02-21T00:00:00+00:00,SOLUSD,176.07,180.55,167.03,168.83,1866219.82,324687600.24
2025-02-22T00:00:00+00:00,SOLUSD,168.83,174.66,168.01,172.09,759356.97,130751306.67
2025-02-23T00:00:00+00:00,SOLUSD,172.09,173.09,166.45,167.96,679264.26,114944072.84
2025-02-24T00:00:00+00:00,SOLUSD,167.96,169.64,137.82,141.83,3853746.48,591487924.69
2025-02-25T00:00:00+00:00,SOLUSD,141.83,146.93,131.97,144.17,4719553.57,659364350.57
2025-02-26T00:00:00+00:00,SOLUSD,144.17,145,130.49,135.11,3548423.59,485148730.28
2025-02-27T00:00:00+00:00,SOLUSD,135.11,142.7,134.6,137.56,2326499.58,321754176.33
2025-02-28T00:00:00+00:00,SOLUSD,137.56,148.6,125.43,148.11,3888858.88,532786311.92
2025-03-01T00:00:00+00:00,SOLUSD,148.11,151.07,138.52,143.61,1677322.6,240028993.76
2025-03-02T00:00:00+00:00,SOLUSD,143.61,179.93,140.02,178.75,5973699.69,988970916.81
2025-03-03T00:00:00+00:00,SOLUSD,178.75,179.45,139.1,142.04,5168640.28,813288041.85
2025-03-04T00:00:00+00:00,SOLUSD,142.04,146.85,130.73,144.79,4521057.67,628115729.93
2025-03-05T00:00:00+00:00,SOLUSD,144.79,149.7,140.23,146.32,2809518.48,404943828.16
2025-03-06T00:00:00+00:00,SOLUSD,146.32,152.88,142.46,143.3,2248183.44,331232423.98
2025-03-07T00:00:00+00:00,SOLUSD,143.3,150.82,135.08,139.34,3034947.22,434373597.5
2025-03-08T00:00:00+00:00,SOLUSD,139.34,141,135.26,136.95,920714.58,127053312.18
2025-03-09T00:00:00+00:00,SOLUSD,136.95,139.8,125.36,126.47,2009469.49,263177088.02
2025-03-10T00:00:00+00:00,SOLUSD,126.47,131.49,115.45,118.24,3475263.97,424317915.17
2025-03-11T00:00:00+00:00,SOLUSD,118.24,128.4,112.19,125.34,3395878.93,414367468.65
2025-03-12T00:00:00+00:00,SOLUSD,125.34,131.34,121.24,126.62,2303770.95,289534117.48
2025-03-13T00:00:00+00:00,SOLUSD,126.62,128.3,120.74,123.32,1626260.22,202485713.93
2025-03-14T00:00:00+00:00,SOLUSD,123.32,136.03,122.97,133.56,1959853.51,255080457.71
2025-03-15T00:00:00+00:00,SOLUSD,133.56,136.55,132.48,135.9,902396.93,121374100.5
2025-03-16T00:00:00+00:00,SOLUSD,135.9,136.7,125.2,126.1,1527950.87,199012186.21
2025-03-17T00:00:00+00:00,SOLUSD,126.1,130.62,125.55,128.04,1581162.65,202677554.08
2025-03-18T00:00:00+00:00,SOLUSD,128.04,128.19,121.8,125.32,1560719.57,193913537.25
2025-03-19T00:00:00+00:00,SOLUSD,125.32,136.09,124.21,135.39,2205220.03,287743812.79
2025-03-20T00:00:00+00:00,SOLUSD,135.39,136.11,126.61,127.5,1659924.66,217173608.91
2025-03-21T00:00:00+00:00,SOLUSD,127.5,130.12,124.83,128.45,1421833.49,181179162.39
2025-03-22T00:00:00+00:00,SOLUSD,128.45,131.77,127.78,128.49,734820.39,95163317.34
2025-03-23T00:00:00+00:00,SOLUSD,128.49,134.02,128.23,132.84,968822.79,127579894.09
2025-03-24T00:00:00+00:00,SOLUSD,132.84,145.11,132.08,141.02,2850386.69,400452460.5
2025-03-25T00:00:00+00:00,SOLUSD,141.02,147.53,138.18,143.7,2201889.9,316266140.73
2025-03-26T00:00:00+00:00,SOLUSD,143.7,145.53,135.94,137.37,1743074.66,245512677.16
2025-03-27T00:00:00+00:00,SOLUSD,137.37,140.23,135.65,138.41,1436758.63,198880791.28
2025-03-28T00:00:00+00:00,SOLUSD,138.41,139,127.69,129.43,2159703.03,284667466.11
2025-03-29T00:00:00+00:00,SOLUSD,129.43,130.47,122.7,124.53,1254264.55,158062399
2025-03-30T00:00:00+00:00,SOLUSD,124.53,127.02,123,124.8,1043282.75,130484138.99
2025-03-31T00:00:00+00:00,SOLUSD,124.8,127.8,122.75,124.55,1949246.47,244535464.56
2025-04-01T00:00:00+00:00,SOLUSD,124.55,130.38,123.76,126.69,1964638.99,249995441.21
2025-04-02T00:00:00+00:00,SOLUSD,126.69,136.03,117.25,117.39,3863082.25,489976387.54
2025-04-03T00:00:00+00:00,SOLUSD,117.39,120.92,112.22,117.11,3494234.12,406953031.87
2025-04-04T00:00:00+00:00,SOLUSD,117.11,123.97,113.29,122.75,3487160.57,413622408.69
2025-04-05T00:00:00+00:00,SOLUSD,122.75,122.81,116.33,120.26,1215526.11,145270398.55
2025-04-06T00:00:00+00:00,SOLUSD,120.26,121.04,103.78,105.83,3561485.52,396554200.02
2025-04-07T00:00:00+00:00,SOLUSD,105.83,112.81,95.24,106.94,7548770.77,784171623.39
2025-04-08T00:00:00+00:00,SOLUSD,106.94,112.54,102.88,105.36,4345244.28,468303371.18
2025-04-09T00:00:00+00:00,SOLUSD,105.36,120.76,101.19,119.04,5049846.58,556490414.2
2025-04-10T00:00:00+00:00,SOLUSD,119.04,119.25,108.31,112.76,2917219.78,328642459.44
2025-04-11T00:00:00+00:00,SOLUSD,112.76,122.62,112.1,121.36,2595280.54,307974272.05
2025-04-12T00:00:00+00:00,SOLUSD,121.36,134.05,119.37,132.23,2367541.51,302324520.12
2025-04-13T00:00:00+00:00,SOLUSD,132.23,133.95,125.29,128.31,2076803.69,268749542.26
2025-04-14T00:00:00+00:00,SOLUSD,128.31,136.01,127.92,129.38,2612166.91,344188092.1
2025-04-15T00:00:00+00:00,SOLUSD,129.38,134.4,125.84,126.09,2032254.29,263983582.31
2025-04-16T00:00:00+00:00,SOLUSD,126.09,133.87,123.5,131.32,2651466.56,339239633.18
2025-04-17T00:00:00+00:00,SOLUSD,131.32,136.14,129.51,134.84,2313843.85,308605724.42
2025-04-18T00:00:00+00:00,SOLUSD,134.84,135.99,132.48,134.05,1008915.35,135405250.71
2025-04-19T00:00:00+00:00,SOLUSD,134.05,140.51,133.59,139.86,1733804.31,239684105.71
2025-04-20T00:00:00+00:00,SOLUSD,139.86,141.95,135.69,137.86,1893009.44,262357945.52
2025-04-21T00:00:00+00:00,SOLUSD,137.86,143.08,133.86,136.57,2237130.38,308949387.05
2025-04-22T00:00:00+00:00,SOLUSD,136.57,150.24,134.82,148.84,2395403.64,344651093.89
2025-04-23T00:00:00+00:00,SOLUSD,148.84,154.14,147.22,151.17,2350533.99,354738245.15
2025-04-24T00:00:00+00:00,SOLUSD,151.17,152.91,145.28,152.59,1709239.75,255662631.95
2025-04-25T00:00:00+00:00,SOLUSD,152.59,156.95,150.03,150.92,2317309.85,355081699.04
2025-04-26T00:00:00+00:00,SOLUSD,150.92,153.24,147.82,149.28,904570.9,135707811.13
2025-04-27T00:00:00+00:00,SOLUSD,149.28,150.41,145.58,148.04,930860.53,138149445.08
2025-04-28T00:00:00+00:00,SOLUSD,148.04,153.43,144.7,147.88,2211212.49,328420887.56
2025-04-29T00:00:00+00:00,SOLUSD,147.88,150.37,145.02,146.35,1472520.91,217849603.92
2025-04-30T00:00:00+00:00,SOLUSD,146.35,148.67,140.42,147.57,2109941.54,305033502.07
2025-05-01T00:00:00+00:00,SOLUSD,147.57,154,147.57,150.9,1502195.57,226842187.27
2025-05-02T00:00:00+00:00,SOLUSD,150.9,151.97,147.41,148.09,1169246,175361702.74
2025-05-03T00:00:00+00:00,SOLUSD,148.09,149.07,145.9,146.76,661066.97,97613707.89
2025-05-04T00:00:00+00:00,SOLUSD,146.76,147.8,143.66,143.99,633838.62,92536897.76
2025-05-05T00:00:00+00:00,SOLUSD,143.99,147.72,142.56,146.67,1001119.88,145512165.51
2025-05-06T00:00:00+00:00,SOLUSD,146.67,147.22,141.39,146.88,987773.7,142497163.97
2025-05-07T00:00:00+00:00,SOLUSD,146.88,149.56,144.71,147.36,1239493.17,181995770
2025-05-08T00:00:00+00:00,SOLUSD,147.36,164.53,147.12,164.44,2702730.42,424323833.01
2025-05-09T00:00:00+00:00,SOLUSD,164.44,176.08,161.07,172.8,2825230.76,478143680.65
2025-05-10T00:00:00+00:00,SOLUSD,172.8,178.88,168.77,177.93,1466652.88,253391800.4
2025-05-11T00:00:00+00:00,SOLUSD,177.93,180.03,169.47,173.23,1713458.43,298828128.25
2025-05-12T00:00:00+00:00,SOLUSD,173.23,181.35,168.37,174.22,3451132.46,607439815.08
2025-05-13T00:00:00+00:00,SOLUSD,174.22,184.79,166.18,183.77,2418231.68,426481222.52
2025-05-14T00:00:00+00:00,SOLUSD,183.77,184.84,173.21,176.68,2006574.23,359369658.14
2025-05-15T00:00:00+00:00,SOLUSD,176.68,178.36,166.83,169.17,2430634.39,416500006.6
2025-05-16T00:00:00+00:00,SOLUSD,169.17,174.24,166.44,167.48,1554686.31,266324544.91
2025-05-17T00:00:00+00:00,SOLUSD,167.48,169.99,164.1,166.02,1316961.52,219578844.48
2025-05-18T00:00:00+00:00,SOLUSD,166.02,176.82,164.72,173.38,1731918.05,295333516.3
2025-05-19T00:00:00+00:00,SOLUSD,173.38,173.95,159.5,166.88,2029201.58,333708835.79
2025-05-20T00:00:00+00:00,SOLUSD,166.88,173.05,164.6,168.64,1753068.76,294367253.89
2025-05-21T00:00:00+00:00,SOLUSD,168.64,175.98,165.66,173.61,2567505.64,437347677.53
2025-05-22T00:00:00+00:00,SOLUSD,173.61,180.83,172.67,179.72,2153425.35,382502539.27
2025-05-23T00:00:00+00:00,SOLUSD,179.72,187.67,173.36,174.03,3614942.58,653657871.87
2025-05-24T00:00:00+00:00,SOLUSD,174.03,178.36,172.67,175.96,1110014.1,195112928.08
2025-05-25T00:00:00+00:00,SOLUSD,175.96,176.95,169.23,175.81,1423343.02,245361650.31
2025-05-26T00:00:00+00:00,SOLUSD,175.81,179.09,173.56,174.98,1140788.71,201379763.47
2025-05-27T00:00:00+00:00,SOLUSD,174.98,179.48,171.36,176.8,1474271.72,260529810.97
2025-05-28T00:00:00+00:00,SOLUSD,176.8,177.48,169.03,172.28,1279498.95,220733710.07
2025-05-29T00:00:00+00:00,SOLUSD,172.28,175.41,166.05,166.71,1483785.63,253136898.85
2025-05-30T00:00:00+00:00,SOLUSD,166.71,167.48,155.34,156.26,1800456.85,290792123.78
2025-05-31T00:00:00+00:00,SOLUSD,156.26,158.08,152.22,156.53,1225741.54,190288070.24
2025-06-01T00:00:00+00:00,SOLUSD,156.53,157.98,150.68,157.77,1087354.98,167972634.42
2025-06-02T00:00:00+00:00,SOLUSD,157.77,158.98,151.76,156.91,1406571.9,217518120.62
2025-06-03T00:00:00+00:00,SOLUSD,156.91,163.71,154.36,155.3,1263657.4,201821172.15
2025-06-04T00:00:00+00:00,SOLUSD,155.3,158.01,153.05,153.31,955449.23,148877566.64
2025-06-05T00:00:00+00:00,SOLUSD,153.31,154.66,141.57,144.38,1894645.32,281549617.46
2025-06-06T00:00:00+00:00,SOLUSD,144.38,152.46,144.27,147.95,1099142.54,163583793.09
2025-06-07T00:00:00+00:00,SOLUSD,147.95,152.91,147.01,150.16,606626.38,91401983.83
2025-06-08T00:00:00+00:00,SOLUSD,150.16,155.33,148.1,152.53,560641.5,84863431.72
2025-06-09T00:00:00+00:00,SOLUSD,152.53,161.76,149.7,161.23,1153604.79,179108410.9
2025-06-10T00:00:00+00:00,SOLUSD,161.23,165.68,156.4,165.14,1748946.04,282391223.47
2025-06-11T00:00:00+00:00,SOLUSD,165.14,168.37,159.28,161.02,2106957.56,347532150.94
2025-06-12T00:00:00+00:00,SOLUSD,161.02,161.34,152.11,152.41,1549533.55,244390728.28
2025-06-13T00:00:00+00:00,SOLUSD,152.41,152.63,140.95,148.66,2829771.69,411444727.38
2025-06-14T00:00:00+00:00,SOLUSD,148.66,148.76,142.06,144.72,887424.91,129033268.57
2025-06-15T00:00:00+00:00,SOLUSD,144.72,153.54,144.31,152.98,1158210.12,173155092.67
2025-06-16T00:00:00+00:00,SOLUSD,152.98,158.81,150.39,150.74,1800283.26,280457762.66
2025-06-17T00:00:00+00:00,SOLUSD,150.74,154.34,145.63,147.61,1547226.64,231469810.36
2025-06-18T00:00:00+00:00,SOLUSD,147.61,149.3,143.81,146.41,1185343.03,173323788.84
2025-06-19T00:00:00+00:00,SOLUSD,146.41,147.94,143.01,147.06,813179.56,118290943.95
2025-06-20T00:00:00+00:00,SOLUSD,147.06,148.8,135.74,140.15,1469768.16,209040394.59
2025-06-21T00:00:00+00:00,SOLUSD,140.15,142.61,131.03,135.47,1243159.52,171088028.19
2025-06-22T00:00:00+00:00,SOLUSD,135.47,137.64,126.09,131.78,2290228.96,299805281.71
2025-06-23T00:00:00+00:00,SOLUSD,131.78,147.01,130.75,144.6,2202669.96,303946442.39
2025-06-24T00:00:00+00:00,SOLUSD,144.6,146.81,142.43,145.98,1572983.95,227254323.46
2025-06-25T00:00:00+00:00,SOLUSD,145.98,147.99,142.38,143.65,1280993.15,186155680.36
2025-06-26T00:00:00+00:00,SOLUSD,143.65,148.03,138.72,139.15,1205240.54,172524820.6
2025-06-27T00:00:00+00:00,SOLUSD,139.15,144.87,137.25,142.17,1086841.2,153999088.73
2025-06-28T00:00:00+00:00,SOLUSD,142.17,152.72,141.24,150.81,1070494.78,158063386.87
2025-06-29T00:00:00+00:00,SOLUSD,150.81,154.76,149.46,153.36,826345.37,125325349.22
2025-06-30T00:00:00+00:00,SOLUSD,153.36,162.24,149.51,154.88,1949024.76,301641460.78
2025-07-01T00:00:00+00:00,SOLUSD,154.88,155.63,144.9,146.93,1215610.28,181207323.43
2025-07-02T00:00:00+00:00,SOLUSD,146.93,154.51,145.9,152.35,1290587.03,194625028.54
2025-07-03T00:00:00+00:00,SOLUSD,152.35,156.41,150.01,152.4,1169852.29,179108954.13
2025-07-04T00:00:00+00:00,SOLUSD,152.4,153.91,145.29,147.75,849642.58,126735058.69
2025-07-05T00:00:00+00:00,SOLUSD,147.75,148.7,145.98,147.62,398514.66,58791536.83
2025-07-06T00:00:00+00:00,SOLUSD,147.62,153.84,146.85,151.91,696894.99,105109960.71
2025-07-07T00:00:00+00:00,SOLUSD,151.91,153.58,147.75,148.91,1310319.46,197402475.12
2025-07-08T00:00:00+00:00,SOLUSD,148.91,152.87,147.86,151.73,905828.62,136427428.99
2025-07-09T00:00:00+00:00,SOLUSD,151.73,157.97,150.62,157.11,1679964.13,259666672.36
2025-07-10T00:00:00+00:00,SOLUSD,157.11,165.38,155.75,164.34,1549048.19,247646914.87
2025-07-11T00:00:00+00:00,SOLUSD,164.34,168.21,159.65,162.98,1913217.74,314326276.37
2025-07-12T00:00:00+00:00,SOLUSD,162.98,163.98,157.81,160.76,828687.16,133459776.12
2025-07-13T00:00:00+00:00,SOLUSD,160.76,164.22,159.73,161.22,855673.45,138616610.04
2025-07-14T00:00:00+00:00,SOLUSD,161.22,168.66,160.71,162.26,1741667.06,288370746.54
2025-07-15T00:00:00+00:00,SOLUSD,162.26,164.24,157.22,164.03,1411804.63,226893508.78
2025-07-16T00:00:00+00:00,SOLUSD,164.03,176.08,161.56,173.73,2645609.47,448832181.75
2025-07-17T00:00:00+00:00,SOLUSD,173.73,178.23,168.82,176,2123299.68,370359016.35
2025-07-18T00:00:00+00:00,SOLUSD,176,184.76,173.37,177.36,2754635.38,493005880.88
2025-07-19T00:00:00+00:00,SOLUSD,177.36,178.71,174.15,177.05,1527822.78,270528871.82
2025-07-20T00:00:00+00:00,SOLUSD,177.05,183.71,176.43,181.54,2048642.3,369233722.51
2025-07-21T00:00:00+00:00,SOLUSD,181.54,199.45,178.39,195.82,3983580.47,767167569.74
2025-07-22T00:00:00+00:00,SOLUSD,195.82,206.4,193.89,205.8,4248991.63,851563456.61
2025-07-23T00:00:00+00:00,SOLUSD,205.8,205.84,184.1,189.5,2832162.26,545246153.35
2025-07-24T00:00:00+00:00,SOLUSD,189.5,192.02,179.48,182.97,2685397.37,500594161.49
2025-07-25T00:00:00+00:00,SOLUSD,182.97,186.92,175.77,186.8,3047225.19,548134766.85
2025-07-26T00:00:00+00:00,SOLUSD,186.8,189.79,184.43,184.92,986479.52,184124510.84
2025-07-27T00:00:00+00:00,SOLUSD,184.92,190.74,184.62,188.71,1058015.86,198444213.45
2025-07-28T00:00:00+00:00,SOLUSD,188.71,195.31,182.22,183.13,2077635.75,392184056.3
2025-07-29T00:00:00+00:00,SOLUSD,183.13,186.64,178.26,181.47,1547445.62,281675365.23
2025-07-30T00:00:00+00:00,SOLUSD,181.47,182.5,170.45,177.77,1492161.81,264745022.53
2025-07-31T00:00:00+00:00,SOLUSD,177.77,182.67,171.49,172.22,1545370.03,274056279.25
2025-08-01T00:00:00+00:00,SOLUSD,172.22,172.24,159.2,162.67,3092390.35,517751854.06
2025-08-02T00:00:00+00:00,SOLUSD,162.67,165.21,155.81,158.48,1168151.35,187758990.15
2025-08-03T00:00:00+00:00,SOLUSD,158.48,163.13,156.3,162.01,756400.78,121815182.3
2025-08-04T00:00:00+00:00,SOLUSD,162.01,169.83,161.33,169.57,1479618.44,244834590.1
2025-08-05T00:00:00+00:00,SOLUSD,169.57,171.69,161.31,164.07,1244209.67,206575201.16
2025-08-06T00:00:00+00:00,SOLUSD,164.07,169.97,161.19,168.16,1112772.39,184561769.6
2025-08-07T00:00:00+00:00,SOLUSD,168.16,175.55,166.74,175.44,1333902.69,228221779.43
2025-08-08T00:00:00+00:00,SOLUSD,175.44,179.64,173.51,176.83,1853607.34,326886261.27
2025-08-09T00:00:00+00:00,SOLUSD,176.83,183.45,176.67,179.99,1306976.1,236129743.74
2025-08-10T00:00:00+00:00,SOLUSD,179.99,186.17,177.55,182.73,1533066.18,278888285.02
2025-08-11T00:00:00+00:00,SOLUSD,182.73,186.77,173.47,174.88,1763873.63,317834435.91
2025-08-12T00:00:00+00:00,SOLUSD,174.88,193.7,173.66,191.72,2782438.96,511272093.22
2025-08-13T00:00:00+00:00,SOLUSD,191.72,204.92,191.45,201.62,4459934.69,888135634.49
2025-08-14T00:00:00+00:00,SOLUSD,201.62,209.89,187.35,192.61,5097680.05,1013548552.3
2025-08-15T00:00:00+00:00,SOLUSD,192.61,198.19,183.44,185.89,2484276.83,470225777.86
2025-08-16T00:00:00+00:00,SOLUSD,185.89,190.14,185.36,189.74,1075876.39,202110244.79
2025-08-17T00:00:00+00:00,SOLUSD,189.74,195.91,187.53,191.15,1494161.95,287406910.4
2025-08-18T00:00:00+00:00,SOLUSD,191.15,191.44,180.11,183,2115435.14,388476891.58
2025-08-19T00:00:00+00:00,SOLUSD,183,185.92,175.68,176.21,2132601.86,382872347.25
2025-08-20T00:00:00+00:00,SOLUSD,176.21,188.02,176.05,187.97,2026882.64,369637533.22
2025-08-21T00:00:00+00:00,SOLUSD,187.97,190.08,179.37,180.28,2036453.89,375167568.51
2025-08-22T00:00:00+00:00,SOLUSD,180.28,202.53,177.29,200.64,3411337.71,653727921.88
2025-08-23T00:00:00+00:00,SOLUSD,200.64,208.4,195.24,204.07,2511789.18,509748596.91
2025-08-24T00:00:00+00:00,SOLUSD,204.07,211.94,201.09,205.96,3545254.16,733215279.84
2025-08-25T00:00:00+00:00,SOLUSD,205.96,213.47,185.46,187.22,4922552.57,980631308.12
2025-08-26T00:00:00+00:00,SOLUSD,187.22,198.11,185.67,195.88,2528048.48,482719484.65
2025-08-27T00:00:00+00:00,SOLUSD,195.88,212.08,193.83,202.94,4943424.57,1014969709.31
2025-08-28T00:00:00+00:00,SOLUSD,202.94,216.89,201.69,214.45,4737057.43,1003746573.97
2025-08-29T00:00:00+00:00,SOLUSD,214.45,217.94,199.93,205.13,6036454.76,1261525408.62
2025-08-30T00:00:00+00:00,SOLUSD,205.13,207.03,197.6,202.74,1740410.84,352311585.46
2025-08-31T00:00:00+00:00,SOLUSD,202.74,206.64,200.36,200.67,1682585.65,343643613.54
2025-09-01T00:00:00+00:00,SOLUSD,200.67,204.53,194.22,197.32,2657436.68,528432968.7
2025-09-02T00:00:00+00:00,SOLUSD,197.32,209.68,196.77,209.63,3502201.29,711428488.14
2025-09-03T00:00:00+00:00,SOLUSD,209.63,213.01,207.46,210.83,2230311.94,469042271.27
2025-09-04T00:00:00+00:00,SOLUSD,210.83,212.01,201.87,202.34,1985495.34,408774041.45
2025-09-05T00:00:00+00:00,SOLUSD,202.34,210.04,201.03,203.39,2685891.51,551122885.78
2025-09-06T00:00:00+00:00,SOLUSD,203.39,204.65,199.37,200.19,1114850.93,225157083.27
2025-09-07T00:00:00+00:00,SOLUSD,200.19,207.93,200.17,206.36,1376393.57,280700053.77
2025-09-08T00:00:00+00:00,SOLUSD,206.36,217.14,205.59,214.14,4004338.26,854147369.4
2025-09-09T00:00:00+00:00,SOLUSD,214.14,219.75,210.92,217.24,2871249.01,620031111.4
2025-09-10T00:00:00+00:00,SOLUSD,217.24,225.97,215.13,224.13,3269574.33,724855615.68
2025-09-11T00:00:00+00:00,SOLUSD,224.13,229.03,221.8,228.85,3143025.19,710478977.59
2025-09-12T00:00:00+00:00,SOLUSD,228.85,244.27,228.23,242.36,5349314.33,1272466518.23
2025-09-13T00:00:00+00:00,SOLUSD,242.36,244.31,235.6,242.49,2567617.48,619060305.81
2025-09-14T00:00:00+00:00,SOLUSD,242.49,249.92,239.35,239.89,3736763.84,917319586.91
2025-09-15T00:00:00+00:00,SOLUSD,239.89,244.08,230.21,234.39,4208656.92,991949828.63
2025-09-16T00:00:00+00:00,SOLUSD,234.39,240.98,231.36,237,3200643.34,756099212.87
2025-09-17T00:00:00+00:00,SOLUSD,237,246.71,232.36,244.92,3936733.78,933117598.43
2025-09-18T00:00:00+00:00,SOLUSD,244.92,253.58,242.68,247.6,3416117.19,847120014.54
2025-09-19T00:00:00+00:00,SOLUSD,247.6,248.64,235.27,238.66,2778108.2,668655995.65
2025-09-20T00:00:00+00:00,SOLUSD,238.66,241.31,237.07,239.6,953427.8,227941412.84
2025-09-21T00:00:00+00:00,SOLUSD,239.6,241.94,235.46,236.32,936615.53,223420340.13
2025-09-22T00:00:00+00:00,SOLUSD,236.32,237.08,216.17,220.56,4945817.59,1104538001.76
2025-09-23T00:00:00+00:00,SOLUSD,220.56,221.77,212.52,213.34,2952243.36,641920309.38
2025-09-24T00:00:00+00:00,SOLUSD,213.34,216.5,205.05,211.69,3341072.66,707174197.99
2025-09-25T00:00:00+00:00,SOLUSD,211.69,212.53,191.49,192.83,6261085.12,1258057453.41
2025-09-26T00:00:00+00:00,SOLUSD,192.83,205.63,190.93,205.28,5839670.61,1152322661.03
2025-09-27T00:00:00+00:00,SOLUSD,205.28,205.56,200.01,203.58,1328969.26,269531462.08
2025-09-28T00:00:00+00:00,SOLUSD,203.58,211.03,198.1,210.92,1778207.69,363438511.76
2025-09-29T00:00:00+00:00,SOLUSD,210.92,214.87,204.77,212.91,2650374.7,557218254.67
2025-09-30T00:00:00+00:00,SOLUSD,212.91,213.83,204.32,208.75,2848272.97,593396182.76
2025-10-01T00:00:00+00:00,SOLUSD,208.75,222.86,206.43,222.16,3192664.27,689744316.4
2025-10-02T00:00:00+00:00,SOLUSD,222.16,235.04,219.67,234.9,3545284.94,807464838.24
2025-10-03T00:00:00+00:00,SOLUSD,234.9,237.17,227.34,232.96,3378649.35,784410417.33
2025-10-04T00:00:00+00:00,SOLUSD,232.96,234.2,224.33,227.99,1355322.89,309564579.94
2025-10-05T00:00:00+00:00,SOLUSD,227.99,237.29,226.64,228.67,2086202.73,482846664.91
2025-10-06T00:00:00+00:00,SOLUSD,228.67,237.91,227.66,232.47,2622885.88,613221042.5
2025-10-07T00:00:00+00:00,SOLUSD,232.47,235.27,219.85,220.1,3032498.81,687144532.75
2025-10-08T00:00:00+00:00,SOLUSD,220.1,229.77,217.53,229.12,2488868.66,556933918.25
2025-10-09T00:00:00+00:00,SOLUSD,229.12,229.66,216.78,221.03,2707915.91,601585802.94
2025-10-10T00:00:00+00:00,SOLUSD,221.03,224.51,175.41,188.9,6628256.83,1344834157.07
2025-10-11T00:00:00+00:00,SOLUSD,188.9,191.18,172.85,177.84,5110066.52,933842453.53
2025-10-12T00:00:00+00:00,SOLUSD,177.84,199.17,173.24,197.23,4557594.8,853398202.5
2025-10-13T00:00:00+00:00,SOLUSD,197.23,209.46,190.45,208.87,3805158.02,758898206.61
2025-10-14T00:00:00+00:00,SOLUSD,208.87,211.46,191.27,202.55,6053102.67,1207565485.31
2025-10-15T00:00:00+00:00,SOLUSD,202.55,208.97,192.2,193.95,3551798.01,711055753.48
2025-10-16T00:00:00+00:00,SOLUSD,193.95,198.44,182.12,184.87,4041534.28,768697335.26
2025-10-17T00:00:00+00:00,SOLUSD,184.87,187.58,174.16,182.05,4479620.1,810796004.57
2025-10-18T00:00:00+00:00,SOLUSD,182.05,188.35,181.88,187.65,1346811.8,249890655.25
2025-10-19T00:00:00+00:00,SOLUSD,187.65,192.32,183.26,187.95,1760498.55,332050512.85
2025-10-20T00:00:00+00:00,SOLUSD,187.95,194.58,183.92,189.78,2214583.71,420682111.28
2025-10-21T00:00:00+00:00,SOLUSD,189.78,197.79,182.8,185.73,3149138.37,598137301.63
2025-10-22T00:00:00+00:00,SOLUSD,185.73,187.52,177.37,180.16,2819202.79,515527821.95
2025-10-23T00:00:00+00:00,SOLUSD,180.16,193.5,179.74,191.42,2048070.08,385416351.69
2025-10-24T00:00:00+00:00,SOLUSD,191.42,196.29,188.86,193.62,1819087.14,350028731.12
2025-10-25T00:00:00+00:00,SOLUSD,193.62,195.28,191.32,193.88,647291,125305172.82
2025-10-26T00:00:00+00:00,SOLUSD,193.88,202.11,192,200.07,1253590.46,247944199.16
2025-10-27T00:00:00+00:00,SOLUSD,200.07,205.3,197.34,198.71,1924764.49,387405056.6
2025-10-28T00:00:00+00:00,SOLUSD,198.71,203.97,190.7,194.23,2417544.55,479797125.07
2025-10-29T00:00:00+00:00,SOLUSD,194.23,201.71,189.93,193.98,2716843.01,531678004.06
2025-10-30T00:00:00+00:00,SOLUSD,193.98,198.18,178.66,184.69,3304653.05,618185224.02
2025-10-31T00:00:00+00:00,SOLUSD,184.69,190.19,183.73,187.16,2212864.65,413560961.01
2025-11-01T00:00:00+00:00,SOLUSD,187.16,187.42,183.77,186.3,856356.65,159264489.3
2025-11-02T00:00:00+00:00,SOLUSD,186.3,188.25,182.08,187.76,933564.58,173055327.79
2025-11-03T00:00:00+00:00,SOLUSD,187.76,189.03,163.27,166.05,4166789.35,716273729.47
2025-11-04T00:00:00+00:00,SOLUSD,166.05,168.37,146.25,155.03,6350217.43,1000082395.91
2025-11-05T00:00:00+00:00,SOLUSD,155.03,163.99,147.3,162.38,3794198.99,598020431.96
2025-11-06T00:00:00+00:00,SOLUSD,162.38,162.92,150.82,155.22,2397902.92,378255699.08
2025-11-07T00:00:00+00:00,SOLUSD,155.22,164.39,149.75,161.72,2851525.33,449259128.88
2025-11-08T00:00:00+00:00,SOLUSD,161.72,164.82,155.8,157.98,1319685.56,211179127.26
2025-11-09T00:00:00+00:00,SOLUSD,157.98,166.52,155.14,164.52,1604028.86,258804505.89
2025-11-10T00:00:00+00:00,SOLUSD,164.52,170.44,163.42,167.3,1963300.11,328357072.51
2025-11-11T00:00:00+00:00,SOLUSD,167.3,171.89,153.91,154.55,2374148.44,386158737.04
2025-11-12T00:00:00+00:00,SOLUSD,154.55,161.13,151.18,153.37,2286636.42,356041835.13
2025-11-13T00:00:00+00:00,SOLUSD,153.37,157.18,141,144.69,3463405.96,516375112.39
2025-11-14T00:00:00+00:00,SOLUSD,144.69,145.61,135.7,138.8,3838187.65,540991525.68
2025-11-15T00:00:00+00:00,SOLUSD,138.8,144.57,138.54,139.54,1282271.18,181555531.49
2025-11-16T00:00:00+00:00,SOLUSD,139.54,143.23,134.38,137.08,1869046.08,258155540.3
2025-11-17T00:00:00+00:00,SOLUSD,137.08,143.08,128.69,130.84,3327623.16,449437843.15
2025-11-18T00:00:00+00:00,SOLUSD,130.84,142.06,128.9,140.64,3465614.54,476178277.39
2025-11-19T00:00:00+00:00,SOLUSD,140.64,142.73,130.45,136.93,3098828.42,421416858.67
2025-11-20T00:00:00+00:00,SOLUSD,136.93,144.65,131.05,133.51,5142934.96,705501411.65
2025-11-21T00:00:00+00:00,SOLUSD,133.51,134.93,121.54,128.59,6254748.64,798453525.24
2025-11-22T00:00:00+00:00,SOLUSD,128.59,129.85,125.06,127.53,1688799.04,214794473.1
2025-11-23T00:00:00+00:00,SOLUSD,127.53,133.45,127.49,130.55,1961754.98,256558637.18
2025-11-24T00:00:00+00:00,SOLUSD,130.55,139.84,128.41,138.41,3341086.44,446470021.96
2025-11-25T00:00:00+00:00,SOLUSD,138.41,140.45,133.13,138.91,2745310.86,374804876.65
2025-11-26T00:00:00+00:00,SOLUSD,138.91,144.72,135.48,143.02,2716145.67,380544317.42
2025-11-27T00:00:00+00:00,SOLUSD,143.02,144.26,140.5,140.85,1486644.27,211701232.57
2025-11-28T00:00:00+00:00,SOLUSD,140.85,143.58,136.05,137.37,2302691.37,323042641.09
2025-11-29T00:00:00+00:00,SOLUSD,137.37,138.08,134.84,135.96,862318.95,117820754.04
2025-11-30T00:00:00+00:00,SOLUSD,135.96,140.18,133.28,133.49,1225547.3,168345043.17
2025-12-01T00:00:00+00:00,SOLUSD,133.49,133.73,123.11,126.67,3714682.35,470524673.56
2025-12-02T00:00:00+00:00,SOLUSD,126.67,140.92,126.01,138.7,2903594.65,389427995.19
2025-12-03T00:00:00+00:00,SOLUSD,138.7,146.09,137.8,144.72,2359405.26,334825612.25
2025-12-04T00:00:00+00:00,SOLUSD,144.72,146.91,137.85,139.06,1952555.99,277797816.6
2025-12-05T00:00:00+00:00,SOLUSD,139.06,140.74,130.89,133.33,2074480.09,281254889.22
2025-12-06T00:00:00+00:00,SOLUSD,133.33,134.16,131.35,132.24,797844.31,106047467.88
2025-12-07T00:00:00+00:00,SOLUSD,132.24,136.35,127.79,132.29,1526533.93,202089214.84
2025-12-08T00:00:00+00:00,SOLUSD,132.29,139.35,131.57,133.27,2118217.65,287827952
2025-12-09T00:00:00+00:00,SOLUSD,133.27,144.91,131.65,137.9,2454957.67,339594002.07
2025-12-10T00:00:00+00:00,SOLUSD,137.9,142.56,135.48,136.32,2628650.42,363018268.82
2025-12-11T00:00:00+00:00,SOLUSD,136.32,137.82,129.1,136.43,2808880.28,373700915.78
2025-12-12T00:00:00+00:00,SOLUSD,136.43,140.13,130.37,132.29,2266747.75,306520381.03
2025-12-13T00:00:00+00:00,SOLUSD,132.29,134.28,131.66,133.17,714475.65,94991742.9
2025-12-14T00:00:00+00:00,SOLUSD,133.17,133.69,128.1,129.4,1151326.91,150923250.44
2025-12-15T00:00:00+00:00,SOLUSD,129.4,135.39,123.63,127.79,2772255.43,356350604.42
2025-12-16T00:00:00+00:00,SOLUSD,127.79,130.09,124.91,129.14,2249850.69,287396904.44
2025-12-17T00:00:00+00:00,SOLUSD,129.14,133.95,121.32,123.21,3020988.57,382032085.39
2025-12-18T00:00:00+00:00,SOLUSD,123.21,128.95,116.85,119.54,3699060.15,454192292.08
2025-12-19T00:00:00+00:00,SOLUSD,119.54,127.78,117.58,126.2,2505283.23,310483064.54
2025-12-20T00:00:00+00:00,SOLUSD,126.2,126.81,125.25,125.77,595035.25,74996417.74
2025-12-21T00:00:00+00:00,SOLUSD,125.77,126.57,123.41,126,859220.27,107504036.38
2025-12-22T00:00:00+00:00,SOLUSD,126,128.71,124.18,125.84,1767895.51,223378453.89
2025-12-23T00:00:00+00:00,SOLUSD,125.84,126.85,122.15,123.93,1366123.98,169565770.42
2025-12-24T00:00:00+00:00,SOLUSD,123.93,124.21,120.53,122.45,1141215.28,139398149.37
2025-12-25T00:00:00+00:00,SOLUSD,122.45,124.36,119.69,120,827505.59,101144840.33
2025-12-26T00:00:00+00:00,SOLUSD,120,125.02,119.2,122.19,1885258.8,230655428.97
2025-12-27T00:00:00+00:00,SOLUSD,122.19,124.96,121.79,124.65,641330.7,79064227.64
2025-12-28T00:00:00+00:00,SOLUSD,124.65,125.53,123.01,125.17,585648.05,72718134.18
2025-12-29T00:00:00+00:00,SOLUSD,125.17,129.95,122.24,123.12,2304342.27,289913303.86
2025-12-30T00:00:00+00:00,SOLUSD,123.12,126.37,122.46,124.89,1274791.81,158425356.36
2025-12-31T00:00:00+00:00,SOLUSD,124.89,127.24,123.18,124.45,1910548.61,239075627.41
2026-01-01T00:00:00+00:00,SOLUSD,124.45,127.08,123.96,126.74,934283.56,116908268.89
2026-01-02T00:00:00+00:00,SOLUSD,126.74,133.16,125.71,132.25,2386372,309564003.29
2026-01-03T00:00:00+00:00,SOLUSD,132.25,133.89,129.57,133.32,970098.88,127929358.31
2026-01-04T00:00:00+00:00,SOLUSD,133.32,135.48,133.07,134.06,1135799.21,152483906.91
2026-01-05T00:00:00+00:00,SOLUSD,134.06,139.82,133.13,137.9,2175707.27,296311616.59
2026-01-06T00:00:00+00:00,SOLUSD,137.9,143.43,136.12,141.03,2758788.2,384921808.66
2026-01-07T00:00:00+00:00,SOLUSD,141.03,141.31,134.31,136.27,1565419.33,214746472.52
2026-01-08T00:00:00+00:00,SOLUSD,136.27,139.92,132.58,138.26,1966295.82,268283283.19
2026-01-09T00:00:00+00:00,SOLUSD,138.26,140.97,134.83,135.8,2224377.12,307267685.26
2026-01-10T00:00:00+00:00,SOLUSD,135.8,136.86,135.19,135.67,538770.47,73301202.22
2026-01-11T00:00:00+00:00,SOLUSD,135.67,141.36,135.58,139.5,1474066.15,203662429.66
2026-01-12T00:00:00+00:00,SOLUSD,139.5,144.17,138.24,139.07,2672960.06,376963593.28
2026-01-13T00:00:00+00:00,SOLUSD,139.07,148.33,137.69,145.42,2902151.09,414538750.69
2026-01-14T00:00:00+00:00,SOLUSD,145.42,148.39,143.34,146.69,2979575.22,435167132.82
2026-01-15T00:00:00+00:00,SOLUSD,146.69,146.71,140.92,142.37,1891908.02,271643456.32
2026-01-16T00:00:00+00:00,SOLUSD,142.37,145.49,140.21,144.84,1490913.25,213108576.67
2026-01-17T00:00:00+00:00,SOLUSD,144.84,144.91,143.27,143.68,642009.53,92509003.75
2026-01-18T00:00:00+00:00,SOLUSD,143.68,143.93,137.69,137.81,1134617.11,160534959.74
2026-01-19T00:00:00+00:00,SOLUSD,137.81,137.81,130.82,133.37,2243051.38,299969188.44
2026-01-20T00:00:00+00:00,SOLUSD,133.37,134.53,124.59,125.67,2869807.87,370585095.17
2026-01-21T00:00:00+00:00,SOLUSD,125.67,132.02,125.18,129.44,2631290.5,338038134.33
2026-01-22T00:00:00+00:00,SOLUSD,129.44,130.83,126.62,128.35,1229121.99,158381154.51
2026-01-23T00:00:00+00:00,SOLUSD,128.35,130.04,125.18,127.29,1342382.07,171438821.87
2026-01-24T00:00:00+00:00,SOLUSD,127.29,127.92,126.48,127.03,420380.46,53471783.43
2026-01-25T00:00:00+00:00,SOLUSD,127.03,127.28,117.24,118.75,2161656.23,261054470.71
2026-01-26T00:00:00+00:00,SOLUSD,118.75,125.45,118.45,124.11,2025223.25,249004872.63
2026-01-27T00:00:00+00:00,SOLUSD,124.11,127.71,122.97,127.03,1351052.1,168926920.29
2026-01-28T00:00:00+00:00,SOLUSD,127.03,128.15,124.63,125.17,1237680.74,156352033.75
2026-01-29T00:00:00+00:00,SOLUSD,125.17,125.31,115.24,117.62,2719223.78,324636580.28
2026-01-30T00:00:00+00:00,SOLUSD,117.62,118.93,112.22,117.43,3566483.28,413520030.81
2026-01-31T00:00:00+00:00,SOLUSD,117.43,118.71,96.93,105.47,6447349.06,697067076.39
2026-02-01T00:00:00+00:00,SOLUSD,105.47,106.58,97.97,100.67,3681331.75,378023852.65
2026-02-02T00:00:00+00:00,SOLUSD,100.67,106.04,95.88,104.46,5189541.19,528746698.05
2026-02-03T00:00:00+00:00,SOLUSD,104.46,104.99,96.55,97.76,4031836.75,406032929.28
2026-02-04T00:00:00+00:00,SOLUSD,97.76,99.53,89.17,91.93,6228592,583600268.94
2026-02-05T00:00:00+00:00,SOLUSD,91.93,93.24,77.45,78.21,10520031.71,890972464.92
2026-02-06T00:00:00+00:00,SOLUSD,78.21,89.76,67.65,87.41,11645935.25,938143103.85
2026-02-07T00:00:00+00:00,SOLUSD,87.41,89.14,84.14,87.57,3900402.51,338683227.54
2026-02-08T00:00:00+00:00,SOLUSD,87.57,89,85.74,86.94,2117520.11,185294464.41
2026-02-09T00:00:00+00:00,SOLUSD,86.94,88.63,82.81,86.72,3180782.56,273648674.95
2026-02-10T00:00:00+00:00,SOLUSD,86.72,87.44,81.88,82.94,2565542.88,216022940.37
2026-02-11T00:00:00+00:00,SOLUSD,82.94,84.34,78.01,79.24,3889278.38,313815023.65
2026-02-12T00:00:00+00:00,SOLUSD,79.24,82.19,76.54,78.33,3420507.03,271471984.61
2026-02-13T00:00:00+00:00,SOLUSD,78.33,85.58,77.47,84.28,3204772.33,262093570.8
2026-02-14T00:00:00+00:00,SOLUSD,84.28,88.85,84.18,88.03,2212282.58,192318631.36
2026-02-15T00:00:00+00:00,SOLUSD,88.03,91.21,84.87,86.1,3339815.03,293134081.24
2026-02-16T00:00:00+00:00,SOLUSD,86.1,86.88,82.54,86.41,2534272.73,215358803.56
2026-02-17T00:00:00+00:00,SOLUSD,86.41,87.63,82.89,85.05,2381233.04,202503312.73
2026-02-18T00:00:00+00:00,SOLUSD,85.05,86.02,80.47,81.57,2473297.38,204832802.33
2026-02-19T00:00:00+00:00,SOLUSD,81.57,82.63,79.6,82.47,1976619.15,160690030.51
2026-02-20T00:00:00+00:00,SOLUSD,82.47,85.43,81.75,84.64,2991266.78,250629057.25
2026-02-21T00:00:00+00:00,SOLUSD,84.64,86.7,83.95,85.17,1194188.13,102140889.05
2026-02-22T00:00:00+00:00,SOLUSD,85.17,85.57,82.44,82.75,1230347.63,103453852.67
2026-02-23T00:00:00+00:00,SOLUSD,82.75,82.81,77.15,77.88,4101324.73,323973078.33
2026-02-24T00:00:00+00:00,SOLUSD,77.88,79.62,75.66,78.98,2647408.5,205059721.56
2026-02-25T00:00:00+00:00,SOLUSD,78.98,92.09,78.74,88.06,4833357.46,413736384.46
2026-02-26T00:00:00+00:00,SOLUSD,88.06,89.26,84.37,85.91,3151526.83,273116184.58
2026-02-27T00:00:00+00:00,SOLUSD,85.91,88.28,80.33,81.85,3248994.05,271439884.14
2026-02-28T00:00:00+00:00,SOLUSD,81.85,85.66,77.14,84.37,3857394.8,311617124.98
2026-03-01T00:00:00+00:00,SOLUSD,84.37,88.87,81.71,83.6,3687642.16,314630655.06
2026-03-02T00:00:00+00:00,SOLUSD,83.6,90.29,82.37,86.63,4627269.41,399677604.66
2026-03-03T00:00:00+00:00,SOLUSD,86.63,87.46,82.5,86.99,4221924.19,359571781.43
2026-03-04T00:00:00+00:00,SOLUSD,86.99,94.08,84.79,90.89,5156706.81,464259988.62
2026-03-05T00:00:00+00:00,SOLUSD,90.89,92.98,87.93,88.78,2962748.5,266791983.17
2026-03-06T00:00:00+00:00,SOLUSD,88.78,89.31,83.65,84.68,3149222.22,271271182.53
2026-03-07T00:00:00+00:00,SOLUSD,84.68,85.06,82.29,83.22,1082780.6,90854310.98
2026-03-08T00:00:00+00:00,SOLUSD,83.22,84.09,80.29,81.59,1680106.17,137984709.54
2026-03-09T00:00:00+00:00,SOLUSD,81.59,87.05,81.55,84.97,3368722.6,284830853.56
2026-03-10T00:00:00+00:00,SOLUSD,84.97,88.8,84.85,85.89,2642130.68,228995036.11
2026-03-11T00:00:00+00:00,SOLUSD,85.89,88.09,84.36,86.58,2410057.47,208008514.96
2026-03-12T00:00:00+00:00,SOLUSD,86.58,87.7,84.73,86.84,2230791.75,192433038.75
2026-03-13T00:00:00+00:00,SOLUSD,86.84,93.01,86.72,88.19,4036702.82,363039541.24
2026-03-14T00:00:00+00:00,SOLUSD,88.19,88.71,86.54,88.06,895076.13,78311757.19
2026-03-15T00:00:00+00:00,SOLUSD,88.06,93.23,87.38,92.33,1803914.12,161664287.83
2026-03-16T00:00:00+00:00,SOLUSD,92.33,97.66,91.2,96.19,3936056.85,370236693.31
2026-03-17T00:00:00+00:00,SOLUSD,96.19,96.95,93.18,94.65,2506373.91,237130127
2026-03-18T00:00:00+00:00,SOLUSD,94.65,95.66,88.58,90.09,2451331.84,223419972.83
2026-03-19T00:00:00+00:00,SOLUSD,90.09,91.41,87.01,88.9,2067467.59,183568387.9
2026-03-20T00:00:00+00:00,SOLUSD,88.9,90.44,88.13,89.83,1436232.5,128091741
2026-03-21T00:00:00+00:00,SOLUSD,89.83,90.79,87.15,87.55,746747.79,66997362.72
2026-03-22T00:00:00+00:00,SOLUSD,87.55,89.18,85.14,86.2,1643188.95,143135847.36
2026-03-23T00:00:00+00:00,SOLUSD,86.2,92.25,85.1,91.42,3097918.36,277574757.55
2026-03-24T00:00:00+00:00,SOLUSD,91.42,92.19,88.39,90.77,2436385.18,219631562.77
2026-03-25T00:00:00+00:00,SOLUSD,90.77,93.43,90.71,91.68,2043481.8,188122663.37
2026-03-26T00:00:00+00:00,SOLUSD,91.68,91.94,85.39,86.48,2276567.32,200020460.8
2026-03-27T00:00:00+00:00,SOLUSD,86.48,86.98,81.8,83.06,2514546.31,210735127.16
2026-03-28T00:00:00+00:00,SOLUSD,83.06,84.21,81.68,82.03,1182590.67,98181030.22
2026-03-29T00:00:00+00:00,SOLUSD,82.03,83.16,79.03,81.37,1163820.75,94893688.87
2026-03-30T00:00:00+00:00,SOLUSD,81.37,84.92,81.12,82.48,2254490.81,188250289.51
2026-03-31T00:00:00+00:00,SOLUSD,82.48,84.52,80.08,83.12,3017126.94,247569665.4
2026-04-01T00:00:00+00:00,SOLUSD,83.12,86.61,80.77,81.17,2853901.36,237769261.95
2026-04-02T00:00:00+00:00,SOLUSD,81.17,81.75,76.7,78.95,3179199.09,251371540.4
2026-04-03T00:00:00+00:00,SOLUSD,78.95,80.89,78.86,80.38,1533206.98,122462787.09
2026-04-04T00:00:00+00:00,SOLUSD,80.38,81.58,79.6,80.83,868182.84,69992776.42
2026-04-05T00:00:00+00:00,SOLUSD,80.83,82.08,78.5,81.85,1421332.82,113700216.07
2026-04-06T00:00:00+00:00,SOLUSD,81.85,83.17,79.61,80.03,2146199.07,175789451.8
2026-04-07T00:00:00+00:00,SOLUSD,80.03,87,78.37,85.56,3579170.97,291055617.15
2026-04-08T00:00:00+00:00,SOLUSD,85.56,85.89,82.26,82.58,2193007.17,184321786.62
2026-04-09T00:00:00+00:00,SOLUSD,82.58,85.9,81.42,83.35,2005384.47,166810705.7
2026-04-10T00:00:00+00:00,SOLUSD,83.35,85.67,82.7,84.85,1673145.09,140746800.55
2026-04-11T00:00:00+00:00,SOLUSD,84.85,86.28,83.84,84.96,964841.4,81987430.02
2026-04-12T00:00:00+00:00,SOLUSD,84.96,85.03,81.31,81.54,1565796.61,128884838.63
2026-04-13T00:00:00+00:00,SOLUSD,81.54,86.82,81.41,86.57,2482776.96,207366549.74
2026-04-14T00:00:00+00:00,SOLUSD,86.57,87.7,83.35,83.76,2725783.83,233181342.31
2026-04-15T00:00:00+00:00,SOLUSD,83.76,85.84,82.7,84.92,2244099.89,188807392.16
2026-04-16T00:00:00+00:00,SOLUSD,84.92,90.5,83.86,89.1,3054035.44,265740954.85
2026-04-17T00:00:00+00:00,SOLUSD,89.1,90.78,87.39,88.82,3294439.39,293763592.26
2026-04-18T00:00:00+00:00,SOLUSD,88.82,89.19,85.84,86.2,1384563.16,120779723.79
2026-04-19T00:00:00+00:00,SOLUSD,86.2,87.14,82.98,83.49,2134083.01,181610170.27
2026-04-20T00:00:00+00:00,SOLUSD,83.49,86.24,83.38,85.31,1936354.11,164881247.37
2026-04-21T00:00:00+00:00,SOLUSD,85.31,86.92,84.35,86.06,2181222.46,186655607.53
2026-04-22T00:00:00+00:00,SOLUSD,86.06,89.35,86.04,86.91,2374555.29,208581462.04
2026-04-23T00:00:00+00:00,SOLUSD,86.91,87.17,84.52,86.17,2266169,194586584.98
2026-04-24T00:00:00+00:00,SOLUSD,86.17,86.98,84.98,86.22,2124209.1,182815895.05
2026-04-25T00:00:00+00:00,SOLUSD,86.22,86.82,85.57,86.2,647070.09,55795123.78
2026-04-26T00:00:00+00:00,SOLUSD,86.2,87.33,85.87,86.95,976478.09,84534238
2026-04-27T00:00:00+00:00,SOLUSD,86.95,88.09,83.66,84.81,2102781.07,179663719.12
2026-04-28T00:00:00+00:00,SOLUSD,84.81,84.92,82.98,84.05,1247418.1,104539863.86
2026-04-29T00:00:00+00:00,SOLUSD,84.05,85.55,81.38,83.02,2128118.83,177749223.61
2026-04-30T00:00:00+00:00,SOLUSD,83.02,83.96,82.14,83.05,1658536.4,137923516.32
2026-05-01T00:00:00+00:00,SOLUSD,83.05,84.85,83.05,83.76,1375782.85,115562979.78
2026-05-02T00:00:00+00:00,SOLUSD,83.76,84.95,83.44,84.26,637246.56,53548092.99
2026-05-03T00:00:00+00:00,SOLUSD,84.26,84.96,83.58,83.91,679263.13,57198531.24
2026-05-04T00:00:00+00:00,SOLUSD,83.91,85.87,83.25,84.09,1911759.08,161638912.03
2026-05-05T00:00:00+00:00,SOLUSD,84.09,86.97,84.03,86.28,1574177.42,134764929.73
2026-05-06T00:00:00+00:00,SOLUSD,86.28,90.01,86.1,89.15,2192853.66,193991764.18
2026-05-07T00:00:00+00:00,SOLUSD,89.15,90.41,87.63,88.4,1868536.97,165659576.06
2026-05-08T00:00:00+00:00,SOLUSD,88.4,88.63,87.63,88.4,227572.01,20056851.93
2023-05-01T00:00:00+00:00,DOGEUSD,0.07953,0.08006,0.07737,0.07884,260429809.49,20418420.45
2023-05-02T00:00:00+00:00,DOGEUSD,0.07884,0.07909,0.0776,0.0788,194115051.48,15264346.07
2023-05-03T00:00:00+00:00,DOGEUSD,0.0788,0.08064,0.07717,0.07964,226185571.99,17740538.46
2023-05-04T00:00:00+00:00,DOGEUSD,0.07964,0.0798,0.078,0.07841,225344332.39,17760317.04
2023-05-05T00:00:00+00:00,DOGEUSD,0.07841,0.08153,0.07754,0.08033,298087928.55,23629136.87
2023-05-06T00:00:00+00:00,DOGEUSD,0.08033,0.08056,0.07598,0.07692,279985476.22,21780546.22
2023-05-07T00:00:00+00:00,DOGEUSD,0.07692,0.07762,0.07635,0.07669,132437093.96,10212212.22
2023-05-08T00:00:00+00:00,DOGEUSD,0.07669,0.07725,0.07015,0.07255,448895697.68,32994066.16
2023-05-09T00:00:00+00:00,DOGEUSD,0.07255,0.0735,0.07224,0.07318,183378702.73,13354489.31
2023-05-10T00:00:00+00:00,DOGEUSD,0.07318,0.07479,0.07059,0.07318,376341097.18,27474447.25
2023-05-11T00:00:00+00:00,DOGEUSD,0.07318,0.07323,0.06928,0.07197,403724986.33,28763914.69
2023-05-12T00:00:00+00:00,DOGEUSD,0.07197,0.07274,0.0694,0.07238,310547347.31,22084456.84
2023-05-13T00:00:00+00:00,DOGEUSD,0.07238,0.07243,0.07137,0.0717,84337408.96,6064520.15
2023-05-14T00:00:00+00:00,DOGEUSD,0.0717,0.07265,0.07125,0.07197,114728879.37,8254926.39
2023-05-15T00:00:00+00:00,DOGEUSD,0.07197,0.07363,0.07093,0.07194,259637756.68,18783066.21
2023-05-16T00:00:00+00:00,DOGEUSD,0.07194,0.07322,0.07091,0.07275,240088047.03,17272785.7
2023-05-17T00:00:00+00:00,DOGEUSD,0.07275,0.07543,0.07231,0.07483,343957901.6,25398587.24
2023-05-18T00:00:00+00:00,DOGEUSD,0.07483,0.0749,0.07167,0.07341,284334564.28,20945142.29
2023-05-19T00:00:00+00:00,DOGEUSD,0.07341,0.07405,0.07302,0.07353,131217636.47,9652170.18
2023-05-20T00:00:00+00:00,DOGEUSD,0.07353,0.07388,0.07309,0.07364,62520212.58,4591249.88
2023-05-21T00:00:00+00:00,DOGEUSD,0.07364,0.07401,0.07198,0.07214,77439314.35,5641471.07
2023-05-22T00:00:00+00:00,DOGEUSD,0.07214,0.074,0.07078,0.07291,186886707.2,13553758.08
2023-05-23T00:00:00+00:00,DOGEUSD,0.07291,0.07393,0.07245,0.0729,119426001.93,8722278.6
2023-05-24T00:00:00+00:00,DOGEUSD,0.0729,0.0729,0.06948,0.07063,186205285.96,13200051.39
2023-05-25T00:00:00+00:00,DOGEUSD,0.07063,0.07104,0.06872,0.07088,171209381.7,12010798.78
2023-05-26T00:00:00+00:00,DOGEUSD,0.07088,0.07138,0.07038,0.07099,134268004.94,9516436.6
2023-05-27T00:00:00+00:00,DOGEUSD,0.07099,0.07342,0.07085,0.0726,94765090.64,6806603.02
2023-05-28T00:00:00+00:00,DOGEUSD,0.0726,0.07398,0.07188,0.07355,143872612.88,10484193.4
2023-05-29T00:00:00+00:00,DOGEUSD,0.07355,0.07401,0.0727,0.07315,104028742.71,7626143.45
2023-05-30T00:00:00+00:00,DOGEUSD,0.07315,0.07346,0.07201,0.07232,203438670.05,14779311.12
2023-05-31T00:00:00+00:00,DOGEUSD,0.07232,0.07269,0.07058,0.07166,182655147.44,13059039.69
2023-06-01T00:00:00+00:00,DOGEUSD,0.07166,0.07218,0.07074,0.07145,139118887.25,9961316.1
2023-06-02T00:00:00+00:00,DOGEUSD,0.07145,0.0733,0.07095,0.07257,121165584.15,8740691.11
2023-06-03T00:00:00+00:00,DOGEUSD,0.07257,0.073,0.07222,0.07271,60681394.2,4402568.58
2023-06-04T00:00:00+00:00,DOGEUSD,0.07271,0.07331,0.07238,0.07249,72801653.14,5302192.55
2023-06-05T00:00:00+00:00,DOGEUSD,0.07249,0.0727,0.06371,0.0665,405445422.87,27403024.22
2023-06-06T00:00:00+00:00,DOGEUSD,0.0665,0.07198,0.06594,0.07029,364620769.55,25023201.25
2023-06-07T00:00:00+00:00,DOGEUSD,0.07029,0.07036,0.06671,0.06731,212783695.12,14598705.09
2023-06-08T00:00:00+00:00,DOGEUSD,0.06731,0.06848,0.06703,0.06796,112176704.09,7612802.94
2023-06-09T00:00:00+00:00,DOGEUSD,0.06796,0.07115,0.06735,0.06948,212135977.61,14665593.21
2023-06-10T00:00:00+00:00,DOGEUSD,0.06948,0.07122,0.05581,0.0618,951414761.68,59339580.1
2023-06-11T00:00:00+00:00,DOGEUSD,0.0618,0.06291,0.06099,0.06154,260478456.31,16121351.91
2023-06-12T00:00:00+00:00,DOGEUSD,0.06154,0.0617,0.05991,0.06144,259427636.95,15813200.84
2023-06-13T00:00:00+00:00,DOGEUSD,0.06144,0.06276,0.06053,0.06174,205011660.21,12631891.54
2023-06-14T00:00:00+00:00,DOGEUSD,0.06174,0.06217,0.05826,0.0604,319145305.94,19285691.25
2023-06-15T00:00:00+00:00,DOGEUSD,0.0604,0.06192,0.05963,0.06148,191782633.5,11651747.69
2023-06-16T00:00:00+00:00,DOGEUSD,0.06148,0.06272,0.06074,0.06214,185034106.79,11410634.04
2023-06-17T00:00:00+00:00,DOGEUSD,0.06214,0.06292,0.06169,0.06217,124636577.61,7765882.63
2023-06-18T00:00:00+00:00,DOGEUSD,0.06217,0.06395,0.06111,0.0621,278744473.29,17392907.48
2023-06-19T00:00:00+00:00,DOGEUSD,0.0621,0.06279,0.06153,0.06241,168859188.96,10478872.43
2023-06-20T00:00:00+00:00,DOGEUSD,0.06241,0.06316,0.06071,0.06315,196043596.37,12174708.93
2023-06-21T00:00:00+00:00,DOGEUSD,0.06315,0.06678,0.06285,0.06561,435152114.02,28160863.7
2023-06-22T00:00:00+00:00,DOGEUSD,0.06561,0.06937,0.06514,0.06557,468730605.5,31443559.82
2023-06-23T00:00:00+00:00,DOGEUSD,0.06557,0.07013,0.06526,0.06827,454988959.51,30800534.15
2023-06-24T00:00:00+00:00,DOGEUSD,0.06827,0.06844,0.06521,0.06673,415666739.76,27938610.08
2023-06-25T00:00:00+00:00,DOGEUSD,0.06673,0.06804,0.06642,0.06674,268709881.86,18060801.54
2023-06-26T00:00:00+00:00,DOGEUSD,0.06674,0.06685,0.06329,0.06479,428926254.37,28043627.55
2023-06-27T00:00:00+00:00,DOGEUSD,0.06479,0.06579,0.06438,0.06559,332861083.98,21722836.26
2023-06-28T00:00:00+00:00,DOGEUSD,0.06559,0.06595,0.0601,0.06255,369617145.33,23517467.69
2023-06-29T00:00:00+00:00,DOGEUSD,0.06255,0.06408,0.06241,0.0634,236834725.91,14978624.2
2023-06-30T00:00:00+00:00,DOGEUSD,0.0634,0.06694,0.061,0.06644,836875197.53,54469082.05
2023-07-01T00:00:00+00:00,DOGEUSD,0.06644,0.07136,0.06638,0.06852,552685679.26,38035035.86
2023-07-02T00:00:00+00:00,DOGEUSD,0.06852,0.06921,0.066,0.068,331731118.91,22427680.53
2023-07-03T00:00:00+00:00,DOGEUSD,0.068,0.0688,0.06728,0.06845,290518188.65,19764977.68
2023-07-04T00:00:00+00:00,DOGEUSD,0.06845,0.07186,0.06766,0.06895,603360679.34,41835796.35
2023-07-05T00:00:00+00:00,DOGEUSD,0.06895,0.06927,0.06559,0.067,353430577.37,23701259.9
2023-07-06T00:00:00+00:00,DOGEUSD,0.067,0.06856,0.06469,0.06487,326542191.6,21699493.97
2023-07-07T00:00:00+00:00,DOGEUSD,0.06487,0.06588,0.0641,0.06543,230952113.62,15085732.56
2023-07-08T00:00:00+00:00,DOGEUSD,0.06543,0.06609,0.06475,0.06575,144777091.52,9465231.6
2023-07-09T00:00:00+00:00,DOGEUSD,0.06575,0.06639,0.06516,0.06538,113688876.24,7480430.9
2023-07-10T00:00:00+00:00,DOGEUSD,0.06538,0.0662,0.06339,0.06523,303159821.3,19670627.98
2023-07-11T00:00:00+00:00,DOGEUSD,0.06523,0.06548,0.06441,0.06529,140637259.49,9134911.3
2023-07-12T00:00:00+00:00,DOGEUSD,0.06529,0.06571,0.06369,0.06505,172626996.48,11203929.85
2023-07-13T00:00:00+00:00,DOGEUSD,0.06505,0.07168,0.06457,0.07044,709515651.36,48733470.7
2023-07-14T00:00:00+00:00,DOGEUSD,0.07044,0.07311,0.06623,0.06852,853354492.7,59909414.39
2023-07-15T00:00:00+00:00,DOGEUSD,0.06852,0.07513,0.06774,0.07195,983462435.22,71387102.19
2023-07-16T00:00:00+00:00,DOGEUSD,0.07195,0.07224,0.06896,0.06954,468765345.77,33127833.09
2023-07-17T00:00:00+00:00,DOGEUSD,0.06954,0.07315,0.06785,0.06987,553304138.07,38659676.72
2023-07-18T00:00:00+00:00,DOGEUSD,0.06987,0.07033,0.0671,0.06868,279949099.9,19195692.18
2023-07-19T00:00:00+00:00,DOGEUSD,0.06868,0.07228,0.06832,0.07003,567913222.11,39710300.26
2023-07-20T00:00:00+00:00,DOGEUSD,0.07003,0.07387,0.06931,0.0706,803418820.5,57289457.13
2023-07-21T00:00:00+00:00,DOGEUSD,0.0706,0.07688,0.07031,0.07325,905828381.9,66181271.62
2023-07-22T00:00:00+00:00,DOGEUSD,0.07325,0.07332,0.06968,0.07053,320296917.64,22974660.05
2023-07-23T00:00:00+00:00,DOGEUSD,0.07053,0.07292,0.07002,0.07181,201905738.53,14503410.94
2023-07-24T00:00:00+00:00,DOGEUSD,0.07181,0.07782,0.0702,0.07419,1096212444.2,81935936.75
2023-07-25T00:00:00+00:00,DOGEUSD,0.07419,0.08378,0.07362,0.08185,1302675200.71,102972062.14
2023-07-26T00:00:00+00:00,DOGEUSD,0.08185,0.08225,0.07654,0.07797,750287323.59,59436019.15
2023-07-27T00:00:00+00:00,DOGEUSD,0.07797,0.07995,0.07668,0.07758,399831084.96,31320376.59
2023-07-28T00:00:00+00:00,DOGEUSD,0.07758,0.07788,0.07606,0.07715,259188571.16,19961681.03
2023-07-29T00:00:00+00:00,DOGEUSD,0.07715,0.08228,0.07688,0.08024,364088070.07,29003584.18
2023-07-30T00:00:00+00:00,DOGEUSD,0.08024,0.08054,0.0764,0.07808,294894497.03,23322826.45
2023-07-31T00:00:00+00:00,DOGEUSD,0.07808,0.07976,0.07677,0.07784,252086102.22,19724720.89
2023-08-01T00:00:00+00:00,DOGEUSD,0.07784,0.07826,0.07534,0.0781,266992044.86,20510031.1
2023-08-02T00:00:00+00:00,DOGEUSD,0.0781,0.07829,0.07379,0.0742,302747016.18,22895652.8
2023-08-03T00:00:00+00:00,DOGEUSD,0.0742,0.07497,0.07249,0.07354,269780820.03,19957016.38
2023-08-04T00:00:00+00:00,DOGEUSD,0.07354,0.07487,0.07246,0.07339,244432200.42,18054513.61
2023-08-05T00:00:00+00:00,DOGEUSD,0.07339,0.07694,0.07281,0.07565,307893067.37,23212198.21
2023-08-06T00:00:00+00:00,DOGEUSD,0.07565,0.07641,0.07402,0.07416,173191116.77,13003192.46
2023-08-07T00:00:00+00:00,DOGEUSD,0.07416,0.07555,0.07167,0.07347,222176981.85,16353059.1
2023-08-08T00:00:00+00:00,DOGEUSD,0.07347,0.07545,0.07314,0.07494,225212837.24,16769882.19
2023-08-09T00:00:00+00:00,DOGEUSD,0.07494,0.07621,0.07414,0.07536,239860206.26,18043854.37
2023-08-10T00:00:00+00:00,DOGEUSD,0.07536,0.07687,0.07508,0.0758,247934656.17,18796000.77
2023-08-11T00:00:00+00:00,DOGEUSD,0.0758,0.07604,0.07478,0.07567,132780698.7,10019119.97
2023-08-12T00:00:00+00:00,DOGEUSD,0.07567,0.07735,0.07555,0.07667,211885160.22,16215195.64
2023-08-13T00:00:00+00:00,DOGEUSD,0.07667,0.07682,0.07421,0.07471,179566918.54,13588022.09
2023-08-14T00:00:00+00:00,DOGEUSD,0.07471,0.07698,0.07359,0.07463,261309287.98,19556358.26
2023-08-15T00:00:00+00:00,DOGEUSD,0.07463,0.07488,0.06827,0.07086,327191359.46,23435932.79
2023-08-16T00:00:00+00:00,DOGEUSD,0.07086,0.07118,0.0661,0.06712,359903376.56,24672556.89
2023-08-17T00:00:00+00:00,DOGEUSD,0.06712,0.06833,0.0579,0.06104,696059092.14,44230088.34
2023-08-18T00:00:00+00:00,DOGEUSD,0.06104,0.06384,0.05993,0.06323,461694209.52,28730401.51
2023-08-19T00:00:00+00:00,DOGEUSD,0.06323,0.06447,0.0631,0.0638,122268227.77,7777608.53
2023-08-20T00:00:00+00:00,DOGEUSD,0.0638,0.06467,0.06338,0.06384,105825004.45,6774828.8
2023-08-21T00:00:00+00:00,DOGEUSD,0.06384,0.0641,0.06046,0.06252,195229512.74,12186408.96
2023-08-22T00:00:00+00:00,DOGEUSD,0.06252,0.06326,0.06033,0.06254,234694376.34,14581550.65
2023-08-23T00:00:00+00:00,DOGEUSD,0.06254,0.06488,0.06244,0.06378,275550899.85,17549347.65
2023-08-24T00:00:00+00:00,DOGEUSD,0.06378,0.06404,0.06191,0.06305,132432173.86,8353721.36
2023-08-25T00:00:00+00:00,DOGEUSD,0.06305,0.06312,0.0617,0.06309,104538712.95,6527180.82
2023-08-26T00:00:00+00:00,DOGEUSD,0.06309,0.06335,0.06259,0.06287,44487390.12,2801473.24
2023-08-27T00:00:00+00:00,DOGEUSD,0.06287,0.06375,0.06267,0.06315,63285353.32,3993976.12
2023-08-28T00:00:00+00:00,DOGEUSD,0.06315,0.06361,0.06188,0.06342,110164401.66,6917612.59
2023-08-29T00:00:00+00:00,DOGEUSD,0.06342,0.06853,0.06239,0.06639,473251501.3,31166604.48
2023-08-30T00:00:00+00:00,DOGEUSD,0.06639,0.06645,0.0644,0.06588,179018252.33,11708563.77
2023-08-31T00:00:00+00:00,DOGEUSD,0.06588,0.067,0.06287,0.06376,325049107.74,21115435.8
2023-09-01T00:00:00+00:00,DOGEUSD,0.06376,0.06419,0.06235,0.06385,167853281.38,10656029.45
2023-09-02T00:00:00+00:00,DOGEUSD,0.06385,0.06494,0.06266,0.06349,154974044.52,9870505.22
2023-09-03T00:00:00+00:00,DOGEUSD,0.06349,0.06376,0.06276,0.06316,70727158.05,4479336.94
2023-09-04T00:00:00+00:00,DOGEUSD,0.06316,0.06383,0.06208,0.06324,101270868.18,6388578.63
2023-09-05T00:00:00+00:00,DOGEUSD,0.06324,0.06434,0.06284,0.06399,139533474.52,8895525.21
2023-09-06T00:00:00+00:00,DOGEUSD,0.06399,0.06456,0.06246,0.06361,139207831.41,8860898.78
2023-09-07T00:00:00+00:00,DOGEUSD,0.06361,0.06381,0.06274,0.06363,102436957.96,6487019.09
2023-09-08T00:00:00+00:00,DOGEUSD,0.06363,0.06398,0.06238,0.06368,98135707.75,6207944.28
2023-09-09T00:00:00+00:00,DOGEUSD,0.06368,0.0639,0.06321,0.06337,63476516.87,4031541.94
2023-09-10T00:00:00+00:00,DOGEUSD,0.06337,0.0634,0.0595,0.06129,185015981.66,11357932.03
2023-09-11T00:00:00+00:00,DOGEUSD,0.06129,0.06196,0.05921,0.06046,217286216.93,13129766.58
2023-09-12T00:00:00+00:00,DOGEUSD,0.06046,0.06237,0.06042,0.06088,244309532.08,14997747.64
2023-09-13T00:00:00+00:00,DOGEUSD,0.06088,0.06179,0.06049,0.06125,175412238.29,10719476.39
2023-09-14T00:00:00+00:00,DOGEUSD,0.06125,0.06257,0.06109,0.06211,246318994.46,15231884.19
2023-09-15T00:00:00+00:00,DOGEUSD,0.06211,0.06293,0.06138,0.06251,122243392.82,7587480.29
2023-09-16T00:00:00+00:00,DOGEUSD,0.06251,0.06297,0.0618,0.06216,96371755.72,6009230.56
2023-09-17T00:00:00+00:00,DOGEUSD,0.06216,0.06255,0.061,0.06148,112092373.81,6924219.37
2023-09-18T00:00:00+00:00,DOGEUSD,0.06148,0.06282,0.061,0.062,179943123.57,11162447.15
2023-09-19T00:00:00+00:00,DOGEUSD,0.062,0.06323,0.06192,0.06268,142289741.29,8905310.81
2023-09-20T00:00:00+00:00,DOGEUSD,0.06268,0.06304,0.06152,0.06263,144267226.33,8988326.38
2023-09-21T00:00:00+00:00,DOGEUSD,0.06263,0.06345,0.06103,0.0613,149840782.26,9303586.84
2023-09-22T00:00:00+00:00,DOGEUSD,0.0613,0.06187,0.06061,0.06152,90262619.38,5548910.65
2023-09-23T00:00:00+00:00,DOGEUSD,0.06152,0.06198,0.06128,0.06151,51378652.34,3163350.71
2023-09-24T00:00:00+00:00,DOGEUSD,0.06151,0.06175,0.06034,0.0607,61386133.1,3757779.76
2023-09-25T00:00:00+00:00,DOGEUSD,0.0607,0.0612,0.06014,0.06093,76743330.74,4665657
2023-09-26T00:00:00+00:00,DOGEUSD,0.06093,0.06114,0.05932,0.06059,136561877.82,8244904.04
2023-09-27T00:00:00+00:00,DOGEUSD,0.06059,0.06136,0.06013,0.06048,111122400.53,6745119.06
2023-09-28T00:00:00+00:00,DOGEUSD,0.06048,0.06166,0.06034,0.0615,113942634.87,6958821.33
2023-09-29T00:00:00+00:00,DOGEUSD,0.0615,0.06242,0.06131,0.06215,114357010.21,7076583.52
2023-09-30T00:00:00+00:00,DOGEUSD,0.06215,0.06269,0.06174,0.06208,129317157.47,8031482.27
2023-10-01T00:00:00+00:00,DOGEUSD,0.06208,0.06356,0.06173,0.06317,131558251.44,8232962.12
2023-10-02T00:00:00+00:00,DOGEUSD,0.06317,0.06417,0.06104,0.06203,243648101.46,15298979.66
2023-10-03T00:00:00+00:00,DOGEUSD,0.06203,0.06229,0.06109,0.06139,67310942.62,4150690.03
2023-10-04T00:00:00+00:00,DOGEUSD,0.06139,0.06159,0.06009,0.06146,92903851.8,5658851.93
2023-10-05T00:00:00+00:00,DOGEUSD,0.06146,0.06165,0.06065,0.06086,78916785.88,4820508.95
2023-10-06T00:00:00+00:00,DOGEUSD,0.06086,0.06159,0.06073,0.0614,71541129.4,4376812.76
2023-10-07T00:00:00+00:00,DOGEUSD,0.0614,0.06168,0.06107,0.06146,39438766.97,2422143.7
2023-10-08T00:00:00+00:00,DOGEUSD,0.06146,0.06164,0.06075,0.06098,50091447.42,3063692.92
2023-10-09T00:00:00+00:00,DOGEUSD,0.06098,0.06103,0.0569,0.05876,211424925.52,12485513.29
2023-10-10T00:00:00+00:00,DOGEUSD,0.05876,0.05925,0.05849,0.05913,80121254.4,4716976.58
2023-10-11T00:00:00+00:00,DOGEUSD,0.05913,0.05949,0.05766,0.05851,107994622.15,6313503.85
2023-10-12T00:00:00+00:00,DOGEUSD,0.05851,0.05853,0.0573,0.05788,76608865.83,4429199.13
2023-10-13T00:00:00+00:00,DOGEUSD,0.05788,0.05886,0.05777,0.05839,103989006.61,6061617.95
2023-10-14T00:00:00+00:00,DOGEUSD,0.05839,0.05997,0.05834,0.05984,61534595.45,3641684.5
2023-10-15T00:00:00+00:00,DOGEUSD,0.05984,0.05985,0.05901,0.05931,76350378.12,4535605.67
2023-10-16T00:00:00+00:00,DOGEUSD,0.05931,0.06173,0.05912,0.06002,253350118.19,15246071.17
2023-10-17T00:00:00+00:00,DOGEUSD,0.06002,0.06019,0.05822,0.05906,100997000.46,5989143.71
2023-10-18T00:00:00+00:00,DOGEUSD,0.05906,0.05936,0.05827,0.05861,71482013.67,4203112.89
2023-10-19T00:00:00+00:00,DOGEUSD,0.05861,0.05892,0.05751,0.05887,79903870.23,4663821.25
2023-10-20T00:00:00+00:00,DOGEUSD,0.05887,0.06051,0.05867,0.05993,118399810,7076953.78
2023-10-21T00:00:00+00:00,DOGEUSD,0.05993,0.06147,0.05945,0.0612,108059547.61,6572140.75
2023-10-22T00:00:00+00:00,DOGEUSD,0.0612,0.06173,0.0598,0.06171,105549360.31,6437838.83
2023-10-23T00:00:00+00:00,DOGEUSD,0.06171,0.06792,0.06134,0.06744,643362096.56,41525243.18
2023-10-24T00:00:00+00:00,DOGEUSD,0.06744,0.07005,0.06422,0.06656,809448889.6,54566478.78
2023-10-25T00:00:00+00:00,DOGEUSD,0.06656,0.06979,0.06469,0.06835,788571592.66,52909947.69
2023-10-26T00:00:00+00:00,DOGEUSD,0.06835,0.07515,0.06784,0.07187,1114765785.7,80022858.44
2023-10-27T00:00:00+00:00,DOGEUSD,0.07187,0.0724,0.06729,0.06779,480532604.71,33590177.25
2023-10-28T00:00:00+00:00,DOGEUSD,0.06779,0.06979,0.06753,0.06904,216973099.27,14926843.77
2023-10-29T00:00:00+00:00,DOGEUSD,0.06904,0.07019,0.06728,0.06937,215964837.51,14893026.12
2023-10-30T00:00:00+00:00,DOGEUSD,0.06937,0.07041,0.06786,0.06963,233473832.97,16160086.24
2023-10-31T00:00:00+00:00,DOGEUSD,0.06963,0.07085,0.06575,0.06828,397348468.28,27256841.3
2023-11-01T00:00:00+00:00,DOGEUSD,0.06828,0.06978,0.06573,0.06896,566968163.35,38541857.72
2023-11-02T00:00:00+00:00,DOGEUSD,0.06896,0.07089,0.06664,0.06791,443150874.96,30548722.63
2023-11-03T00:00:00+00:00,DOGEUSD,0.06791,0.06828,0.06629,0.06811,262708542.76,17692050.5
2023-11-04T00:00:00+00:00,DOGEUSD,0.06811,0.06931,0.06795,0.06911,193648088.15,13287679.63
2023-11-05T00:00:00+00:00,DOGEUSD,0.06911,0.07178,0.06889,0.07111,369865883.26,26027587.07
2023-11-06T00:00:00+00:00,DOGEUSD,0.07111,0.07663,0.07032,0.07641,732626930.65,54183402.64
2023-11-07T00:00:00+00:00,DOGEUSD,0.07641,0.07652,0.07155,0.0734,765905028.48,56476343.25
2023-11-08T00:00:00+00:00,DOGEUSD,0.0734,0.07706,0.07283,0.07535,467201978.28,34930411.89
2023-11-09T00:00:00+00:00,DOGEUSD,0.07535,0.07795,0.06934,0.07357,788141649.04,58448736.12
2023-11-10T00:00:00+00:00,DOGEUSD,0.07357,0.07563,0.07247,0.07544,478974490.26,35518551.89
2023-11-11T00:00:00+00:00,DOGEUSD,0.07544,0.08196,0.07456,0.07853,1261497196.18,99454844.95
2023-11-12T00:00:00+00:00,DOGEUSD,0.07853,0.08036,0.07518,0.07798,521260483.3,40696588.59
2023-11-13T00:00:00+00:00,DOGEUSD,0.07798,0.07961,0.07353,0.07456,775302513.15,59472409.87
2023-11-14T00:00:00+00:00,DOGEUSD,0.07456,0.07555,0.06905,0.07244,604442196.81,44223658.26
2023-11-15T00:00:00+00:00,DOGEUSD,0.07244,0.07656,0.07229,0.07627,402779564.74,29961274.77
2023-11-16T00:00:00+00:00,DOGEUSD,0.07627,0.08339,0.07599,0.07956,1287584021.54,101612148.77
2023-11-17T00:00:00+00:00,DOGEUSD,0.07956,0.08752,0.07914,0.08673,1923026826.42,159525567.1
2023-11-18T00:00:00+00:00,DOGEUSD,0.08673,0.08686,0.07927,0.08031,1112963192.93,92150210.78
2023-11-19T00:00:00+00:00,DOGEUSD,0.08031,0.08071,0.07751,0.08052,534953138.31,42288098
2023-11-20T00:00:00+00:00,DOGEUSD,0.08052,0.08224,0.07709,0.07772,615550695.58,49116934.19
2023-11-21T00:00:00+00:00,DOGEUSD,0.07772,0.07878,0.07083,0.07179,832031428.15,62517561.23
2023-11-22T00:00:00+00:00,DOGEUSD,0.07179,0.07663,0.07159,0.07576,461677581.66,34567519.74
2023-11-23T00:00:00+00:00,DOGEUSD,0.07576,0.07639,0.07498,0.07621,232887504,17669253.55
2023-11-24T00:00:00+00:00,DOGEUSD,0.07621,0.07871,0.07607,0.07823,333979704.41,25892476.69
2023-11-25T00:00:00+00:00,DOGEUSD,0.07823,0.07921,0.07758,0.07898,181843794.16,14289365.46
2023-11-26T00:00:00+00:00,DOGEUSD,0.07898,0.07902,0.07565,0.0787,243210153.01,18842010.75
2023-11-27T00:00:00+00:00,DOGEUSD,0.0787,0.08148,0.07682,0.07882,564475108.24,44723453.61
2023-11-28T00:00:00+00:00,DOGEUSD,0.07882,0.0812,0.07674,0.08087,454645695.19,36161031.5
2023-11-29T00:00:00+00:00,DOGEUSD,0.08087,0.08315,0.07965,0.08051,426789318.2,34606931.5
2023-11-30T00:00:00+00:00,DOGEUSD,0.08051,0.0844,0.08041,0.08343,526411210.29,43473020.32
2023-12-01T00:00:00+00:00,DOGEUSD,0.08343,0.08508,0.08228,0.08388,458974859.75,38407344.43
2023-12-02T00:00:00+00:00,DOGEUSD,0.08388,0.08665,0.0833,0.08623,304862290.61,25864238.39
2023-12-03T00:00:00+00:00,DOGEUSD,0.08623,0.08741,0.08366,0.08575,397244927.08,33900850.13
2023-12-04T00:00:00+00:00,DOGEUSD,0.08575,0.09254,0.08534,0.09189,1092787917.81,96957496.74
2023-12-05T00:00:00+00:00,DOGEUSD,0.09189,0.09578,0.0875,0.09435,1022870149,93826679.7
2023-12-06T00:00:00+00:00,DOGEUSD,0.09435,0.1064,0.09344,0.09488,2055013663.92,205376782.35
2023-12-07T00:00:00+00:00,DOGEUSD,0.09488,0.09829,0.09275,0.09593,862155701.62,82436028.71
2023-12-08T00:00:00+00:00,DOGEUSD,0.09593,0.1041,0.0956,0.1017,715798249.21,70890138.12
2023-12-09T00:00:00+00:00,DOGEUSD,0.1017,0.1049,0.09758,0.0985,623981789.73,63273094.38
2023-12-10T00:00:00+00:00,DOGEUSD,0.0985,0.1028,0.09671,0.1019,404449074.35,40587392.64
2023-12-11T00:00:00+00:00,DOGEUSD,0.1019,0.1072,0.09099,0.09414,1237337130.96,120528274.26
2023-12-12T00:00:00+00:00,DOGEUSD,0.09414,0.098,0.09114,0.09377,555254836.81,52455434.59
2023-12-13T00:00:00+00:00,DOGEUSD,0.09377,0.09757,0.08985,0.09642,544813309.93,50915916.09
2023-12-14T00:00:00+00:00,DOGEUSD,0.09642,0.09875,0.09352,0.09836,554280888.51,53743526.67
2023-12-15T00:00:00+00:00,DOGEUSD,0.09836,0.09882,0.09251,0.09299,398995888.19,38189673.05
2023-12-16T00:00:00+00:00,DOGEUSD,0.09299,0.0972,0.09159,0.0971,276701414.02,26144689.87
2023-12-17T00:00:00+00:00,DOGEUSD,0.0971,0.09777,0.09235,0.09287,290322256.38,27573560.95
2023-12-18T00:00:00+00:00,DOGEUSD,0.09287,0.0937,0.08645,0.09212,450594033.22,40621215.58
2023-12-19T00:00:00+00:00,DOGEUSD,0.09212,0.0935,0.08922,0.09019,333031362.36,30534253.15
2023-12-20T00:00:00+00:00,DOGEUSD,0.09019,0.09333,0.08944,0.09149,367023180.56,33571168.73
2023-12-21T00:00:00+00:00,DOGEUSD,0.09149,0.09792,0.09063,0.09499,589611669.05,55786342.64
2023-12-22T00:00:00+00:00,DOGEUSD,0.09499,0.09562,0.09195,0.09504,396127098.81,37156480.08
2023-12-23T00:00:00+00:00,DOGEUSD,0.09504,0.09505,0.09213,0.09348,192847000.44,18007041.91
2023-12-24T00:00:00+00:00,DOGEUSD,0.09348,0.09491,0.09052,0.09178,304112953.28,28340618.23
2023-12-25T00:00:00+00:00,DOGEUSD,0.09178,0.09538,0.0913,0.09437,210421200,19665752.18
2023-12-26T00:00:00+00:00,DOGEUSD,0.09437,0.09446,0.08701,0.09137,357939240.43,32774113.12
2023-12-27T00:00:00+00:00,DOGEUSD,0.09137,0.09391,0.08959,0.09367,242633908.57,22467976.05
2023-12-28T00:00:00+00:00,DOGEUSD,0.09367,0.09498,0.09109,0.09177,283726009.86,26380373.41
2023-12-29T00:00:00+00:00,DOGEUSD,0.09177,0.09303,0.08864,0.09101,262004441.07,23925609.04
2023-12-30T00:00:00+00:00,DOGEUSD,0.09101,0.0914,0.08926,0.09001,125811366.33,11394202.03
2023-12-31T00:00:00+00:00,DOGEUSD,0.09001,0.09085,0.08804,0.0895,113788834.1,10237464.1
2024-01-01T00:00:00+00:00,DOGEUSD,0.0895,0.09208,0.0885,0.092,158364883.86,14363090.41
2024-01-02T00:00:00+00:00,DOGEUSD,0.092,0.09441,0.09042,0.0911,356260589.08,33026702.48
2024-01-03T00:00:00+00:00,DOGEUSD,0.0911,0.09213,0.07702,0.08203,713125339.46,59961786.12
2024-01-04T00:00:00+00:00,DOGEUSD,0.08203,0.08475,0.08112,0.08408,336469143.11,27993882.62
2024-01-05T00:00:00+00:00,DOGEUSD,0.08408,0.0849,0.08041,0.08272,496644483.05,40946885.6
2024-01-06T00:00:00+00:00,DOGEUSD,0.08272,0.08274,0.07845,0.08063,201373297.82,16266205.52
2024-01-07T00:00:00+00:00,DOGEUSD,0.08063,0.08148,0.0771,0.07828,201949846.81,16083010.69
2024-01-08T00:00:00+00:00,DOGEUSD,0.07828,0.08182,0.07429,0.08137,442578443.57,34856849.15
2024-01-09T00:00:00+00:00,DOGEUSD,0.08137,0.08395,0.07676,0.07923,971186854.27,76960515.9
2024-01-10T00:00:00+00:00,DOGEUSD,0.07923,0.08508,0.07629,0.08306,613135016.68,48888679.69
2024-01-11T00:00:00+00:00,DOGEUSD,0.08306,0.08797,0.08207,0.08458,563241213.41,47817865.95
2024-01-12T00:00:00+00:00,DOGEUSD,0.08458,0.08543,0.07776,0.08008,420299899.23,34563255.36
2024-01-13T00:00:00+00:00,DOGEUSD,0.08008,0.08133,0.0786,0.08093,186191547.12,14944554.54
2024-01-14T00:00:00+00:00,DOGEUSD,0.08093,0.08388,0.07964,0.07998,260415117.83,21293541.83
2024-01-15T00:00:00+00:00,DOGEUSD,0.07998,0.08169,0.07982,0.08103,124415542.29,10069291.06
2024-01-16T00:00:00+00:00,DOGEUSD,0.08103,0.08247,0.07984,0.08131,220636574.94,17940119.81
2024-01-17T00:00:00+00:00,DOGEUSD,0.08131,0.08156,0.07932,0.08053,139971745.49,11274429.09
2024-01-18T00:00:00+00:00,DOGEUSD,0.08053,0.0807,0.07683,0.07802,204994822.75,16150382.94
2024-01-19T00:00:00+00:00,DOGEUSD,0.07802,0.07875,0.07478,0.0785,285616970.03,22063808.02
2024-01-20T00:00:00+00:00,DOGEUSD,0.0785,0.09616,0.07816,0.09054,604066195.01,51835982.45
2024-01-21T00:00:00+00:00,DOGEUSD,0.09054,0.09507,0.08466,0.08537,809449138.63,71048374.57
2024-01-22T00:00:00+00:00,DOGEUSD,0.08537,0.0855,0.08004,0.08045,726946815.34,60367615.91
2024-01-23T00:00:00+00:00,DOGEUSD,0.08045,0.08176,0.07597,0.07816,531663850.81,41447863.11
2024-01-24T00:00:00+00:00,DOGEUSD,0.07816,0.08062,0.0776,0.07901,345691878.04,27290474.75
2024-01-25T00:00:00+00:00,DOGEUSD,0.07901,0.07921,0.07709,0.07786,225482570.57,17565301.73
2024-01-26T00:00:00+00:00,DOGEUSD,0.07786,0.08033,0.07749,0.07983,224285587.14,17749617.06
2024-01-27T00:00:00+00:00,DOGEUSD,0.07983,0.08073,0.07901,0.08014,137422968.81,10977215.28
2024-01-28T00:00:00+00:00,DOGEUSD,0.08014,0.08144,0.0782,0.07882,146439592.51,11707335.73
2024-01-29T00:00:00+00:00,DOGEUSD,0.07882,0.08302,0.07819,0.08135,443437863.1,35969143.19
2024-01-30T00:00:00+00:00,DOGEUSD,0.08135,0.08216,0.0794,0.07973,204199925.05,16575635.83
2024-01-31T00:00:00+00:00,DOGEUSD,0.07973,0.08024,0.07796,0.07873,186935396.95,14826301.94
2024-02-01T00:00:00+00:00,DOGEUSD,0.07873,0.07982,0.07732,0.07932,131266866.99,10357342.24
2024-02-02T00:00:00+00:00,DOGEUSD,0.07932,0.07992,0.07855,0.07923,117837838.19,9341281
2024-02-03T00:00:00+00:00,DOGEUSD,0.07923,0.07948,0.07853,0.0787,51874785.08,4102266.03
2024-02-04T00:00:00+00:00,DOGEUSD,0.0787,0.07991,0.07782,0.07828,68194309.39,5376991.86
2024-02-05T00:00:00+00:00,DOGEUSD,0.07828,0.08021,0.07732,0.07825,201409395.06,15864042.45
2024-02-06T00:00:00+00:00,DOGEUSD,0.07825,0.07919,0.07765,0.07847,85892781.92,6740411.22
2024-02-07T00:00:00+00:00,DOGEUSD,0.07847,0.08029,0.07809,0.08011,121749328.89,9650041.28
2024-02-08T00:00:00+00:00,DOGEUSD,0.08011,0.08083,0.07958,0.07987,133557102.45,10706609.35
2024-02-09T00:00:00+00:00,DOGEUSD,0.07987,0.08216,0.07987,0.0816,269178883.37,21893586.34
2024-02-10T00:00:00+00:00,DOGEUSD,0.0816,0.08219,0.08037,0.08145,154913618.17,12586206.01
2024-02-11T00:00:00+00:00,DOGEUSD,0.08145,0.08356,0.08078,0.08125,230578656.54,18922050.23
2024-02-12T00:00:00+00:00,DOGEUSD,0.08125,0.08286,0.07946,0.08226,279519183.65,22710294.24
2024-02-13T00:00:00+00:00,DOGEUSD,0.08226,0.08302,0.07968,0.0811,264827007.8,21617257.31
2024-02-14T00:00:00+00:00,DOGEUSD,0.0811,0.08706,0.08053,0.08556,463615771.38,39128628.75
2024-02-15T00:00:00+00:00,DOGEUSD,0.08556,0.08828,0.08399,0.08538,424472152.9,36518415.66
2024-02-16T00:00:00+00:00,DOGEUSD,0.08538,0.08801,0.08402,0.08598,290414222.84,24915371.34
2024-02-17T00:00:00+00:00,DOGEUSD,0.08598,0.08613,0.08193,0.08359,243761001.43,20389790.55
2024-02-18T00:00:00+00:00,DOGEUSD,0.08359,0.08574,0.08288,0.0852,212175457.15,17864979.91
2024-02-19T00:00:00+00:00,DOGEUSD,0.0852,0.09079,0.08505,0.08943,460464799.4,40417981.44
2024-02-20T00:00:00+00:00,DOGEUSD,0.08943,0.09152,0.08309,0.08617,571454407.49,49722195.24
2024-02-21T00:00:00+00:00,DOGEUSD,0.08617,0.08628,0.08198,0.0846,280563088.96,23524090.76
2024-02-22T00:00:00+00:00,DOGEUSD,0.0846,0.08547,0.08302,0.08404,212047917.95,17923606.53
2024-02-23T00:00:00+00:00,DOGEUSD,0.08404,0.08552,0.08286,0.0845,284499171.1,23936750.33
2024-02-24T00:00:00+00:00,DOGEUSD,0.0845,0.08644,0.08383,0.08615,198084461.75,16931853.55
2024-02-25T00:00:00+00:00,DOGEUSD,0.08615,0.08678,0.08522,0.08616,196389726.9,16922255.42
2024-02-26T00:00:00+00:00,DOGEUSD,0.08616,0.09015,0.08418,0.08935,414436718.95,36160558.24
2024-02-27T00:00:00+00:00,DOGEUSD,0.08935,0.1007,0.08851,0.09764,1378778409.78,131823689.62
2024-02-28T00:00:00+00:00,DOGEUSD,0.09764,0.1234,0.0943,0.1162,2561228408.11,276910698.63
2024-02-29T00:00:00+00:00,DOGEUSD,0.1162,0.1351,0.1113,0.1174,3125764704.73,392864093.73
2024-03-01T00:00:00+00:00,DOGEUSD,0.1174,0.1462,0.1172,0.1395,2203095485.77,288332438.07
2024-03-02T00:00:00+00:00,DOGEUSD,0.1395,0.1511,0.136,0.1421,1813945141.02,259309477.42
2024-03-03T00:00:00+00:00,DOGEUSD,0.1421,0.1567,0.1236,0.1536,1883077253.27,270921696.48
2024-03-04T00:00:00+00:00,DOGEUSD,0.1536,0.1863,0.1452,0.1824,2979340880.51,501084775.02
2024-03-05T00:00:00+00:00,DOGEUSD,0.1824,0.2076,0.1261,0.1537,4398575321.64,754515674.32
2024-03-06T00:00:00+00:00,DOGEUSD,0.1537,0.1797,0.1464,0.1579,2073535647.91,334264586.05
2024-03-07T00:00:00+00:00,DOGEUSD,0.1579,0.1625,0.1466,0.1578,1331590743.58,205896252.67
2024-03-08T00:00:00+00:00,DOGEUSD,0.1578,0.1762,0.1553,0.1649,1480291262.53,246583887.66
2024-03-09T00:00:00+00:00,DOGEUSD,0.1649,0.1856,0.1634,0.1792,1145949844.95,200739335.91
2024-03-10T00:00:00+00:00,DOGEUSD,0.1792,0.18,0.1655,0.1703,717988404.12,124543074.17
2024-03-11T00:00:00+00:00,DOGEUSD,0.1703,0.1831,0.16,0.182,1122261066.73,194775869.13
2024-03-12T00:00:00+00:00,DOGEUSD,0.182,0.1835,0.1557,0.1682,841611717.16,142322815.43
2024-03-13T00:00:00+00:00,DOGEUSD,0.1682,0.1745,0.165,0.1691,646031105.08,109741692.35
2024-03-14T00:00:00+00:00,DOGEUSD,0.1691,0.193,0.1651,0.1772,2073654604.67,372987027.49
2024-03-15T00:00:00+00:00,DOGEUSD,0.1772,0.1813,0.1513,0.1635,1573447587.82,258700101.03
2024-03-16T00:00:00+00:00,DOGEUSD,0.1635,0.1652,0.138,0.1424,1017102376.25,153687569.94
2024-03-17T00:00:00+00:00,DOGEUSD,0.1424,0.159,0.1367,0.1542,886857243.55,132273329.34
2024-03-18T00:00:00+00:00,DOGEUSD,0.1542,0.1542,0.14,0.1435,703508992.5,102886254.01
2024-03-19T00:00:00+00:00,DOGEUSD,0.1435,0.1452,0.1252,0.1287,1482706299.05,195674707.18
2024-03-20T00:00:00+00:00,DOGEUSD,0.1287,0.1533,0.1228,0.1521,1661269016.53,227846920.04
2024-03-21T00:00:00+00:00,DOGEUSD,0.1521,0.1598,0.1466,0.1554,1255024360.52,191752590.86
2024-03-22T00:00:00+00:00,DOGEUSD,0.1554,0.165,0.1453,0.1529,1201006500.08,185339092.84
2024-03-23T00:00:00+00:00,DOGEUSD,0.1529,0.1751,0.1517,0.1619,1284929065.8,211549847.01
2024-03-24T00:00:00+00:00,DOGEUSD,0.1619,0.18,0.1612,0.1765,1221220828.38,210552410.1
2024-03-25T00:00:00+00:00,DOGEUSD,0.1765,0.1869,0.1701,0.1753,1208031481.41,214369873.07
2024-03-26T00:00:00+00:00,DOGEUSD,0.1753,0.1871,0.1743,0.1823,1095219257.08,197456157.76
2024-03-27T00:00:00+00:00,DOGEUSD,0.1823,0.1915,0.1789,0.1903,1837321662.43,341407524.3
2024-03-28T00:00:00+00:00,DOGEUSD,0.1903,0.2288,0.1891,0.22,2535750781.39,533190621.4
2024-03-29T00:00:00+00:00,DOGEUSD,0.22,0.2248,0.2079,0.2131,1172288237.57,251667003.85
2024-03-30T00:00:00+00:00,DOGEUSD,0.2131,0.2169,0.1967,0.1992,866880350.31,178844850.87
2024-03-31T00:00:00+00:00,DOGEUSD,0.1992,0.2243,0.1992,0.22,875921100.85,186642519.87
2024-04-01T00:00:00+00:00,DOGEUSD,0.22,0.22,0.1972,0.2052,1282096508.85,263979561.65
2024-04-02T00:00:00+00:00,DOGEUSD,0.2052,0.2052,0.1801,0.1825,1699676823.5,319240558.71
2024-04-03T00:00:00+00:00,DOGEUSD,0.1825,0.1875,0.1701,0.1753,1255932486.24,226050902.1
2024-04-04T00:00:00+00:00,DOGEUSD,0.1753,0.1884,0.172,0.1801,952027699.92,172075444.41
2024-04-05T00:00:00+00:00,DOGEUSD,0.1801,0.1808,0.1675,0.1773,908340612.73,158289528.24
2024-04-06T00:00:00+00:00,DOGEUSD,0.1773,0.1879,0.1765,0.1858,636631641.96,116376530.6
2024-04-07T00:00:00+00:00,DOGEUSD,0.1858,0.2053,0.1855,0.1988,1037003728.87,204664849.21
2024-04-08T00:00:00+00:00,DOGEUSD,0.1988,0.2089,0.1955,0.2026,788978788.77,160229236.09
2024-04-09T00:00:00+00:00,DOGEUSD,0.2026,0.2034,0.1857,0.1891,857062803.07,166404099.42
2024-04-10T00:00:00+00:00,DOGEUSD,0.1891,0.2021,0.1799,0.1998,922294519.72,177521244.53
2024-04-11T00:00:00+00:00,DOGEUSD,0.1998,0.2036,0.1897,0.1938,680892298.47,133004909.41
2024-04-12T00:00:00+00:00,DOGEUSD,0.1938,0.2013,0.1608,0.1744,1504706919.33,273900581.05
2024-04-13T00:00:00+00:00,DOGEUSD,0.1744,0.1759,0.1301,0.1527,2367551009.73,369505028.37
2024-04-14T00:00:00+00:00,DOGEUSD,0.1527,0.165,0.1444,0.1623,1506182605.91,231392255.87
2024-04-15T00:00:00+00:00,DOGEUSD,0.1623,0.1691,0.1505,0.1612,1386602041.22,220552913.04
2024-04-16T00:00:00+00:00,DOGEUSD,0.1612,0.1625,0.1463,0.1561,866720177.05,133665685.03
2024-04-17T00:00:00+00:00,DOGEUSD,0.1561,0.1587,0.1443,0.1476,748532843.87,112637647.63
2024-04-18T00:00:00+00:00,DOGEUSD,0.1476,0.1575,0.141,0.1523,761535622.96,113486418.68
2024-04-19T00:00:00+00:00,DOGEUSD,0.1523,0.1572,0.139,0.1564,955620522.97,142805611.8
2024-04-20T00:00:00+00:00,DOGEUSD,0.1564,0.1651,0.1507,0.1627,736758507.54,116686637.57
2024-04-21T00:00:00+00:00,DOGEUSD,0.1627,0.1659,0.1551,0.1582,517415570.23,82990034.06
2024-04-22T00:00:00+00:00,DOGEUSD,0.1582,0.1635,0.1565,0.1613,481796003.25,77228210.27
2024-04-23T00:00:00+00:00,DOGEUSD,0.1613,0.163,0.1569,0.1598,389015858.93,62435643.43
2024-04-24T00:00:00+00:00,DOGEUSD,0.1598,0.1644,0.1493,0.1513,736261326.32,116252757.87
2024-04-25T00:00:00+00:00,DOGEUSD,0.1513,0.1544,0.1475,0.1513,363390659.27,54809036.14
2024-04-26T00:00:00+00:00,DOGEUSD,0.1513,0.1518,0.1468,0.1479,340876777.84,50897878.79
2024-04-27T00:00:00+00:00,DOGEUSD,0.1479,0.1496,0.1427,0.1477,317518426.72,46360059.94
2024-04-28T00:00:00+00:00,DOGEUSD,0.1477,0.151,0.146,0.1467,158144192.74,23560922.41
2024-04-29T00:00:00+00:00,DOGEUSD,0.1467,0.148,0.1397,0.1434,425829077.98,60593620.97
2024-04-30T00:00:00+00:00,DOGEUSD,0.1434,0.1459,0.1291,0.1333,660348573.78,89725061.07
2024-05-01T00:00:00+00:00,DOGEUSD,0.1333,0.1338,0.1199,0.1301,1154685131.2,145888997.88
2024-05-02T00:00:00+00:00,DOGEUSD,0.1301,0.1344,0.124,0.1319,638180405.3,83360772.69
2024-05-03T00:00:00+00:00,DOGEUSD,0.1319,0.1481,0.1312,0.1461,641341113.21,89107101.82
2024-05-04T00:00:00+00:00,DOGEUSD,0.1461,0.1699,0.1458,0.1601,1229653524.63,195320111.5
2024-05-05T00:00:00+00:00,DOGEUSD,0.1601,0.1635,0.1546,0.161,545181524.94,87196329.2
2024-05-06T00:00:00+00:00,DOGEUSD,0.161,0.169,0.1541,0.1565,719358251.49,115724357.94
2024-05-07T00:00:00+00:00,DOGEUSD,0.1565,0.1599,0.1493,0.15,502180853.15,78076107.52
2024-05-08T00:00:00+00:00,DOGEUSD,0.15,0.1519,0.142,0.1432,492794946.53,72559151.05
2024-05-09T00:00:00+00:00,DOGEUSD,0.1432,0.1542,0.1431,0.1522,463375698.33,68650459.64
2024-05-10T00:00:00+00:00,DOGEUSD,0.1522,0.1539,0.1423,0.1439,500204686.06,73583889.19
2024-05-11T00:00:00+00:00,DOGEUSD,0.1439,0.1462,0.1425,0.143,141042120.2,20334316.35
2024-05-12T00:00:00+00:00,DOGEUSD,0.143,0.1444,0.1396,0.1412,222383874.32,31541279.67
2024-05-13T00:00:00+00:00,DOGEUSD,0.1412,0.1573,0.1358,0.1486,964436752.43,143034521.68
2024-05-14T00:00:00+00:00,DOGEUSD,0.1486,0.1551,0.1442,0.1454,799098095.33,119353242.59
2024-05-15T00:00:00+00:00,DOGEUSD,0.1454,0.157,0.1452,0.1554,740810478.61,112411731.74
2024-05-16T00:00:00+00:00,DOGEUSD,0.1554,0.1593,0.1487,0.1497,473534135.05,72711410.55
2024-05-17T00:00:00+00:00,DOGEUSD,0.1497,0.1567,0.1493,0.1556,418823745.91,64149055.47
2024-05-18T00:00:00+00:00,DOGEUSD,0.1556,0.157,0.1514,0.1531,205236467.77,31621218.4
2024-05-19T00:00:00+00:00,DOGEUSD,0.1531,0.156,0.1474,0.1491,235349739.67,35626881.13
2024-05-20T00:00:00+00:00,DOGEUSD,0.1491,0.1663,0.1478,0.1658,635158589.25,99492399.05
2024-05-21T00:00:00+00:00,DOGEUSD,0.1658,0.1737,0.1607,0.1702,970213629.9,161792759.86
2024-05-22T00:00:00+00:00,DOGEUSD,0.1702,0.1746,0.1617,0.1662,661938330.76,111372940.84
2024-05-23T00:00:00+00:00,DOGEUSD,0.1662,0.1693,0.152,0.1596,720087377.23,115731886.3
2024-05-24T00:00:00+00:00,DOGEUSD,0.1596,0.1732,0.1551,0.1638,960898927.06,157937168.83
2024-05-25T00:00:00+00:00,DOGEUSD,0.1638,0.1742,0.1627,0.1739,452654506.79,75982764.91
2024-05-26T00:00:00+00:00,DOGEUSD,0.1739,0.1749,0.1654,0.1661,448647169.29,76289604.77
2024-05-27T00:00:00+00:00,DOGEUSD,0.1661,0.1735,0.1641,0.1689,481264237.88,81116298.74
2024-05-28T00:00:00+00:00,DOGEUSD,0.1689,0.1696,0.1614,0.1648,435160912.31,71726170.42
2024-05-29T00:00:00+00:00,DOGEUSD,0.1648,0.1707,0.1621,0.1637,490890595.22,81547594.11
2024-05-30T00:00:00+00:00,DOGEUSD,0.1637,0.1655,0.1563,0.1594,507558156.42,81853141.41
2024-05-31T00:00:00+00:00,DOGEUSD,0.1594,0.1625,0.1543,0.1589,300264519.4,47604648.84
2024-06-01T00:00:00+00:00,DOGEUSD,0.1589,0.1616,0.1583,0.1602,134705909.94,21551170.12
2024-06-02T00:00:00+00:00,DOGEUSD,0.1602,0.1612,0.1546,0.1571,150324233.06,23699717.6
2024-06-03T00:00:00+00:00,DOGEUSD,0.1571,0.1635,0.1557,0.1583,338407420.12,54309215.19
2024-06-04T00:00:00+00:00,DOGEUSD,0.1583,0.1619,0.157,0.1614,191437905.19,30591459.72
2024-06-05T00:00:00+00:00,DOGEUSD,0.1614,0.1648,0.1613,0.1632,219000571.88,35689124.85
2024-06-06T00:00:00+00:00,DOGEUSD,0.1632,0.1656,0.1583,0.1601,230631444.77,37386842.45
2024-06-07T00:00:00+00:00,DOGEUSD,0.1601,0.1621,0.1402,0.1482,573037576.72,86818750.04
2024-06-08T00:00:00+00:00,DOGEUSD,0.1482,0.1487,0.1435,0.1459,256522528.63,37561807.15
2024-06-09T00:00:00+00:00,DOGEUSD,0.1459,0.1491,0.145,0.1468,153047221.24,22449720.16
2024-06-10T00:00:00+00:00,DOGEUSD,0.1468,0.1479,0.1433,0.1447,247278559.46,35913647.74
2024-06-11T00:00:00+00:00,DOGEUSD,0.1447,0.1451,0.1337,0.1381,502779405.21,70047942.99
2024-06-12T00:00:00+00:00,DOGEUSD,0.1381,0.1507,0.1346,0.1462,625038004.15,90361315.59
2024-06-13T00:00:00+00:00,DOGEUSD,0.1462,0.1464,0.1401,0.141,361524494.64,51696959.03
2024-06-14T00:00:00+00:00,DOGEUSD,0.141,0.1433,0.1319,0.1349,429405147.2,58838405.36
2024-06-15T00:00:00+00:00,DOGEUSD,0.1349,0.1374,0.1341,0.1367,178962816.12,24360757.57
2024-06-16T00:00:00+00:00,DOGEUSD,0.1367,0.1375,0.1347,0.137,135092549.27,18405181.55
2024-06-17T00:00:00+00:00,DOGEUSD,0.137,0.1381,0.1261,0.1288,452121282.45,59642865.9
2024-06-18T00:00:00+00:00,DOGEUSD,0.1288,0.1292,0.1141,0.1222,699699447.78,84415334.02
2024-06-19T00:00:00+00:00,DOGEUSD,0.1222,0.1268,0.1214,0.1225,397625178.57,49218533.96
2024-06-20T00:00:00+00:00,DOGEUSD,0.1225,0.1287,0.1213,0.1245,326013443.92,40491839.46
2024-06-21T00:00:00+00:00,DOGEUSD,0.1245,0.1256,0.1213,0.1241,245544421.94,30357542.7
2024-06-22T00:00:00+00:00,DOGEUSD,0.1241,0.1255,0.1229,0.1237,146235637.65,18181774.58
2024-06-23T00:00:00+00:00,DOGEUSD,0.1237,0.1263,0.1212,0.1221,173274153.07,21440847.93
2024-06-24T00:00:00+00:00,DOGEUSD,0.1221,0.1238,0.1136,0.1189,431129306.19,50932000.97
2024-06-25T00:00:00+00:00,DOGEUSD,0.1189,0.1285,0.1188,0.1261,490561691.43,61185515.51
2024-06-26T00:00:00+00:00,DOGEUSD,0.1261,0.1286,0.1216,0.1227,317571751.54,39331879.55
2024-06-27T00:00:00+00:00,DOGEUSD,0.1227,0.1283,0.1205,0.1269,345885265.64,42984174.16
2024-06-28T00:00:00+00:00,DOGEUSD,0.1269,0.1283,0.122,0.1228,288797355.78,36196652.43
2024-06-29T00:00:00+00:00,DOGEUSD,0.1228,0.1242,0.1212,0.1217,88520445.28,10886784.39
2024-06-30T00:00:00+00:00,DOGEUSD,0.1217,0.1255,0.1203,0.1243,113022157,13871257.06
2024-07-01T00:00:00+00:00,DOGEUSD,0.1243,0.1273,0.1231,0.1234,187000945.46,23394472.25
2024-07-02T00:00:00+00:00,DOGEUSD,0.1234,0.1252,0.1223,0.1251,143844756.59,17782684.44
2024-07-03T00:00:00+00:00,DOGEUSD,0.1251,0.1253,0.1167,0.1184,266447679.96,31851828.64
2024-07-04T00:00:00+00:00,DOGEUSD,0.1184,0.119,0.104,0.1049,606982391.33,66970080.95
2024-07-05T00:00:00+00:00,DOGEUSD,0.1049,0.1068,0.09166,0.1056,1057761602.33,105302810.65
2024-07-06T00:00:00+00:00,DOGEUSD,0.1056,0.1142,0.1047,0.1135,379141943.11,41368563.66
2024-07-07T00:00:00+00:00,DOGEUSD,0.1135,0.1135,0.1036,0.1041,258615609.56,28102535.92
2024-07-08T00:00:00+00:00,DOGEUSD,0.1041,0.1114,0.09879,0.1076,431662984.89,45520469.24
2024-07-09T00:00:00+00:00,DOGEUSD,0.1076,0.1095,0.1058,0.1075,279268420.96,30117746.82
2024-07-10T00:00:00+00:00,DOGEUSD,0.1075,0.1105,0.1058,0.108,292776963.75,31830402.8
2024-07-11T00:00:00+00:00,DOGEUSD,0.108,0.1125,0.1062,0.1066,197395628.99,21440343.73
2024-07-12T00:00:00+00:00,DOGEUSD,0.1066,0.1084,0.1048,0.1077,172960773.55,18463995.26
2024-07-13T00:00:00+00:00,DOGEUSD,0.1077,0.113,0.1073,0.1123,238462594.34,26357122.3
2024-07-14T00:00:00+00:00,DOGEUSD,0.1123,0.1169,0.1112,0.1154,207494671.67,23583582.76
2024-07-15T00:00:00+00:00,DOGEUSD,0.1154,0.1256,0.1146,0.125,347674712.44,41635443.67
2024-07-16T00:00:00+00:00,DOGEUSD,0.125,0.1279,0.119,0.1248,372089262.49,46279459.02
2024-07-17T00:00:00+00:00,DOGEUSD,0.1248,0.1278,0.1202,0.1218,298911232.64,37041799.59
2024-07-18T00:00:00+00:00,DOGEUSD,0.1218,0.1239,0.1172,0.1195,234752703.12,28349934.6
2024-07-19T00:00:00+00:00,DOGEUSD,0.1195,0.1261,0.1174,0.1255,292361110.83,35909982.33
2024-07-20T00:00:00+00:00,DOGEUSD,0.1255,0.1358,0.1244,0.1343,486133117.99,63919328.47
2024-07-21T00:00:00+00:00,DOGEUSD,0.1343,0.1437,0.1258,0.1402,517535481.02,70186727.28
2024-07-22T00:00:00+00:00,DOGEUSD,0.1402,0.1426,0.1359,0.1378,545325369.81,75960490.92
2024-07-23T00:00:00+00:00,DOGEUSD,0.1378,0.1393,0.1281,0.1303,388572384.98,51541485.49
2024-07-24T00:00:00+00:00,DOGEUSD,0.1303,0.1348,0.1269,0.1279,222980817.56,29231028.86
2024-07-25T00:00:00+00:00,DOGEUSD,0.1279,0.1287,0.1201,0.1252,353671091.46,43790272.15
2024-07-26T00:00:00+00:00,DOGEUSD,0.1252,0.1349,0.1251,0.1342,352976029.81,46221135.33
2024-07-27T00:00:00+00:00,DOGEUSD,0.1342,0.1387,0.1302,0.1314,435710122.18,58509287.42
2024-07-28T00:00:00+00:00,DOGEUSD,0.1314,0.1319,0.1282,0.13,177334846.79,23065150.46
2024-07-29T00:00:00+00:00,DOGEUSD,0.13,0.135,0.1277,0.1284,361758080.08,47638593.55
2024-07-30T00:00:00+00:00,DOGEUSD,0.1284,0.1306,0.1233,0.1255,246540280.52,31467589.84
2024-07-31T00:00:00+00:00,DOGEUSD,0.1255,0.1273,0.1212,0.1219,220119941.93,27369437.59
2024-08-01T00:00:00+00:00,DOGEUSD,0.1219,0.123,0.112,0.119,316524433.1,37279609.15
2024-08-02T00:00:00+00:00,DOGEUSD,0.119,0.1196,0.1101,0.1114,295977345.1,33762727.76
2024-08-03T00:00:00+00:00,DOGEUSD,0.1114,0.1146,0.1052,0.1081,356113840.89,39003583.11
2024-08-04T00:00:00+00:00,DOGEUSD,0.1081,0.1093,0.09904,0.1037,338136835.1,35261091.45
2024-08-05T00:00:00+00:00,DOGEUSD,0.1037,0.1042,0.08051,0.09435,1485328120.47,135136244.37
2024-08-06T00:00:00+00:00,DOGEUSD,0.09435,0.1015,0.09411,0.09652,461169812.24,45153729.73
2024-08-07T00:00:00+00:00,DOGEUSD,0.09652,0.1021,0.09433,0.09557,472886939.94,46336380.83
2024-08-08T00:00:00+00:00,DOGEUSD,0.09557,0.108,0.09357,0.1075,442811372.21,45247515.5
2024-08-09T00:00:00+00:00,DOGEUSD,0.1075,0.1078,0.1016,0.1039,292318844.18,30433737.54
2024-08-10T00:00:00+00:00,DOGEUSD,0.1039,0.1059,0.1029,0.1052,138385390.74,14478871.87
2024-08-11T00:00:00+00:00,DOGEUSD,0.1052,0.111,0.1001,0.1006,374995744.45,39886633.13
2024-08-12T00:00:00+00:00,DOGEUSD,0.1006,0.1086,0.1002,0.1079,425296731.37,44744044.97
2024-08-13T00:00:00+00:00,DOGEUSD,0.1079,0.1091,0.1034,0.1064,237836793.63,25181368.31
2024-08-14T00:00:00+00:00,DOGEUSD,0.1064,0.1071,0.1015,0.1024,181435401.67,18923496.57
2024-08-15T00:00:00+00:00,DOGEUSD,0.1024,0.1049,0.09798,0.1002,271657458.45,27470711.39
2024-08-16T00:00:00+00:00,DOGEUSD,0.1002,0.1021,0.09748,0.1004,195274752.6,19549200.97
2024-08-17T00:00:00+00:00,DOGEUSD,0.1004,0.1037,0.1001,0.1028,91965246.08,9393393.88
2024-08-18T00:00:00+00:00,DOGEUSD,0.1028,0.1044,0.1,0.1001,124483746.93,12772958.17
2024-08-19T00:00:00+00:00,DOGEUSD,0.1001,0.1019,0.0986,0.1014,183463148.18,18340683.32
2024-08-20T00:00:00+00:00,DOGEUSD,0.1014,0.1057,0.1011,0.1029,414196589.51,43045787.34
2024-08-21T00:00:00+00:00,DOGEUSD,0.1029,0.108,0.1021,0.1062,228675245.34,24009082.46
2024-08-22T00:00:00+00:00,DOGEUSD,0.1062,0.1069,0.104,0.1053,138813976.75,14645525.08
2024-08-23T00:00:00+00:00,DOGEUSD,0.1053,0.1155,0.1053,0.113,470540765.54,52039551.51
2024-08-24T00:00:00+00:00,DOGEUSD,0.113,0.115,0.1108,0.1126,307405778.65,34716410.58
2024-08-25T00:00:00+00:00,DOGEUSD,0.1126,0.1129,0.1079,0.1097,225925727.36,24890006.11
2024-08-26T00:00:00+00:00,DOGEUSD,0.1097,0.1103,0.1045,0.1052,226295223.83,24287206.94
2024-08-27T00:00:00+00:00,DOGEUSD,0.1052,0.1065,0.09647,0.09892,343558010.14,35163552.73
2024-08-28T00:00:00+00:00,DOGEUSD,0.09892,0.1019,0.09684,0.09968,323378845.96,32192998.85
2024-08-29T00:00:00+00:00,DOGEUSD,0.09968,0.1026,0.09829,0.1004,196609909.87,19749311.06
2024-08-30T00:00:00+00:00,DOGEUSD,0.1004,0.1029,0.09703,0.1018,286078432.66,28746541.76
2024-08-31T00:00:00+00:00,DOGEUSD,0.1018,0.1023,0.1004,0.1013,135998454.7,13793466.63
2024-09-01T00:00:00+00:00,DOGEUSD,0.1013,0.1015,0.09399,0.09512,193513199.97,18929887.95
2024-09-02T00:00:00+00:00,DOGEUSD,0.09512,0.09984,0.0941,0.0991,197172954.71,19140134.95
2024-09-03T00:00:00+00:00,DOGEUSD,0.0991,0.1008,0.09649,0.09677,189163233.74,18628226.14
2024-09-04T00:00:00+00:00,DOGEUSD,0.09677,0.0995,0.09196,0.09799,333093334.57,32121197.31
2024-09-05T00:00:00+00:00,DOGEUSD,0.09799,0.09916,0.09601,0.09839,225842585.46,22074773
2024-09-06T00:00:00+00:00,DOGEUSD,0.09839,0.09941,0.08893,0.09254,392986407.68,36846762.33
2024-09-07T00:00:00+00:00,DOGEUSD,0.09254,0.0957,0.09174,0.0954,232509435.48,21913401.4
2024-09-08T00:00:00+00:00,DOGEUSD,0.0954,0.09695,0.09385,0.09615,144170057.09,13784463.78
2024-09-09T00:00:00+00:00,DOGEUSD,0.09615,0.1049,0.09576,0.1038,391893256.1,39484360.55
2024-09-10T00:00:00+00:00,DOGEUSD,0.1038,0.1046,0.1015,0.1028,198845968.16,20463973.21
2024-09-11T00:00:00+00:00,DOGEUSD,0.1028,0.103,0.09786,0.1013,248317126.4,24997271.05
2024-09-12T00:00:00+00:00,DOGEUSD,0.1013,0.1033,0.1005,0.1027,213782254.67,21826146.14
2024-09-13T00:00:00+00:00,DOGEUSD,0.1027,0.1085,0.1018,0.1071,418495427.4,44342951.4
2024-09-14T00:00:00+00:00,DOGEUSD,0.1071,0.1078,0.1044,0.1054,190926102.69,20254008.85
2024-09-15T00:00:00+00:00,DOGEUSD,0.1054,0.1064,0.1022,0.1028,178709489.11,18778646.49
2024-09-16T00:00:00+00:00,DOGEUSD,0.1028,0.1032,0.09834,0.09965,226156784.07,22750797.45
2024-09-17T00:00:00+00:00,DOGEUSD,0.09965,0.1026,0.09869,0.1011,324990634.3,32843972.29
2024-09-18T00:00:00+00:00,DOGEUSD,0.1011,0.1039,0.09937,0.1039,243565502.12,24674878.44
2024-09-19T00:00:00+00:00,DOGEUSD,0.1039,0.1071,0.1035,0.105,287684909.58,30238304.37
2024-09-20T00:00:00+00:00,DOGEUSD,0.105,0.1075,0.1036,0.1055,284691242.61,30053392.34
2024-09-21T00:00:00+00:00,DOGEUSD,0.1055,0.1105,0.1041,0.11,250625229.21,27028744.23
2024-09-22T00:00:00+00:00,DOGEUSD,0.11,0.11,0.1038,0.1063,189827994.89,20275100.43
2024-09-23T00:00:00+00:00,DOGEUSD,0.1063,0.1092,0.1041,0.1081,273001593.9,29308946.49
2024-09-24T00:00:00+00:00,DOGEUSD,0.1081,0.1106,0.1068,0.1098,267925696.13,29092698.7
2024-09-25T00:00:00+00:00,DOGEUSD,0.1098,0.1111,0.108,0.1085,247347358.77,27112912.15
2024-09-26T00:00:00+00:00,DOGEUSD,0.1085,0.1206,0.107,0.1182,621431232.68,71720210.21
2024-09-27T00:00:00+00:00,DOGEUSD,0.1182,0.1288,0.117,0.1235,682299246.62,84405016.52
2024-09-28T00:00:00+00:00,DOGEUSD,0.1235,0.1321,0.1201,0.1281,574664546.26,73157264.54
2024-09-29T00:00:00+00:00,DOGEUSD,0.1281,0.1304,0.1243,0.1243,331880370.14,42187321.65
2024-09-30T00:00:00+00:00,DOGEUSD,0.1243,0.1246,0.1132,0.1142,444641435.97,53185872.67
2024-10-01T00:00:00+00:00,DOGEUSD,0.1142,0.1193,0.1026,0.1069,628965917.69,69631786.35
2024-10-02T00:00:00+00:00,DOGEUSD,0.1069,0.1095,0.1023,0.1046,421514964.19,44667998.39
2024-10-03T00:00:00+00:00,DOGEUSD,0.1046,0.1068,0.1011,0.1051,337194913.75,35075617.77
2024-10-04T00:00:00+00:00,DOGEUSD,0.1051,0.1106,0.1048,0.1092,365672872.2,39567594.35
2024-10-05T00:00:00+00:00,DOGEUSD,0.1092,0.1102,0.1075,0.1094,178094455.65,19428493.25
2024-10-06T00:00:00+00:00,DOGEUSD,0.1094,0.1129,0.1084,0.1115,171360359.31,18979792.18
2024-10-07T00:00:00+00:00,DOGEUSD,0.1115,0.1155,0.1082,0.1084,460690590.57,51827215.13
2024-10-08T00:00:00+00:00,DOGEUSD,0.1084,0.1098,0.1052,0.1071,253922393.78,27283950.32
2024-10-09T00:00:00+00:00,DOGEUSD,0.1071,0.1114,0.106,0.1079,307191547.46,33454016.15
2024-10-10T00:00:00+00:00,DOGEUSD,0.1079,0.1085,0.103,0.1059,320973854.97,33878063.41
2024-10-11T00:00:00+00:00,DOGEUSD,0.1059,0.1114,0.1056,0.1107,264663357.67,28892658.94
2024-10-12T00:00:00+00:00,DOGEUSD,0.1107,0.1121,0.1093,0.1114,169402973.26,18822390.16
2024-10-13T00:00:00+00:00,DOGEUSD,0.1114,0.1121,0.1086,0.1113,151030576.42,16705597.71
2024-10-14T00:00:00+00:00,DOGEUSD,0.1113,0.1177,0.1093,0.1166,431969794.51,49203580.83
2024-10-15T00:00:00+00:00,DOGEUSD,0.1166,0.1192,0.1102,0.1174,487205463.98,56106759.2
2024-10-16T00:00:00+00:00,DOGEUSD,0.1174,0.1298,0.1158,0.1257,1073694786.08,133771550.52
2024-10-17T00:00:00+00:00,DOGEUSD,0.1257,0.1309,0.1204,0.1296,768528832.85,95966264.87
2024-10-18T00:00:00+00:00,DOGEUSD,0.1296,0.1408,0.1296,0.1372,1031428219.15,139898677.13
2024-10-19T00:00:00+00:00,DOGEUSD,0.1372,0.1469,0.137,0.1441,713610111.22,102410885.26
2024-10-20T00:00:00+00:00,DOGEUSD,0.1441,0.1456,0.1372,0.1421,465746595.17,65690285.87
2024-10-21T00:00:00+00:00,DOGEUSD,0.1421,0.1497,0.1381,0.1436,792047930.68,114311427.61
2024-10-22T00:00:00+00:00,DOGEUSD,0.1436,0.1484,0.1364,0.1396,691798170.51,98024539.78
2024-10-23T00:00:00+00:00,DOGEUSD,0.1396,0.1408,0.133,0.1399,551179100.62,75828419.28
2024-10-24T00:00:00+00:00,DOGEUSD,0.1399,0.1437,0.1362,0.1418,458834748.84,64523716.73
2024-10-25T00:00:00+00:00,DOGEUSD,0.1418,0.1426,0.1276,0.1314,581619834.36,78957768.85
2024-10-26T00:00:00+00:00,DOGEUSD,0.1314,0.1379,0.1305,0.1373,279161405.1,37495242.6
2024-10-27T00:00:00+00:00,DOGEUSD,0.1373,0.1461,0.1359,0.1441,457241671.18,64652440.68
2024-10-28T00:00:00+00:00,DOGEUSD,0.1441,0.1624,0.141,0.1614,1254764906.08,190028546.82
2024-10-29T00:00:00+00:00,DOGEUSD,0.1614,0.1797,0.1604,0.1758,1349764091.08,229652737.34
2024-10-30T00:00:00+00:00,DOGEUSD,0.1758,0.1778,0.1644,0.1683,677281406.51,115811665.84
2024-10-31T00:00:00+00:00,DOGEUSD,0.1683,0.1735,0.1562,0.1614,722769764.93,119882500.28
2024-11-01T00:00:00+00:00,DOGEUSD,0.1614,0.1689,0.1541,0.1591,775672348.78,124792132.56
2024-11-02T00:00:00+00:00,DOGEUSD,0.1591,0.1636,0.1555,0.1595,371644855.04,59223047.02
2024-11-03T00:00:00+00:00,DOGEUSD,0.1595,0.1598,0.1422,0.1513,838290856.08,125033028.48
2024-11-04T00:00:00+00:00,DOGEUSD,0.1513,0.1601,0.1481,0.1582,936419199.44,145676164.3
2024-11-05T00:00:00+00:00,DOGEUSD,0.1582,0.1794,0.1579,0.17,1453732821.66,247118934.03
2024-11-06T00:00:00+00:00,DOGEUSD,0.17,0.2191,0.1691,0.1967,3500094223.17,689878544.04
2024-11-07T00:00:00+00:00,DOGEUSD,0.1967,0.2044,0.1856,0.1934,1209771344.23,234630268.6
2024-11-08T00:00:00+00:00,DOGEUSD,0.1934,0.2075,0.1906,0.2021,1203468014.49,238251374.53
2024-11-09T00:00:00+00:00,DOGEUSD,0.2021,0.22,0.1976,0.2191,1066626855.44,222636994.85
2024-11-10T00:00:00+00:00,DOGEUSD,0.2191,0.2984,0.2168,0.2779,3512464598.36,897508411.54
2024-11-11T00:00:00+00:00,DOGEUSD,0.2779,0.3519,0.2729,0.3519,3572032324.62,1103586089.1
2024-11-12T00:00:00+00:00,DOGEUSD,0.3519,0.4393,0.3274,0.3804,5495694628.49,2090190899.44
2024-11-13T00:00:00+00:00,DOGEUSD,0.3804,0.4344,0.353,0.3997,4169316482.57,1642064656.81
2024-11-14T00:00:00+00:00,DOGEUSD,0.3997,0.4162,0.352,0.3626,2268352245.3,884490409.98
2024-11-15T00:00:00+00:00,DOGEUSD,0.3626,0.3849,0.3519,0.3816,1686642104.45,620660020.85
2024-11-16T00:00:00+00:00,DOGEUSD,0.3816,0.3916,0.3601,0.3643,997033835.65,373551282.44
2024-11-17T00:00:00+00:00,DOGEUSD,0.3643,0.3754,0.3394,0.3671,966061401.36,345897081.84
2024-11-18T00:00:00+00:00,DOGEUSD,0.3671,0.3821,0.3577,0.3715,1317975910.18,489747878.76
2024-11-19T00:00:00+00:00,DOGEUSD,0.3715,0.4204,0.3667,0.3912,1737520079.09,684714985.97
2024-11-20T00:00:00+00:00,DOGEUSD,0.3912,0.3971,0.3653,0.378,1045672453.03,400762683.29
2024-11-21T00:00:00+00:00,DOGEUSD,0.378,0.3955,0.3694,0.387,1036812228.63,398512320.16
2024-11-22T00:00:00+00:00,DOGEUSD,0.387,0.4201,0.3811,0.4132,1772003018.26,711953818.2
2024-11-23T00:00:00+00:00,DOGEUSD,0.4132,0.4806,0.4046,0.4306,2665295095.25,1184073546.04
2024-11-24T00:00:00+00:00,DOGEUSD,0.4306,0.4549,0.4,0.4307,1496339948.08,636945476.62
2024-11-25T00:00:00+00:00,DOGEUSD,0.4307,0.4378,0.3803,0.3927,1458309067.74,599111584.42
2024-11-26T00:00:00+00:00,DOGEUSD,0.3927,0.4088,0.3647,0.387,1213943108.28,467375812.53
2024-11-27T00:00:00+00:00,DOGEUSD,0.387,0.4084,0.3802,0.4014,751367623.55,297514879.05
2024-11-28T00:00:00+00:00,DOGEUSD,0.4014,0.4293,0.3912,0.4017,681347052.73,276615441.73
2024-11-29T00:00:00+00:00,DOGEUSD,0.4017,0.4378,0.3995,0.4264,939084586.92,394160558.29
2024-11-30T00:00:00+00:00,DOGEUSD,0.4264,0.4358,0.4137,0.4218,803170430.13,341047483.81
2024-12-01T00:00:00+00:00,DOGEUSD,0.4218,0.45,0.4167,0.4406,998182049.58,432804817.66
2024-12-02T00:00:00+00:00,DOGEUSD,0.4406,0.4638,0.4005,0.4247,1430723258.11,615305827.73
2024-12-03T00:00:00+00:00,DOGEUSD,0.4247,0.4297,0.3882,0.4066,1020962829.04,419284263.44
2024-12-04T00:00:00+00:00,DOGEUSD,0.4066,0.4378,0.4003,0.4333,907018023.8,380024302.55
2024-12-05T00:00:00+00:00,DOGEUSD,0.4333,0.4658,0.4079,0.4274,2064370606.37,907198597.31
2024-12-06T00:00:00+00:00,DOGEUSD,0.4274,0.4423,0.4204,0.4354,796187833.69,344843994.57
2024-12-07T00:00:00+00:00,DOGEUSD,0.4354,0.4665,0.4313,0.4534,959119416.21,433944365.88
2024-12-08T00:00:00+00:00,DOGEUSD,0.4534,0.4845,0.4466,0.4668,924273641.74,429447703.65
2024-12-09T00:00:00+00:00,DOGEUSD,0.4668,0.4678,0.382,0.4142,1443219856.16,618528952
2024-12-10T00:00:00+00:00,DOGEUSD,0.4142,0.423,0.3653,0.394,1495292624.18,588656151.51
2024-12-11T00:00:00+00:00,DOGEUSD,0.394,0.4194,0.3754,0.4143,901504018.74,362649953.97
2024-12-12T00:00:00+00:00,DOGEUSD,0.4143,0.4241,0.4011,0.4062,587889893.6,242623120.66
2024-12-13T00:00:00+00:00,DOGEUSD,0.4062,0.4122,0.3993,0.4091,728829203.98,294433964.04
2024-12-14T00:00:00+00:00,DOGEUSD,0.4091,0.4141,0.3874,0.3982,358934777.33,143175192.89
2024-12-15T00:00:00+00:00,DOGEUSD,0.3982,0.4111,0.3923,0.4064,299264038.98,120007812.39
2024-12-16T00:00:00+00:00,DOGEUSD,0.4064,0.4149,0.3923,0.402,498599245.19,201906885.94
2024-12-17T00:00:00+00:00,DOGEUSD,0.402,0.4102,0.3912,0.3942,325943575.68,130592397.81
2024-12-18T00:00:00+00:00,DOGEUSD,0.3942,0.3963,0.3495,0.3581,679131272.01,253576243.57
2024-12-19T00:00:00+00:00,DOGEUSD,0.3581,0.3671,0.3,0.314,1608885292.26,530735051.67
2024-12-20T00:00:00+00:00,DOGEUSD,0.314,0.3287,0.262,0.3177,2048052135.85,613896691.68
2024-12-21T00:00:00+00:00,DOGEUSD,0.3177,0.3499,0.314,0.3202,861434715.35,283734353.26
2024-12-22T00:00:00+00:00,DOGEUSD,0.3202,0.3243,0.3046,0.3123,497554761.6,156798947.21
2024-12-23T00:00:00+00:00,DOGEUSD,0.3123,0.3284,0.3027,0.3245,700083108.51,220234103.79
2024-12-24T00:00:00+00:00,DOGEUSD,0.3245,0.3402,0.3158,0.3369,444744399.63,146626027.24
2024-12-25T00:00:00+00:00,DOGEUSD,0.3369,0.3419,0.3263,0.3341,302122555.62,100551671.92
2024-12-26T00:00:00+00:00,DOGEUSD,0.3341,0.3377,0.3082,0.3124,335337990.15,107090222.96
2024-12-27T00:00:00+00:00,DOGEUSD,0.3124,0.3244,0.3085,0.3114,315016855.61,99072532.88
2024-12-28T00:00:00+00:00,DOGEUSD,0.3114,0.3268,0.311,0.3238,163560598.24,52056957.42
2024-12-29T00:00:00+00:00,DOGEUSD,0.3238,0.3291,0.3113,0.3137,221540761,70731718.22
2024-12-30T00:00:00+00:00,DOGEUSD,0.3137,0.3227,0.306,0.3134,371611006.75,117394930
2024-12-31T00:00:00+00:00,DOGEUSD,0.3134,0.3286,0.3088,0.3154,351202841.49,111968664.98
2025-01-01T00:00:00+00:00,DOGEUSD,0.3154,0.3268,0.3114,0.3244,251131350.84,80142446.71
2025-01-02T00:00:00+00:00,DOGEUSD,0.3244,0.3446,0.324,0.3386,411786898.63,138179812.59
2025-01-03T00:00:00+00:00,DOGEUSD,0.3386,0.3893,0.3357,0.3797,577801313.69,211226011.64
2025-01-04T00:00:00+00:00,DOGEUSD,0.3797,0.3987,0.3766,0.3948,453685224.4,175664000.93
2025-01-05T00:00:00+00:00,DOGEUSD,0.3948,0.3978,0.3752,0.3822,223566831.64,86063718.54
2025-01-06T00:00:00+00:00,DOGEUSD,0.3822,0.3954,0.376,0.388,310208389.87,120108994.22
2025-01-07T00:00:00+00:00,DOGEUSD,0.388,0.3984,0.3471,0.348,688049008.33,253883930.44
2025-01-08T00:00:00+00:00,DOGEUSD,0.348,0.3555,0.3246,0.3422,702486903.87,239880478.93
2025-01-09T00:00:00+00:00,DOGEUSD,0.3422,0.3467,0.3143,0.321,619769638.08,202443603.97
2025-01-10T00:00:00+00:00,DOGEUSD,0.321,0.3396,0.321,0.3338,501241926.9,165479864.12
2025-01-11T00:00:00+00:00,DOGEUSD,0.3338,0.348,0.3296,0.341,198205709.98,66933482.23
2025-01-12T00:00:00+00:00,DOGEUSD,0.341,0.3434,0.3309,0.3358,201533696.14,68162361.18
2025-01-13T00:00:00+00:00,DOGEUSD,0.3358,0.3458,0.3099,0.338,607036434.84,197470185.21
2025-01-14T00:00:00+00:00,DOGEUSD,0.338,0.362,0.3357,0.3558,532628409.42,186279618.24
2025-01-15T00:00:00+00:00,DOGEUSD,0.3558,0.3878,0.3482,0.3853,692272318.59,254620126.4
2025-01-16T00:00:00+00:00,DOGEUSD,0.3853,0.3901,0.3677,0.3765,731147399.02,277548243.73
2025-01-17T00:00:00+00:00,DOGEUSD,0.3765,0.422,0.3756,0.4155,936137290.6,381660776.36
2025-01-18T00:00:00+00:00,DOGEUSD,0.4155,0.4342,0.3841,0.396,1073314082.24,433062775.99
2025-01-19T00:00:00+00:00,DOGEUSD,0.396,0.4096,0.3465,0.358,1470661682.93,559003479.9
2025-01-20T00:00:00+00:00,DOGEUSD,0.358,0.3859,0.3448,0.3542,1492839070.67,543335649.69
2025-01-21T00:00:00+00:00,DOGEUSD,0.3542,0.4011,0.3353,0.372,1472998384.72,541573813.06
2025-01-22T00:00:00+00:00,DOGEUSD,0.372,0.3738,0.3553,0.3625,438340124.79,159423517.86
2025-01-23T00:00:00+00:00,DOGEUSD,0.3625,0.3644,0.3415,0.3522,538245424.91,189647986.1
2025-01-24T00:00:00+00:00,DOGEUSD,0.3522,0.3646,0.3429,0.3508,273907622.42,97425765.13
2025-01-25T00:00:00+00:00,DOGEUSD,0.3508,0.3611,0.3455,0.3535,182684697.01,64537893.01
2025-01-26T00:00:00+00:00,DOGEUSD,0.3535,0.3573,0.335,0.3359,207059824.72,72178460.95
2025-01-27T00:00:00+00:00,DOGEUSD,0.3359,0.337,0.3051,0.3339,758049663.96,244313842.41
2025-01-28T00:00:00+00:00,DOGEUSD,0.3339,0.339,0.3149,0.3185,344228881.1,113037832.75
2025-01-29T00:00:00+00:00,DOGEUSD,0.3185,0.3345,0.3168,0.324,350368848.95,114215705.9
2025-01-30T00:00:00+00:00,DOGEUSD,0.324,0.3389,0.3221,0.3315,251075279.2,83521267.99
2025-01-31T00:00:00+00:00,DOGEUSD,0.3315,0.3417,0.3234,0.3289,295570767.48,98005746.43
2025-02-01T00:00:00+00:00,DOGEUSD,0.3289,0.3321,0.3035,0.3078,262393491.84,83317162.43
2025-02-02T00:00:00+00:00,DOGEUSD,0.3078,0.3147,0.25,0.268,1079261333.86,302368605.99
2025-02-03T00:00:00+00:00,DOGEUSD,0.268,0.2933,0.2012,0.2852,2269946386.4,570416005.1
2025-02-04T00:00:00+00:00,DOGEUSD,0.2852,0.2892,0.2553,0.2636,891094184.01,239647602.08
2025-02-05T00:00:00+00:00,DOGEUSD,0.2636,0.2692,0.2534,0.2561,371420450.21,97245326.4
2025-02-06T00:00:00+00:00,DOGEUSD,0.2561,0.266,0.243,0.2479,381218748.12,96575623.29
2025-02-07T00:00:00+00:00,DOGEUSD,0.2479,0.2618,0.2387,0.2466,384091110.44,96575483.94
2025-02-08T00:00:00+00:00,DOGEUSD,0.2466,0.2542,0.2446,0.253,151007051.36,37641835.43
2025-02-09T00:00:00+00:00,DOGEUSD,0.253,0.26,0.2398,0.249,276661627.73,69409659.97
2025-02-10T00:00:00+00:00,DOGEUSD,0.249,0.2565,0.2417,0.2554,276002468.87,69254351.63
2025-02-11T00:00:00+00:00,DOGEUSD,0.2554,0.2701,0.2484,0.2531,357672949.42,92566548.11
2025-02-12T00:00:00+00:00,DOGEUSD,0.2531,0.2673,0.2468,0.2642,478104864.7,122817404.31
2025-02-13T00:00:00+00:00,DOGEUSD,0.2642,0.2672,0.2534,0.2625,315833970.69,81965651.63
2025-02-14T00:00:00+00:00,DOGEUSD,0.2625,0.2865,0.2608,0.2718,482783133.7,131407089.6
2025-02-15T00:00:00+00:00,DOGEUSD,0.2718,0.2832,0.2683,0.2717,319035379.93,88006532.57
2025-02-16T00:00:00+00:00,DOGEUSD,0.2717,0.2743,0.2637,0.2656,167884546.7,45063992.77
2025-02-17T00:00:00+00:00,DOGEUSD,0.2656,0.2688,0.2538,0.2582,268932630.68,70267564.28
2025-02-18T00:00:00+00:00,DOGEUSD,0.2582,0.2598,0.242,0.2512,409085847.6,102032144.47
2025-02-19T00:00:00+00:00,DOGEUSD,0.2512,0.2554,0.2488,0.2548,173311715.34,43788372.37
2025-02-20T00:00:00+00:00,DOGEUSD,0.2548,0.2576,0.2499,0.2548,165056690.44,41944888.46
2025-02-21T00:00:00+00:00,DOGEUSD,0.2548,0.2612,0.2342,0.2395,313942279.02,77924102.05
2025-02-22T00:00:00+00:00,DOGEUSD,0.2395,0.2478,0.238,0.2466,146117674.78,35646164.11
2025-02-23T00:00:00+00:00,DOGEUSD,0.2466,0.2476,0.2405,0.2429,98997585.9,24125448.63
2025-02-24T00:00:00+00:00,DOGEUSD,0.2429,0.244,0.2061,0.2104,518543075,115816311.88
2025-02-25T00:00:00+00:00,DOGEUSD,0.2104,0.2145,0.1954,0.2113,796368858.13,163758134.42
2025-02-26T00:00:00+00:00,DOGEUSD,0.2113,0.2138,0.1958,0.2032,437489706.55,89697245.57
2025-02-27T00:00:00+00:00,DOGEUSD,0.2032,0.2113,0.2007,0.2067,283807875.94,58637231.83
2025-02-28T00:00:00+00:00,DOGEUSD,0.2067,0.207,0.1814,0.2017,697833251.93,134347863.61
2025-03-01T00:00:00+00:00,DOGEUSD,0.2017,0.2089,0.1993,0.2067,212009176.4,43241595.41
2025-03-02T00:00:00+00:00,DOGEUSD,0.2067,0.2422,0.2016,0.2394,692691749.44,155180157.85
2025-03-03T00:00:00+00:00,DOGEUSD,0.2394,0.2405,0.1932,0.199,706715709.34,150546782.79
2025-03-04T00:00:00+00:00,DOGEUSD,0.199,0.2022,0.1829,0.1991,636401633.33,123181741.34
2025-03-05T00:00:00+00:00,DOGEUSD,0.1991,0.2066,0.1964,0.2048,319286461.68,64347122.15
2025-03-06T00:00:00+00:00,DOGEUSD,0.2048,0.22,0.199,0.2015,405471136.6,84050069.92
2025-03-07T00:00:00+00:00,DOGEUSD,0.2015,0.2087,0.1903,0.1983,452707772.3,90937317.53
2025-03-08T00:00:00+00:00,DOGEUSD,0.1983,0.2008,0.191,0.1922,183504171.83,35823782.33
2025-03-09T00:00:00+00:00,DOGEUSD,0.1922,0.1942,0.1654,0.168,504700228.68,88601819.18
2025-03-10T00:00:00+00:00,DOGEUSD,0.168,0.1809,0.1504,0.1539,736348822.55,120717140.52
2025-03-11T00:00:00+00:00,DOGEUSD,0.1539,0.1686,0.1428,0.1645,895678373.34,141106574.47
2025-03-12T00:00:00+00:00,DOGEUSD,0.1645,0.1739,0.1595,0.1724,535565456.22,89315760.19
2025-03-13T00:00:00+00:00,DOGEUSD,0.1724,0.173,0.1617,0.1651,401877294.45,67426156.74
2025-03-14T00:00:00+00:00,DOGEUSD,0.1651,0.1762,0.1646,0.1719,285960770.74,48803533.46
2025-03-15T00:00:00+00:00,DOGEUSD,0.1719,0.1778,0.1712,0.176,155377810.63,27162543.51
2025-03-16T00:00:00+00:00,DOGEUSD,0.176,0.1768,0.1658,0.1682,229854552.58,39189719.56
2025-03-17T00:00:00+00:00,DOGEUSD,0.1682,0.1762,0.168,0.1734,222032146.72,38360942.18
2025-03-18T00:00:00+00:00,DOGEUSD,0.1734,0.1735,0.1627,0.168,223614327.24,37279047.46
2025-03-19T00:00:00+00:00,DOGEUSD,0.168,0.1788,0.1668,0.1781,316976281.64,54467687.29
2025-03-20T00:00:00+00:00,DOGEUSD,0.1781,0.1792,0.1666,0.1693,229382316.5,39536781.44
2025-03-21T00:00:00+00:00,DOGEUSD,0.1693,0.1715,0.1646,0.1672,187904271.12,31525320.71
2025-03-22T00:00:00+00:00,DOGEUSD,0.1672,0.1697,0.1666,0.1674,87623997.93,14759432.07
2025-03-23T00:00:00+00:00,DOGEUSD,0.1674,0.1726,0.1671,0.1726,125212899.27,21317409.63
2025-03-24T00:00:00+00:00,DOGEUSD,0.1726,0.1891,0.1707,0.183,394679642.27,71467541.86
2025-03-25T00:00:00+00:00,DOGEUSD,0.183,0.1936,0.1808,0.1907,501316479.06,94616697.13
2025-03-26T00:00:00+00:00,DOGEUSD,0.1907,0.2058,0.1894,0.1949,565740775.27,111541303.84
2025-03-27T00:00:00+00:00,DOGEUSD,0.1949,0.2006,0.1877,0.1904,366227882.42,70833617.02
2025-03-28T00:00:00+00:00,DOGEUSD,0.1904,0.1928,0.1772,0.1801,485937107.56,88434080.26
2025-03-29T00:00:00+00:00,DOGEUSD,0.1801,0.1825,0.1658,0.1695,345387540.99,59435484.82
2025-03-30T00:00:00+00:00,DOGEUSD,0.1695,0.1725,0.1644,0.1665,256177509.26,43372966.2
2025-03-31T00:00:00+00:00,DOGEUSD,0.1665,0.1683,0.1601,0.1666,408098457,67319953.02
2025-04-01T00:00:00+00:00,DOGEUSD,0.1666,0.1757,0.166,0.174,357602976.39,61251565.58
2025-04-02T00:00:00+00:00,DOGEUSD,0.174,0.1798,0.162,0.1638,550398639.31,94439782.98
2025-04-03T00:00:00+00:00,DOGEUSD,0.1638,0.1674,0.1553,0.1622,356615980.97,57295011.93
2025-04-04T00:00:00+00:00,DOGEUSD,0.1622,0.1727,0.16,0.1712,485058795.78,80846706.35
2025-04-05T00:00:00+00:00,DOGEUSD,0.1712,0.1716,0.1661,0.1689,136756995.08,23091373.09
2025-04-06T00:00:00+00:00,DOGEUSD,0.1689,0.1699,0.1458,0.1492,492144255.82,76227121.49
2025-04-07T00:00:00+00:00,DOGEUSD,0.1492,0.1539,0.1298,0.1495,1357890945.22,194748176.07
2025-04-08T00:00:00+00:00,DOGEUSD,0.1495,0.157,0.141,0.1421,565606756.66,84385356.32
2025-04-09T00:00:00+00:00,DOGEUSD,0.1421,0.1643,0.1364,0.1603,756669990.88,113143291.93
2025-04-10T00:00:00+00:00,DOGEUSD,0.1603,0.1604,0.1488,0.1535,426304805.6,65926992.49
2025-04-11T00:00:00+00:00,DOGEUSD,0.1535,0.1624,0.1532,0.16,270581112.82,42774257.89
2025-04-12T00:00:00+00:00,DOGEUSD,0.16,0.1695,0.1577,0.1676,241430472.05,39778004.25
2025-04-13T00:00:00+00:00,DOGEUSD,0.1676,0.1686,0.161,0.1625,236088815.16,38842722.19
2025-04-14T00:00:00+00:00,DOGEUSD,0.1625,0.1694,0.1574,0.1585,269334775.24,44014998.59
2025-04-15T00:00:00+00:00,DOGEUSD,0.1585,0.1613,0.1531,0.1536,223792726.86,35212545.36
2025-04-16T00:00:00+00:00,DOGEUSD,0.1536,0.1573,0.1503,0.1547,236994388.61,36545589.62
2025-04-17T00:00:00+00:00,DOGEUSD,0.1547,0.1594,0.153,0.1559,129901783.83,20305509.58
2025-04-18T00:00:00+00:00,DOGEUSD,0.1559,0.1589,0.1536,0.1576,108516075.04,16965782.87
2025-04-19T00:00:00+00:00,DOGEUSD,0.1576,0.1608,0.1563,0.1573,98711442.36,15613368.45
2025-04-20T00:00:00+00:00,DOGEUSD,0.1573,0.1595,0.1525,0.1553,142064522.51,22049005.49
2025-04-21T00:00:00+00:00,DOGEUSD,0.1553,0.1636,0.155,0.1594,264458114.96,42285215.36
2025-04-22T00:00:00+00:00,DOGEUSD,0.1594,0.18,0.1573,0.1787,481767705.82,81947701.38
2025-04-23T00:00:00+00:00,DOGEUSD,0.1787,0.1855,0.1749,0.1787,454829079.25,82058494.45
2025-04-24T00:00:00+00:00,DOGEUSD,0.1787,0.1838,0.1699,0.1826,398255438.26,70610678.74
2025-04-25T00:00:00+00:00,DOGEUSD,0.1826,0.1863,0.1775,0.1818,453932546.48,82676515.71
2025-04-26T00:00:00+00:00,DOGEUSD,0.1818,0.1931,0.1803,0.182,278919288.24,51706680.02
2025-04-27T00:00:00+00:00,DOGEUSD,0.182,0.1836,0.1766,0.1794,169760820.35,30609275.46
2025-04-28T00:00:00+00:00,DOGEUSD,0.1794,0.1828,0.1739,0.1791,270059774.2,48088063.84
2025-04-29T00:00:00+00:00,DOGEUSD,0.1791,0.1808,0.1725,0.1747,207876083.88,36969635.91
2025-04-30T00:00:00+00:00,DOGEUSD,0.1747,0.1767,0.1668,0.1723,270377126.61,46590908.12
2025-05-01T00:00:00+00:00,DOGEUSD,0.1723,0.1834,0.1721,0.1807,314524100.13,56456715.25
2025-05-02T00:00:00+00:00,DOGEUSD,0.1807,0.1844,0.1793,0.1816,200062587.09,36353103.96
2025-05-03T00:00:00+00:00,DOGEUSD,0.1816,0.1822,0.1751,0.1758,157314636.55,28013920.58
2025-05-04T00:00:00+00:00,DOGEUSD,0.1758,0.1774,0.17,0.1705,144075911.81,25006635.26
2025-05-05T00:00:00+00:00,DOGEUSD,0.1705,0.1746,0.1683,0.1706,160189507.8,27388082.72
2025-05-06T00:00:00+00:00,DOGEUSD,0.1706,0.1726,0.1642,0.1722,203135136.94,34159129.45
2025-05-07T00:00:00+00:00,DOGEUSD,0.1722,0.1744,0.1691,0.172,175107551.94,30088385.57
2025-05-08T00:00:00+00:00,DOGEUSD,0.172,0.1984,0.1717,0.1982,506770889.98,94389884.15
2025-05-09T00:00:00+00:00,DOGEUSD,0.1982,0.2144,0.193,0.2053,645388667.76,131674329.55
2025-05-10T00:00:00+00:00,DOGEUSD,0.2053,0.2509,0.2034,0.2507,666099622.88,152414275.65
2025-05-11T00:00:00+00:00,DOGEUSD,0.2507,0.2596,0.2222,0.2318,779131133.75,185085613.48
2025-05-12T00:00:00+00:00,DOGEUSD,0.2318,0.2531,0.2205,0.231,893557850.69,212142052.48
2025-05-13T00:00:00+00:00,DOGEUSD,0.231,0.2432,0.2173,0.2408,541756406.92,124750693.76
2025-05-14T00:00:00+00:00,DOGEUSD,0.2408,0.2475,0.2282,0.2328,409509110.45,96746080.83
2025-05-15T00:00:00+00:00,DOGEUSD,0.2328,0.2368,0.2138,0.2194,651649068.22,145928311.67
2025-05-16T00:00:00+00:00,DOGEUSD,0.2194,0.2309,0.2181,0.2212,384075758.24,86556617.91
2025-05-17T00:00:00+00:00,DOGEUSD,0.2212,0.2223,0.2109,0.2146,267931629.27,57847918.74
2025-05-18T00:00:00+00:00,DOGEUSD,0.2146,0.2378,0.2141,0.2332,434483543.43,98466105.23
2025-05-19T00:00:00+00:00,DOGEUSD,0.2332,0.2358,0.2139,0.2245,387354099.42,85984320.58
2025-05-20T00:00:00+00:00,DOGEUSD,0.2245,0.2308,0.2178,0.2264,340680662.1,76223312.57
2025-05-21T00:00:00+00:00,DOGEUSD,0.2264,0.2381,0.2229,0.2341,625479667,143726674.74
2025-05-22T00:00:00+00:00,DOGEUSD,0.2341,0.2458,0.234,0.2456,644288539.76,155142736.62
2025-05-23T00:00:00+00:00,DOGEUSD,0.2456,0.2543,0.2231,0.2252,711751546.95,170942525.36
2025-05-24T00:00:00+00:00,DOGEUSD,0.2252,0.2304,0.2237,0.2252,172747345.53,39328600.62
2025-05-25T00:00:00+00:00,DOGEUSD,0.2252,0.2265,0.2158,0.225,242457867.81,53565854.64
2025-05-26T00:00:00+00:00,DOGEUSD,0.225,0.2305,0.2226,0.2261,204573872.81,46335751.34
2025-05-27T00:00:00+00:00,DOGEUSD,0.2261,0.2322,0.2198,0.2261,269409558.58,61203961.47
2025-05-28T00:00:00+00:00,DOGEUSD,0.2261,0.2279,0.2169,0.2209,223833100.69,49710533.29
2025-05-29T00:00:00+00:00,DOGEUSD,0.2209,0.228,0.2141,0.2149,249571183.78,55357905.01
2025-05-30T00:00:00+00:00,DOGEUSD,0.2149,0.2164,0.1907,0.1936,543456428.85,109412417.26
2025-05-31T00:00:00+00:00,DOGEUSD,0.1936,0.1956,0.1856,0.1926,398174654.93,76087224.82
2025-06-01T00:00:00+00:00,DOGEUSD,0.1926,0.1949,0.1866,0.1938,308767076.06,58934984.32
2025-06-02T00:00:00+00:00,DOGEUSD,0.1938,0.1964,0.1886,0.1952,279676528.46,53620917.76
2025-06-03T00:00:00+00:00,DOGEUSD,0.1952,0.2006,0.1915,0.1932,331322075.15,65021606.8
2025-06-04T00:00:00+00:00,DOGEUSD,0.1932,0.1972,0.1872,0.1882,180066037.88,34687704.79
2025-06-05T00:00:00+00:00,DOGEUSD,0.1882,0.1925,0.1682,0.1712,484444163.81,86438144.32
2025-06-06T00:00:00+00:00,DOGEUSD,0.1712,0.1845,0.1696,0.1789,302334565.51,53734549.2
2025-06-07T00:00:00+00:00,DOGEUSD,0.1789,0.1887,0.1779,0.1852,253298291.33,46697542.85
2025-06-08T00:00:00+00:00,DOGEUSD,0.1852,0.1871,0.1809,0.1842,199696993.48,36750744.49
2025-06-09T00:00:00+00:00,DOGEUSD,0.1842,0.196,0.1803,0.1949,366650688.99,69190915.04
2025-06-10T00:00:00+00:00,DOGEUSD,0.1949,0.1986,0.189,0.1985,494055830.65,95709174.68
2025-06-11T00:00:00+00:00,DOGEUSD,0.1985,0.2066,0.1913,0.193,398797256.68,79211486.44
2025-06-12T00:00:00+00:00,DOGEUSD,0.193,0.1937,0.1801,0.1812,251439762.47,46983983.73
2025-06-13T00:00:00+00:00,DOGEUSD,0.1812,0.1815,0.17,0.1805,446930706.05,78295416.95
2025-06-14T00:00:00+00:00,DOGEUSD,0.1805,0.1805,0.1747,0.1784,179422046.92,31840454.75
2025-06-15T00:00:00+00:00,DOGEUSD,0.1784,0.1787,0.1715,0.1756,172404808.27,30265327
2025-06-16T00:00:00+00:00,DOGEUSD,0.1756,0.1812,0.1722,0.1728,288474915.5,51144412.48
2025-06-17T00:00:00+00:00,DOGEUSD,0.1728,0.1761,0.164,0.1694,353467387.81,60278219.6
2025-06-18T00:00:00+00:00,DOGEUSD,0.1694,0.1722,0.1642,0.1707,208216455.05,35060390.74
2025-06-19T00:00:00+00:00,DOGEUSD,0.1707,0.1721,0.1678,0.171,158951910.74,27008520.96
2025-06-20T00:00:00+00:00,DOGEUSD,0.171,0.172,0.1585,0.1624,287605662.83,47455067.08
2025-06-21T00:00:00+00:00,DOGEUSD,0.1624,0.1644,0.1505,0.1546,232714294.69,36630194.79
2025-06-22T00:00:00+00:00,DOGEUSD,0.1546,0.1577,0.1428,0.1513,617155683.42,92700250.27
2025-06-23T00:00:00+00:00,DOGEUSD,0.1513,0.1654,0.1487,0.1639,491485369.91,76632516.03
2025-06-24T00:00:00+00:00,DOGEUSD,0.1639,0.1677,0.1618,0.1658,302929432.31,49696634.37
2025-06-25T00:00:00+00:00,DOGEUSD,0.1658,0.1678,0.1627,0.1647,275609369.65,45592339.64
2025-06-26T00:00:00+00:00,DOGEUSD,0.1647,0.1681,0.158,0.1601,332563845.57,53790566.6
2025-06-27T00:00:00+00:00,DOGEUSD,0.1601,0.1632,0.1572,0.1611,292548436.24,47012170.58
2025-06-28T00:00:00+00:00,DOGEUSD,0.1611,0.1651,0.1606,0.1637,85431270.42,13917096.43
2025-06-29T00:00:00+00:00,DOGEUSD,0.1637,0.17,0.1627,0.1695,137337852.42,22816093.4
2025-06-30T00:00:00+00:00,DOGEUSD,0.1695,0.1698,0.1623,0.1652,278521143.14,46243080.54
2025-07-01T00:00:00+00:00,DOGEUSD,0.1652,0.1663,0.1569,0.1578,240252065.07,38750355.55
2025-07-02T00:00:00+00:00,DOGEUSD,0.1578,0.1727,0.1566,0.1688,389443460.35,65153186.34
2025-07-03T00:00:00+00:00,DOGEUSD,0.1688,0.1754,0.1676,0.1721,289226765.97,49812270.62
2025-07-04T00:00:00+00:00,DOGEUSD,0.1721,0.173,0.1613,0.1629,275683548.92,45417997.32
2025-07-05T00:00:00+00:00,DOGEUSD,0.1629,0.1651,0.162,0.1642,171280652.71,28047540.25
2025-07-06T00:00:00+00:00,DOGEUSD,0.1642,0.1751,0.1632,0.172,316142753.86,53687412.35
2025-07-07T00:00:00+00:00,DOGEUSD,0.172,0.1772,0.1658,0.168,459046973.09,78676014.74
2025-07-08T00:00:00+00:00,DOGEUSD,0.168,0.1719,0.166,0.171,220960540.07,37452481.16
2025-07-09T00:00:00+00:00,DOGEUSD,0.171,0.1865,0.17,0.1806,517942953.26,90643776.35
2025-07-10T00:00:00+00:00,DOGEUSD,0.1806,0.1964,0.1788,0.1951,372025721.06,69046029.45
2025-07-11T00:00:00+00:00,DOGEUSD,0.1951,0.2138,0.1913,0.2012,1038235091.3,211951139.34
2025-07-12T00:00:00+00:00,DOGEUSD,0.2012,0.2065,0.192,0.1974,394961807.49,78517753.99
2025-07-13T00:00:00+00:00,DOGEUSD,0.1974,0.2042,0.1959,0.1986,355547939.2,70958024.49
2025-07-14T00:00:00+00:00,DOGEUSD,0.1986,0.2108,0.1947,0.1975,477524845.65,97010171.34
2025-07-15T00:00:00+00:00,DOGEUSD,0.1975,0.1993,0.1885,0.1992,453945622.39,87782402.87
2025-07-16T00:00:00+00:00,DOGEUSD,0.1992,0.2207,0.1956,0.2127,616589191.1,127395372.81
2025-07-17T00:00:00+00:00,DOGEUSD,0.2127,0.2225,0.2067,0.2184,921664717.88,197220658.21
2025-07-18T00:00:00+00:00,DOGEUSD,0.2184,0.2543,0.2164,0.236,1276936630.77,302970106.03
2025-07-19T00:00:00+00:00,DOGEUSD,0.236,0.2578,0.2358,0.2415,775844969.04,191715757.28
2025-07-20T00:00:00+00:00,DOGEUSD,0.2415,0.2782,0.2401,0.2739,1257012784.49,327315939.19
2025-07-21T00:00:00+00:00,DOGEUSD,0.2739,0.2876,0.2645,0.2716,1384844111.82,380774294.47
2025-07-22T00:00:00+00:00,DOGEUSD,0.2716,0.275,0.2576,0.2709,890531030.16,237042525.77
2025-07-23T00:00:00+00:00,DOGEUSD,0.2709,0.2712,0.2307,0.2408,1080115035.13,267238732.45
2025-07-24T00:00:00+00:00,DOGEUSD,0.2408,0.2468,0.222,0.2322,987355080.03,233692401.85
2025-07-25T00:00:00+00:00,DOGEUSD,0.2322,0.237,0.2209,0.2368,887635559.26,202595424.45
2025-07-26T00:00:00+00:00,DOGEUSD,0.2368,0.2403,0.233,0.2355,324589875.63,77009999.51
2025-07-27T00:00:00+00:00,DOGEUSD,0.2355,0.2438,0.2343,0.2408,467547698.64,111631349.18
2025-07-28T00:00:00+00:00,DOGEUSD,0.2408,0.2486,0.2243,0.2261,538976552.91,127861566.05
2025-07-29T00:00:00+00:00,DOGEUSD,0.2261,0.2327,0.2174,0.2239,510417972.95,114718860.94
2025-07-30T00:00:00+00:00,DOGEUSD,0.2239,0.2265,0.2092,0.2199,492103510.06,107518702
2025-07-31T00:00:00+00:00,DOGEUSD,0.2199,0.2256,0.2082,0.2098,425992895.58,92891735.51
2025-08-01T00:00:00+00:00,DOGEUSD,0.2098,0.2125,0.1956,0.201,869723933.76,178610045.69
2025-08-02T00:00:00+00:00,DOGEUSD,0.201,0.2034,0.1894,0.191,404319973.32,79357679.31
2025-08-03T00:00:00+00:00,DOGEUSD,0.191,0.2004,0.1886,0.1988,295981357.18,58216577.67
2025-08-04T00:00:00+00:00,DOGEUSD,0.1988,0.2113,0.1985,0.2104,392447972.64,80194726.51
2025-08-05T00:00:00+00:00,DOGEUSD,0.2104,0.211,0.1961,0.1998,342718999.88,69314930.34
2025-08-06T00:00:00+00:00,DOGEUSD,0.1998,0.2072,0.1956,0.2053,270816524.17,54586643.21
2025-08-07T00:00:00+00:00,DOGEUSD,0.2053,0.2232,0.2033,0.2224,541680995.27,115544006.09
2025-08-08T00:00:00+00:00,DOGEUSD,0.2224,0.2326,0.2197,0.2304,755079804.95,169090156.16
2025-08-09T00:00:00+00:00,DOGEUSD,0.2304,0.2468,0.2297,0.24,640807754.31,152980726.02
2025-08-10T00:00:00+00:00,DOGEUSD,0.24,0.2435,0.2285,0.2339,430051371.57,101121903.13
2025-08-11T00:00:00+00:00,DOGEUSD,0.2339,0.2418,0.2212,0.2221,473219624.4,109538005.75
2025-08-12T00:00:00+00:00,DOGEUSD,0.2221,0.2384,0.2188,0.2358,530328282.62,121250637.57
2025-08-13T00:00:00+00:00,DOGEUSD,0.2358,0.2505,0.2313,0.2449,824488764.13,199855552.23
2025-08-14T00:00:00+00:00,DOGEUSD,0.2449,0.2558,0.2175,0.224,1037284156.79,242512345.12
2025-08-15T00:00:00+00:00,DOGEUSD,0.224,0.2331,0.2202,0.2289,638650573.44,145284168.26
2025-08-16T00:00:00+00:00,DOGEUSD,0.2289,0.2364,0.2254,0.2313,356454494.16,82414990.69
2025-08-17T00:00:00+00:00,DOGEUSD,0.2313,0.2498,0.2286,0.2347,486422989.44,115066164.22
2025-08-18T00:00:00+00:00,DOGEUSD,0.2347,0.2356,0.2201,0.2227,430031231.58,96667774.48
2025-08-19T00:00:00+00:00,DOGEUSD,0.2227,0.2257,0.2087,0.2094,515279572.88,111445205.64
2025-08-20T00:00:00+00:00,DOGEUSD,0.2094,0.2229,0.2078,0.2217,420253581.42,90411658.24
2025-08-21T00:00:00+00:00,DOGEUSD,0.2217,0.2244,0.2139,0.2147,324615958.91,70997875.42
2025-08-22T00:00:00+00:00,DOGEUSD,0.2147,0.2422,0.2083,0.2405,833650130.15,190462470.02
2025-08-23T00:00:00+00:00,DOGEUSD,0.2405,0.2408,0.2288,0.2362,431673089.57,101760933.38
2025-08-24T00:00:00+00:00,DOGEUSD,0.2362,0.2506,0.2275,0.2318,571742113.3,134678431.9
2025-08-25T00:00:00+00:00,DOGEUSD,0.2318,0.2345,0.206,0.2097,709317242.79,155107969.38
2025-08-26T00:00:00+00:00,DOGEUSD,0.2097,0.22,0.2072,0.2184,392363870.56,83480469.03
2025-08-27T00:00:00+00:00,DOGEUSD,0.2184,0.2238,0.2161,0.2189,501423609.95,110543593.2
2025-08-28T00:00:00+00:00,DOGEUSD,0.2189,0.2259,0.2168,0.2244,376287018.49,83720015.52
2025-08-29T00:00:00+00:00,DOGEUSD,0.2244,0.2253,0.2098,0.2139,477518593.59,103235436.63
2025-08-30T00:00:00+00:00,DOGEUSD,0.2139,0.2188,0.2114,0.216,182167532.76,39210029.25
2025-08-31T00:00:00+00:00,DOGEUSD,0.216,0.2214,0.2133,0.2137,201385676.9,43825193.57
2025-09-01T00:00:00+00:00,DOGEUSD,0.2137,0.2198,0.2048,0.2107,488789171.04,103635191.92
2025-09-02T00:00:00+00:00,DOGEUSD,0.2107,0.2156,0.2066,0.2148,391273146.17,82936416.68
2025-09-03T00:00:00+00:00,DOGEUSD,0.2148,0.2235,0.2125,0.2204,330625734.93,72129295.77
2025-09-04T00:00:00+00:00,DOGEUSD,0.2204,0.2211,0.2105,0.2124,288989690.45,62098668.15
2025-09-05T00:00:00+00:00,DOGEUSD,0.2124,0.221,0.2119,0.2179,414426725.51,89926950.59
2025-09-06T00:00:00+00:00,DOGEUSD,0.2179,0.2242,0.2123,0.2163,362351492.34,78541992.95
2025-09-07T00:00:00+00:00,DOGEUSD,0.2163,0.2292,0.2158,0.2287,379828555.8,84515519.05
2025-09-08T00:00:00+00:00,DOGEUSD,0.2287,0.2441,0.2266,0.2417,774380568.51,182782351.57
2025-09-09T00:00:00+00:00,DOGEUSD,0.2417,0.2494,0.2336,0.2406,744027856.32,179439407.45
2025-09-10T00:00:00+00:00,DOGEUSD,0.2406,0.2487,0.2363,0.2454,471987103.26,114509235.34
2025-09-11T00:00:00+00:00,DOGEUSD,0.2454,0.257,0.2439,0.2561,970133628.36,243025404.04
2025-09-12T00:00:00+00:00,DOGEUSD,0.2561,0.2788,0.255,0.2756,851352075.35,226801301.26
2025-09-13T00:00:00+00:00,DOGEUSD,0.2756,0.3071,0.2729,0.2896,1283412825.84,373207016.58
2025-09-14T00:00:00+00:00,DOGEUSD,0.2896,0.2951,0.2728,0.2781,850854547.77,240621820.09
2025-09-15T00:00:00+00:00,DOGEUSD,0.2781,0.2821,0.2587,0.2684,986752330.95,264186790.14
2025-09-16T00:00:00+00:00,DOGEUSD,0.2684,0.2721,0.2569,0.27,727469338.66,193677459.45
2025-09-17T00:00:00+00:00,DOGEUSD,0.27,0.2839,0.2611,0.2826,815056097.51,220308977.52
2025-09-18T00:00:00+00:00,DOGEUSD,0.2826,0.2889,0.2757,0.2787,647247087.58,182557851.07
2025-09-19T00:00:00+00:00,DOGEUSD,0.2787,0.2849,0.2633,0.2654,668013246.85,181455499.03
2025-09-20T00:00:00+00:00,DOGEUSD,0.2654,0.2695,0.2632,0.2678,271491877.3,72296324.13
2025-09-21T00:00:00+00:00,DOGEUSD,0.2678,0.2697,0.2605,0.2608,254734085.12,67505223.85
2025-09-22T00:00:00+00:00,DOGEUSD,0.2608,0.2624,0.2312,0.2414,1144880950.47,277335054.51
2025-09-23T00:00:00+00:00,DOGEUSD,0.2414,0.2441,0.2343,0.2372,526684276.36,126361499.72
2025-09-24T00:00:00+00:00,DOGEUSD,0.2372,0.2507,0.2312,0.2412,551678603.68,133536479.71
2025-09-25T00:00:00+00:00,DOGEUSD,0.2412,0.242,0.2207,0.223,927532065.72,213557839.97
2025-09-26T00:00:00+00:00,DOGEUSD,0.223,0.2335,0.2216,0.2326,634848636.41,144581132.7
2025-09-27T00:00:00+00:00,DOGEUSD,0.2326,0.2344,0.2279,0.2309,209662390.8,48422391.98
2025-09-28T00:00:00+00:00,DOGEUSD,0.2309,0.2378,0.2251,0.2374,296727989.41,68350002.47
2025-09-29T00:00:00+00:00,DOGEUSD,0.2374,0.239,0.2288,0.2349,454960472.46,106596584.96
2025-09-30T00:00:00+00:00,DOGEUSD,0.2349,0.236,0.2264,0.2329,347510823.31,80342348.37
2025-10-01T00:00:00+00:00,DOGEUSD,0.2329,0.2493,0.2304,0.2492,487771165.59,118138557.53
2025-10-02T00:00:00+00:00,DOGEUSD,0.2492,0.2642,0.2469,0.2622,721033018.9,184153808.56
2025-10-03T00:00:00+00:00,DOGEUSD,0.2622,0.2655,0.2529,0.2584,610858379.28,157945730.56
2025-10-04T00:00:00+00:00,DOGEUSD,0.2584,0.2599,0.2469,0.251,363177586.49,91460847.08
2025-10-05T00:00:00+00:00,DOGEUSD,0.251,0.2652,0.2497,0.2528,602783795.42,155505576.81
2025-10-06T00:00:00+00:00,DOGEUSD,0.2528,0.2705,0.2507,0.2662,693766674.37,182250120.51
2025-10-07T00:00:00+00:00,DOGEUSD,0.2662,0.2684,0.2464,0.247,744272893.96,191151380.93
2025-10-08T00:00:00+00:00,DOGEUSD,0.247,0.2611,0.2431,0.2557,647470362.82,163605078.32
2025-10-09T00:00:00+00:00,DOGEUSD,0.2557,0.2559,0.2413,0.2486,588804022.89,145489772.54
2025-10-10T00:00:00+00:00,DOGEUSD,0.2486,0.2541,0.1372,0.1953,1975347524.12,414524825.85
2025-10-11T00:00:00+00:00,DOGEUSD,0.1953,0.2007,0.1784,0.1854,1184035219.5,226368469.92
2025-10-12T00:00:00+00:00,DOGEUSD,0.1854,0.2143,0.181,0.2074,995651892.72,198304178.64
2025-10-13T00:00:00+00:00,DOGEUSD,0.2074,0.2185,0.2023,0.214,789812487.04,166116749.01
2025-10-14T00:00:00+00:00,DOGEUSD,0.214,0.2158,0.1936,0.2044,842775447.98,170491705.48
2025-10-15T00:00:00+00:00,DOGEUSD,0.2044,0.2086,0.1944,0.1963,551577565.6,110457394.62
2025-10-16T00:00:00+00:00,DOGEUSD,0.1963,0.2015,0.1848,0.1885,722001661.77,139563239.08
2025-10-17T00:00:00+00:00,DOGEUSD,0.1885,0.1911,0.1756,0.1847,780469502.84,142740813.78
2025-10-18T00:00:00+00:00,DOGEUSD,0.1847,0.1907,0.1844,0.1897,280155845.57,52586596.6
2025-10-19T00:00:00+00:00,DOGEUSD,0.1897,0.1987,0.1861,0.1954,482670253.3,93399654.09
2025-10-20T00:00:00+00:00,DOGEUSD,0.1954,0.2025,0.1918,0.2001,340398448.98,67671099.33
2025-10-21T00:00:00+00:00,DOGEUSD,0.2001,0.2056,0.1922,0.1943,495857394.25,98398034.58
2025-10-22T00:00:00+00:00,DOGEUSD,0.1943,0.1955,0.1853,0.1899,586649267.78,112023703.3
2025-10-23T00:00:00+00:00,DOGEUSD,0.1899,0.1975,0.1897,0.195,329357444.21,63976327.27
2025-10-24T00:00:00+00:00,DOGEUSD,0.195,0.2006,0.1941,0.1978,270663925.43,53188448.74
2025-10-25T00:00:00+00:00,DOGEUSD,0.1978,0.1999,0.196,0.1965,120962248.54,23928621.34
2025-10-26T00:00:00+00:00,DOGEUSD,0.1965,0.207,0.1947,0.2058,291534949.23,58724493.11
2025-10-27T00:00:00+00:00,DOGEUSD,0.2058,0.2095,0.1991,0.2004,377654540,77339220.54
2025-10-28T00:00:00+00:00,DOGEUSD,0.2004,0.2031,0.1905,0.1937,411649823.54,81223705.94
2025-10-29T00:00:00+00:00,DOGEUSD,0.1937,0.1973,0.1873,0.1924,444306325.77,85969476.48
2025-10-30T00:00:00+00:00,DOGEUSD,0.1924,0.1946,0.1764,0.1827,540144226.04,99252380.18
2025-10-31T00:00:00+00:00,DOGEUSD,0.1827,0.1881,0.1823,0.1864,303563663.8,56184591.07
2025-11-01T00:00:00+00:00,DOGEUSD,0.1864,0.1883,0.1822,0.1873,162185698.78,30278934.74
2025-11-02T00:00:00+00:00,DOGEUSD,0.1873,0.1888,0.1818,0.1864,204512571.39,37871413.16
2025-11-03T00:00:00+00:00,DOGEUSD,0.1864,0.1866,0.1611,0.1673,778510709.82,133407430.95
2025-11-04T00:00:00+00:00,DOGEUSD,0.1673,0.171,0.1517,0.1622,922454646.92,149629417.94
2025-11-05T00:00:00+00:00,DOGEUSD,0.1622,0.1689,0.1546,0.1672,525173500.72,86340403.5
2025-11-06T00:00:00+00:00,DOGEUSD,0.1672,0.1677,0.157,0.1616,444182707.16,71945360.58
2025-11-07T00:00:00+00:00,DOGEUSD,0.1616,0.1815,0.1595,0.1787,671006372.17,114410950.11
2025-11-08T00:00:00+00:00,DOGEUSD,0.1787,0.1833,0.1729,0.176,431132941.38,76852975.75
2025-11-09T00:00:00+00:00,DOGEUSD,0.176,0.1815,0.1712,0.1793,338922373.91,59881417.55
2025-11-10T00:00:00+00:00,DOGEUSD,0.1793,0.1857,0.1772,0.1817,520007040.12,94173759.24
2025-11-11T00:00:00+00:00,DOGEUSD,0.1817,0.1863,0.1715,0.172,459436497.86,81628444.84
2025-11-12T00:00:00+00:00,DOGEUSD,0.172,0.1785,0.1672,0.1702,404174000.41,69539001.82
2025-11-13T00:00:00+00:00,DOGEUSD,0.1702,0.1776,0.1599,0.1638,506146937.46,85293789.46
2025-11-14T00:00:00+00:00,DOGEUSD,0.1638,0.1661,0.1547,0.1575,608279304.62,98322903.24
2025-11-15T00:00:00+00:00,DOGEUSD,0.1575,0.1647,0.1572,0.1631,204790328.1,33250537.48
2025-11-16T00:00:00+00:00,DOGEUSD,0.1631,0.1655,0.1536,0.1585,354940721.3,56417512.44
2025-11-17T00:00:00+00:00,DOGEUSD,0.1585,0.1649,0.1505,0.152,582746082.71,91443438
2025-11-18T00:00:00+00:00,DOGEUSD,0.152,0.1628,0.1493,0.1617,498966143.02,78047528.08
2025-11-19T00:00:00+00:00,DOGEUSD,0.1617,0.1624,0.1471,0.1544,599662150.64,92601385.03
2025-11-20T00:00:00+00:00,DOGEUSD,0.1544,0.1595,0.1461,0.1488,586631161.34,89872442.17
2025-11-21T00:00:00+00:00,DOGEUSD,0.1488,0.1509,0.1332,0.1402,985962693.27,138455129.93
2025-11-22T00:00:00+00:00,DOGEUSD,0.1402,0.1423,0.1355,0.1402,357601731.12,49546487.07
2025-11-23T00:00:00+00:00,DOGEUSD,0.1402,0.1477,0.1396,0.145,375995242.66,54319158.4
2025-11-24T00:00:00+00:00,DOGEUSD,0.145,0.1539,0.1428,0.1518,596607406.61,88227586.98
2025-11-25T00:00:00+00:00,DOGEUSD,0.1518,0.1549,0.1458,0.1529,448001508.28,67267829.84
2025-11-26T00:00:00+00:00,DOGEUSD,0.1529,0.1567,0.1486,0.1547,428762263.9,65652619.56
2025-11-27T00:00:00+00:00,DOGEUSD,0.1547,0.1556,0.1522,0.1527,245127706.41,37723028.61
2025-11-28T00:00:00+00:00,DOGEUSD,0.1527,0.1555,0.1483,0.1502,355465359.73,53732869.89
2025-11-29T00:00:00+00:00,DOGEUSD,0.1502,0.1509,0.1472,0.1484,163947267.88,24432721.94
2025-11-30T00:00:00+00:00,DOGEUSD,0.1484,0.1506,0.1459,0.146,187345711.91,27966348.93
2025-12-01T00:00:00+00:00,DOGEUSD,0.146,0.1464,0.1319,0.1355,572990720.5,78370838.26
2025-12-02T00:00:00+00:00,DOGEUSD,0.1355,0.1478,0.1345,0.1458,410049922.46,58314569.25
2025-12-03T00:00:00+00:00,DOGEUSD,0.1458,0.1534,0.1453,0.1517,477573582.36,71561412.93
2025-12-04T00:00:00+00:00,DOGEUSD,0.1517,0.1532,0.1457,0.1475,320129554.9,47872620.94
2025-12-05T00:00:00+00:00,DOGEUSD,0.1475,0.1484,0.1373,0.1396,403953625.59,57461462.08
2025-12-06T00:00:00+00:00,DOGEUSD,0.1396,0.1408,0.1384,0.1398,207974014.55,29043654.18
2025-12-07T00:00:00+00:00,DOGEUSD,0.1398,0.1429,0.135,0.1387,321377754.93,44703384.9
2025-12-08T00:00:00+00:00,DOGEUSD,0.1387,0.145,0.1381,0.1426,343500607.54,48969395.6
2025-12-09T00:00:00+00:00,DOGEUSD,0.1426,0.1532,0.1394,0.148,529571192.69,77644969.66
2025-12-10T00:00:00+00:00,DOGEUSD,0.148,0.1504,0.1424,0.1433,412288603.69,60377565.32
2025-12-11T00:00:00+00:00,DOGEUSD,0.1433,0.1436,0.1363,0.1404,418120448.15,58044939.94
2025-12-12T00:00:00+00:00,DOGEUSD,0.1404,0.1415,0.1344,0.1369,313446304.14,43320342.17
2025-12-13T00:00:00+00:00,DOGEUSD,0.1369,0.14,0.1369,0.1391,159363812.2,22084059.63
2025-12-14T00:00:00+00:00,DOGEUSD,0.1391,0.1393,0.1327,0.1341,251368127.3,34092885.93
2025-12-15T00:00:00+00:00,DOGEUSD,0.1341,0.1384,0.1266,0.1298,432867453.68,57192173.92
2025-12-16T00:00:00+00:00,DOGEUSD,0.1298,0.133,0.1272,0.1318,324627303.8,42477144.54
2025-12-17T00:00:00+00:00,DOGEUSD,0.1318,0.1362,0.1248,0.1263,453710444.26,58667106.19
2025-12-18T00:00:00+00:00,DOGEUSD,0.1263,0.1306,0.1199,0.122,552755869.07,69126005.33
2025-12-19T00:00:00+00:00,DOGEUSD,0.122,0.1334,0.1205,0.1322,467195774.24,59918850.11
2025-12-20T00:00:00+00:00,DOGEUSD,0.1322,0.1325,0.1306,0.1319,153732465.55,20238118.76
2025-12-21T00:00:00+00:00,DOGEUSD,0.1319,0.1333,0.1287,0.1311,164566963.31,21488838.16
2025-12-22T00:00:00+00:00,DOGEUSD,0.1311,0.1353,0.1296,0.1325,335506721.73,44510845.19
2025-12-23T00:00:00+00:00,DOGEUSD,0.1325,0.1336,0.1279,0.1292,288450922.17,37572001.72
2025-12-24T00:00:00+00:00,DOGEUSD,0.1292,0.1303,0.1264,0.1285,201424595.27,25799351.41
2025-12-25T00:00:00+00:00,DOGEUSD,0.1285,0.129,0.123,0.1236,242245678.79,30616472.61
2025-12-26T00:00:00+00:00,DOGEUSD,0.1236,0.1274,0.1205,0.122,361690124.39,44760008.54
2025-12-27T00:00:00+00:00,DOGEUSD,0.122,0.1248,0.1218,0.1243,184830178.57,22726060.44
2025-12-28T00:00:00+00:00,DOGEUSD,0.1243,0.1248,0.1227,0.1238,143433371.31,17755991.37
2025-12-29T00:00:00+00:00,DOGEUSD,0.1238,0.1279,0.1221,0.1227,327486524.16,40885025.64
2025-12-30T00:00:00+00:00,DOGEUSD,0.1227,0.1252,0.1223,0.1232,302115001.31,37383622.34
2025-12-31T00:00:00+00:00,DOGEUSD,0.1232,0.1236,0.1159,0.1173,450174160.43,53846281.51
2026-01-01T00:00:00+00:00,DOGEUSD,0.1173,0.1273,0.1172,0.1267,532268534.85,65203601.56
2026-01-02T00:00:00+00:00,DOGEUSD,0.1267,0.1449,0.1258,0.1418,1040465386.94,141221905.69
2026-01-03T00:00:00+00:00,DOGEUSD,0.1418,0.1444,0.1393,0.1431,427119974.24,60696562.39
2026-01-04T00:00:00+00:00,DOGEUSD,0.1431,0.1541,0.1427,0.1495,848271103.82,127345612.3
2026-01-05T00:00:00+00:00,DOGEUSD,0.1495,0.1542,0.1459,0.1517,733314807.27,110132259.1
2026-01-06T00:00:00+00:00,DOGEUSD,0.1517,0.1565,0.1435,0.1505,761440685.14,114176870.84
2026-01-07T00:00:00+00:00,DOGEUSD,0.1505,0.1539,0.1449,0.1463,578368582.32,85656507.83
2026-01-08T00:00:00+00:00,DOGEUSD,0.1463,0.1476,0.138,0.1418,595026528.91,84484911.47
2026-01-09T00:00:00+00:00,DOGEUSD,0.1418,0.1443,0.1382,0.1405,469420197.23,66323166.58
2026-01-10T00:00:00+00:00,DOGEUSD,0.1405,0.1405,0.1389,0.1395,158108211.4,22109583.84
2026-01-11T00:00:00+00:00,DOGEUSD,0.1395,0.141,0.1357,0.1378,318473401.28,44047079.87
2026-01-12T00:00:00+00:00,DOGEUSD,0.1378,0.1421,0.1348,0.1365,387145442.25,53475538.89
2026-01-13T00:00:00+00:00,DOGEUSD,0.1365,0.1508,0.1361,0.1482,557114445.21,79582010.66
2026-01-14T00:00:00+00:00,DOGEUSD,0.1482,0.1513,0.1456,0.1472,548008245.62,81288527.91
2026-01-15T00:00:00+00:00,DOGEUSD,0.1472,0.1472,0.1388,0.14,429460513.62,61224745.4
2026-01-16T00:00:00+00:00,DOGEUSD,0.14,0.1404,0.1351,0.1381,338654372.26,46703855.68
2026-01-17T00:00:00+00:00,DOGEUSD,0.1381,0.14,0.1368,0.1379,166673471,23029763.32
2026-01-18T00:00:00+00:00,DOGEUSD,0.1379,0.1383,0.1314,0.1316,298949093.11,40685399.29
2026-01-19T00:00:00+00:00,DOGEUSD,0.1316,0.1316,0.1222,0.1291,554628722.95,70580600.84
2026-01-20T00:00:00+00:00,DOGEUSD,0.1291,0.1292,0.1218,0.1232,378401803.17,47504766.22
2026-01-21T00:00:00+00:00,DOGEUSD,0.1232,0.1287,0.1203,0.1264,400856048.61,50065171.08
2026-01-22T00:00:00+00:00,DOGEUSD,0.1264,0.1278,0.1231,0.1243,278659065.2,34902592.2
2026-01-23T00:00:00+00:00,DOGEUSD,0.1243,0.1277,0.1219,0.1246,313471091.07,39154836.04
2026-01-24T00:00:00+00:00,DOGEUSD,0.1246,0.1247,0.1227,0.124,126223404.06,15654811.63
2026-01-25T00:00:00+00:00,DOGEUSD,0.124,0.1242,0.1176,0.1193,327008588.86,39422895.04
2026-01-26T00:00:00+00:00,DOGEUSD,0.1193,0.1237,0.1191,0.1222,385310413,46963203.12
2026-01-27T00:00:00+00:00,DOGEUSD,0.1222,0.1265,0.1212,0.126,354012627.75,43756987.13
2026-01-28T00:00:00+00:00,DOGEUSD,0.126,0.1275,0.1234,0.1248,320551307.87,40175220.13
2026-01-29T00:00:00+00:00,DOGEUSD,0.1248,0.125,0.1144,0.1171,516165570.31,60930791.75
2026-01-30T00:00:00+00:00,DOGEUSD,0.1171,0.1185,0.1121,0.1156,533949048.05,61482584.78
2026-01-31T00:00:00+00:00,DOGEUSD,0.1156,0.1157,0.09579,0.1042,1027484300.7,107984031.4
2026-02-01T00:00:00+00:00,DOGEUSD,0.1042,0.1067,0.101,0.1042,534090986.12,55845028.35
2026-02-02T00:00:00+00:00,DOGEUSD,0.1042,0.1105,0.09947,0.1078,764702157.33,80254501.05
2026-02-03T00:00:00+00:00,DOGEUSD,0.1078,0.1104,0.1022,0.1059,799205853.08,85490325.76
2026-02-04T00:00:00+00:00,DOGEUSD,0.1059,0.1093,0.1011,0.1036,627476663.23,65696522.72
2026-02-05T00:00:00+00:00,DOGEUSD,0.1036,0.1045,0.08669,0.08832,1542640384.35,146971316.41
2026-02-06T00:00:00+00:00,DOGEUSD,0.08832,0.1021,0.08006,0.09841,1391889053.27,128698657.45
2026-02-07T00:00:00+00:00,DOGEUSD,0.09841,0.09939,0.09471,0.09818,539447308.58,52518565.8
2026-02-08T00:00:00+00:00,DOGEUSD,0.09818,0.09895,0.09497,0.09657,345520033.85,33592568.69
2026-02-09T00:00:00+00:00,DOGEUSD,0.09657,0.09739,0.09235,0.09605,384253648.99,36586173.85
2026-02-10T00:00:00+00:00,DOGEUSD,0.09605,0.09651,0.09179,0.09273,360914894.88,33751498.9
2026-02-11T00:00:00+00:00,DOGEUSD,0.09273,0.09354,0.08787,0.09106,492222414.5,44596073.71
2026-02-12T00:00:00+00:00,DOGEUSD,0.09106,0.0945,0.09064,0.09292,360679215.78,33341217.16
2026-02-13T00:00:00+00:00,DOGEUSD,0.09292,0.09757,0.09174,0.09662,360724925.67,34224930.51
2026-02-14T00:00:00+00:00,DOGEUSD,0.09662,0.1136,0.09626,0.111,777340715.86,81778308.13
2026-02-15T00:00:00+00:00,DOGEUSD,0.111,0.1175,0.1015,0.1026,936383512.56,102960571.74
2026-02-16T00:00:00+00:00,DOGEUSD,0.1026,0.1035,0.09852,0.101,511183007.86,51763471.7
2026-02-17T00:00:00+00:00,DOGEUSD,0.101,0.1035,0.0984,0.1006,491398274.46,49447243.5
2026-02-18T00:00:00+00:00,DOGEUSD,0.1006,0.1023,0.09746,0.0985,331409249.76,33166108.89
2026-02-19T00:00:00+00:00,DOGEUSD,0.0985,0.09916,0.09559,0.09833,423949550.38,41406200.77
2026-02-20T00:00:00+00:00,DOGEUSD,0.09833,0.1023,0.09566,0.1001,547134355.87,54408111.16
2026-02-21T00:00:00+00:00,DOGEUSD,0.1001,0.1009,0.09838,0.09841,239871572.84,23925154.01
2026-02-22T00:00:00+00:00,DOGEUSD,0.09841,0.09852,0.09456,0.09553,286097341.38,27550068.67
2026-02-23T00:00:00+00:00,DOGEUSD,0.09553,0.09758,0.09145,0.09263,608406749.86,57196161.44
2026-02-24T00:00:00+00:00,DOGEUSD,0.09263,0.09355,0.08999,0.09137,464332246.48,42586470.5
2026-02-25T00:00:00+00:00,DOGEUSD,0.09137,0.1061,0.09088,0.1009,1048242173.27,104111285.31
2026-02-26T00:00:00+00:00,DOGEUSD,0.1009,0.1017,0.09543,0.09699,477676842.28,47069858.04
2026-02-27T00:00:00+00:00,DOGEUSD,0.09699,0.0991,0.092,0.09338,467145474.14,44567983.23
2026-02-28T00:00:00+00:00,DOGEUSD,0.09338,0.09495,0.08775,0.09407,699629816.49,63717553.09
2026-03-01T00:00:00+00:00,DOGEUSD,0.09407,0.09785,0.09058,0.09188,556931202,52318290.35
2026-03-02T00:00:00+00:00,DOGEUSD,0.09188,0.09768,0.09078,0.09355,505071633.44,47595788.38
2026-03-03T00:00:00+00:00,DOGEUSD,0.09355,0.09383,0.08852,0.08998,610321078.69,55264761.35
2026-03-04T00:00:00+00:00,DOGEUSD,0.08998,0.1043,0.08864,0.09896,1082021777.61,104684886.89
2026-03-05T00:00:00+00:00,DOGEUSD,0.09896,0.09923,0.09277,0.09358,559952958.26,53561241.42
2026-03-06T00:00:00+00:00,DOGEUSD,0.09358,0.09434,0.09001,0.09127,438691225.76,40204607.5
2026-03-07T00:00:00+00:00,DOGEUSD,0.09127,0.09209,0.0893,0.08993,204880580.34,18533973.44
2026-03-08T00:00:00+00:00,DOGEUSD,0.08993,0.0913,0.08664,0.08914,318570168.3,28363142.5
2026-03-09T00:00:00+00:00,DOGEUSD,0.08914,0.09284,0.08902,0.0905,482051069.72,43852966.24
2026-03-10T00:00:00+00:00,DOGEUSD,0.0905,0.1004,0.09035,0.09455,900281763.25,86351170.77
2026-03-11T00:00:00+00:00,DOGEUSD,0.09455,0.09487,0.09124,0.09289,476308254.63,44367544.86
2026-03-12T00:00:00+00:00,DOGEUSD,0.09289,0.09584,0.09182,0.09474,398524421.23,37469425.6
2026-03-13T00:00:00+00:00,DOGEUSD,0.09474,0.102,0.09456,0.09601,712872028.04,69960502.95
2026-03-14T00:00:00+00:00,DOGEUSD,0.09601,0.09644,0.09403,0.09605,222838678.54,21203880.19
2026-03-15T00:00:00+00:00,DOGEUSD,0.09605,0.09808,0.09449,0.09739,308905067.29,29698878.63
2026-03-16T00:00:00+00:00,DOGEUSD,0.09739,0.1037,0.09708,0.1031,823853543.93,83193942.51
2026-03-17T00:00:00+00:00,DOGEUSD,0.1031,0.1044,0.09836,0.1002,492780976.66,49731665.09
2026-03-18T00:00:00+00:00,DOGEUSD,0.1002,0.1019,0.09333,0.09525,497621071.41,48050891.26
2026-03-19T00:00:00+00:00,DOGEUSD,0.09525,0.09608,0.09178,0.09354,380224462.84,35631957.65
2026-03-20T00:00:00+00:00,DOGEUSD,0.09354,0.09539,0.09286,0.09415,252323392.52,23724395.56
2026-03-21T00:00:00+00:00,DOGEUSD,0.09415,0.09496,0.09069,0.09134,162532916.57,15193450.46
2026-03-22T00:00:00+00:00,DOGEUSD,0.09134,0.09282,0.0892,0.09011,307555177.36,28014479.08
2026-03-23T00:00:00+00:00,DOGEUSD,0.09011,0.09574,0.08926,0.09415,523160385.68,48771369.73
2026-03-24T00:00:00+00:00,DOGEUSD,0.09415,0.09557,0.09241,0.09508,348915205.38,32786542.97
2026-03-25T00:00:00+00:00,DOGEUSD,0.09508,0.09791,0.09438,0.09616,385362411.69,37178888.16
2026-03-26T00:00:00+00:00,DOGEUSD,0.09616,0.09624,0.09054,0.09199,403382809.11,37184385.57
2026-03-27T00:00:00+00:00,DOGEUSD,0.09199,0.09265,0.08925,0.09003,295957914.74,26732866.71
2026-03-28T00:00:00+00:00,DOGEUSD,0.09003,0.09518,0.08964,0.09093,467910725.29,43172167.16
2026-03-29T00:00:00+00:00,DOGEUSD,0.09093,0.09153,0.08801,0.09036,232209702.71,20963398.88
2026-03-30T00:00:00+00:00,DOGEUSD,0.09036,0.09377,0.09021,0.09075,302655739.57,27899378.8
2026-03-31T00:00:00+00:00,DOGEUSD,0.09075,0.0927,0.08931,0.09223,320666165.95,29259995.81
2026-04-01T00:00:00+00:00,DOGEUSD,0.09223,0.09446,0.09156,0.09218,303128596.63,28139414.56
2026-04-02T00:00:00+00:00,DOGEUSD,0.09218,0.09268,0.08898,0.09039,326388850.62,29472732.85
2026-04-03T00:00:00+00:00,DOGEUSD,0.09039,0.09256,0.08991,0.09154,224442823.41,20499381.04
2026-04-04T00:00:00+00:00,DOGEUSD,0.09154,0.09308,0.09074,0.09204,127733768.97,11709738
2026-04-05T00:00:00+00:00,DOGEUSD,0.09204,0.09238,0.0897,0.09234,191537335.56,17389783.82
2026-04-06T00:00:00+00:00,DOGEUSD,0.09234,0.09357,0.08995,0.09061,407333248.25,37538521.67
2026-04-07T00:00:00+00:00,DOGEUSD,0.09061,0.09599,0.09006,0.09492,440100927.81,40685069.18
2026-04-08T00:00:00+00:00,DOGEUSD,0.09492,0.09556,0.09219,0.09242,330573758.36,31075700.8
2026-04-09T00:00:00+00:00,DOGEUSD,0.09242,0.09499,0.09095,0.0926,374290724.09,34627571.85
2026-04-10T00:00:00+00:00,DOGEUSD,0.0926,0.09529,0.09197,0.09372,319231091.17,29821696.69
2026-04-11T00:00:00+00:00,DOGEUSD,0.09372,0.09491,0.09232,0.09312,204127059.63,19084796.31
2026-04-12T00:00:00+00:00,DOGEUSD,0.09312,0.09327,0.09035,0.09086,230777485.7,21055631.22
2026-04-13T00:00:00+00:00,DOGEUSD,0.09086,0.09436,0.09074,0.09414,392576739.01,36290166.24
2026-04-14T00:00:00+00:00,DOGEUSD,0.09414,0.09802,0.09246,0.093,553203833.66,52408379.97
2026-04-15T00:00:00+00:00,DOGEUSD,0.093,0.09678,0.09266,0.09487,301724319.32,28505538.91
2026-04-16T00:00:00+00:00,DOGEUSD,0.09487,0.09986,0.09453,0.09925,667339591.52,64858387.35
2026-04-17T00:00:00+00:00,DOGEUSD,0.09925,0.1022,0.09675,0.09948,684222299.25,68355445.16
2026-04-18T00:00:00+00:00,DOGEUSD,0.09948,0.09979,0.0943,0.09481,294465395.27,28479740.24
2026-04-19T00:00:00+00:00,DOGEUSD,0.09481,0.09643,0.09262,0.09307,389303038.14,36799349.2
2026-04-20T00:00:00+00:00,DOGEUSD,0.09307,0.09612,0.09297,0.09525,268410719.68,25449989.95
2026-04-21T00:00:00+00:00,DOGEUSD,0.09525,0.09595,0.09361,0.09519,246831689.35,23428419.35
2026-04-22T00:00:00+00:00,DOGEUSD,0.09519,0.09859,0.0949,0.09567,333166225.64,32385952.66
2026-04-23T00:00:00+00:00,DOGEUSD,0.09567,0.09804,0.09519,0.09716,324588933.99,31282389.5
2026-04-24T00:00:00+00:00,DOGEUSD,0.09716,0.09953,0.09686,0.09846,453433455.51,44419620.91
2026-04-25T00:00:00+00:00,DOGEUSD,0.09846,0.0991,0.09741,0.09802,159014646.52,15623074.25
2026-04-26T00:00:00+00:00,DOGEUSD,0.09802,0.09995,0.09753,0.09926,180010378.04,17766703.67
2026-04-27T00:00:00+00:00,DOGEUSD,0.09926,0.1009,0.09695,0.09895,330113956.81,32504726.86
2026-04-28T00:00:00+00:00,DOGEUSD,0.09895,0.101,0.09808,0.09934,319736238.27,31786183.74
2026-04-29T00:00:00+00:00,DOGEUSD,0.09934,0.1117,0.09923,0.104,1208273634.12,126590519.72
2026-04-30T00:00:00+00:00,DOGEUSD,0.104,0.1084,0.1039,0.1065,615448648.87,65441321.64
2026-05-01T00:00:00+00:00,DOGEUSD,0.1065,0.1105,0.1064,0.1085,528744743.33,57537483.32
2026-05-02T00:00:00+00:00,DOGEUSD,0.1085,0.1093,0.1071,0.1085,265306989.52,28755994.65
2026-05-03T00:00:00+00:00,DOGEUSD,0.1085,0.1096,0.1071,0.1083,223630925.31,24229014.71
2026-05-04T00:00:00+00:00,DOGEUSD,0.1083,0.1137,0.1077,0.1101,634509889.5,70485091.83
2026-05-05T00:00:00+00:00,DOGEUSD,0.1101,0.1165,0.11,0.1148,481745286.49,54572411.15
2026-05-06T00:00:00+00:00,DOGEUSD,0.1148,0.1171,0.1114,0.1125,651923599.57,74702319.11
2026-05-07T00:00:00+00:00,DOGEUSD,0.1125,0.1125,0.1068,0.1078,538482915.15,59070140.22
2026-05-08T00:00:00+00:00,DOGEUSD,0.1078,0.108,0.1056,0.107,84294642.74,8977364.96
2023-05-01T00:00:00+00:00,SHIBUSD,1.009e-05,1.013e-05,9.75e-06,9.97e-06,945769633630,9403402.11
2023-05-02T00:00:00+00:00,SHIBUSD,9.97e-06,1.013e-05,9.85e-06,1.003e-05,506029609951.44,5038223.99
2023-05-03T00:00:00+00:00,SHIBUSD,1.003e-05,1.02e-05,9.82e-06,1.011e-05,697711410280.06,6944730.46
2023-05-04T00:00:00+00:00,SHIBUSD,1.011e-05,1.013e-05,9.87e-06,9.9e-06,570121345339.48,5684301.28
2023-05-05T00:00:00+00:00,SHIBUSD,9.9e-06,1.037e-05,9.76e-06,1.002e-05,864522249526.35,8599848.8
2023-05-06T00:00:00+00:00,SHIBUSD,1.002e-05,1.007e-05,9.21e-06,9.47e-06,1271824975570.05,12188375.47
2023-05-07T00:00:00+00:00,SHIBUSD,9.47e-06,9.55e-06,9.31e-06,9.36e-06,642462040327.76,6067987.89
2023-05-08T00:00:00+00:00,SHIBUSD,9.36e-06,9.38e-06,8.36e-06,8.93e-06,1782591530196.58,15883390.25
2023-05-09T00:00:00+00:00,SHIBUSD,8.93e-06,9.03e-06,8.71e-06,9e-06,1008486904922.38,8938457.57
2023-05-10T00:00:00+00:00,SHIBUSD,9e-06,9.14e-06,8.63e-06,8.99e-06,1002863108619.88,8996767.78
2023-05-11T00:00:00+00:00,SHIBUSD,8.99e-06,9.01e-06,8.53e-06,8.69e-06,987587680531.43,8651790.9
2023-05-12T00:00:00+00:00,SHIBUSD,8.69e-06,8.86e-06,8.46e-06,8.85e-06,1000508009709.7,8642999.4
2023-05-13T00:00:00+00:00,SHIBUSD,8.85e-06,8.86e-06,8.67e-06,8.73e-06,495347418364.73,4339983.72
2023-05-14T00:00:00+00:00,SHIBUSD,8.73e-06,8.89e-06,8.64e-06,8.79e-06,390134131813.52,3423658.92
2023-05-15T00:00:00+00:00,SHIBUSD,8.79e-06,8.92e-06,8.66e-06,8.79e-06,604294191788.09,5344057.98
2023-05-16T00:00:00+00:00,SHIBUSD,8.79e-06,8.84e-06,8.67e-06,8.78e-06,649712018104.97,5689121.4
2023-05-17T00:00:00+00:00,SHIBUSD,8.78e-06,8.85e-06,8.58e-06,8.77e-06,845485417912.3,7377053.05
2023-05-18T00:00:00+00:00,SHIBUSD,8.77e-06,8.84e-06,8.49e-06,8.69e-06,825526295993.11,7180197.97
2023-05-19T00:00:00+00:00,SHIBUSD,8.69e-06,8.75e-06,8.64e-06,8.68e-06,516200244287.73,4485455.32
2023-05-20T00:00:00+00:00,SHIBUSD,8.68e-06,8.78e-06,8.63e-06,8.72e-06,356681684966.11,3102003.35
2023-05-21T00:00:00+00:00,SHIBUSD,8.72e-06,8.77e-06,8.48e-06,8.52e-06,459074566051.92,3950370.75
2023-05-22T00:00:00+00:00,SHIBUSD,8.52e-06,9.02e-06,8.42e-06,8.79e-06,1266667762037.94,11091096.94
2023-05-23T00:00:00+00:00,SHIBUSD,8.79e-06,9.17e-06,8.78e-06,8.89e-06,1073864923794.95,9588109.2
2023-05-24T00:00:00+00:00,SHIBUSD,8.89e-06,8.9e-06,8.41e-06,8.51e-06,888688795478.27,7627494.58
2023-05-25T00:00:00+00:00,SHIBUSD,8.51e-06,8.67e-06,8.29e-06,8.5e-06,760418996788.22,6444263.8
2023-05-26T00:00:00+00:00,SHIBUSD,8.5e-06,8.64e-06,8.43e-06,8.54e-06,627487871536.29,5341027.39
2023-05-27T00:00:00+00:00,SHIBUSD,8.54e-06,8.66e-06,8.51e-06,8.63e-06,300598572194.01,2574463.16
2023-05-28T00:00:00+00:00,SHIBUSD,8.63e-06,8.9e-06,8.6e-06,8.81e-06,847352299262.01,7435279.58
2023-05-29T00:00:00+00:00,SHIBUSD,8.81e-06,8.88e-06,8.68e-06,8.7e-06,572384815193.4,5032051.99
2023-05-30T00:00:00+00:00,SHIBUSD,8.7e-06,8.84e-06,8.62e-06,8.66e-06,565070885526.83,4922556.23
2023-05-31T00:00:00+00:00,SHIBUSD,8.66e-06,8.71e-06,8.32e-06,8.59e-06,950301481517.05,8056026.13
2023-06-01T00:00:00+00:00,SHIBUSD,8.59e-06,8.78e-06,8.44e-06,8.47e-06,757892361759.9,6472847.5
2023-06-02T00:00:00+00:00,SHIBUSD,8.47e-06,8.74e-06,8.25e-06,8.61e-06,881224764351.53,7489271.79
2023-06-03T00:00:00+00:00,SHIBUSD,8.61e-06,8.7e-06,8.52e-06,8.6e-06,407833713307.6,3508754.24
2023-06-04T00:00:00+00:00,SHIBUSD,8.6e-06,8.7e-06,8.54e-06,8.61e-06,415673444552.62,3591726.4
2023-06-05T00:00:00+00:00,SHIBUSD,8.61e-06,8.67e-06,7.74e-06,7.99e-06,1513085179632.8,12318406.44
2023-06-06T00:00:00+00:00,SHIBUSD,7.99e-06,8.25e-06,7.86e-06,8.17e-06,984121928670.19,7931414.54
2023-06-07T00:00:00+00:00,SHIBUSD,8.17e-06,8.19e-06,7.76e-06,7.87e-06,881674733169.74,7006070.75
2023-06-08T00:00:00+00:00,SHIBUSD,7.87e-06,8.01e-06,7.81e-06,7.95e-06,524691075112.87,4164430.25
2023-06-09T00:00:00+00:00,SHIBUSD,7.95e-06,8.05e-06,7.61e-06,7.88e-06,852173738503.8,6726675.78
2023-06-10T00:00:00+00:00,SHIBUSD,7.88e-06,7.93e-06,5.99e-06,6.86e-06,4973939113381.39,33128732.26
2023-06-11T00:00:00+00:00,SHIBUSD,6.86e-06,6.88e-06,6.54e-06,6.67e-06,1286363877323.62,8665165.09
2023-06-12T00:00:00+00:00,SHIBUSD,6.67e-06,6.71e-06,6.39e-06,6.67e-06,1199783193427.51,7907140.07
2023-06-13T00:00:00+00:00,SHIBUSD,6.67e-06,6.94e-06,6.6e-06,6.8e-06,1048857279934.77,7072026.7
2023-06-14T00:00:00+00:00,SHIBUSD,6.8e-06,6.94e-06,6.44e-06,6.56e-06,1289172320469.54,8651450.45
2023-06-15T00:00:00+00:00,SHIBUSD,6.56e-06,6.84e-06,6.49e-06,6.74e-06,1012335167663.7,6699103.32
2023-06-16T00:00:00+00:00,SHIBUSD,6.74e-06,6.87e-06,6.6e-06,6.84e-06,826713198216.18,5580124.68
2023-06-17T00:00:00+00:00,SHIBUSD,6.84e-06,7e-06,6.78e-06,6.98e-06,716119911238.44,4940515.43
2023-06-18T00:00:00+00:00,SHIBUSD,6.98e-06,7.56e-06,6.91e-06,7.21e-06,2094184259228.61,15177480.48
2023-06-19T00:00:00+00:00,SHIBUSD,7.21e-06,7.33e-06,7.04e-06,7.23e-06,1016799296577.66,7303788.82
2023-06-20T00:00:00+00:00,SHIBUSD,7.23e-06,7.29e-06,6.98e-06,7.27e-06,1028204612212.48,7351895.08
2023-06-21T00:00:00+00:00,SHIBUSD,7.27e-06,7.63e-06,7.25e-06,7.55e-06,1551391444459.22,11538560.1
2023-06-22T00:00:00+00:00,SHIBUSD,7.55e-06,8.46e-06,7.53e-06,7.8e-06,3143436422371.84,25213000.82
2023-06-23T00:00:00+00:00,SHIBUSD,7.8e-06,8.15e-06,7.71e-06,7.94e-06,1357676214402.42,10770460.43
2023-06-24T00:00:00+00:00,SHIBUSD,7.94e-06,8.08e-06,7.67e-06,7.81e-06,995546981575.1,7852432.81
2023-06-25T00:00:00+00:00,SHIBUSD,7.81e-06,8.04e-06,7.76e-06,7.87e-06,884641719880.96,6973310.25
2023-06-26T00:00:00+00:00,SHIBUSD,7.87e-06,7.92e-06,7.43e-06,7.56e-06,1248617246089.18,9577108.74
2023-06-27T00:00:00+00:00,SHIBUSD,7.56e-06,7.68e-06,7.47e-06,7.6e-06,851162717282.2,6452085.51
2023-06-28T00:00:00+00:00,SHIBUSD,7.6e-06,7.61e-06,7.02e-06,7.22e-06,1358151927747.5,9918027.24
2023-06-29T00:00:00+00:00,SHIBUSD,7.22e-06,7.44e-06,7.2e-06,7.32e-06,1028154236012.49,7525667.4
2023-06-30T00:00:00+00:00,SHIBUSD,7.32e-06,7.66e-06,7.03e-06,7.55e-06,2318662234742.92,17258920.09
2023-07-01T00:00:00+00:00,SHIBUSD,7.55e-06,7.78e-06,7.49e-06,7.64e-06,1218833600404.88,9298452.47
2023-07-02T00:00:00+00:00,SHIBUSD,7.64e-06,7.72e-06,7.42e-06,7.66e-06,1067425231665.31,8084717.52
2023-07-03T00:00:00+00:00,SHIBUSD,7.66e-06,7.8e-06,7.62e-06,7.77e-06,1006907455631.88,7760188.11
2023-07-04T00:00:00+00:00,SHIBUSD,7.77e-06,7.86e-06,7.61e-06,7.68e-06,1185606789123.17,9178580
2023-07-05T00:00:00+00:00,SHIBUSD,7.68e-06,7.75e-06,7.35e-06,7.47e-06,1219195709458.74,9173112.08
2023-07-06T00:00:00+00:00,SHIBUSD,7.47e-06,7.68e-06,7.13e-06,7.14e-06,1197847142357.71,8833387.03
2023-07-07T00:00:00+00:00,SHIBUSD,7.14e-06,7.32e-06,7.08e-06,7.32e-06,936054710772.45,6778156.75
2023-07-08T00:00:00+00:00,SHIBUSD,7.32e-06,7.73e-06,7.26e-06,7.65e-06,875902178799.56,6554759.17
2023-07-09T00:00:00+00:00,SHIBUSD,7.65e-06,7.81e-06,7.57e-06,7.73e-06,939280093344.92,7222684.21
2023-07-10T00:00:00+00:00,SHIBUSD,7.73e-06,7.74e-06,7.41e-06,7.55e-06,992072346700.48,7501185.38
2023-07-11T00:00:00+00:00,SHIBUSD,7.55e-06,7.62e-06,7.43e-06,7.52e-06,673076763733.41,5063131.92
2023-07-12T00:00:00+00:00,SHIBUSD,7.52e-06,7.6e-06,7.35e-06,7.51e-06,804670391301.46,6036292.33
2023-07-13T00:00:00+00:00,SHIBUSD,7.51e-06,8.13e-06,7.43e-06,7.99e-06,2180094459646.02,16998755.22
2023-07-14T00:00:00+00:00,SHIBUSD,7.99e-06,8.44e-06,7.61e-06,7.99e-06,2625337752758.18,21055059.7
2023-07-15T00:00:00+00:00,SHIBUSD,7.99e-06,8.53e-06,7.91e-06,8.1e-06,1713047996347.31,14130299.45
2023-07-16T00:00:00+00:00,SHIBUSD,8.1e-06,8.18e-06,7.82e-06,7.85e-06,1025155908600.02,8198638.93
2023-07-17T00:00:00+00:00,SHIBUSD,7.85e-06,8.08e-06,7.62e-06,7.84e-06,1007176323182.94,7875834.82
2023-07-18T00:00:00+00:00,SHIBUSD,7.84e-06,7.9e-06,7.57e-06,7.72e-06,686974137536.9,5298453.95
2023-07-19T00:00:00+00:00,SHIBUSD,7.72e-06,7.85e-06,7.64e-06,7.75e-06,789899402985.43,6126643.87
2023-07-20T00:00:00+00:00,SHIBUSD,7.75e-06,7.93e-06,7.61e-06,7.7e-06,871367897661.44,6755526.38
2023-07-21T00:00:00+00:00,SHIBUSD,7.7e-06,8.07e-06,7.64e-06,7.84e-06,818629355586.91,6409314.95
2023-07-22T00:00:00+00:00,SHIBUSD,7.84e-06,7.92e-06,7.7e-06,7.78e-06,503790796507.97,3934010.31
2023-07-23T00:00:00+00:00,SHIBUSD,7.78e-06,7.92e-06,7.72e-06,7.86e-06,484903403973.57,3801098.97
2023-07-24T00:00:00+00:00,SHIBUSD,7.86e-06,8.02e-06,7.57e-06,7.66e-06,1044971206681.14,8081886.09
2023-07-25T00:00:00+00:00,SHIBUSD,7.66e-06,7.95e-06,7.65e-06,7.91e-06,1167863615968.47,9108957.15
2023-07-26T00:00:00+00:00,SHIBUSD,7.91e-06,7.98e-06,7.71e-06,7.85e-06,843375473755.9,6613943.03
2023-07-27T00:00:00+00:00,SHIBUSD,7.85e-06,7.94e-06,7.73e-06,7.8e-06,527070848938.94,4133769.46
2023-07-28T00:00:00+00:00,SHIBUSD,7.8e-06,8.45e-06,7.77e-06,8.17e-06,1853717277966.59,15185624.52
2023-07-29T00:00:00+00:00,SHIBUSD,8.17e-06,8.65e-06,8.13e-06,8.52e-06,1516895914550.05,12686452.68
2023-07-30T00:00:00+00:00,SHIBUSD,8.52e-06,8.78e-06,8.1e-06,8.28e-06,1640959321210.18,13892118.24
2023-07-31T00:00:00+00:00,SHIBUSD,8.28e-06,8.72e-06,8.22e-06,8.47e-06,1463181951554.39,12396427.37
2023-08-01T00:00:00+00:00,SHIBUSD,8.47e-06,8.47e-06,8.12e-06,8.42e-06,1088741539255.67,9030052.63
2023-08-02T00:00:00+00:00,SHIBUSD,8.42e-06,8.47e-06,8.08e-06,8.15e-06,727090426935.65,5996947.04
2023-08-03T00:00:00+00:00,SHIBUSD,8.15e-06,8.38e-06,8.11e-06,8.28e-06,765358097689.4,6312314.32
2023-08-04T00:00:00+00:00,SHIBUSD,8.28e-06,8.84e-06,8.27e-06,8.68e-06,1546729921314.32,13308923.31
2023-08-05T00:00:00+00:00,SHIBUSD,8.68e-06,1.049e-05,8.64e-06,9.98e-06,5438226696550.66,52835160
2023-08-06T00:00:00+00:00,SHIBUSD,9.98e-06,1.027e-05,9.18e-06,9.37e-06,2590622160925.53,24875051.94
2023-08-07T00:00:00+00:00,SHIBUSD,9.37e-06,9.47e-06,8.76e-06,8.97e-06,1655057958246.32,15011088.47
2023-08-08T00:00:00+00:00,SHIBUSD,8.97e-06,9.68e-06,8.86e-06,9.53e-06,2065906556399.8,19153096.36
2023-08-09T00:00:00+00:00,SHIBUSD,9.53e-06,1.005e-05,9.41e-06,9.63e-06,2166858689712.75,20980463.38
2023-08-10T00:00:00+00:00,SHIBUSD,9.63e-06,1.017e-05,9.57e-06,9.9e-06,2097981211254.11,20747202.23
2023-08-11T00:00:00+00:00,SHIBUSD,9.9e-06,1.059e-05,9.78e-06,1.051e-05,2498446585432.19,25529898.78
2023-08-12T00:00:00+00:00,SHIBUSD,1.051e-05,1.133e-05,1.039e-05,1.066e-05,4006500253745.61,43591594.08
2023-08-13T00:00:00+00:00,SHIBUSD,1.066e-05,1.082e-05,1.012e-05,1.021e-05,2029789014750.31,21238825.29
2023-08-14T00:00:00+00:00,SHIBUSD,1.021e-05,1.064e-05,9.96e-06,1.016e-05,3614730712684.25,37198503.52
2023-08-15T00:00:00+00:00,SHIBUSD,1.016e-05,1.065e-05,9.35e-06,9.92e-06,3687717840391.67,37272350.97
2023-08-16T00:00:00+00:00,SHIBUSD,9.92e-06,1.015e-05,9.01e-06,9.21e-06,4051456121821,38898945.84
2023-08-17T00:00:00+00:00,SHIBUSD,9.21e-06,9.35e-06,7.29e-06,8.13e-06,4937207405517.51,42657835.81
2023-08-18T00:00:00+00:00,SHIBUSD,8.13e-06,8.72e-06,8.04e-06,8.58e-06,2709322228378.84,22806098.02
2023-08-19T00:00:00+00:00,SHIBUSD,8.58e-06,8.69e-06,8.32e-06,8.44e-06,1193597064177.75,10118907.39
2023-08-20T00:00:00+00:00,SHIBUSD,8.44e-06,8.48e-06,8.14e-06,8.31e-06,838855386109.03,7000791.11
2023-08-21T00:00:00+00:00,SHIBUSD,8.31e-06,8.38e-06,7.75e-06,7.98e-06,1607374682813.92,12904010.83
2023-08-22T00:00:00+00:00,SHIBUSD,7.98e-06,8.07e-06,7.56e-06,7.99e-06,1564806194071.64,12354527.95
2023-08-23T00:00:00+00:00,SHIBUSD,7.99e-06,8.54e-06,7.97e-06,8.31e-06,1846409020810.77,15295341.4
2023-08-24T00:00:00+00:00,SHIBUSD,8.31e-06,8.36e-06,8.03e-06,8.22e-06,996908395742.03,8202376.22
2023-08-25T00:00:00+00:00,SHIBUSD,8.22e-06,8.26e-06,7.98e-06,8.15e-06,1027421970855.49,8319505.28
2023-08-26T00:00:00+00:00,SHIBUSD,8.15e-06,8.24e-06,8.07e-06,8.09e-06,581557447296.22,4740108.64
2023-08-27T00:00:00+00:00,SHIBUSD,8.09e-06,8.18e-06,8e-06,8.03e-06,491888028608.48,3977075.21
2023-08-28T00:00:00+00:00,SHIBUSD,8.03e-06,8.33e-06,7.86e-06,8.22e-06,1307370557139.43,10580327.06
2023-08-29T00:00:00+00:00,SHIBUSD,8.22e-06,8.46e-06,8.04e-06,8.37e-06,1643010666810.71,13609981.12
2023-08-30T00:00:00+00:00,SHIBUSD,8.37e-06,8.38e-06,8.07e-06,8.15e-06,820752330281.34,6742787.51
2023-08-31T00:00:00+00:00,SHIBUSD,8.15e-06,8.25e-06,7.79e-06,7.99e-06,1045968028283.08,8413022.42
2023-09-01T00:00:00+00:00,SHIBUSD,7.99e-06,8.05e-06,7.73e-06,7.9e-06,1055385099126.51,8340591.58
2023-09-02T00:00:00+00:00,SHIBUSD,7.9e-06,7.94e-06,7.77e-06,7.83e-06,517824588481.37,4072610.59
2023-09-03T00:00:00+00:00,SHIBUSD,7.83e-06,7.87e-06,7.64e-06,7.69e-06,628990801804.2,4879610.98
2023-09-04T00:00:00+00:00,SHIBUSD,7.69e-06,7.79e-06,7.37e-06,7.5e-06,790148594654.16,6013543.71
2023-09-05T00:00:00+00:00,SHIBUSD,7.5e-06,7.72e-06,7.43e-06,7.65e-06,869582802194.61,6604812.05
2023-09-06T00:00:00+00:00,SHIBUSD,7.65e-06,7.79e-06,7.51e-06,7.69e-06,798124928062.75,6111386.72
2023-09-07T00:00:00+00:00,SHIBUSD,7.69e-06,7.71e-06,7.54e-06,7.68e-06,589542599651.47,4493365.31
2023-09-08T00:00:00+00:00,SHIBUSD,7.68e-06,7.71e-06,7.48e-06,7.6e-06,608959409473.13,4618053.95
2023-09-09T00:00:00+00:00,SHIBUSD,7.6e-06,7.65e-06,7.55e-06,7.57e-06,423129295723.93,3216384.6
2023-09-10T00:00:00+00:00,SHIBUSD,7.57e-06,7.57e-06,7.21e-06,7.36e-06,1006438861680.2,7416810.27
2023-09-11T00:00:00+00:00,SHIBUSD,7.36e-06,7.39e-06,6.96e-06,7.06e-06,1572721448480.35,11182324.42
2023-09-12T00:00:00+00:00,SHIBUSD,7.06e-06,7.36e-06,7.05e-06,7.17e-06,1115200480662.66,8049339.21
2023-09-13T00:00:00+00:00,SHIBUSD,7.17e-06,7.36e-06,7.14e-06,7.25e-06,898248630069.54,6511601.27
2023-09-14T00:00:00+00:00,SHIBUSD,7.25e-06,7.45e-06,7.21e-06,7.36e-06,680110969628.55,4980948.13
2023-09-15T00:00:00+00:00,SHIBUSD,7.36e-06,7.49e-06,7.31e-06,7.45e-06,580573417949.17,4291302.63
2023-09-16T00:00:00+00:00,SHIBUSD,7.45e-06,7.57e-06,7.33e-06,7.39e-06,623225337758.24,4645402.86
2023-09-17T00:00:00+00:00,SHIBUSD,7.39e-06,7.4e-06,7.1e-06,7.22e-06,604927348634,4378737.15
2023-09-18T00:00:00+00:00,SHIBUSD,7.22e-06,7.42e-06,7.15e-06,7.25e-06,662841582479.7,4833865.13
2023-09-19T00:00:00+00:00,SHIBUSD,7.25e-06,7.43e-06,7.22e-06,7.41e-06,603141051427.59,4438262.37
2023-09-20T00:00:00+00:00,SHIBUSD,7.41e-06,7.49e-06,7.27e-06,7.44e-06,698345444993.4,5147787.62
2023-09-21T00:00:00+00:00,SHIBUSD,7.44e-06,7.54e-06,7.22e-06,7.25e-06,827748698668.84,6072344.79
2023-09-22T00:00:00+00:00,SHIBUSD,7.25e-06,7.32e-06,7.15e-06,7.3e-06,530741025510.31,3858103.11
2023-09-23T00:00:00+00:00,SHIBUSD,7.3e-06,7.71e-06,7.29e-06,7.51e-06,1065657616198.77,7994544.47
2023-09-24T00:00:00+00:00,SHIBUSD,7.51e-06,7.51e-06,7.27e-06,7.31e-06,588402352891.14,4335425.7
2023-09-25T00:00:00+00:00,SHIBUSD,7.31e-06,7.39e-06,7.18e-06,7.29e-06,579587597786.25,4224234.93
2023-09-26T00:00:00+00:00,SHIBUSD,7.29e-06,7.33e-06,7.18e-06,7.26e-06,479371518063.07,3482921.46
2023-09-27T00:00:00+00:00,SHIBUSD,7.26e-06,7.31e-06,7.14e-06,7.21e-06,600761296983.4,4337068.6
2023-09-28T00:00:00+00:00,SHIBUSD,7.21e-06,7.33e-06,7.2e-06,7.31e-06,643263392925.56,4673466.18
2023-09-29T00:00:00+00:00,SHIBUSD,7.31e-06,7.42e-06,7.27e-06,7.32e-06,606842122970.42,4451663.92
2023-09-30T00:00:00+00:00,SHIBUSD,7.32e-06,7.4e-06,7.3e-06,7.33e-06,482690447345.28,3545223.56
2023-10-01T00:00:00+00:00,SHIBUSD,7.33e-06,7.58e-06,7.33e-06,7.52e-06,646516831797.78,4807114.02
2023-10-02T00:00:00+00:00,SHIBUSD,7.52e-06,7.61e-06,7.2e-06,7.32e-06,1001439172188.46,7452906.73
2023-10-03T00:00:00+00:00,SHIBUSD,7.32e-06,7.34e-06,7.22e-06,7.28e-06,482987383015.64,3513866.35
2023-10-04T00:00:00+00:00,SHIBUSD,7.28e-06,7.28e-06,7.07e-06,7.24e-06,692746107640.19,4986651.54
2023-10-05T00:00:00+00:00,SHIBUSD,7.24e-06,7.28e-06,7.12e-06,7.14e-06,574909917062.9,4141427.34
2023-10-06T00:00:00+00:00,SHIBUSD,7.14e-06,7.26e-06,7.13e-06,7.24e-06,501609243859.13,3611703.93
2023-10-07T00:00:00+00:00,SHIBUSD,7.24e-06,7.26e-06,7.18e-06,7.24e-06,324320172588.93,2344173.72
2023-10-08T00:00:00+00:00,SHIBUSD,7.24e-06,7.3e-06,7.17e-06,7.19e-06,466635448599.09,3369432.93
2023-10-09T00:00:00+00:00,SHIBUSD,7.19e-06,7.21e-06,6.73e-06,6.92e-06,942732675306.37,6547164.26
2023-10-10T00:00:00+00:00,SHIBUSD,6.92e-06,6.98e-06,6.82e-06,6.91e-06,582311717813.88,4018440.4
2023-10-11T00:00:00+00:00,SHIBUSD,6.91e-06,6.95e-06,6.71e-06,6.78e-06,731004566530.48,4972648.2
2023-10-12T00:00:00+00:00,SHIBUSD,6.78e-06,6.89e-06,6.73e-06,6.79e-06,610614519536.45,4162375.83
2023-10-13T00:00:00+00:00,SHIBUSD,6.79e-06,6.99e-06,6.77e-06,6.91e-06,539773274415.43,3702298.84
2023-10-14T00:00:00+00:00,SHIBUSD,6.91e-06,7.14e-06,6.9e-06,7.03e-06,557246495158.49,3915028.74
2023-10-15T00:00:00+00:00,SHIBUSD,7.03e-06,7.07e-06,6.94e-06,6.98e-06,366554741940.42,2563080.19
2023-10-16T00:00:00+00:00,SHIBUSD,6.98e-06,7.29e-06,6.96e-06,7.1e-06,837924061876.39,5956286.38
2023-10-17T00:00:00+00:00,SHIBUSD,7.1e-06,7.13e-06,6.83e-06,6.89e-06,577345940785.45,4021433.69
2023-10-18T00:00:00+00:00,SHIBUSD,6.89e-06,6.96e-06,6.71e-06,6.77e-06,508597524756.35,3479238.55
2023-10-19T00:00:00+00:00,SHIBUSD,6.77e-06,6.87e-06,6.62e-06,6.84e-06,608762702519.57,4108437.71
2023-10-20T00:00:00+00:00,SHIBUSD,6.84e-06,7.03e-06,6.82e-06,6.9e-06,682488641698.96,4726247.73
2023-10-21T00:00:00+00:00,SHIBUSD,6.9e-06,7.18e-06,6.88e-06,7.07e-06,755907304274.17,5329063.77
2023-10-22T00:00:00+00:00,SHIBUSD,7.07e-06,7.13e-06,6.92e-06,7.13e-06,776109447296.07,5461270.3
2023-10-23T00:00:00+00:00,SHIBUSD,7.13e-06,7.52e-06,7.1e-06,7.52e-06,2215488093418.92,16093009.76
2023-10-24T00:00:00+00:00,SHIBUSD,7.52e-06,7.75e-06,7.23e-06,7.4e-06,2487673820331.15,18636790.59
2023-10-25T00:00:00+00:00,SHIBUSD,7.4e-06,7.98e-06,7.27e-06,7.8e-06,2463369435991.41,18860944.14
2023-10-26T00:00:00+00:00,SHIBUSD,7.8e-06,8.25e-06,7.57e-06,7.91e-06,2981730885153.64,23646626.92
2023-10-27T00:00:00+00:00,SHIBUSD,7.91e-06,7.97e-06,7.57e-06,7.7e-06,1441656595856.44,11243161.71
2023-10-28T00:00:00+00:00,SHIBUSD,7.7e-06,8.12e-06,7.66e-06,7.96e-06,964013241256.05,7579906.25
2023-10-29T00:00:00+00:00,SHIBUSD,7.96e-06,8.11e-06,7.74e-06,8.02e-06,1140394114536.23,9089081.61
2023-10-30T00:00:00+00:00,SHIBUSD,8.02e-06,8.07e-06,7.81e-06,7.97e-06,1082280360248.5,8621787.07
2023-10-31T00:00:00+00:00,SHIBUSD,7.97e-06,8.04e-06,7.54e-06,7.78e-06,1360582693730.89,10629394.08
2023-11-01T00:00:00+00:00,SHIBUSD,7.78e-06,7.98e-06,7.57e-06,7.98e-06,1383857751296.05,10732176.66
2023-11-02T00:00:00+00:00,SHIBUSD,7.98e-06,8.08e-06,7.66e-06,7.86e-06,1665539983625.23,13197846.94
2023-11-03T00:00:00+00:00,SHIBUSD,7.86e-06,7.86e-06,7.63e-06,7.82e-06,935685277061.17,7264771.34
2023-11-04T00:00:00+00:00,SHIBUSD,7.82e-06,7.98e-06,7.78e-06,7.96e-06,774389775820.93,6096377.74
2023-11-05T00:00:00+00:00,SHIBUSD,7.96e-06,8.31e-06,7.9e-06,8.13e-06,1774876898759.23,14390391.2
2023-11-06T00:00:00+00:00,SHIBUSD,8.13e-06,8.52e-06,8e-06,8.46e-06,2190008118910.54,18163394.23
2023-11-07T00:00:00+00:00,SHIBUSD,8.46e-06,8.47e-06,7.96e-06,8.19e-06,2824089577064.72,23216136.29
2023-11-08T00:00:00+00:00,SHIBUSD,8.19e-06,8.35e-06,8.15e-06,8.28e-06,1602816746212.43,13231157.58
2023-11-09T00:00:00+00:00,SHIBUSD,8.28e-06,8.72e-06,7.91e-06,8.22e-06,3492894821389.15,29281380.15
2023-11-10T00:00:00+00:00,SHIBUSD,8.22e-06,8.56e-06,8.09e-06,8.49e-06,3100907775515.81,25875645.96
2023-11-11T00:00:00+00:00,SHIBUSD,8.49e-06,9.66e-06,8.46e-06,9.09e-06,7189924575052.42,65803053.63
2023-11-12T00:00:00+00:00,SHIBUSD,9.09e-06,9.15e-06,8.66e-06,8.93e-06,2891689019202.13,25872347.33
2023-11-13T00:00:00+00:00,SHIBUSD,8.93e-06,9.18e-06,8.45e-06,8.54e-06,3366741786983.71,29654810.47
2023-11-14T00:00:00+00:00,SHIBUSD,8.54e-06,8.69e-06,8.02e-06,8.34e-06,2432285558985.19,20496608.5
2023-11-15T00:00:00+00:00,SHIBUSD,8.34e-06,8.84e-06,8.32e-06,8.79e-06,1953302012378.67,16762234.89
2023-11-16T00:00:00+00:00,SHIBUSD,8.79e-06,9.19e-06,8.28e-06,8.5e-06,3226367361570.48,28232072.86
2023-11-17T00:00:00+00:00,SHIBUSD,8.5e-06,9.15e-06,8.41e-06,8.82e-06,3360963465539.44,29335379.85
2023-11-18T00:00:00+00:00,SHIBUSD,8.82e-06,8.91e-06,8.4e-06,8.57e-06,1925138331020.13,16568682.1
2023-11-19T00:00:00+00:00,SHIBUSD,8.57e-06,8.71e-06,8.36e-06,8.69e-06,1166553584365.33,9926077.54
2023-11-20T00:00:00+00:00,SHIBUSD,8.69e-06,8.72e-06,8.37e-06,8.44e-06,1436457797763.33,12329884.13
2023-11-21T00:00:00+00:00,SHIBUSD,8.44e-06,8.52e-06,7.62e-06,7.74e-06,2908532355142.28,23491545.19
2023-11-22T00:00:00+00:00,SHIBUSD,7.74e-06,8.18e-06,7.7e-06,8.1e-06,2128550353662.72,17009318.25
2023-11-23T00:00:00+00:00,SHIBUSD,8.1e-06,8.19e-06,8.01e-06,8.12e-06,1013336241202.67,8211140.38
2023-11-24T00:00:00+00:00,SHIBUSD,8.12e-06,8.3e-06,8.08e-06,8.2e-06,1214711735772.07,9962925.66
2023-11-25T00:00:00+00:00,SHIBUSD,8.2e-06,8.59e-06,8.16e-06,8.47e-06,975163772849.19,8182905.36
2023-11-26T00:00:00+00:00,SHIBUSD,8.47e-06,8.49e-06,8.06e-06,8.3e-06,1410076984955.77,11664386
2023-11-27T00:00:00+00:00,SHIBUSD,8.3e-06,8.65e-06,8.02e-06,8.2e-06,2074163920698.83,17180490.58
2023-11-28T00:00:00+00:00,SHIBUSD,8.2e-06,8.34e-06,8.03e-06,8.31e-06,1399720988257.8,11468568.8
2023-11-29T00:00:00+00:00,SHIBUSD,8.31e-06,8.39e-06,8.16e-06,8.22e-06,1312272123534.66,10862124.77
2023-11-30T00:00:00+00:00,SHIBUSD,8.22e-06,8.31e-06,8.12e-06,8.3e-06,1208104291995.38,9931264.22
2023-12-01T00:00:00+00:00,SHIBUSD,8.3e-06,8.4e-06,8.25e-06,8.37e-06,1265341830360.98,10549430.86
2023-12-02T00:00:00+00:00,SHIBUSD,8.37e-06,8.58e-06,8.34e-06,8.53e-06,1148917316123.88,9712172.83
2023-12-03T00:00:00+00:00,SHIBUSD,8.53e-06,9.49e-06,8.37e-06,9.03e-06,4446819428533.16,39789477.16
2023-12-04T00:00:00+00:00,SHIBUSD,9.03e-06,9.64e-06,8.75e-06,9.21e-06,5038633167616.81,45900747.18
2023-12-05T00:00:00+00:00,SHIBUSD,9.21e-06,9.58e-06,8.89e-06,9.48e-06,4519976021469.62,41849228.64
2023-12-06T00:00:00+00:00,SHIBUSD,9.48e-06,1.067e-05,9.33e-06,9.73e-06,7930105868354.29,78605755.51
2023-12-07T00:00:00+00:00,SHIBUSD,9.73e-06,9.88e-06,9.38e-06,9.78e-06,3265940655005.55,31655355.87
2023-12-08T00:00:00+00:00,SHIBUSD,9.78e-06,1.044e-05,9.75e-06,1.021e-05,3224082717927.69,32500435.95
2023-12-09T00:00:00+00:00,SHIBUSD,1.021e-05,1.044e-05,9.9e-06,1e-05,2883285775728.12,29487202.04
2023-12-10T00:00:00+00:00,SHIBUSD,1e-05,1.04e-05,9.9e-06,1.033e-05,2386253908022.94,24314626.46
2023-12-11T00:00:00+00:00,SHIBUSD,1.033e-05,1.059e-05,9.15e-06,9.52e-06,4407990771551.2,42844363.65
2023-12-12T00:00:00+00:00,SHIBUSD,9.52e-06,9.76e-06,9.29e-06,9.58e-06,1924546561315.27,18385258.51
2023-12-13T00:00:00+00:00,SHIBUSD,9.58e-06,9.87e-06,9.14e-06,9.81e-06,2627775585979.67,24993496.32
2023-12-14T00:00:00+00:00,SHIBUSD,9.81e-06,1.02e-05,9.61e-06,1.009e-05,2537110323938.81,25277797.71
2023-12-15T00:00:00+00:00,SHIBUSD,1.009e-05,1.011e-05,9.57e-06,9.6e-06,2004320069043.33,19711598.79
2023-12-16T00:00:00+00:00,SHIBUSD,9.6e-06,1.174e-05,9.46e-06,1.161e-05,6136928164880.76,65699030.19
2023-12-17T00:00:00+00:00,SHIBUSD,1.161e-05,1.194e-05,1.022e-05,1.028e-05,5984563632324.76,64916787.86
2023-12-18T00:00:00+00:00,SHIBUSD,1.028e-05,1.049e-05,9.55e-06,1.044e-05,3301216296831.39,33310235.19
2023-12-19T00:00:00+00:00,SHIBUSD,1.044e-05,1.059e-05,9.99e-06,1.011e-05,1725838033074.54,17731364.54
2023-12-20T00:00:00+00:00,SHIBUSD,1.011e-05,1.05e-05,9.95e-06,1.024e-05,1407801792432.08,14452199.31
2023-12-21T00:00:00+00:00,SHIBUSD,1.024e-05,1.056e-05,1.013e-05,1.043e-05,1439299292049.37,14895428.27
2023-12-22T00:00:00+00:00,SHIBUSD,1.043e-05,1.096e-05,1.032e-05,1.092e-05,2460158000359.09,26372883.59
2023-12-23T00:00:00+00:00,SHIBUSD,1.092e-05,1.127e-05,1.052e-05,1.108e-05,2297865860574.63,25213122.22
2023-12-24T00:00:00+00:00,SHIBUSD,1.108e-05,1.11e-05,1.049e-05,1.066e-05,1622340128078,17663224.09
2023-12-25T00:00:00+00:00,SHIBUSD,1.066e-05,1.106e-05,1.054e-05,1.102e-05,1096492388688.06,11915697.17
2023-12-26T00:00:00+00:00,SHIBUSD,1.102e-05,1.103e-05,1.001e-05,1.06e-05,1189217233057.09,12569299.59
2023-12-27T00:00:00+00:00,SHIBUSD,1.06e-05,1.094e-05,1.028e-05,1.09e-05,1070115451004.53,11439558.51
2023-12-28T00:00:00+00:00,SHIBUSD,1.09e-05,1.105e-05,1.045e-05,1.061e-05,1435087346358.69,15424555.35
2023-12-29T00:00:00+00:00,SHIBUSD,1.061e-05,1.072e-05,1.025e-05,1.043e-05,1117272240659.45,11710570.21
2023-12-30T00:00:00+00:00,SHIBUSD,1.043e-05,1.059e-05,1.036e-05,1.043e-05,601150848336.45,6311836.44
2023-12-31T00:00:00+00:00,SHIBUSD,1.043e-05,1.06e-05,1.025e-05,1.035e-05,452276502114.63,4732084.34
2024-01-01T00:00:00+00:00,SHIBUSD,1.035e-05,1.071e-05,1.022e-05,1.068e-05,589249250826.83,6165483.65
2024-01-02T00:00:00+00:00,SHIBUSD,1.068e-05,1.092e-05,1.045e-05,1.056e-05,1456166034609.42,15533896.63
2024-01-03T00:00:00+00:00,SHIBUSD,1.056e-05,1.066e-05,8.53e-06,9.58e-06,2407867759366.04,23479293.35
2024-01-04T00:00:00+00:00,SHIBUSD,9.58e-06,1.014e-05,9.42e-06,1e-05,1253475625109.55,12329965.12
2024-01-05T00:00:00+00:00,SHIBUSD,1e-05,1.01e-05,9.43e-06,9.84e-06,1881393926753.63,18300462.98
2024-01-06T00:00:00+00:00,SHIBUSD,9.84e-06,9.84e-06,9.35e-06,9.61e-06,662628451422.56,6347964.44
2024-01-07T00:00:00+00:00,SHIBUSD,9.61e-06,9.69e-06,8.95e-06,9.04e-06,854670079130.48,7974671.15
2024-01-08T00:00:00+00:00,SHIBUSD,9.04e-06,9.6e-06,8.5e-06,9.58e-06,2012702891805.77,18320324.49
2024-01-09T00:00:00+00:00,SHIBUSD,9.58e-06,1.001e-05,9.05e-06,9.67e-06,2659921661610.46,25423602.52
2024-01-10T00:00:00+00:00,SHIBUSD,9.67e-06,1.017e-05,9.12e-06,9.98e-06,1781048126224.83,17143851.18
2024-01-11T00:00:00+00:00,SHIBUSD,9.98e-06,1.051e-05,9.86e-06,1.015e-05,1869879191587.83,19058219.86
2024-01-12T00:00:00+00:00,SHIBUSD,1.015e-05,1.03e-05,9.32e-06,9.63e-06,1594142947873.77,15750282.27
2024-01-13T00:00:00+00:00,SHIBUSD,9.63e-06,1.007e-05,9.42e-06,9.88e-06,796942470287.62,7826867.84
2024-01-14T00:00:00+00:00,SHIBUSD,9.88e-06,1.005e-05,9.53e-06,9.57e-06,629206926493.53,6170632.07
2024-01-15T00:00:00+00:00,SHIBUSD,9.57e-06,9.76e-06,9.48e-06,9.54e-06,574124271924.9,5533316.07
2024-01-16T00:00:00+00:00,SHIBUSD,9.54e-06,9.74e-06,9.41e-06,9.67e-06,630257982551.85,6063554.49
2024-01-17T00:00:00+00:00,SHIBUSD,9.67e-06,9.72e-06,9.38e-06,9.52e-06,748811443135.94,7143123.47
2024-01-18T00:00:00+00:00,SHIBUSD,9.52e-06,9.56e-06,8.94e-06,9.2e-06,1044128288541.78,9668703.32
2024-01-19T00:00:00+00:00,SHIBUSD,9.2e-06,9.39e-06,8.78e-06,9.3e-06,1301294647706.68,11894483.43
2024-01-20T00:00:00+00:00,SHIBUSD,9.3e-06,9.84e-06,9.27e-06,9.68e-06,1113022393060.51,10580672.22
2024-01-21T00:00:00+00:00,SHIBUSD,9.68e-06,9.73e-06,9.32e-06,9.34e-06,662247252524.25,6303367.43
2024-01-22T00:00:00+00:00,SHIBUSD,9.34e-06,9.37e-06,8.86e-06,8.92e-06,1404169645611.53,12787287.11
2024-01-23T00:00:00+00:00,SHIBUSD,8.92e-06,9.06e-06,8.43e-06,8.84e-06,1202661608756.43,10449654.43
2024-01-24T00:00:00+00:00,SHIBUSD,8.84e-06,8.99e-06,8.74e-06,8.89e-06,742655835942.58,6583263.86
2024-01-25T00:00:00+00:00,SHIBUSD,8.89e-06,8.92e-06,8.72e-06,8.86e-06,479161277470.13,4233961.1
2024-01-26T00:00:00+00:00,SHIBUSD,8.86e-06,9.13e-06,8.78e-06,9.03e-06,548204213082.12,4927160.72
2024-01-27T00:00:00+00:00,SHIBUSD,9.03e-06,9.22e-06,8.98e-06,9.12e-06,379189256246.24,3448978.01
2024-01-28T00:00:00+00:00,SHIBUSD,9.12e-06,9.25e-06,8.91e-06,9e-06,519891878644.61,4731563.7
2024-01-29T00:00:00+00:00,SHIBUSD,9e-06,9.27e-06,8.92e-06,9.2e-06,736810597082.33,6717079.4
2024-01-30T00:00:00+00:00,SHIBUSD,9.2e-06,9.63e-06,9.01e-06,9.05e-06,1143553259354.39,10618081.87
2024-01-31T00:00:00+00:00,SHIBUSD,9.05e-06,9.14e-06,8.84e-06,8.94e-06,693332496113.36,6256534.1
2024-02-01T00:00:00+00:00,SHIBUSD,8.94e-06,9.05e-06,8.78e-06,9.03e-06,719059473172.56,6409088.92
2024-02-02T00:00:00+00:00,SHIBUSD,9.03e-06,9.1e-06,8.92e-06,9.07e-06,524064273550.01,4737135.55
2024-02-03T00:00:00+00:00,SHIBUSD,9.07e-06,9.16e-06,9.01e-06,9.11e-06,314506073333.59,2860950.12
2024-02-04T00:00:00+00:00,SHIBUSD,9.11e-06,9.14e-06,8.85e-06,8.89e-06,533001101578.02,4801114.66
2024-02-05T00:00:00+00:00,SHIBUSD,8.89e-06,9.03e-06,8.78e-06,8.9e-06,535173542931.12,4763045.31
2024-02-06T00:00:00+00:00,SHIBUSD,8.9e-06,8.94e-06,8.81e-06,8.86e-06,626832590094.1,5560544.69
2024-02-07T00:00:00+00:00,SHIBUSD,8.86e-06,9.09e-06,8.79e-06,9.06e-06,495279642131.7,4430935.4
2024-02-08T00:00:00+00:00,SHIBUSD,9.06e-06,9.37e-06,9.04e-06,9.22e-06,915012881295.87,8428700.14
2024-02-09T00:00:00+00:00,SHIBUSD,9.22e-06,9.47e-06,9.21e-06,9.39e-06,824559097688.92,7721516.71
2024-02-10T00:00:00+00:00,SHIBUSD,9.39e-06,9.51e-06,9.24e-06,9.42e-06,535661980431.04,5037642.8
2024-02-11T00:00:00+00:00,SHIBUSD,9.42e-06,9.62e-06,9.34e-06,9.41e-06,649246804643.16,6147463.54
2024-02-12T00:00:00+00:00,SHIBUSD,9.41e-06,9.68e-06,9.21e-06,9.62e-06,825589348009.99,7796723.81
2024-02-13T00:00:00+00:00,SHIBUSD,9.62e-06,9.74e-06,9.29e-06,9.47e-06,1018876042633.38,9669959.59
2024-02-14T00:00:00+00:00,SHIBUSD,9.47e-06,9.84e-06,9.39e-06,9.76e-06,1005929156358.77,9713800.97
2024-02-15T00:00:00+00:00,SHIBUSD,9.76e-06,1.005e-05,9.68e-06,9.87e-06,1367195903060.03,13493161.47
2024-02-16T00:00:00+00:00,SHIBUSD,9.87e-06,1.005e-05,9.65e-06,9.88e-06,836498040726.83,8253555.91
2024-02-17T00:00:00+00:00,SHIBUSD,9.88e-06,9.9e-06,9.41e-06,9.63e-06,648653545214.09,6247172.99
2024-02-18T00:00:00+00:00,SHIBUSD,9.63e-06,9.84e-06,9.58e-06,9.74e-06,636953086716.81,6198950.23
2024-02-19T00:00:00+00:00,SHIBUSD,9.74e-06,9.95e-06,9.68e-06,9.9e-06,1203337654062.62,11816731.7
2024-02-20T00:00:00+00:00,SHIBUSD,9.9e-06,9.97e-06,9.42e-06,9.75e-06,1330105359628.87,12961171.16
2024-02-21T00:00:00+00:00,SHIBUSD,9.75e-06,9.78e-06,9.3e-06,9.55e-06,960717539209.46,9119682.18
2024-02-22T00:00:00+00:00,SHIBUSD,9.55e-06,9.72e-06,9.39e-06,9.53e-06,750292245851.9,7190591.5
2024-02-23T00:00:00+00:00,SHIBUSD,9.53e-06,9.6e-06,9.35e-06,9.52e-06,797241886846.86,7583514.25
2024-02-24T00:00:00+00:00,SHIBUSD,9.52e-06,9.67e-06,9.34e-06,9.64e-06,661427640657.86,6311549.43
2024-02-25T00:00:00+00:00,SHIBUSD,9.64e-06,9.73e-06,9.56e-06,9.66e-06,658593829982.86,6351917.47
2024-02-26T00:00:00+00:00,SHIBUSD,9.66e-06,1.024e-05,9.46e-06,1.007e-05,1676764767688.55,16502746.19
2024-02-27T00:00:00+00:00,SHIBUSD,1.007e-05,1.143e-05,9.95e-06,1.09e-05,5696018044276.6,60969713.98
2024-02-28T00:00:00+00:00,SHIBUSD,1.09e-05,1.251e-05,1.002e-05,1.172e-05,10973216928094.5,124431015.71
2024-02-29T00:00:00+00:00,SHIBUSD,1.172e-05,1.475e-05,1.145e-05,1.257e-05,17270454860604.7,231645025.07
2024-03-01T00:00:00+00:00,SHIBUSD,1.257e-05,1.726e-05,1.244e-05,1.69e-05,14383140014503.7,212810446.09
2024-03-02T00:00:00+00:00,SHIBUSD,1.69e-05,2.373e-05,1.661e-05,2.26e-05,32315911878716.8,673872625.55
2024-03-03T00:00:00+00:00,SHIBUSD,2.26e-05,2.374e-05,1.887e-05,2.253e-05,17330117280267.4,380994671.18
2024-03-04T00:00:00+00:00,SHIBUSD,2.253e-05,3.675e-05,2.148e-05,3.599e-05,35288425186996.71,1041867626.7
2024-03-05T00:00:00+00:00,SHIBUSD,3.599e-05,4.572e-05,2.113e-05,3.518e-05,53549512083455.1,1959389142.07
2024-03-06T00:00:00+00:00,SHIBUSD,3.518e-05,3.943e-05,3.037e-05,3.328e-05,22572790163218.2,785156885.41
2024-03-07T00:00:00+00:00,SHIBUSD,3.328e-05,3.471e-05,2.923e-05,3.155e-05,12190614706425.3,386751282.86
2024-03-08T00:00:00+00:00,SHIBUSD,3.155e-05,3.809e-05,3.091e-05,3.525e-05,16354107682756,568135572.89
2024-03-09T00:00:00+00:00,SHIBUSD,3.525e-05,3.698e-05,3.392e-05,3.502e-05,6344439908605.98,224832923.58
2024-03-10T00:00:00+00:00,SHIBUSD,3.502e-05,3.547e-05,3.166e-05,3.289e-05,5291193969000.28,179170170.06
2024-03-11T00:00:00+00:00,SHIBUSD,3.289e-05,3.522e-05,3.022e-05,3.386e-05,8026893998314.75,264051849.89
2024-03-12T00:00:00+00:00,SHIBUSD,3.386e-05,3.487e-05,2.998e-05,3.222e-05,6042313554600.52,195228725
2024-03-13T00:00:00+00:00,SHIBUSD,3.222e-05,3.355e-05,3.117e-05,3.205e-05,4066553526383.22,131459646.56
2024-03-14T00:00:00+00:00,SHIBUSD,3.205e-05,3.48e-05,3.04e-05,3.221e-05,9493788643828.78,311688237.15
2024-03-15T00:00:00+00:00,SHIBUSD,3.221e-05,3.274e-05,2.704e-05,2.99e-05,8351894844449.71,246343197.77
2024-03-16T00:00:00+00:00,SHIBUSD,2.99e-05,3.037e-05,2.353e-05,2.533e-05,8122100867075,214818661.03
2024-03-17T00:00:00+00:00,SHIBUSD,2.533e-05,3.021e-05,2.425e-05,2.951e-05,9110045324263.43,251308830.32
2024-03-18T00:00:00+00:00,SHIBUSD,2.951e-05,2.956e-05,2.634e-05,2.683e-05,5868124033947.69,163372981.86
2024-03-19T00:00:00+00:00,SHIBUSD,2.683e-05,2.738e-05,2.411e-05,2.486e-05,10742360323011,273788557.01
2024-03-20T00:00:00+00:00,SHIBUSD,2.486e-05,2.801e-05,2.366e-05,2.775e-05,7755707499395.59,199532837.25
2024-03-21T00:00:00+00:00,SHIBUSD,2.775e-05,2.863e-05,2.627e-05,2.72e-05,5549766459361.36,151392102.97
2024-03-22T00:00:00+00:00,SHIBUSD,2.72e-05,2.862e-05,2.58e-05,2.654e-05,4702123018634.48,126454594.38
2024-03-23T00:00:00+00:00,SHIBUSD,2.654e-05,2.851e-05,2.63e-05,2.712e-05,3936579549001.33,108249920.95
2024-03-24T00:00:00+00:00,SHIBUSD,2.712e-05,2.834e-05,2.708e-05,2.808e-05,3248650947781.9,90494504.04
2024-03-25T00:00:00+00:00,SHIBUSD,2.808e-05,3.064e-05,2.746e-05,2.871e-05,4895247489589.71,142102864.44
2024-03-26T00:00:00+00:00,SHIBUSD,2.871e-05,3.182e-05,2.848e-05,3.065e-05,6238540568365.5,188524582.25
2024-03-27T00:00:00+00:00,SHIBUSD,3.065e-05,3.187e-05,2.917e-05,3.017e-05,6681900785400.78,204295438.94
2024-03-28T00:00:00+00:00,SHIBUSD,3.017e-05,3.284e-05,2.979e-05,3.202e-05,6466717383353.25,203822910.62
2024-03-29T00:00:00+00:00,SHIBUSD,3.202e-05,3.215e-05,3.011e-05,3.081e-05,3451093200381.78,106676125.05
2024-03-30T00:00:00+00:00,SHIBUSD,3.081e-05,3.102e-05,2.952e-05,2.985e-05,2399408976353.63,72541964.3
2024-03-31T00:00:00+00:00,SHIBUSD,2.985e-05,3.081e-05,2.973e-05,3.074e-05,1858473435185.8,56571833.41
2024-04-01T00:00:00+00:00,SHIBUSD,3.074e-05,3.074e-05,2.778e-05,2.865e-05,3818032003626.88,109800920.34
2024-04-02T00:00:00+00:00,SHIBUSD,2.865e-05,2.865e-05,2.57e-05,2.641e-05,5525315332733.27,147504822.81
2024-04-03T00:00:00+00:00,SHIBUSD,2.641e-05,2.754e-05,2.55e-05,2.635e-05,4019442585358.9,107234064.06
2024-04-04T00:00:00+00:00,SHIBUSD,2.635e-05,2.85e-05,2.588e-05,2.771e-05,3172237845552.6,86807836.33
2024-04-05T00:00:00+00:00,SHIBUSD,2.771e-05,2.775e-05,2.631e-05,2.679e-05,2556313315116.07,68639111.01
2024-04-06T00:00:00+00:00,SHIBUSD,2.679e-05,2.78e-05,2.67e-05,2.742e-05,1315935284627.24,35934523.89
2024-04-07T00:00:00+00:00,SHIBUSD,2.742e-05,2.9e-05,2.737e-05,2.816e-05,2822973091487.81,80138143.17
2024-04-08T00:00:00+00:00,SHIBUSD,2.816e-05,2.953e-05,2.771e-05,2.874e-05,2493074732208.41,71563726.66
2024-04-09T00:00:00+00:00,SHIBUSD,2.874e-05,2.952e-05,2.719e-05,2.747e-05,2775051582080.8,78214010.5
2024-04-10T00:00:00+00:00,SHIBUSD,2.747e-05,2.829e-05,2.641e-05,2.805e-05,2548040255134.95,70070311.84
2024-04-11T00:00:00+00:00,SHIBUSD,2.805e-05,2.816e-05,2.72e-05,2.751e-05,1446789094919.75,39964712.8
2024-04-12T00:00:00+00:00,SHIBUSD,2.751e-05,2.813e-05,2.141e-05,2.476e-05,5395603423521.42,135202839.76
2024-04-13T00:00:00+00:00,SHIBUSD,2.476e-05,2.498e-05,1.837e-05,2.117e-05,9142411872230.11,202107190.83
2024-04-14T00:00:00+00:00,SHIBUSD,2.117e-05,2.3e-05,2.057e-05,2.275e-05,5431818240840.49,118304262.16
2024-04-15T00:00:00+00:00,SHIBUSD,2.275e-05,2.386e-05,2.1e-05,2.193e-05,4013782240400.02,89645569.48
2024-04-16T00:00:00+00:00,SHIBUSD,2.193e-05,2.289e-05,2.081e-05,2.269e-05,3723215510076.79,82125712.79
2024-04-17T00:00:00+00:00,SHIBUSD,2.269e-05,2.305e-05,2.133e-05,2.205e-05,2087946547687.22,46200473.52
2024-04-18T00:00:00+00:00,SHIBUSD,2.205e-05,2.297e-05,2.141e-05,2.279e-05,1917263047454.89,42860648.4
2024-04-19T00:00:00+00:00,SHIBUSD,2.279e-05,2.358e-05,2.083e-05,2.289e-05,2710527347637.56,60740883.48
2024-04-20T00:00:00+00:00,SHIBUSD,2.289e-05,2.674e-05,2.261e-05,2.619e-05,3172829454560.42,78391210.46
2024-04-21T00:00:00+00:00,SHIBUSD,2.619e-05,2.821e-05,2.543e-05,2.627e-05,3824357174860.28,102470182.88
2024-04-22T00:00:00+00:00,SHIBUSD,2.627e-05,2.772e-05,2.613e-05,2.692e-05,2781488147508.52,74877951.84
2024-04-23T00:00:00+00:00,SHIBUSD,2.692e-05,2.814e-05,2.62e-05,2.682e-05,2266260139704.72,61326070.01
2024-04-24T00:00:00+00:00,SHIBUSD,2.682e-05,2.767e-05,2.523e-05,2.569e-05,3712090288274.94,98075171.73
2024-04-25T00:00:00+00:00,SHIBUSD,2.569e-05,2.655e-05,2.448e-05,2.57e-05,3650733554671.54,92465339.41
2024-04-26T00:00:00+00:00,SHIBUSD,2.57e-05,2.599e-05,2.491e-05,2.52e-05,1611409037698.45,41003757.83
2024-04-27T00:00:00+00:00,SHIBUSD,2.52e-05,2.535e-05,2.402e-05,2.476e-05,1535772392334.1,37818283.42
2024-04-28T00:00:00+00:00,SHIBUSD,2.476e-05,2.516e-05,2.406e-05,2.422e-05,906700752320.18,22413207.68
2024-04-29T00:00:00+00:00,SHIBUSD,2.422e-05,2.438e-05,2.305e-05,2.41e-05,1745426926242.42,41375465.83
2024-04-30T00:00:00+00:00,SHIBUSD,2.41e-05,2.464e-05,2.176e-05,2.238e-05,2679777182227.81,61412615.37
2024-05-01T00:00:00+00:00,SHIBUSD,2.238e-05,2.312e-05,2.056e-05,2.263e-05,3745043643816.49,81388942.21
2024-05-02T00:00:00+00:00,SHIBUSD,2.263e-05,2.331e-05,2.15e-05,2.28e-05,2874261772191.35,65058254.66
2024-05-03T00:00:00+00:00,SHIBUSD,2.28e-05,2.476e-05,2.262e-05,2.446e-05,2619095633638.02,61981704.41
2024-05-04T00:00:00+00:00,SHIBUSD,2.446e-05,2.632e-05,2.43e-05,2.505e-05,2949469516850.53,74546767.63
2024-05-05T00:00:00+00:00,SHIBUSD,2.505e-05,2.523e-05,2.431e-05,2.47e-05,1252371311455.42,30938391.3
2024-05-06T00:00:00+00:00,SHIBUSD,2.47e-05,2.569e-05,2.382e-05,2.387e-05,2073535101605.42,51010203.99
2024-05-07T00:00:00+00:00,SHIBUSD,2.387e-05,2.424e-05,2.292e-05,2.298e-05,1738138962870.13,41163352.38
2024-05-08T00:00:00+00:00,SHIBUSD,2.298e-05,2.325e-05,2.233e-05,2.253e-05,1505060944446.66,34341434.99
2024-05-09T00:00:00+00:00,SHIBUSD,2.253e-05,2.378e-05,2.229e-05,2.349e-05,1291919759912.73,29659576.16
2024-05-10T00:00:00+00:00,SHIBUSD,2.349e-05,2.361e-05,2.215e-05,2.243e-05,1395149964664.47,31879959.76
2024-05-11T00:00:00+00:00,SHIBUSD,2.243e-05,2.29e-05,2.234e-05,2.249e-05,607887999129.29,13745985
2024-05-12T00:00:00+00:00,SHIBUSD,2.249e-05,2.273e-05,2.209e-05,2.23e-05,475979656323.63,10701807.05
2024-05-13T00:00:00+00:00,SHIBUSD,2.23e-05,2.465e-05,2.155e-05,2.335e-05,3104757689178.01,72732885.19
2024-05-14T00:00:00+00:00,SHIBUSD,2.335e-05,2.442e-05,2.286e-05,2.297e-05,3319003558432.73,78001291.79
2024-05-15T00:00:00+00:00,SHIBUSD,2.297e-05,2.558e-05,2.286e-05,2.525e-05,3762111387630.94,91262630.22
2024-05-16T00:00:00+00:00,SHIBUSD,2.525e-05,2.588e-05,2.394e-05,2.456e-05,3012127973746.03,74989056.73
2024-05-17T00:00:00+00:00,SHIBUSD,2.456e-05,2.531e-05,2.416e-05,2.502e-05,1548742926362.92,38402034.8
2024-05-18T00:00:00+00:00,SHIBUSD,2.502e-05,2.519e-05,2.438e-05,2.476e-05,845116263978.87,20948735.19
2024-05-19T00:00:00+00:00,SHIBUSD,2.476e-05,2.509e-05,2.361e-05,2.386e-05,1038646825676.01,25255522.17
2024-05-20T00:00:00+00:00,SHIBUSD,2.386e-05,2.612e-05,2.352e-05,2.607e-05,2781402962827.76,68882096.28
2024-05-21T00:00:00+00:00,SHIBUSD,2.607e-05,2.666e-05,2.505e-05,2.611e-05,3627952904390.83,93274608.69
2024-05-22T00:00:00+00:00,SHIBUSD,2.611e-05,2.684e-05,2.502e-05,2.532e-05,2536938283977.52,65665172.7
2024-05-23T00:00:00+00:00,SHIBUSD,2.532e-05,2.572e-05,2.34e-05,2.458e-05,2348190162385.81,57757393.53
2024-05-24T00:00:00+00:00,SHIBUSD,2.458e-05,2.508e-05,2.363e-05,2.44e-05,1549271434822.43,37726992.83
2024-05-25T00:00:00+00:00,SHIBUSD,2.44e-05,2.526e-05,2.429e-05,2.507e-05,1348399848238.98,33409316.32
2024-05-26T00:00:00+00:00,SHIBUSD,2.507e-05,2.515e-05,2.415e-05,2.431e-05,561958989147.17,13814519.94
2024-05-27T00:00:00+00:00,SHIBUSD,2.431e-05,2.62e-05,2.43e-05,2.548e-05,2417890586653.62,61639557
2024-05-28T00:00:00+00:00,SHIBUSD,2.548e-05,2.735e-05,2.448e-05,2.672e-05,4252617629824.39,110734367.3
2024-05-29T00:00:00+00:00,SHIBUSD,2.672e-05,2.939e-05,2.652e-05,2.752e-05,5944257540778.07,165586831.62
2024-05-30T00:00:00+00:00,SHIBUSD,2.752e-05,2.856e-05,2.56e-05,2.589e-05,3272539967007.61,87689848.56
2024-05-31T00:00:00+00:00,SHIBUSD,2.589e-05,2.633e-05,2.485e-05,2.54e-05,1542856528430.43,39610526.06
2024-06-01T00:00:00+00:00,SHIBUSD,2.54e-05,2.547e-05,2.509e-05,2.525e-05,633628294122.22,16043596.21
2024-06-02T00:00:00+00:00,SHIBUSD,2.525e-05,2.547e-05,2.403e-05,2.461e-05,1069023324624.13,26430885.47
2024-06-03T00:00:00+00:00,SHIBUSD,2.461e-05,2.539e-05,2.426e-05,2.443e-05,1276074168917.87,31635078.98
2024-06-04T00:00:00+00:00,SHIBUSD,2.443e-05,2.466e-05,2.286e-05,2.461e-05,1886816175556.85,45245530.71
2024-06-05T00:00:00+00:00,SHIBUSD,2.461e-05,2.632e-05,2.45e-05,2.594e-05,2992756505197.31,76799475.35
2024-06-06T00:00:00+00:00,SHIBUSD,2.594e-05,2.624e-05,2.495e-05,2.522e-05,1500112373212.66,38430045.18
2024-06-07T00:00:00+00:00,SHIBUSD,2.522e-05,2.548e-05,2.155e-05,2.369e-05,2624821672140.45,62351302.34
2024-06-08T00:00:00+00:00,SHIBUSD,2.369e-05,2.412e-05,2.3e-05,2.321e-05,1168650551063,27498083.87
2024-06-09T00:00:00+00:00,SHIBUSD,2.321e-05,2.367e-05,2.296e-05,2.348e-05,730774406963.54,17003486.15
2024-06-10T00:00:00+00:00,SHIBUSD,2.348e-05,2.361e-05,2.27e-05,2.291e-05,849656313441.61,19642153.23
2024-06-11T00:00:00+00:00,SHIBUSD,2.291e-05,2.296e-05,2.105e-05,2.163e-05,2687546777988.94,59190186.15
2024-06-12T00:00:00+00:00,SHIBUSD,2.163e-05,2.323e-05,2.111e-05,2.22e-05,3028030882084.53,67446863.47
2024-06-13T00:00:00+00:00,SHIBUSD,2.22e-05,2.221e-05,2.095e-05,2.118e-05,1676594726568.1,36090363.37
2024-06-14T00:00:00+00:00,SHIBUSD,2.118e-05,2.187e-05,1.961e-05,2.029e-05,2931024982021.37,60548171.99
2024-06-15T00:00:00+00:00,SHIBUSD,2.029e-05,2.098e-05,1.999e-05,2.077e-05,1165777617046.06,24081085.38
2024-06-16T00:00:00+00:00,SHIBUSD,2.077e-05,2.108e-05,2.038e-05,2.094e-05,797506966290.02,16579940.84
2024-06-17T00:00:00+00:00,SHIBUSD,2.094e-05,2.106e-05,1.86e-05,1.932e-05,2886112086027.34,56855837.11
2024-06-18T00:00:00+00:00,SHIBUSD,1.932e-05,1.943e-05,1.699e-05,1.808e-05,4126441281835.98,74011151.94
2024-06-19T00:00:00+00:00,SHIBUSD,1.808e-05,1.893e-05,1.796e-05,1.812e-05,1764994508252.02,32520540
2024-06-20T00:00:00+00:00,SHIBUSD,1.812e-05,1.899e-05,1.779e-05,1.803e-05,1548819232683.06,28359001.23
2024-06-21T00:00:00+00:00,SHIBUSD,1.803e-05,1.823e-05,1.739e-05,1.786e-05,1787045948158.94,31826467.22
2024-06-22T00:00:00+00:00,SHIBUSD,1.786e-05,1.833e-05,1.765e-05,1.797e-05,680013023843.65,12273690.52
2024-06-23T00:00:00+00:00,SHIBUSD,1.797e-05,1.821e-05,1.742e-05,1.753e-05,695371197196.87,12393025.41
2024-06-24T00:00:00+00:00,SHIBUSD,1.753e-05,1.765e-05,1.635e-05,1.703e-05,2494799113778.53,41967666.8
2024-06-25T00:00:00+00:00,SHIBUSD,1.703e-05,1.824e-05,1.698e-05,1.774e-05,2364507955308.38,41693133.85
2024-06-26T00:00:00+00:00,SHIBUSD,1.774e-05,1.806e-05,1.709e-05,1.713e-05,1244457880702.69,21812956.88
2024-06-27T00:00:00+00:00,SHIBUSD,1.713e-05,1.77e-05,1.685e-05,1.754e-05,1442243758067.04,24980414.92
2024-06-28T00:00:00+00:00,SHIBUSD,1.754e-05,1.809e-05,1.678e-05,1.695e-05,1845778830726.57,31978042.32
2024-06-29T00:00:00+00:00,SHIBUSD,1.695e-05,1.724e-05,1.684e-05,1.688e-05,556395934867.33,9483723.1
2024-06-30T00:00:00+00:00,SHIBUSD,1.688e-05,1.74e-05,1.66e-05,1.722e-05,972867130871.91,16482218.56
2024-07-01T00:00:00+00:00,SHIBUSD,1.722e-05,1.759e-05,1.693e-05,1.707e-05,1197202766617.63,20616397.46
2024-07-02T00:00:00+00:00,SHIBUSD,1.707e-05,1.739e-05,1.694e-05,1.724e-05,891529034430.95,15267716.18
2024-07-03T00:00:00+00:00,SHIBUSD,1.724e-05,1.743e-05,1.611e-05,1.637e-05,1374597638841.71,22876336.41
2024-07-04T00:00:00+00:00,SHIBUSD,1.637e-05,1.646e-05,1.453e-05,1.463e-05,2246385190361.96,34389769.42
2024-07-05T00:00:00+00:00,SHIBUSD,1.463e-05,1.509e-05,1.27e-05,1.499e-05,3952098349772.79,54709709.4
2024-07-06T00:00:00+00:00,SHIBUSD,1.499e-05,1.755e-05,1.469e-05,1.739e-05,2731007351311.65,43952465.31
2024-07-07T00:00:00+00:00,SHIBUSD,1.739e-05,1.741e-05,1.539e-05,1.549e-05,2039892879637.11,33292334.28
2024-07-08T00:00:00+00:00,SHIBUSD,1.549e-05,1.709e-05,1.473e-05,1.618e-05,3761294345267.28,60586336.34
2024-07-09T00:00:00+00:00,SHIBUSD,1.618e-05,1.668e-05,1.592e-05,1.636e-05,1876058040212.13,30630572.28
2024-07-10T00:00:00+00:00,SHIBUSD,1.636e-05,1.688e-05,1.603e-05,1.64e-05,1389810077011.74,22883909.5
2024-07-11T00:00:00+00:00,SHIBUSD,1.64e-05,1.702e-05,1.615e-05,1.623e-05,1203007922150.46,19860531.8
2024-07-12T00:00:00+00:00,SHIBUSD,1.623e-05,1.664e-05,1.578e-05,1.65e-05,1104495988961.82,17913667.87
2024-07-13T00:00:00+00:00,SHIBUSD,1.65e-05,1.74e-05,1.644e-05,1.711e-05,1314556990344.69,22395483.7
2024-07-14T00:00:00+00:00,SHIBUSD,1.711e-05,1.779e-05,1.707e-05,1.764e-05,1375935854728.46,23904169.68
2024-07-15T00:00:00+00:00,SHIBUSD,1.764e-05,1.947e-05,1.75e-05,1.927e-05,2201697740827.51,40354230.14
2024-07-16T00:00:00+00:00,SHIBUSD,1.927e-05,2.017e-05,1.841e-05,1.932e-05,3289054109620.33,63866210.71
2024-07-17T00:00:00+00:00,SHIBUSD,1.932e-05,1.985e-05,1.851e-05,1.861e-05,2255418280381.58,43216261.42
2024-07-18T00:00:00+00:00,SHIBUSD,1.861e-05,1.898e-05,1.679e-05,1.739e-05,5701236041604.69,99824255.18
2024-07-19T00:00:00+00:00,SHIBUSD,1.739e-05,1.819e-05,1.687e-05,1.78e-05,2780248411163.77,48844638.01
2024-07-20T00:00:00+00:00,SHIBUSD,1.78e-05,1.847e-05,1.75e-05,1.81e-05,2023429792853.95,36494871.71
2024-07-21T00:00:00+00:00,SHIBUSD,1.81e-05,1.846e-05,1.702e-05,1.826e-05,1934103477746.52,34516557.8
2024-07-22T00:00:00+00:00,SHIBUSD,1.826e-05,1.832e-05,1.742e-05,1.758e-05,1581925164303.86,28089801.33
2024-07-23T00:00:00+00:00,SHIBUSD,1.758e-05,1.779e-05,1.671e-05,1.704e-05,1896274932570.74,32565895.92
2024-07-24T00:00:00+00:00,SHIBUSD,1.704e-05,1.758e-05,1.661e-05,1.679e-05,1354533899286,23197738.4
2024-07-25T00:00:00+00:00,SHIBUSD,1.679e-05,1.687e-05,1.581e-05,1.639e-05,1853232747799.34,30072606.32
2024-07-26T00:00:00+00:00,SHIBUSD,1.639e-05,1.703e-05,1.637e-05,1.696e-05,876631333857.54,14696777.44
2024-07-27T00:00:00+00:00,SHIBUSD,1.696e-05,1.762e-05,1.672e-05,1.702e-05,1256723650556,21567138.51
2024-07-28T00:00:00+00:00,SHIBUSD,1.702e-05,1.717e-05,1.664e-05,1.68e-05,490503379391.03,8265234.91
2024-07-29T00:00:00+00:00,SHIBUSD,1.68e-05,1.731e-05,1.651e-05,1.661e-05,1156301489472.7,19548579.07
2024-07-30T00:00:00+00:00,SHIBUSD,1.661e-05,1.685e-05,1.6e-05,1.641e-05,569380070804.76,9395461.51
2024-07-31T00:00:00+00:00,SHIBUSD,1.641e-05,1.668e-05,1.57e-05,1.592e-05,1172277020048.61,19060696.24
2024-08-01T00:00:00+00:00,SHIBUSD,1.592e-05,1.604e-05,1.486e-05,1.578e-05,1458857692986.11,22600521.06
2024-08-02T00:00:00+00:00,SHIBUSD,1.578e-05,1.588e-05,1.458e-05,1.464e-05,1685042903871.37,25583029.75
2024-08-03T00:00:00+00:00,SHIBUSD,1.464e-05,1.483e-05,1.377e-05,1.422e-05,1572639751517.73,22437169.74
2024-08-04T00:00:00+00:00,SHIBUSD,1.422e-05,1.433e-05,1.296e-05,1.334e-05,1808639241504.67,24560039.88
2024-08-05T00:00:00+00:00,SHIBUSD,1.334e-05,1.398e-05,1.08e-05,1.325e-05,8057424707527.27,98928579.12
2024-08-06T00:00:00+00:00,SHIBUSD,1.325e-05,1.405e-05,1.312e-05,1.346e-05,2616077003299.04,35752119.23
2024-08-07T00:00:00+00:00,SHIBUSD,1.346e-05,1.396e-05,1.271e-05,1.288e-05,1784904568771.43,23869886.49
2024-08-08T00:00:00+00:00,SHIBUSD,1.288e-05,1.442e-05,1.265e-05,1.433e-05,1790327309725.96,24451370.34
2024-08-09T00:00:00+00:00,SHIBUSD,1.433e-05,1.433e-05,1.367e-05,1.404e-05,1166950080964.64,16336259.64
2024-08-10T00:00:00+00:00,SHIBUSD,1.404e-05,1.429e-05,1.388e-05,1.409e-05,436863244702.96,6148282.01
2024-08-11T00:00:00+00:00,SHIBUSD,1.409e-05,1.468e-05,1.328e-05,1.338e-05,1109504613865.25,15563510.77
2024-08-12T00:00:00+00:00,SHIBUSD,1.338e-05,1.41e-05,1.328e-05,1.393e-05,994809816240.91,13665585.2
2024-08-13T00:00:00+00:00,SHIBUSD,1.393e-05,1.408e-05,1.35e-05,1.389e-05,711648638742.94,9829704.22
2024-08-14T00:00:00+00:00,SHIBUSD,1.389e-05,1.405e-05,1.344e-05,1.361e-05,639791331887.9,8785500.41
2024-08-15T00:00:00+00:00,SHIBUSD,1.361e-05,1.375e-05,1.312e-05,1.327e-05,772500308444.42,10360031.52
2024-08-16T00:00:00+00:00,SHIBUSD,1.327e-05,1.349e-05,1.29e-05,1.322e-05,598688461362.42,7917665.78
2024-08-17T00:00:00+00:00,SHIBUSD,1.322e-05,1.343e-05,1.314e-05,1.338e-05,321330586875.55,4278624
2024-08-18T00:00:00+00:00,SHIBUSD,1.338e-05,1.36e-05,1.323e-05,1.323e-05,364786450453.25,4896952.13
2024-08-19T00:00:00+00:00,SHIBUSD,1.323e-05,1.355e-05,1.298e-05,1.334e-05,810200456848.1,10692067.56
2024-08-20T00:00:00+00:00,SHIBUSD,1.334e-05,1.394e-05,1.332e-05,1.365e-05,773708561442.44,10590874.21
2024-08-21T00:00:00+00:00,SHIBUSD,1.365e-05,1.423e-05,1.348e-05,1.411e-05,697662927354.48,9681118.52
2024-08-22T00:00:00+00:00,SHIBUSD,1.411e-05,1.439e-05,1.384e-05,1.405e-05,532645823946.78,7522383.64
2024-08-23T00:00:00+00:00,SHIBUSD,1.405e-05,1.552e-05,1.404e-05,1.531e-05,1743680287292.54,25853792.95
2024-08-24T00:00:00+00:00,SHIBUSD,1.531e-05,1.612e-05,1.509e-05,1.563e-05,1414314777074.45,22148048.63
2024-08-25T00:00:00+00:00,SHIBUSD,1.563e-05,1.566e-05,1.47e-05,1.512e-05,1127829442470.93,17131920.1
2024-08-26T00:00:00+00:00,SHIBUSD,1.512e-05,1.526e-05,1.435e-05,1.461e-05,1139595165331.61,16827999.42
2024-08-27T00:00:00+00:00,SHIBUSD,1.461e-05,1.484e-05,1.339e-05,1.376e-05,1321556984880.35,18772222.33
2024-08-28T00:00:00+00:00,SHIBUSD,1.376e-05,1.42e-05,1.342e-05,1.386e-05,1016238167106.49,14048152.24
2024-08-29T00:00:00+00:00,SHIBUSD,1.386e-05,1.455e-05,1.383e-05,1.408e-05,720621863528.71,10209786.24
2024-08-30T00:00:00+00:00,SHIBUSD,1.408e-05,1.422e-05,1.363e-05,1.4e-05,770881325160.99,10725934.8
2024-08-31T00:00:00+00:00,SHIBUSD,1.4e-05,1.41e-05,1.372e-05,1.383e-05,358971404815.86,4984380.37
2024-09-01T00:00:00+00:00,SHIBUSD,1.383e-05,1.386e-05,1.305e-05,1.315e-05,837603412615.89,11264807.18
2024-09-02T00:00:00+00:00,SHIBUSD,1.315e-05,1.372e-05,1.31e-05,1.366e-05,706835747207.14,9492675.72
2024-09-03T00:00:00+00:00,SHIBUSD,1.366e-05,1.385e-05,1.304e-05,1.308e-05,515185378419.15,6924121.66
2024-09-04T00:00:00+00:00,SHIBUSD,1.308e-05,1.368e-05,1.244e-05,1.36e-05,1212390081751.34,16005697.24
2024-09-05T00:00:00+00:00,SHIBUSD,1.36e-05,1.364e-05,1.305e-05,1.319e-05,709174302859.05,9435541.24
2024-09-06T00:00:00+00:00,SHIBUSD,1.319e-05,1.345e-05,1.231e-05,1.28e-05,1107698013529.52,14347282.43
2024-09-07T00:00:00+00:00,SHIBUSD,1.28e-05,1.304e-05,1.272e-05,1.286e-05,482532388678.26,6222837.03
2024-09-08T00:00:00+00:00,SHIBUSD,1.286e-05,1.317e-05,1.281e-05,1.308e-05,444186696007.19,5765102.38
2024-09-09T00:00:00+00:00,SHIBUSD,1.308e-05,1.375e-05,1.298e-05,1.354e-05,970561574303.6,13012082.11
2024-09-10T00:00:00+00:00,SHIBUSD,1.354e-05,1.369e-05,1.33e-05,1.353e-05,539002078407.93,7263122.62
2024-09-11T00:00:00+00:00,SHIBUSD,1.353e-05,1.355e-05,1.293e-05,1.326e-05,729872956154.14,9661057.29
2024-09-12T00:00:00+00:00,SHIBUSD,1.326e-05,1.353e-05,1.319e-05,1.352e-05,516364963038.97,6903865.32
2024-09-13T00:00:00+00:00,SHIBUSD,1.352e-05,1.411e-05,1.338e-05,1.397e-05,717218598067.58,9860098.95
2024-09-14T00:00:00+00:00,SHIBUSD,1.397e-05,1.407e-05,1.359e-05,1.374e-05,490974737277.41,6772900.63
2024-09-15T00:00:00+00:00,SHIBUSD,1.374e-05,1.387e-05,1.329e-05,1.339e-05,436623327728.38,5955668.09
2024-09-16T00:00:00+00:00,SHIBUSD,1.339e-05,1.346e-05,1.3e-05,1.317e-05,668894908904.89,8823935.89
2024-09-17T00:00:00+00:00,SHIBUSD,1.317e-05,1.357e-05,1.304e-05,1.332e-05,547215514149.76,7288217.43
2024-09-18T00:00:00+00:00,SHIBUSD,1.332e-05,1.371e-05,1.297e-05,1.37e-05,803803754686.02,10688312.19
2024-09-19T00:00:00+00:00,SHIBUSD,1.37e-05,1.458e-05,1.37e-05,1.41e-05,1255683474430.04,17740854.01
2024-09-20T00:00:00+00:00,SHIBUSD,1.41e-05,1.451e-05,1.389e-05,1.438e-05,786689449124.97,11207772.47
2024-09-21T00:00:00+00:00,SHIBUSD,1.438e-05,1.504e-05,1.411e-05,1.499e-05,932606214714.21,13699146.89
2024-09-22T00:00:00+00:00,SHIBUSD,1.499e-05,1.508e-05,1.416e-05,1.453e-05,889070892770.2,12966583.57
2024-09-23T00:00:00+00:00,SHIBUSD,1.453e-05,1.487e-05,1.421e-05,1.448e-05,738240214181.15,10741295.9
2024-09-24T00:00:00+00:00,SHIBUSD,1.448e-05,1.492e-05,1.427e-05,1.483e-05,834568421271.7,12211320.4
2024-09-25T00:00:00+00:00,SHIBUSD,1.483e-05,1.576e-05,1.472e-05,1.525e-05,1763015640816.16,26954042.18
2024-09-26T00:00:00+00:00,SHIBUSD,1.525e-05,1.938e-05,1.49e-05,1.862e-05,5669959516598.69,99356250.76
2024-09-27T00:00:00+00:00,SHIBUSD,1.862e-05,2.168e-05,1.855e-05,2.027e-05,5460706881580.6,109828271.88
2024-09-28T00:00:00+00:00,SHIBUSD,2.027e-05,2.146e-05,1.904e-05,1.962e-05,3441204051710.69,69222179.68
2024-09-29T00:00:00+00:00,SHIBUSD,1.962e-05,2.039e-05,1.904e-05,1.935e-05,2223176715951.55,43678931.95
2024-09-30T00:00:00+00:00,SHIBUSD,1.935e-05,1.938e-05,1.743e-05,1.756e-05,2747450516879.26,50318424.34
2024-10-01T00:00:00+00:00,SHIBUSD,1.756e-05,1.864e-05,1.561e-05,1.641e-05,3339542657791.64,57162255.57
2024-10-02T00:00:00+00:00,SHIBUSD,1.641e-05,1.71e-05,1.601e-05,1.628e-05,2414618448236.94,40060703.83
2024-10-03T00:00:00+00:00,SHIBUSD,1.628e-05,1.675e-05,1.548e-05,1.608e-05,1529661714259.45,24606414.46
2024-10-04T00:00:00+00:00,SHIBUSD,1.608e-05,1.773e-05,1.596e-05,1.739e-05,2096403063368.77,35881169.2
2024-10-05T00:00:00+00:00,SHIBUSD,1.739e-05,1.794e-05,1.69e-05,1.745e-05,1321802711571.02,23070048.48
2024-10-06T00:00:00+00:00,SHIBUSD,1.745e-05,1.883e-05,1.712e-05,1.813e-05,1656842929896.8,29882401.85
2024-10-07T00:00:00+00:00,SHIBUSD,1.813e-05,1.881e-05,1.741e-05,1.743e-05,2295143772462.69,41749558.53
2024-10-08T00:00:00+00:00,SHIBUSD,1.743e-05,1.768e-05,1.698e-05,1.724e-05,1278745962530.51,22182652.92
2024-10-09T00:00:00+00:00,SHIBUSD,1.724e-05,1.8e-05,1.67e-05,1.689e-05,1351895937294.76,23427146.12
2024-10-10T00:00:00+00:00,SHIBUSD,1.689e-05,1.721e-05,1.604e-05,1.676e-05,1439401258194.48,24071930.4
2024-10-11T00:00:00+00:00,SHIBUSD,1.676e-05,1.81e-05,1.657e-05,1.765e-05,1961229930076.91,34176702.24
2024-10-12T00:00:00+00:00,SHIBUSD,1.765e-05,1.813e-05,1.762e-05,1.784e-05,1038799967701.23,18567394.78
2024-10-13T00:00:00+00:00,SHIBUSD,1.784e-05,1.793e-05,1.708e-05,1.764e-05,1003493954926.09,17590157.22
2024-10-14T00:00:00+00:00,SHIBUSD,1.764e-05,1.898e-05,1.734e-05,1.871e-05,2205632385548.75,40148046.51
2024-10-15T00:00:00+00:00,SHIBUSD,1.871e-05,1.897e-05,1.753e-05,1.824e-05,1867946112001.68,34079967.51
2024-10-16T00:00:00+00:00,SHIBUSD,1.824e-05,1.914e-05,1.789e-05,1.857e-05,2393237883358.08,44547085.05
2024-10-17T00:00:00+00:00,SHIBUSD,1.857e-05,1.872e-05,1.758e-05,1.821e-05,1185590297373.32,21427513.4
2024-10-18T00:00:00+00:00,SHIBUSD,1.821e-05,1.931e-05,1.814e-05,1.879e-05,2334830114308.24,43994330.64
2024-10-19T00:00:00+00:00,SHIBUSD,1.879e-05,1.956e-05,1.865e-05,1.902e-05,2111888374780.63,40431745.12
2024-10-20T00:00:00+00:00,SHIBUSD,1.902e-05,1.919e-05,1.84e-05,1.905e-05,960678630914.57,18050459.65
2024-10-21T00:00:00+00:00,SHIBUSD,1.905e-05,1.933e-05,1.802e-05,1.836e-05,1570397582340.43,29439596.25
2024-10-22T00:00:00+00:00,SHIBUSD,1.836e-05,1.86e-05,1.793e-05,1.814e-05,1224237690443.94,22344347.48
2024-10-23T00:00:00+00:00,SHIBUSD,1.814e-05,1.819e-05,1.704e-05,1.763e-05,1094971999549.22,19299341
2024-10-24T00:00:00+00:00,SHIBUSD,1.763e-05,1.818e-05,1.739e-05,1.803e-05,716964311121.43,12775547.11
2024-10-25T00:00:00+00:00,SHIBUSD,1.803e-05,1.808e-05,1.584e-05,1.653e-05,1385765668008.02,23770281.94
2024-10-26T00:00:00+00:00,SHIBUSD,1.653e-05,1.713e-05,1.635e-05,1.699e-05,678305958646.32,11391587.4
2024-10-27T00:00:00+00:00,SHIBUSD,1.699e-05,1.735e-05,1.682e-05,1.721e-05,478393149288.53,8179068.05
2024-10-28T00:00:00+00:00,SHIBUSD,1.721e-05,1.839e-05,1.68e-05,1.822e-05,1874616741185.54,32880451.1
2024-10-29T00:00:00+00:00,SHIBUSD,1.822e-05,1.982e-05,1.803e-05,1.907e-05,3571781597517.08,67262900.4
2024-10-30T00:00:00+00:00,SHIBUSD,1.907e-05,1.933e-05,1.819e-05,1.838e-05,1653646025222.5,30922940.82
2024-10-31T00:00:00+00:00,SHIBUSD,1.838e-05,1.918e-05,1.768e-05,1.787e-05,1690100451855.41,30998925.97
2024-11-01T00:00:00+00:00,SHIBUSD,1.787e-05,1.817e-05,1.715e-05,1.758e-05,1395893322017.27,24573932.85
2024-11-02T00:00:00+00:00,SHIBUSD,1.758e-05,1.793e-05,1.724e-05,1.744e-05,702558852700.84,12349836.91
2024-11-03T00:00:00+00:00,SHIBUSD,1.744e-05,1.746e-05,1.619e-05,1.689e-05,1192300002856.95,19998936.02
2024-11-04T00:00:00+00:00,SHIBUSD,1.689e-05,1.725e-05,1.638e-05,1.685e-05,985989025893.56,16643648.53
2024-11-05T00:00:00+00:00,SHIBUSD,1.685e-05,1.855e-05,1.685e-05,1.787e-05,1937360634089.32,34435360.85
2024-11-06T00:00:00+00:00,SHIBUSD,1.787e-05,1.986e-05,1.785e-05,1.909e-05,4590232551178.98,86924245.29
2024-11-07T00:00:00+00:00,SHIBUSD,1.909e-05,1.952e-05,1.832e-05,1.918e-05,2392836678711.59,45368207.14
2024-11-08T00:00:00+00:00,SHIBUSD,1.918e-05,1.949e-05,1.842e-05,1.903e-05,2312580961936,43879349.7
2024-11-09T00:00:00+00:00,SHIBUSD,1.903e-05,2.052e-05,1.852e-05,2.052e-05,2678339864591.93,52251666.11
2024-11-10T00:00:00+00:00,SHIBUSD,2.052e-05,2.808e-05,2.013e-05,2.608e-05,16254313100652.4,402428553.17
2024-11-11T00:00:00+00:00,SHIBUSD,2.608e-05,2.895e-05,2.443e-05,2.792e-05,12535995173436,337795023.06
2024-11-12T00:00:00+00:00,SHIBUSD,2.792e-05,3.044e-05,2.439e-05,2.649e-05,16758105228500.8,457555294.84
2024-11-13T00:00:00+00:00,SHIBUSD,2.649e-05,2.793e-05,2.336e-05,2.585e-05,11895720759612,305721489.71
2024-11-14T00:00:00+00:00,SHIBUSD,2.585e-05,2.679e-05,2.282e-05,2.342e-05,7914559973707.82,199443697.27
2024-11-15T00:00:00+00:00,SHIBUSD,2.342e-05,2.608e-05,2.259e-05,2.557e-05,4980707140862.54,120537902.67
2024-11-16T00:00:00+00:00,SHIBUSD,2.557e-05,2.622e-05,2.401e-05,2.462e-05,3964827119236.93,99370290.41
2024-11-17T00:00:00+00:00,SHIBUSD,2.462e-05,2.571e-05,2.327e-05,2.478e-05,3782483032616.9,93133260.17
2024-11-18T00:00:00+00:00,SHIBUSD,2.478e-05,2.584e-05,2.404e-05,2.488e-05,4028610685055.4,100234957.79
2024-11-19T00:00:00+00:00,SHIBUSD,2.488e-05,2.616e-05,2.433e-05,2.477e-05,4517647917881.43,114186727.48
2024-11-20T00:00:00+00:00,SHIBUSD,2.477e-05,2.484e-05,2.341e-05,2.389e-05,2553257052778.11,61727396.94
2024-11-21T00:00:00+00:00,SHIBUSD,2.389e-05,2.548e-05,2.305e-05,2.48e-05,2815734722926.69,68681703.95
2024-11-22T00:00:00+00:00,SHIBUSD,2.48e-05,2.577e-05,2.429e-05,2.545e-05,3747424425858.52,93432533.39
2024-11-23T00:00:00+00:00,SHIBUSD,2.545e-05,2.816e-05,2.491e-05,2.596e-05,8681018322310.35,232716511.57
2024-11-24T00:00:00+00:00,SHIBUSD,2.596e-05,2.813e-05,2.43e-05,2.578e-05,4394328085278.23,114488823.41
2024-11-25T00:00:00+00:00,SHIBUSD,2.578e-05,2.65e-05,2.431e-05,2.476e-05,2521482087312.95,64220163.37
2024-11-26T00:00:00+00:00,SHIBUSD,2.476e-05,2.542e-05,2.335e-05,2.434e-05,2074938290662.66,50404561.05
2024-11-27T00:00:00+00:00,SHIBUSD,2.434e-05,2.589e-05,2.404e-05,2.574e-05,1982343191361.03,49671362.79
2024-11-28T00:00:00+00:00,SHIBUSD,2.574e-05,2.654e-05,2.488e-05,2.548e-05,1702274674311.11,43518739.44
2024-11-29T00:00:00+00:00,SHIBUSD,2.548e-05,2.639e-05,2.531e-05,2.605e-05,1921188267273.49,49850504.47
2024-11-30T00:00:00+00:00,SHIBUSD,2.605e-05,2.753e-05,2.557e-05,2.674e-05,3106743089124.61,83055743.03
2024-12-01T00:00:00+00:00,SHIBUSD,2.674e-05,3.318e-05,2.66e-05,3.089e-05,14693257851961.2,450547825.85
2024-12-02T00:00:00+00:00,SHIBUSD,3.089e-05,3.264e-05,2.823e-05,2.992e-05,6806946761831.1,204440493.5
2024-12-03T00:00:00+00:00,SHIBUSD,2.992e-05,3.093e-05,2.662e-05,2.861e-05,5064659525278.75,145114875.65
2024-12-04T00:00:00+00:00,SHIBUSD,2.861e-05,3.306e-05,2.861e-05,3.291e-05,8883006797986.42,271706738.68
2024-12-05T00:00:00+00:00,SHIBUSD,3.291e-05,3.299e-05,2.963e-05,3.05e-05,8763875234247.88,276153841.9
2024-12-06T00:00:00+00:00,SHIBUSD,3.05e-05,3.156e-05,2.946e-05,3.089e-05,2777335588655.36,85232900.08
2024-12-07T00:00:00+00:00,SHIBUSD,3.089e-05,3.336e-05,3.033e-05,3.199e-05,4143384329955.94,131936390.73
2024-12-08T00:00:00+00:00,SHIBUSD,3.199e-05,3.343e-05,3.124e-05,3.221e-05,3542640262435.69,114259047.64
2024-12-09T00:00:00+00:00,SHIBUSD,3.221e-05,3.223e-05,2.429e-05,2.725e-05,6083282376823.02,176363084.91
2024-12-10T00:00:00+00:00,SHIBUSD,2.725e-05,2.774e-05,2.42e-05,2.718e-05,4103541298669.92,107466007
2024-12-11T00:00:00+00:00,SHIBUSD,2.718e-05,2.935e-05,2.6e-05,2.883e-05,2499539013353.14,69861846.19
2024-12-12T00:00:00+00:00,SHIBUSD,2.883e-05,2.98e-05,2.779e-05,2.814e-05,2172189500453.4,62589144.01
2024-12-13T00:00:00+00:00,SHIBUSD,2.814e-05,2.858e-05,2.744e-05,2.854e-05,1226898911810.04,34397310.75
2024-12-14T00:00:00+00:00,SHIBUSD,2.854e-05,2.883e-05,2.683e-05,2.749e-05,1387573858800.37,38703661.35
2024-12-15T00:00:00+00:00,SHIBUSD,2.749e-05,2.806e-05,2.683e-05,2.787e-05,853385330565.81,23456116.79
2024-12-16T00:00:00+00:00,SHIBUSD,2.787e-05,2.83e-05,2.654e-05,2.719e-05,1443098740454.32,39569576.62
2024-12-17T00:00:00+00:00,SHIBUSD,2.719e-05,2.748e-05,2.602e-05,2.632e-05,1509264979459.4,40634730.92
2024-12-18T00:00:00+00:00,SHIBUSD,2.632e-05,2.647e-05,2.373e-05,2.404e-05,2341568246368.79,58614496.59
2024-12-19T00:00:00+00:00,SHIBUSD,2.404e-05,2.448e-05,2.104e-05,2.156e-05,4252216419193.42,96889201.84
2024-12-20T00:00:00+00:00,SHIBUSD,2.156e-05,2.271e-05,1.851e-05,2.246e-05,4746751091712.94,97103734.26
2024-12-21T00:00:00+00:00,SHIBUSD,2.246e-05,2.399e-05,2.142e-05,2.169e-05,2674721008415.6,60419070.17
2024-12-22T00:00:00+00:00,SHIBUSD,2.169e-05,2.222e-05,2.086e-05,2.15e-05,1493461117977.91,32216600.08
2024-12-23T00:00:00+00:00,SHIBUSD,2.15e-05,2.28e-05,2.094e-05,2.249e-05,1618566666228.57,35349060.41
2024-12-24T00:00:00+00:00,SHIBUSD,2.249e-05,2.363e-05,2.189e-05,2.348e-05,1099551224961.2,25078440.96
2024-12-25T00:00:00+00:00,SHIBUSD,2.348e-05,2.406e-05,2.255e-05,2.28e-05,1101769977674.22,25576824.13
2024-12-26T00:00:00+00:00,SHIBUSD,2.28e-05,2.318e-05,2.116e-05,2.157e-05,1351222497036.69,29766041.72
2024-12-27T00:00:00+00:00,SHIBUSD,2.157e-05,2.239e-05,2.132e-05,2.166e-05,1001170827751.7,21786099.36
2024-12-28T00:00:00+00:00,SHIBUSD,2.166e-05,2.234e-05,2.15e-05,2.213e-05,605596035015.58,13283749.83
2024-12-29T00:00:00+00:00,SHIBUSD,2.213e-05,2.241e-05,2.128e-05,2.131e-05,982663047759.38,21485728.04
2024-12-30T00:00:00+00:00,SHIBUSD,2.131e-05,2.185e-05,2.051e-05,2.11e-05,1103859261778.56,23436901.94
2024-12-31T00:00:00+00:00,SHIBUSD,2.11e-05,2.189e-05,2.049e-05,2.113e-05,1078138554809,22833648.1
2025-01-01T00:00:00+00:00,SHIBUSD,2.113e-05,2.17e-05,2.067e-05,2.164e-05,901192152720.16,19158841.08
2025-01-02T00:00:00+00:00,SHIBUSD,2.164e-05,2.302e-05,2.155e-05,2.288e-05,1184287045096.05,26573018.89
2025-01-03T00:00:00+00:00,SHIBUSD,2.288e-05,2.463e-05,2.247e-05,2.441e-05,1420166545987.42,33593708.29
2025-01-04T00:00:00+00:00,SHIBUSD,2.441e-05,2.492e-05,2.389e-05,2.432e-05,1080368741786.03,26360728.12
2025-01-05T00:00:00+00:00,SHIBUSD,2.432e-05,2.439e-05,2.345e-05,2.392e-05,733085639536.22,17487854.96
2025-01-06T00:00:00+00:00,SHIBUSD,2.392e-05,2.462e-05,2.342e-05,2.406e-05,898509757917.35,21658583.17
2025-01-07T00:00:00+00:00,SHIBUSD,2.406e-05,2.428e-05,2.167e-05,2.178e-05,1519156247591.69,34703575.02
2025-01-08T00:00:00+00:00,SHIBUSD,2.178e-05,2.198e-05,2.031e-05,2.129e-05,1403635009393.4,29876425.29
2025-01-09T00:00:00+00:00,SHIBUSD,2.129e-05,2.202e-05,2.048e-05,2.105e-05,1373312833453.13,29086091.64
2025-01-10T00:00:00+00:00,SHIBUSD,2.105e-05,2.19e-05,2.103e-05,2.155e-05,1081612040066.89,23208155.86
2025-01-11T00:00:00+00:00,SHIBUSD,2.155e-05,2.273e-05,2.134e-05,2.22e-05,826717102648.1,18157500.54
2025-01-12T00:00:00+00:00,SHIBUSD,2.22e-05,2.22e-05,2.127e-05,2.154e-05,722425102513.53,15703525.89
2025-01-13T00:00:00+00:00,SHIBUSD,2.154e-05,2.215e-05,1.961e-05,2.119e-05,1681247338528.02,34814796.52
2025-01-14T00:00:00+00:00,SHIBUSD,2.119e-05,2.197e-05,2.109e-05,2.161e-05,979660084909.82,21040008.13
2025-01-15T00:00:00+00:00,SHIBUSD,2.161e-05,2.285e-05,2.092e-05,2.273e-05,1803508597022.18,39573598.55
2025-01-16T00:00:00+00:00,SHIBUSD,2.273e-05,2.282e-05,2.17e-05,2.201e-05,2049691274077.53,45568373.74
2025-01-17T00:00:00+00:00,SHIBUSD,2.201e-05,2.462e-05,2.2e-05,2.422e-05,3019562933259.42,71885904.51
2025-01-18T00:00:00+00:00,SHIBUSD,2.422e-05,2.496e-05,2.233e-05,2.275e-05,2500732445135.54,58018514.49
2025-01-19T00:00:00+00:00,SHIBUSD,2.275e-05,2.324e-05,1.976e-05,2.031e-05,4603516258601.11,98287788.66
2025-01-20T00:00:00+00:00,SHIBUSD,2.031e-05,2.207e-05,1.963e-05,2.031e-05,3722063013348.49,76982236.73
2025-01-21T00:00:00+00:00,SHIBUSD,2.031e-05,2.132e-05,1.963e-05,2.09e-05,1963282506741.46,40469374.32
2025-01-22T00:00:00+00:00,SHIBUSD,2.09e-05,2.099e-05,2.005e-05,2.016e-05,1014369708578.75,20791236.21
2025-01-23T00:00:00+00:00,SHIBUSD,2.016e-05,2.05e-05,1.955e-05,2.014e-05,1501425604789.46,30019617.41
2025-01-24T00:00:00+00:00,SHIBUSD,2.014e-05,2.056e-05,1.949e-05,1.996e-05,1345803131199.13,27042322.52
2025-01-25T00:00:00+00:00,SHIBUSD,1.996e-05,2.023e-05,1.968e-05,1.993e-05,739136636704.61,14795210.55
2025-01-26T00:00:00+00:00,SHIBUSD,1.993e-05,2.015e-05,1.903e-05,1.909e-05,1118205566148.44,22065224.97
2025-01-27T00:00:00+00:00,SHIBUSD,1.909e-05,1.916e-05,1.726e-05,1.897e-05,2640302194212.65,48466350.64
2025-01-28T00:00:00+00:00,SHIBUSD,1.897e-05,1.933e-05,1.771e-05,1.795e-05,1485104022751.2,27613341.91
2025-01-29T00:00:00+00:00,SHIBUSD,1.795e-05,1.882e-05,1.781e-05,1.83e-05,1149446570189.95,21051790.99
2025-01-30T00:00:00+00:00,SHIBUSD,1.83e-05,1.899e-05,1.817e-05,1.868e-05,907128945924.06,16893578.24
2025-01-31T00:00:00+00:00,SHIBUSD,1.868e-05,1.969e-05,1.848e-05,1.89e-05,1160374353042.07,22106690.47
2025-02-01T00:00:00+00:00,SHIBUSD,1.89e-05,1.924e-05,1.748e-05,1.76e-05,990851637042.68,18205725.18
2025-02-02T00:00:00+00:00,SHIBUSD,1.76e-05,1.796e-05,1.472e-05,1.551e-05,2910856471066.3,47047900.16
2025-02-03T00:00:00+00:00,SHIBUSD,1.551e-05,1.691e-05,1.164e-05,1.682e-05,7677255775848.74,109482191.66
2025-02-04T00:00:00+00:00,SHIBUSD,1.682e-05,1.695e-05,1.508e-05,1.575e-05,2467419742871.38,39010090.09
2025-02-05T00:00:00+00:00,SHIBUSD,1.575e-05,1.675e-05,1.55e-05,1.577e-05,1576377836082.31,25346143.61
2025-02-06T00:00:00+00:00,SHIBUSD,1.577e-05,1.616e-05,1.474e-05,1.486e-05,1379736245889.72,21195788.97
2025-02-07T00:00:00+00:00,SHIBUSD,1.486e-05,1.572e-05,1.462e-05,1.51e-05,1373837330529.48,20821335.75
2025-02-08T00:00:00+00:00,SHIBUSD,1.51e-05,1.608e-05,1.501e-05,1.596e-05,1231301455697.91,19259566.33
2025-02-09T00:00:00+00:00,SHIBUSD,1.596e-05,1.653e-05,1.514e-05,1.567e-05,1082261072816.2,17186906.38
2025-02-10T00:00:00+00:00,SHIBUSD,1.567e-05,1.611e-05,1.528e-05,1.581e-05,936825359036.06,14803418.36
2025-02-11T00:00:00+00:00,SHIBUSD,1.581e-05,1.65e-05,1.544e-05,1.569e-05,1106139771561.8,17657930.13
2025-02-12T00:00:00+00:00,SHIBUSD,1.569e-05,1.734e-05,1.548e-05,1.7e-05,1718382597976.18,27821655.02
2025-02-13T00:00:00+00:00,SHIBUSD,1.7e-05,1.704e-05,1.593e-05,1.629e-05,996114553852.12,16320777.91
2025-02-14T00:00:00+00:00,SHIBUSD,1.629e-05,1.718e-05,1.618e-05,1.671e-05,1068389252999.17,17820049.47
2025-02-15T00:00:00+00:00,SHIBUSD,1.671e-05,1.703e-05,1.623e-05,1.633e-05,558981102797.14,9249441.24
2025-02-16T00:00:00+00:00,SHIBUSD,1.633e-05,1.639e-05,1.584e-05,1.597e-05,479191657350.92,7712669.46
2025-02-17T00:00:00+00:00,SHIBUSD,1.597e-05,1.629e-05,1.538e-05,1.574e-05,703131208033.27,11108875.48
2025-02-18T00:00:00+00:00,SHIBUSD,1.574e-05,1.58e-05,1.486e-05,1.522e-05,681533336286.44,10377849.88
2025-02-19T00:00:00+00:00,SHIBUSD,1.522e-05,1.554e-05,1.506e-05,1.541e-05,467045730889.05,7160125.01
2025-02-20T00:00:00+00:00,SHIBUSD,1.541e-05,1.562e-05,1.53e-05,1.554e-05,439667282491.43,6797942.45
2025-02-21T00:00:00+00:00,SHIBUSD,1.554e-05,1.598e-05,1.484e-05,1.507e-05,624103851450.9,9680908.24
2025-02-22T00:00:00+00:00,SHIBUSD,1.507e-05,1.578e-05,1.502e-05,1.56e-05,420684105150.06,6498897.39
2025-02-23T00:00:00+00:00,SHIBUSD,1.56e-05,1.578e-05,1.532e-05,1.546e-05,352694075361.42,5474038.6
2025-02-24T00:00:00+00:00,SHIBUSD,1.546e-05,1.555e-05,1.345e-05,1.364e-05,1022998495785.38,14663345.61
2025-02-25T00:00:00+00:00,SHIBUSD,1.364e-05,1.426e-05,1.304e-05,1.408e-05,1552002530111.62,21210724.13
2025-02-26T00:00:00+00:00,SHIBUSD,1.408e-05,1.453e-05,1.374e-05,1.441e-05,924815130992.99,13098198.46
2025-02-27T00:00:00+00:00,SHIBUSD,1.441e-05,1.484e-05,1.418e-05,1.441e-05,642610872160.56,9320954.4
2025-02-28T00:00:00+00:00,SHIBUSD,1.441e-05,1.443e-05,1.299e-05,1.393e-05,1211100454468.9,16435866.9
2025-03-01T00:00:00+00:00,SHIBUSD,1.393e-05,1.415e-05,1.338e-05,1.364e-05,506533430386.15,6973046.52
2025-03-02T00:00:00+00:00,SHIBUSD,1.364e-05,1.52e-05,1.348e-05,1.515e-05,1363591972053.79,19594992.6
2025-03-03T00:00:00+00:00,SHIBUSD,1.515e-05,1.52e-05,1.27e-05,1.29e-05,1475017842601.39,20246393.53
2025-03-04T00:00:00+00:00,SHIBUSD,1.29e-05,1.325e-05,1.218e-05,1.307e-05,1341812766434.77,17040980.71
2025-03-05T00:00:00+00:00,SHIBUSD,1.307e-05,1.344e-05,1.285e-05,1.337e-05,603204287237.62,7927057.21
2025-03-06T00:00:00+00:00,SHIBUSD,1.337e-05,1.383e-05,1.316e-05,1.339e-05,644954750409.68,8675220.14
2025-03-07T00:00:00+00:00,SHIBUSD,1.339e-05,1.373e-05,1.277e-05,1.314e-05,868500111945.87,11599112.28
2025-03-08T00:00:00+00:00,SHIBUSD,1.314e-05,1.326e-05,1.256e-05,1.266e-05,441633399570.91,5702715.41
2025-03-09T00:00:00+00:00,SHIBUSD,1.266e-05,1.272e-05,1.152e-05,1.165e-05,824668820832.36,9920859.23
2025-03-10T00:00:00+00:00,SHIBUSD,1.165e-05,1.3e-05,1.143e-05,1.149e-05,1709556441340.14,20864541.71
2025-03-11T00:00:00+00:00,SHIBUSD,1.149e-05,1.23e-05,1.082e-05,1.204e-05,1667951863786.25,19303039.36
2025-03-12T00:00:00+00:00,SHIBUSD,1.204e-05,1.26e-05,1.177e-05,1.232e-05,615698407768.6,7501817.23
2025-03-13T00:00:00+00:00,SHIBUSD,1.232e-05,1.239e-05,1.179e-05,1.202e-05,631628581241.2,7640707.51
2025-03-14T00:00:00+00:00,SHIBUSD,1.202e-05,1.291e-05,1.198e-05,1.277e-05,713904113533.88,8931600.78
2025-03-15T00:00:00+00:00,SHIBUSD,1.277e-05,1.297e-05,1.262e-05,1.284e-05,342391531331.19,4381592.18
2025-03-16T00:00:00+00:00,SHIBUSD,1.284e-05,1.382e-05,1.258e-05,1.311e-05,1414608136294.36,18758037.48
2025-03-17T00:00:00+00:00,SHIBUSD,1.311e-05,1.359e-05,1.279e-05,1.295e-05,767957039573.07,10060669.11
2025-03-18T00:00:00+00:00,SHIBUSD,1.295e-05,1.296e-05,1.227e-05,1.254e-05,469038475676.72,5902379.4
2025-03-19T00:00:00+00:00,SHIBUSD,1.254e-05,1.3e-05,1.247e-05,1.294e-05,565546621384.11,7208752.58
2025-03-20T00:00:00+00:00,SHIBUSD,1.294e-05,1.304e-05,1.26e-05,1.293e-05,555597391919.22,7146391.24
2025-03-21T00:00:00+00:00,SHIBUSD,1.293e-05,1.308e-05,1.244e-05,1.25e-05,484679848488.92,6173825.62
2025-03-22T00:00:00+00:00,SHIBUSD,1.25e-05,1.296e-05,1.247e-05,1.28e-05,199823951907.44,2547394.04
2025-03-23T00:00:00+00:00,SHIBUSD,1.28e-05,1.31e-05,1.278e-05,1.296e-05,216692857520.79,2799714.5
2025-03-24T00:00:00+00:00,SHIBUSD,1.296e-05,1.37e-05,1.278e-05,1.353e-05,616100870325.17,8240748.51
2025-03-25T00:00:00+00:00,SHIBUSD,1.353e-05,1.405e-05,1.336e-05,1.385e-05,662439828350.83,9053879.21
2025-03-26T00:00:00+00:00,SHIBUSD,1.385e-05,1.567e-05,1.38e-05,1.422e-05,2362531429841.74,34916797.59
2025-03-27T00:00:00+00:00,SHIBUSD,1.422e-05,1.474e-05,1.393e-05,1.403e-05,1033901203686.56,14814319.04
2025-03-28T00:00:00+00:00,SHIBUSD,1.403e-05,1.405e-05,1.3e-05,1.323e-05,1069671607824.79,14288750.9
2025-03-29T00:00:00+00:00,SHIBUSD,1.323e-05,1.337e-05,1.242e-05,1.268e-05,495498749056.74,6342238.69
2025-03-30T00:00:00+00:00,SHIBUSD,1.268e-05,1.284e-05,1.229e-05,1.245e-05,490432190800.52,6175309.48
2025-03-31T00:00:00+00:00,SHIBUSD,1.245e-05,1.257e-05,1.197e-05,1.238e-05,694826504522.59,8543694.9
2025-04-01T00:00:00+00:00,SHIBUSD,1.238e-05,1.314e-05,1.236e-05,1.268e-05,798831704066.05,10216420.54
2025-04-02T00:00:00+00:00,SHIBUSD,1.268e-05,1.302e-05,1.194e-05,1.205e-05,1360526382673.26,16954814.91
2025-04-03T00:00:00+00:00,SHIBUSD,1.205e-05,1.244e-05,1.182e-05,1.223e-05,729454402681.21,8873877.37
2025-04-04T00:00:00+00:00,SHIBUSD,1.223e-05,1.254e-05,1.193e-05,1.231e-05,1056806045340.01,12925049.33
2025-04-05T00:00:00+00:00,SHIBUSD,1.231e-05,1.243e-05,1.207e-05,1.232e-05,285834927767.89,3504498.66
2025-04-06T00:00:00+00:00,SHIBUSD,1.232e-05,1.238e-05,1.102e-05,1.131e-05,1076500693351.47,12503270.5
2025-04-07T00:00:00+00:00,SHIBUSD,1.131e-05,1.182e-05,1.028e-05,1.142e-05,2018222581085.69,22365677.58
2025-04-08T00:00:00+00:00,SHIBUSD,1.142e-05,1.173e-05,1.053e-05,1.065e-05,836555112558.93,9350035.72
2025-04-09T00:00:00+00:00,SHIBUSD,1.065e-05,1.214e-05,1.029e-05,1.192e-05,1326884881698.91,14956447.11
2025-04-10T00:00:00+00:00,SHIBUSD,1.192e-05,1.212e-05,1.141e-05,1.161e-05,807196865350.04,9504291.27
2025-04-11T00:00:00+00:00,SHIBUSD,1.161e-05,1.238e-05,1.16e-05,1.22e-05,803414308021.59,9654848.52
2025-04-12T00:00:00+00:00,SHIBUSD,1.22e-05,1.268e-05,1.204e-05,1.253e-05,736661283165.12,9147645.68
2025-04-13T00:00:00+00:00,SHIBUSD,1.253e-05,1.26e-05,1.194e-05,1.205e-05,605492381104.49,7400768.46
2025-04-14T00:00:00+00:00,SHIBUSD,1.205e-05,1.243e-05,1.192e-05,1.2e-05,727085565992.77,8876860.91
2025-04-15T00:00:00+00:00,SHIBUSD,1.2e-05,1.214e-05,1.165e-05,1.168e-05,465572169310.18,5544319.61
2025-04-16T00:00:00+00:00,SHIBUSD,1.168e-05,1.198e-05,1.147e-05,1.184e-05,441803134533.72,5189675.06
2025-04-17T00:00:00+00:00,SHIBUSD,1.184e-05,1.204e-05,1.162e-05,1.179e-05,401120525517.13,4751701.89
2025-04-18T00:00:00+00:00,SHIBUSD,1.179e-05,1.246e-05,1.167e-05,1.229e-05,407520603854.26,4943032.37
2025-04-19T00:00:00+00:00,SHIBUSD,1.229e-05,1.242e-05,1.213e-05,1.235e-05,308599911696.49,3777223.45
2025-04-20T00:00:00+00:00,SHIBUSD,1.235e-05,1.255e-05,1.21e-05,1.235e-05,287145668542.42,3551166.01
2025-04-21T00:00:00+00:00,SHIBUSD,1.235e-05,1.281e-05,1.221e-05,1.236e-05,435814951248.18,5467096.23
2025-04-22T00:00:00+00:00,SHIBUSD,1.236e-05,1.38e-05,1.218e-05,1.358e-05,853631061994.43,11119164.66
2025-04-23T00:00:00+00:00,SHIBUSD,1.358e-05,1.392e-05,1.315e-05,1.357e-05,843158375265.85,11482519.64
2025-04-24T00:00:00+00:00,SHIBUSD,1.357e-05,1.38e-05,1.29e-05,1.379e-05,571268713718.92,7625898.88
2025-04-25T00:00:00+00:00,SHIBUSD,1.379e-05,1.428e-05,1.367e-05,1.416e-05,859869964049.12,12064776.61
2025-04-26T00:00:00+00:00,SHIBUSD,1.416e-05,1.525e-05,1.405e-05,1.415e-05,1098415422706.21,15987064.84
2025-04-27T00:00:00+00:00,SHIBUSD,1.415e-05,1.419e-05,1.343e-05,1.344e-05,482333993462.6,6606210.56
2025-04-28T00:00:00+00:00,SHIBUSD,1.344e-05,1.42e-05,1.316e-05,1.373e-05,597024114033.02,8160034.7
2025-04-29T00:00:00+00:00,SHIBUSD,1.373e-05,1.393e-05,1.327e-05,1.341e-05,571967974538.79,7807764.24
2025-04-30T00:00:00+00:00,SHIBUSD,1.341e-05,1.354e-05,1.28e-05,1.323e-05,439627302203.75,5800214.42
2025-05-01T00:00:00+00:00,SHIBUSD,1.323e-05,1.375e-05,1.32e-05,1.349e-05,538979229496.4,7281135.03
2025-05-02T00:00:00+00:00,SHIBUSD,1.349e-05,1.369e-05,1.329e-05,1.348e-05,425624140403.42,5737568.67
2025-05-03T00:00:00+00:00,SHIBUSD,1.348e-05,1.349e-05,1.289e-05,1.297e-05,233542972059.14,3071239.73
2025-05-04T00:00:00+00:00,SHIBUSD,1.297e-05,1.323e-05,1.26e-05,1.267e-05,489124045334.37,6293327.29
2025-05-05T00:00:00+00:00,SHIBUSD,1.267e-05,1.297e-05,1.252e-05,1.268e-05,282561721878.57,3600011.47
2025-05-06T00:00:00+00:00,SHIBUSD,1.268e-05,1.277e-05,1.231e-05,1.275e-05,501802106222.16,6304276.14
2025-05-07T00:00:00+00:00,SHIBUSD,1.275e-05,1.294e-05,1.256e-05,1.282e-05,427862491113.64,5462267.08
2025-05-08T00:00:00+00:00,SHIBUSD,1.282e-05,1.457e-05,1.274e-05,1.439e-05,1171528759774.18,16135432.81
2025-05-09T00:00:00+00:00,SHIBUSD,1.439e-05,1.563e-05,1.411e-05,1.503e-05,1760809910646.87,26417005.21
2025-05-10T00:00:00+00:00,SHIBUSD,1.503e-05,1.709e-05,1.486e-05,1.707e-05,1688705285632.08,26952298.89
2025-05-11T00:00:00+00:00,SHIBUSD,1.707e-05,1.728e-05,1.561e-05,1.591e-05,1283355590626.95,20782878.67
2025-05-12T00:00:00+00:00,SHIBUSD,1.591e-05,1.764e-05,1.504e-05,1.578e-05,2164580111327.84,35596915.3
2025-05-13T00:00:00+00:00,SHIBUSD,1.578e-05,1.661e-05,1.48e-05,1.636e-05,1340429086890.26,21074531.18
2025-05-14T00:00:00+00:00,SHIBUSD,1.636e-05,1.67e-05,1.552e-05,1.573e-05,965734923570.79,15448457.24
2025-05-15T00:00:00+00:00,SHIBUSD,1.573e-05,1.59e-05,1.446e-05,1.482e-05,885487903393.34,13310913.46
2025-05-16T00:00:00+00:00,SHIBUSD,1.482e-05,1.521e-05,1.441e-05,1.457e-05,585641039000.1,8745350.7
2025-05-17T00:00:00+00:00,SHIBUSD,1.457e-05,1.462e-05,1.398e-05,1.419e-05,499416336028.25,7103328.19
2025-05-18T00:00:00+00:00,SHIBUSD,1.419e-05,1.535e-05,1.409e-05,1.5e-05,675123851591.31,9939465.08
2025-05-19T00:00:00+00:00,SHIBUSD,1.5e-05,1.514e-05,1.388e-05,1.46e-05,681151049991.27,9784938.51
2025-05-20T00:00:00+00:00,SHIBUSD,1.46e-05,1.492e-05,1.413e-05,1.462e-05,410278699979.64,5929267.89
2025-05-21T00:00:00+00:00,SHIBUSD,1.462e-05,1.517e-05,1.429e-05,1.483e-05,825523663564.26,12132950.33
2025-05-22T00:00:00+00:00,SHIBUSD,1.483e-05,1.553e-05,1.483e-05,1.553e-05,876294824868.76,13352621.3
2025-05-23T00:00:00+00:00,SHIBUSD,1.553e-05,1.605e-05,1.419e-05,1.431e-05,1197824835201.33,18109586.19
2025-05-24T00:00:00+00:00,SHIBUSD,1.431e-05,1.459e-05,1.425e-05,1.439e-05,269270569506.93,3885949.64
2025-05-25T00:00:00+00:00,SHIBUSD,1.439e-05,1.47e-05,1.393e-05,1.449e-05,558105190436.65,7968440.95
2025-05-26T00:00:00+00:00,SHIBUSD,1.449e-05,1.475e-05,1.42e-05,1.441e-05,476978090957.27,6919313.33
2025-05-27T00:00:00+00:00,SHIBUSD,1.441e-05,1.468e-05,1.406e-05,1.447e-05,574971486895.92,8318940.56
2025-05-28T00:00:00+00:00,SHIBUSD,1.447e-05,1.455e-05,1.394e-05,1.433e-05,421293589489.25,6001656.53
2025-05-29T00:00:00+00:00,SHIBUSD,1.433e-05,1.469e-05,1.384e-05,1.39e-05,525459667283.98,7516338.63
2025-05-30T00:00:00+00:00,SHIBUSD,1.39e-05,1.397e-05,1.267e-05,1.276e-05,895147585321.58,11839339.45
2025-05-31T00:00:00+00:00,SHIBUSD,1.276e-05,1.295e-05,1.227e-05,1.282e-05,531037823921.54,6694071.89
2025-06-01T00:00:00+00:00,SHIBUSD,1.282e-05,1.309e-05,1.258e-05,1.295e-05,356874420725.07,4580666.84
2025-06-02T00:00:00+00:00,SHIBUSD,1.295e-05,1.325e-05,1.265e-05,1.32e-05,446863669904.27,5762575.98
2025-06-03T00:00:00+00:00,SHIBUSD,1.32e-05,1.345e-05,1.295e-05,1.305e-05,331887993545.45,4377796.73
2025-06-04T00:00:00+00:00,SHIBUSD,1.305e-05,1.319e-05,1.271e-05,1.281e-05,247327568023.51,3210849.62
2025-06-05T00:00:00+00:00,SHIBUSD,1.281e-05,1.296e-05,1.191e-05,1.202e-05,553755593244.23,6860877.24
2025-06-06T00:00:00+00:00,SHIBUSD,1.202e-05,1.284e-05,1.195e-05,1.243e-05,531268880604.26,6559447.93
2025-06-07T00:00:00+00:00,SHIBUSD,1.243e-05,1.288e-05,1.235e-05,1.274e-05,242976580136.1,3087470.95
2025-06-08T00:00:00+00:00,SHIBUSD,1.274e-05,1.274e-05,1.243e-05,1.25e-05,262136040442.28,3299583.98
2025-06-09T00:00:00+00:00,SHIBUSD,1.25e-05,1.317e-05,1.235e-05,1.311e-05,333826320165.06,4246861.86
2025-06-10T00:00:00+00:00,SHIBUSD,1.311e-05,1.339e-05,1.283e-05,1.337e-05,475930103684.72,6244031.82
2025-06-11T00:00:00+00:00,SHIBUSD,1.337e-05,1.362e-05,1.285e-05,1.295e-05,557684878995.95,7345312.97
2025-06-12T00:00:00+00:00,SHIBUSD,1.295e-05,1.3e-05,1.214e-05,1.223e-05,353187039619.62,4449502.95
2025-06-13T00:00:00+00:00,SHIBUSD,1.223e-05,1.223e-05,1.142e-05,1.211e-05,766779312598.7,9014941.28
2025-06-14T00:00:00+00:00,SHIBUSD,1.211e-05,1.224e-05,1.188e-05,1.204e-05,284075122137.77,3433242.91
2025-06-15T00:00:00+00:00,SHIBUSD,1.204e-05,1.215e-05,1.18e-05,1.204e-05,285208565824.63,3422614.89
2025-06-16T00:00:00+00:00,SHIBUSD,1.204e-05,1.232e-05,1.184e-05,1.187e-05,406949741344.13,4953153.56
2025-06-17T00:00:00+00:00,SHIBUSD,1.187e-05,1.207e-05,1.135e-05,1.16e-05,476147744323.43,5558057.91
2025-06-18T00:00:00+00:00,SHIBUSD,1.16e-05,1.179e-05,1.136e-05,1.168e-05,255408009603.91,2964563.33
2025-06-19T00:00:00+00:00,SHIBUSD,1.168e-05,1.177e-05,1.144e-05,1.159e-05,185541168940.93,2147271.46
2025-06-20T00:00:00+00:00,SHIBUSD,1.159e-05,1.184e-05,1.107e-05,1.131e-05,348331551349.45,3989296.62
2025-06-21T00:00:00+00:00,SHIBUSD,1.131e-05,1.144e-05,1.058e-05,1.09e-05,459776384168.03,5081960.15
2025-06-22T00:00:00+00:00,SHIBUSD,1.09e-05,1.106e-05,1.006e-05,1.061e-05,916302183584.8,9634067.01
2025-06-23T00:00:00+00:00,SHIBUSD,1.061e-05,1.167e-05,1.057e-05,1.158e-05,730301895319.57,8042726.34
2025-06-24T00:00:00+00:00,SHIBUSD,1.158e-05,1.192e-05,1.152e-05,1.171e-05,465049199268.04,5421282.51
2025-06-25T00:00:00+00:00,SHIBUSD,1.171e-05,1.178e-05,1.149e-05,1.162e-05,476649343958.02,5558911.34
2025-06-26T00:00:00+00:00,SHIBUSD,1.162e-05,1.179e-05,1.118e-05,1.121e-05,491804321440.17,5611068.99
2025-06-27T00:00:00+00:00,SHIBUSD,1.121e-05,1.141e-05,1.106e-05,1.133e-05,405665301377.64,4561186.61
2025-06-28T00:00:00+00:00,SHIBUSD,1.133e-05,1.163e-05,1.129e-05,1.156e-05,220215054432.86,2520571.93
2025-06-29T00:00:00+00:00,SHIBUSD,1.156e-05,1.198e-05,1.145e-05,1.186e-05,307052464374.42,3594287.78
2025-06-30T00:00:00+00:00,SHIBUSD,1.186e-05,1.192e-05,1.127e-05,1.142e-05,655342988717.16,7532824.61
2025-07-01T00:00:00+00:00,SHIBUSD,1.142e-05,1.151e-05,1.108e-05,1.12e-05,481142577408.5,5421862.83
2025-07-02T00:00:00+00:00,SHIBUSD,1.12e-05,1.2e-05,1.114e-05,1.18e-05,428738739371.08,4993500.05
2025-07-03T00:00:00+00:00,SHIBUSD,1.18e-05,1.214e-05,1.173e-05,1.189e-05,496656731457.17,5919415.21
2025-07-04T00:00:00+00:00,SHIBUSD,1.189e-05,1.199e-05,1.121e-05,1.144e-05,332899221832.23,3851929.42
2025-07-05T00:00:00+00:00,SHIBUSD,1.144e-05,1.159e-05,1.135e-05,1.147e-05,192348163128.81,2203502.24
2025-07-06T00:00:00+00:00,SHIBUSD,1.147e-05,1.197e-05,1.138e-05,1.182e-05,386695188461.48,4528004.72
2025-07-07T00:00:00+00:00,SHIBUSD,1.182e-05,1.194e-05,1.145e-05,1.162e-05,364791179556.1,4258663.8
2025-07-08T00:00:00+00:00,SHIBUSD,1.162e-05,1.197e-05,1.154e-05,1.185e-05,569893640793.31,6724897.43
2025-07-09T00:00:00+00:00,SHIBUSD,1.185e-05,1.254e-05,1.177e-05,1.239e-05,711904978082.13,8638479.62
2025-07-10T00:00:00+00:00,SHIBUSD,1.239e-05,1.344e-05,1.231e-05,1.335e-05,957166444765.46,12205122.62
2025-07-11T00:00:00+00:00,SHIBUSD,1.335e-05,1.386e-05,1.306e-05,1.33e-05,1281651929136.55,17309224.55
2025-07-12T00:00:00+00:00,SHIBUSD,1.33e-05,1.354e-05,1.283e-05,1.32e-05,504255973221.16,6665003.29
2025-07-13T00:00:00+00:00,SHIBUSD,1.32e-05,1.35e-05,1.31e-05,1.33e-05,615001251661.5,8168028.02
2025-07-14T00:00:00+00:00,SHIBUSD,1.33e-05,1.416e-05,1.313e-05,1.325e-05,1204570598739.15,16424244.4
2025-07-15T00:00:00+00:00,SHIBUSD,1.325e-05,1.381e-05,1.275e-05,1.373e-05,949991240140.88,12593637.87
2025-07-16T00:00:00+00:00,SHIBUSD,1.373e-05,1.484e-05,1.346e-05,1.437e-05,1231255916369.6,17362755.8
2025-07-17T00:00:00+00:00,SHIBUSD,1.437e-05,1.474e-05,1.39e-05,1.447e-05,1387313864132.07,19876709.78
2025-07-18T00:00:00+00:00,SHIBUSD,1.447e-05,1.578e-05,1.424e-05,1.469e-05,2350268248565.44,35389736.31
2025-07-19T00:00:00+00:00,SHIBUSD,1.469e-05,1.536e-05,1.433e-05,1.49e-05,1063038579429.05,15883495.77
2025-07-20T00:00:00+00:00,SHIBUSD,1.49e-05,1.585e-05,1.48e-05,1.552e-05,1286902078531.71,19726094.98
2025-07-21T00:00:00+00:00,SHIBUSD,1.552e-05,1.598e-05,1.51e-05,1.549e-05,1359936734139.44,21134875.74
2025-07-22T00:00:00+00:00,SHIBUSD,1.549e-05,1.567e-05,1.473e-05,1.546e-05,1246544216885.85,18970760.96
2025-07-23T00:00:00+00:00,SHIBUSD,1.546e-05,1.547e-05,1.342e-05,1.387e-05,1217557781070.7,17455017.17
2025-07-24T00:00:00+00:00,SHIBUSD,1.387e-05,1.406e-05,1.299e-05,1.362e-05,835546653662.65,11405260.99
2025-07-25T00:00:00+00:00,SHIBUSD,1.362e-05,1.411e-05,1.313e-05,1.408e-05,833169746446.78,11319821.61
2025-07-26T00:00:00+00:00,SHIBUSD,1.408e-05,1.421e-05,1.391e-05,1.397e-05,317445552688.06,4464548.57
2025-07-27T00:00:00+00:00,SHIBUSD,1.397e-05,1.428e-05,1.39e-05,1.416e-05,301992957326.41,4249523.03
2025-07-28T00:00:00+00:00,SHIBUSD,1.416e-05,1.437e-05,1.326e-05,1.335e-05,652980222442.14,9004625.59
2025-07-29T00:00:00+00:00,SHIBUSD,1.335e-05,1.367e-05,1.289e-05,1.312e-05,439668865295,5798073.99
2025-07-30T00:00:00+00:00,SHIBUSD,1.312e-05,1.318e-05,1.226e-05,1.287e-05,702771507291.81,8956463.87
2025-07-31T00:00:00+00:00,SHIBUSD,1.287e-05,1.317e-05,1.239e-05,1.245e-05,482630317358.13,6190095.31
2025-08-01T00:00:00+00:00,SHIBUSD,1.245e-05,1.25e-05,1.174e-05,1.206e-05,801402226019.97,9759010.75
2025-08-02T00:00:00+00:00,SHIBUSD,1.206e-05,1.226e-05,1.161e-05,1.183e-05,357870222177.32,4274637.89
2025-08-03T00:00:00+00:00,SHIBUSD,1.183e-05,1.226e-05,1.165e-05,1.22e-05,269686631240.77,3268050.49
2025-08-04T00:00:00+00:00,SHIBUSD,1.22e-05,1.257e-05,1.219e-05,1.252e-05,667230080571.77,8255514.91
2025-08-05T00:00:00+00:00,SHIBUSD,1.252e-05,1.258e-05,1.186e-05,1.208e-05,1104930080095.49,13401417.07
2025-08-06T00:00:00+00:00,SHIBUSD,1.208e-05,1.244e-05,1.188e-05,1.233e-05,880053969104.75,10709468.13
2025-08-07T00:00:00+00:00,SHIBUSD,1.233e-05,1.289e-05,1.228e-05,1.288e-05,916272318687.13,11516358.28
2025-08-08T00:00:00+00:00,SHIBUSD,1.288e-05,1.332e-05,1.271e-05,1.325e-05,1525706388719.94,19697121.66
2025-08-09T00:00:00+00:00,SHIBUSD,1.325e-05,1.406e-05,1.318e-05,1.373e-05,698421780431.11,9566237.17
2025-08-10T00:00:00+00:00,SHIBUSD,1.373e-05,1.4e-05,1.328e-05,1.358e-05,553346678031.31,7535349.51
2025-08-11T00:00:00+00:00,SHIBUSD,1.358e-05,1.392e-05,1.282e-05,1.293e-05,705370476609.13,9442225.8
2025-08-12T00:00:00+00:00,SHIBUSD,1.293e-05,1.374e-05,1.271e-05,1.353e-05,535682428514.2,7110313.75
2025-08-13T00:00:00+00:00,SHIBUSD,1.353e-05,1.403e-05,1.34e-05,1.392e-05,731219247111.54,10075146.96
2025-08-14T00:00:00+00:00,SHIBUSD,1.392e-05,1.419e-05,1.264e-05,1.29e-05,891651867461.85,11900395.88
2025-08-15T00:00:00+00:00,SHIBUSD,1.29e-05,1.316e-05,1.25e-05,1.286e-05,638425876834.45,8209052.44
2025-08-16T00:00:00+00:00,SHIBUSD,1.286e-05,1.305e-05,1.28e-05,1.299e-05,290461549828.79,3766484.9
2025-08-17T00:00:00+00:00,SHIBUSD,1.299e-05,1.339e-05,1.292e-05,1.303e-05,278243849381.45,3652861.2
2025-08-18T00:00:00+00:00,SHIBUSD,1.303e-05,1.304e-05,1.246e-05,1.271e-05,460756180859.09,5839197.01
2025-08-19T00:00:00+00:00,SHIBUSD,1.271e-05,1.281e-05,1.207e-05,1.21e-05,817925506313.61,10184292.14
2025-08-20T00:00:00+00:00,SHIBUSD,1.21e-05,1.263e-05,1.203e-05,1.258e-05,563265710053.85,6940745.67
2025-08-21T00:00:00+00:00,SHIBUSD,1.258e-05,1.271e-05,1.227e-05,1.237e-05,402638628824.01,5015580.73
2025-08-22T00:00:00+00:00,SHIBUSD,1.237e-05,1.35e-05,1.202e-05,1.338e-05,774078125682.92,9947307.43
2025-08-23T00:00:00+00:00,SHIBUSD,1.338e-05,1.34e-05,1.294e-05,1.326e-05,607919072282.86,8013517.28
2025-08-24T00:00:00+00:00,SHIBUSD,1.326e-05,1.352e-05,1.271e-05,1.296e-05,1499963471119.51,19512638.64
2025-08-25T00:00:00+00:00,SHIBUSD,1.296e-05,1.313e-05,1.184e-05,1.203e-05,2281875014665.99,28341718.55
2025-08-26T00:00:00+00:00,SHIBUSD,1.203e-05,1.261e-05,1.191e-05,1.254e-05,996726539766.39,12175862.04
2025-08-27T00:00:00+00:00,SHIBUSD,1.254e-05,1.264e-05,1.237e-05,1.249e-05,447713845309.27,5602264.3
2025-08-28T00:00:00+00:00,SHIBUSD,1.249e-05,1.273e-05,1.241e-05,1.268e-05,759497940404.69,9556875.01
2025-08-29T00:00:00+00:00,SHIBUSD,1.268e-05,1.272e-05,1.199e-05,1.22e-05,1682427819103.37,20618227.62
2025-08-30T00:00:00+00:00,SHIBUSD,1.22e-05,1.295e-05,1.203e-05,1.233e-05,802751357504.81,9902084.87
2025-08-31T00:00:00+00:00,SHIBUSD,1.233e-05,1.25e-05,1.216e-05,1.219e-05,409351737206.37,5067604.28
2025-09-01T00:00:00+00:00,SHIBUSD,1.219e-05,1.26e-05,1.181e-05,1.21e-05,926928171565.2,11269956.44
2025-09-02T00:00:00+00:00,SHIBUSD,1.21e-05,1.248e-05,1.203e-05,1.243e-05,759651055608.05,9337196.7
2025-09-03T00:00:00+00:00,SHIBUSD,1.243e-05,1.258e-05,1.231e-05,1.248e-05,367436868321.95,4576185.98
2025-09-04T00:00:00+00:00,SHIBUSD,1.248e-05,1.253e-05,1.201e-05,1.211e-05,751174445568.89,9172015.98
2025-09-05T00:00:00+00:00,SHIBUSD,1.211e-05,1.248e-05,1.206e-05,1.239e-05,1280911792724.55,15755605.68
2025-09-06T00:00:00+00:00,SHIBUSD,1.239e-05,1.245e-05,1.216e-05,1.228e-05,488647921773.19,6001533.77
2025-09-07T00:00:00+00:00,SHIBUSD,1.228e-05,1.251e-05,1.226e-05,1.248e-05,385266108604.18,4773733.92
2025-09-08T00:00:00+00:00,SHIBUSD,1.248e-05,1.297e-05,1.239e-05,1.287e-05,747737764883.9,9527298.38
2025-09-09T00:00:00+00:00,SHIBUSD,1.287e-05,1.32e-05,1.267e-05,1.288e-05,821808459342.67,10606925.83
2025-09-10T00:00:00+00:00,SHIBUSD,1.288e-05,1.317e-05,1.276e-05,1.307e-05,629731549498.69,8182036.86
2025-09-11T00:00:00+00:00,SHIBUSD,1.307e-05,1.327e-05,1.292e-05,1.325e-05,583143239318.53,7632914.15
2025-09-12T00:00:00+00:00,SHIBUSD,1.325e-05,1.392e-05,1.32e-05,1.392e-05,752732539377.89,10149634.62
2025-09-13T00:00:00+00:00,SHIBUSD,1.392e-05,1.484e-05,1.375e-05,1.429e-05,2009926997934.46,28776142.21
2025-09-14T00:00:00+00:00,SHIBUSD,1.429e-05,1.431e-05,1.354e-05,1.369e-05,734004956280.07,10182483.77
2025-09-15T00:00:00+00:00,SHIBUSD,1.369e-05,1.382e-05,1.293e-05,1.307e-05,721712800878.61,9530259.55
2025-09-16T00:00:00+00:00,SHIBUSD,1.307e-05,1.326e-05,1.287e-05,1.316e-05,633995309307.63,8297119.49
2025-09-17T00:00:00+00:00,SHIBUSD,1.316e-05,1.361e-05,1.284e-05,1.351e-05,952159930759.23,12469078.13
2025-09-18T00:00:00+00:00,SHIBUSD,1.351e-05,1.36e-05,1.328e-05,1.341e-05,686884220678.9,9248861.77
2025-09-19T00:00:00+00:00,SHIBUSD,1.341e-05,1.356e-05,1.279e-05,1.288e-05,629809343831.69,8259530.41
2025-09-20T00:00:00+00:00,SHIBUSD,1.288e-05,1.306e-05,1.278e-05,1.292e-05,361521396564.27,4673818.03
2025-09-21T00:00:00+00:00,SHIBUSD,1.292e-05,1.304e-05,1.274e-05,1.274e-05,540472878974.6,6966372.19
2025-09-22T00:00:00+00:00,SHIBUSD,1.274e-05,1.278e-05,1.182e-05,1.214e-05,1426404224691.94,17365693.64
2025-09-23T00:00:00+00:00,SHIBUSD,1.214e-05,1.229e-05,1.19e-05,1.21e-05,523710115007.1,6352941.54
2025-09-24T00:00:00+00:00,SHIBUSD,1.21e-05,1.238e-05,1.191e-05,1.214e-05,576514374582.9,7030665.66
2025-09-25T00:00:00+00:00,SHIBUSD,1.214e-05,1.217e-05,1.151e-05,1.164e-05,872320164592.58,10300201.37
2025-09-26T00:00:00+00:00,SHIBUSD,1.164e-05,1.199e-05,1.152e-05,1.192e-05,579978801843.39,6836228.69
2025-09-27T00:00:00+00:00,SHIBUSD,1.192e-05,1.192e-05,1.172e-05,1.181e-05,312835231579.71,3696565.36
2025-09-28T00:00:00+00:00,SHIBUSD,1.181e-05,1.214e-05,1.16e-05,1.202e-05,540260656882.1,6394032.16
2025-09-29T00:00:00+00:00,SHIBUSD,1.202e-05,1.205e-05,1.172e-05,1.198e-05,530782753811.78,6330857.12
2025-09-30T00:00:00+00:00,SHIBUSD,1.198e-05,1.2e-05,1.155e-05,1.183e-05,602615215535.21,7093332.38
2025-10-01T00:00:00+00:00,SHIBUSD,1.183e-05,1.24e-05,1.175e-05,1.24e-05,696904559281.11,8493224.4
2025-10-02T00:00:00+00:00,SHIBUSD,1.24e-05,1.271e-05,1.232e-05,1.265e-05,645263180393.41,8101575.86
2025-10-03T00:00:00+00:00,SHIBUSD,1.265e-05,1.288e-05,1.235e-05,1.266e-05,582215655739.3,7317373.46
2025-10-04T00:00:00+00:00,SHIBUSD,1.266e-05,1.274e-05,1.224e-05,1.238e-05,418185017051.19,5217468.23
2025-10-05T00:00:00+00:00,SHIBUSD,1.238e-05,1.297e-05,1.231e-05,1.246e-05,450551165629.81,5700619.69
2025-10-06T00:00:00+00:00,SHIBUSD,1.246e-05,1.302e-05,1.238e-05,1.285e-05,631596813685.19,8066074.91
2025-10-07T00:00:00+00:00,SHIBUSD,1.285e-05,1.292e-05,1.218e-05,1.221e-05,727660395993.33,9070814.21
2025-10-08T00:00:00+00:00,SHIBUSD,1.221e-05,1.247e-05,1.205e-05,1.232e-05,439657455991.9,5385799.94
2025-10-09T00:00:00+00:00,SHIBUSD,1.232e-05,1.234e-05,1.173e-05,1.202e-05,406000879189.85,4878858.17
2025-10-10T00:00:00+00:00,SHIBUSD,1.202e-05,1.215e-05,8.07e-06,9.78e-06,2401693540651.17,24514711.2
2025-10-11T00:00:00+00:00,SHIBUSD,9.78e-06,1.073e-05,9.59e-06,9.96e-06,1788559542472.69,18145238.4
2025-10-12T00:00:00+00:00,SHIBUSD,9.96e-06,1.088e-05,9.79e-06,1.071e-05,1516019985160.56,15820214.96
2025-10-13T00:00:00+00:00,SHIBUSD,1.071e-05,1.129e-05,1.055e-05,1.112e-05,713308577298.55,7773722.68
2025-10-14T00:00:00+00:00,SHIBUSD,1.112e-05,1.118e-05,1.021e-05,1.075e-05,843548982965.07,8932627.07
2025-10-15T00:00:00+00:00,SHIBUSD,1.075e-05,1.09e-05,1.02e-05,1.033e-05,582091877974.75,6124472.71
2025-10-16T00:00:00+00:00,SHIBUSD,1.033e-05,1.052e-05,9.89e-06,1e-05,575398590104.28,5835091.36
2025-10-17T00:00:00+00:00,SHIBUSD,1e-05,1.011e-05,9.25e-06,9.76e-06,903222532936.71,8771964.42
2025-10-18T00:00:00+00:00,SHIBUSD,9.76e-06,9.99e-06,9.74e-06,9.91e-06,415655690958.98,4096785.47
2025-10-19T00:00:00+00:00,SHIBUSD,9.91e-06,1.019e-05,9.8e-06,1.007e-05,291019371688.65,2913113.8
2025-10-20T00:00:00+00:00,SHIBUSD,1.007e-05,1.033e-05,9.93e-06,1.019e-05,329566791603.76,3346737.94
2025-10-21T00:00:00+00:00,SHIBUSD,1.019e-05,1.055e-05,9.87e-06,1.006e-05,524727901252.94,5351773.38
2025-10-22T00:00:00+00:00,SHIBUSD,1.006e-05,1.01e-05,9.64e-06,9.86e-06,443680971161.41,4390319.51
2025-10-23T00:00:00+00:00,SHIBUSD,9.86e-06,1.021e-05,9.85e-06,1.01e-05,309221727031.43,3100627.25
2025-10-24T00:00:00+00:00,SHIBUSD,1.01e-05,1.031e-05,1.005e-05,1.024e-05,325926411301.25,3310313.39
2025-10-25T00:00:00+00:00,SHIBUSD,1.024e-05,1.025e-05,1.009e-05,1.02e-05,265667742502.01,2704631.88
2025-10-26T00:00:00+00:00,SHIBUSD,1.02e-05,1.066e-05,1.009e-05,1.056e-05,386878569418.2,3997853.58
2025-10-27T00:00:00+00:00,SHIBUSD,1.056e-05,1.07e-05,1.034e-05,1.038e-05,475479570890.2,4994072.49
2025-10-28T00:00:00+00:00,SHIBUSD,1.038e-05,1.044e-05,9.98e-06,1.012e-05,396665015761.21,4060268.84
2025-10-29T00:00:00+00:00,SHIBUSD,1.012e-05,1.044e-05,1e-05,1.017e-05,523214608384.51,5355946.16
2025-10-30T00:00:00+00:00,SHIBUSD,1.017e-05,1.025e-05,9.38e-06,9.74e-06,560763344550.47,5476229.16
2025-10-31T00:00:00+00:00,SHIBUSD,9.74e-06,1.007e-05,9.71e-06,1.003e-05,373538520190.52,3695628.06
2025-11-01T00:00:00+00:00,SHIBUSD,1.003e-05,1.027e-05,9.98e-06,1.02e-05,162333785726.6,1644876.42
2025-11-02T00:00:00+00:00,SHIBUSD,1.02e-05,1.025e-05,9.96e-06,1.019e-05,255865511545.46,2583640.85
2025-11-03T00:00:00+00:00,SHIBUSD,1.019e-05,1.02e-05,9.07e-06,9.19e-06,507760311305.89,4780429.24
2025-11-04T00:00:00+00:00,SHIBUSD,9.19e-06,9.31e-06,8.39e-06,8.84e-06,982075156742.05,8701861.23
2025-11-05T00:00:00+00:00,SHIBUSD,8.84e-06,9.23e-06,8.42e-06,9.16e-06,466309705993.94,4186684.19
2025-11-06T00:00:00+00:00,SHIBUSD,9.16e-06,9.17e-06,8.79e-06,9.01e-06,533925368259.43,4800910.59
2025-11-07T00:00:00+00:00,SHIBUSD,9.01e-06,1.033e-05,9.01e-06,1.003e-05,839256247656.19,8096282.75
2025-11-08T00:00:00+00:00,SHIBUSD,1.003e-05,1.027e-05,9.69e-06,9.95e-06,559067061095.06,5588634
2025-11-09T00:00:00+00:00,SHIBUSD,9.95e-06,1.007e-05,9.64e-06,9.99e-06,436373925500.35,4319857.64
2025-11-10T00:00:00+00:00,SHIBUSD,9.99e-06,1.023e-05,9.88e-06,1.014e-05,381949946629.72,3836431.22
2025-11-11T00:00:00+00:00,SHIBUSD,1.014e-05,1.026e-05,9.62e-06,9.64e-06,338601451308.15,3361672.37
2025-11-12T00:00:00+00:00,SHIBUSD,9.64e-06,9.99e-06,9.45e-06,9.51e-06,395378394497.03,3849485.92
2025-11-13T00:00:00+00:00,SHIBUSD,9.51e-06,9.86e-06,9.05e-06,9.3e-06,451926011510.65,4286503.13
2025-11-14T00:00:00+00:00,SHIBUSD,9.3e-06,9.36e-06,8.86e-06,8.97e-06,496037125352.56,4534684.8
2025-11-15T00:00:00+00:00,SHIBUSD,8.97e-06,9.26e-06,8.97e-06,9.04e-06,252219133484.46,2300654.57
2025-11-16T00:00:00+00:00,SHIBUSD,9.04e-06,9.22e-06,8.64e-06,8.89e-06,407172604728.59,3647123.78
2025-11-17T00:00:00+00:00,SHIBUSD,8.89e-06,9.16e-06,8.46e-06,8.58e-06,468505304913.91,4112295.09
2025-11-18T00:00:00+00:00,SHIBUSD,8.58e-06,9.01e-06,8.48e-06,8.87e-06,386787810827.09,3397186.14
2025-11-19T00:00:00+00:00,SHIBUSD,8.87e-06,8.9e-06,8.23e-06,8.56e-06,633051440668.92,5405986.23
2025-11-20T00:00:00+00:00,SHIBUSD,8.56e-06,8.82e-06,8.12e-06,8.24e-06,535580999528.27,4542936.77
2025-11-21T00:00:00+00:00,SHIBUSD,8.24e-06,8.38e-06,7.55e-06,7.84e-06,941934695604.38,7441507.71
2025-11-22T00:00:00+00:00,SHIBUSD,7.84e-06,7.89e-06,7.57e-06,7.8e-06,599381448814.38,4638033.01
2025-11-23T00:00:00+00:00,SHIBUSD,7.8e-06,8.04e-06,7.77e-06,7.85e-06,401136977500.57,3180302.79
2025-11-24T00:00:00+00:00,SHIBUSD,7.85e-06,8.43e-06,7.79e-06,8.33e-06,574740018668.34,4654500.39
2025-11-25T00:00:00+00:00,SHIBUSD,8.33e-06,8.9e-06,8.03e-06,8.8e-06,577037944823.18,4843575.11
2025-11-26T00:00:00+00:00,SHIBUSD,8.8e-06,8.84e-06,8.31e-06,8.59e-06,647958780828.12,5530670.41
2025-11-27T00:00:00+00:00,SHIBUSD,8.59e-06,8.85e-06,8.52e-06,8.76e-06,338249910655.93,2927453.62
2025-11-28T00:00:00+00:00,SHIBUSD,8.76e-06,9.12e-06,8.61e-06,8.65e-06,420421501883.02,3701258.59
2025-11-29T00:00:00+00:00,SHIBUSD,8.65e-06,8.66e-06,8.42e-06,8.53e-06,204493838312.65,1747806.07
2025-11-30T00:00:00+00:00,SHIBUSD,8.53e-06,8.63e-06,8.36e-06,8.36e-06,339193513698.86,2883339.21
2025-12-01T00:00:00+00:00,SHIBUSD,8.36e-06,8.38e-06,7.86e-06,7.97e-06,443838545146.76,3553163.68
2025-12-02T00:00:00+00:00,SHIBUSD,7.97e-06,8.57e-06,7.89e-06,8.46e-06,393046070185.99,3235138.97
2025-12-03T00:00:00+00:00,SHIBUSD,8.46e-06,9.5e-06,8.45e-06,8.98e-06,762745073705.38,6884940.53
2025-12-04T00:00:00+00:00,SHIBUSD,8.98e-06,9.02e-06,8.57e-06,8.72e-06,230786513520.35,2032134.96
2025-12-05T00:00:00+00:00,SHIBUSD,8.72e-06,8.78e-06,8.15e-06,8.3e-06,414507749800.64,3490022.4
2025-12-06T00:00:00+00:00,SHIBUSD,8.3e-06,8.87e-06,8.27e-06,8.43e-06,375455641264.28,3170361.47
2025-12-07T00:00:00+00:00,SHIBUSD,8.43e-06,8.58e-06,8.2e-06,8.33e-06,209328625469.14,1762728.14
2025-12-08T00:00:00+00:00,SHIBUSD,8.33e-06,8.61e-06,8.29e-06,8.58e-06,271268143620.58,2301999.12
2025-12-09T00:00:00+00:00,SHIBUSD,8.58e-06,9.04e-06,8.43e-06,8.73e-06,562343983850.36,4904689.25
2025-12-10T00:00:00+00:00,SHIBUSD,8.73e-06,8.93e-06,8.48e-06,8.55e-06,487712163958.77,4213254.77
2025-12-11T00:00:00+00:00,SHIBUSD,8.55e-06,8.61e-06,8.18e-06,8.51e-06,436753308154.66,3654599.92
2025-12-12T00:00:00+00:00,SHIBUSD,8.51e-06,8.51e-06,8.06e-06,8.27e-06,349597711826.48,2912787.77
2025-12-13T00:00:00+00:00,SHIBUSD,8.27e-06,8.45e-06,8.27e-06,8.36e-06,192927133671.51,1611973.31
2025-12-14T00:00:00+00:00,SHIBUSD,8.36e-06,8.39e-06,8e-06,8.07e-06,293283532390.85,2397372.11
2025-12-15T00:00:00+00:00,SHIBUSD,8.07e-06,8.27e-06,7.73e-06,7.91e-06,407818483345.52,3253720.81
2025-12-16T00:00:00+00:00,SHIBUSD,7.91e-06,7.99e-06,7.71e-06,7.87e-06,342206900413.13,2690041.68
2025-12-17T00:00:00+00:00,SHIBUSD,7.87e-06,8.04e-06,7.47e-06,7.52e-06,521309021839.53,4000348.69
2025-12-18T00:00:00+00:00,SHIBUSD,7.52e-06,7.54e-06,7e-06,7.04e-06,668353217606.33,4885465.66
2025-12-19T00:00:00+00:00,SHIBUSD,7.04e-06,7.64e-06,7e-06,7.51e-06,398949207013.19,2931093.32
2025-12-20T00:00:00+00:00,SHIBUSD,7.51e-06,7.51e-06,7.4e-06,7.43e-06,193286550264.53,1440507.45
2025-12-21T00:00:00+00:00,SHIBUSD,7.43e-06,7.45e-06,7.19e-06,7.28e-06,205942191692.23,1505059.15
2025-12-22T00:00:00+00:00,SHIBUSD,7.28e-06,7.43e-06,7.15e-06,7.2e-06,310238508658.64,2254869.11
2025-12-23T00:00:00+00:00,SHIBUSD,7.2e-06,7.28e-06,7.05e-06,7.12e-06,332542807078.59,2373531.11
2025-12-24T00:00:00+00:00,SHIBUSD,7.12e-06,7.27e-06,6.98e-06,7.21e-06,301085937915.26,2139670.27
2025-12-25T00:00:00+00:00,SHIBUSD,7.21e-06,7.28e-06,7.05e-06,7.07e-06,232040774775.86,1672566.92
2025-12-26T00:00:00+00:00,SHIBUSD,7.07e-06,7.29e-06,7.02e-06,7.12e-06,271611568707.11,1941861.77
2025-12-27T00:00:00+00:00,SHIBUSD,7.12e-06,7.39e-06,7.09e-06,7.37e-06,297267595929.76,2144632.64
2025-12-28T00:00:00+00:00,SHIBUSD,7.37e-06,7.41e-06,7.26e-06,7.39e-06,244940180977.68,1796916.61
2025-12-29T00:00:00+00:00,SHIBUSD,7.39e-06,7.56e-06,7.17e-06,7.18e-06,337086738032.33,2484878.8
2025-12-30T00:00:00+00:00,SHIBUSD,7.18e-06,7.24e-06,7.07e-06,7.09e-06,412593314476.03,2946812.09
2025-12-31T00:00:00+00:00,SHIBUSD,7.09e-06,7.12e-06,6.81e-06,6.9e-06,769872024971.15,5380062.89
2026-01-01T00:00:00+00:00,SHIBUSD,6.9e-06,7.51e-06,6.89e-06,7.45e-06,552230205310.66,3926227.31
2026-01-02T00:00:00+00:00,SHIBUSD,7.45e-06,8.3e-06,7.33e-06,8.11e-06,1053726088996.58,8367409.94
2026-01-03T00:00:00+00:00,SHIBUSD,8.11e-06,8.2e-06,7.84e-06,8.08e-06,445666787032.88,3579028.11
2026-01-04T00:00:00+00:00,SHIBUSD,8.08e-06,9.4e-06,8.07e-06,9.04e-06,1216446717040.34,10788500.56
2026-01-05T00:00:00+00:00,SHIBUSD,9.04e-06,1.012e-05,8.59e-06,9.26e-06,1930026287457.5,18020865.87
2026-01-06T00:00:00+00:00,SHIBUSD,9.26e-06,9.62e-06,8.81e-06,9.11e-06,915574153318.96,8461476.77
2026-01-07T00:00:00+00:00,SHIBUSD,9.11e-06,9.23e-06,8.71e-06,8.78e-06,394333879275.08,3516723.43
2026-01-08T00:00:00+00:00,SHIBUSD,8.78e-06,8.85e-06,8.47e-06,8.75e-06,421850528614.91,3673601.9
2026-01-09T00:00:00+00:00,SHIBUSD,8.75e-06,8.87e-06,8.54e-06,8.66e-06,312093287274.17,2714758.88
2026-01-10T00:00:00+00:00,SHIBUSD,8.66e-06,8.74e-06,8.55e-06,8.65e-06,176758923465.17,1528403.46
2026-01-11T00:00:00+00:00,SHIBUSD,8.65e-06,8.71e-06,8.35e-06,8.45e-06,221253027717.96,1899949.71
2026-01-12T00:00:00+00:00,SHIBUSD,8.45e-06,8.74e-06,8.26e-06,8.37e-06,306788690113.08,2602255.02
2026-01-13T00:00:00+00:00,SHIBUSD,8.37e-06,9.11e-06,8.37e-06,8.98e-06,553412838284.04,4835151.17
2026-01-14T00:00:00+00:00,SHIBUSD,8.98e-06,9.04e-06,8.66e-06,8.73e-06,972594861533.88,8586082.75
2026-01-15T00:00:00+00:00,SHIBUSD,8.73e-06,8.75e-06,8.29e-06,8.41e-06,361771003537.57,3078610.56
2026-01-16T00:00:00+00:00,SHIBUSD,8.41e-06,8.62e-06,8.15e-06,8.55e-06,419911023709.41,3529399.76
2026-01-17T00:00:00+00:00,SHIBUSD,8.55e-06,8.59e-06,8.44e-06,8.48e-06,185297541573.39,1578080.96
2026-01-18T00:00:00+00:00,SHIBUSD,8.48e-06,8.51e-06,8.08e-06,8.1e-06,221875144943.26,1853810.71
2026-01-19T00:00:00+00:00,SHIBUSD,8.1e-06,8.14e-06,7.53e-06,8.13e-06,556893504503.68,4388097.9
2026-01-20T00:00:00+00:00,SHIBUSD,8.13e-06,8.14e-06,7.66e-06,7.72e-06,482018715164.68,3802102.77
2026-01-21T00:00:00+00:00,SHIBUSD,7.72e-06,8.16e-06,7.66e-06,7.98e-06,429438063202.97,3399075.57
2026-01-22T00:00:00+00:00,SHIBUSD,7.98e-06,8.07e-06,7.74e-06,7.81e-06,266356238780.51,2101227.26
2026-01-23T00:00:00+00:00,SHIBUSD,7.81e-06,8.13e-06,7.74e-06,7.88e-06,283623334418.21,2245243.28
2026-01-24T00:00:00+00:00,SHIBUSD,7.88e-06,7.91e-06,7.76e-06,7.8e-06,214411488250.31,1682290.75
2026-01-25T00:00:00+00:00,SHIBUSD,7.8e-06,7.82e-06,7.37e-06,7.51e-06,362829216677.52,2766106.56
2026-01-26T00:00:00+00:00,SHIBUSD,7.51e-06,7.79e-06,7.51e-06,7.69e-06,322868514492.54,2482312.38
2026-01-27T00:00:00+00:00,SHIBUSD,7.69e-06,7.88e-06,7.61e-06,7.83e-06,305337824136.65,2358332.37
2026-01-28T00:00:00+00:00,SHIBUSD,7.83e-06,7.86e-06,7.69e-06,7.79e-06,413553466427.57,3212841.04
2026-01-29T00:00:00+00:00,SHIBUSD,7.79e-06,7.8e-06,7.2e-06,7.34e-06,536391550014.21,3977689.3
2026-01-30T00:00:00+00:00,SHIBUSD,7.34e-06,7.37e-06,7.1e-06,7.22e-06,556608749683.12,4029998.86
2026-01-31T00:00:00+00:00,SHIBUSD,7.22e-06,7.22e-06,6.19e-06,6.8e-06,1099492199864.05,7404665.85
2026-02-01T00:00:00+00:00,SHIBUSD,6.8e-06,6.9e-06,6.47e-06,6.61e-06,677019654134.85,4550914.05
2026-02-02T00:00:00+00:00,SHIBUSD,6.61e-06,7.02e-06,6.45e-06,6.87e-06,711889679483.26,4819304.65
2026-02-03T00:00:00+00:00,SHIBUSD,6.87e-06,7.02e-06,6.48e-06,6.69e-06,828350066490.92,5640588.15
2026-02-04T00:00:00+00:00,SHIBUSD,6.69e-06,6.83e-06,6.48e-06,6.62e-06,570226317705.72,3797811.98
2026-02-05T00:00:00+00:00,SHIBUSD,6.62e-06,6.68e-06,5.57e-06,5.61e-06,1472132358942.42,8881071.18
2026-02-06T00:00:00+00:00,SHIBUSD,5.61e-06,6.41e-06,5.09e-06,6.32e-06,1601856734000.55,9335421.36
2026-02-07T00:00:00+00:00,SHIBUSD,6.32e-06,6.42e-06,6.02e-06,6.32e-06,718323860865.87,4478870.17
2026-02-08T00:00:00+00:00,SHIBUSD,6.32e-06,6.32e-06,6.07e-06,6.11e-06,386331542729.65,2392472.93
2026-02-09T00:00:00+00:00,SHIBUSD,6.11e-06,6.2e-06,5.9e-06,6.1e-06,392304675208.8,2387759.58
2026-02-10T00:00:00+00:00,SHIBUSD,6.1e-06,6.13e-06,5.95e-06,6.01e-06,418271023507.9,2516055.67
2026-02-11T00:00:00+00:00,SHIBUSD,6.01e-06,6.06e-06,5.75e-06,5.91e-06,512199168911.9,3014327.98
2026-02-12T00:00:00+00:00,SHIBUSD,5.91e-06,6.19e-06,5.91e-06,6.04e-06,468621709058.28,2828539.93
2026-02-13T00:00:00+00:00,SHIBUSD,6.04e-06,6.4e-06,5.94e-06,6.32e-06,448524013383.88,2779553.44
2026-02-14T00:00:00+00:00,SHIBUSD,6.32e-06,7.24e-06,6.3e-06,7.03e-06,659998063389.91,4417484.05
2026-02-15T00:00:00+00:00,SHIBUSD,7.03e-06,7.15e-06,6.42e-06,6.54e-06,546548851623.53,3700159.16
2026-02-16T00:00:00+00:00,SHIBUSD,6.54e-06,6.69e-06,6.43e-06,6.58e-06,437924565749.12,2874817.37
2026-02-17T00:00:00+00:00,SHIBUSD,6.58e-06,6.6e-06,6.43e-06,6.51e-06,301293867933.42,1965131.09
2026-02-18T00:00:00+00:00,SHIBUSD,6.51e-06,6.55e-06,6.26e-06,6.3e-06,218968252812.94,1404391.1
2026-02-19T00:00:00+00:00,SHIBUSD,6.3e-06,6.33e-06,6.12e-06,6.2e-06,259797654599.19,1613276.35
2026-02-20T00:00:00+00:00,SHIBUSD,6.2e-06,6.52e-06,6.18e-06,6.43e-06,350601333235.05,2220718.94
2026-02-21T00:00:00+00:00,SHIBUSD,6.43e-06,6.61e-06,6.37e-06,6.39e-06,257932423265.68,1668882.99
2026-02-22T00:00:00+00:00,SHIBUSD,6.39e-06,6.39e-06,6.14e-06,6.2e-06,273964934809.89,1706157.51
2026-02-23T00:00:00+00:00,SHIBUSD,6.2e-06,6.24e-06,5.91e-06,6e-06,322725471234.66,1947711.97
2026-02-24T00:00:00+00:00,SHIBUSD,6e-06,6.05e-06,5.87e-06,5.9e-06,307335491169.16,1825002.04
2026-02-25T00:00:00+00:00,SHIBUSD,5.9e-06,6.53e-06,5.89e-06,6.24e-06,422541955869.04,2633758.55
2026-02-26T00:00:00+00:00,SHIBUSD,6.24e-06,6.27e-06,5.9e-06,5.97e-06,365261108388.52,2215004.08
2026-02-27T00:00:00+00:00,SHIBUSD,5.97e-06,6.08e-06,5.69e-06,5.79e-06,305719921838.86,1792133.21
2026-02-28T00:00:00+00:00,SHIBUSD,5.79e-06,5.83e-06,5.45e-06,5.78e-06,433027882247.24,2432428.44
2026-03-01T00:00:00+00:00,SHIBUSD,5.78e-06,5.95e-06,5.45e-06,5.53e-06,337480362156.48,1903205.27
2026-03-02T00:00:00+00:00,SHIBUSD,5.53e-06,5.8e-06,5.45e-06,5.51e-06,491406704312.3,2758770.44
2026-03-03T00:00:00+00:00,SHIBUSD,5.51e-06,5.56e-06,5.27e-06,5.48e-06,428988446625.08,2325292.48
2026-03-04T00:00:00+00:00,SHIBUSD,5.48e-06,5.86e-06,5.41e-06,5.71e-06,529580262210.41,2995876.72
2026-03-05T00:00:00+00:00,SHIBUSD,5.71e-06,5.72e-06,5.44e-06,5.52e-06,443423980931.67,2471577.34
2026-03-06T00:00:00+00:00,SHIBUSD,5.52e-06,5.61e-06,5.31e-06,5.41e-06,285011850553.44,1554443.76
2026-03-07T00:00:00+00:00,SHIBUSD,5.41e-06,5.43e-06,5.29e-06,5.33e-06,189083284798.11,1016491.45
2026-03-08T00:00:00+00:00,SHIBUSD,5.33e-06,5.38e-06,5.23e-06,5.28e-06,188391722319.34,998893.72
2026-03-09T00:00:00+00:00,SHIBUSD,5.28e-06,5.57e-06,5.28e-06,5.42e-06,194235014399.41,1051037.98
2026-03-10T00:00:00+00:00,SHIBUSD,5.42e-06,6.07e-06,5.42e-06,5.65e-06,559406999900.02,3237693.98
2026-03-11T00:00:00+00:00,SHIBUSD,5.65e-06,5.89e-06,5.59e-06,5.73e-06,294596162092.09,1701133.41
2026-03-12T00:00:00+00:00,SHIBUSD,5.73e-06,6.06e-06,5.69e-06,5.92e-06,436468897788.62,2556287.46
2026-03-13T00:00:00+00:00,SHIBUSD,5.92e-06,6.29e-06,5.89e-06,5.94e-06,450011167289.81,2726041.93
2026-03-14T00:00:00+00:00,SHIBUSD,5.94e-06,5.99e-06,5.83e-06,5.88e-06,178392612011.67,1053651.99
2026-03-15T00:00:00+00:00,SHIBUSD,5.88e-06,5.96e-06,5.8e-06,5.95e-06,151913457706.91,890376.07
2026-03-16T00:00:00+00:00,SHIBUSD,5.95e-06,6.43e-06,5.94e-06,6.19e-06,586341838139.93,3612404.16
2026-03-17T00:00:00+00:00,SHIBUSD,6.19e-06,6.25e-06,5.96e-06,6.06e-06,335469615237.34,2051878.85
2026-03-18T00:00:00+00:00,SHIBUSD,6.06e-06,6.22e-06,5.71e-06,5.82e-06,286976362422.18,1698800.91
2026-03-19T00:00:00+00:00,SHIBUSD,5.82e-06,5.86e-06,5.63e-06,5.81e-06,309830444580.65,1776263.31
2026-03-20T00:00:00+00:00,SHIBUSD,5.81e-06,6.21e-06,5.81e-06,5.95e-06,380960732762.93,2296788.17
2026-03-21T00:00:00+00:00,SHIBUSD,5.95e-06,6.07e-06,5.82e-06,5.86e-06,139752106522.75,835793.55
2026-03-22T00:00:00+00:00,SHIBUSD,5.86e-06,5.89e-06,5.65e-06,5.7e-06,208023221064.49,1201648.08
2026-03-23T00:00:00+00:00,SHIBUSD,5.7e-06,6.2e-06,5.7e-06,6.09e-06,461694207113.54,2773189.92
2026-03-24T00:00:00+00:00,SHIBUSD,6.09e-06,6.24e-06,5.99e-06,6.2e-06,251492703203.89,1539000.7
2026-03-25T00:00:00+00:00,SHIBUSD,6.2e-06,6.27e-06,6.09e-06,6.12e-06,223178933580.59,1375299.88
2026-03-26T00:00:00+00:00,SHIBUSD,6.12e-06,6.13e-06,5.84e-06,5.92e-06,209508525657.18,1243025.74
2026-03-27T00:00:00+00:00,SHIBUSD,5.92e-06,5.96e-06,5.73e-06,5.77e-06,202315535895.4,1172020.95
2026-03-28T00:00:00+00:00,SHIBUSD,5.77e-06,5.98e-06,5.71e-06,5.83e-06,195398444126.96,1150344.93
2026-03-29T00:00:00+00:00,SHIBUSD,5.83e-06,5.86e-06,5.65e-06,5.78e-06,153726980127.07,887997.78
2026-03-30T00:00:00+00:00,SHIBUSD,5.78e-06,6.15e-06,5.78e-06,5.92e-06,262804482652.72,1579908.58
2026-03-31T00:00:00+00:00,SHIBUSD,5.92e-06,6e-06,5.83e-06,5.94e-06,194503886296.89,1150805.79
2026-04-01T00:00:00+00:00,SHIBUSD,5.94e-06,6.13e-06,5.89e-06,6e-06,276467586481.75,1661131.82
2026-04-02T00:00:00+00:00,SHIBUSD,6e-06,6.05e-06,5.77e-06,5.86e-06,247139048454.11,1447703.95
2026-04-03T00:00:00+00:00,SHIBUSD,5.86e-06,6.08e-06,5.83e-06,5.98e-06,214439310556.86,1283512.29
2026-04-04T00:00:00+00:00,SHIBUSD,5.98e-06,6.05e-06,5.85e-06,5.98e-06,138793996576.36,823604.04
2026-04-05T00:00:00+00:00,SHIBUSD,5.98e-06,6e-06,5.8e-06,5.99e-06,224473963526.24,1316834.31
2026-04-06T00:00:00+00:00,SHIBUSD,5.99e-06,6.09e-06,5.81e-06,5.83e-06,281566782632.17,1685223.88
2026-04-07T00:00:00+00:00,SHIBUSD,5.83e-06,6.17e-06,5.79e-06,6.14e-06,436991063536.31,2601188.71
2026-04-08T00:00:00+00:00,SHIBUSD,6.14e-06,6.17e-06,5.93e-06,5.94e-06,269188793065.79,1633499.83
2026-04-09T00:00:00+00:00,SHIBUSD,5.94e-06,6.06e-06,5.83e-06,5.91e-06,342519698196.95,2024376.48
2026-04-10T00:00:00+00:00,SHIBUSD,5.91e-06,6.05e-06,5.86e-06,5.97e-06,294873187394.13,1753808.58
2026-04-11T00:00:00+00:00,SHIBUSD,5.97e-06,6.06e-06,5.89e-06,5.95e-06,269184554432.2,1604063.28
2026-04-12T00:00:00+00:00,SHIBUSD,5.95e-06,5.96e-06,5.75e-06,5.76e-06,306898112869.08,1788307
2026-04-13T00:00:00+00:00,SHIBUSD,5.76e-06,6.02e-06,5.74e-06,6e-06,336735909735.13,1966558.55
2026-04-14T00:00:00+00:00,SHIBUSD,6e-06,6.02e-06,5.81e-06,5.83e-06,271978078139.32,1611168.75
2026-04-15T00:00:00+00:00,SHIBUSD,5.83e-06,6.01e-06,5.82e-06,5.97e-06,190394527184.02,1126059.33
2026-04-16T00:00:00+00:00,SHIBUSD,5.97e-06,6.38e-06,5.94e-06,6.27e-06,402048756531.9,2474697.66
2026-04-17T00:00:00+00:00,SHIBUSD,6.27e-06,6.48e-06,6.09e-06,6.32e-06,382766611008.28,2424397.8
2026-04-18T00:00:00+00:00,SHIBUSD,6.32e-06,6.32e-06,6.03e-06,6.07e-06,318761666413.14,1955877.68
2026-04-19T00:00:00+00:00,SHIBUSD,6.07e-06,6.1e-06,5.87e-06,5.91e-06,272267209412.19,1634702.58
2026-04-20T00:00:00+00:00,SHIBUSD,5.91e-06,6.06e-06,5.89e-06,6.01e-06,223319943206.58,1340274.94
2026-04-21T00:00:00+00:00,SHIBUSD,6.01e-06,6.14e-06,5.98e-06,6.1e-06,203593101478.33,1233011.15
2026-04-22T00:00:00+00:00,SHIBUSD,6.1e-06,6.29e-06,6.07e-06,6.11e-06,304522415530.16,1888767.84
2026-04-23T00:00:00+00:00,SHIBUSD,6.11e-06,6.2e-06,6.03e-06,6.16e-06,174349932374.02,1065726.13
2026-04-24T00:00:00+00:00,SHIBUSD,6.16e-06,6.28e-06,6.1e-06,6.2e-06,172498141049.53,1068451.03
2026-04-25T00:00:00+00:00,SHIBUSD,6.2e-06,6.25e-06,6.13e-06,6.17e-06,134555728695.92,832609.12
2026-04-26T00:00:00+00:00,SHIBUSD,6.17e-06,6.25e-06,6.15e-06,6.22e-06,126573139700.92,784918.77
2026-04-27T00:00:00+00:00,SHIBUSD,6.22e-06,6.32e-06,6.04e-06,6.14e-06,256733670189.45,1575481.46
2026-04-28T00:00:00+00:00,SHIBUSD,6.14e-06,6.2e-06,6.06e-06,6.14e-06,250300361521.59,1534045.03
2026-04-29T00:00:00+00:00,SHIBUSD,6.14e-06,6.55e-06,6e-06,6.16e-06,471426563381.96,2946732.06
2026-04-30T00:00:00+00:00,SHIBUSD,6.16e-06,6.38e-06,6.16e-06,6.22e-06,275463602779.21,1724119.08
2026-05-01T00:00:00+00:00,SHIBUSD,6.22e-06,6.4e-06,6.22e-06,6.27e-06,226528539709.05,1433041.36
2026-05-02T00:00:00+00:00,SHIBUSD,6.27e-06,6.33e-06,6.23e-06,6.27e-06,195391842171.89,1225783.55
2026-05-03T00:00:00+00:00,SHIBUSD,6.27e-06,6.28e-06,6.16e-06,6.17e-06,407542172248.98,2523274.7
2026-05-04T00:00:00+00:00,SHIBUSD,6.17e-06,6.35e-06,6.12e-06,6.19e-06,388013286219.46,2415192.56
2026-05-05T00:00:00+00:00,SHIBUSD,6.19e-06,6.44e-06,6.18e-06,6.35e-06,426493994695.83,2677180.65
2026-05-06T00:00:00+00:00,SHIBUSD,6.35e-06,6.53e-06,6.31e-06,6.41e-06,400818006320.26,2571534.3
2026-05-07T00:00:00+00:00,SHIBUSD,6.41e-06,6.41e-06,6.23e-06,6.28e-06,352946119691.29,2225159.25
2026-05-08T00:00:00+00:00,SHIBUSD,6.28e-06,6.32e-06,6.22e-06,6.31e-06,46890050537.79,294086.29
