timestamp,PEPE,BTC,ETH,SOL,DOGE,SHIB
2023-05-01 00:00:00+00:00,,0.0,0.0,0.0,0.0,0.0
2023-05-02 00:00:00+00:00,,0.02141378975808267,0.021116157890702023,0.013562594872757468,-0.0005074854206859569,0.006000018000097421
2023-05-03 00:00:00+00:00,,0.01201856980171069,0.0181486266624512,-0.0013480118868946383,0.010603482332162274,0.007944431058535812
2023-05-04 00:00:00+00:00,,-0.006076274619066762,-0.014506295919512921,-0.02273858768931821,-0.01556500895316508,-0.020990275891835743
2023-05-05 00:00:00+00:00,,0.023378587663724932,0.06068881057775633,0.049797235647150544,0.024191679942890724,0.012048338516174574
2023-05-06 00:00:00+00:00,,-0.02067108190577646,-0.04833588814461373,-0.039273230943694976,-0.043377229465142116,-0.056454188458731874
2023-05-07 00:00:00+00:00,,-0.012906671339303797,-0.01188459568152919,-0.012365625850104976,-0.0029945989438112616,-0.011683616708486281
2023-05-08 00:00:00+00:00,,-0.02801612642394706,-0.013676718042326279,-0.04766176878896212,-0.05549534244657088,-0.047028895601093065
2023-05-09 00:00:00+00:00,,-0.003721722474060639,-0.002716827899554823,0.0,0.00864618026086371,0.007808182447811709
2023-05-10 00:00:00+00:00,,-0.0018615440782750036,-0.0034078043993764694,0.012010713684939237,0.0,-0.0011117288526904293
2023-05-11 00:00:00+00:00,,-0.02332972588851021,-0.02589936771376485,-0.0359786010352318,-0.0166727940713477,-0.033939909206228254
2023-05-12 00:00:00+00:00,0.0,-0.006860042691262956,0.007087013088181506,0.035023034789563104,0.005680652615883446,0.018244519742537494
2023-05-13 00:00:00+00:00,0.0884554205618634,-0.0006795287295190341,-0.006769604918103521,-0.0033516909519116667,-0.009439270530021658,-0.01365208916832732
2023-05-14 00:00:00+00:00,-0.05996346476755729,0.00530750131996005,0.0022690375228018853,0.00430725719758027,0.0037586179141382266,0.006849341845574989
2023-05-15 00:00:00+00:00,-0.02849195579430616,0.009049788687617459,0.0093332536403991,0.002384928390150635,-0.0004169272522350116,0.0
2023-05-16 00:00:00+00:00,-0.03529778208102371,-0.005153772029594292,0.004119096987761905,-0.014879084192313164,0.011196467784123901,-0.0011383040500602807
2023-05-17 00:00:00+00:00,-0.06174800706844708,0.013579236033988506,-0.0012723624877910887,0.01820845706560108,0.028189968040665255,-0.0011396012629335626
2023-05-18 00:00:00+00:00,0.0063492276786587445,-0.021498344450143068,-0.011802315267233212,-0.03478611608541554,-0.01915870796957709,-0.009163867106791086
2023-05-19 00:00:00+00:00,-0.025642430613337555,0.002424425051740275,0.006586290060102369,0.0004915212681900907,0.001633320085440881,-0.0011514106050418138
2023-05-20 00:00:00+00:00,0.10471095408903057,0.008521916162896001,0.003996988314840256,-0.003445733165621576,0.001494870156746184,0.004597709248629328
2023-05-21 00:00:00+00:00,-0.060259191518196725,-0.013489901119176076,-0.008065405145625239,-0.03308572458576545,-0.020579680889484198,-0.02320289707966387
2023-05-22 00:00:00+00:00,-0.05096644359202763,0.0037391923563189324,0.006872386089001239,-0.0045977092486294314,0.010617128342946123,0.031198370855861333
2023-05-23 00:00:00+00:00,0.03846628082779614,0.013657731422632147,0.019960851279220967,0.025279404789139308,-0.0001371648037264235,0.011312337828727455
2023-05-24 00:00:00+00:00,-0.10605957196032421,-0.03356114799770642,-0.029823223980169754,-0.041279746135580546,-0.03163365559378166,-0.04368510694053038
2023-05-25 00:00:00+00:00,0.0,0.0058341600740977,0.00335549381263172,0.00155965719164681,0.0035333228759945458,-0.0011757790890119504
2023-05-26 00:00:00+00:00,0.013889112160667093,0.00900345950954931,0.012457791963869593,0.005698021114637796,0.0015507157544690372,0.0046948443042076635
2023-05-27 00:00:00+00:00,0.040546094394349794,0.005705686947725755,0.001256947532184637,0.05428468348707281,0.022425899779455933,0.010483497294858203
2023-05-28 00:00:00+00:00,-0.006644542718668501,0.04386422894317195,0.04187486499939114,0.01842029785131906,0.013000525216696169,0.020642934852751486
2023-05-29 00:00:00+00:00,-0.040821994520255166,-0.011876828409870054,-0.008473534901155945,-0.011108542147124754,-0.005453319581313175,-0.01256441428755019
2023-05-30 00:00:00+00:00,-0.11000089521432858,-0.0015332837506136338,0.004227333169938568,0.03249210817244782,-0.01141141138221247,-0.004608303086194219
2023-05-31 00:00:00+00:00,-0.023530497410194046,-0.01760268217931351,-0.01438881368200918,-0.021383566025322962,-0.00916800420711327,-0.008115986578179727
2023-06-01 00:00:00+00:00,-0.01600034134644119,-0.014596741044805218,-0.0063111280144528305,-0.015001491102533472,-0.002934807500931318,-0.014068227332201024
2023-06-02 00:00:00+00:00,0.03174869831458027,0.015733853529784365,0.023940022776025097,0.03591480082951257,0.015553708914169176,0.016393809775676352
2023-06-03 00:00:00+00:00,0.007782140442054949,-0.006362685980230301,-0.007752690811212386,-0.002354604337210793,0.0019273133719199095,-0.001162115180177374
2023-06-04 00:00:00+00:00,-0.039530838756635205,0.0017319906313936107,-0.0011948190689206842,0.028354211828333604,-0.003030305349178985,0.0011621151801772967
2023-06-05 00:00:00+00:00,-0.17589066646366416,-0.052400586721581405,-0.04263390675272372,-0.08609520651785023,-0.08624667365097785,-0.07473355866145621
2023-06-06 00:00:00+00:00,0.14310084364067324,0.05768718625855754,0.040505074581847746,0.018803126963096092,0.0554275935260056,0.022278149093728185
2023-06-07 00:00:00+00:00,-0.10536051565782628,-0.0343243513768677,-0.028929848538363244,-0.09076171623667365,-0.043320727165192356,-0.0374108464425997
2023-06-08 00:00:00+00:00,0.009216655104923827,0.006060785134722592,0.007372242986835864,0.013859496899921157,0.009610482781109755,0.010113866236928759
2023-06-09 00:00:00+00:00,0.04485056616535192,-0.0009540901485924487,-0.0030434322566726796,-0.082162475292935,0.022119644569172744,-0.00884402479645266
2023-06-10 00:00:00+00:00,-0.2144098713454552,-0.023983958945870496,-0.04900507335211131,-0.10663847110331826,-0.11713557690925912,-0.1386204621319939
2023-06-11 00:00:00+00:00,-0.010929070532190317,0.003143238375393711,0.00037653610056809364,-0.005771096491921841,-0.004215994569749325,-0.028087581810261667
2023-06-12 00:00:00+00:00,0.0,-0.001232176706659151,-0.00600148834495908,-0.024081866657759392,-0.001626281054479031,0.0
2023-06-13 00:00:00+00:00,0.0,0.0008990138077438842,-0.0018724553583151264,-0.0099305682026008,0.004870930234596512,0.019302752254528675
2023-06-14 00:00:00+00:00,-0.03352269203864345,-0.03146729874106722,-0.05228020727723813,-0.03727981680731278,-0.021942914133244007,-0.03593200922606333
2023-06-15 00:00:00+00:00,0.022472855852058576,0.01769786640311844,0.008823329451452472,0.019829709585718062,0.017722813729625874,0.02706932196821791
2023-06-16 00:00:00+00:00,0.07490130817311791,0.02914109407025279,0.03041951724748972,0.03656106776915695,0.01067798529450631,0.014727806710243386
2023-06-17 00:00:00+00:00,0.03045920748470844,0.006806859306716207,0.006027682791535384,0.021311752673717006,0.0004826643163449314,0.020261185139822144
2023-06-18 00:00:00+00:00,-0.07257069283483537,-0.0065254771755868185,-0.003909789884383514,-0.014157250611092803,-0.0011265793418130533,0.032420034522576434
2023-06-19 00:00:00+00:00,0.02127739844728488,0.01895841463629003,0.009417823347647073,0.04250560561534787,0.004979530006518428,0.0027700848738156096
2023-06-20 00:00:00+00:00,0.11895194286136529,0.053574138660398896,0.031684281428625075,0.03359094443603542,0.011787329850548372,0.005517255374754659
2023-06-21 00:00:00+00:00,0.25442485069529847,0.05767039824271797,0.0526475952936192,0.03482204880909414,0.03821527456028609,0.037791271715505316
2023-06-22 00:00:00+00:00,0.11617143176204202,-0.0035977315753391807,-0.009138746707226472,-0.03542282984248443,-0.0006098490812580696,0.03257617043461267
2023-06-23 00:00:00+00:00,0.06252035698133414,0.02682022596301443,0.011205818889370165,0.030188738218886256,0.04035215715466088,0.01778954156349824
2023-06-24 00:00:00+00:00,-0.06899287148695143,-0.005132445136946414,-0.00934365573484078,-0.028987536873252187,-0.022815804514673698,-0.016508311407449825
2023-06-25 00:00:00+00:00,0.044451762570833796,-0.0024437164498635655,0.01244943661374762,0.01843644250743819,0.00014984640771280596,0.007653098577717211
2023-06-26 00:00:00+00:00,-0.07076907088820726,-0.006641827807649527,-0.02140240262982263,-0.041509718671740546,-0.029653202861361996,-0.04018687223787021
2023-06-27 00:00:00+00:00,0.07696104113612819,0.013944384363110606,0.01633009436288559,0.021270932630441903,0.012271974843778278,0.005277057100843819
2023-06-28 00:00:00+00:00,-0.13176927763112334,-0.020340674919725993,-0.03350020313922947,-0.039870352866707634,-0.047457008392724,-0.05129329438755046
2023-06-29 00:00:00+00:00,0.08759805931798598,0.01216912132808803,0.013338531608161184,0.11847810762431293,0.013497624530260155,0.013755375068485419
2023-06-30 00:00:00+00:00,0.03797924806521647,0.0007843301167717632,0.043084561919233634,0.04722722924286975,0.046835423301913856,0.030937235287713125
2023-07-01 00:00:00+00:00,-0.03797924806521645,0.003920621865788902,-0.004821235174384277,-0.007985136919313074,0.030826388710825093,0.011850039917495805
2023-07-02 00:00:00+00:00,0.03174869831458027,0.0008789640945433126,0.006805178290791,0.03930293647186073,-0.007617968279812369,0.0026143805740708936
2023-07-03 00:00:00+00:00,0.13431233760759406,0.017565956485943623,0.009426593009244828,-0.00981159433158408,0.006595846558351173,0.014258180627056158
2023-07-04 00:00:00+00:00,-0.06199167602796785,-0.01246007256460725,-0.009989343583620105,-0.006246766799620119,0.0072780525048528905,-0.011650617219975363
2023-07-05 00:00:00+00:00,-0.047628048989254705,-0.008855516304941595,-0.013523380323093461,-0.007863736460214463,-0.02868898484834465,-0.027724548014854862
2023-07-06 00:00:00+00:00,-0.06291382541056921,-0.019701999865576546,-0.0341459839378408,0.03160066104181435,-0.03230735216600212,-0.0451822227932328
2023-07-07 00:00:00+00:00,0.01929320293467885,0.014660968865257246,0.01320973416315677,0.09247830307138384,0.008595601656683475,0.024897551621727087
2023-07-08 00:00:00+00:00,-0.012820688429061434,-0.0018247467097825048,-0.002762018670571118,0.014309037125286025,0.004878802176226581,0.044095319865224164
2023-07-09 00:00:00+00:00,0.0,-0.004064117815951214,-0.001357037896892237,-0.022712447921665657,-0.005643269761809507,0.010403214760886306
2023-07-10 00:00:00+00:00,-0.02614528010432236,0.00823703552136823,0.009402331151275627,-0.0014074597678796063,-0.002296915488059899,-0.02356129933839735
2023-07-11 00:00:00+00:00,-0.006644542718668501,0.006735091144089676,-0.0011012660350999653,0.03551214755326548,0.000919399390537487,-0.00398142529918481
2023-07-12 00:00:00+00:00,0.006644542718668511,-0.007913259449241832,-0.0036209027815881085,-0.00636365783884826,-0.003682680240027943,-0.0013306721857050613
2023-07-13 00:00:00+00:00,0.12438371968773553,0.03526205522024427,0.06910149368569617,0.1710099106545623,0.07960507866949122,0.06195529400213991
2023-07-14 00:00:00+00:00,-0.0540672212702757,-0.037045102126128174,-0.03377863677003133,0.025798092321844535,-0.027635610172086253,0.0
2023-07-15 00:00:00+00:00,0.012270092591814401,-0.0010767029785568724,-0.003766502255672689,0.02770260254933575,0.04884575987745765,0.01367330190020986
2023-07-16 00:00:00+00:00,-0.037271394797231655,-0.0016608693122113492,-0.00442525656338688,-0.00072886300602779,-0.0340693067536614,-0.03135052988407616
2023-07-17 00:00:00+00:00,-0.012739025777429601,-0.003327715157014656,-0.006127997439281555,-0.022116640511979174,0.0047342459846439885,-0.001274697432000584
2023-07-18 00:00:00+00:00,-0.032576170434612826,-0.009461261912405657,-0.007245419324427228,-0.04849203492819865,-0.017178336535084517,-0.015424470325631526
2023-07-19 00:00:00+00:00,0.0131580845775112,0.0018336508579597686,-0.004732536509662525,0.028920465542867233,0.01946568563815153,0.0038784793285708383
2023-07-20 00:00:00+00:00,-0.019802627296179643,-0.0036495358213749257,0.0015711919689302357,-0.03677596548317621,0.008106422831770042,-0.006472514505617367
2023-07-21 00:00:00+00:00,0.013245226750020723,0.0034108598102229157,7.92876795290242e-05,0.0058974025846949265,0.03684810339798021,0.018018505502678212
2023-07-22 00:00:00+00:00,-0.019934214900817367,-0.004014874310169358,-0.013484307013899683,-0.03958142108570946,-0.03784009667708883,-0.00768249617201617
2023-07-23 00:00:00+00:00,0.013333530869465168,0.009822500796421952,0.011791471534095023,0.009740336748384804,0.017985590902138276,0.010230268250814823
2023-07-24 00:00:00+00:00,-0.11200505837649487,-0.030530127733356074,-0.020783984606928728,-0.057776299265628765,0.0326056280792085,-0.025774622688615252
2023-07-25 00:00:00+00:00,-0.03774032798284697,0.0015610966593482508,0.004121514824474535,-0.0034290646545170546,0.09825893361570939,0.032115798027062784
2023-07-26 00:00:00+00:00,0.022814677766171264,0.004282451235847058,0.007738445084329179,0.07802594471995145,-0.04856416649563548,-0.007614249985245629
2023-07-27 00:00:00+00:00,0.007490671729157659,-0.004610288226461106,-0.00588821623617198,-0.003182182478462831,-0.00501447530968744,-0.006389798098770898
2023-07-28 00:00:00+00:00,0.0,0.003408969768085898,0.00715881695272372,-0.01162104843402871,-0.005558083202651215,0.046345175176365515
2023-07-29 00:00:00+00:00,0.0074349784875179905,0.0014295557757583455,0.0035044587183743715,0.014008634128530208,0.039270564844510296,0.041947431969312755
2023-07-30 00:00:00+00:00,-0.0454623740767574,-0.0025722148962392037,-0.010254965478623475,-0.03683881444874762,-0.027288201548843132,-0.028573372444056
2023-07-31 00:00:00+00:00,-0.047628048989254476,-0.0017728849700149058,-0.0030663979354698494,-0.02209804325396758,-0.0030785042270872745,0.022687540266794582
2023-08-01 00:00:00+00:00,0.0553500950831649,0.015892422905840326,0.009091044840190507,0.013816422422245626,0.003334618967890512,-0.005920680409727566
2023-08-02 00:00:00+00:00,-0.06351340572232599,-0.018213849217164204,-0.018260058057649714,-0.03857227478623973,-0.05122590667230552,-0.03259190100146413
2023-08-03 00:00:00+00:00,-0.016529301951210582,0.0004819901693272312,-0.0025207512442632527,-0.022728251077556064,-0.008934674300208894,0.01582504114439711
2023-08-04 00:00:00+00:00,-0.04255961441879589,-0.0034070191253718837,-0.003779401324445055,0.006609409387673807,-0.002041789316154495,0.04717856027509047
2023-08-05 00:00:00+00:00,0.0,-0.000969226200251236,0.004030127614409862,-0.006167420430202219,0.030329753677393365,0.13956156165111377
2023-08-06 00:00:00+00:00,0.0,-0.0001438985139281725,-0.003871455209670251,0.02401337826615962,-0.01989251897676513,-0.06306999407304167
2023-08-07 00:00:00+00:00,-0.03540192705091595,0.004671274984489532,-0.0004049380609550607,-0.003024413625316359,-0.009347761625413778,-0.04362742017962602
2023-08-08 00:00:00+00:00,0.061154423153330646,0.019960742562537933,0.01559150201733756,0.04650034666367785,0.019810633733355384,0.060559041595405885
2023-08-09 00:00:00+00:00,0.04149973090675284,-0.006877357230642498,-0.0008841161571284006,0.006587096687147806,0.005588836902566195,0.010438508143923383
2023-08-10 00:00:00+00:00,0.0,-0.00469094880209842,-0.0019596999240026453,0.008986988590986233,0.005821662380218409,0.027651531330510164
2023-08-11 00:00:00+00:00,0.016129381929883717,-0.0008342447390824973,-0.001893161386740704,0.000813008174863347,-0.0017165119418958217,0.05979242774831536
2023-08-12 00:00:00+00:00,0.0695260626486103,0.00045970258868632125,0.0011201027120137591,0.01211646487112449,0.013128716864372824,0.01417123384883881
2023-08-13 00:00:00+00:00,0.014815085785140463,-0.0046178331876249035,-0.00542820903655592,-0.028503558324121894,-0.025896545583093254,-0.04313078656112426
2023-08-14 00:00:00+00:00,0.028987536873252406,0.0043506057724458005,0.0026879619995002326,0.03888703819725736,-0.001071380844413725,-0.004909190026238519
2023-08-15 00:00:00+00:00,-0.10536051565782628,-0.00812528102273074,-0.009157757743350597,-0.05261152062282324,-0.05183647170597011,-0.023905520853554366
2023-08-16 00:00:00+00:00,-0.08269171584511341,-0.01618827061775117,-0.011852961177854938,-0.04671944526680849,-0.054224037278375325,-0.0742630710295659
2023-08-17 00:00:00+00:00,-0.07145896398214487,-0.07496867127241758,-0.07110828042247214,-0.049470518418809825,-0.09495267518274922,-0.12472892670749619
2023-08-18 00:00:00+00:00,0.0,-0.022020139773375705,-0.012204466068809516,-0.016736792355523975,0.03524948509432021,0.05387298994015161
2023-08-19 00:00:00+00:00,0.05406722127027579,0.0017685139028500822,0.005001496461763282,0.02591537905151254,0.008974318280222413,-0.016451604892005055
2023-08-20 00:00:00+00:00,-0.017699577099400975,0.0036418402740894824,0.009365055554661206,-0.005497036288315493,0.0006267627908091106,-0.015522699740509
2023-08-21 00:00:00+00:00,-0.027150989065950974,-0.002478345384498177,-0.010743522917473734,-0.02653169356848931,-0.020893447588277225,-0.040521197405639434
2023-08-22 00:00:00+00:00,-0.018519047767237527,-0.0031884746710236903,-0.020075789342893755,-0.030653741091002402,0.0003198464764192637,0.0012523483164658734
2023-08-23 00:00:00+00:00,0.027651531330510164,0.014727624824872481,0.027163609608867694,0.05534635368137393,0.01963330955221646,0.03926884908917349
2023-08-24 00:00:00+00:00,-0.15718558352241238,-0.010007760972055949,-0.011240682600270785,-0.03179323413994784,-0.011511599170983135,-0.01088939979926843
2023-08-25 00:00:00+00:00,-0.0659579677917974,-0.0044019787840191065,-0.004539151875277824,-0.03038574739187089,0.0006342159717895383,-0.00855228181531714
2023-08-26 00:00:00+00:00,-0.011428695823622744,-0.0015727513938830968,-0.004025174867619471,-0.006879634013537158,-0.0034931759877483075,-0.007389196182370977
2023-08-27 00:00:00+00:00,0.0339015516756812,0.0031081562331928565,0.006840427411187745,0.024836923146939104,0.004443746401530537,-0.0074442031117301945
2023-08-28 00:00:00+00:00,-0.05715841383994852,0.0005624810004437759,-0.0032509349379995765,-0.011611160927677921,0.00426642031370121,0.023385681109418334
2023-08-29 00:00:00+00:00,0.05715841383994862,0.06014807961057868,0.045643124627772064,0.05859020801428474,0.045767173620866713,0.018083675433295327
2023-08-30 00:00:00+00:00,-0.03390155167568123,-0.015228401520877304,-0.013898776530253409,-0.04553708576970567,-0.007711537421628607,-0.026635957248612563
2023-08-31 00:00:00+00:00,-0.07145896398214498,-0.05140314948370042,-0.035716590114409294,-0.05377374315229884,-0.03270887082747996,-0.01982716747458804
2023-09-01 00:00:00+00:00,-0.03774032798284697,-0.0053541099696364745,-0.010482109792636361,-0.020999491250152096,0.0014105479965888412,-0.01132800030520736
2023-09-02 00:00:00+00:00,0.012739025777429712,0.0027007401157021185,0.0051265045406665745,0.008760684735097512,-0.00565416929618973,-0.008900249470264236
2023-09-03 00:00:00+00:00,0.012578782206860185,0.003966445741334995,-0.0007089164875518282,0.004096267888515576,-0.005211223794917391,-0.01804172648515913
2023-09-04 00:00:00+00:00,0.0,-0.005991026193278797,-0.0036441738205700985,-0.0030706267729649363,0.001265822953830027,-0.025017762975287763
2023-09-05 00:00:00+00:00,0.0,-0.0012104359414963387,0.0024880512896299878,0.03772134418551748,0.011789808810097717,0.01980262729617973
2023-09-06 00:00:00+00:00,0.0,-0.001292282653387044,-0.0009062575248725364,-0.031080195894217597,-0.005956130460656156,0.005215135679108119
2023-09-07 00:00:00+00:00,0.01242251999855711,0.019726703318332726,0.00931719738420338,0.013653815149785116,0.0003143665539879055,-0.0013012363579717858
2023-09-08 00:00:00+00:00,-0.012422519998557209,-0.013709515594610616,-0.007004194590706451,-0.015182477867849993,0.0007854842914268185,-0.010471299867295255
2023-09-09 00:00:00+00:00,-0.012578782206860185,-0.00033664353589799327,-0.000525768796118564,-0.00870684117596184,-0.004879978200701998,-0.003955179842927943
2023-09-10 00:00:00+00:00,-0.10676797542570605,-0.00250289699532439,-0.011371411413222012,-0.06371581438610786,-0.03337386583778523,-0.02813313470857262
2023-09-11 00:00:00+00:00,-0.05798725765034928,-0.026539709503455206,-0.041194976071271934,-0.028923039469250476,-0.013634708146328368,-0.04161488123563406
2023-09-12 00:00:00+00:00,-0.015037877364540559,0.026797866361691892,0.02643398566146072,0.011223462369849576,0.006922724202118322,0.01546060310637828
2023-09-13 00:00:00+00:00,0.015037877364540502,0.014871260621665664,0.009296987359170703,0.02643325706815543,0.0060591358714059025,0.011095814255054447
2023-09-14 00:00:00+00:00,0.014815085785140463,0.011606018319990844,0.011771460633194002,0.02469261259037163,0.01394315714637528,0.015058463874201535
2023-09-15 00:00:00+00:00,0.014598799421152631,0.0027034698051794483,0.008854299407704188,0.014737108819496924,0.006419537372509421,0.012154099650683248
2023-09-16 00:00:00+00:00,-0.014598799421152749,-0.0013675699296713131,-0.004041100135507828,-0.0005226025726467919,-0.005614837884328891,-0.008086297431357707
2023-09-17 00:00:00+00:00,-0.07637297878457397,-0.0013562515908380909,-0.007397959251730068,-0.016337649294927876,-0.010999787388996905,-0.023272782055375533
2023-09-18 00:00:00+00:00,0.0,0.008806655825858014,0.008822143108228793,0.04366598056178686,0.008422466374696465,0.004146515961848397
2023-09-19 00:00:00+00:00,0.015748356968139112,0.01671557386142539,0.00389543191406918,0.01914416149764352,0.01090803244272854,0.021828970441412198
2023-09-20 00:00:00+00:00,-0.015748356968139168,-0.003408570204233865,-0.01297641885463177,0.012397877621059266,-0.0007980209504985119,0.004040409537004906
2023-09-21 00:00:00+00:00,-0.032260862218221435,-0.0208198883670833,-0.023921825088997564,-0.04176707707986425,-0.021464553595155846,-0.025869379978417067
2023-09-22 00:00:00+00:00,0.15180601286800413,0.0005903975345447995,0.0057220890303514545,-0.002057613894680154,0.003582482255222879,0.0068728792877620504
2023-09-23 00:00:00+00:00,-0.05798725765034928,8.463646855065511e-05,0.0004894824135082276,0.003084835351210095,-0.00016256197711153134,0.028361117621697872
2023-09-24 00:00:00+00:00,0.0,-0.012260865443907743,-0.00828437299490766,-0.00617921636595812,-0.013256065154824455,-0.0269921920143562
2023-09-25 00:00:00+00:00,0.057987257650349316,0.0013885252377544666,0.004594807376986113,0.0015483874061295432,0.003781966194950343,-0.002739727741120439
2023-09-26 00:00:00+00:00,-0.028573372444056114,-0.003250399163269385,0.0032879566666842762,-0.01926641213731619,-0.005595801303505331,-0.004123717183862041
2023-09-27 00:00:00+00:00,0.05635293655113178,0.0056154671603989,0.0027953637757598096,0.005243850506010948,-0.0018171310856201549,-0.0069108775398470275
2023-09-28 00:00:00+00:00,0.0,0.024988469458495085,0.03394744907414137,0.0439968655971522,0.01672444294119457,0.013774322464829422
2023-09-29 00:00:00+00:00,0.07898841131863026,-0.004368098371225492,0.008758195210107487,0.01441018724350116,0.01051364314424787,0.0013670542115330967
2023-09-30 00:00:00+00:00,0.012578782206860185,0.002036988345986768,0.0021147799794512213,0.05237805362808543,-0.0011269420817567215,0.0013651879253399903
2023-10-01 00:00:00+00:00,0.01242251999855711,0.03749576322992297,0.03670357735666757,0.11068340257777597,0.017405629035645704,0.02559062206318836
2023-10-02 00:00:00+00:00,-0.09038406146826894,-0.017559903854072405,-0.04160494509105178,-0.02117825870974378,-0.0182113659255829,-0.02695580998852822
2023-10-03 00:00:00+00:00,-0.027398974188114503,-0.0028600635341233106,-0.0035183302553641787,0.010645193137395162,-0.01037118354562124,-0.005479465764625708
2023-10-04 00:00:00+00:00,0.0,0.013080594761200576,-0.006156659628608565,-0.02010762933189097,0.0011396012629335743,-0.0055096558109695845
2023-10-05 00:00:00+00:00,-0.028170876966696335,-0.013593693467374322,-0.02152600678552544,-0.019638422973780118,-0.0098104122335136,-0.013908430046132
2023-10-06 00:00:00+00:00,0.02817087696669644,0.019220550803063646,0.021003642284714456,0.03209295372795392,0.008833690684271865,0.013908430046131931
2023-10-07 00:00:00+00:00,-0.013986241974739952,0.0009685213461597678,-0.006882977392525895,-0.005134799472038528,0.0009767215492417736,0.0
2023-10-08 00:00:00+00:00,0.0,-0.0014352342392355629,-0.0006303067599483775,-0.0030075210639553284,-0.007840615142229914,-0.006930034664669744
2023-10-09 00:00:00+00:00,-0.05798725765034928,-0.01205798482508081,-0.033209227488816176,-0.05029732346000321,-0.037084590254432115,-0.038275402103377106
2023-10-10 00:00:00+00:00,-0.04580953603129422,-0.007396090424272287,-0.0079862429021981,0.0004523863456477932,0.00627705852706207,-0.0014461318499996267
2023-10-11 00:00:00+00:00,0.0,-0.019319662841083326,-0.0007402208237932289,-0.0045330993309844955,-0.010540730032593792,-0.018992535827274237
2023-10-12 00:00:00+00:00,-0.0317486983145803,-0.0042881098253632136,-0.017444380603838943,-0.03325941663298227,-0.010825778036861642,0.0014738396183005232
2023-10-13 00:00:00+00:00,0.03174869831458027,0.0039788090826413484,0.008209520319209691,0.025505671971316122,0.00877274053216298,0.017518696208973707
2023-10-14 00:00:00+00:00,0.0,-0.000312003073415723,0.0018666689251699087,0.007299302481611535,0.024529691370775625,0.017217068042994877
2023-10-15 00:00:00+00:00,0.030771658666753687,0.011951964096500253,0.0019081216579000925,-0.0027309985112316283,-0.008896407815586507,-0.007137789048292406
2023-10-16 00:00:00+00:00,0.02985296314968113,0.048162327509970654,0.026663348721043156,0.0884915935992087,0.011899914161585833,0.0170458672729886
2023-10-17 00:00:00+00:00,-0.07637297878457397,-0.003826252743941703,-0.021918495275162833,-0.0008347245893687434,-0.016123963696444397,-0.030023699021702495
2023-10-18 00:00:00+00:00,0.0,-0.0028690024337659696,-0.0011121552027438812,-0.02237796568735289,-0.007648545827438704,-0.017569998101383495
2023-10-19 00:00:00+00:00,0.0,0.014220248264406772,0.0024846637569885866,0.06288258208231899,0.004426292551832058,0.010286644710275305
2023-10-20 00:00:00+00:00,0.04652001563489291,0.032547210533281794,0.023522634420271363,0.08084431092287284,0.01784559142992378,0.008733679968754631
2023-10-21 00:00:00+00:00,0.058840500022933395,0.008042862788351634,0.015199872143678465,0.08129363181459638,0.020969975048186477,0.024339068305267622
2023-10-22 00:00:00+00:00,0.06899287148695142,0.0025818730642274725,0.021096112118859287,-0.009592399691439296,0.008298802814695064,0.008450754517723251
2023-10-23 00:00:00+00:00,0.297632403304949,0.09780681940383726,0.05956577659429555,0.09421428928368773,0.08879232136062443,0.05325490353554386
2023-10-24 00:00:00+00:00,-0.09333193979221922,0.025056379210472542,0.010632167553027752,-0.05605331924190519,-0.013134517180646933,-0.01608613775162438
2023-10-25 00:00:00+00:00,0.2740019685477008,0.01694929078164615,0.0013826421859690326,0.0722127759075093,0.026537766657005316,0.05264373348542188
2023-10-26 00:00:00+00:00,0.04839654086185003,-0.010088570263403651,0.008938102992051227,0.01012123346351115,0.050217368310392856,0.014004048084016622
2023-10-27 00:00:00+00:00,-0.09059689535222658,-0.00732717240534826,-0.01324907066518426,-0.03193574761246037,-0.05844424003747706,-0.02690745291992427
2023-10-28 00:00:00+00:00,-0.017391742711868996,0.005363425617118664,-0.0019063316772245911,-0.002839566508077848,0.01827135533229832,0.03320867099665339
2023-10-29 00:00:00+00:00,0.0,0.012978752955840124,0.010693552582679037,0.036909135994042476,0.004768450622037275,0.007509422022131348
2023-10-30 00:00:00+00:00,0.02597548640326052,-0.001182675365442413,0.007854619724138423,0.06227118409559183,0.0037410115572453647,-0.0062539290762993445
2023-10-31 00:00:00+00:00,-0.017241806434506103,0.004719158333654916,0.0030894019551787584,0.09491993589693315,-0.019578611028215582,-0.024128154611823462
2023-11-01 00:00:00+00:00,0.03419136474827934,0.022313564926353068,0.017570365852701258,0.06887143120506076,0.009909728429197833,0.025382073271417196
2023-11-02 00:00:00+00:00,-0.08777561088238572,-0.01399743341445867,-0.025372904338042516,-0.02259983191724103,-0.015343327229737557,-0.015151805020602333
2023-11-03 00:00:00+00:00,-0.009216655104923952,-0.0061674063947420735,0.017810404627631168,-0.019315789299291633,0.00294074612752715,-0.0051020518838953985
2023-11-04 00:00:00+00:00,0.03636764417087479,0.010135241733674165,0.012744893369418043,0.07229709918050148,0.014575392850075893,0.01774444529907191
2023-11-05 00:00:00+00:00,0.0,-0.0013296152463722177,0.019224644271818185,-0.029653057390301576,0.02852853579212359,0.02113192370342764
2023-11-06 00:00:00+00:00,0.06899287148695142,0.0004314203010785112,0.004411155711518312,0.023270811402987854,0.07188560376404875,0.0397882500584128
2023-11-07 00:00:00+00:00,-0.025317807984289783,0.010422300684945561,-0.008200121455234667,0.018327580671795945,-0.040189642039005394,-0.03243527575315396
2023-11-08 00:00:00+00:00,0.016949558313773205,0.0060928826721931804,0.0015522482899119681,0.004182162229487314,0.026219989452034385,0.010929070532190449
2023-11-09 00:00:00+00:00,0.1112256351102244,0.029467811196615616,0.11587490834743988,0.049308948019295,-0.023906591128331416,-0.007272759329079921
2023-11-10 00:00:00+00:00,0.014925650216675792,0.016680280801654256,-0.020292863559695198,0.22459912354482509,0.025100304381028934,0.032318791255167525
2023-11-11 00:00:00+00:00,-0.061087691979838266,-0.004815508072577472,-0.012095838476490659,-0.006722119775645452,0.040143079061581315,0.06828590786613137
2023-11-12 00:00:00+00:00,-0.04016604172533464,-0.0016830597821333193,-0.003966894121785895,-0.0007102273025819139,-0.007028333832332079,-0.017758513300979852
2023-11-13 00:00:00+00:00,-0.05043085362689197,-0.016238300521049697,0.004351523555547712,-0.08697908298500885,-0.04484821317711541,-0.04465538708792918
2023-11-14 00:00:00+00:00,-0.008658062743114541,-0.025858775425515942,-0.037019780155678056,0.09634890314839434,-0.028845537362123044,-0.02369779142982313
2023-11-15 00:00:00+00:00,0.09134977858822804,0.06355968242293886,0.03960124222925492,0.14198578733217607,0.05152104316093448,0.052551495326430345
2023-11-16 00:00:00+00:00,-0.1000834585569824,-0.046513416597798035,-0.0487964760026385,-0.12540744760311706,0.04223177780962415,-0.03354854820081498
2023-11-17 00:00:00+00:00,0.008733679968754411,0.012746649580029383,3.568560978155859e-05,0.013067586225650506,0.08628839071059284,0.03695570652242912
2023-11-18 00:00:00+00:00,0.0,-0.0009596065939901372,0.0010496067486247846,0.0006830601358476304,-0.07690569849599352,-0.028754137409011622
2023-11-19 00:00:00+00:00,0.03419136474827934,0.021559413916221185,0.024542682961989918,0.04260940264104666,0.0026114545712197265,0.013905206667612406
2023-11-20 00:00:00+00:00,-0.051735674399188865,0.0023514242394448177,0.005035846363018691,-0.07699375883149684,-0.0353929762623514,-0.029190630669434895
2023-11-21 00:00:00+00:00,-0.08299691957096791,-0.04692418372383776,-0.04492740650861996,-0.09132519754144296,-0.07936743392084755,-0.08658062100623003
2023-11-22 00:00:00+00:00,0.06513930217096145,0.04552339851047466,0.06521831236704469,0.1084914975163354,0.053825258289430924,0.04546237407675741
2023-11-23 00:00:00+00:00,-0.03670136685042804,-0.0033462114978049236,-0.0007027390146980887,-0.019642862358686557,0.005922238800203258,0.0024660924951934683
2023-11-24 00:00:00+00:00,0.03670136685042796,0.011671027989645118,0.009462369781078813,0.0070596833975103915,0.026160518018963123,0.009804000096620835
2023-11-25 00:00:00+00:00,0.061154423153330646,0.0017175245028257914,0.0008736769391397839,0.03405982265351078,0.009541450161514106,0.03239635439375563
2023-11-26 00:00:00+00:00,-0.05218575317057007,-0.009080592006441141,-0.010151832876512112,-0.021650330188646347,-0.0035515004351456807,-0.02027499386141078
2023-11-27 00:00:00+00:00,-0.03636764417087483,-0.005726960429950338,-0.017278730792307878,-0.04439649541332805,0.0015236163434999544,-0.01212136053234485
2023-11-28 00:00:00+00:00,0.009216655104923827,0.015725338471064047,0.010513321765847756,0.05545205800925404,0.02567615534087304,0.013325454597149405
2023-11-29 00:00:00+00:00,-0.03738753207162033,0.000667648392609265,-0.009773829910928166,0.018383496435632144,-0.004461526795841416,-0.01088939979926843
2023-11-30 00:00:00+00:00,0.03738753207162041,-0.0035009272248199873,0.01164119856154985,-0.00016867673144489566,0.03562655660209384,0.0096853057344639
2023-12-01 00:00:00+00:00,0.018182319083190547,0.025391063471420856,0.01703919866446722,0.008399175867960403,0.00537924911973593,0.008398369698831641
2023-12-02 00:00:00+00:00,0.05264373348542209,0.01968895567518984,0.03639021964221576,0.063670379272605,0.027630938930513993,0.018935477002203903
2023-12-03 00:00:00+00:00,0.025317807984289786,0.012878169097067458,0.01292862403425503,-0.01120680973686411,-0.005582058918183736,0.056963005925306266
2023-12-04 00:00:00+00:00,0.14698219034864585,0.04889576846641857,0.022299623843820785,-0.022797583895178358,0.06915612346674421,0.019737482838321337
2023-12-05 00:00:00+00:00,0.1531224021016922,0.04891332021641369,0.022318999768022516,-0.009299357332593192,0.026419062301765793,0.02889446599971497
2023-12-06 00:00:00+00:00,-0.09038406146826894,-0.007239953013139138,-0.026916647387835085,0.013835982093162407,0.0056016634348561335,0.026029579930983107
2023-12-07 00:00:00+00:00,0.026668247082161273,-0.011165109380755522,0.05396397794475896,0.09139339892198173,0.011005823580440794,0.005125587848812114
2023-12-08 00:00:00+00:00,0.032365284502031716,0.020605453787578113,0.0009203280749521778,0.10042062718663607,0.05840854422465807,0.04302814812984833
2023-12-09 00:00:00+00:00,-0.02580788395587259,-0.010537791073595778,-0.00757864680498287,-0.03655546637299973,-0.03197075487647099,-0.020782539182528505
2023-12-10 00:00:00+00:00,0.04473589384139152,0.0015693372115436052,0.004764105281307518,0.03481923889177201,0.03393539205063586,0.03246719013750141
2023-12-11 00:00:00+00:00,-0.12641392485565855,-0.06014214073971977,-0.056045484665992136,-0.06303361655745249,-0.07920890425568294,-0.08165743432827316
2023-12-12 00:00:00+00:00,-0.014285957247476541,0.005739690460738151,-0.009836448574006595,-0.024500432880398236,-0.003938060541462351,0.006282743179495209
2023-12-13 00:00:00+00:00,0.014285957247476434,0.033540407656747616,0.026167455785606954,0.030037466974367957,0.02786867354594233,0.02372468159450257
2023-12-14 00:00:00+00:00,0.04845238338594675,0.0033299164887108305,0.024171166376868773,0.06905894132279214,0.019920568370515528,0.028142560788245972
2023-12-15 00:00:00+00:00,-0.11441035117774422,-0.025691493852566884,-0.04220318335416703,-0.04265153885697262,-0.05614225685788592,-0.049781735891727054
2023-12-16 00:00:00+00:00,0.06595796779179737,0.007224817789342751,0.003066921499348643,0.01573327480807202,0.04324941480717326,0.19010369723600964
2023-12-17 00:00:00+00:00,-0.0584107621564146,-0.021386419681088096,-0.014609100208093114,-0.04016047860702899,-0.04454070950936236,-0.12166653568278117
2023-12-18 00:00:00+00:00,-0.01515180502060222,0.030975209746389582,0.010834823309770173,0.05015515932147658,-0.008108590835432482,0.015444322427473556
2023-12-19 00:00:00+00:00,-0.04688358589885027,-0.009001413253773075,-0.018821655085663004,-0.01885696518167907,-0.0211735187748675,-0.03211954942211266
2023-12-20 00:00:00+00:00,0.015873349156289945,0.032627115322198495,0.01125734302995848,0.11878682275531348,0.014311120513827002,0.012776586578981642
2023-12-21 00:00:00+00:00,0.023347363996991322,0.004685603122266665,0.01704263081749255,0.13260368528765198,0.0375419462106472,0.018384649401319352
2023-12-22 00:00:00+00:00,0.1950605825713843,0.0030274347921619644,0.03795559412256278,0.04294563001063254,0.0005262327122436953,0.04590970130407795
2023-12-23 00:00:00+00:00,-0.07216244624823054,-0.006275095160106455,-0.007329516621218776,0.09659864267972777,-0.016550345943677613,0.014545711002378716
2023-12-24 00:00:00+00:00,-0.06317890162153156,-0.016359603721218537,-0.01928819829625065,0.04164055704431657,-0.018353100703969685,-0.03864326258143937
2023-12-25 00:00:00+00:00,0.021506205220963682,0.013177063400973769,0.002790287384849282,0.0720685230509034,0.02782881706655409,0.03321338498707001
2023-12-26 00:00:00+00:00,-0.05092009042725687,-0.02500318669346349,-0.01812743827417784,-0.0726018089936815,-0.03230602902271235,-0.03885780260674695
2023-12-27 00:00:00+00:00,0.07197349962508924,0.022144339676112176,0.06482031330398913,-0.05060101329378949,0.024860770210510044,0.027908788117076658
2023-12-28 00:00:00+00:00,-0.07197349962508923,-0.020461266846764515,-0.014770317063546725,-0.04867327209575052,-0.02049252039011745,-0.026965836609206335
2023-12-29 00:00:00+00:00,0.0,-0.012174367225035709,-0.019720428614416176,0.04172879974293943,-0.008316056241657618,-0.017110683613210737
2023-12-30 00:00:00+00:00,-0.02264247674975989,0.0017202646571992438,-0.0034805068143615816,-0.04123800218707496,-0.01104861532027031,0.0
2023-12-31 00:00:00+00:00,-0.015384918839479456,0.0031769796687425695,-0.004500325766566602,-0.0016696954230221589,-0.005682149988184291,-0.007699749301303115
2024-01-01 00:00:00+00:00,0.08894748601649631,0.04435324296866471,0.030770596035817523,0.07833992264165492,0.02754995176823065,0.03138631382067066
2024-01-02 00:00:00+00:00,-0.05092009042725687,0.017332446126489987,0.0015417518285648548,-0.03007884291098851,-0.009830772783127672,-0.011299555253933282
2024-01-03 00:00:00+00:00,-0.12715517548524674,-0.04820230496963038,-0.06383370340219618,-0.07961348794937344,-0.1048727702512541,-0.09739568629534633
2024-01-04 00:00:00+00:00,0.06559728248581327,0.030796775297867948,0.02629592322993412,0.06318097162276312,0.024683692554037184,0.0429075010112766
2024-01-05 00:00:00+00:00,-0.048790164169432056,-0.0003505584925991453,0.0003260141712872725,-0.04888062722128849,-0.016307315808576656,-0.016129381929883644
2024-01-06 00:00:00+00:00,-0.03390155167568134,-0.004322701719065604,-0.01262444901885259,-0.06378554668646644,-0.02559062206318842,-0.023651488081961103
2024-01-07 00:00:00+00:00,-0.044059989794030426,-0.0008526348900320749,-0.008511719093171891,-0.04735774710719144,-0.029578646169055048,-0.06114504857811593
2024-01-08 00:00:00+00:00,0.06959329179919539,0.06682349286479612,0.0482730771982629,0.0909426270863218,0.03871451218069043,0.05801841757868408
2024-01-09 00:00:00+00:00,0.00836824967051658,-0.018583488454328393,0.005263361325551346,0.014585491018892793,-0.026651639731415367,0.009350717482433928
2024-01-10 00:00:00+00:00,0.10285738543970782,0.011735821373751329,0.097332969499101,0.025415842394446456,0.047208223225456945,0.03155478085816948
2024-01-11 00:00:00+00:00,0.02963179760637115,-0.006758311493090088,0.013076251970109963,-0.020901162039919693,0.018134593841735224,0.016890615164423802
2024-01-12 00:00:00+00:00,-0.09969936022308805,-0.08030223467956553,-0.037585977339441023,-0.08172914726541254,-0.054671697037377474,-0.052590479677762106
2024-01-13 00:00:00+00:00,0.0,0.0014663216496807285,0.021875382101998454,0.0402395959780438,0.010558448500645414,0.025629285949742443
2024-01-14 00:00:00+00:00,-0.04115807249350744,-0.02684693879474639,-0.042372589826877964,-0.021515278354960254,-0.011807980088938345,-0.031879306294913604
2024-01-15 00:00:00+00:00,0.00836824967051658,0.018692008680265496,0.015731915721502655,0.005528400216936349,0.013042853053961604,-0.0031397200046677527
2024-01-16 00:00:00+00:00,0.03278982282299097,0.014940806159798885,0.030133552501627275,0.03408177292425434,0.003449553747112167,0.01353482400500776
2024-01-17 00:00:00+00:00,-0.024491020008295755,-0.00912104415667227,-0.02300003635073362,0.044883823262037215,-0.009639224412292525,-0.015633460661929034
2024-01-18 00:00:00+00:00,-0.05959209720224554,-0.03457823993940469,-0.023812888589032587,-0.07907162385961343,-0.03166458172894303,-0.03419136474827931
2024-01-19 00:00:00+00:00,-0.008810629682155032,0.00817230974113936,0.008651602268603273,-0.007663688386628315,0.0061334207098522175,0.010810916104215676
2024-01-20 00:00:00+00:00,0.026202372394024117,0.001239097881237579,-0.007959141758762452,-0.009015838681620652,0.1426931172194498,0.04004750112927532
2024-01-21 00:00:00+00:00,-0.03509131981126994,-0.002568494665595327,-0.006074331561195831,-0.019048194970694474,-0.05879699098559747,-0.03575564904773445
2024-01-22 00:00:00+00:00,-0.06453852113757129,-0.050484121855565195,-0.06035534819947354,-0.08314274592585287,-0.05935887758382287,-0.04601030564883336
2024-01-23 00:00:00+00:00,-0.00956945101615056,0.008886952417389647,-0.030848991056273714,0.006546473418393767,-0.028877865703864868,-0.009009069942365857
2024-01-24 00:00:00+00:00,0.0,0.005057351740499789,-0.0032130874820428617,0.05144751194137256,0.01081641900011468,0.005640172876261123
2024-01-25 00:00:00+00:00,-0.009661910911736746,-0.003421132659370706,-0.007471455336948489,-0.02141311884408751,-0.014662084552332205,-0.0033802849088236404
2024-01-26 00:00:00+00:00,0.0474022388945839,0.04587030179752292,0.02222249255837934,0.05998783014095184,0.02498703147539775,0.01900560281190452
2024-01-27 00:00:00+00:00,0.018349138668196617,0.007325930122685107,0.0002822305048169259,0.02177146424795739,0.003875731550290944,0.009917436657346144
2024-01-28 00:00:00+00:00,-0.027651531330510234,-0.0022601715515552833,-0.0050259025425850685,0.017978721133951475,-0.016608333441140904,-0.01324522675002068
2024-01-29 00:00:00+00:00,-0.009389740349838919,0.029847336755915298,0.026634077720961387,0.05769663165753326,0.03159406189818929,0.021978906718775167
2024-01-30 00:00:00+00:00,-0.04831857727080768,-0.00831673120767023,0.010981505496079956,-0.002659183129986868,-0.02011490715064291,-0.016438726343159946
2024-01-31 00:00:00+00:00,-0.10426101032440951,-0.009089321456386034,-0.02652338136066692,-0.045496776760170075,-0.012621649318028302,-0.012229168526411859
2024-02-01 00:00:00+00:00,0.01092907053219023,0.012101757113804618,0.009408785884703093,0.00914374275358682,0.007466026455219398,0.010016778243471209
2024-02-02 00:00:00+00:00,0.010810916104215676,0.002516032008909337,0.0019561117360499362,0.027537167886149037,-0.0011352886744448098,0.004419896698151064
2024-02-03 00:00:00+00:00,-0.010810916104215617,-0.004228073129414304,-0.005204498554059918,-0.026310675500183754,-0.006711859553792808,0.004400447144821671
2024-02-04 00:00:00+00:00,-0.03315220731690051,-0.010034239961222028,-0.0031366244865246454,-0.025658349448503762,-0.005351012895482158,-0.024445661746053747
2024-02-05 00:00:00+00:00,0.011173300598125255,0.0022138861531837447,0.004568606676934139,0.0008380473987235243,-0.0003833131076129011,0.0011242272122809105
2024-02-06 00:00:00+00:00,0.0,0.009957394914630623,0.031273955777352536,0.014037142366320166,0.002807556719119304,-0.004504512121104541
2024-02-07 00:00:00+00:00,0.07490130817311791,0.028539559127062047,0.021737402941870956,0.04304564325030292,0.020684304087643664,0.022322355437898272
2024-02-08 00:00:00+00:00,-0.01036278703554666,0.021543240241380036,-0.0018744380111478734,0.016479038921523036,-0.0030003772977279385,0.017505917513614588
2024-02-09 00:00:00+00:00,0.06062462181643484,0.04001492541958573,0.02764567054930989,0.039766860768857076,0.02142894904076377,0.018270255651669193
2024-02-10 00:00:00+00:00,-0.009852296443011483,0.01293475264837505,0.005312241243128184,0.01953494514696374,-0.0018399269220072938,0.003189795368100081
2024-02-11 00:00:00+00:00,-0.009950330853168203,0.011304118486289049,0.00281106562312269,-0.014685094193360997,-0.0024585138382071524,-0.001062134990983423
2024-02-12 00:00:00+00:00,0.0769610411361284,0.033219164579069795,0.05908688999251998,0.038780462811956094,0.012354141592431171,0.022071311080326825
2024-02-13 00:00:00+00:00,0.0,-0.004210845974068473,-0.007151832768115681,0.007490003807465996,-0.01420200168091067,-0.01571535747962805
2024-02-14 00:00:00+00:00,0.14618251017808145,0.04157196592024309,0.050170048701476296,0.03953841368733339,0.053534923092837444,0.030163493227014202
2024-02-15 00:00:00+00:00,-0.008032171697264378,0.0017417826701651299,0.0170774078443076,-0.03034213347223279,-0.0021060028843889185,0.011207453020389068
2024-02-16 00:00:00+00:00,-0.058107630807280694,0.004394142011645778,-0.007567450047104675,-0.02866139673881814,0.007002829738319499,0.0010126583143861855
2024-02-17 00:00:00+00:00,0.016949558313773205,-0.009525068436470736,-0.006099052182594446,-0.013129291441792848,-0.02819081535707079,-0.025629285949742304
2024-02-18 00:00:00+00:00,0.024897551621727087,0.009065827763185166,0.03331053864542439,0.029658593393003384,0.019077538124205335,0.011357891844409582
2024-02-19 00:00:00+00:00,0.008163310639161056,-0.006892023137235477,0.02183252995831442,-0.006166514915664015,0.04845476252281971,0.016293639486100533
2024-02-20 00:00:00+00:00,-0.033060862260888176,0.009387213540180916,0.02358056130484226,-0.029106192896173458,-0.03713410710641432,-0.01526747213078842
2024-02-21 00:00:00+00:00,-0.03419136474827931,-0.007975728948827246,-0.01557533733908591,-0.030835112456552526,-0.018387822639497908,-0.020726130517116855
2024-02-22 00:00:00+00:00,0.05085841723349116,-0.011456705698475449,0.0003367944608940318,-0.03260264572276945,-0.0066413906353778255,-0.0020964368265280705
2024-02-23 00:00:00+00:00,-0.008298802814695179,-0.010187550355177273,-0.01614829965245167,-0.017859389258987703,0.005458658386328513,-0.0010498688628368148
2024-02-24 00:00:00+00:00,0.08770558041910566,0.016234733321445947,0.023756496002643648,0.04070586003639258,0.019338428610810497,0.012526259819180256
2024-02-25 00:00:00+00:00,0.044783602626973444,0.0029625710327123712,0.03946682334441727,-0.005493724963591629,0.00011606987419453449,0.0020725396019725967
2024-02-26 00:00:00+00:00,0.2785161054377009,0.05254949284300974,0.020801729232745734,0.0609258857059838,0.03635520875730399,0.04156705850604414
2024-02-27 00:00:00+00:00,0.3812327947203964,0.045765058899950195,0.020383986193606315,-0.014195027490650913,0.08872600391932228,0.07920208250462715
2024-02-28 00:00:00+00:00,0.1823215567939546,0.09097353038916625,0.04303812148590526,0.09294283792756741,0.17402559889305141,0.0725339949137685
2024-02-29 00:00:00+00:00,-0.15257958759521706,-0.021466676579729522,-0.013108451256857645,0.05494270383644202,0.010274062976185284,0.07001623845328953
2024-03-01 00:00:00+00:00,0.3794896217049037,0.020252477587687848,0.027637659209434135,0.02993719377317798,0.17247769386742431,0.29600059932687184
2024-03-02 00:00:00+00:00,0.09325749348658272,-0.006312564326073039,-0.003571666661097755,0.004852322071194723,0.01846643384163463,0.29063628434921235
2024-03-03 00:00:00+00:00,0.30297548862127915,0.017750435655248458,0.019071286025862808,0.0007680491929019748,0.07782078561051667,-0.0031021518340871644
2024-03-04 00:00:00+00:00,0.16873900502808556,0.07897152336411754,0.03996364087231703,0.02359655780906238,0.17185025692665942,0.46839336764678624
2024-03-05 00:00:00+00:00,-0.10504400987895371,-0.06865773765305885,-0.0205632452507598,-0.060109232756575266,-0.17119942709568087,-0.022763382781527206
2024-03-06 00:00:00+00:00,0.13174974313809173,0.035586662974667574,0.07138297735536715,0.04141427011766452,0.026959270717046246,-0.055521123356404176
2024-03-07 00:00:00+00:00,-0.054144277714158986,0.012215384598545967,0.013844405824480564,0.09594201676975364,-0.0006335128498226999,-0.05338302696578562
2024-03-08 00:00:00+00:00,0.281440084129136,0.019841840367909928,0.0045091579190191305,0.007192782929620058,0.04401082115377927,0.11089194027105549
2024-03-09 00:00:00+00:00,-0.030288350064809316,0.0025882921395784584,0.005460440844036165,-0.0036590879308504094,0.08316327097527701,-0.006546202400571921
2024-03-10 00:00:00+00:00,-0.02537621749337476,0.008397672538527575,-0.00806147680696262,-0.00013834128817806664,-0.05094091287218742,-0.06275066665674023
2024-03-11 00:00:00+00:00,0.05566456755818398,0.04354916143485812,0.046283807614514824,0.02937879560499289,0.06644509940815276,0.029065716504023655
2024-03-12 00:00:00+00:00,-0.08892178931466636,-0.009005715941883286,-0.021459634866878022,0.014537465943715267,-0.07885293953794774,-0.049646998956160864
2024-03-13 00:00:00+00:00,0.08560136567736393,0.02308489890976125,0.007019031207124912,0.08182859960568392,0.005336508365686896,-0.005290194382149296
2024-03-14 00:00:00+00:00,0.09812821709596906,-0.024240788212576803,-0.03211630621779741,0.07467425565036538,0.046788782266445936,0.004979779976428257
2024-03-15 00:00:00+00:00,-0.10927660457858347,-0.026545819239201185,-0.036303512829866595,0.03995205101171518,-0.0804660478336724,-0.07441848294646675
2024-03-16 00:00:00+00:00,-0.18277008786225019,-0.06290147895193077,-0.06125408849453082,-0.010333890042276795,-0.13817299135943267,-0.1658690163830568
2024-03-17 00:00:00+00:00,0.05371297563264861,0.04646523371957698,0.03394217492727152,0.10299994109088624,0.07961046215135367,0.1527397249412643
2024-03-18 00:00:00+00:00,-0.1423162221802554,-0.011105334406509055,-0.033876837637694696,-0.029076495049114214,-0.07191542592955341,-0.09520852451731539
2024-03-19 00:00:00+00:00,-0.02985296314968116,-0.08783946861516262,-0.1084708190968955,-0.14238648500227358,-0.1088509205975947,-0.0762605783549677
2024-03-20 00:00:00+00:00,0.237584235469004,0.09149882111140152,0.10743344070041805,0.12180973343377183,0.16705408466316624,0.10997575410987853
2024-03-21 00:00:00+00:00,-0.057791125028407955,-0.035460344932975514,-0.007014128295189115,-0.06723772831948624,0.021464238668299787,-0.020018866890491902
2024-03-22 00:00:00+00:00,-0.06268370229368683,-0.025927169993763266,-0.04540137411150042,-0.02408395924839696,-0.01621832499853049,-0.024563944397890208
2024-03-23 00:00:00+00:00,-0.012203541280729003,0.00293268763558585,-0.0019767327964621815,-0.014085144757004,0.05719474774857267,0.021618434168133357
2024-03-24 00:00:00+00:00,0.06598699410415146,0.04884505470527077,0.036543814652888716,0.06212201527083074,0.08634201568976203,0.03478611608541539
2024-03-25 00:00:00+00:00,0.033901551675681416,0.039157715314816405,0.03875632125609109,0.02800612223548215,-0.0068220844461625635,0.022187914975362356
2024-03-26 00:00:00+00:00,-0.007434978487518202,0.0014006045076404678,-0.0009361209616887709,0.007694778137603254,0.03915488975742841,0.06538716824924772
2024-03-27 00:00:00+00:00,-0.052341237894509264,-0.007972231939272427,-0.02478620321133547,-0.022512232907053786,0.042948092617486555,-0.015784609211250692
2024-03-28 00:00:00+00:00,0.04985057658205753,0.019328387399946665,0.017372233850411593,0.01830325105281662,0.1450257720502578,0.05951265439759885
2024-03-29 00:00:00+00:00,-0.0355367342767872,-0.012592806755558834,-0.014029037073750522,0.013198746050082349,-0.03186600724778998,-0.03852139495999223
2024-03-30 00:00:00+00:00,0.047928466571950774,-0.003923501369622467,-0.0011198097778691155,0.010815951431230725,-0.0674521939540737,-0.031654472769965414
2024-03-31 00:00:00+00:00,0.08042156731057422,0.02388201161026117,0.03870455172873708,0.041093730295941946,0.09931820120186365,0.029379898271838612
2024-04-01 00:00:00+00:00,-0.10283844622511648,-0.023072630672116377,-0.03928632180908334,-0.05107751857518188,-0.06964243305574706,-0.07041129494970129
2024-04-02 00:00:00+00:00,-0.08953344642233965,-0.06246144961710484,-0.06667839013519004,-0.057950788726717765,-0.11723494027406832,-0.08141071685170768
2024-04-03 00:00:00+00:00,-0.06545721665464367,0.007900968673077827,0.009964218832126082,0.019746455167478808,-0.04025138109535723,-0.0022744513216695493
2024-04-04 00:00:00+00:00,0.01604702559751746,0.037736718911515206,0.00509832600958944,-0.005687527180594389,0.02701346025472155,0.05032508388751563
2024-04-05 00:00:00+00:00,-0.04893489244235272,-0.009726414720770689,-0.003023336122587682,-0.05372927945339822,-0.015669039101748175,-0.033764675318369686
2024-04-06 00:00:00+00:00,0.02846634158695792,0.015401733608077743,0.00997681968985513,0.024236746948173352,0.04682761329957578,0.023243990577650978
2024-04-07 00:00:00+00:00,0.09705432729148568,0.006415389609648246,0.029813043629183807,0.004354386381085481,0.06762846784273567,0.026629857155673425
2024-04-08 00:00:00+00:00,0.040714750163886725,0.032233353041815294,0.06740980943383963,0.00649623338940775,0.018934297592109413,0.020387349361037137
2024-04-09 00:00:00+00:00,-0.098661994209605,-0.03552377791359559,-0.052757343135151305,-0.04742964231566094,-0.06895761615017126,-0.04519538054369639
2024-04-10 00:00:00+00:00,0.012703064256253456,0.021453044235254206,0.011554099308201265,0.005959458722954007,0.0550408905500414,0.020894131861522898
2024-04-11 00:00:00+00:00,0.026299093547015703,-0.008561569888474221,-0.012016425444711846,-0.005321315118992121,-0.030490166757787276,-0.019439057032222182
2024-04-12 00:00:00+00:00,-0.21058611496358617,-0.041820223012929675,-0.07837800305931071,-0.11765980483402436,-0.10547518798178657,-0.10532012712008774
2024-04-13 00:00:00+00:00,-0.16261813092635688,-0.04783574152531642,-0.07286007387418954,-0.10138902699100875,-0.1328762992502925,-0.15664436266962165
2024-04-14 00:00:00+00:00,0.07453305186256677,0.026880735816023273,0.04757962893297832,0.08931301228623914,0.060971262295958686,0.07198006025018569
2024-04-15 00:00:00+00:00,-0.06269859421556381,-0.035888346263529346,-0.017651857567210688,-0.08873560339253513,-0.006800644448017549,-0.036709582967162716
2024-04-16 00:00:00+00:00,0.05715841383994862,0.005931095533950958,-0.005681594749850387,-0.0168817223189817,-0.032149002551141705,0.03406873636195369
2024-04-17 00:00:00+00:00,-0.09512501176379955,-0.040625707862381795,-0.033047843674840975,-0.032669969923936136,-0.055990915355014104,-0.028611696898895412
2024-04-18 00:00:00+00:00,0.0360038887560023,0.03570171339704689,0.026632719359492157,0.07456279326526163,0.031346347734743985,0.033009241364737894
2024-04-19 00:00:00+00:00,0.007827828620246696,0.005293062438184162,-0.0025279095837640766,0.0030214687638847842,0.026564568210094675,0.004378290706882485
2024-04-20 00:00:00+00:00,0.12275225836969562,0.017558041843276806,0.03189012293488036,0.05957992048326232,0.03949118611378136,0.13467752455514537
2024-04-21 00:00:00+00:00,0.028889009852136854,-0.00036002608769398857,-0.0028326069866509377,-0.016663719587006777,-0.028047958891438685,0.003049945177827885
2024-04-22 00:00:00+00:00,0.1418717245407416,0.028807380623884694,0.016832794768468808,0.05396816513366705,0.019405929797609724,0.02444190107907847
2024-04-23 00:00:00+00:00,0.11000089521432829,-0.006590889121858489,0.005677966706851307,-0.015078403157766035,-0.009342951798988882,-0.003721626922994577
2024-04-24 00:00:00+00:00,-0.05899834076195565,-0.03292501716380665,-0.02537689960905691,-0.046039876754733935,-0.05465841253786408,-0.0430460667317403
2024-04-25 00:00:00+00:00,0.07193513179267531,0.003487937434670987,0.005201320155556938,-0.019619865769003045,0.0,0.00038918077938192725
2024-04-26 00:00:00+00:00,-0.05413863198905502,-0.01150769192265056,-0.008082086268090366,-0.04007437393161813,-0.022728251077556064,-0.019646997383796536
2024-04-27 00:00:00+00:00,-0.023336680179235614,-0.004972134723157106,0.03859298043813825,0.014765416797231182,-0.0013531801794200813,-0.017614546700982208
2024-04-28 00:00:00+00:00,0.0013879252748480759,-0.005106463480570841,0.0028239675225554413,-0.023353496861030193,-0.00679350438839809,-0.022050709691449247
2024-04-29 00:00:00+00:00,0.020590981443927153,0.011597585797884807,-0.014417923911530219,-0.0016684201033898998,-0.02275175698341607,-0.0049668976283368
2024-04-30 00:00:00+00:00,-0.09694194519223047,-0.05164275686108778,-0.06562938157237563,-0.08370362844611316,-0.07303570098085699,-0.0740441376128301
2024-05-01 00:00:00+00:00,0.043930929225726716,-0.0396402425885669,-0.014260443525822952,0.05982562516501877,-0.02429884166620343,0.011108756761666803
2024-05-02 00:00:00+00:00,0.07849864648665218,0.013742566929604008,0.005907429655687063,0.023006416938875937,0.013740674204809273,0.007484076314949088
2024-05-03 00:00:00+00:00,0.06784430927207072,0.06286592829789263,0.03854550451154935,0.04344027578880664,0.10224725903338508,0.07027859429863131
2024-05-04 00:00:00+00:00,0.07047691825944644,0.015566388207995102,0.0044203123109883245,0.01601248927060956,0.09150730124601515,0.02383469727184745
2024-05-05 00:00:00+00:00,-0.016279429288862723,0.002078911342679991,0.006257804679615921,-0.0021934342881448177,0.0056057449817940325,-0.014070583896942218
2024-05-06 00:00:00+00:00,-0.023725905324836455,-0.013664039926385221,-0.023838762012362895,0.04750516367381544,-0.028348355004255085,-0.03418080328319285
2024-05-07 00:00:00+00:00,-0.05300069670577547,-0.013468493953823936,-0.0188765058528738,-0.03184580229401987,-0.04242071588395214,-0.03799816793012913
2024-05-08 00:00:00+00:00,0.006309169193264756,-0.01851908225723858,-0.010904540403423884,-0.04053211782839192,-0.04639303956971051,-0.0197765179764566
2024-05-09 00:00:00+00:00,0.07041743283734721,0.03054182283132553,0.020841992254699303,0.0707406690281019,0.06095319090104033,0.04172704422666842
2024-05-10 00:00:00+00:00,-0.014167887518730878,-0.03692026522884306,-0.042509061744151234,-0.04381142707273057,-0.05607683153426336,-0.04617545013870446
2024-05-11 00:00:00+00:00,0.011820468600426045,0.0005323399954402793,0.0007695743671806028,-0.004529863614146531,-0.006273983633414964,0.002671417439107281
2024-05-12 00:00:00+00:00,0.02895396236301738,0.010402734714753102,0.005531034907823363,-0.01371402571128576,-0.012667305200765573,-0.00848408750515119
2024-05-13 00:00:00+00:00,0.12233885219224404,0.023685521075488363,0.007550056024139341,0.02805657453590182,0.051080807224517175,0.046010305648833266
2024-05-14 00:00:00+00:00,0.06169356900533996,-0.02223422956012834,-0.02384691448669941,-0.03800899758736682,-0.02176956718423983,-0.01640796741389945
2024-05-15 00:00:00+00:00,-0.0009501188363204642,0.07353724863788559,0.05169139054222567,0.11058036852599343,0.06651387283412806,0.09463713902036194
2024-05-16 00:00:00+00:00,-0.04471104263797052,-0.015128236818615871,-0.02953734182951786,0.004844147750743997,-0.03736914650796443,-0.027707052442427143
2024-05-17 00:00:00+00:00,0.011857846450783686,0.027224574978006205,0.04911719989901959,0.06181264286828486,0.03865532031870856,0.018556401759823486
2024-05-18 00:00:00+00:00,-0.06388385662973783,-0.0018479033039746674,0.009740858985267628,0.017370381482804228,-0.016197309080652953,-0.010446057222369737
2024-05-19 00:00:00+00:00,-0.04278727520520886,-0.009899941820126896,-0.017125563836072513,-0.014777874727913925,-0.026474080892945385,-0.03702603114662541
2024-05-20 00:00:00+00:00,0.22073628458655412,0.07501027046821511,0.1759957128060051,0.09432539043753144,0.1061650209305019,0.08858181127564031
2024-05-21 00:00:00+00:00,0.19451682988777297,-0.018211243600524795,0.034302391150301995,-0.047144931961081556,0.026191973438079073,0.0015331547656271182
2024-05-22 00:00:00+00:00,-0.034498834058675897,-0.014614297697661621,-0.01409329316939969,-0.007267432904255986,-0.023782333717925916,-0.030723785435061896
2024-05-23 00:00:00+00:00,0.10685305324833219,-0.017177204612336603,0.012045998646516742,-0.004363231174902442,-0.040521197405639434,-0.029661493138086775
2024-05-24 00:00:00+00:00,-0.05164658886216681,0.008820620745072344,-0.014508661360925724,-0.04881855914352356,0.025975486403260736,-0.007349971838732549
2024-05-25 00:00:00+00:00,0.055665348457084686,0.010746397890790958,0.005909302049413838,0.003749669601827295,0.0598342499412683,0.027088779871045722
2024-05-26 00:00:00+00:00,0.06345170081573773,-0.011622660072997951,0.019835417805385665,-0.0305823164077805,-0.04589040474098821,-0.03078412384217002
2024-05-27 00:00:00+00:00,0.04597806431167491,0.013034298302167914,0.017347109268076363,0.04051323682642762,0.016716807194505266,0.047006042375930576
2024-05-28 00:00:00+00:00,-0.042846210827880836,-0.015335878052084096,-0.013159088696159157,-0.008743483361708928,-0.024574206338383062,0.047518517964482365
2024-05-29 00:00:00+00:00,-0.08207729637132408,-0.011096325142282001,-0.02056471524137274,-0.0024952484429611975,-0.006697133098282018,0.02950066439669784
2024-05-30 00:00:00+00:00,-0.02335270957526241,0.011320942257016468,-0.004061695326766418,-0.007463389571038756,-0.026618718020974767,-0.06105621930169661
2024-05-31 00:00:00+00:00,0.06848312843274793,-0.012721218779759994,0.0031123370030269816,-0.008063104036640956,-0.0031416928134441434,-0.019107619738955375
2024-06-01 00:00:00+00:00,-0.03769041159278995,0.0035405833492988107,0.01430659972593918,0.002835512140840402,0.008147961091588487,-0.005923018303122056
2024-06-02 00:00:00+00:00,-0.014935783417601926,0.0002530630011923838,-0.008891148645835959,-0.01793197610371353,-0.019540489372683535,-0.02567329131840436
2024-06-03 00:00:00+00:00,-0.012388320856952316,0.015539684283718552,-0.0033769040410670426,0.011283015438462178,0.007609421625390929,-0.007340979133315334
2024-06-04 00:00:00+00:00,-0.006949298293205917,0.025102627333678337,0.011722374418903524,0.041110630160998904,0.019393788948881937,0.007340979133315381
2024-06-05 00:00:00+00:00,0.01728352736321994,0.00803541144860362,0.014518587904595646,0.010191761158914535,0.011090686694158356,0.052633314485333274
2024-06-06 00:00:00+00:00,-0.020076825268832556,-0.004867582054006834,-0.014172257559709973,-0.020370859228468305,-0.01917782252733779,-0.02814884835152434
2024-06-07 00:00:00+00:00,-0.11237808831647295,-0.02058331864695033,-0.03612701326793611,-0.045655199732192765,-0.07723590714068244,-0.0625843123660794
2024-06-08 00:00:00+00:00,-0.053024468308220433,-0.00038850473701983483,0.0011008980905650447,-0.029289882224551655,-0.01564125733324653,-0.02046979788434834
2024-06-09 00:00:00+00:00,0.051458297275475406,0.004834222005280031,0.0068121408603117805,0.026948393694052858,0.006149660651675329,0.011565774673550097
2024-06-10 00:00:00+00:00,-0.05642108661760445,-0.001923893074204531,-0.010854706218060459,-0.019435020596663907,-0.014408482542977158,-0.024575498494491536
2024-06-11 00:00:00+00:00,0.05563708030539568,-0.03195828807179413,-0.047101460744374345,-0.062418908911499205,-0.04668457322219173,-0.05749225650043666
2024-06-12 00:00:00+00:00,0.03468555798789011,0.01368487188252294,0.01755288761098481,0.038161790861925185,0.056997486900431577,0.02601104891326635
2024-06-13 00:00:00+00:00,-0.10451911888963483,-0.022290946319932094,-0.026032345060085994,-0.05245738158457215,-0.03621565693750994,-0.04703494870497334
2024-06-14 00:00:00+00:00,-0.04208435530224075,-0.011094914233748856,0.0034400748999441014,-0.029149350625976563,-0.04422612716445809,-0.04292918633553701
2024-06-15 00:00:00+00:00,0.036179656577502474,0.0027637989212703413,0.02465798647149407,0.01691782705636664,0.013254980516193707,0.023381484050297534
2024-06-16 00:00:00+00:00,0.04061892821841,0.006667373991837406,0.015512942927187265,0.038771078804221946,0.0021921820982212722,0.008151567554369868
2024-06-17 00:00:00+00:00,-0.09628547246940915,-0.002251616341821383,-0.03148967850942537,-0.05415173395365888,-0.061720112157871765,-0.08052037665801881
2024-06-18 00:00:00+00:00,-0.020787011464443242,-0.020111776540796576,-0.007954449258298623,-0.04177371445465988,-0.05260176693275825,-0.06633447382034155
2024-06-19 00:00:00+00:00,0.03587828766490185,-0.003185028398685915,0.021786797175912344,-0.012821158081417743,0.0024519832472866244,0.0022099456508028917
2024-06-20 00:00:00+00:00,-0.0331423078460271,-0.001585994522991134,-0.013587369266562704,-0.01590520337252291,0.016194685919980606,-0.00497926339960745
2024-06-21 00:00:00+00:00,0.03753791931906524,-0.011298339122022095,0.0018041557377865745,0.007984223289741653,-0.003218023694200731,-0.009473461766872906
2024-06-22 00:00:00+00:00,0.0017528488274146084,0.0020384908396978894,-0.006569203246791094,-0.006636615089990854,-0.0032284128121193227,0.006140125347114783
2024-06-23 00:00:00+00:00,-0.04660341499276616,-0.01678058573472689,-0.021881799511865703,-0.038670213800576385,-0.013018898281783249,-0.024790001862324478
2024-06-24 00:00:00+00:00,0.03603993648319687,-0.04715370981984886,-0.02011543399454897,0.028140633964168552,-0.026557577419922842,-0.028937204258546154
2024-06-25 00:00:00+00:00,0.1269834529092503,0.0249974697107087,0.01286112220036024,0.03184792974361787,0.058792439274137576,0.040845482206836516
2024-06-26 00:00:00+00:00,-0.02445881295559268,-0.015856182005013736,-0.007230154940659926,0.0012442819537668089,-0.02733289125400802,-0.03499066454540486
2024-06-27 00:00:00+00:00,0.0007984032360245593,0.013158870080293579,0.022403603980004547,0.08936760701752205,0.03365702300347627,0.02365267460800849
2024-06-28 00:00:00+00:00,-0.08057490566374555,-0.021415379928148705,-0.02111639257209487,-0.06751751186906649,-0.03284235900729994,-0.034216153117577836
2024-06-29 00:00:00+00:00,-0.022748137525936424,0.009585191212666808,-8.299591546302402e-05,0.0017161248401979697,-0.008998015719560604,-0.004138344658648113
2024-06-30 00:00:00+00:00,0.050894984984395465,0.028816024071893397,0.01742537119734604,0.044914487594656625,0.021138998523183763,0.0199420098317737
2024-07-01 00:00:00+00:00,-0.04384028200450563,0.0024758003248386428,0.0017492164276202142,0.0008193363834024275,-0.0072668870453780005,-0.008748962193235538
2024-07-02 00:00:00+00:00,-0.006170138570155676,-0.012760476062806485,-0.00654100511028462,0.04842609754121846,0.01368230600157806,0.009909728429197833
2024-07-03 00:00:00+00:00,-0.09938567051666741,-0.030890411172427145,-0.03704640783639417,-0.08902914706271019,-0.05504469502295999,-0.05178187385250354
2024-07-04 00:00:00+00:00,-0.1402503428732677,-0.05318890006050753,-0.07351793286839234,-0.09601410224549882,-0.12106120704765395,-0.11237617635101067
2024-07-05 00:00:00+00:00,-0.003376480416605951,-0.006946623135970119,-0.025408261193070054,0.04975467293129885,0.0066508558699095895,0.024309097082473335
2024-07-06 00:00:00+00:00,0.09356632133295555,0.028015470641407962,0.02825824720727421,0.06303456190332064,0.07214446564929639,0.1485120162516853
2024-07-07 00:00:00+00:00,-0.1480094118051759,-0.04187437738844639,-0.04546404195503654,-0.08364299281619342,-0.08645086130053417,-0.11570067393741458
2024-07-08 00:00:00+00:00,0.08988423051832785,0.014979623897404952,0.029344810847421875,0.06037872988693373,0.03306867210676084,0.04358125720156849
2024-07-09 00:00:00+00:00,-0.012041743754393814,0.02331014274065431,0.015760573266607212,0.011664428127111734,-0.0009298001599665276,0.011063419544255354
2024-07-10 00:00:00+00:00,0.015300844955300543,-0.005552605207523955,0.011026757291380671,0.004163291480826851,0.004640379556502301,0.002442003655551809
2024-07-11 00:00:00+00:00,-0.034200796085784586,-0.006552820143968012,-0.0003064550752783807,-0.04537722156364223,-0.013047715392475519,-0.010419953303652902
2024-07-12 00:00:00+00:00,-0.026152712810459132,0.009802578753469574,0.011270372789083459,0.027902703889051948,0.010266072430598674,0.016498999380035288
2024-07-13 00:00:00+00:00,0.0023014969882791674,0.022492440363276977,0.013325523698504942,0.017051922936648797,0.041824277582054564,0.036302706997567095
2024-07-14 00:00:00+00:00,0.05588045839445663,0.02645239196901181,0.021626958670394377,0.039843707065382324,0.027230492329601848,0.030505962674543134
2024-07-15 00:00:00+00:00,0.20736758872004224,0.06287536775327601,0.07115106895852812,0.07697608449862105,0.0799093832283019,0.08838043184762985
2024-07-16 00:00:00+00:00,0.08627494570220486,0.004960382332897697,-0.011342232968515938,0.00693341107888402,-0.0016012813669738792,0.0025913463580968894
2024-07-17 00:00:00+00:00,-0.05753983846553215,-0.015342264064213637,-0.017129855413074532,-0.032582353942578676,-0.024332100659530554,-0.037441758130212666
2024-07-18 00:00:00+00:00,-0.0008587377084177582,-0.0017990594498215064,0.011236469050994511,0.023515541790993712,-0.019063983904231325,-0.06780374228796766
2024-07-19 00:00:00+00:00,0.08715455116125373,0.041739346171976256,0.023099899885322527,0.06092017376184026,0.04898938720027334,0.023303128931847602
2024-07-20 00:00:00+00:00,-0.03852803972109632,0.006803074066868583,0.003658445185951833,0.026133078397913536,0.06777034495735342,0.016713480973740532
2024-07-21 00:00:00+00:00,0.022654690564806176,0.01497166596915827,0.00499199512710503,0.060434937910545376,0.04299387107129773,0.008800936895042499
2024-07-22 00:00:00+00:00,-0.05003093360556504,-0.008976765004359724,-0.027349569442633222,-0.03037539572586983,-0.01726661602093142,-0.037950982909791514
2024-07-23 00:00:00+00:00,0.050830613776129296,-0.02438754667088845,0.012137431429440222,-0.03438717941688117,-0.055963874448758805,-0.031198370855861395
2024-07-24 00:00:00+00:00,-0.02509237273960893,-0.008594630112162866,-0.043396432931533106,0.02906518707894038,-0.018590775546002268,-0.014780050311720182
2024-07-25 00:00:00+00:00,-0.06257324045261739,0.006380619336500367,-0.04937381646360896,-0.035446459458117474,-0.021336249918798927,-0.02411207833371109
2024-07-26 00:00:00+00:00,0.049371728594081433,0.031878009306382016,0.031140441333108716,0.06341759982678755,0.06941876587158326,0.034186237608018734
2024-07-27 00:00:00+00:00,-0.012536729177984571,-0.00030361544083860225,-0.007826226864045186,0.003761759921891586,-0.02108511848707144,0.003531492781470938
2024-07-28 00:00:00+00:00,-0.011844470112522513,0.005114683664781016,0.0063778015438991096,0.00618424451156175,-0.010711655594927549,-0.013010236736014888
2024-07-29 00:00:00+00:00,0.005093389619103021,-0.02177246341427481,0.014508253005382714,-0.013009464159692863,-0.012384059199721778,-0.011373962784009695
2024-07-30 00:00:00+00:00,-0.043259340081241916,-0.009066355973852075,-0.011985559655840165,-0.0189154469925358,-0.022844632684022082,-0.012114018523203896
2024-07-31 00:00:00+00:00,-0.02325686216426735,-0.023888528007687555,-0.014306914283326385,-0.04254504894334213,-0.029104722084612733,-0.030314724685762615
2024-08-01 00:00:00+00:00,-0.051055170800284065,0.010504873305902518,-0.009691471593148825,-0.025849772169944208,-0.0240775433756964,-0.008832864998508726
2024-08-02 00:00:00+00:00,-0.11921262846597772,-0.06122229080651581,-0.06951923910057609,-0.09186043929129635,-0.06599616561834573,-0.07498580688456274
2024-08-03 00:00:00+00:00,-0.07807754402189805,-0.012170672511316693,-0.028409756713700815,-0.06862779011187552,-0.03007060284802102,-0.02910808415807077
2024-08-04 00:00:00+00:00,-0.06222102299720868,-0.042819087688370866,-0.07660398295272942,-0.03006995349446227,-0.04155460940968097,-0.06388238388761722
2024-08-05 00:00:00+00:00,-0.14025589150844206,-0.07321006891903584,-0.10489849991379825,-0.06291946215084239,-0.09449084342092241,-0.006769488055246371
2024-08-06 00:00:00+00:00,0.09608467319530457,0.036807849982936944,0.017203738806618865,0.10727686640533585,0.02273896894227157,0.015724771784350614
2024-08-07 00:00:00+00:00,-0.05435400073883149,-0.01667878716818524,-0.049486884634985275,0.0013830304396624355,-0.009891277478742556,-0.044046603540374145
2024-08-08 00:00:00+00:00,0.17799796375766758,0.1127199758573411,0.1355210909737115,0.12012214625075274,0.11763188428962906,0.1066795211638729
2024-08-09 00:00:00+00:00,-0.028920465542867407,-0.01370012848258024,-0.03157441835778846,-0.04294869770618165,-0.03406194946253566,-0.02044484324241542
2024-08-10 00:00:00+00:00,-0.012994866856367585,0.0011811868572739735,0.004003191006787639,-0.014627963251795533,0.01243440219842784,0.0035549273129239227
2024-08-11 00:00:00+00:00,-0.08431261138552608,-0.0370376987802784,-0.021280981804419667,-0.0844829306362712,-0.04471104263797075,-0.05170427121050646
2024-08-12 00:00:00+00:00,0.06389148132204973,0.010770061463206155,0.06344550010316406,0.03334336808944977,0.07005261459845012,0.04028373309163188
2024-08-13 00:00:00+00:00,-0.0073081933067247525,0.02081984923464497,-0.007175702058016932,0.002320186655697126,-0.013999295356545004,-0.0028756310254618523
2024-08-14 00:00:00+00:00,-0.01975372873623254,-0.032048934722064513,-0.015514011447374881,-0.020103947311903216,-0.03831886430213654,-0.020364340102877777
2024-08-15 00:00:00+00:00,-0.07506757303342255,-0.019701634151754074,-0.03501256842981018,-0.008520794673779971,-0.0217185239546431,-0.025298968319258562
2024-08-16 00:00:00+00:00,-0.03696519423347147,0.02302874222456188,0.009027789335754878,-0.02464000823647237,0.0019940186068644495,-0.003775013920575896
2024-08-17 00:00:00+00:00,0.04232713737485694,0.010208075509923562,0.008148076612061744,0.020211334167439587,0.023623145763435893,0.012030220276542282
2024-08-18 00:00:00+00:00,-0.027101929777791384,-0.017954450332655362,-0.000895265483038773,0.0035866278470803132,-0.026615666699889965,-0.011274076573218108
2024-08-19 00:00:00+00:00,0.05608946665104379,0.017390742556406994,0.009481885498258232,0.013180566700210056,0.012903404835908001,0.008280062360613303
2024-08-20 00:00:00+00:00,0.006472514505617298,-0.0073736982558136425,-0.024650432905381086,-0.014234122548320393,0.014684551682921099,0.02297248114349116
2024-08-21 00:00:00+00:00,0.020434938414306974,0.035665667403879955,0.022342532259430403,0.003507544809677335,0.03156646596783451,0.033144244233754
2024-08-22 00:00:00+00:00,0.008810629682154906,-0.012891299141715945,-0.0029762379818142927,0.0031463056893649226,-0.00851068966790862,-0.004261370084967963
2024-08-23 00:00:00+00:00,0.1280338526653279,0.05947536586532468,0.05243593081705878,0.06819674314254014,0.07057439957241084,0.0858838138898378
2024-08-24 00:00:00+00:00,0.04631953447945002,0.001449614917831561,0.0018248608865296925,0.046875621769289805,-0.003546103006750589,0.02068593476379298
2024-08-25 00:00:00+00:00,-0.04082199452025505,0.0013056134114441678,-0.008098090791732246,-0.010822413346061238,-0.026092348424405488,-0.033173773681998434
2024-08-26 00:00:00+00:00,-0.06570879628576168,-0.022254015558447304,-0.024452879652624458,-0.011640543917041094,-0.0418860669775751,-0.0343121449887787
2024-08-27 00:00:00+00:00,-0.11005535996203403,-0.05575872600397599,-0.08677982067760924,-0.06778910559894757,-0.06155185765039409,-0.05994039325741058
2024-08-28 00:00:00+00:00,0.003913899321136315,-0.006722044587837176,0.0282512141388,-0.02008458737004966,0.007653612385927686,0.007241161256559474
2024-08-29 00:00:00+00:00,-0.003913899321136329,0.005512061372906123,-0.000300591296981291,-0.027327568568461757,0.007197152218485809,0.01574835696813933
2024-08-30 00:00:00+00:00,0.016850690351855924,-0.004064178341773433,-0.000771667572260314,-0.014745816548912875,0.013847896858793535,-0.005698021114637779
2024-08-31 00:00:00+00:00,-0.022093166316705815,-0.002368475674457899,-0.005163703692190376,-0.019463554353125186,-0.004923692861784723,-0.012217183938591752
2024-09-01 00:00:00+00:00,-0.06375039552210146,-0.028818716543812538,-0.035212695575862644,-0.05162779068203902,-0.0629471588721114,-0.05041838705289326
2024-09-02 00:00:00+00:00,0.06243547094079237,0.03150424496624375,0.04519450567732379,0.04881609811567242,0.04099018895341597,0.03805009551887049
2024-09-03 00:00:00+00:00,-0.04714677842570196,-0.028570324324256224,-0.045878976867606405,-0.0567052231958081,-0.023792412443091104,-0.043387508113591274
2024-09-04 00:00:00+00:00,0.01097404703197665,0.008551780651939326,0.01065088144270837,0.04665189355889779,0.012528403754876027,0.03898544671295359
2024-09-05 00:00:00+00:00,-0.03188073185129046,-0.031684335065830585,-0.03423568929760508,-0.032094009272941405,0.004073740229947089,-0.030610826012783098
2024-09-06 00:00:00+00:00,-0.06698282055892728,-0.04019856943583593,-0.06245810123210777,-0.03435737482419509,-0.06129818939882062,-0.030013795803651874
2024-09-07 00:00:00+00:00,0.017910926566530243,0.003949057199637738,0.02175733951055812,0.02121003853482732,0.030437594975387266,0.004676547883902023
2024-09-08 00:00:00+00:00,0.04625101765075569,0.013049769705598816,0.010475194454563658,0.01861962247996597,0.00783089358054784,0.01696262721957923
2024-09-09 00:00:00+00:00,0.04149973090675263,0.03890190003622723,0.026887923064408216,0.03756380999890741,0.07655649869699954,0.034563921455076335
2024-09-10 00:00:00+00:00,0.01212136053234482,0.010220253541621654,0.012142087293243332,0.004063394457256417,-0.009680617710723507,-0.0007388253014324261
2024-09-11 00:00:00+00:00,-0.029893530278142448,-0.005011632562146539,-0.020340859800402046,-0.023876386035750423,-0.014698941766427097,-0.02015745742498017
2024-09-12 00:00:00+00:00,0.021828970441412198,0.013617091087757018,0.009007767216575065,0.02711525526389394,0.013725705679874824,0.019418085857101516
2024-09-13 00:00:00+00:00,0.06529734247156696,0.040574033805258945,0.03305187817279245,0.022311161292728254,0.04195086051919046,0.0327421026540525
2024-09-14 00:00:00+00:00,-0.020434938414306894,-0.008872882991815661,-0.00936670908443155,-0.014259588005179688,-0.01600034134644119,-0.016600886474667075
2024-09-15 00:00:00+00:00,-0.05027513716401043,-0.014671381603330766,-0.04311562453912519,-0.042822731020593766,-0.024977283086197094,-0.025803127091122185
2024-09-16 00:00:00+00:00,-0.024726534468289915,-0.015836823126449615,-0.009076404626292663,0.0002282497061684077,-0.03112130636226101,-0.016566643947891615
2024-09-17 00:00:00+00:00,0.01655210202873193,0.03563274969332512,0.02013117443713031,0.0008364701449661284,0.014446079367621902,0.011325149357053503
2024-09-18 00:00:00+00:00,0.0296517680501151,0.023819676734541294,0.013906719897047701,0.020910878517862354,0.027318772078756114,0.02812916772183623
2024-09-19 00:00:00+00:00,0.0530182334472421,0.019044004511489354,0.03752681681110481,0.06177118509710323,0.010531452052341513,0.028778964550043543
2024-09-20 00:00:00+00:00,0.03708706866233605,0.00393200801297507,0.03821289915493494,0.025971897729831717,0.004750602758597799,0.019663554908778063
2024-09-21 00:00:00+00:00,0.021609484332855127,0.0023970057925413735,0.019860946736568342,0.018911815836490677,0.041769412876295146,0.04154495982160576
2024-09-22 00:00:00+00:00,-0.04991906717396768,0.003533346010218717,-0.012258801754562539,-0.032504391418246896,-0.03421508044451392,-0.03116783453231484
2024-09-23 00:00:00+00:00,0.014870162479451407,-0.003867981214407331,0.025147635880026588,0.0006218690820549585,0.016791439297260236,-0.0034470906246211806
2024-09-24 00:00:00+00:00,0.05503781243644489,0.014648281151516404,0.002354460410977981,0.0534599032515399,0.015603804430267681,0.023883769192270372
2024-09-25 00:00:00+00:00,-0.01643229462708158,-0.017765446889435703,-0.028176368567535106,-0.03159662890304934,-0.01191035609491599,0.027927346903579828
2024-09-26 00:00:00+00:00,0.1181774351882164,0.03177815397399645,0.02038248020182608,0.05015051826418519,0.08562793199148357,0.19965676879550046
2024-09-27 00:00:00+00:00,0.11789986491056145,0.009262976202623759,0.023524579230965143,0.013153883548174735,0.043863051096034,0.08490568861498765
2024-09-28 00:00:00+00:00,0.06161368723032446,0.0011908041080866073,-0.00724194314288896,-0.005470403566226693,0.03657005283465667,-0.032592506326691806
2024-09-29 00:00:00+00:00,-0.005286355923147948,-0.003904609934984476,-0.006730295309442319,0.011037219561658184,-0.030113210386023166,-0.013857034661426128
2024-09-30 00:00:00+00:00,-0.07805704789259137,-0.035639034198507606,-0.021465885985849073,-0.03838835715955564,-0.0847467012947556,-0.09706883126882009
2024-10-01 00:00:00+00:00,-0.07535774257921195,-0.04069297826481104,-0.0610547331738483,-0.049724720692039794,-0.06605747919091026,-0.06773268310497114
2024-10-02 00:00:00+00:00,-0.0506972337884728,-0.0024418644937032725,-0.03488063481286764,-0.03491171879567267,-0.021750266400177017,-0.007953544527605343
2024-10-03 00:00:00+00:00,-0.06721454341942419,0.001722573840234757,-0.005868329859852153,-0.02440906857361333,0.004768726252082873,-0.012361096823573975
2024-10-04 00:00:00+00:00,0.08440078812483497,0.021943334079441917,0.027228157981278592,0.045725516584561886,0.03826878542789927,0.07831906461537146
2024-10-05 00:00:00+00:00,-0.0042689499195758904,-0.0005617251407738573,4.96949969662643e-05,-0.003848446131029998,0.0018298266770761572,0.003444320282244434
2024-10-06 00:00:00+00:00,0.08994823666293958,0.012212903223496075,0.010369318926254343,0.026564926811370283,0.019013700912292673,0.038228376118323484
2024-10-07 00:00:00+00:00,-0.042942194287008954,-0.009788323683433154,-0.007330198799561122,-0.017422883308070417,-0.028196501894627673,-0.03937516523483017
2024-10-08 00:00:00+00:00,-0.030038509119227206,-0.0012975816892669678,0.007211337328367173,-0.0036886286037561044,-0.012065111551842755,-0.010960594296382457
2024-10-09 00:00:00+00:00,-0.04297116528543218,-0.025164635961824847,-0.02963127368503999,-0.029721972713908317,0.007441894810385865,-0.02051053441583847
2024-10-10 00:00:00+00:00,0.018488835526242295,-0.005044291285268223,0.006716009791755011,-0.0020852065797500752,-0.018709619656728176,-0.007726635765771755
2024-10-11 00:00:00+00:00,0.04837957085633469,0.03643856025366442,0.022652898917504154,0.04599967062460022,0.044328587107230547,0.05174068832536876
2024-10-12 00:00:00+00:00,0.015283027980176939,0.010812068470535903,0.015015663736074542,0.006099460365635521,0.0063034877785923035,0.010707343772557448
2024-10-13 00:00:00+00:00,-0.0214622443461351,-0.005435093054422736,-0.003159355789812208,0.008978430603535963,-0.0008980692116844929,-0.011274076573217995
2024-10-14 00:00:00+00:00,0.11870088794661234,0.04986608530856051,0.06315442594671285,0.06450466357632811,0.04652001563489291,0.05888908970735298
2024-10-15 00:00:00+00:00,-0.047918984123962026,0.014969377330272147,-0.00844170530655791,-0.017806145209561735,0.006837633477604189,-0.025441155639812772
2024-10-16 00:00:00+00:00,0.004800777343356508,0.008167886964897246,0.0015446919150238,-0.0033661347164939295,0.06831120820220576,0.017930390718428946
2024-10-17 00:00:00+00:00,-0.05513207069471622,-0.0030489512936800684,-0.0022430775981081012,-0.024882294695082154,0.030554668321972452,-0.019576481625097827
2024-10-18 00:00:00+00:00,0.06086274540370112,0.014970850412166628,0.014148410698697746,0.029410994936818983,0.056986931373610564,0.03135391968585734
2024-10-19 00:00:00+00:00,-0.0009528347552718544,-0.0008127450680277898,0.00223048138534177,0.030262957916602547,0.04906778771369169,0.012166243691870245
2024-10-20 00:00:00+00:00,0.016075996329492755,0.009475219840461334,0.03644100889283385,0.04697536831340428,-0.013976467902421455,0.0015760444554657142
2024-10-21 00:00:00+00:00,-0.046073407615321735,-0.024386180091689327,-0.029749251485666886,-0.007316374465632757,0.010500621511068889,-0.03689271638036552
2024-10-22 00:00:00+00:00,-0.01086430439190585,0.00047763069962766146,-0.016867518861021853,0.007794271726818923,-0.028250466285851733,-0.012054940505353967
2024-10-23 00:00:00+00:00,-0.02615843315319929,-0.011602084095062606,-0.038491115298940975,0.01910678929292142,0.0021466913431633337,-0.028517448277211692
2024-10-24 00:00:00+00:00,0.01818231908319033,0.023010807873275318,0.004829083495576909,0.03681326718745985,0.013489732426591785,0.022435040805447094
2024-10-25 00:00:00+00:00,-0.1268328711763012,-0.02353937315971348,-0.03957271272757104,-0.0727231257957521,-0.0761715080475171,-0.08686012538229301
2024-10-26 00:00:00+00:00,0.02911739857072717,0.00654155870831124,0.017698136834046384,0.035909858608292294,0.043922206723415305,0.027448023850907916
2024-10-27 00:00:00+00:00,0.009884759232542145,0.01378831810777542,0.010234978240655711,0.0334190228244761,0.04833919023155102,0.012865674539607309
2024-10-28 00:00:00+00:00,0.001092299398608865,0.02873449401770193,0.023905552284115627,0.009475001796703363,0.11337825283037198,0.05702928160836409
2024-10-29 00:00:00+00:00,0.0541821307791641,0.039231807264392085,0.027803588822422554,0.006880568638011977,0.08546122941522825,0.04559652778051554
2024-10-30 00:00:00+00:00,-0.002070394114308402,-0.005400837625539256,0.007623925110659366,-0.02557799718047217,-0.04359888405431638,-0.036853302684786586
2024-10-31 00:00:00+00:00,-0.05758520407902777,-0.029810365845584837,-0.055416921577830514,-0.03728949365682299,-0.04186234536091203,-0.028139787756204345
2024-11-01 00:00:00+00:00,-0.024445661746053747,-0.010511623234920336,-0.0018505884380292132,-0.014350022029806111,-0.014352820492107267,-0.016361436914305645
2024-11-02 00:00:00+00:00,-0.021604023865275202,-0.001720121708524941,-0.006786868051114232,0.0003010687964934788,0.0025109868811580885,-0.007995473776197526
2024-11-03 00:00:00+00:00,-0.060409127795559986,-0.008790286653612442,-0.014848547683400149,-0.022281313801152183,-0.05277930143058915,-0.032044687661124796
2024-11-04 00:00:00+00:00,-0.036051138392002115,-0.013695247971543272,-0.02463898430348272,-0.028536793274461566,0.044595434539243445,-0.002371074021338001
2024-11-05 00:00:00+00:00,0.07906852347569283,0.022832678512429472,0.010595064739228229,0.05412389521011332,0.0719383817167082,0.05877267237296586
2024-11-06 00:00:00+00:00,0.14862163834811257,0.08646132831139525,0.11756651434562036,0.114035648927823,0.14588128834475156,0.06604130856631939
2024-11-07 00:00:00+00:00,0.1024328471187486,0.0036794578122009863,0.06152990010349156,0.0504255874894721,-0.01691914237581959,0.004703431717635878
2024-11-08 00:00:00+00:00,-0.017439634285355967,0.008393021364479038,0.02267776106264393,0.017860320376659525,0.044002041390381434,-0.007851388147234085
2024-11-09 00:00:00+00:00,0.03458033359677912,0.0020107168420852063,0.053857665974259686,0.0002000000006667229,0.08076562219184547,0.07538333899451075
2024-11-10 00:00:00+00:00,0.09790884944929988,0.04726451803759614,0.01839441795523517,0.04978480792866424,0.23773309014703714,0.23976871675588354
2024-11-11 00:00:00+00:00,0.054451319604170295,0.09853690379197601,0.05784432730526209,0.05636531691366151,0.23608570757908146,0.06817454083571955
2024-11-12 00:00:00+00:00,0.08464041692216576,-0.00811966755987318,-0.03884244363642275,-0.04864180722234571,0.07787628634369587,-0.052575974610193484
2024-11-13 00:00:00+00:00,0.3847870094842337,0.027535996266849962,-0.017352303059637433,0.016803184893496872,0.04949093504604251,-0.02445670232954015
2024-11-14 00:00:00+00:00,-0.009167736103662382,-0.03559136227676497,-0.04231060032532762,-0.027814212137028126,-0.09741396739652716,-0.09872024278486692
2024-11-15 00:00:00+00:00,0.12470682146760612,0.04176474531923664,0.01038034471365713,0.041917128153956484,0.051072641253380804,0.087829431133524
2024-11-16 00:00:00+00:00,-0.09415551933862072,-0.004711113669962932,0.013952541744752823,-0.012618754527481619,-0.04639523555961329,-0.03786066854678773
2024-11-17 00:00:00+00:00,-0.0028248606355548503,-0.008351806722348969,-0.01857331487328619,0.09612300479480045,0.007656586488270478,0.0064777554446888656
2024-11-18 00:00:00+00:00,-0.03600100805311054,0.007069855552291177,0.04224402912125955,0.010052861740687868,0.01191457365502526,0.004027391669982348
2024-11-19 00:00:00+00:00,-0.03785312477953757,0.02081325396590574,-0.030829885216538424,-0.00828629976707701,0.05167007400284848,-0.004431024369710488
2024-11-20 00:00:00+00:00,-0.04729382231856882,0.021001380010366305,-0.0128419791234025,-0.009754938949965049,-0.03432474254107461,-0.03617328216354992
2024-11-21 00:00:00+00:00,0.09729186198211874,0.04208079186595737,0.08943164075898163,0.08563834343186173,0.023530497410194036,0.037383691833218394
2024-11-22 00:00:00+00:00,-0.002417211716000366,0.005820713558405249,-0.008347690557175018,0.0019068750548791188,0.06550704421570178,0.025872089825595183
2024-11-23 00:00:00+00:00,-0.007286891607203218,-0.012662795162502282,0.01944423145187778,-0.008041264346500068,0.04124784768477902,0.019841148839357517
2024-11-24 00:00:00+00:00,-0.014735040668759419,0.0025861267909916773,-0.009612444099521186,-0.008541173290584741,0.00023220712980225088,-0.006957894324847857
2024-11-25 00:00:00+00:00,-0.06279173823374785,-0.05234531717306794,0.01476499866807427,-0.07734849858984495,-0.09236583047610102,-0.04036954969464601
2024-11-26 00:00:00+00:00,-0.03757822715577785,-0.012064501456581283,-0.027130087652463785,-0.015190601286580629,-0.01462126855418211,-0.017108360257014243
2024-11-27 00:00:00+00:00,0.07835807115652148,0.043162132239160045,0.09583085960950075,0.04924019524568594,0.036533743332455855,0.05592511460859946
2024-11-28 00:00:00+00:00,0.005548564045902502,-0.002996434077178089,-0.021580619004427735,-0.01929668744435817,0.0007471050029987865,-0.010152371464018073
2024-11-29 00:00:00+00:00,0.02875755929505247,0.019055316486413794,0.0039312281751867125,0.02423781583715223,0.05967233148639831,0.02212393749541328
2024-11-30 00:00:00+00:00,-0.01229422910795077,-0.010695908843505316,0.03082461159346928,-0.02373295655595061,-0.01084660480696059,0.026142803474421307
2024-12-01 00:00:00+00:00,0.09751188364355365,0.008288667664124026,0.0011218079541202815,-0.003328350906011041,0.04360616632356853,0.14427193525669307
2024-12-02 00:00:00+00:00,-0.08619564972357953,-0.014670944794760287,-0.01785200860725501,-0.04819741280493836,-0.0367543970490172,-0.03190535382421368
2024-12-03 00:00:00+00:00,-0.007365611497780323,0.0007155813710266461,-0.007471466101359338,0.036097152657676296,-0.043553136124979186,-0.04477084604425764
2024-12-04 00:00:00+00:00,0.0726988265672015,0.02900857318163989,0.061001791358613285,-0.019975210638556416,0.06360042755161749,0.1400202558932298
2024-12-05 00:00:00+00:00,-0.027411704689760157,-0.017344670316361062,-0.014649781673813254,0.02873600495538992,-0.013709985860816525,-0.07604987934188265
2024-12-06 00:00:00+00:00,0.01727803897495475,0.028883695133293225,0.055448161751953065,0.004267461847589062,0.01854480591539994,0.012705823317124417
2024-12-07 00:00:00+00:00,0.14297737922913306,0.00028434973206645784,-0.0011841416357804382,0.004878879126011033,0.04050958927298164,0.03499084703093622
2024-12-08 00:00:00+00:00,0.05882903469694551,0.012564345224217526,0.0016434308937399303,-0.004794558539089788,0.029126162338972274,0.006853609381680876
2024-12-09 00:00:00+00:00,0.003776439533450324,-0.03880510945058134,-0.07590966383291382,-0.08988227316057099,-0.11955195145091711,-0.16722344223385427
2024-12-10 00:00:00+00:00,-0.11745327473006463,-0.007015217004085536,-0.02275718681300732,-0.0142142861461298,-0.049998039663549945,-0.0025721123862554175
2024-12-11 00:00:00+00:00,0.06323945813591718,0.04595135873227456,0.054758179512473346,0.061991420379707056,0.05023943978542235,0.05893510292731314
2024-12-12 00:00:00+00:00,-0.061122159017603456,-0.01153919446489415,0.012356298091756344,-0.001804458822036882,-0.019744699937071772,-0.024224459964067756
2024-12-13 00:00:00+00:00,0.0462892552784979,0.01377683850529234,0.006423378250597969,-0.009605031240665593,0.007113975789068589,0.014114560362447423
2024-12-14 00:00:00+00:00,-0.06034699476872969,-0.00026455296594862543,-0.009795314424775476,-0.022352575528005722,-0.02700523330525698,-0.03748430987153604
2024-12-15 00:00:00+00:00,0.035401927050916,0.02936252186205565,0.022542341312253997,0.019635848179570838,0.02038350463417608,0.013728539316702497
2024-12-16 00:00:00+00:00,-0.027283958948468506,0.015815544377351637,0.007476152778296712,-0.03623716497345052,-0.010885807645250944,-0.02470158284947748
2024-12-17 00:00:00+00:00,-0.04570980696184987,0.0004800467360283881,-0.02384313024250201,0.03154347494556645,-0.019593693900401266,-0.032520152187262875
2024-12-18 00:00:00+00:00,-0.14241579480415484,-0.05811859363549751,-0.07155808818847144,-0.07792036842545601,-0.0960461177142329,-0.09060999679010956
2024-12-19 00:00:00+00:00,-0.1333112979829387,-0.028009556131255626,-0.05974096635903265,-0.06390257259245866,-0.13141929109613354,-0.10887936362621045
2024-12-20 00:00:00+00:00,0.03573867377464442,0.003980418535198309,0.016368593959901204,0.004070806641870521,0.011714555367216932,0.040896203269500615
2024-12-21 00:00:00+00:00,-0.015406866809622288,-0.00560124480211919,-0.039204809257068395,-0.07018368910181486,0.007838259287143897,-0.034884624471514
2024-12-22 00:00:00+00:00,0.023864768935378554,-0.022096441356881373,-0.01767806772909976,-0.005198839207935501,-0.024981536273581254,-0.008798389705165865
2024-12-23 00:00:00+00:00,0.035304273184966,-0.0034446706342336235,0.0416177984345238,0.05170631765439294,0.038321271855111694,0.04501783083760719
2024-12-24 00:00:00+00:00,0.041927074751024015,0.03967133472773105,0.02108534520101014,0.03645038670998985,0.03750061426836243,0.04307822898867139
2024-12-25 00:00:00+00:00,-0.03760040494029192,0.0075684205002714364,0.0008847214348958951,0.0018767917451910927,-0.008345801049796226,-0.029388458999500638
2024-12-26 00:00:00+00:00,-0.06407092046002252,-0.037698687628414405,-0.04781129781979342,-0.04715970976222746,-0.06715593139717994,-0.05545707555933008
2024-12-27 00:00:00+00:00,0.02668338838840205,-0.015908660746406303,-0.0007117427335571919,-0.02310812694455552,-0.0032061585656329612,0.004163781171779514
2024-12-28 00:00:00+00:00,0.048123008230348895,0.010248452386918376,0.020572996882900967,0.05915887615207245,0.03904778184363665,0.02146691249011386
2024-12-29 00:00:00+00:00,-0.047003187284660346,-0.01669628886192438,-0.014057125885949916,-0.02879916258051158,-0.03168892604690226,-0.03775770795243243
2024-12-30 00:00:00+00:00,0.03031370165582419,-0.009866733508105682,0.0017951720074586021,0.007513499158124789,-0.0009567852747119353,-0.009903405628504927
2024-12-31 00:00:00+00:00,0.07778508724894417,0.008017429053522207,-0.0075662780964593345,-0.011423882496482504,0.00636134460701758,0.0014207911459444787
2025-01-01 00:00:00+00:00,-0.029046628050956643,0.01065625247296896,0.006621381584720272,0.02602571640918327,0.028135647712319932,0.023849622350315403
2025-01-02 00:00:00+00:00,0.05580739246366235,0.026227699185112373,0.029185702723722493,0.07074183552581116,0.04284214745777709,0.05571971253331643
2025-01-03 00:00:00+00:00,0.05424736203790546,0.012662807771887696,0.043981809545519994,0.04616384864343734,0.11456199753872157,0.06472971789327135
2025-01-04 00:00:00+00:00,-0.021536412898750794,0.0007933812721967047,0.013386247783010707,-0.005707200100268052,0.03899784032156992,-0.003693827306902304
2025-01-05 00:00:00+00:00,-0.020560131356642006,0.0013561210104389547,-0.005803843635989859,-0.01530226831215954,-0.032435275753153844,-0.016584128015535295
2025-01-06 00:00:00+00:00,0.004338401598598141,0.0392339237502874,0.014620446882674717,0.023164197039798027,0.015061307817100912,0.005835781464101773
2025-01-07 00:00:00+00:00,-0.1118483001365689,-0.053617950002419104,-0.08730641426518194,-0.0771845502670405,-0.10880285984879919,-0.09955859304171838
2025-01-08 00:00:00+00:00,-0.0423023796906895,-0.01970348887327525,-0.016070195560152916,-0.02347513891385812,-0.016807118316381174,-0.022754638599426336
2025-01-09 00:00:00+00:00,-0.0465200156348927,-0.0266854954284553,-0.032846439807850895,-0.06518361816936058,-0.06395423832807724,-0.01133691877699771
2025-01-10 00:00:00+00:00,0.03580059000200821,0.023093927742944387,0.014605237522756291,0.014116871134507226,0.0391008880977188,0.02347525642136623
2025-01-11 00:00:00+00:00,0.020769761486385912,-0.0014828808936057129,0.004749282410247332,0.0021296994525998505,0.021340466055782114,0.029716472328477087
2025-01-12 00:00:00+00:00,-0.01398624197473984,-0.0006799396186190214,-0.004804390299261646,0.0021251734701167005,-0.015366732640076467,-0.030180617149991287
2025-01-13 00:00:00+00:00,-0.05203485912305412,0.00012686264723074997,-0.04054163919930168,-0.03055441499063371,0.006530150839578525,-0.01638229944803493
2025-01-14 00:00:00+00:00,0.03613446734759445,0.021034719835015054,0.027636604141497254,0.025659746780577527,0.05132287974871584,0.019626798238586925
2025-01-15 00:00:00+00:00,0.08763129546636242,0.040444167197086385,0.06808333418054056,0.09361176862327833,0.07965347640037712,0.0505294673456572
2025-01-16 00:00:00+00:00,-0.050548394845567904,-0.00530111755015652,-0.04261604987478924,0.02489396878423531,-0.02310420439216357,-0.032188742326081536
2025-01-17 00:00:00+00:00,0.11354535082553364,0.04049442150333777,0.04947350998827992,0.03938650546326635,0.09856456705555453,0.09568184258657574
2025-01-18 00:00:00+00:00,-0.09713360391056136,0.0030726592576921174,-0.050411207616251834,0.17617710913412268,-0.04806840304102222,-0.06261359272798665
2025-01-19 00:00:00+00:00,-0.1395178050602703,-0.03130868576576484,-0.02873460999082254,-0.03766542574125236,-0.10088122485378032,-0.1134517698046661
2025-01-20 00:00:00+00:00,-0.015085138353910883,0.009207126561585028,0.021439009947032416,-0.042402740180758035,-0.0106712610519671,0.0
2025-01-21 00:00:00+00:00,0.007571014082144711,0.03847605010790462,0.01429797785079075,0.03511985056314301,0.04903212892441336,0.028635783378471964
2025-01-22 00:00:00+00:00,-0.04960759434039259,-0.023702133510778628,-0.02622407341123877,0.027381701613939005,-0.025869379978417067,-0.03604871576759748
2025-01-23 00:00:00+00:00,0.012471444874419979,0.0025510247407245844,0.029542239045680874,-0.01637839291830613,-0.028825278232623583,-0.000992555912751628
2025-01-24 00:00:00+00:00,-0.025769513179051566,0.008821417521715683,-0.00871187321052414,0.0009476802288725194,-0.003982935564077793,-0.008977616407098423
2025-01-25 00:00:00+00:00,0.006006024060211949,-0.0011606585708850458,0.0026281699871403157,0.011614805870806214,0.0076672248385995,-0.0015041366586144279
2025-01-26 00:00:00+00:00,-0.0702768434159675,-0.020802633022382586,-0.0264616431416269,-0.06395350912814077,-0.051069988718380345,-0.04306149648704727
2025-01-27 00:00:00+00:00,-0.0663960625733072,-0.00499613412330342,-0.01563623314914329,-0.023352276058804435,-0.005971949668638198,-0.006305853790733396
2025-01-28 00:00:00+00:00,-0.13625931182395654,-0.007683827035757457,-0.03382514661502823,-0.03447422630202381,-0.047219071937390715,-0.05526866901263493
2025-01-29 00:00:00+00:00,0.08058048665933917,0.023983305285883487,0.012365402397917504,0.005229976541940022,0.01712104078011135,0.019310944913087522
2025-01-30 00:00:00+00:00,0.042626816461763244,0.009560681135037049,0.04191449023678969,0.04386649397399469,0.022884293833587806,0.0205523729533212
2025-01-31 00:00:00+00:00,0.06940494525398559,-0.02246918224538071,0.016079913440217447,-0.028295546114120874,-0.007874056430905883,0.011708489264900002
2025-02-01 00:00:00+00:00,-0.12420229733600423,-0.017658143595898464,-0.057188716962081526,-0.08442919339543492,-0.06630353179023249,-0.07126302002149042
2025-02-02 00:00:00+00:00,-0.1287614458224388,-0.02980588337097266,-0.08272656864431954,-0.04573543100536196,-0.13846324089392223,-0.1264139248556588
2025-02-03 00:00:00+00:00,0.022039459566291286,0.03803481354326367,0.004839863139280938,0.062176199058617355,0.06220370802928414,0.0810836773563546
2025-02-04 00:00:00+00:00,-0.0803455085842528,-0.03670645931283442,-0.053792283079060935,-0.04622969773475532,-0.07875788591178877,-0.06572828927316
2025-02-05 00:00:00+00:00,-0.014873848823206477,-0.011944578784400726,0.020444105071701624,-0.0525927403949745,-0.02886480942287262,0.0012690357033049863
2025-02-06 00:00:00+00:00,-0.08220955575862687,-0.0007188481265717517,-0.03710054610457564,-0.03391737683927439,-0.032542554164334714,-0.05943636168533391
2025-02-07 00:00:00+00:00,-0.03307909097658454,-0.0003266751972376589,-0.02421756020312227,0.013205662745347077,-0.00525784831090084,0.016021704531265585
2025-02-08 00:00:00+00:00,0.0692917804713919,-0.0005920988449549369,0.0038398427521911037,0.03780009756149902,0.025621897997276353,0.05539084820078404
2025-02-09 00:00:00+00:00,-0.002094241603114737,0.00010375143321807764,-0.0018705096127858319,0.005149882634983257,-0.01593659226281264,-0.018337535653733177
2025-02-10 00:00:00+00:00,0.0073107375220059275,0.010033795424686342,0.012892964306553388,4.986909363952708e-05,0.025378047133731353,0.008894594853451092
2025-02-11 00:00:00+00:00,-0.0020833340868542517,-0.017362712359818514,-0.022690253412853627,-0.012949387936802705,-0.00904627604736068,-0.007619084476439405
2025-02-12 00:00:00+00:00,0.050823945470170676,0.02162231215164767,0.051070959491672646,-0.005877303233141286,0.0429217245371466,0.08018977731127479
2025-02-13 00:00:00+00:00,-0.04045040846284267,-0.012769148498045575,-0.023019325431939328,-0.012733813935603832,-0.00645531005654647,-0.042661921442262184
2025-02-14 00:00:00+00:00,0.06104946933291521,0.009023686216497066,0.018426109082824934,0.02621035859032745,0.03481541968536484,0.02545591999334852
2025-02-15 00:00:00+00:00,-0.035576874567107446,0.0008969533507032014,-0.011978931264965291,-0.02507872943813685,-0.00036798528474124575,-0.023003435624928553
2025-02-16 00:00:00+00:00,-0.024441135159145463,-0.015109236071874662,-0.011940050163106432,-0.032392342023618556,-0.022707098830023198,-0.022291944755452726
2025-02-17 00:00:00+00:00,0.0423877783499822,-0.003567892990460391,0.030540396258212955,-0.059059364887628044,-0.028256939189736676,-0.01450671923766403
2025-02-18 00:00:00+00:00,-0.08880961520123154,-0.0016679471289981298,-0.027224576700372906,-0.04782454220434412,-0.0274850438184985,-0.03359489055571728
2025-02-19 00:00:00+00:00,0.009672294642507727,0.010509393832811223,0.016725542608196205,-0.0019519126062399563,0.01422948910396494,0.012406296898484515
2025-02-20 00:00:00+00:00,0.029506882509438413,0.017485437408183948,0.008620537576724029,0.0415748194245983,0.0,0.00840069560747714
2025-02-21 00:00:00+00:00,-0.0533175312031569,-0.02257613560434469,-0.028658142597139183,-0.04198935174925048,-0.06192550684703845,-0.03071133230109738
2025-02-22 00:00:00+00:00,0.053317531203157006,0.004464163181750524,0.03758502086270539,0.019125304287717363,0.029214173879274198,0.03456490161708724
2025-02-23 00:00:00+00:00,-0.03057697356928286,-0.0031769041487144352,0.020196049168458914,-0.02429173996082707,-0.01511775472211711,-0.009014871096215427
2025-02-24 00:00:00+00:00,-0.16871011738296832,-0.05045660478256595,-0.11497263564324386,-0.16909669850947637,-0.14363935514457205,-0.12524939074396
2025-02-25 00:00:00+00:00,0.04218987983119564,-0.032506567571197215,-0.008457681360603713,0.016364001517295997,0.004268443758456215,0.03174869831458027
2025-02-26 00:00:00+00:00,0.010876240144138733,-0.05189240135858602,-0.0660717711135183,-0.06490389735194446,-0.039088208917684115,0.02316705928153438
2025-02-27 00:00:00+00:00,-0.014528100562909856,0.006267849338473535,-0.011904517526797276,0.017970924092197627,0.01707775098339583,0.0
2025-02-28 00:00:00+00:00,-0.03474294844387286,-0.003962251346623154,-0.030376352492099006,0.07389505537481579,-0.024487021727556544,-0.033877622219716255
2025-03-01 00:00:00+00:00,-0.04255961441879601,0.02028569944641158,-0.008896931756444014,-0.03085394886635388,0.024487021727556426,-0.021038135376398304
2025-03-02 00:00:00+00:00,0.15245528524201357,0.09128884173195011,0.12763883095252826,0.21888688950158966,0.14686732643615022,0.10499387954006222
2025-03-03 00:00:00+00:00,-0.20381792535269438,-0.09003025848972049,-0.15936308193684298,-0.22987947349923,-0.18483096839938037,-0.16077322058775173
2025-03-04 00:00:00+00:00,-0.032420034522576587,0.012645833352638405,0.010943394466652445,0.019175708718443266,0.0005023863456581137,0.013092216268504127
2025-03-05 00:00:00+00:00,0.012811563134200368,0.03773373174557256,0.031986737254787345,0.010511587289279997,0.028226682095202207,0.022693863477721277
2025-03-06 00:00:00+00:00,-0.03453580632578276,-0.007520582800431481,-0.017596025849006675,-0.020855669248484015,-0.016244511778615047,0.001494768589229283
2025-03-07 00:00:00+00:00,0.023155882663020193,-0.035830958202517145,-0.028398166677989445,-0.02802334523215333,-0.016008345860987466,-0.018847146646616773
2025-03-08 00:00:00+00:00,-0.04686069631818654,-0.006261711416706646,0.028688690167041002,-0.017301093892885797,-0.031244538989558143,-0.03721359634043421
2025-03-09 00:00:00+00:00,-0.12947025633861112,-0.06598555192510255,-0.0868265423418488,-0.07961076981720211,-0.13457251713293317,-0.08314123670432058
2025-03-10 00:00:00+00:00,-0.02943935545068168,-0.027091321882942623,-0.08017390374873402,-0.06728866869199335,-0.08766093855842542,-0.013829088151045247
2025-03-11 00:00:00+00:00,0.10500896002052648,0.05398661082944632,0.03094750798936606,0.05831358759663786,0.06660752936059293,0.04675734802001065
2025-03-12 00:00:00+00:00,0.09502245141793479,0.008952507440937516,-0.007872905385413352,0.010160430319451049,0.04690678802416613,0.02298951822469878
2025-03-13 00:00:00+00:00,-0.036634133179780384,-0.03136844495514707,-0.023348189409119542,-0.02640787209803099,-0.04326600730351036,-0.024652028998312193
2025-03-14 00:00:00+00:00,0.052337525108230226,0.03530891048759124,0.025248997169939096,0.07976821205750427,0.04036156146272131,0.06052674093738635
2025-03-15 00:00:00+00:00,0.011267724846342288,0.004282121469675833,0.013473868359012866,0.017368506081644173,0.023571082649348204,0.005466628217367243
2025-03-16 00:00:00+00:00,-0.08167803101426724,-0.021369869351211206,-0.02642136749245151,-0.07484407818622427,-0.045330247499304095,0.020809999513793278
2025-03-17 00:00:00+00:00,0.11609298962288463,0.017440680820382647,0.020701697770282895,0.01526747213078838,0.030447316807593963,-0.012279509630061679
2025-03-18 00:00:00+00:00,-0.013624188939543758,-0.015693801831039283,0.0026542678247587883,-0.02147224901767128,-0.03163708494318247,-0.03217225294077203
2025-03-19 00:00:00+00:00,0.023051868195102635,0.04908859091771476,0.06289728335127827,0.07728903642302846,0.05838121089235705,0.031399753867979885
2025-03-20 00:00:00+00:00,0.02253243108069606,-0.031573303729871584,-0.03677034087546456,-0.06004313790853859,-0.050672901156526354,-0.0007730962889884341
2025-03-21 00:00:00+00:00,-0.05661889399950793,-0.0014007473456760333,-0.008906420488676521,0.007423358957411632,-0.0124815884884885,-0.03382154847551059
2025-03-22 00:00:00+00:00,-0.019608471388376198,-0.002657450404692368,0.007765887544443034,0.00031135673949691313,0.0011954574047737313,0.023716526617315846
2025-03-23 00:00:00+00:00,0.03747836271794292,0.026533569422848888,0.01286876994831157,0.03329431621315658,0.030590620593952768,0.01242251999855711
2025-03-24 00:00:00+00:00,0.08610269905341161,0.016460164333507134,0.036935585778750155,0.05975632778234871,0.05850937419209341,0.043041751258567955
2025-03-25 00:00:00+00:00,0.002496880198587146,-0.00092341018099084,-0.0071887777493644224,0.01882606879408448,0.04121535976495251,0.02337579045065086
2025-03-26 00:00:00+00:00,0.0616509396251646,-0.0059158144961412445,-0.02795882093057802,-0.045049777747865324,0.021785093907141704,0.02636419174174725
2025-03-27 00:00:00+00:00,-0.009422920134505148,0.0033873374525543996,-0.0031597807467804665,0.007542279571496798,-0.023359484156250068,-0.013451530260725231
2025-03-28 00:00:00+00:00,-0.08261010317878234,-0.03300745609079582,-0.054970306177930445,-0.06708010045426373,-0.055614870175354575,-0.0587109159875052
2025-03-29 00:00:00+00:00,-0.07608738689344265,-0.021093314794664645,-0.036778111624039364,-0.03859354372128978,-0.06065932536140539,-0.042461029117784474
2025-03-30 00:00:00+00:00,-0.03816717677814456,-0.002983424064685064,-0.01111379302085055,0.0021658052022701713,-0.01785761740000646,-0.018305326098363356
2025-03-31 00:00:00+00:00,0.03677925150329649,0.001940468000675102,0.00807802454203869,-0.0020052142271379113,0.000600420312243718,-0.005638355654266492
2025-04-01 00:00:00+00:00,0.06973333801467535,0.03143028498027443,0.044591101674240345,0.017035915905772386,0.04345956948178662,0.02394368175262989
2025-04-02 00:00:00+00:00,-0.08936931253153418,-0.03202338892233885,-0.05980386363971444,-0.07624143272353114,-0.06040912779555987,-0.050961289072415886
2025-04-03 00:00:00+00:00,-0.052337525108230344,0.008067927868055024,0.012008097897288383,-0.002388060836384857,-0.009816029737656468,0.014827289762416932
2025-04-04 00:00:00+00:00,0.07751368000070467,0.00839921304183538,-3.303455414660976e-05,0.04703610262058405,0.0540023220263291,0.00651999049728118
2025-04-05 00:00:00+00:00,-0.02517615489247428,-0.004264255589270933,-0.006108086499394095,-0.020493701063207262,-0.013525639893887303,0.0008120179090116785
2025-04-06 00:00:00+00:00,-0.10914481534906588,-0.06350231758892352,-0.13346254589038267,-0.12782203250578955,-0.12401913604409383,-0.0855366679773447
2025-04-07 00:00:00+00:00,0.017228303960177348,0.009872428130671415,-0.01738829980544755,0.010433896414952326,0.002008705061080587,0.009678914099835135
2025-04-08 00:00:00+00:00,-0.06412452816953867,-0.03717280236887648,-0.05309108641820751,-0.014884872085559928,-0.0507653577276861,-0.0698063120724302
2025-04-09 00:00:00+00:00,0.143211212825709,0.07976834790924821,0.12550072739077417,0.12207651364975612,0.12051602451245218,0.11265776948176957
2025-04-10 00:00:00+00:00,-0.03801627378884214,-0.03740454284306637,-0.09252138188502111,-0.054197904838869916,-0.043346492588255466,-0.02635086592740352
2025-04-11 00:00:00+00:00,0.033702823535122606,0.047032326003355954,0.028834106084462473,0.07349966879436506,0.041473248206575095,0.049569156029410595
2025-04-12 00:00:00+00:00,0.07091225787275508,0.022367125081072452,0.04849759941762648,0.08578149552845461,0.046406372814155626,0.026689817168766165
2025-04-13 00:00:00+00:00,-0.02308317018287358,-0.018239230792783546,-0.028795394081584838,-0.03009361966180446,-0.030902186278190483,-0.03906110897131294
2025-04-14 00:00:00+00:00,0.008207980417829582,0.010039258641677299,0.016523348818174095,0.008304599708912347,-0.02492340845245685,-0.004158010148663677
2025-04-15 00:00:00+00:00,-0.04742869357111092,-0.011147587658635737,-0.021846851289514285,-0.025757872930704327,-0.03140277260376361,-0.027028672387919374
2025-04-16 00:00:00+00:00,0.01980262729617973,0.004666742770028803,-0.007239587644151325,0.04064115494825674,0.007135936865448792,0.013605652055778678
2025-04-17 00:00:00+00:00,0.013908430046131931,0.010818650182525867,0.0040747686816948086,0.026451797732468127,0.00772701848471037,-0.004231914906580007
2025-04-18 00:00:00+00:00,0.012354309500935178,-0.005707811881410951,0.003076692715255813,-0.005876025683891617,0.010845401360047838,0.04153420902866373
2025-04-19 00:00:00+00:00,0.02292750464370459,0.007097418620032447,0.015106650325294249,0.04242905759375252,-0.001905367359546547,0.0048701394960429505
2025-04-20 00:00:00+00:00,0.005319161477599805,0.0012406841613977462,-0.015893836239420634,-0.014403244818214969,-0.012796079909590738,0.0
2025-04-21 00:00:00+00:00,0.026179505581771078,0.02720104170061272,-0.004805803989599262,-0.009401373767172715,0.026058036201473293,0.0008093889555584958
2025-04-22 00:00:00+00:00,0.13062018241706422,0.06596609032561478,0.10639561943144535,0.08603459978808868,0.11429165580926784,0.09413267010100546
2025-04-23 00:00:00+00:00,0.0022650066308520615,0.002627282922391338,0.021859009162370272,0.015533127882194608,0.0,-0.0007366482837722926
2025-04-24 00:00:00+00:00,-0.009090971701251963,0.003123808975860262,-0.014261480923141286,0.009349554543027846,0.02158954599548576,0.016082217958432572
2025-04-25 00:00:00+00:00,0.03367321510658781,0.007298781136135702,0.008716784001546588,-0.011004690807534604,-0.00439078641748977,0.026477396460363352
2025-04-26 00:00:00+00:00,0.012068166213485691,-0.0005024953254224839,0.019687999920665316,-0.010926157997075886,0.0010995053334168679,-0.0007064641763271062
2025-04-27 00:00:00+00:00,-0.0446004798842818,-0.009405873067822416,-0.016384281493693694,-0.008341229581078516,-0.014388737452099556,-0.05147928899424312
2025-04-28 00:00:00+00:00,0.022548869686613064,0.013321560791431304,0.004643609194972042,-0.0010813734495240456,-0.0016736405580296484,0.021347884684876174
2025-04-29 00:00:00+00:00,-0.0123389114537152,-0.008038743147642856,-0.000955911439798793,-0.010400120930536298,-0.02487409192665531,-0.02358252248629255
2025-04-30 00:00:00+00:00,0.004504512121104508,-0.0009340960021824148,-0.0025833046128694273,0.008301626337463251,-0.013833073606126806,-0.01351371916672282
2025-05-01 00:00:00+00:00,-0.018141087070650038,0.02447005495470042,0.024776500970472876,0.022314726298445102,0.04760105406429884,0.019461692092800242
2025-05-02 00:00:00+00:00,-0.004587164006906043,0.0041951138108018765,0.0021783601385811516,-0.018797168724391227,0.004968268569010283,-0.0007415647355034903
2025-05-03 00:00:00+00:00,-0.06285411678862657,-0.0105994819712125,-0.004835749294351272,-0.009021597562330745,-0.032459480916116265,-0.03856810715580852
2025-05-04 00:00:00+00:00,-0.009840177801511123,-0.01586025853399384,-0.013697904235955422,-0.019054746766902064,-0.030611688527505183,-0.023402003995304788
2025-05-05 00:00:00+00:00,-0.018715455811356023,0.0039528066707972195,0.006089766825655324,0.018441312538484685,0.0005863383340071735,0.0007889546760320998
2025-05-06 00:00:00+00:00,0.00627748451913881,0.021586211563950887,-0.00168819104000905,0.0014307616135166117,0.009334956936051561,0.005505322595355254
2025-05-07 00:00:00+00:00,0.033233827754703564,0.0022322158524629336,-0.003108879339535021,0.003262645634816591,-0.001162115180177374,0.005475179888088721
2025-05-08 00:00:00+00:00,0.2964210161186519,0.061990695765902375,0.19765331042436776,0.1096671895226809,0.14178214508243453,0.11552706940675242
2025-05-09 00:00:00+00:00,0.10742858275285783,-0.0026832663100755613,0.06070163985908209,0.04958909434027763,0.03519570212900047,0.043514682865606814
2025-05-10 00:00:00+00:00,0.10139145289596088,0.01763098520521697,0.09682771952814863,0.02925535814878955,0.19978468113935977,0.12727433304146615
2025-05-11 00:00:00+00:00,-0.005860822636982723,-0.006605425329663129,-0.027076177638557415,-0.026770023227895467,-0.07838207425859628,-0.07037469445665394
2025-05-12 00:00:00+00:00,0.0007344840579916562,-0.012773600530065219,-0.007660242115918399,0.005698677099896564,-0.0034572203838577915,-0.008204526931967182
2025-05-13 00:00:00+00:00,0.05846283274331388,0.012894314668137306,0.07131856686812524,0.05336610731658708,0.041549002912872265,0.03609601575687265
2025-05-14 00:00:00+00:00,-0.03811329332803407,-0.005709077533842624,-0.026454678886191334,-0.03934478897900729,-0.0337869975773831,-0.039269614104414534
2025-05-15 00:00:00+00:00,-0.06463444899989229,0.0023525632150323606,-0.02367591550434762,-0.0434360602411254,-0.0592831680161529,-0.05959209720224566
2025-05-16 00:00:00+00:00,-0.033557577179321556,-0.0027791405336155244,-0.004411442286029082,-0.010040185336257852,0.008170721807049844,-0.01701299966082747
2025-05-17 00:00:00+00:00,-0.0347229069579965,-0.0032931586744476033,-0.024580710017993,-0.00875567812405296,-0.030291439451581654,-0.02642712903516216
2025-05-18 00:00:00+00:00,0.1300330867623212,0.03176353569083279,0.009069627667442142,0.04337745441360464,0.08312062427973906,0.05551270993025876
2025-05-19 00:00:00+00:00,-0.04274784971346933,-0.008207514753981729,0.011910917402184444,-0.038210726188032035,-0.03802074729402828,-0.02702867238791926
2025-05-20 00:00:00+00:00,-0.009077218151116652,0.011837550915094912,-0.0014088522560798977,0.010491274100535127,0.008427639146718912,0.0013689256073417405
2025-05-21 00:00:00+00:00,0.03655759573379773,0.026079929931376134,0.010678984594789664,0.02904513890085965,0.03344502816783723,0.014261701828208165
2025-05-22 00:00:00+00:00,0.1283899931241039,0.018266536328066765,0.04328192986768571,0.0345886799481021,0.047955821776122357,0.046121481010754785
2025-05-23 00:00:00+00:00,-0.116736547333872,-0.0400793146314557,-0.053248325358687607,-0.03217238605587648,-0.08671530000745212,-0.08181504359223607
2025-05-24 00:00:00+00:00,-0.0021747018356882094,0.004151789517682599,0.0015896179960958046,0.011028998334436328,0.0,0.0055749273309168585
2025-05-25 00:00:00+00:00,-0.012413448922137848,0.011640891177128205,0.00838461380995744,-0.0008528300258207895,-0.000888494061115167,0.006925235433314708
2025-05-26 00:00:00+00:00,0.018202177098382444,0.003842520526773709,0.004784342778636848,-0.004732184776579763,0.004876977079504082,-0.005536346321160363
2025-05-27 00:00:00+00:00,0.00288184637488895,-0.00444329830848925,0.037325890380939225,0.010347468525424761,0.0,0.00415513063196184
2025-05-28 00:00:00+00:00,0.006453948540743738,-0.010653750775702488,0.0075223497992313575,-0.02589809001763325,-0.02326726885785257,-0.009722298803312088
2025-05-29 00:00:00+00:00,-0.04010745358238625,-0.02094029086515917,-0.018924447705469357,-0.03286528422597025,-0.027537306777606685,-0.030466401703434308
2025-05-30 00:00:00+00:00,-0.14550758367123828,-0.01476475001764362,-0.03874905961295601,-0.06473448939134142,-0.10437862880598824,-0.08557356222000236
2025-05-31 00:00:00+00:00,0.002578428587944307,0.005897457708166162,-0.0009760705442482558,0.0017263983315332528,-0.005178675478451415,0.004691173575880018
2025-06-01 00:00:00+00:00,0.013640450197561464,0.009959729945741524,0.004390738783370285,0.007890591369230943,0.0062112000926406764,0.010089336653022772
2025-06-02 00:00:00+00:00,0.044709432864715314,0.0019526403180380205,0.02665260530496306,-0.005465883698385727,0.007197974522326264,0.019121041446778595
2025-06-03 00:00:00+00:00,-0.00649880435116624,-0.004363535928773302,-0.0054535632237555165,-0.010313662416335355,-0.010298752200574473,-0.011428695823622744
2025-06-04 00:00:00+00:00,-0.0365185807325246,-0.00667634415128469,0.0051507274906581555,-0.012896714832278604,-0.02622069462713843,-0.018562017860059652
2025-06-05 00:00:00+00:00,-0.10507878583486138,-0.03068570144143307,-0.07663980821228165,-0.06001330261134798,-0.09467276344363759,-0.06365418680158132
2025-06-06 00:00:00+00:00,0.03867885456511155,0.027305546482557553,0.02552568421786792,0.02442566613520368,0.04399452680703192,0.03354097641555819
2025-06-07 00:00:00+00:00,0.03897747601324562,0.011739046233016236,0.01912744547262731,0.01482701343203485,0.03460933169740556,0.024633744621397582
2025-06-08 00:00:00+00:00,0.013805223564673313,0.0014573958452152808,-0.0061108599020700234,0.015659905733588452,-0.005414198390872514,-0.01901800583576175
2025-06-09 00:00:00+00:00,0.08142597041756557,0.041868487348023974,0.06569710103297238,0.055470618963806444,0.05646448269230868,0.047646653467352994
2025-06-10 00:00:00+00:00,0.03645227159867461,-5.3672212929106696e-05,0.049080141048782264,0.023961682013634026,0.018302493613730014,0.01963809333824349
2025-06-11 00:00:00+00:00,-0.051573928622759745,-0.014791318317319268,-0.015596016027806192,-0.025265018117447628,-0.02809891122235953,-0.031917602968305085
2025-06-12 00:00:00+00:00,-0.0801095369581538,-0.02752693570171926,-0.04728889494489446,-0.054954322974076514,-0.06308879529600667,-0.05720383844646572
2025-06-13 00:00:00+00:00,-0.024627453983439473,0.003729486224654906,-0.02459949948600555,-0.024912438600610824,-0.00387061583594342,-0.00986039213408014
2025-06-14 00:00:00+00:00,-0.025249312487841874,-0.006048632016622071,-0.018580624512255884,-0.026860978210107758,-0.011702557627026586,-0.005797117684325846
2025-06-15 00:00:00+00:00,0.015405832559926391,0.0013651888306957438,0.006163966331611724,0.05550635280668016,-0.01581953894489265,0.0
2025-06-16 00:00:00+00:00,-0.04883512920912127,0.011579161851545582,-0.0012486160832512678,-0.014750695478396005,-0.016073824831061023,-0.014220231259098319
2025-06-17 00:00:00+00:00,-0.04440884135272315,-0.021345492992977735,-0.01355586905984756,-0.02098283786641837,-0.019872074152001346,-0.0230091105092576
2025-06-18 00:00:00+00:00,0.02051855081969113,0.003142229668342208,0.005912489602128033,-0.00816275534351473,0.0076448475824408375,0.0068728792877620504
2025-06-19 00:00:00+00:00,-0.0038759738446929605,-0.0021767181513000842,-0.001588845924999535,0.004429761562685491,0.0017559267022650125,-0.007735320048420549
2025-06-20 00:00:00+00:00,-0.04568818417142794,-0.013330227724480765,-0.04651623910999828,-0.04812738915727885,-0.05160112877508239,-0.024455367223631355
2025-06-21 00:00:00+00:00,-0.059672331486398444,-0.011170406601878225,-0.04689475236891858,-0.0339630640181523,-0.04922129157425602,-0.03692450089293106
2025-06-22 00:00:00+00:00,-0.04298182257368503,-0.011322630783801958,-0.030217678164042534,-0.027616348106971143,-0.021576515359011304,-0.026965836609206335
2025-06-23 00:00:00+00:00,0.109742791337818,0.04271457462631598,0.07958111170680802,0.0928374442389904,0.07999186495547385,0.08748251951895739
2025-06-24 00:00:00+00:00,0.01502281632969661,0.006707627044405696,0.015020250057577879,0.0094983162988219,0.011525756951410612,0.011163705464776755
2025-06-25 00:00:00+00:00,-0.060438257473606184,0.011863684629773686,-0.012098908963948708,-0.01608984059818762,-0.006656605517599939,-0.007715426185860736
2025-06-26 00:00:00+00:00,-0.03219162092961349,-0.003616498443753262,-0.001128628629456384,-0.031827297453398816,-0.02832701718092572,-0.0359215143396967
2025-06-27 00:00:00+00:00,0.0,0.0008685892528767807,0.0028583721794389247,0.021471036675706733,0.006226670180259735,0.010647837955846421
2025-06-28 00:00:00+00:00,0.041650440794936336,0.0022502056576738897,0.005401115975241833,0.05899724172498701,0.016010194194160617,0.020096788204316336
2025-06-29 00:00:00+00:00,0.08325607804782607,0.009691724970403322,0.02580116840882059,0.016767332364795478,0.03481744244341572,0.025620530325348046
2025-06-30 00:00:00+00:00,-0.06357652010138033,-0.011338407043917734,-0.005970789427478554,0.009862524790877679,-0.02569606573362722,-0.03780518934171514
2025-07-01 00:00:00+00:00,-0.05264373348542203,-0.013581051791191607,-0.03298289398237964,-0.05269434064041189,-0.045828452675103964,-0.019452425926815405
2025-07-02 00:00:00+00:00,0.08394361314725932,0.02947353001882062,0.06658235327382137,0.036224222543862976,0.06738617375008284,0.05218575317057025
2025-07-03 00:00:00+00:00,0.005946499187726303,0.006885719632228407,0.008021935696942956,0.00032813782082783327,0.01936112105563699,0.007598179231071323
2025-07-04 00:00:00+00:00,-0.04755574850842476,-0.014805108720049889,-0.03268450592028284,-0.03098698696633838,-0.05493918760949433,-0.03858172475103852
2025-07-05 00:00:00+00:00,0.0041365105517802755,0.0020048813723727143,0.0033427678178775413,-0.0008802519443013023,0.00794868141032849,0.0026189451896273517
2025-07-06 00:00:00+00:00,0.034486176071169404,0.00909907967366414,0.021245907953929662,0.02864683587766496,0.046409279795125054,0.030058080836672926
2025-07-07 00:00:00+00:00,-0.01304584483329991,-0.008797493229707099,-0.011201531380666463,-0.019946143617457546,-0.023530497410193932,-0.017065260554186983
2025-07-08 00:00:00+00:00,0.02985296314968113,0.006241175748707206,0.02860943477938537,0.01876052893503607,0.017699577099400857,0.01960011615737489
2025-07-09 00:00:00+00:00,0.08004270767353636,0.021219270421429175,0.057086426364464114,0.03484357142235634,0.05462108448022516,0.04456182805991091
2025-07-10 00:00:00+00:00,0.11607217125275403,0.041636695488262376,0.06340542949498708,0.04499125554353579,0.07722760664618043,0.07462668920520739
2025-07-11 00:00:00+00:00,-0.004037147186971145,0.013275864399203885,0.0026123723475879575,-0.008309958610968142,0.03078719059651864,-0.003752349618550464
2025-07-12 00:00:00+00:00,-0.009756174945364685,-0.000899924023286318,-0.005000603309135034,-0.013714924311073368,-0.019067311226202897,-0.007547205635382854
2025-07-13 00:00:00+00:00,0.005702663112182099,0.01402837307145988,0.009713998998221923,0.0028573222744544408,0.0060606246116909545,0.007547205635382904
2025-07-14 00:00:00+00:00,-0.007337986452912909,0.006203872026809082,0.013912146718199164,0.006430095111464144,-0.005554167269895593,-0.003766482795476782
2025-07-15 00:00:00+00:00,0.05026985759777959,-0.017598915732506316,0.040522347021841286,0.010849350957475584,0.008570760809321258,0.0355856673476485
2025-07-16 00:00:00+00:00,0.05304273598448113,0.007801771207497899,0.07182280148225383,0.05745303198141358,0.0655733770556936,0.04555948031105371
2025-07-17 00:00:00+00:00,-0.01337315621185814,0.004894222640243302,0.031050654495572746,0.012981625132343617,0.02644552166455843,0.006934840552458953
2025-07-18 00:00:00+00:00,-0.028833560431343767,-0.010592379992279936,0.019940794809745907,0.007697570269904321,0.07750356115486004,0.015089449542393404
2025-07-19 00:00:00+00:00,0.03405550441249538,-0.000954907139928375,0.012536733857802896,-0.001749386750143348,0.023037668067017358,0.014194222765627441
2025-07-20 00:00:00+00:00,0.042962559019366096,-0.00497072378284917,0.04469680384264613,0.025043836540568368,0.12589360317640508,0.04076830180365937
2025-07-21 00:00:00+00:00,0.005685871750353147,0.0009638355434538632,0.00149410494503024,0.07571985482744416,-0.008432680584491264,-0.001934860326295533
2025-07-22 00:00:00+00:00,0.0042432878378664204,0.021745090961193828,-0.004158187252988623,0.04970895347402394,-0.002580646593491737,-0.0019386112695011868
2025-07-23 00:00:00+00:00,-0.10716564113327393,-0.010172247020978402,-0.03210260969308227,-0.0825157988774682,-0.11778303565638339,-0.10852780883253585
2025-07-24 00:00:00+00:00,-0.027071716928264055,-0.0034691384015974516,0.021407091102404553,-0.03506681954600636,-0.03636764417087483,-0.018188933605373856
2025-07-25 00:00:00+00:00,0.012830969936741727,-0.006382121348225381,0.004640367073543827,0.020716320818267613,0.019616833746059503,0.033216050008530076
2025-07-26 00:00:00+00:00,-0.011218066361277132,0.0027770700729131733,0.004493366600476772,-0.01011522667471763,-0.005504989553378226,-0.007843177461025893
2025-07-27 00:00:00+00:00,0.030161016374235385,0.012613375836393308,0.03448721762120412,0.020288146020979687,0.02225579997819353,0.013508914996703189
2025-07-28 00:00:00+00:00,-0.07128523222354263,-0.011862203890275048,-0.01959382748011476,-0.03001516198814716,-0.0629893341507418,-0.05890470341931524
2025-07-29 00:00:00+00:00,-0.033293728099463585,-0.000998381325666878,-0.0014461813724057776,-0.009105932365924682,-0.009777855679215084,-0.01737860133031546
2025-07-30 00:00:00+00:00,-0.015748356968139168,-0.0007532801779259126,0.004426770339318265,-0.0205997708523384,-0.018026626043993556,-0.019238761907907676
2025-07-31 00:00:00+00:00,-0.050643732818754915,-0.01787524674064931,-0.029861790958615457,-0.03171785066657496,-0.04701820159851887,-0.03317839869731879
2025-08-01 00:00:00+00:00,-0.038775543239415074,-0.02184859796916149,-0.05879600750252437,-0.05704912048965722,-0.04284978790312098,-0.031826431611677204
2025-08-02 00:00:00+00:00,-0.023415703980844027,-0.006351915738463341,-0.027215134639695382,-0.026095206388066557,-0.051031480012445875,-0.019255513308743942
2025-08-03 00:00:00+00:00,0.031100660150228002,0.014926386703291758,0.03024465037338029,0.022029659332031302,0.040025866175843756,0.030797273748915374
2025-08-04 00:00:00+00:00,0.029233576322818474,0.007213750772605032,0.061896618040180214,0.045607759196709306,0.05671118664108118,0.02589141393274171
2025-08-05 00:00:00+00:00,-0.0534478344434129,-0.00818762415829195,-0.029764605305403518,-0.03297265489224502,-0.05169361464910167,-0.035776173165283705
2025-08-06 00:00:00+00:00,0.03468555798789011,0.007949036751055101,0.019819945061512054,0.024622741101849928,0.027155457810434734,0.020484124669584117
2025-08-07 00:00:00+00:00,0.05077232537342314,0.021361512322896802,0.059935415989826026,0.04238119698099185,0.08000523835153925,0.04364040349995461
2025-08-08 00:00:00+00:00,0.06194740832641361,-0.00708257772895166,0.024961502807632804,0.007891714957253328,0.03533936644530886,0.028321831756023645
2025-08-09 00:00:00+00:00,0.047903460633039005,-0.001643094831642718,0.061028475886016995,0.01771247472450175,0.0408219945202552,0.0355856673476485
2025-08-10 00:00:00+00:00,-0.026973437501551047,0.023837136312432068,-0.002510820271165568,0.015108359725115076,-0.02574524975185794,-0.010985097649329584
2025-08-11 00:00:00+00:00,-0.07213426635908834,-0.005017271644195677,-0.006436124789096793,-0.04390962908827452,-0.05176594268975157,-0.049047929346784015
2025-08-12 00:00:00+00:00,0.0779170168810006,0.011837714092890594,0.08282902371878997,0.09193594986320214,0.0598562572028889,0.045359249398930615
2025-08-13 00:00:00+00:00,0.00983614487671297,0.026665092553583163,0.03469756576719813,0.05034876333436491,0.037865975854851595,0.02841721272357712
2025-08-14 00:00:00+00:00,-0.10391150254430351,-0.04122724186284969,-0.043281516063661776,-0.04571731852966444,-0.0892039121030822,-0.07609934353864717
2025-08-15 00:00:00+00:00,-0.020110366950862508,-0.008069358307035548,-0.023895667475016855,-0.03551231817707846,0.02163917510348103,-0.0031055925581530185
2025-08-16 00:00:00+00:00,0.024625047305389194,0.0002505644631053932,-0.004036837628751144,0.020499613045678208,0.010430342278872453,0.010058111873034781
2025-08-17 00:00:00+00:00,0.0026990569691649835,0.0001573050314635928,0.01128914500189666,0.007403746177691026,0.014592533619584281,0.0030745604542456104
2025-08-18 00:00:00+00:00,-0.04127133175540472,-0.010230641313105363,-0.03644461004697442,-0.04357230730100088,-0.05248252859365581,-0.02486530593539112
2025-08-19 00:00:00+00:00,-0.045985113241823264,-0.029862909413628673,-0.057122018611481806,-0.03780968726078159,-0.06157927582688544,-0.04918363259866738
2025-08-20 00:00:00+00:00,0.04411069844747293,0.012508414905627388,0.06198585717084059,0.06460591004786465,0.05707881818582929,0.03890279866959919
2025-08-21 00:00:00+00:00,-0.02469261259037141,-0.015870379207675946,-0.02601857494372437,-0.041771177806056534,-0.032083411737530446,-0.016834064867897913
2025-08-22 00:00:00+00:00,0.10660973505825806,0.03852192608311376,0.1339608902431538,0.10700105962210828,0.11347838466108048,0.07848686829568592
2025-08-23 00:00:00+00:00,-0.02804741255515596,-0.013069664051785298,-0.011120269301274285,0.01695081479643856,-0.018041185782553884,-0.009009069942365968
2025-08-24 00:00:00+00:00,-0.03712513263892905,-0.016647562621460225,0.0005901322527858204,0.009218902936946187,-0.01880397285761049,-0.022884293833587845
2025-08-25 00:00:00+00:00,-0.10597571100174437,-0.029840950063523768,-0.08792392712809562,-0.09539757923434207,-0.10019699299777711,-0.07446416093754105
2025-08-26 00:00:00+00:00,0.034277549355761834,0.014920165432451876,0.04996350733750899,0.045217830890517896,0.040650305962875735,0.041520005218187044
2025-08-27 00:00:00+00:00,-0.006961738708798772,-0.004742191961444971,-0.020752980410796887,0.0354081420168203,0.0022867606580672705,-0.003995211067288331
2025-08-28 00:00:00+00:00,0.018784536519855396,0.011661301830370034,0.0010421795354548463,0.05516624211195262,0.024815169119723993,0.015097624871593466
2025-08-29 00:00:00+00:00,-0.04302814812984835,-0.03791881520125768,-0.034139024117058395,-0.044432686468843956,-0.04792155756018127,-0.038589997269868975
2025-08-30 00:00:00+00:00,0.005099450112349261,0.004054571964217981,0.0032625037094439952,-0.01171955453979189,0.00976979159580503,0.010599365437042145
2025-08-31 00:00:00+00:00,-0.01848101880818065,-0.005157001810514022,0.003989799267330113,-0.010262602155827307,-0.010705245359063103,-0.011419373683072834
2025-09-01 00:00:00+00:00,-0.01988553228710779,0.009033849880513305,-0.01782004322253553,-0.01683499143288887,-0.014137841514958567,-0.00741049089048479
2025-09-02 00:00:00+00:00,0.034289073478632165,0.018047110837237756,0.0027009622535729394,0.060517295610253485,0.01927204182456629,0.026907452919924402
2025-09-03 00:00:00+00:00,0.009151055217357614,0.004534319708247442,0.028664030927280523,0.00570804955611107,0.02573671464404988,0.004014457418661868
2025-09-04 00:00:00+00:00,-0.044497770254125116,-0.00916189804334585,-0.03515212449469332,-0.04110267075415772,-0.03697278791097573,-0.030095805376280843
2025-09-05 00:00:00+00:00,0.03125254350410453,-0.0004998886329843419,0.002098509852608579,0.0051758674196595335,0.025564952582790523,0.022858138076050184
2025-09-06 00:00:00+00:00,-0.012384059199721666,-0.004045415545659369,-0.007699785189141123,-0.015858402613779063,-0.007369908991561208,-0.008917772922054769
2025-09-07 00:00:00+00:00,0.026640919824586703,0.008249276362573688,0.007377045380796403,0.030355300792824464,0.055744768069722415,0.016155440222285426
2025-09-08 00:00:00+00:00,0.04159015239424782,0.008473914032320047,0.0001021735092845076,0.03700779035367463,0.05528618668070185,0.030771658666753687
2025-09-09 00:00:00+00:00,0.0,-0.004828522578007935,0.000807731988321646,0.014372726436520628,-0.004561484168858787,0.000776699068172198
2025-09-10 00:00:00+00:00,0.022063245084347875,0.02162972296362845,0.009237727639462104,0.031223507489174948,0.01975372873623265,0.01464380695992301
2025-09-11 00:00:00+00:00,0.014131181923737525,0.0135031610889027,0.025198780648409472,0.020840526443831428,0.042678460928668394,0.01367802479610062
2025-09-12 00:00:00+00:00,0.07651053604299976,0.004993835223045629,0.0553809941249282,0.05735745697713728,0.07338254593402406,0.04932910247404232
2025-09-13 00:00:00+00:00,0.03239840055725014,-0.0012438377396851244,-0.009822983252737488,0.0005362483370743439,0.049550121372057915,0.026233337035502426
2025-09-14 00:00:00+00:00,-0.03153222466940118,-0.0053608968189434334,-0.013452542370344423,-0.010779987472031979,-0.04051989927164216,-0.04289435264141863
2025-09-15 00:00:00+00:00,-0.06992094579950525,0.00042634345527144596,-0.017825838612281847,-0.02319409026506815,-0.035502356142392326,-0.04634611166422692
2025-09-16 00:00:00+00:00,0.028377190150840493,0.012377473716597337,-0.004875664942574733,0.011073746458368589,0.005943553900847917,0.006862398261040445
2025-09-17 00:00:00+00:00,0.0302245229087264,-0.0030012904050231693,0.019590296687393503,0.032871485474622465,0.045610511252052274,0.02624822607493641
2025-09-18 00:00:00+00:00,0.0026235257723844106,0.005464483010401024,-0.0005902860008971983,0.01088291420068735,-0.013896535762524538,-0.007429454678520264
2025-09-19 00:00:00+00:00,-0.06122523883195147,-0.012236544947621485,-0.0260642485939285,-0.036774595868931344,-0.04889781258979536,-0.04032497661737956
2025-09-20 00:00:00+00:00,-0.003720934525690074,0.0004674713480267114,0.0025172023891851915,0.003930921299784658,0.009002311358964779,0.0031007776782481854
2025-09-21 00:00:00+00:00,-0.030276674015729636,-0.003949179336778956,-0.007905657521594164,-0.01378404745822458,-0.026486603204574275,-0.014029848210438555
2025-09-22 00:00:00+00:00,-0.07477323440245082,-0.022382043394520493,-0.056583639970266164,-0.06901705206752828,-0.0772985213890666,-0.04824086451266506
2025-09-23 00:00:00+00:00,-0.009360442759563808,-0.006265292701802234,-0.008880917203417703,-0.033282629518204515,-0.0175516415398608,-0.003300333028656854
2025-09-24 00:00:00+00:00,0.007287903157591352,0.011686065403972611,-0.002668174605535307,-0.007764196827848086,0.016722797729459917,0.0033003330286569214
2025-09-25 00:00:00+00:00,-0.059846916009252335,-0.03866631483715072,-0.06939440039748354,-0.09331396863797493,-0.07845469339291154,-0.042058343328060514
2025-09-26 00:00:00+00:00,0.03250557040493152,0.006059207682856101,0.040142415762716536,0.06256592913581265,0.04214846862444524,0.02377021933391185
2025-09-27 00:00:00+00:00,-0.013956211493799553,3.171545622033994e-05,-0.0034783075543598782,-0.008315852843132417,-0.00733552372411444,-0.009271031427932681
2025-09-28 00:00:00+00:00,0.019272545121032325,0.022521196697353245,0.030149098274008464,0.035419866638075226,0.02776176581511799,0.01762529889779057
2025-09-29 00:00:00+00:00,-0.0042508034251946,0.019242477976310724,0.01774271725846093,0.009390626542732313,-0.010586590510700614,-0.0033333364197582274
2025-09-30 00:00:00+00:00,-0.007482664522671635,-0.002878962320561699,-0.01714201304137866,-0.019732177474036373,-0.008550714774571819,-0.012599914697007943
2025-10-01 00:00:00+00:00,0.04919882784491906,0.03943497306960967,0.048062012338863536,0.06226047926757914,0.06764661002300275,0.047057794620695675
2025-10-02 00:00:00+00:00,0.04298512823313954,0.016414919434720975,0.03108498135682908,0.05576204866632311,0.05085178441630128,0.019960742562537933
2025-10-03 00:00:00+00:00,-0.010821551743178354,0.013897346434138882,0.006243988171312139,-0.008293126656545928,-0.014598799421152523,0.0007902015425011044
2025-10-04 00:00:00+00:00,-0.03420856697768869,0.00111555863542803,-0.005809579912060488,-0.021564996664865686,-0.02905583277666301,-0.022365149459580166
2025-10-05 00:00:00+00:00,0.003065919621834761,0.00877941625304698,0.005791864963300527,0.0029781478675480724,0.0071457231409185525,0.006441246102857075
2025-10-06 00:00:00+00:00,0.040005334613699206,0.009569061691945465,0.03708563898348972,0.01648126823296511,0.05164924368830885,0.03082029798192187
2025-10-07 00:00:00+00:00,-0.07425881309223849,-0.026884719892268785,-0.05179946294844069,-0.05467919591155249,-0.074859569333034,-0.05108852321861554
2025-10-08 00:00:00+00:00,0.00945881986532287,0.015885407726716365,0.01732781138385774,0.04016389523986496,0.03461654566916366,0.008968669982760536
2025-10-09 00:00:00+00:00,-0.031883678405222014,-0.013422428780989686,-0.03525169334231356,-0.035947444860929975,-0.028159703220530193,-0.024652028998312193
2025-10-10 00:00:00+00:00,-0.32210509767449746,-0.07429536474626337,-0.13004067223666588,-0.15708066440388693,-0.24130834119397748,-0.2062324450603356
2025-10-11 00:00:00+00:00,0.002976192673045955,-0.019835079463208418,-0.0229400740595122,-0.06033350485152279,-0.052021184750878476,0.018237587549780793
2025-10-12 00:00:00+00:00,0.10699365387249171,0.03812554649597641,0.10276950245103925,0.10348629075947083,0.11213364266367218,0.07260081286315058
2025-10-13 00:00:00+00:00,0.046944734265188866,0.001686984425393835,0.02098419390302894,0.057341488451813784,0.03132671922642453,0.037567404362778785
2025-10-14 00:00:00+00:00,-0.04294739383256848,-0.0191030466622109,-0.028103775219996647,-0.030725279218526167,-0.0458971566923021,-0.03383953424876453
2025-10-15 00:00:00+00:00,-0.04487496622879318,-0.02035009654653104,-0.034310428597267476,-0.043386375762723466,-0.04043475704713397,-0.03985347144212469
2025-10-16 00:00:00+00:00,-0.04407251978770297,-0.023806518463731524,-0.023531034715046105,-0.04794751852162194,-0.040546094394349905,-0.03246719013750137
2025-10-17 00:00:00+00:00,-0.03400179727748958,-0.01608798197420504,-0.016104191039755567,-0.015371500742911619,-0.02036511968287121,-0.0242926925690447
2025-10-18 00:00:00+00:00,0.014925650216675574,0.006956515777584739,0.014894344126595084,0.030297150959587373,0.02671098973577418,0.015251947916895424
2025-10-19 00:00:00+00:00,0.03493805136128044,0.013643765095698694,0.02392312779676199,0.0015974444291570774,0.029604862667713727,0.016016358388574334
2025-10-20 00:00:00+00:00,0.022631800460197343,0.017160731349904226,-0.0009540548049803864,0.009689536535425472,0.02376850198100548,0.011846140504162656
2025-10-21 00:00:00+00:00,-0.03269658707633818,-0.020059822186883264,-0.026984113520271406,-0.02157150034636212,-0.02941388520629334,-0.012839682563040305
2025-10-22 00:00:00+00:00,-0.02932761509451995,-0.007249861805529189,-0.01783239320896448,-0.03044866124792481,-0.022905738565154186,-0.020080996057049133
2025-10-23 00:00:00+00:00,0.03365350504164258,0.02306551146963039,0.013505749973226996,0.06062462181643484,0.026501940745506627,0.024049255232669663
2025-10-24 00:00:00+00:00,0.03255772348343202,0.008422321247751177,0.019978546677384922,0.011427508524165136,0.014256860624864844,0.01376619576414797
2025-10-25 00:00:00+00:00,-0.0027894020875785254,0.005617429034282236,0.0046838493124264375,0.0013419356852498437,-0.006593987879295796,-0.003913899321136329
2025-10-26 00:00:00+00:00,0.02210034700066592,0.025533172574303244,0.05065334778733808,0.03142789433514938,0.04624239209063323,0.03468555798789011
2025-10-27 00:00:00+00:00,-0.026299093547015595,-0.0038903301135596326,-0.009353254199248543,-0.006820829894599641,-0.02658945418923961,-0.017192400540372875
2025-10-28 00:00:00+00:00,-0.019830678180485735,-0.010433233756130004,-0.03454875151290845,-0.022803451573683516,-0.03400479879775948,-0.025367213878423216
2025-10-29 00:00:00+00:00,0.004282661792000728,-0.02570734899444721,-0.01957238940578117,-0.0012879628786447077,-0.00673403218134418,0.004928546201148958
2025-10-30 00:00:00+00:00,-0.08623467792145746,-0.015917846225070312,-0.02594360605982515,-0.04907631707757664,-0.051731074847644956,-0.04320109240602474
2025-10-31 00:00:00+00:00,0.018462062839735352,0.01151447035404257,0.011080887492081902,0.013285122110195433,0.02004943886752979,0.0293394843194004
2025-11-01 00:00:00+00:00,0.02111692344092283,0.004765552318320344,0.0067878721909360685,-0.004605588390472645,0.004816707198552034,0.01680711831638119
2025-11-02 00:00:00+00:00,0.00149142458667012,0.004170235362764072,0.008676559613321217,0.007806273935225292,-0.004816707198551983,-0.000980873055591948
2025-11-03 00:00:00+00:00,-0.15963014559188382,-0.03669979970309837,-0.08069329933692594,-0.12287560372001244,-0.10810629425871257,-0.10329091086703784
2025-11-04 00:00:00+00:00,-0.022989518224698833,-0.048907345509223474,-0.09205533986593374,-0.06867030124448478,-0.03095846631146567,-0.038829059718043624
2025-11-05 00:00:00+00:00,0.029958187540792165,0.023374239244277728,0.04090267543803882,0.046320620856029567,0.03036055896928851,0.035559302036486926
2025-11-06 00:00:00+00:00,-0.03894297394860741,-0.02525277802019941,-0.032691602896035614,-0.045095802008307664,-0.034066554563606195,-0.01651110706579242
2025-11-07 00:00:00+00:00,0.1109405859373122,0.01953940370291528,0.035663130635801545,0.04102297934657735,0.10058427607838728,0.10724553035359759
2025-11-08 00:00:00+00:00,-0.01628700497469905,-0.00969646674611647,-0.009767108502580083,-0.023398002036297175,-0.01522442712723062,-0.0080080508033428
2025-11-09 00:00:00+00:00,-0.0032894766503987574,0.023346231633399786,0.052185005618038564,0.04056370062595036,0.018576385572935457,0.004012041489960633
2025-11-10 00:00:00+00:00,0.022802290873980335,0.012026550197389387,-0.004584719598126874,0.01675646463055497,0.01329659479103845,0.014903405502574948
2025-11-11 00:00:00+00:00,-0.06314389558298632,-0.028274710470300543,-0.043029647444982895,-0.07927093941465302,-0.0548624985886725,-0.05056688954058289
2025-11-12 00:00:00+00:00,-0.019048194970694474,-0.013418490198559585,-0.000603136327089691,-0.0076643659154369565,-0.010520260674179278,-0.013577232065155147
2025-11-13 00:00:00+00:00,-0.05387298994015175,-0.02003083698344537,-0.05552500076224085,-0.0582597799136983,-0.03832804472030469,-0.022329476398088657
2025-11-14 00:00:00+00:00,-0.10086061033497395,-0.05266884749469156,-0.03774651989497149,-0.041559474676286026,-0.03922071315328127,-0.03612872408850554
2025-11-15 00:00:00+00:00,0.01820070464684637,0.010768536571634974,0.017916709819272923,0.005317250438386195,0.03493805136128044,0.007773498333380226
2025-11-16 00:00:00+00:00,-0.026397471851024812,-0.013813095640665006,-0.023381107399702346,-0.01778660150468228,-0.02860891630963288,-0.016732124878271918
2025-11-17 00:00:00+00:00,-0.031350529884076044,-0.022569106817697786,-0.02128240386512825,-0.046589494336224974,-0.041874072471058996,-0.03549313602594237
2025-11-18 00:00:00+00:00,0.03545731183672942,0.008698535765535063,0.030591022367143166,0.07222823126668354,0.061862245736784935,0.03324088282161723
2025-11-19 00:00:00+00:00,-0.024897551621727087,-0.01586788020337704,-0.03226332987971445,-0.026733587592724383,-0.04619612899238538,-0.035574606167837405
2025-11-20 00:00:00+00:00,-0.06959329179919535,-0.055389737149491323,-0.06572051668510792,-0.025293464942138837,-0.03694351519168444,-0.03809984623227029
2025-11-21 00:00:00+00:00,-0.07480121308269828,-0.017082095054561458,-0.023651447648570526,-0.037547333119655905,-0.05953314779850172,-0.04976150955906406
2025-11-22 00:00:00+00:00,0.0024242436115062545,-0.00460160331748055,0.0014999090216908338,-0.008277417243539129,0.0,-0.005115100666770377
2025-11-23 00:00:00+00:00,0.009638628837768573,0.024796800701129194,0.011704816581120887,0.023404664106329416,0.033663767820084706,0.006389798098770988
2025-11-24 00:00:00+00:00,0.09159716909540332,0.016731189325559982,0.05268336334256139,0.058463999763472545,0.0458301225409552,0.05934992438443425
2025-11-25 00:00:00+00:00,0.0,-0.010789999185564406,0.0019519990500902217,0.00360594650068733,0.007220247973487097,0.054888265305409634
2025-11-26 00:00:00+00:00,0.025919377552074494,0.03539135173163352,0.02274507355881665,0.029158239210952095,0.011703644644003787,-0.024152985487996728
2025-11-27 00:00:00+00:00,0.00425532557013827,0.009240030817349016,-0.0038429821930565373,-0.015288986297868411,-0.013012545354433754,0.019597168952136132
2025-11-28 00:00:00+00:00,-0.01713103993018367,-0.004496487283286568,0.0055924173737700675,-0.025017478985267717,-0.016507472894552403,-0.012636584004512244
2025-11-29 00:00:00+00:00,-0.013043663192029226,-0.0008227320083784907,-0.01382776782961349,-0.010317290509198515,-0.012056408596754237,-0.013969959440200309
2025-11-30 00:00:00+00:00,-0.00879126541117077,-0.005092269704722899,0.0005916873121982102,-0.018334156160274232,-0.016304709024943697,-0.020130934406977486
2025-12-01 00:00:00+00:00,-0.11200505837649474,-0.04618077010925612,-0.0667579837907161,-0.05244128917209991,-0.07463498138858068,-0.04777393429448658
2025-12-02 00:00:00+00:00,0.1207963237876656,0.05645877416797277,0.06836079974661448,0.09072804782524459,0.07326417925480226,0.05966468081600824
2025-12-03 00:00:00+00:00,0.04910271300773182,0.023267134742045874,0.06229991980498576,0.042487513766253905,0.03966906677992863,0.059650708695976405
2025-12-04 00:00:00+00:00,-0.00836824967051658,-0.0146326756633068,-0.017568363455859885,-0.039895346416167946,-0.028076710574612144,-0.02938064439322013
2025-12-05 00:00:00+00:00,-0.08091844115624859,-0.03036633231047527,-0.03614692862151374,-0.042078236543504566,-0.055046985451602345,-0.049363723118335895
2025-12-06 00:00:00+00:00,0.02696792642750697,-0.001004734699040846,0.005400594752773686,-0.008208804614598393,0.0014316394714378922,0.015541257211211997
2025-12-07 00:00:00+00:00,-0.017897569457542676,0.012819785771559003,0.007091472612315469,0.00037802896151993,-0.007899502478924063,-0.01193331583501284
2025-12-08 00:00:00+00:00,0.0697450339895056,0.00273631555437484,0.020670423479825346,0.007380663117347085,0.02773018065940971,0.02957045732111961
2025-12-09 00:00:00+00:00,0.041242958534049,0.02224835519601936,0.06027631472655879,0.03415163920762041,0.037168765783919366,0.01733145635163994
2025-12-10 00:00:00+00:00,-0.06252035698133393,-0.007178453444278886,0.0018000992205926582,-0.011523721718250632,-0.03227193892998873,-0.020834086902842025
2025-12-11 00:00:00+00:00,-0.01081091610421573,0.005510313682793679,-0.026522841368062086,0.0008065994937772729,-0.02044484324241553,-0.004689340363386059
2025-12-12 00:00:00+00:00,-0.06280090123903036,-0.02482761541954264,-0.048426888593125446,-0.03081518010049412,-0.0252447592973076,-0.028607433549682718
2025-12-13 00:00:00+00:00,0.013793322132335988,-0.00016938107542102673,0.009809328898438177,0.006630025039764719,0.015942366634994126,0.010823918061010294
2025-12-14 00:00:00+00:00,-0.049132688577644766,-0.02345608732198349,-0.016897761931267182,-0.028718125447253186,-0.036607308641764466,-0.035304944814752694
2025-12-15 00:00:00+00:00,-0.026733062197068752,-0.020025046092123105,-0.032765882534422086,-0.01252009044618821,-0.03259098601764322,-0.020025700502294914
2025-12-16 00:00:00+00:00,0.00736199644106904,0.01641320778372788,-0.0007795508359862907,0.010508795577708766,0.015290817798417145,-0.005069719350250846
2025-12-17 00:00:00+00:00,-0.04756841691910957,-0.018711221958347898,-0.04470361279264908,-0.047006870561743956,-0.04262559271196149,-0.04549192446756331
2025-12-18 00:00:00+00:00,-0.0472528848505455,-0.00867217686748905,-0.001986020767422646,-0.030239173240468663,-0.03463898462318891,-0.0659579677917974
2025-12-19 00:00:00+00:00,0.09969936022308797,0.03028703281549195,0.05212369762280086,0.054216906711004605,0.08029488268432942,0.06462729560609225
2025-12-20 00:00:00+00:00,-0.007326040092072786,0.0026481467266146618,-0.0003929279732987627,-0.0034131080480486868,-0.00227186769431713,-0.01070960704637554
2025-12-21 00:00:00+00:00,-0.0148150857851407,0.0034688138758478862,0.008209243481257657,0.001827064892413914,-0.006083668953614753,-0.0203949965210732
2025-12-22 00:00:00+00:00,-0.002490661312451808,-0.000912791055005946,0.002080057993147125,-0.0012706482014555418,0.010622254656622927,-0.011049836186584935
2025-12-23 00:00:00+00:00,-0.02015181543730793,-0.012796317142059137,-0.014874782112472021,-0.015294368673239475,-0.025221054077775352,-0.011173300598125189
2025-12-24 00:00:00+00:00,0.010126668817929268,0.002048544614800401,-0.0060008810761583604,-0.012014106678606189,-0.005432687013227049,0.012561225872973258
2025-12-25 00:00:00+00:00,-0.0177895415634983,-0.004997623721076114,-0.014732652072350206,-0.020211040616130785,-0.03887835931168407,-0.019608471388376198
2025-12-26 00:00:00+00:00,0.03278982282299097,0.0015103864556723192,0.008036168064979544,0.01808546754638479,-0.013029500290333907,0.007047245515402922
2025-12-27 00:00:00+00:00,0.04131814933073086,0.00580354048459262,0.007151279391230536,0.019932599641136042,0.018676953783408858,0.03450998077736084
2025-12-28 00:00:00+00:00,-0.007168489478612516,0.0007227813943150504,0.0007360585922869958,0.004163003370365129,-0.004030638266169707,0.002710028758865158
2025-12-29 00:00:00+00:00,-0.02427303635620642,-0.00861106564902698,-0.0047923903058695975,-0.01651332380930834,-0.008925008533629882,-0.028828351899977612
2025-12-30 00:00:00+00:00,0.01705278838271948,0.014552522405782801,0.012062741724442343,0.01427386034436994,0.004066699382553613,-0.012614042516096716
2025-12-31 00:00:00+00:00,-0.026929411878631293,-0.010133795266151132,-0.001081123058621728,-0.0035293210613926975,-0.049074295439989604,-0.02716392894082239
2026-01-01 00:00:00+00:00,0.1995421545456251,0.013883548041462315,0.0111456303649234,0.018233715081769845,0.0770873316676637,0.07669262078825437
2026-01-02 00:00:00+00:00,0.19678288162314128,0.013615843936961471,0.04046589154687202,0.0425563268430378,0.1125955267709337,0.08488383573585337
2026-01-03 00:00:00+00:00,0.01655666959444761,0.007084950547293739,0.0003359747378604421,0.008058182701130146,0.009126072464377976,-0.003705995594317536
2026-01-04 00:00:00+00:00,0.16465130133832706,0.009892641542034907,0.00565301286572316,0.005535207490272863,0.04375270626833572,0.11226730187108101
2026-01-05 00:00:00+00:00,-0.023961682013634068,0.02559191101723346,0.025676899597697964,0.02824132386944443,0.014608493523745481,0.024044874254002868
2026-01-06 00:00:00+00:00,-0.04373875006290827,-0.0016095578588361473,0.02162942777860518,0.02244384890489267,-0.00794180216555614,-0.0163313373862211
2026-01-07 00:00:00+00:00,-0.022608348027592765,-0.026307031000713764,-0.04016151530380398,-0.03433442194241932,-0.028303776162851707,-0.03689630362484155
2026-01-08 00:00:00+00:00,-0.07598590697792199,-0.0027885049248177704,-0.0196870314230131,0.014497758755389436,-0.031241693928051536,-0.003422707277502394
2026-01-09 00:00:00+00:00,0.0032840752011897975,-0.0055983472282336985,-0.006398677467691646,-0.017952755392523077,-0.009210125324226654,-0.010338977795179219
2026-01-10 00:00:00+00:00,-0.026579637804712012,-0.0014697393104396344,-0.0007037651725649121,-0.0009577486273787594,-0.007142887512380114,-0.001155401630555874
2026-01-11 00:00:00+00:00,-0.0238512158221798,0.005442298380397285,0.011768920660597279,0.02783913476420312,-0.012261242681862218,-0.023392879574705462
2026-01-12 00:00:00+00:00,-0.01388911216066715,0.0034556481720273823,-0.00857838137708972,-0.003087197770900849,-0.00947874395454377,-0.009512556867698665
2026-01-13 00:00:00+00:00,0.14006593994551916,0.04475525981920049,0.07214811845526348,0.04464870373139125,0.08223809823697201,0.07034599781272434
2026-01-14 00:00:00+00:00,-0.053054562955889395,0.016338416571155732,0.009406443590698348,0.008695409277760713,-0.006770506567210602,-0.02823451246259746
2026-01-15 00:00:00+00:00,-0.0543343509633295,-0.01414075839163418,-0.010978302230279504,-0.02989221387401692,-0.05014978368547144,-0.037343895866654014
2026-01-16 00:00:00+00:00,0.001690617477907452,-0.0006558696617021167,-0.006955392743269749,0.017200382271785906,-0.013664362194057972,0.01650980896381207
2026-01-17 00:00:00+00:00,-0.020478531343540562,-0.00423314071654578,0.004254584631682629,-0.008041080343550897,-0.001449275615990398,-0.008220833144857023
2026-01-18 00:00:00+00:00,-0.060409127795559986,-0.015635005078892383,-0.008085540974046436,-0.04171267966683604,-0.04676176590803933,-0.04584638812541858
2026-01-19 00:00:00+00:00,-0.035418427203542706,-0.011520896310455548,-0.029388560541935182,-0.032748704252750276,-0.01917972103861998,0.0036968618813262026
2026-01-20 00:00:00+00:00,-0.05459445278984375,-0.04688118943048916,-0.08192309067844278,-0.05946779700725003,-0.0467782467531773,-0.051746559523034405
2026-01-21 00:00:00+00:00,0.02961716970364658,0.01182678716908778,0.014561985797225736,0.029558029683128418,0.025642430613337652,0.0331240474250325
2026-01-22 00:00:00+00:00,-0.03968774826724258,0.0011571865570746624,-0.0101114187336671,-0.008456545993032208,-0.016753483196091823,-0.021533447610122772
2026-01-23 00:00:00+00:00,0.016064602503806622,0.0002511860396677888,0.0011146328032762215,-0.008292959434806105,0.002410607836687344,0.008922940018193248
2026-01-24 00:00:00+00:00,-0.00399202126953745,-0.004466724305633717,-0.001382465277360877,-0.0020446688469738707,-0.00482704074831598,-0.010204170174241847
2026-01-25 00:00:00+00:00,-0.06187540371808753,-0.028765573159488904,-0.04671718229731358,-0.06740283612061883,-0.03864023650116638,-0.03788826791950266
2026-01-26 00:00:00+00:00,0.06387340638076057,0.019372804883019106,0.039355987606907006,0.04414782622667922,0.024017717633624595,0.023685317741509115
2026-01-27 00:00:00+00:00,0.0,0.009712891202815821,0.031904851794662514,0.023255009893939627,0.030622860213983003,0.01804172648515926
2026-01-28 00:00:00+00:00,-0.008016074988236173,0.0005208643055414669,-0.005184650090627057,-0.014750465695437177,-0.009569451016150785,-0.0051216501200548065
2026-01-29 00:00:00+00:00,-0.04949463760469586,-0.05359759681627656,-0.06473054496508086,-0.06221372430812219,-0.06368418533165564,-0.05950201725623271
2026-01-30 00:00:00+00:00,-0.023530497410194046,-0.004665742979917966,-0.04171844561185498,-0.0016166776548200861,-0.01289231436539456,-0.01648388972168926
2026-01-31 00:00:00+00:00,-0.10728637085104048,-0.06723808732642048,-0.0984368837853454,-0.10741585908846699,-0.1038238269190105,-0.059932340722673845
2026-02-01 00:00:00+00:00,0.0024067400305650593,-0.022537092549340887,-0.07685638543492164,-0.046578711547190864,0.0,-0.02833895831846611
2026-02-02 00:00:00+00:00,0.01904819497069441,0.022873149079143285,0.033301877950757265,0.03695638226682076,0.0339655291556303,0.038580452370662995
2026-02-03 00:00:00+00:00,-0.03114024073572329,-0.03902042430586294,-0.04996570775367884,-0.06628872758486738,-0.017782405867536148,-0.02655023209412084
2026-02-04 00:00:00+00:00,0.021661496781179467,-0.0357412861193105,-0.03981234791436543,-0.06148807754762189,-0.021957922781978067,-0.010518504191220234
2026-02-05 00:00:00+00:00,-0.20544397421480884,-0.1506193335926166,-0.16181050293613342,-0.16162990126214338,-0.1595707472965975,-0.16554465041431204
2026-02-06 00:00:00+00:00,0.13389682292276067,0.11597893102533224,0.12295930933050883,0.11121217597887662,0.10817584238210891,0.11916848862416103
2026-02-07 00:00:00+00:00,-0.012870190520534796,-0.01826324949167577,0.01171881820540399,0.0018287809417365253,-0.0023398962809876474,0.0
2026-02-08 00:00:00+00:00,-0.02094317384524325,0.014873553658021368,0.0010537812559076394,-0.00722024797348702,-0.016534394651079927,-0.033792434975262055
2026-02-09 00:00:00+00:00,0.007905179507113247,-0.0026799440565696505,0.007236228779987487,-0.002533687869309896,-0.005399244764260871,-0.0016380020042383583
2026-02-10 00:00:00+00:00,-0.04564550748996038,-0.018743674083259394,-0.03981271626047346,-0.0445670828731009,-0.03517684440243096,-0.014864022632149393
2026-02-11 00:00:00+00:00,-0.019418085857101513,-0.02602047590723769,-0.041175071627985886,-0.04563623298788514,-0.01817341490549861,-0.016778917129109366
2026-02-12 00:00:00+00:00,0.041158072493507336,-0.012291110372049609,0.003072104181463324,-0.011550550451202981,0.0202202779955724,0.021758180528716777
2026-02-13 00:00:00+00:00,0.01600034134644112,0.03844775487452907,0.05077293582949814,0.07321391755684109,0.03904685122405209,0.04531519621204249
2026-02-14 00:00:00+00:00,0.2451224580329851,0.014058666328300279,0.01841173618549282,0.043533076536826566,0.1387444421860735,0.10646749766380742
2026-02-15 00:00:00+00:00,-0.09097177820572676,-0.014286544821219096,-0.059301900603473796,-0.022168254039129698,-0.07869226857566498,-0.07224954035346609
2026-02-16 00:00:00+00:00,0.015748356968139112,0.0009981824785946169,0.016088762670960686,0.0035939984196227937,-0.015717415895409596,0.006097579868118538
2026-02-17 00:00:00+00:00,-0.020293819339813796,-0.020418468496210835,-0.003269435224523423,-0.015864091011437133,-0.003968259175620734,-0.010695289116747806
2026-02-18 00:00:00+00:00,-0.03712723402889346,-0.015582521246942508,-0.018093665845158112,-0.0417777715293818,-0.02109570948759551,-0.032789822822990956
2026-02-19 00:00:00+00:00,0.0,0.00823806853524778,-0.0035762265414974233,0.010973043532774979,-0.0017273793859783227,-0.016000341346441075
2026-02-20 00:00:00+00:00,0.004716989878138867,0.01501382802581369,0.010228322261106227,0.025972377264725274,0.01784051752911006,0.036425246198482156
2026-02-21 00:00:00+00:00,-0.02381064869371856,-0.0004702782267026482,0.0024559314941315883,0.006242291043000223,-0.017027261410280707,-0.006240269860084623
2026-02-22 00:00:00+00:00,-0.024391453124159124,-0.004988065309805031,-0.008111219471630321,-0.02882524489581721,-0.029702090628977114,-0.03018497633839755
2026-02-23 00:00:00+00:00,-0.02247285585205863,-0.04513375733640375,-0.053295449027343914,-0.06065483375317337,-0.03082727101598091,-0.03278982282299084
2026-02-24 00:00:00+00:00,-0.005063301956546651,-0.00889804143430512,-0.0019365163332984948,0.014025475354504458,-0.01369586625540692,-0.016807118316381174
2026-02-25 00:00:00+00:00,0.0495150645273805,0.05951911374542476,0.10526656129689782,0.10882374446910438,0.09921273034903394,0.05602783146966251
2026-02-26 00:00:00+00:00,-0.07783098464466852,-0.007392513876939732,-0.014563851369926339,-0.024718163677642707,-0.0395220469541118,-0.044233254976825766
2026-02-27 00:00:00+00:00,-0.03723834514011876,-0.024409189475942568,-0.049688298510623584,-0.04841193283282131,-0.037930690862660495,-0.030614635819606863
2026-02-28 00:00:00+00:00,-0.00816331063916087,0.016782043561793407,0.018093092955900163,0.03032358436039147,0.00736199644106904,-0.0017286089006177425
2026-03-01 00:00:00+00:00,-0.05908891637000656,-0.01824324763008628,-0.012882782558692142,-0.009168368086879554,-0.023555808162962502,-0.044215867150042554
2026-03-02 00:00:00+00:00,0.020086758566737292,0.045437936693903336,0.04426592256957255,0.03560265581139308,0.018012674899200994,-0.0036231923694203952
2026-03-03 00:00:00+00:00,-0.017192400540372875,-0.007201900575966278,-0.022233444748426923,0.00414699361740045,-0.0389086293070723,-0.00545952220489887
2026-03-04 00:00:00+00:00,0.05619455834364207,0.06167098117460394,0.07053354906483734,0.043856814611229776,0.0951283046712062,0.041113922707994764
2026-03-05 00:00:00+00:00,-0.050430853626891856,-0.025100265222147266,-0.026053282028996455,-0.0234885847247898,-0.055899042646162314,-0.03384116337891507
2026-03-06 00:00:00+00:00,-0.026202372394024072,-0.039903401820331724,-0.046666347175792044,-0.047281953139224654,-0.024994538909284224,-0.020128767430613766
2026-03-07 00:00:00+00:00,-0.04217492505071292,-0.01254454400653059,-0.004589627209362704,-0.017391742711869333,-0.014790556602361872,-0.014897854680636946
2026-03-08 00:00:00+00:00,-0.02177379954956062,-0.019326964905524692,-0.01664972954802964,-0.019780998114086363,-0.008823422408014285,-0.009425140459582997
2026-03-09 00:00:00+00:00,0.027908788117076658,0.03667476855033994,0.02880712102086252,0.040591547574740976,0.01514168318747064,0.026169717733384605
2026-03-10 00:00:00+00:00,0.009132483563272474,0.02200496275175934,0.02149702678001145,0.010769154762683348,0.043778944398586074,0.04155972970679472
2026-03-11 00:00:00+00:00,0.009049835519917856,0.0034807225793342324,0.007522326003520441,0.008001434235701002,-0.017712797705036993,0.01405998556829873
2026-03-12 00:00:00+00:00,0.005988041844622693,0.004583016952130446,0.010320389237091204,0.002998502996256633,0.019720300096176372,0.032620918169266024
2026-03-13 00:00:00+00:00,0.008915363657952329,0.005852451292157998,0.009202452666417988,0.015426232889998262,0.013316055213926658,0.003372684478639156
2026-03-14 00:00:00+00:00,-0.005934735519814466,0.0039682008373387746,0.0019095454402239622,-0.0014751775724815583,0.0004165365050332227,-0.010152371464018073
2026-03-15 00:00:00+00:00,0.02643325706815543,0.02228516043790331,0.038321661336319514,0.047350715456928705,0.013854646758542193,0.011834457647002798
2026-03-16 00:00:00+00:00,0.14792013007662227,0.027836124152992494,0.07687943783522945,0.040956286379987605,0.056975855049806255,0.03954386713896642
2026-03-17 00:00:00+00:00,-0.08610269905341161,-0.012738683369930191,-0.014836972131249342,-0.01613952450919221,-0.028531202372149816,-0.021225286615281704
2026-03-18 00:00:00+00:00,-0.04173067245647311,-0.03703207721065842,-0.05062373231285907,-0.04937670699198329,-0.05066317464395399,-0.04040953833787655
2026-03-19 00:00:00+00:00,-0.028820438535492085,-0.018841292194181843,-0.030267371613670723,-0.013297028143489627,-0.018115861709070202,-0.0017196908795265881
2026-03-20 00:00:00+00:00,0.0,0.008338134539338167,0.0037255640768657883,0.010406852721256346,0.006500102805421252,0.023810648693718392
2026-03-21 00:00:00+00:00,-0.02967576814611655,-0.022875307683271427,-0.028942994313342834,-0.025708936509254418,-0.030300447346308483,-0.01524161596861709
2026-03-22 00:00:00+00:00,-0.01212136053234485,-0.015445671962840026,-0.015035260940198365,-0.015539881062213384,-0.013557661509906999,-0.027683428748416856
2026-03-23 00:00:00+00:00,0.050530808647215965,0.04366450904820359,0.046607661894644874,0.05879409523395081,0.043858108856215515,0.06618190688130118
2026-03-24 00:00:00+00:00,0.022923639901937024,-0.00494887942122259,0.00184807745799848,-0.007135438365062524,0.009829387388831828,0.017901210329240084
2026-03-25 00:00:00+00:00,0.002828856200477623,0.01090287335964173,0.0057867667559428695,0.009975418427893607,0.011294828294904196,-0.01298719552681119
2026-03-26 00:00:00+00:00,-0.040351295523567345,-0.036034095227545665,-0.05159702765041367,-0.05839107963547661,-0.04433359529783146,-0.03322564762832039
2026-03-27 00:00:00+00:00,-0.03593200922606333,-0.0357650862143914,-0.03331123219458751,-0.04034993512834538,-0.021536927368680486,-0.02566436837590611
2026-03-28 00:00:00+00:00,0.0,-0.0005683816717519567,0.0008983711981150208,-0.012478204187948962,0.009947031617435993,0.01034491984239295
2026-03-29 00:00:00+00:00,-0.003053437486890343,-0.0054372493456652645,-0.005165344905104101,-0.008078379306092561,-0.006288288138018994,-0.008613317678114947
2026-03-30 00:00:00+00:00,0.012158204479809583,0.011703813087348004,0.020844016016508354,0.013549185000138533,0.004306781545157637,0.02393276621162836
2026-03-31 00:00:00+00:00,0.02682724223314406,0.022072881909569794,0.03833442243829656,0.007729507082267391,0.016176984102667432,0.003372684478639156
2026-04-01 00:00:00+00:00,0.0,-0.0018463855990329275,0.017002756380251765,-0.023739626017887608,-0.0005422699552654322,0.010050335853501506
2026-04-02 00:00:00+00:00,-0.017804624633506592,-0.01797177073747673,-0.03967687063273259,-0.027730980071433167,-0.019609545482042662,-0.02360986563913385
2026-04-03 00:00:00+00:00,0.023669744085904703,0.0008709858940334686,-0.0016397713833772659,0.01795064831940381,0.012642393415176527,0.0202709643736192
2026-04-04 00:00:00+00:00,-0.005865119452398022,0.005031135951686123,0.005734737490310003,0.005582794724697989,0.005447229941669207,0.0
2026-04-05 00:00:00+00:00,0.026126304592219998,0.025140000968897208,0.021071263673866705,0.012540120071390756,0.003254151911677823,0.0016708441648175007
2026-04-06 00:00:00+00:00,-0.046929432221983355,-0.002193431454008583,-0.0009249180683984692,-0.022486739438189025,-0.01891283484487367,-0.027074411764956976
2026-04-07 00:00:00+00:00,0.11075136429270285,0.04354863722062025,0.06098743675075154,0.06681631983525006,0.046469849333593695,0.051807741796650014
2026-04-08 00:00:00+00:00,-0.04959694113937206,-0.011625252162013317,-0.02236591399636531,-0.035450363756260726,-0.026691026125442507,-0.03311560878449755
2026-04-09 00:00:00+00:00,-0.00851068966790873,0.010036062987387405,-5.47885163408045e-05,0.009281088738858839,0.0019457362100133166,-0.005063301956546651
2026-04-10 00:00:00+00:00,0.033616610798985064,0.01639334328084755,0.025247263348854878,0.017836382483432372,0.012022471987461059,0.010101095986503699
2026-04-11 00:00:00+00:00,0.0027510333718897976,0.0011967037037355095,0.017498201322538983,0.0012955658133934223,-0.006422629656467247,-0.0033557078469723042
2026-04-12 00:00:00+00:00,-0.05071509257901645,-0.032369468055852606,-0.042006072855911014,-0.041086860102521244,-0.024569123651870476,-0.032453744849738515
2026-04-13 00:00:00+00:00,0.08048725091268655,0.050904399264442096,0.0782554347694007,0.05985963783657488,0.035463175641738974,0.0408219945202552
2026-04-14 00:00:00+00:00,-0.04919024419077178,-0.0036059400565265996,-0.019912497014600964,-0.032997768665400905,-0.012183542819740292,-0.02874246886565398
2026-04-15 00:00:00+00:00,0.041158072493507336,0.008785212377428688,0.0158370534967236,0.01375407027277394,0.019908040251529445,0.023729927042109685
2026-04-16 00:00:00+00:00,0.06755815101129109,0.004473660548520374,-0.005011328421751474,0.04804969764170824,0.045134386162514376,0.049029427240318606
2026-04-17 00:00:00+00:00,-0.00503779402995707,0.025420201577969908,0.029859224229444554,-0.003147484612807422,0.002314699367904124,0.007942853513936731
2026-04-18 00:00:00+00:00,-0.049169023806469814,-0.01792694753792192,-0.028744368449485025,-0.029941672194308683,-0.04808173000533612,-0.04036060308735903
2026-04-19 00:00:00+00:00,-0.03234783386551917,-0.025516290078931456,-0.03791765290276292,-0.031943313463738354,-0.018522990732248664,-0.02671277365340006
2026-04-20 00:00:00+00:00,0.029691789807403,0.027266323887025698,0.022225660870801692,0.021564816714694273,0.023153115809191147,0.016778917129109287
2026-04-21 00:00:00+00:00,0.013210231736806482,0.006365654984500754,0.005866685790518464,0.008753046489850131,-0.0006301197435964494,0.01486402263214934
2026-04-22 00:00:00+00:00,-0.002628122406269469,0.02407071031299693,0.0199087283600685,0.0098283730389151,0.005029875426862208,0.0016380020042383698
2026-04-23 00:00:00+00:00,0.007863736460214451,0.0009484126749200292,-0.018715487625988653,-0.00855101119769325,0.015454334443895679,0.008150004361924408
2026-04-24 00:00:00+00:00,0.010389703849135868,-0.010533074445478761,-0.006589150274987329,0.0005800800673131213,0.013291270196082873,0.006472514505617298
2026-04-25 00:00:00+00:00,-0.005181358741997518,0.0023516349457798433,0.001755896400287906,-0.00023199164934105792,-0.004478834848653208,-0.004850454133749354
2026-04-26 00:00:00+00:00,0.010336009330662073,0.013151844556281551,0.021449892567963307,0.008663063130644525,0.012571130677893278,0.0080710688337915
2026-04-27 00:00:00+00:00,0.0025673955052457334,-0.01666418456493002,-0.02852244023325832,-0.024919780426683413,-0.0031279981107200706,-0.012945164592036963
2026-04-28 00:00:00+00:00,-0.005141399500418652,-0.013577112742885427,-0.006152793710687688,-0.009001600518984111,0.003933637630629694,0.0
2026-04-29 00:00:00+00:00,-0.007762005335489189,-0.007519211601141531,-0.01642622618781277,-0.012330317229731876,0.04584258946216819,0.003252035386377316
2026-04-30 00:00:00+00:00,0.0051813587419975845,0.0073682768469880665,0.0020315383242896015,0.00036129343441128505,0.023754086008107057,0.009693129205659533
2026-05-01 00:00:00+00:00,0.015384918839479237,0.024724759077316548,0.016994539269484715,0.008512730502977583,0.018605187831034486,0.008006447893741282
2026-05-02 00:00:00+00:00,0.017654935238720745,0.0057077651754911555,0.009288354948785799,0.005951689988589141,0.0,0.0
2026-05-03 00:00:00+00:00,-0.015113637810048071,-0.0015311000229017834,0.002465837348924981,-0.004162460668892492,-0.0018450189735693507,-0.01607751672753289
2026-05-04 00:00:00+00:00,0.010101095986503699,0.016305086111908625,0.010446587247368605,0.0021428579628285566,0.016483889721689415,0.0032362487792083248
2026-05-05 00:00:00+00:00,0.03214120921179677,0.013172820004905756,0.005837336336370399,0.025710167676149094,0.04180244015683163,0.025519726208095676
2026-05-06 00:00:00+00:00,0.012092045765028772,0.00650201202097922,-0.004232284977142201,0.03272252278819381,-0.020238262240991223,0.009404458027978199
2026-05-07 00:00:00+00:00,-0.0024067400305649764,-0.017701524329619727,-0.02579437129112727,-0.008448374665551671,-0.042675563169577956,-0.020489290452471356
2026-05-08 00:00:00+00:00,0.037829569873049564,0.002327002348881038,0.007142048653178341,0.04002529715067218,0.01564689078165862,0.026710150327573862
2026-05-09 00:00:00+00:00,-0.014018921179331041,0.005831552514313527,0.008183888629816428,0.012099099739296501,-0.007332755129391685,-0.012480661223609142
2026-05-10 00:00:00+00:00,0.03695570652242912,0.018821523078895414,0.01898687460697744,0.03492468677940384,0.03347214333242688,0.035470179448308006
2026-05-11 00:00:00+00:00,-0.01600034134644119,-0.005672218933109992,-0.013298599075346444,0.00949439536630143,-0.009834679178091606,0.0
2026-05-12 00:00:00+00:00,-0.04717856027509038,-0.015330056425407216,-0.028106518796236473,-0.032252443271212766,-0.010840214552864833,-0.02765153133051001
2026-05-13 00:00:00+00:00,0.014388737452099452,0.00839674826095276,0.011408862580233676,0.015264257632113693,0.013532006218576373,0.010844413014128657
