timestamp,symbol,open,high,low,close,volume_from,volume_to
2023-05-01T00:00:00+00:00,PEPEUSD,0.1055,0.1014,0.0896,0.09802,32048.33,3141.47
2023-05-02T00:00:00+00:00,PEPEUSD,0.09802,0.1004,0.08063,0.08092,91301.95,7388.07
2023-05-03T00:00:00+00:00,PEPEUSD,0.08092,0.09439,0.08161,0.08161,14196.41,1158.53
2023-05-04T00:00:00+00:00,PEPEUSD,0.08161,0.09093,0.08111,0.09064,2041.8,185.07
2023-05-05T00:00:00+00:00,PEPEUSD,0.09064,0.1087,0.07062,0.1055,245696.95,25918.12
2023-05-06T00:00:00+00:00,PEPEUSD,0.1055,0.1097,0.0877,0.0932,85900.93,8005.93
2023-05-07T00:00:00+00:00,PEPEUSD,0.0932,0.1029,0.092,0.09743,45720.19,4454.67
2023-05-08T00:00:00+00:00,PEPEUSD,0.09743,0.1006,0.05696,0.05779,167522.44,9681.04
2023-05-09T00:00:00+00:00,PEPEUSD,0.05779,0.0764,0.05757,0.06533,110807.85,7238.56
2023-05-10T00:00:00+00:00,PEPEUSD,0.06533,0.06548,0.05028,0.05028,100779.45,5067.62
2023-05-11T00:00:00+00:00,PEPEUSD,0.05028,0.06397,0.04912,0.06397,12876.24,823.69
2023-05-12T00:00:00+00:00,PEPEUSD,1.39e-06,2e-06,1.09e-06,1.73e-06,109490300000,136900.35
2023-05-13T00:00:00+00:00,PEPEUSD,1.73e-06,2.08e-06,1.56e-06,1.89e-06,103353200000,195332.95
2023-05-14T00:00:00+00:00,PEPEUSD,1.89e-06,1.95e-06,1.69e-06,1.78e-06,55265500000,102449.1
2023-05-15T00:00:00+00:00,PEPEUSD,1.71e-06,1.76e-06,1.61e-06,1.73e-06,10868000000,18203.45
2023-05-16T00:00:00+00:00,PEPEUSD,1.73e-06,1.81e-06,1.65e-06,1.67e-06,21137200000,36005.93
2023-05-17T00:00:00+00:00,PEPEUSD,1.67e-06,1.7e-06,1.47e-06,1.57e-06,44029600000,69360.35
2023-05-18T00:00:00+00:00,PEPEUSD,1.57e-06,1.64e-06,1.51e-06,1.58e-06,27058200000,42842.17
2023-05-19T00:00:00+00:00,PEPEUSD,1.58e-06,1.58e-06,1.49e-06,1.54e-06,12033200000,18275.36
2023-05-20T00:00:00+00:00,PEPEUSD,1.54e-06,1.9e-06,1.5e-06,1.71e-06,53009400000,90728.33
2023-05-21T00:00:00+00:00,PEPEUSD,1.71e-06,1.75e-06,1.57e-06,1.61e-06,23473100000,38858.61
2023-05-22T00:00:00+00:00,PEPEUSD,1.61e-06,1.61e-06,1.51e-06,1.53e-06,76326400000,119539.38
2023-05-23T00:00:00+00:00,PEPEUSD,1.53e-06,1.65e-06,1.52e-06,1.59e-06,40977700000,64876.75
2023-05-24T00:00:00+00:00,PEPEUSD,1.59e-06,1.59e-06,1.32e-06,1.43e-06,34539900000,50620.72
2023-05-25T00:00:00+00:00,PEPEUSD,1.43e-06,1.46e-06,1.33e-06,1.43e-06,10118600000,14302.33
2023-05-26T00:00:00+00:00,PEPEUSD,1.43e-06,1.49e-06,1.38e-06,1.45e-06,23163000000,33320.56
2023-05-27T00:00:00+00:00,PEPEUSD,1.45e-06,1.53e-06,1.44e-06,1.51e-06,13449300000,19967.39
2023-05-28T00:00:00+00:00,PEPEUSD,1.51e-06,1.54e-06,1.42e-06,1.5e-06,24637800000,36246.47
2023-05-29T00:00:00+00:00,PEPEUSD,1.5e-06,1.51e-06,1.4e-06,1.44e-06,24874700000,36008.57
2023-05-30T00:00:00+00:00,PEPEUSD,1.44e-06,1.44e-06,1.24e-06,1.29e-06,42141000000,56509.54
2023-05-31T00:00:00+00:00,PEPEUSD,1.29e-06,1.32e-06,1.19e-06,1.26e-06,32575400000,40712.97
2023-06-01T00:00:00+00:00,PEPEUSD,1.26e-06,1.33e-06,1.22e-06,1.24e-06,24264300000,30765.91
2023-06-02T00:00:00+00:00,PEPEUSD,1.24e-06,1.3e-06,1.23e-06,1.28e-06,18352100000,23157.49
2023-06-03T00:00:00+00:00,PEPEUSD,1.28e-06,1.34e-06,1.27e-06,1.29e-06,19310100000,25191.52
2023-06-04T00:00:00+00:00,PEPEUSD,1.29e-06,1.3e-06,1.2e-06,1.24e-06,19253000000,24296.37
2023-06-05T00:00:00+00:00,PEPEUSD,1.24e-06,1.24e-06,9.6e-07,1.04e-06,80033100000,89711.5
2023-06-06T00:00:00+00:00,PEPEUSD,1.04e-06,1.26e-06,9.7e-07,1.2e-06,37308600000,41305.88
2023-06-07T00:00:00+00:00,PEPEUSD,1.2e-06,1.22e-06,1.04e-06,1.08e-06,22669500000,24781.39
2023-06-08T00:00:00+00:00,PEPEUSD,1.08e-06,1.13e-06,1.03e-06,1.09e-06,19182000000,20641.8
2023-06-09T00:00:00+00:00,PEPEUSD,1.09e-06,1.2e-06,1.06e-06,1.14e-06,28212500000,32169.23
2023-06-10T00:00:00+00:00,PEPEUSD,1.14e-06,1.14e-06,8.6e-07,9.2e-07,32390100000,31048.69
2023-06-11T00:00:00+00:00,PEPEUSD,9.2e-07,9.5e-07,8.7e-07,9.1e-07,7437200000,6819.43
2023-06-12T00:00:00+00:00,PEPEUSD,9.1e-07,9.5e-07,8.2e-07,9.1e-07,17240900000,15475.58
2023-06-13T00:00:00+00:00,PEPEUSD,9.1e-07,9.8e-07,8.8e-07,9.1e-07,13896300000,12832.34
2023-06-14T00:00:00+00:00,PEPEUSD,9.1e-07,9.5e-07,8.6e-07,8.8e-07,35006900000,31820.53
2023-06-15T00:00:00+00:00,PEPEUSD,8.8e-07,9.3e-07,8.2e-07,9e-07,49506900000,42673.31
2023-06-16T00:00:00+00:00,PEPEUSD,9e-07,1.04e-06,8.8e-07,9.7e-07,32832800000,30766.85
2023-06-17T00:00:00+00:00,PEPEUSD,9.7e-07,1.04e-06,9.5e-07,1e-06,37990400000,37786.12
2023-06-18T00:00:00+00:00,PEPEUSD,1e-06,1e-06,9.2e-07,9.3e-07,5742900000,5578.52
2023-06-19T00:00:00+00:00,PEPEUSD,9.3e-07,9.6e-07,9.2e-07,9.5e-07,9162800000,8571.2
2023-06-20T00:00:00+00:00,PEPEUSD,9.5e-07,1.08e-06,9e-07,1.07e-06,10824300000,10519.73
2023-06-21T00:00:00+00:00,PEPEUSD,1.07e-06,1.46e-06,1.01e-06,1.38e-06,70523200000,90631.22
2023-06-22T00:00:00+00:00,PEPEUSD,1.38e-06,1.69e-06,1.37e-06,1.55e-06,61081000000,94043.74
2023-06-23T00:00:00+00:00,PEPEUSD,1.55e-06,1.77e-06,1.43e-06,1.65e-06,55355900000,87214
2023-06-24T00:00:00+00:00,PEPEUSD,1.65e-06,1.74e-06,1.47e-06,1.54e-06,24693700000,39570.79
2023-06-25T00:00:00+00:00,PEPEUSD,1.54e-06,1.67e-06,1.52e-06,1.61e-06,26647000000,42361.88
2023-06-26T00:00:00+00:00,PEPEUSD,1.61e-06,1.63e-06,1.49e-06,1.5e-06,8782000000,13638.42
2023-06-27T00:00:00+00:00,PEPEUSD,1.5e-06,1.67e-06,1.5e-06,1.62e-06,30623200000,49212.84
2023-06-28T00:00:00+00:00,PEPEUSD,1.62e-06,1.62e-06,1.38e-06,1.42e-06,33191400000,50197.03
2023-06-29T00:00:00+00:00,PEPEUSD,1.42e-06,1.62e-06,1.41e-06,1.55e-06,28338300000,43308.75
2023-06-30T00:00:00+00:00,PEPEUSD,1.55e-06,1.7e-06,1.42e-06,1.61e-06,67652300000,109399.95
2023-07-01T00:00:00+00:00,PEPEUSD,1.61e-06,1.63e-06,1.53e-06,1.55e-06,13349700000,21060.39
2023-07-02T00:00:00+00:00,PEPEUSD,1.55e-06,1.61e-06,1.51e-06,1.6e-06,13217200000,20557.45
2023-07-03T00:00:00+00:00,PEPEUSD,1.6e-06,1.87e-06,1.57e-06,1.83e-06,43790700000,76762.85
2023-07-04T00:00:00+00:00,PEPEUSD,1.83e-06,1.87e-06,1.67e-06,1.72e-06,19654600000,34313.83
2023-07-05T00:00:00+00:00,PEPEUSD,1.72e-06,1.76e-06,1.59e-06,1.64e-06,24025800000,39812.83
2023-07-06T00:00:00+00:00,PEPEUSD,1.64e-06,1.77e-06,1.53e-06,1.54e-06,39149700000,64727.67
2023-07-07T00:00:00+00:00,PEPEUSD,1.54e-06,1.61e-06,1.51e-06,1.57e-06,14799400000,22995.47
2023-07-08T00:00:00+00:00,PEPEUSD,1.57e-06,1.59e-06,1.51e-06,1.55e-06,10045700000,15585.17
2023-07-09T00:00:00+00:00,PEPEUSD,1.55e-06,1.58e-06,1.53e-06,1.55e-06,8771800000,13668.27
2023-07-10T00:00:00+00:00,PEPEUSD,1.55e-06,1.56e-06,1.44e-06,1.51e-06,42213500000,62906.75
2023-07-11T00:00:00+00:00,PEPEUSD,1.51e-06,1.53e-06,1.49e-06,1.5e-06,8256300000,12422.34
2023-07-12T00:00:00+00:00,PEPEUSD,1.5e-06,1.57e-06,1.49e-06,1.51e-06,18205700000,27781.12
2023-07-13T00:00:00+00:00,PEPEUSD,1.51e-06,1.72e-06,1.46e-06,1.71e-06,25021400000,40349.16
2023-07-14T00:00:00+00:00,PEPEUSD,1.71e-06,1.94e-06,1.53e-06,1.62e-06,59506400000,102477.46
2023-07-15T00:00:00+00:00,PEPEUSD,1.62e-06,1.7e-06,1.6e-06,1.64e-06,11122200000,18336.82
2023-07-16T00:00:00+00:00,PEPEUSD,1.64e-06,1.66e-06,1.57e-06,1.58e-06,12268800000,19762.44
2023-07-17T00:00:00+00:00,PEPEUSD,1.58e-06,1.59e-06,1.5e-06,1.56e-06,10360800000,15972.29
2023-07-18T00:00:00+00:00,PEPEUSD,1.56e-06,1.58e-06,1.49e-06,1.51e-06,19897300000,30186.87
2023-07-19T00:00:00+00:00,PEPEUSD,1.51e-06,1.57e-06,1.51e-06,1.53e-06,8332600000,12877.88
2023-07-20T00:00:00+00:00,PEPEUSD,1.53e-06,1.58e-06,1.47e-06,1.5e-06,19761600000,30390.67
2023-07-21T00:00:00+00:00,PEPEUSD,1.5e-06,1.54e-06,1.48e-06,1.52e-06,11327300000,17030.33
2023-07-22T00:00:00+00:00,PEPEUSD,1.52e-06,1.55e-06,1.48e-06,1.49e-06,4877100000,7316.05
2023-07-23T00:00:00+00:00,PEPEUSD,1.49e-06,1.53e-06,1.46e-06,1.51e-06,27081800000,40295.36
2023-07-24T00:00:00+00:00,PEPEUSD,1.51e-06,1.51e-06,1.27e-06,1.35e-06,20194600000,27617.18
2023-07-25T00:00:00+00:00,PEPEUSD,1.35e-06,1.36e-06,1.29e-06,1.3e-06,9254700000,12228.49
2023-07-26T00:00:00+00:00,PEPEUSD,1.3e-06,1.42e-06,1.23e-06,1.33e-06,33583300000,43264.52
2023-07-27T00:00:00+00:00,PEPEUSD,1.33e-06,1.45e-06,1.28e-06,1.34e-06,21651000000,29452.34
2023-07-28T00:00:00+00:00,PEPEUSD,1.34e-06,1.37e-06,1.3e-06,1.34e-06,21691000000,29110.48
2023-07-29T00:00:00+00:00,PEPEUSD,1.34e-06,1.36e-06,1.32e-06,1.35e-06,8403300000,11256.33
2023-07-30T00:00:00+00:00,PEPEUSD,1.35e-06,1.36e-06,1.25e-06,1.29e-06,29957700000,38850.57
2023-07-31T00:00:00+00:00,PEPEUSD,1.29e-06,1.34e-06,1.21e-06,1.23e-06,12315700000,15391.53
2023-08-01T00:00:00+00:00,PEPEUSD,1.23e-06,1.3e-06,1.2e-06,1.3e-06,32201600000,39711.09
2023-08-02T00:00:00+00:00,PEPEUSD,1.3e-06,1.32e-06,1.21e-06,1.22e-06,19059500000,23877.89
2023-08-03T00:00:00+00:00,PEPEUSD,1.22e-06,1.23e-06,1.19e-06,1.2e-06,16127600000,19527.96
2023-08-04T00:00:00+00:00,PEPEUSD,1.2e-06,1.22e-06,1.13e-06,1.15e-06,28892100000,34123.82
2023-08-05T00:00:00+00:00,PEPEUSD,1.15e-06,1.17e-06,1.12e-06,1.15e-06,40615500000,46287.01
2023-08-06T00:00:00+00:00,PEPEUSD,1.15e-06,1.18e-06,1.13e-06,1.15e-06,19201200000,22109.5
2023-08-07T00:00:00+00:00,PEPEUSD,1.15e-06,1.19e-06,1.06e-06,1.11e-06,47722800000,54431.97
2023-08-08T00:00:00+00:00,PEPEUSD,1.11e-06,1.22e-06,1.09e-06,1.18e-06,34089300000,39077.58
2023-08-09T00:00:00+00:00,PEPEUSD,1.18e-06,1.29e-06,1.17e-06,1.23e-06,42667400000,52063.57
2023-08-10T00:00:00+00:00,PEPEUSD,1.23e-06,1.26e-06,1.2e-06,1.23e-06,17048100000,21155.4
2023-08-11T00:00:00+00:00,PEPEUSD,1.23e-06,1.27e-06,1.22e-06,1.25e-06,6060800000,7544.4
2023-08-12T00:00:00+00:00,PEPEUSD,1.25e-06,1.36e-06,1.24e-06,1.34e-06,23445700000,31394.14
2023-08-13T00:00:00+00:00,PEPEUSD,1.34e-06,1.42e-06,1.33e-06,1.36e-06,18418700000,25521.19
2023-08-14T00:00:00+00:00,PEPEUSD,1.36e-06,1.46e-06,1.33e-06,1.4e-06,52183400000,73190.99
2023-08-15T00:00:00+00:00,PEPEUSD,1.4e-06,1.41e-06,1.24e-06,1.26e-06,19910500000,26452.45
2023-08-16T00:00:00+00:00,PEPEUSD,1.26e-06,1.27e-06,1.15e-06,1.16e-06,30554700000,36947.28
2023-08-17T00:00:00+00:00,PEPEUSD,1.16e-06,1.22e-06,9e-07,1.08e-06,33593800000,37107.76
2023-08-18T00:00:00+00:00,PEPEUSD,1.08e-06,1.12e-06,1.04e-06,1.08e-06,31464900000,34036.15
2023-08-19T00:00:00+00:00,PEPEUSD,1.08e-06,1.16e-06,1.06e-06,1.14e-06,35451000000,39324.75
2023-08-20T00:00:00+00:00,PEPEUSD,1.14e-06,1.15e-06,1.11e-06,1.12e-06,8791200000,9851.86
2023-08-21T00:00:00+00:00,PEPEUSD,1.12e-06,1.13e-06,1.05e-06,1.09e-06,19901400000,21684.8
2023-08-22T00:00:00+00:00,PEPEUSD,1.09e-06,1.1e-06,1.01e-06,1.07e-06,23620000000,24992.8
2023-08-23T00:00:00+00:00,PEPEUSD,1.07e-06,1.13e-06,1.05e-06,1.1e-06,33168800000,35958.9
2023-08-24T00:00:00+00:00,PEPEUSD,1.1e-06,1.11e-06,9.2e-07,9.4e-07,91186500000,88902.11
2023-08-25T00:00:00+00:00,PEPEUSD,9.4e-07,9.4e-07,7.9e-07,8.8e-07,46312400000,40795.13
2023-08-26T00:00:00+00:00,PEPEUSD,8.8e-07,9.7e-07,8.5e-07,8.7e-07,23094100000,20591.29
2023-08-27T00:00:00+00:00,PEPEUSD,8.7e-07,9.2e-07,8.5e-07,9e-07,10879300000,9769.96
2023-08-28T00:00:00+00:00,PEPEUSD,9e-07,9e-07,8.4e-07,8.5e-07,9476600000,8197.17
2023-08-29T00:00:00+00:00,PEPEUSD,8.5e-07,9e-07,8.1e-07,9e-07,56513700000,49256.85
2023-08-30T00:00:00+00:00,PEPEUSD,9e-07,9e-07,8.2e-07,8.7e-07,22497000000,19744.22
2023-08-31T00:00:00+00:00,PEPEUSD,8.7e-07,8.8e-07,8e-07,8.1e-07,29110100000,24287.56
2023-09-01T00:00:00+00:00,PEPEUSD,8.1e-07,8.2e-07,7.5e-07,7.8e-07,33947800000,27116.13
2023-09-02T00:00:00+00:00,PEPEUSD,7.8e-07,8.1e-07,7.6e-07,7.9e-07,28133100000,22090.35
2023-09-03T00:00:00+00:00,PEPEUSD,7.9e-07,8.1e-07,7.7e-07,8e-07,57412500000,45295.21
2023-09-04T00:00:00+00:00,PEPEUSD,8e-07,8.3e-07,7.8e-07,8e-07,46089500000,37012.35
2023-09-05T00:00:00+00:00,PEPEUSD,8e-07,8.2e-07,7.8e-07,8e-07,53097200000,42672.13
2023-09-06T00:00:00+00:00,PEPEUSD,8e-07,8.1e-07,7.7e-07,8e-07,70714200000,56213.99
2023-09-07T00:00:00+00:00,PEPEUSD,8e-07,8.2e-07,7.8e-07,8.1e-07,44978500000,35961.83
2023-09-08T00:00:00+00:00,PEPEUSD,8.1e-07,8.2e-07,7.7e-07,8e-07,57721200000,45704.27
2023-09-09T00:00:00+00:00,PEPEUSD,8e-07,8e-07,7.8e-07,7.9e-07,27565700000,21677.72
2023-09-10T00:00:00+00:00,PEPEUSD,7.9e-07,7.9e-07,6.9e-07,7.1e-07,45987100000,33673.09
2023-09-11T00:00:00+00:00,PEPEUSD,7.1e-07,7.1e-07,6.4e-07,6.7e-07,81774100000,55306.48
2023-09-12T00:00:00+00:00,PEPEUSD,6.7e-07,7e-07,6.5e-07,6.6e-07,79840900000,54566.54
2023-09-13T00:00:00+00:00,PEPEUSD,6.6e-07,7.1e-07,6.5e-07,6.7e-07,27261300000,18521.95
2023-09-14T00:00:00+00:00,PEPEUSD,6.7e-07,7e-07,6.6e-07,6.8e-07,78886100000,53920.01
2023-09-15T00:00:00+00:00,PEPEUSD,6.8e-07,6.9e-07,6.6e-07,6.9e-07,45496000000,30575.79
2023-09-16T00:00:00+00:00,PEPEUSD,6.9e-07,7.1e-07,6.7e-07,6.8e-07,60662100000,41351.33
2023-09-17T00:00:00+00:00,PEPEUSD,6.8e-07,6.8e-07,6e-07,6.3e-07,60855800000,39626.67
2023-09-18T00:00:00+00:00,PEPEUSD,6.3e-07,6.5e-07,6.2e-07,6.3e-07,95304200000,60289.5
2023-09-19T00:00:00+00:00,PEPEUSD,6.3e-07,6.5e-07,6.1e-07,6.4e-07,71128700000,45435.07
2023-09-20T00:00:00+00:00,PEPEUSD,6.4e-07,6.5e-07,6.1e-07,6.3e-07,78798200000,49555.42
2023-09-21T00:00:00+00:00,PEPEUSD,6.3e-07,6.4e-07,6e-07,6.1e-07,40956000000,25390.93
2023-09-22T00:00:00+00:00,PEPEUSD,6.1e-07,7.3e-07,6.1e-07,7.1e-07,157921200000,107233.67
2023-09-23T00:00:00+00:00,PEPEUSD,7.1e-07,7.4e-07,6.5e-07,6.7e-07,61645900000,43153.07
2023-09-24T00:00:00+00:00,PEPEUSD,6.7e-07,6.9e-07,6.6e-07,6.7e-07,49954500000,33849.89
2023-09-25T00:00:00+00:00,PEPEUSD,6.7e-07,7.2e-07,6.7e-07,7.1e-07,93951600000,65371.37
2023-09-26T00:00:00+00:00,PEPEUSD,7.1e-07,7.3e-07,6.8e-07,6.9e-07,35487700000,25250.91
2023-09-27T00:00:00+00:00,PEPEUSD,6.9e-07,7.6e-07,6.9e-07,7.3e-07,9620000000,6964.59
2023-09-28T00:00:00+00:00,PEPEUSD,7.3e-07,7.5e-07,7e-07,7.3e-07,15556600000,11349.56
2023-09-29T00:00:00+00:00,PEPEUSD,7.3e-07,8.3e-07,7.1e-07,7.9e-07,114828100000,91095.16
2023-09-30T00:00:00+00:00,PEPEUSD,7.9e-07,8.2e-07,7.5e-07,8e-07,95499800000,76181.82
2023-10-01T00:00:00+00:00,PEPEUSD,8e-07,8.3e-07,7.7e-07,8.1e-07,69134500000,55512.15
2023-10-02T00:00:00+00:00,PEPEUSD,8.1e-07,8.5e-07,6.9e-07,7.4e-07,67461500000,53376.29
2023-10-03T00:00:00+00:00,PEPEUSD,7.4e-07,7.5e-07,7.1e-07,7.2e-07,39483000000,29211.74
2023-10-04T00:00:00+00:00,PEPEUSD,7.2e-07,7.3e-07,7e-07,7.2e-07,7725400000,5503.64
2023-10-05T00:00:00+00:00,PEPEUSD,7.2e-07,7.3e-07,7e-07,7e-07,5586600000,3985.04
2023-10-06T00:00:00+00:00,PEPEUSD,7e-07,7.3e-07,6.8e-07,7.2e-07,7065700000,5055.29
2023-10-07T00:00:00+00:00,PEPEUSD,7.2e-07,7.3e-07,7e-07,7.1e-07,6806300000,4867.56
2023-10-08T00:00:00+00:00,PEPEUSD,7.1e-07,7.2e-07,6.9e-07,7.1e-07,14032600000,9948.58
2023-10-09T00:00:00+00:00,PEPEUSD,7.1e-07,7.2e-07,6.4e-07,6.7e-07,14079700000,9637.17
2023-10-10T00:00:00+00:00,PEPEUSD,6.7e-07,6.7e-07,6.3e-07,6.4e-07,16526900000,10781.49
2023-10-11T00:00:00+00:00,PEPEUSD,6.4e-07,6.5e-07,6.2e-07,6.4e-07,12250700000,7768.33
2023-10-12T00:00:00+00:00,PEPEUSD,6.4e-07,6.4e-07,6.1e-07,6.2e-07,11161400000,7034.36
2023-10-13T00:00:00+00:00,PEPEUSD,6.2e-07,6.6e-07,6.2e-07,6.4e-07,3205400000,2029.09
2023-10-14T00:00:00+00:00,PEPEUSD,6.4e-07,6.5e-07,6.3e-07,6.4e-07,464500000,299.58
2023-10-15T00:00:00+00:00,PEPEUSD,6.4e-07,6.8e-07,6.2e-07,6.6e-07,12714600000,8293.43
2023-10-16T00:00:00+00:00,PEPEUSD,6.6e-07,7.2e-07,6.6e-07,6.8e-07,39424800000,27454.69
2023-10-17T00:00:00+00:00,PEPEUSD,6.8e-07,6.8e-07,6.3e-07,6.3e-07,22378545798.6,14434.07
2023-10-18T00:00:00+00:00,PEPEUSD,6.3e-07,6.4e-07,6.2e-07,6.3e-07,51969174390.75,32938.19
2023-10-19T00:00:00+00:00,PEPEUSD,6.3e-07,6.4e-07,6.2e-07,6.3e-07,82138542304.76,51515.49
2023-10-20T00:00:00+00:00,PEPEUSD,6.3e-07,6.6e-07,6.2e-07,6.6e-07,76373205716.53,49783.39
2023-10-21T00:00:00+00:00,PEPEUSD,6.6e-07,7.2e-07,6.5e-07,7e-07,360871514373.52,252478.9
2023-10-22T00:00:00+00:00,PEPEUSD,7e-07,7.6e-07,6.8e-07,7.5e-07,352923803015,257168.92
2023-10-23T00:00:00+00:00,PEPEUSD,7.5e-07,1.04e-06,7.3e-07,1.01e-06,698817436657.48,566352.39
2023-10-24T00:00:00+00:00,PEPEUSD,1.01e-06,1.05e-06,8.6e-07,9.2e-07,1349774380550.4,1296089.26
2023-10-25T00:00:00+00:00,PEPEUSD,9.2e-07,1.24e-06,9.1e-07,1.21e-06,1320492335560.08,1480449.6
2023-10-26T00:00:00+00:00,PEPEUSD,1.21e-06,1.36e-06,1.13e-06,1.27e-06,847733295704.66,1047911.85
2023-10-27T00:00:00+00:00,PEPEUSD,1.27e-06,1.28e-06,1.1e-06,1.16e-06,410986007642.75,482977.45
2023-10-28T00:00:00+00:00,PEPEUSD,1.16e-06,1.26e-06,1.12e-06,1.14e-06,230326069786.48,275402.05
2023-10-29T00:00:00+00:00,PEPEUSD,1.14e-06,1.16e-06,1.11e-06,1.14e-06,196928518317.64,225146.14
2023-10-30T00:00:00+00:00,PEPEUSD,1.14e-06,1.22e-06,1.13e-06,1.17e-06,752441287834.39,887627.61
2023-10-31T00:00:00+00:00,PEPEUSD,1.17e-06,1.21e-06,1.1e-06,1.15e-06,291800512634.33,338171.26
2023-11-01T00:00:00+00:00,PEPEUSD,1.15e-06,1.22e-06,1.09e-06,1.19e-06,324553172567.72,373684.1
2023-11-02T00:00:00+00:00,PEPEUSD,1.19e-06,1.24e-06,1.05e-06,1.09e-06,257422898566.66,291100.39
2023-11-03T00:00:00+00:00,PEPEUSD,1.09e-06,1.1e-06,9.6e-07,1.08e-06,168169399133.23,178780.62
2023-11-04T00:00:00+00:00,PEPEUSD,1.08e-06,1.14e-06,1.07e-06,1.12e-06,137986364792.81,153168.27
2023-11-05T00:00:00+00:00,PEPEUSD,1.12e-06,1.15e-06,1.08e-06,1.12e-06,160796813183.76,179012.1
2023-11-06T00:00:00+00:00,PEPEUSD,1.12e-06,1.21e-06,1.11e-06,1.2e-06,339471497976.8,394831.26
2023-11-07T00:00:00+00:00,PEPEUSD,1.2e-06,1.2e-06,1.08e-06,1.17e-06,276174017651.43,312961.4
2023-11-08T00:00:00+00:00,PEPEUSD,1.17e-06,1.2e-06,1.14e-06,1.19e-06,386851374818.84,452245.08
2023-11-09T00:00:00+00:00,PEPEUSD,1.19e-06,1.46e-06,1.09e-06,1.33e-06,1064635976842.47,1397861.39
2023-11-10T00:00:00+00:00,PEPEUSD,1.33e-06,1.35e-06,1.23e-06,1.35e-06,427795226794.54,555560.45
2023-11-11T00:00:00+00:00,PEPEUSD,1.35e-06,1.37e-06,1.25e-06,1.27e-06,413706493579.53,538287.48
2023-11-12T00:00:00+00:00,PEPEUSD,1.27e-06,1.29e-06,1.18e-06,1.22e-06,297730539189.17,367921.8
2023-11-13T00:00:00+00:00,PEPEUSD,1.22e-06,1.3e-06,1.16e-06,1.16e-06,765300666579.39,937896.02
2023-11-14T00:00:00+00:00,PEPEUSD,1.16e-06,1.2e-06,1.09e-06,1.15e-06,166059164692,192189.97
2023-11-15T00:00:00+00:00,PEPEUSD,1.15e-06,1.29e-06,1.14e-06,1.26e-06,433238909257.6,537590.38
2023-11-16T00:00:00+00:00,PEPEUSD,1.26e-06,1.32e-06,1.12e-06,1.14e-06,391527431319.66,465079.62
2023-11-17T00:00:00+00:00,PEPEUSD,1.14e-06,1.18e-06,1.09e-06,1.15e-06,171270151531.35,196118.31
2023-11-18T00:00:00+00:00,PEPEUSD,1.15e-06,1.15e-06,1.09e-06,1.15e-06,84961337686.58,96230.73
2023-11-19T00:00:00+00:00,PEPEUSD,1.15e-06,1.19e-06,1.11e-06,1.19e-06,153902133873.5,177508.36
2023-11-20T00:00:00+00:00,PEPEUSD,1.19e-06,1.24e-06,1.13e-06,1.13e-06,317130294286.44,373158.94
2023-11-21T00:00:00+00:00,PEPEUSD,1.13e-06,1.14e-06,1.03e-06,1.04e-06,402453627063.3,438802.11
2023-11-22T00:00:00+00:00,PEPEUSD,1.04e-06,1.12e-06,1.03e-06,1.11e-06,198516275992.48,214931.2
2023-11-23T00:00:00+00:00,PEPEUSD,1.11e-06,1.13e-06,1.07e-06,1.07e-06,233433003595.79,256075.17
2023-11-24T00:00:00+00:00,PEPEUSD,1.07e-06,1.14e-06,1.06e-06,1.11e-06,157467461866.34,174948.52
2023-11-25T00:00:00+00:00,PEPEUSD,1.11e-06,1.19e-06,1.1e-06,1.18e-06,210470911468.56,240289.82
2023-11-26T00:00:00+00:00,PEPEUSD,1.18e-06,1.18e-06,1.07e-06,1.12e-06,416794242589.53,473014.96
2023-11-27T00:00:00+00:00,PEPEUSD,1.12e-06,1.13e-06,1.05e-06,1.08e-06,217344774339.84,232630.53
2023-11-28T00:00:00+00:00,PEPEUSD,1.08e-06,1.12e-06,1.04e-06,1.09e-06,184393060602.91,200945.55
2023-11-29T00:00:00+00:00,PEPEUSD,1.09e-06,1.12e-06,1.05e-06,1.05e-06,151433147464.83,163618.4
2023-11-30T00:00:00+00:00,PEPEUSD,1.05e-06,1.09e-06,1.05e-06,1.09e-06,63798950486.86,68220.41
2023-12-01T00:00:00+00:00,PEPEUSD,1.09e-06,1.12e-06,1.08e-06,1.11e-06,87603328793.63,96261.2
2023-12-02T00:00:00+00:00,PEPEUSD,1.11e-06,1.2e-06,1.1e-06,1.17e-06,193534666161.21,221156.47
2023-12-03T00:00:00+00:00,PEPEUSD,1.17e-06,1.23e-06,1.16e-06,1.2e-06,388673476761.41,467041.96
2023-12-04T00:00:00+00:00,PEPEUSD,1.2e-06,1.5e-06,1.01e-06,1.39e-06,1073681696545.35,1446703.49
2023-12-05T00:00:00+00:00,PEPEUSD,1.39e-06,1.68e-06,1.34e-06,1.62e-06,1026466558675.94,1573557.3
2023-12-06T00:00:00+00:00,PEPEUSD,1.62e-06,1.7e-06,1.47e-06,1.48e-06,1041128492769.97,1630140.43
2023-12-07T00:00:00+00:00,PEPEUSD,1.48e-06,1.64e-06,1.42e-06,1.52e-06,656590958507.05,1001052.25
2023-12-08T00:00:00+00:00,PEPEUSD,1.52e-06,1.6e-06,1.49e-06,1.57e-06,244203787025.06,376579.7
2023-12-09T00:00:00+00:00,PEPEUSD,1.57e-06,1.75e-06,1.52e-06,1.53e-06,921084977111.88,1505105.9
2023-12-10T00:00:00+00:00,PEPEUSD,1.53e-06,1.63e-06,1.5e-06,1.6e-06,346663232024.67,542509.76
2023-12-11T00:00:00+00:00,PEPEUSD,1.6e-06,1.61e-06,1.3e-06,1.41e-06,485941382098.14,692994.64
2023-12-12T00:00:00+00:00,PEPEUSD,1.41e-06,1.45e-06,1.34e-06,1.39e-06,260674406210.78,365866.69
2023-12-13T00:00:00+00:00,PEPEUSD,1.39e-06,1.44e-06,1.3e-06,1.41e-06,194726232174.74,265273.38
2023-12-14T00:00:00+00:00,PEPEUSD,1.41e-06,1.48e-06,1.34e-06,1.48e-06,365705443519.92,521750.77
2023-12-15T00:00:00+00:00,PEPEUSD,1.48e-06,1.49e-06,1.32e-06,1.32e-06,265533234746.98,370235.54
2023-12-16T00:00:00+00:00,PEPEUSD,1.32e-06,1.47e-06,1.32e-06,1.41e-06,288702005343.57,404688.18
2023-12-17T00:00:00+00:00,PEPEUSD,1.41e-06,1.46e-06,1.33e-06,1.33e-06,272657294558.83,374037.03
2023-12-18T00:00:00+00:00,PEPEUSD,1.33e-06,1.35e-06,1.21e-06,1.31e-06,412049708212.62,525124.37
2023-12-19T00:00:00+00:00,PEPEUSD,1.31e-06,1.34e-06,1.24e-06,1.25e-06,156191996776.85,201916.46
2023-12-20T00:00:00+00:00,PEPEUSD,1.25e-06,1.31e-06,1.23e-06,1.27e-06,308708427612.71,393263.23
2023-12-21T00:00:00+00:00,PEPEUSD,1.27e-06,1.32e-06,1.23e-06,1.3e-06,201147328974.82,257429.72
2023-12-22T00:00:00+00:00,PEPEUSD,1.3e-06,1.59e-06,1.26e-06,1.58e-06,913551015450.52,1329791.64
2023-12-23T00:00:00+00:00,PEPEUSD,1.58e-06,1.59e-06,1.44e-06,1.47e-06,296581969870.72,440212.22
2023-12-24T00:00:00+00:00,PEPEUSD,1.47e-06,1.49e-06,1.34e-06,1.38e-06,317295391730.68,447667.14
2023-12-25T00:00:00+00:00,PEPEUSD,1.38e-06,1.44e-06,1.36e-06,1.41e-06,217714381444.18,304813.11
2023-12-26T00:00:00+00:00,PEPEUSD,1.41e-06,1.42e-06,1.26e-06,1.34e-06,219554309845.41,293617.26
2023-12-27T00:00:00+00:00,PEPEUSD,1.34e-06,1.5e-06,1.29e-06,1.44e-06,648777939002.81,901512.3
2023-12-28T00:00:00+00:00,PEPEUSD,1.44e-06,1.5e-06,1.33e-06,1.34e-06,285280670969.72,399925.81
2023-12-29T00:00:00+00:00,PEPEUSD,1.34e-06,1.44e-06,1.31e-06,1.34e-06,358980597362.2,489447.86
2023-12-30T00:00:00+00:00,PEPEUSD,1.34e-06,1.37e-06,1.3e-06,1.31e-06,296368242961.18,397511.38
2023-12-31T00:00:00+00:00,PEPEUSD,1.31e-06,1.35e-06,1.26e-06,1.29e-06,184433322514.74,244480.16
2024-01-01T00:00:00+00:00,PEPEUSD,1.29e-06,1.41e-06,1.26e-06,1.41e-06,150415659409.48,201836.11
2024-01-02T00:00:00+00:00,PEPEUSD,1.41e-06,1.44e-06,1.32e-06,1.34e-06,340148609651.53,473838.43
2024-01-03T00:00:00+00:00,PEPEUSD,1.34e-06,1.42e-06,1.02e-06,1.18e-06,533215862120.23,672036.42
2024-01-04T00:00:00+00:00,PEPEUSD,1.18e-06,1.29e-06,1.17e-06,1.26e-06,563541472899.16,695863.48
2024-01-05T00:00:00+00:00,PEPEUSD,1.26e-06,1.27e-06,1.16e-06,1.2e-06,186500156164.64,224340.24
2024-01-06T00:00:00+00:00,PEPEUSD,1.2e-06,1.2e-06,1.1e-06,1.16e-06,112275050261.67,129232.66
2024-01-07T00:00:00+00:00,PEPEUSD,1.16e-06,1.21e-06,1.09e-06,1.11e-06,285704054743.46,328089.35
2024-01-08T00:00:00+00:00,PEPEUSD,1.11e-06,1.28e-06,1.03e-06,1.19e-06,279547462127.81,319395.52
2024-01-09T00:00:00+00:00,PEPEUSD,1.19e-06,1.25e-06,1.1e-06,1.2e-06,487915633975.09,566184.99
2024-01-10T00:00:00+00:00,PEPEUSD,1.2e-06,1.39e-06,1.16e-06,1.33e-06,878273410934.27,1104386.26
2024-01-11T00:00:00+00:00,PEPEUSD,1.33e-06,1.5e-06,1.31e-06,1.37e-06,907284683614.63,1259545.76
2024-01-12T00:00:00+00:00,PEPEUSD,1.37e-06,1.4e-06,1.17e-06,1.24e-06,490924291771.01,652129.09
2024-01-13T00:00:00+00:00,PEPEUSD,1.24e-06,1.26e-06,1.19e-06,1.24e-06,218575594164.99,269436.85
2024-01-14T00:00:00+00:00,PEPEUSD,1.24e-06,1.25e-06,1.19e-06,1.19e-06,247830158145.35,303909.92
2024-01-15T00:00:00+00:00,PEPEUSD,1.19e-06,1.24e-06,1.19e-06,1.2e-06,105662491207.84,128687.64
2024-01-16T00:00:00+00:00,PEPEUSD,1.2e-06,1.27e-06,1.18e-06,1.24e-06,180686569250.94,220662.84
2024-01-17T00:00:00+00:00,PEPEUSD,1.24e-06,1.27e-06,1.19e-06,1.21e-06,439436504905.79,540481.05
2024-01-18T00:00:00+00:00,PEPEUSD,1.21e-06,1.21e-06,1.12e-06,1.14e-06,146843962875.53,171061
2024-01-19T00:00:00+00:00,PEPEUSD,1.14e-06,1.15e-06,1.06e-06,1.13e-06,210544741606.72,235833.7
2024-01-20T00:00:00+00:00,PEPEUSD,1.13e-06,1.18e-06,1.06e-06,1.16e-06,52484048345.17,59814.45
2024-01-21T00:00:00+00:00,PEPEUSD,1.16e-06,1.19e-06,1.02e-06,1.12e-06,87416015633.81,99619.71
2024-01-22T00:00:00+00:00,PEPEUSD,1.12e-06,1.12e-06,1.05e-06,1.05e-06,186148850122.69,202045.02
2024-01-23T00:00:00+00:00,PEPEUSD,1.05e-06,1.07e-06,9.7e-07,1.04e-06,398408575484.16,405917.3
2024-01-24T00:00:00+00:00,PEPEUSD,1.04e-06,1.07e-06,1.02e-06,1.04e-06,147961886149.46,154594.73
2024-01-25T00:00:00+00:00,PEPEUSD,1.04e-06,1.05e-06,1e-06,1.03e-06,66995755547.13,68329.13
2024-01-26T00:00:00+00:00,PEPEUSD,1.03e-06,1.09e-06,1.02e-06,1.08e-06,99869116629.35,106873.61
2024-01-27T00:00:00+00:00,PEPEUSD,1.08e-06,1.1e-06,1.07e-06,1.1e-06,81740849797.04,88972.02
2024-01-28T00:00:00+00:00,PEPEUSD,1.1e-06,1.12e-06,1.05e-06,1.07e-06,431422221312.64,461973.43
2024-01-29T00:00:00+00:00,PEPEUSD,1.07e-06,1.08e-06,1.04e-06,1.06e-06,269106277326.37,286364.03
2024-01-30T00:00:00+00:00,PEPEUSD,1.06e-06,1.08e-06,1.01e-06,1.01e-06,186209179597.98,194589.85
2024-01-31T00:00:00+00:00,PEPEUSD,1.01e-06,1.01e-06,9.1e-07,9.1e-07,657556903788.66,622760.1
2024-02-01T00:00:00+00:00,PEPEUSD,9.1e-07,9.4e-07,8.9e-07,9.2e-07,300491893653.58,273440.62
2024-02-02T00:00:00+00:00,PEPEUSD,9.2e-07,9.4e-07,9.2e-07,9.3e-07,149103248643.98,138533.51
2024-02-03T00:00:00+00:00,PEPEUSD,9.3e-07,9.5e-07,9.1e-07,9.2e-07,85324120398.05,79423.74
2024-02-04T00:00:00+00:00,PEPEUSD,9.2e-07,9.2e-07,8.8e-07,8.9e-07,223213052407.5,201910.75
2024-02-05T00:00:00+00:00,PEPEUSD,8.9e-07,9.8e-07,8.7e-07,9e-07,694205894117.37,636382.86
2024-02-06T00:00:00+00:00,PEPEUSD,9e-07,9.2e-07,8.8e-07,9e-07,299418628259.61,268736.9
2024-02-07T00:00:00+00:00,PEPEUSD,9e-07,9.8e-07,9e-07,9.7e-07,153426553747.46,145481.46
2024-02-08T00:00:00+00:00,PEPEUSD,9.7e-07,9.8e-07,9.4e-07,9.6e-07,161763094170.62,156546.01
2024-02-09T00:00:00+00:00,PEPEUSD,9.6e-07,1.03e-06,9.6e-07,1.02e-06,193231728170.75,192968.24
2024-02-10T00:00:00+00:00,PEPEUSD,1.02e-06,1.04e-06,1.01e-06,1.01e-06,104914295314.79,107342.96
2024-02-11T00:00:00+00:00,PEPEUSD,1.01e-06,1.04e-06,9.9e-07,1e-06,179386534614.46,181719.93
2024-02-12T00:00:00+00:00,PEPEUSD,1e-06,1.09e-06,9.9e-07,1.08e-06,368585460987.63,386616.95
2024-02-13T00:00:00+00:00,PEPEUSD,1.08e-06,1.13e-06,1.05e-06,1.08e-06,341232564076.06,374902.58
2024-02-14T00:00:00+00:00,PEPEUSD,1.08e-06,1.26e-06,1.06e-06,1.25e-06,679154035416,806587.02
2024-02-15T00:00:00+00:00,PEPEUSD,1.25e-06,1.3e-06,1.2e-06,1.24e-06,753593834621.07,942816.27
2024-02-16T00:00:00+00:00,PEPEUSD,1.24e-06,1.26e-06,1.15e-06,1.17e-06,468733480682.5,555515.97
2024-02-17T00:00:00+00:00,PEPEUSD,1.17e-06,1.2e-06,1.12e-06,1.19e-06,239334270688.39,275829.34
2024-02-18T00:00:00+00:00,PEPEUSD,1.19e-06,1.23e-06,1.17e-06,1.22e-06,292042205355.26,350305.9
2024-02-19T00:00:00+00:00,PEPEUSD,1.22e-06,1.26e-06,1.2e-06,1.23e-06,294750774225.77,359545.05
2024-02-20T00:00:00+00:00,PEPEUSD,1.23e-06,1.24e-06,1.12e-06,1.19e-06,305863244532.56,361719.4
2024-02-21T00:00:00+00:00,PEPEUSD,1.19e-06,1.2e-06,1.1e-06,1.15e-06,238918436972.61,270452.73
2024-02-22T00:00:00+00:00,PEPEUSD,1.15e-06,1.24e-06,1.11e-06,1.21e-06,431627489659.37,510508.43
2024-02-23T00:00:00+00:00,PEPEUSD,1.21e-06,1.41e-06,1.17e-06,1.2e-06,965184427991.18,1247569.39
2024-02-24T00:00:00+00:00,PEPEUSD,1.2e-06,1.32e-06,1.15e-06,1.31e-06,717338240267.91,888468.08
2024-02-25T00:00:00+00:00,PEPEUSD,1.31e-06,1.4e-06,1.28e-06,1.37e-06,614988616497.89,823983.48
2024-02-26T00:00:00+00:00,PEPEUSD,1.37e-06,1.89e-06,1.35e-06,1.81e-06,2215713161047.84,3511224.14
2024-02-27T00:00:00+00:00,PEPEUSD,1.81e-06,2.96e-06,1.75e-06,2.65e-06,3222302025829.84,7526339.94
2024-02-28T00:00:00+00:00,PEPEUSD,2.65e-06,3.64e-06,2.58e-06,3.18e-06,3064433420275.87,9460338.11
2024-02-29T00:00:00+00:00,PEPEUSD,3.18e-06,3.32e-06,2.65e-06,2.73e-06,1683081390109.51,5002734.11
2024-03-01T00:00:00+00:00,PEPEUSD,2.73e-06,4.3e-06,2.68e-06,3.99e-06,2621079267268.43,9491037.85
2024-03-02T00:00:00+00:00,PEPEUSD,3.99e-06,4.98e-06,3.93e-06,4.38e-06,1584105190441.76,6900076.93
2024-03-03T00:00:00+00:00,PEPEUSD,4.38e-06,6.02e-06,3.62e-06,5.93e-06,3438605469821.42,17917136.4
2024-03-04T00:00:00+00:00,PEPEUSD,5.93e-06,8.29e-06,5.56e-06,7.02e-06,3620797037522.3,25935105.87
2024-03-05T00:00:00+00:00,PEPEUSD,7.02e-06,8.7e-06,4.95e-06,6.32e-06,3116435817888.08,21685388.06
2024-03-06T00:00:00+00:00,PEPEUSD,6.32e-06,8.25e-06,5.9e-06,7.21e-06,2185238502559.81,16444230.51
2024-03-07T00:00:00+00:00,PEPEUSD,7.21e-06,7.57e-06,6.4e-06,6.83e-06,1438907492435.49,9822814.91
2024-03-08T00:00:00+00:00,PEPEUSD,6.83e-06,9.56e-06,6.76e-06,9.05e-06,2709543954096.9,22939838.04
2024-03-09T00:00:00+00:00,PEPEUSD,9.05e-06,9.98e-06,8.05e-06,8.78e-06,2320281588908.98,21005547.56
2024-03-10T00:00:00+00:00,PEPEUSD,8.78e-06,9.32e-06,8.22e-06,8.56e-06,1291317987356.47,11126264.99
2024-03-11T00:00:00+00:00,PEPEUSD,8.56e-06,9.51e-06,7.8e-06,9.05e-06,1385762198375.56,12306578.04
2024-03-12T00:00:00+00:00,PEPEUSD,9.05e-06,9.14e-06,7.51e-06,8.28e-06,516717757709.02,4256431.74
2024-03-13T00:00:00+00:00,PEPEUSD,8.28e-06,9.36e-06,8.11e-06,9.02e-06,1264310273655.34,11285855.88
2024-03-14T00:00:00+00:00,PEPEUSD,9.02e-06,1.086e-05,8.75e-06,9.95e-06,2175868449197.28,21743342.89
2024-03-15T00:00:00+00:00,PEPEUSD,9.95e-06,1.034e-05,8.27e-06,8.92e-06,1348046873392.33,12252545.61
2024-03-16T00:00:00+00:00,PEPEUSD,8.92e-06,9.08e-06,7.02e-06,7.43e-06,1604977807744.91,12549855.62
2024-03-17T00:00:00+00:00,PEPEUSD,7.43e-06,8.18e-06,6.87e-06,7.84e-06,1149286885074.19,8777831.52
2024-03-18T00:00:00+00:00,PEPEUSD,7.84e-06,9.65e-06,6.6e-06,6.8e-06,990157972901.83,7354366.59
2024-03-19T00:00:00+00:00,PEPEUSD,6.8e-06,7.42e-06,5.82e-06,6.6e-06,1458421210821.12,9441457.02
2024-03-20T00:00:00+00:00,PEPEUSD,6.6e-06,8.57e-06,6.43e-06,8.37e-06,1393055022725.14,10580640.21
2024-03-21T00:00:00+00:00,PEPEUSD,8.37e-06,8.44e-06,7.67e-06,7.9e-06,762515581020.71,6192674.34
2024-03-22T00:00:00+00:00,PEPEUSD,7.9e-06,8.27e-06,7.1e-06,7.42e-06,641849358033.57,4790489.32
2024-03-23T00:00:00+00:00,PEPEUSD,7.42e-06,7.72e-06,7.31e-06,7.33e-06,553478467579.73,4173227.67
2024-03-24T00:00:00+00:00,PEPEUSD,7.33e-06,8e-06,7.19e-06,7.83e-06,326572491215.33,2442417.33
2024-03-25T00:00:00+00:00,PEPEUSD,7.83e-06,8.49e-06,7.44e-06,8.1e-06,1074221004784.19,8659122.48
2024-03-26T00:00:00+00:00,PEPEUSD,8.1e-06,8.73e-06,7.85e-06,8.04e-06,595990880644.18,4929737.7
2024-03-27T00:00:00+00:00,PEPEUSD,8.04e-06,8.36e-06,7.52e-06,7.63e-06,451610524005.64,3539252.89
2024-03-28T00:00:00+00:00,PEPEUSD,7.63e-06,8.32e-06,7.39e-06,8.02e-06,586084536950,4653527.29
2024-03-29T00:00:00+00:00,PEPEUSD,8.02e-06,8.06e-06,7.57e-06,7.74e-06,465793920545.02,3618663.8
2024-03-30T00:00:00+00:00,PEPEUSD,7.74e-06,8.85e-06,7.72e-06,8.12e-06,1132733147630.41,9590803.26
2024-03-31T00:00:00+00:00,PEPEUSD,8.12e-06,9.2e-06,8.03e-06,8.8e-06,777051702360.68,6891614.65
2024-04-01T00:00:00+00:00,PEPEUSD,8.8e-06,8.8e-06,7.66e-06,7.94e-06,845801200744.03,6806982.08
2024-04-02T00:00:00+00:00,PEPEUSD,7.94e-06,7.95e-06,6.89e-06,7.26e-06,1151963961269.47,8307861.21
2024-04-03T00:00:00+00:00,PEPEUSD,7.26e-06,7.44e-06,6.61e-06,6.8e-06,541889860997.93,3820637.79
2024-04-04T00:00:00+00:00,PEPEUSD,6.8e-06,7.19e-06,6.63e-06,6.91e-06,392481489383.23,2742328.82
2024-04-05T00:00:00+00:00,PEPEUSD,6.91e-06,6.99e-06,6.36e-06,6.58e-06,403856453928.38,2670344.43
2024-04-06T00:00:00+00:00,PEPEUSD,6.58e-06,6.87e-06,6.55e-06,6.77e-06,203644597848.47,1374764.36
2024-04-07T00:00:00+00:00,PEPEUSD,6.77e-06,7.52e-06,6.74e-06,7.46e-06,474136226987.67,3431104.98
2024-04-08T00:00:00+00:00,PEPEUSD,7.46e-06,7.96e-06,7.2e-06,7.77e-06,555523581434.61,4263620.06
2024-04-09T00:00:00+00:00,PEPEUSD,7.77e-06,7.85e-06,6.93e-06,7.04e-06,418436448293.38,3044895.64
2024-04-10T00:00:00+00:00,PEPEUSD,7.04e-06,7.25e-06,6.69e-06,7.13e-06,400261585064.63,2770802.71
2024-04-11T00:00:00+00:00,PEPEUSD,7.13e-06,7.55e-06,6.81e-06,7.32e-06,1068741571459.37,7612579.55
2024-04-12T00:00:00+00:00,PEPEUSD,7.32e-06,7.56e-06,4.81e-06,5.93e-06,1637784044946.09,10039880.25
2024-04-13T00:00:00+00:00,PEPEUSD,5.93e-06,6.05e-06,3.99e-06,5.04e-06,1987555141296.03,9995615.56
2024-04-14T00:00:00+00:00,PEPEUSD,5.04e-06,5.56e-06,4.85e-06,5.43e-06,1285639247371.63,6747596.52
2024-04-15T00:00:00+00:00,PEPEUSD,5.43e-06,5.81e-06,4.74e-06,5.1e-06,842132372701.33,4432493.97
2024-04-16T00:00:00+00:00,PEPEUSD,5.1e-06,5.54e-06,4.76e-06,5.4e-06,571070141304.75,2952571.26
2024-04-17T00:00:00+00:00,PEPEUSD,5.4e-06,5.48e-06,4.87e-06,4.91e-06,562861825456.62,2851722.12
2024-04-18T00:00:00+00:00,PEPEUSD,4.91e-06,5.29e-06,4.64e-06,5.09e-06,1098326387605.5,5323284.15
2024-04-19T00:00:00+00:00,PEPEUSD,5.09e-06,5.47e-06,4.6e-06,5.13e-06,817645013877.69,4163087.7
2024-04-20T00:00:00+00:00,PEPEUSD,5.13e-06,5.88e-06,5.03e-06,5.8e-06,712956859259.34,3783154.11
2024-04-21T00:00:00+00:00,PEPEUSD,5.8e-06,6.23e-06,5.61e-06,5.97e-06,453225178483.16,2692579.42
2024-04-22T00:00:00+00:00,PEPEUSD,5.97e-06,6.98e-06,5.94e-06,6.88e-06,1106089819595.6,7231545.07
2024-04-23T00:00:00+00:00,PEPEUSD,6.88e-06,7.86e-06,6.65e-06,7.68e-06,1632255366538.22,11886776.36
2024-04-24T00:00:00+00:00,PEPEUSD,7.68e-06,8.18e-06,7.05e-06,7.24e-06,1892439134842.49,14415160.99
2024-04-25T00:00:00+00:00,PEPEUSD,7.24e-06,8.44e-06,6.95e-06,7.78e-06,1930659013581.91,14677355.55
2024-04-26T00:00:00+00:00,PEPEUSD,7.78e-06,7.89e-06,7.24e-06,7.37e-06,1376186480513.57,10318873.42
2024-04-27T00:00:00+00:00,PEPEUSD,7.37e-06,7.41e-06,6.68e-06,7.2e-06,1264738301060.74,8883672.07
2024-04-28T00:00:00+00:00,PEPEUSD,7.2e-06,7.74e-06,7.14e-06,7.21e-06,553563318584.09,4111133.01
2024-04-29T00:00:00+00:00,PEPEUSD,7.21e-06,7.47e-06,6.8e-06,7.36e-06,989793376527.37,6955341.53
2024-04-30T00:00:00+00:00,PEPEUSD,7.36e-06,7.6e-06,6.33e-06,6.68e-06,1016928556996.1,7013639.88
2024-05-01T00:00:00+00:00,PEPEUSD,6.68e-06,7.2e-06,5.92e-06,6.98e-06,1288544050274.24,8316887.84
2024-05-02T00:00:00+00:00,PEPEUSD,6.98e-06,7.86e-06,6.68e-06,7.55e-06,1237993636427.43,9091053.09
2024-05-03T00:00:00+00:00,PEPEUSD,7.55e-06,8.28e-06,7.45e-06,8.08e-06,1519425496378.85,11996001.98
2024-05-04T00:00:00+00:00,PEPEUSD,8.08e-06,8.98e-06,8.04e-06,8.67e-06,2256182177609.16,19423475.09
2024-05-05T00:00:00+00:00,PEPEUSD,8.67e-06,8.78e-06,8.27e-06,8.53e-06,695720283080.46,5906684.3
2024-05-06T00:00:00+00:00,PEPEUSD,8.53e-06,9.17e-06,8.3e-06,8.33e-06,615051438218.33,5328512.47
2024-05-07T00:00:00+00:00,PEPEUSD,8.33e-06,8.62e-06,7.9e-06,7.9e-06,543180648018.43,4478710.8
2024-05-08T00:00:00+00:00,PEPEUSD,7.9e-06,8.24e-06,7.62e-06,7.95e-06,708676744541.09,5589094.19
2024-05-09T00:00:00+00:00,PEPEUSD,7.95e-06,8.73e-06,7.91e-06,8.53e-06,877853037867.6,7245705.14
2024-05-10T00:00:00+00:00,PEPEUSD,8.53e-06,8.81e-06,8.15e-06,8.41e-06,788521194565.46,6670611.88
2024-05-11T00:00:00+00:00,PEPEUSD,8.41e-06,8.93e-06,8.38e-06,8.51e-06,572721576463.37,4923986.76
2024-05-12T00:00:00+00:00,PEPEUSD,8.51e-06,8.95e-06,8.5e-06,8.76e-06,525019585539.73,4582340.33
2024-05-13T00:00:00+00:00,PEPEUSD,8.76e-06,1.098e-05,8.3e-06,9.9e-06,2258102009325.37,21812809.33
2024-05-14T00:00:00+00:00,PEPEUSD,9.9e-06,1.144e-05,9.84e-06,1.053e-05,2330465770167.79,24732266.04
2024-05-15T00:00:00+00:00,PEPEUSD,1.053e-05,1.16e-05,9.96e-06,1.052e-05,2008872097091.69,21546047.88
2024-05-16T00:00:00+00:00,PEPEUSD,1.052e-05,1.08e-05,9.62e-06,1.006e-05,1588164102809.21,16203549.59
2024-05-17T00:00:00+00:00,PEPEUSD,1.006e-05,1.042e-05,9.84e-06,1.018e-05,562177438334.87,5703838.4
2024-05-18T00:00:00+00:00,PEPEUSD,1.018e-05,1.046e-05,9.19e-06,9.55e-06,612316659485.2,5930018.41
2024-05-19T00:00:00+00:00,PEPEUSD,9.55e-06,9.59e-06,8.89e-06,9.15e-06,451491047449.57,4153118.92
2024-05-20T00:00:00+00:00,PEPEUSD,9.15e-06,1.144e-05,8.98e-06,1.141e-05,1165771850244.16,11877863.7
2024-05-21T00:00:00+00:00,PEPEUSD,1.141e-05,1.409e-05,1.083e-05,1.386e-05,2881342593953.88,34626219.36
2024-05-22T00:00:00+00:00,PEPEUSD,1.386e-05,1.43e-05,1.252e-05,1.339e-05,1701785135834.84,22791315.62
2024-05-23T00:00:00+00:00,PEPEUSD,1.339e-05,1.57e-05,1.272e-05,1.49e-05,2038912609138.75,28820148.75
2024-05-24T00:00:00+00:00,PEPEUSD,1.49e-05,1.666e-05,1.344e-05,1.415e-05,1301342394863.09,18295761.51
2024-05-25T00:00:00+00:00,PEPEUSD,1.415e-05,1.583e-05,1.411e-05,1.496e-05,850405920568.17,12867079.38
2024-05-26T00:00:00+00:00,PEPEUSD,1.496e-05,1.636e-05,1.461e-05,1.594e-05,909860820988.41,14209288.58
2024-05-27T00:00:00+00:00,PEPEUSD,1.594e-05,1.723e-05,1.594e-05,1.669e-05,1017498448153.55,17008727.56
2024-05-28T00:00:00+00:00,PEPEUSD,1.669e-05,1.709e-05,1.563e-05,1.599e-05,1277422359919.35,20587047.68
2024-05-29T00:00:00+00:00,PEPEUSD,1.599e-05,1.655e-05,1.435e-05,1.473e-05,1141179211042.23,17418076.35
2024-05-30T00:00:00+00:00,PEPEUSD,1.473e-05,1.519e-05,1.315e-05,1.439e-05,1403048933510.6,19987919.8
2024-05-31T00:00:00+00:00,PEPEUSD,1.439e-05,1.581e-05,1.398e-05,1.541e-05,954364404896.46,14312526.21
2024-06-01T00:00:00+00:00,PEPEUSD,1.541e-05,1.572e-05,1.476e-05,1.484e-05,772985858081.39,11819309.93
2024-06-02T00:00:00+00:00,PEPEUSD,1.484e-05,1.507e-05,1.389e-05,1.462e-05,685007875981.31,9950714
2024-06-03T00:00:00+00:00,PEPEUSD,1.462e-05,1.549e-05,1.435e-05,1.444e-05,734309069216.66,11009298.7
2024-06-04T00:00:00+00:00,PEPEUSD,1.444e-05,1.477e-05,1.397e-05,1.434e-05,708926943565.9,10146158.41
2024-06-05T00:00:00+00:00,PEPEUSD,1.434e-05,1.506e-05,1.408e-05,1.459e-05,583855663061.53,8480356.81
2024-06-06T00:00:00+00:00,PEPEUSD,1.459e-05,1.528e-05,1.421e-05,1.43e-05,557466992005.38,8184437.94
2024-06-07T00:00:00+00:00,PEPEUSD,1.43e-05,1.451e-05,1.155e-05,1.278e-05,1019043348137.19,13505837.01
2024-06-08T00:00:00+00:00,PEPEUSD,1.278e-05,1.321e-05,1.199e-05,1.212e-05,868531426447.59,10882428.26
2024-06-09T00:00:00+00:00,PEPEUSD,1.212e-05,1.295e-05,1.185e-05,1.276e-05,362467558250.31,4526247.21
2024-06-10T00:00:00+00:00,PEPEUSD,1.276e-05,1.311e-05,1.202e-05,1.206e-05,1765221220325.62,21676065.51
2024-06-11T00:00:00+00:00,PEPEUSD,1.206e-05,1.298e-05,1.146e-05,1.275e-05,1177283416038.52,14456859.67
2024-06-12T00:00:00+00:00,PEPEUSD,1.275e-05,1.388e-05,1.215e-05,1.32e-05,867028752714.41,11461468.54
2024-06-13T00:00:00+00:00,PEPEUSD,1.32e-05,1.333e-05,1.173e-05,1.189e-05,496836236780.08,6132725.31
2024-06-14T00:00:00+00:00,PEPEUSD,1.189e-05,1.225e-05,1.058e-05,1.14e-05,1014088936847.59,11434519.45
2024-06-15T00:00:00+00:00,PEPEUSD,1.14e-05,1.227e-05,1.135e-05,1.182e-05,350786229349.53,4166061.27
2024-06-16T00:00:00+00:00,PEPEUSD,1.182e-05,1.243e-05,1.142e-05,1.231e-05,382403496917.02,4556348.32
2024-06-17T00:00:00+00:00,PEPEUSD,1.231e-05,1.241e-05,1.082e-05,1.118e-05,811443760858.62,9360684.09
2024-06-18T00:00:00+00:00,PEPEUSD,1.118e-05,1.119e-05,9.64e-06,1.095e-05,1095145522787.65,11516373.95
2024-06-19T00:00:00+00:00,PEPEUSD,1.095e-05,1.187e-05,1.078e-05,1.135e-05,1287698359193.31,14791955.82
2024-06-20T00:00:00+00:00,PEPEUSD,1.135e-05,1.224e-05,1.087e-05,1.098e-05,1045482662695.67,12130269.39
2024-06-21T00:00:00+00:00,PEPEUSD,1.098e-05,1.171e-05,1.056e-05,1.14e-05,612951884850.05,6857129.3
2024-06-22T00:00:00+00:00,PEPEUSD,1.14e-05,1.163e-05,1.116e-05,1.142e-05,278314751508.68,3192347.7
2024-06-23T00:00:00+00:00,PEPEUSD,1.142e-05,1.183e-05,1.082e-05,1.09e-05,486493888657.77,5558532.13
2024-06-24T00:00:00+00:00,PEPEUSD,1.09e-05,1.131e-05,1.006e-05,1.13e-05,668042810700.71,7175727.61
2024-06-25T00:00:00+00:00,PEPEUSD,1.13e-05,1.305e-05,1.129e-05,1.283e-05,1155775927102.37,14001862.35
2024-06-26T00:00:00+00:00,PEPEUSD,1.283e-05,1.347e-05,1.211e-05,1.252e-05,692543936174.64,8720021.93
2024-06-27T00:00:00+00:00,PEPEUSD,1.252e-05,1.272e-05,1.211e-05,1.253e-05,403968979997.81,5013181.42
2024-06-28T00:00:00+00:00,PEPEUSD,1.253e-05,1.261e-05,1.138e-05,1.156e-05,629300086710.21,7513024.26
2024-06-29T00:00:00+00:00,PEPEUSD,1.156e-05,1.184e-05,1.125e-05,1.13e-05,311344282464.92,3631734.58
2024-06-30T00:00:00+00:00,PEPEUSD,1.13e-05,1.189e-05,1.082e-05,1.189e-05,345959179755.63,3920070.18
2024-07-01T00:00:00+00:00,PEPEUSD,1.189e-05,1.22e-05,1.131e-05,1.138e-05,513835118433.61,5979393.44
2024-07-02T00:00:00+00:00,PEPEUSD,1.138e-05,1.162e-05,1.097e-05,1.131e-05,264762629977.91,2998012.93
2024-07-03T00:00:00+00:00,PEPEUSD,1.131e-05,1.132e-05,9.99e-06,1.024e-05,420409182940.37,4385851.16
2024-07-04T00:00:00+00:00,PEPEUSD,1.024e-05,1.032e-05,8.85e-06,8.9e-06,741495505186.88,7028620.45
2024-07-05T00:00:00+00:00,PEPEUSD,8.9e-06,9.19e-06,7.65e-06,8.87e-06,1210415023586.9,10076694.61
2024-07-06T00:00:00+00:00,PEPEUSD,8.87e-06,9.9e-06,8.73e-06,9.74e-06,471586032327.17,4367996.03
2024-07-07T00:00:00+00:00,PEPEUSD,9.74e-06,9.74e-06,8.34e-06,8.4e-06,512903438986.47,4671496.54
2024-07-08T00:00:00+00:00,PEPEUSD,8.4e-06,9.68e-06,7.76e-06,9.19e-06,1668360082313.91,14907017.18
2024-07-09T00:00:00+00:00,PEPEUSD,9.19e-06,9.57e-06,8.9e-06,9.08e-06,734509148347.57,6667054.18
2024-07-10T00:00:00+00:00,PEPEUSD,9.08e-06,9.44e-06,8.78e-06,9.22e-06,1066874188004.99,9808194.26
2024-07-11T00:00:00+00:00,PEPEUSD,9.22e-06,1.003e-05,8.81e-06,8.91e-06,1168194926820.45,10915642.98
2024-07-12T00:00:00+00:00,PEPEUSD,8.91e-06,8.95e-06,8.27e-06,8.68e-06,409299234615.65,3549542.65
2024-07-13T00:00:00+00:00,PEPEUSD,8.68e-06,8.92e-06,8.47e-06,8.7e-06,367659025179.06,3194482.24
2024-07-14T00:00:00+00:00,PEPEUSD,8.7e-06,9.35e-06,8.62e-06,9.2e-06,632913584487.01,5669069.99
2024-07-15T00:00:00+00:00,PEPEUSD,9.2e-06,1.146e-05,9.15e-06,1.132e-05,916786130891.4,9269789.65
2024-07-16T00:00:00+00:00,PEPEUSD,1.132e-05,1.265e-05,1.111e-05,1.234e-05,1095376267098.98,13190010.35
2024-07-17T00:00:00+00:00,PEPEUSD,1.234e-05,1.287e-05,1.152e-05,1.165e-05,1208182983830.05,14642843.19
2024-07-18T00:00:00+00:00,PEPEUSD,1.165e-05,1.222e-05,1.124e-05,1.164e-05,707718551031.67,8378950.99
2024-07-19T00:00:00+00:00,PEPEUSD,1.164e-05,1.304e-05,1.129e-05,1.27e-05,553163430054.28,6699517.33
2024-07-20T00:00:00+00:00,PEPEUSD,1.27e-05,1.276e-05,1.195e-05,1.222e-05,286213935850.48,3506849.55
2024-07-21T00:00:00+00:00,PEPEUSD,1.222e-05,1.271e-05,1.163e-05,1.25e-05,405435750385.59,4977957.11
2024-07-22T00:00:00+00:00,PEPEUSD,1.25e-05,1.266e-05,1.176e-05,1.189e-05,277436311020.98,3366441.88
2024-07-23T00:00:00+00:00,PEPEUSD,1.189e-05,1.274e-05,1.16e-05,1.251e-05,395879149226.4,4796760.6
2024-07-24T00:00:00+00:00,PEPEUSD,1.251e-05,1.313e-05,1.197e-05,1.22e-05,501242129897.13,6292297.47
2024-07-25T00:00:00+00:00,PEPEUSD,1.22e-05,1.226e-05,1.085e-05,1.146e-05,588092127163.43,6829499.26
2024-07-26T00:00:00+00:00,PEPEUSD,1.146e-05,1.21e-05,1.145e-05,1.204e-05,215125684511.42,2555765.16
2024-07-27T00:00:00+00:00,PEPEUSD,1.204e-05,1.248e-05,1.16e-05,1.189e-05,159002018600.19,1918121.53
2024-07-28T00:00:00+00:00,PEPEUSD,1.189e-05,1.196e-05,1.152e-05,1.175e-05,108236993660.14,1271195.79
2024-07-29T00:00:00+00:00,PEPEUSD,1.175e-05,1.24e-05,1.169e-05,1.181e-05,457844262482.9,5474944.52
2024-07-30T00:00:00+00:00,PEPEUSD,1.181e-05,1.202e-05,1.104e-05,1.131e-05,201871743816.28,2338233.81
2024-07-31T00:00:00+00:00,PEPEUSD,1.131e-05,1.163e-05,1.088e-05,1.105e-05,224594613649.05,2545447.45
2024-08-01T00:00:00+00:00,PEPEUSD,1.105e-05,1.112e-05,9.74e-06,1.05e-05,626632773148.44,6427915.83
2024-08-02T00:00:00+00:00,PEPEUSD,1.05e-05,1.057e-05,9.23e-06,9.32e-06,508423962853.89,5038049.43
2024-08-03T00:00:00+00:00,PEPEUSD,9.32e-06,9.54e-06,8.3e-06,8.62e-06,684138551485.58,6195886.97
2024-08-04T00:00:00+00:00,PEPEUSD,8.62e-06,8.78e-06,7.68e-06,8.1e-06,608779802862.43,5046429.27
2024-08-05T00:00:00+00:00,PEPEUSD,8.1e-06,8.22e-06,5.86e-06,7.04e-06,2549886561498.82,17268582.32
2024-08-06T00:00:00+00:00,PEPEUSD,7.04e-06,8.19e-06,7.04e-06,7.75e-06,788457514071.44,6157276.9
2024-08-07T00:00:00+00:00,PEPEUSD,7.75e-06,8.38e-06,7.28e-06,7.34e-06,716379246725.3,5623618.48
2024-08-08T00:00:00+00:00,PEPEUSD,7.34e-06,8.89e-06,7.19e-06,8.77e-06,860194819551.32,7004336.65
2024-08-09T00:00:00+00:00,PEPEUSD,8.77e-06,8.99e-06,8.32e-06,8.52e-06,490896286040.26,4179698.99
2024-08-10T00:00:00+00:00,PEPEUSD,8.52e-06,8.68e-06,8.27e-06,8.41e-06,208403318268.99,1752690.66
2024-08-11T00:00:00+00:00,PEPEUSD,8.41e-06,8.78e-06,7.67e-06,7.73e-06,200818414553.9,1642541.56
2024-08-12T00:00:00+00:00,PEPEUSD,7.73e-06,8.49e-06,7.71e-06,8.24e-06,294540541229.85,2393458.15
2024-08-13T00:00:00+00:00,PEPEUSD,8.24e-06,8.37e-06,7.9e-06,8.18e-06,227448812084.13,1839669.1
2024-08-14T00:00:00+00:00,PEPEUSD,8.18e-06,8.46e-06,7.91e-06,8.02e-06,213609570167.02,1739316.68
2024-08-15T00:00:00+00:00,PEPEUSD,8.02e-06,8.06e-06,7.21e-06,7.44e-06,313431844171.35,2390489.12
2024-08-16T00:00:00+00:00,PEPEUSD,7.44e-06,7.56e-06,6.81e-06,7.17e-06,595636908223.38,4238781.77
2024-08-17T00:00:00+00:00,PEPEUSD,7.17e-06,7.7e-06,7.11e-06,7.48e-06,812032430170.93,6032908.37
2024-08-18T00:00:00+00:00,PEPEUSD,7.48e-06,7.61e-06,7.28e-06,7.28e-06,190291232068.77,1427053.36
2024-08-19T00:00:00+00:00,PEPEUSD,7.28e-06,7.7e-06,7.16e-06,7.7e-06,207094273280.02,1532119.23
2024-08-20T00:00:00+00:00,PEPEUSD,7.7e-06,8.28e-06,7.54e-06,7.75e-06,565244415244.72,4452998.95
2024-08-21T00:00:00+00:00,PEPEUSD,7.75e-06,8.2e-06,7.51e-06,7.91e-06,303048936433.45,2392961.18
2024-08-22T00:00:00+00:00,PEPEUSD,7.91e-06,8.08e-06,7.74e-06,7.98e-06,257885654733.32,2043592.43
2024-08-23T00:00:00+00:00,PEPEUSD,7.98e-06,9.28e-06,7.96e-06,9.07e-06,560395477881.38,4704343.3
2024-08-24T00:00:00+00:00,PEPEUSD,9.07e-06,9.84e-06,8.88e-06,9.5e-06,331023002996.39,3091072.61
2024-08-25T00:00:00+00:00,PEPEUSD,9.5e-06,9.52e-06,8.7e-06,9.12e-06,267378365055.95,2427096.83
2024-08-26T00:00:00+00:00,PEPEUSD,9.12e-06,9.26e-06,8.42e-06,8.54e-06,265467322466.71,2328559.19
2024-08-27T00:00:00+00:00,PEPEUSD,8.54e-06,8.69e-06,7.53e-06,7.65e-06,368183963471.89,2971565.55
2024-08-28T00:00:00+00:00,PEPEUSD,7.65e-06,8.12e-06,7.36e-06,7.68e-06,523659477388.35,4028980.25
2024-08-29T00:00:00+00:00,PEPEUSD,7.68e-06,8.2e-06,7.56e-06,7.65e-06,402838631754.68,3151448.75
2024-08-30T00:00:00+00:00,PEPEUSD,7.65e-06,8e-06,7.35e-06,7.78e-06,890263169928.19,6811320.21
2024-08-31T00:00:00+00:00,PEPEUSD,7.78e-06,7.86e-06,7.52e-06,7.61e-06,459436203059.7,3518576.91
2024-09-01T00:00:00+00:00,PEPEUSD,7.61e-06,7.63e-06,7.07e-06,7.14e-06,201196991621.66,1498074.63
2024-09-02T00:00:00+00:00,PEPEUSD,7.14e-06,7.69e-06,7.09e-06,7.6e-06,184640995340.16,1368969.15
2024-09-03T00:00:00+00:00,PEPEUSD,7.6e-06,7.75e-06,7.25e-06,7.25e-06,112598016161.75,834553.95
2024-09-04T00:00:00+00:00,PEPEUSD,7.25e-06,7.52e-06,6.85e-06,7.33e-06,168593148899.85,1214210.94
2024-09-05T00:00:00+00:00,PEPEUSD,7.33e-06,7.4e-06,7.02e-06,7.1e-06,120969852299.24,867196.05
2024-09-06T00:00:00+00:00,PEPEUSD,7.1e-06,7.26e-06,6.34e-06,6.64e-06,546579698336.65,3795035.07
2024-09-07T00:00:00+00:00,PEPEUSD,6.64e-06,7.02e-06,6.64e-06,6.76e-06,245927359982.25,1683351.71
2024-09-08T00:00:00+00:00,PEPEUSD,6.76e-06,7.4e-06,6.74e-06,7.08e-06,262859813478.34,1843366.47
2024-09-09T00:00:00+00:00,PEPEUSD,7.08e-06,7.61e-06,6.95e-06,7.38e-06,470000551086.07,3414339.45
2024-09-10T00:00:00+00:00,PEPEUSD,7.38e-06,7.56e-06,7.29e-06,7.47e-06,222482353584.62,1648598.95
2024-09-11T00:00:00+00:00,PEPEUSD,7.47e-06,7.47e-06,6.98e-06,7.25e-06,218615319582.06,1581491.41
2024-09-12T00:00:00+00:00,PEPEUSD,7.25e-06,7.48e-06,7.22e-06,7.41e-06,212886479707.71,1565427.49
2024-09-13T00:00:00+00:00,PEPEUSD,7.41e-06,8.05e-06,7.31e-06,7.91e-06,275928442761.19,2118752.4
2024-09-14T00:00:00+00:00,PEPEUSD,7.91e-06,7.94e-06,7.64e-06,7.75e-06,131292320012.13,1024759.56
2024-09-15T00:00:00+00:00,PEPEUSD,7.75e-06,7.82e-06,7.3e-06,7.37e-06,102934718278.26,782588
2024-09-16T00:00:00+00:00,PEPEUSD,7.37e-06,7.38e-06,7.07e-06,7.19e-06,196203837161.66,1411445.37
2024-09-17T00:00:00+00:00,PEPEUSD,7.19e-06,7.64e-06,7.11e-06,7.31e-06,188841373502.41,1390104.98
2024-09-18T00:00:00+00:00,PEPEUSD,7.31e-06,7.54e-06,6.99e-06,7.53e-06,145673512605.66,1060212.09
2024-09-19T00:00:00+00:00,PEPEUSD,7.53e-06,8.32e-06,7.53e-06,7.94e-06,502751443326.58,4015196.57
2024-09-20T00:00:00+00:00,PEPEUSD,7.94e-06,8.5e-06,7.73e-06,8.24e-06,251690467433.71,2032252.81
2024-09-21T00:00:00+00:00,PEPEUSD,8.24e-06,8.44e-06,8.01e-06,8.42e-06,85635532086.53,706490
2024-09-22T00:00:00+00:00,PEPEUSD,8.42e-06,8.46e-06,7.74e-06,8.01e-06,120899120329.49,974363.74
2024-09-23T00:00:00+00:00,PEPEUSD,8.01e-06,8.33e-06,7.85e-06,8.13e-06,175107051260.78,1423320.02
2024-09-24T00:00:00+00:00,PEPEUSD,8.13e-06,8.75e-06,7.93e-06,8.59e-06,996147308536.75,8336319.53
2024-09-25T00:00:00+00:00,PEPEUSD,8.59e-06,8.78e-06,8.37e-06,8.45e-06,161920871385.95,1381147.77
2024-09-26T00:00:00+00:00,PEPEUSD,8.45e-06,9.72e-06,8.22e-06,9.51e-06,613371507148.39,5579268.87
2024-09-27T00:00:00+00:00,PEPEUSD,9.51e-06,1.095e-05,9.38e-06,1.07e-05,1170277792212.13,12393710.74
2024-09-28T00:00:00+00:00,PEPEUSD,1.07e-05,1.155e-05,1.057e-05,1.138e-05,723224760013.85,8043927.48
2024-09-29T00:00:00+00:00,PEPEUSD,1.138e-05,1.195e-05,1.099e-05,1.132e-05,452471118463.69,5123162.64
2024-09-30T00:00:00+00:00,PEPEUSD,1.132e-05,1.149e-05,1.036e-05,1.047e-05,630337635027.9,6871399.89
2024-10-01T00:00:00+00:00,PEPEUSD,1.047e-05,1.143e-05,9.3e-06,9.71e-06,1258091275160.84,13124284.7
2024-10-02T00:00:00+00:00,PEPEUSD,9.71e-06,1.031e-05,8.94e-06,9.23e-06,564810556339.63,5464694.43
2024-10-03T00:00:00+00:00,PEPEUSD,9.23e-06,9.51e-06,8.36e-06,8.63e-06,554190011460.81,4890182.49
2024-10-04T00:00:00+00:00,PEPEUSD,8.63e-06,9.59e-06,8.49e-06,9.39e-06,603488314779.98,5531341.97
2024-10-05T00:00:00+00:00,PEPEUSD,9.39e-06,9.6e-06,9.15e-06,9.35e-06,298286027045.9,2792714.88
2024-10-06T00:00:00+00:00,PEPEUSD,9.35e-06,1.032e-05,9.26e-06,1.023e-05,486302602264.18,4751691.09
2024-10-07T00:00:00+00:00,PEPEUSD,1.023e-05,1.08e-05,9.79e-06,9.8e-06,827146858270.92,8598090.53
2024-10-08T00:00:00+00:00,PEPEUSD,9.8e-06,1.006e-05,9.32e-06,9.51e-06,356356739955.78,3427617.66
2024-10-09T00:00:00+00:00,PEPEUSD,9.51e-06,9.84e-06,8.99e-06,9.11e-06,371457165007.63,3488259.84
2024-10-10T00:00:00+00:00,PEPEUSD,9.11e-06,9.45e-06,8.81e-06,9.28e-06,233976072462.95,2152446.73
2024-10-11T00:00:00+00:00,PEPEUSD,9.28e-06,9.95e-06,9.21e-06,9.74e-06,309824034912.11,2977248.09
2024-10-12T00:00:00+00:00,PEPEUSD,9.74e-06,1.022e-05,9.68e-06,9.89e-06,418133766943.49,4176360.47
2024-10-13T00:00:00+00:00,PEPEUSD,9.89e-06,9.98e-06,9.38e-06,9.68e-06,329763644557.32,3187170.72
2024-10-14T00:00:00+00:00,PEPEUSD,9.68e-06,1.106e-05,9.56e-06,1.09e-05,629783921117.44,6576369.28
2024-10-15T00:00:00+00:00,PEPEUSD,1.09e-05,1.116e-05,1.004e-05,1.039e-05,650597200095.25,6796200.13
2024-10-16T00:00:00+00:00,PEPEUSD,1.039e-05,1.065e-05,1.012e-05,1.044e-05,224687541273.86,2342804.49
2024-10-17T00:00:00+00:00,PEPEUSD,1.044e-05,1.055e-05,9.63e-06,9.88e-06,255143205181.36,2567870.94
2024-10-18T00:00:00+00:00,PEPEUSD,9.88e-06,1.071e-05,9.84e-06,1.05e-05,350005550010.36,3638597.15
2024-10-19T00:00:00+00:00,PEPEUSD,1.05e-05,1.092e-05,1.032e-05,1.049e-05,162443280300.42,1713815.56
2024-10-20T00:00:00+00:00,PEPEUSD,1.049e-05,1.079e-05,1.012e-05,1.066e-05,165168963838.35,1724552.4
2024-10-21T00:00:00+00:00,PEPEUSD,1.066e-05,1.088e-05,1.005e-05,1.018e-05,318735027814.79,3324199.03
2024-10-22T00:00:00+00:00,PEPEUSD,1.018e-05,1.034e-05,9.87e-06,1.007e-05,152749331620.43,1542847.62
2024-10-23T00:00:00+00:00,PEPEUSD,1.007e-05,1.009e-05,9.42e-06,9.81e-06,148113342485.38,1448088.28
2024-10-24T00:00:00+00:00,PEPEUSD,9.81e-06,1.008e-05,9.68e-06,9.99e-06,227802074576.16,2241198.45
2024-10-25T00:00:00+00:00,PEPEUSD,9.99e-06,1.003e-05,8.47e-06,8.8e-06,277793480140.03,2584216.06
2024-10-26T00:00:00+00:00,PEPEUSD,8.8e-06,9.1e-06,8.64e-06,9.06e-06,228448540409.45,2039426.96
2024-10-27T00:00:00+00:00,PEPEUSD,9.06e-06,9.27e-06,8.92e-06,9.15e-06,155506153344.92,1411873.9
2024-10-28T00:00:00+00:00,PEPEUSD,9.15e-06,9.48e-06,8.6e-06,9.16e-06,429504224454.32,3892300.37
2024-10-29T00:00:00+00:00,PEPEUSD,9.16e-06,9.9e-06,9.14e-06,9.67e-06,490062630987.98,4692333.47
2024-10-30T00:00:00+00:00,PEPEUSD,9.67e-06,1.011e-05,9.27e-06,9.65e-06,552170911866.06,5340851.04
2024-10-31T00:00:00+00:00,PEPEUSD,9.65e-06,9.68e-06,9e-06,9.11e-06,443445075465.1,4101105.75
2024-11-01T00:00:00+00:00,PEPEUSD,9.11e-06,9.33e-06,8.72e-06,8.89e-06,225620501075.38,2041825.16
2024-11-02T00:00:00+00:00,PEPEUSD,8.89e-06,8.98e-06,8.55e-06,8.7e-06,109798297626.56,962100.59
2024-11-03T00:00:00+00:00,PEPEUSD,8.7e-06,8.72e-06,7.88e-06,8.19e-06,358114664679.99,2920384.02
2024-11-04T00:00:00+00:00,PEPEUSD,8.19e-06,8.36e-06,7.73e-06,7.9e-06,240635524081.36,1947770.88
2024-11-05T00:00:00+00:00,PEPEUSD,7.9e-06,8.87e-06,7.9e-06,8.55e-06,758740392315.61,6438688.79
2024-11-06T00:00:00+00:00,PEPEUSD,8.55e-06,1.005e-05,8.54e-06,9.92e-06,935427720277.06,8785129.93
2024-11-07T00:00:00+00:00,PEPEUSD,9.92e-06,1.105e-05,9.86e-06,1.099e-05,833040846219,8782779.5
2024-11-08T00:00:00+00:00,PEPEUSD,1.099e-05,1.149e-05,1.029e-05,1.08e-05,599578658789.07,6528180.58
2024-11-09T00:00:00+00:00,PEPEUSD,1.08e-05,1.146e-05,1.047e-05,1.118e-05,522818531405.38,5740282.44
2024-11-10T00:00:00+00:00,PEPEUSD,1.118e-05,1.299e-05,1.101e-05,1.233e-05,1628556620818.83,19741100.02
2024-11-11T00:00:00+00:00,PEPEUSD,1.233e-05,1.347e-05,1.178e-05,1.302e-05,1396494483359.15,17738585.98
2024-11-12T00:00:00+00:00,PEPEUSD,1.302e-05,1.489e-05,1.23e-05,1.417e-05,2382628375505.92,32518293.69
2024-11-13T00:00:00+00:00,PEPEUSD,1.417e-05,2.246e-05,1.252e-05,2.082e-05,5219628517510.53,94406944.95
2024-11-14T00:00:00+00:00,PEPEUSD,2.082e-05,2.567e-05,2.007e-05,2.063e-05,4233120299907.58,95435381.79
2024-11-15T00:00:00+00:00,PEPEUSD,2.063e-05,2.398e-05,1.884e-05,2.337e-05,2352416507152.32,50161629.68
2024-11-16T00:00:00+00:00,PEPEUSD,2.337e-05,2.364e-05,2.07e-05,2.127e-05,1329623493155.31,29193045.19
2024-11-17T00:00:00+00:00,PEPEUSD,2.127e-05,2.256e-05,1.951e-05,2.121e-05,1821716606036.73,38730447.01
2024-11-18T00:00:00+00:00,PEPEUSD,2.121e-05,2.277e-05,1.966e-05,2.046e-05,1741279845458.67,36753729.31
2024-11-19T00:00:00+00:00,PEPEUSD,2.046e-05,2.127e-05,1.896e-05,1.97e-05,1218013597039.62,24707960.79
2024-11-20T00:00:00+00:00,PEPEUSD,1.97e-05,2.059e-05,1.834e-05,1.879e-05,1156679184858.48,22641406.98
2024-11-21T00:00:00+00:00,PEPEUSD,1.879e-05,2.178e-05,1.807e-05,2.071e-05,2678163788751.39,54853224.64
2024-11-22T00:00:00+00:00,PEPEUSD,2.071e-05,2.185e-05,1.978e-05,2.066e-05,1154867892692.38,23866434.47
2024-11-23T00:00:00+00:00,PEPEUSD,2.066e-05,2.236e-05,1.983e-05,2.051e-05,1876927504942.7,39781526.86
2024-11-24T00:00:00+00:00,PEPEUSD,2.051e-05,2.123e-05,1.911e-05,2.021e-05,726760330745.97,14598545.59
2024-11-25T00:00:00+00:00,PEPEUSD,2.021e-05,2.074e-05,1.835e-05,1.898e-05,737006430920.38,14396949.3
2024-11-26T00:00:00+00:00,PEPEUSD,1.898e-05,1.946e-05,1.732e-05,1.828e-05,688261133353.32,12520346.7
2024-11-27T00:00:00+00:00,PEPEUSD,1.828e-05,2.018e-05,1.79e-05,1.977e-05,704507864397.02,13560821.57
2024-11-28T00:00:00+00:00,PEPEUSD,1.977e-05,2.033e-05,1.894e-05,1.988e-05,845990309425.67,16600359.26
2024-11-29T00:00:00+00:00,PEPEUSD,1.988e-05,2.131e-05,1.952e-05,2.046e-05,785822027370.28,16079951.02
2024-11-30T00:00:00+00:00,PEPEUSD,2.046e-05,2.163e-05,2.01e-05,2.021e-05,702008228731.37,14432341.69
2024-12-01T00:00:00+00:00,PEPEUSD,2.021e-05,2.332e-05,2.009e-05,2.228e-05,1489914902803.35,32440002.41
2024-12-02T00:00:00+00:00,PEPEUSD,2.228e-05,2.283e-05,1.961e-05,2.044e-05,1159385637179.88,23870693.71
2024-12-03T00:00:00+00:00,PEPEUSD,2.044e-05,2.116e-05,1.885e-05,2.029e-05,826827001620.95,16720824.8
2024-12-04T00:00:00+00:00,PEPEUSD,2.029e-05,2.208e-05,2.022e-05,2.182e-05,1153658205479.96,24268979.75
2024-12-05T00:00:00+00:00,PEPEUSD,2.182e-05,2.288e-05,2.037e-05,2.123e-05,1313709067606.41,28590187.12
2024-12-06T00:00:00+00:00,PEPEUSD,2.123e-05,2.226e-05,2.038e-05,2.16e-05,891685684106.64,19288789.18
2024-12-07T00:00:00+00:00,PEPEUSD,2.16e-05,2.693e-05,2.114e-05,2.492e-05,2148190601567.35,52049318.77
2024-12-08T00:00:00+00:00,PEPEUSD,2.492e-05,2.718e-05,2.423e-05,2.643e-05,1727955565478.41,44501215.3
2024-12-09T00:00:00+00:00,PEPEUSD,2.643e-05,2.836e-05,2.309e-05,2.653e-05,2724924254760.48,71450807.06
2024-12-10T00:00:00+00:00,PEPEUSD,2.653e-05,2.722e-05,2.212e-05,2.359e-05,2512955593489.47,59990015.05
2024-12-11T00:00:00+00:00,PEPEUSD,2.359e-05,2.547e-05,2.164e-05,2.513e-05,1359275240546.39,32213855.68
2024-12-12T00:00:00+00:00,PEPEUSD,2.513e-05,2.572e-05,2.323e-05,2.364e-05,877766888689.11,21584821.94
2024-12-13T00:00:00+00:00,PEPEUSD,2.364e-05,2.5e-05,2.308e-05,2.476e-05,806037948945.07,19482873.32
2024-12-14T00:00:00+00:00,PEPEUSD,2.476e-05,2.486e-05,2.293e-05,2.331e-05,344457669691.03,8201316.22
2024-12-15T00:00:00+00:00,PEPEUSD,2.331e-05,2.449e-05,2.259e-05,2.415e-05,316892221254.37,7461134.94
2024-12-16T00:00:00+00:00,PEPEUSD,2.415e-05,2.467e-05,2.291e-05,2.35e-05,687363171022.7,16315800.2
2024-12-17T00:00:00+00:00,PEPEUSD,2.35e-05,2.363e-05,2.207e-05,2.245e-05,1351404368989.92,30916700.64
2024-12-18T00:00:00+00:00,PEPEUSD,2.245e-05,2.253e-05,1.911e-05,1.947e-05,3537089469376.1,73347701.52
2024-12-19T00:00:00+00:00,PEPEUSD,1.947e-05,1.974e-05,1.652e-05,1.704e-05,5572323789454.63,101493904.42
2024-12-20T00:00:00+00:00,PEPEUSD,1.704e-05,1.792e-05,1.439e-05,1.766e-05,6801788848485.81,111213242.41
2024-12-21T00:00:00+00:00,PEPEUSD,1.766e-05,1.973e-05,1.693e-05,1.739e-05,3834509543372.75,69967672.94
2024-12-22T00:00:00+00:00,PEPEUSD,1.739e-05,1.841e-05,1.667e-05,1.781e-05,2395754145927.05,42232109.57
2024-12-23T00:00:00+00:00,PEPEUSD,1.781e-05,1.882e-05,1.722e-05,1.845e-05,2474193417667.93,44454419.62
2024-12-24T00:00:00+00:00,PEPEUSD,1.845e-05,1.952e-05,1.788e-05,1.924e-05,2139395173257.5,40361004.02
2024-12-25T00:00:00+00:00,PEPEUSD,1.924e-05,1.934e-05,1.812e-05,1.853e-05,2244749581099.6,42167817.68
2024-12-26T00:00:00+00:00,PEPEUSD,1.853e-05,1.875e-05,1.703e-05,1.738e-05,2230022902670.36,39376128.55
2024-12-27T00:00:00+00:00,PEPEUSD,1.738e-05,1.834e-05,1.725e-05,1.785e-05,1785417031886.3,31821598.35
2024-12-28T00:00:00+00:00,PEPEUSD,1.785e-05,1.899e-05,1.775e-05,1.873e-05,1115790116427.64,20559555.47
2024-12-29T00:00:00+00:00,PEPEUSD,1.873e-05,1.916e-05,1.771e-05,1.787e-05,1441718827650.7,26367276.16
2024-12-30T00:00:00+00:00,PEPEUSD,1.787e-05,1.894e-05,1.743e-05,1.842e-05,2304909366358.05,41942221.06
2024-12-31T00:00:00+00:00,PEPEUSD,1.842e-05,2.181e-05,1.768e-05,1.991e-05,5502306712387.46,110430373.39
2025-01-01T00:00:00+00:00,PEPEUSD,1.991e-05,2.072e-05,1.903e-05,1.934e-05,2512078389092.23,49321925.45
2025-01-02T00:00:00+00:00,PEPEUSD,1.934e-05,2.114e-05,1.915e-05,2.045e-05,3335991902141.87,67843303.98
2025-01-03T00:00:00+00:00,PEPEUSD,2.045e-05,2.173e-05,2.006e-05,2.159e-05,3713767319805.84,78434022.99
2025-01-04T00:00:00+00:00,PEPEUSD,2.159e-05,2.188e-05,2.055e-05,2.113e-05,2158659769813.3,45637463.54
2025-01-05T00:00:00+00:00,PEPEUSD,2.113e-05,2.138e-05,2.032e-05,2.07e-05,1144490993187.54,23793071.51
2025-01-06T00:00:00+00:00,PEPEUSD,2.07e-05,2.138e-05,2.026e-05,2.079e-05,1635258925746.75,34055381.23
2025-01-07T00:00:00+00:00,PEPEUSD,2.079e-05,2.085e-05,1.846e-05,1.859e-05,2065604582489.87,40300532.35
2025-01-08T00:00:00+00:00,PEPEUSD,1.859e-05,1.891e-05,1.701e-05,1.782e-05,3863660432818.23,69913568.46
2025-01-09T00:00:00+00:00,PEPEUSD,1.782e-05,1.809e-05,1.663e-05,1.701e-05,2245642271379.63,38865381.08
2025-01-10T00:00:00+00:00,PEPEUSD,1.701e-05,1.79e-05,1.7e-05,1.763e-05,2059538231898.58,35992889.38
2025-01-11T00:00:00+00:00,PEPEUSD,1.763e-05,1.847e-05,1.747e-05,1.8e-05,1262445216443.8,22628597.93
2025-01-12T00:00:00+00:00,PEPEUSD,1.8e-05,1.803e-05,1.748e-05,1.775e-05,882047490863.51,15671441.32
2025-01-13T00:00:00+00:00,PEPEUSD,1.775e-05,1.827e-05,1.561e-05,1.685e-05,3497192980462.23,58031123.59
2025-01-14T00:00:00+00:00,PEPEUSD,1.685e-05,1.762e-05,1.679e-05,1.747e-05,1327649088426.95,22936771.54
2025-01-15T00:00:00+00:00,PEPEUSD,1.747e-05,1.922e-05,1.687e-05,1.907e-05,2282021085021.4,41158639.15
2025-01-16T00:00:00+00:00,PEPEUSD,1.907e-05,1.925e-05,1.796e-05,1.813e-05,1990699437835.86,36708742.79
2025-01-17T00:00:00+00:00,PEPEUSD,1.813e-05,2.055e-05,1.812e-05,2.031e-05,3224209303651.89,63492337.98
2025-01-18T00:00:00+00:00,PEPEUSD,2.031e-05,2.103e-05,1.809e-05,1.843e-05,4033474654430.67,76514284.52
2025-01-19T00:00:00+00:00,PEPEUSD,1.843e-05,1.898e-05,1.518e-05,1.603e-05,9820264889283.46,165837547.36
2025-01-20T00:00:00+00:00,PEPEUSD,1.603e-05,1.755e-05,1.512e-05,1.579e-05,7156313206655.29,115212777.68
2025-01-21T00:00:00+00:00,PEPEUSD,1.579e-05,1.635e-05,1.471e-05,1.591e-05,4115654691963.83,63920213.39
2025-01-22T00:00:00+00:00,PEPEUSD,1.591e-05,1.616e-05,1.5e-05,1.514e-05,1875180293557.2,29221236.1
2025-01-23T00:00:00+00:00,PEPEUSD,1.514e-05,1.558e-05,1.432e-05,1.533e-05,3157217321953.65,47119051
2025-01-24T00:00:00+00:00,PEPEUSD,1.533e-05,1.616e-05,1.458e-05,1.494e-05,2937779991451.36,45339026.67
2025-01-25T00:00:00+00:00,PEPEUSD,1.494e-05,1.54e-05,1.459e-05,1.503e-05,1570335826033.26,23654605.96
2025-01-26T00:00:00+00:00,PEPEUSD,1.503e-05,1.52e-05,1.395e-05,1.401e-05,2108573117652.41,31142020.57
2025-01-27T00:00:00+00:00,PEPEUSD,1.401e-05,1.401e-05,1.211e-05,1.311e-05,5278839366709.93,68043885.82
2025-01-28T00:00:00+00:00,PEPEUSD,1.311e-05,1.336e-05,1.132e-05,1.144e-05,3063414697578.55,38019483.07
2025-01-29T00:00:00+00:00,PEPEUSD,1.144e-05,1.334e-05,1.137e-05,1.24e-05,4487486387676.34,56040258.94
2025-01-30T00:00:00+00:00,PEPEUSD,1.24e-05,1.349e-05,1.223e-05,1.294e-05,2854837739806.23,37055119.15
2025-01-31T00:00:00+00:00,PEPEUSD,1.294e-05,1.477e-05,1.275e-05,1.387e-05,4528784001136.24,63155220.55
2025-02-01T00:00:00+00:00,PEPEUSD,1.387e-05,1.43e-05,1.207e-05,1.225e-05,3141301178089.98,41422407.88
2025-02-02T00:00:00+00:00,PEPEUSD,1.225e-05,1.251e-05,1.001e-05,1.077e-05,5098416061312.06,57524902.75
2025-02-03T00:00:00+00:00,PEPEUSD,1.077e-05,1.155e-05,8.07e-06,1.101e-05,13250601662171.4,129298200.65
2025-02-04T00:00:00+00:00,PEPEUSD,1.101e-05,1.11e-05,9.67e-06,1.016e-05,5293350141476.17,54422757.5
2025-02-05T00:00:00+00:00,PEPEUSD,1.016e-05,1.046e-05,9.74e-06,1.001e-05,2582169563726.44,26141945.77
2025-02-06T00:00:00+00:00,PEPEUSD,1.001e-05,1.039e-05,9.12e-06,9.22e-06,3324135231963.48,32286124.05
2025-02-07T00:00:00+00:00,PEPEUSD,9.22e-06,9.83e-06,8.44e-06,8.92e-06,4258146069781.48,39380482.56
2025-02-08T00:00:00+00:00,PEPEUSD,8.92e-06,9.7e-06,8.87e-06,9.56e-06,2375670736539.06,22087655.57
2025-02-09T00:00:00+00:00,PEPEUSD,9.56e-06,9.85e-06,8.93e-06,9.54e-06,2786275194705.85,26253556.06
2025-02-10T00:00:00+00:00,PEPEUSD,9.54e-06,9.96e-06,9.16e-06,9.61e-06,2384226691882.62,22896471.41
2025-02-11T00:00:00+00:00,PEPEUSD,9.61e-06,1.06e-05,9.39e-06,9.59e-06,3705847090999.14,37010359.87
2025-02-12T00:00:00+00:00,PEPEUSD,9.59e-06,1.027e-05,9.06e-06,1.009e-05,3729452396208.06,35682093.91
2025-02-13T00:00:00+00:00,PEPEUSD,1.009e-05,1.024e-05,9.43e-06,9.69e-06,1981399875616.41,19443965.55
2025-02-14T00:00:00+00:00,PEPEUSD,9.69e-06,1.076e-05,9.63e-06,1.03e-05,2612275858271.04,26820795.85
2025-02-15T00:00:00+00:00,PEPEUSD,1.03e-05,1.038e-05,9.82e-06,9.94e-06,1245750045882.56,12572352.33
2025-02-16T00:00:00+00:00,PEPEUSD,9.94e-06,1.004e-05,9.58e-06,9.7e-06,827136157504.87,8122095.13
2025-02-17T00:00:00+00:00,PEPEUSD,9.7e-06,1.065e-05,9.51e-06,1.012e-05,2903895196028.41,29240760.68
2025-02-18T00:00:00+00:00,PEPEUSD,1.012e-05,1.02e-05,8.91e-06,9.26e-06,2359302892292.15,22187487.95
2025-02-19T00:00:00+00:00,PEPEUSD,9.26e-06,9.56e-06,9.12e-06,9.35e-06,1263836931173.75,11803033.49
2025-02-20T00:00:00+00:00,PEPEUSD,9.35e-06,9.71e-06,9.31e-06,9.63e-06,897284229009.05,8532009.33
2025-02-21T00:00:00+00:00,PEPEUSD,9.63e-06,1.014e-05,9.03e-06,9.13e-06,1928139992536.56,18622663.67
2025-02-22T00:00:00+00:00,PEPEUSD,9.13e-06,9.73e-06,9.06e-06,9.63e-06,1045592657335.5,9881132.43
2025-02-23T00:00:00+00:00,PEPEUSD,9.63e-06,9.81e-06,9.21e-06,9.34e-06,1009708535589.6,9557588.98
2025-02-24T00:00:00+00:00,PEPEUSD,9.34e-06,9.42e-06,7.62e-06,7.89e-06,3307699504183.94,28232587.18
2025-02-25T00:00:00+00:00,PEPEUSD,7.89e-06,8.42e-06,7.32e-06,8.23e-06,3774304439716.66,29607028.65
2025-02-26T00:00:00+00:00,PEPEUSD,8.23e-06,8.49e-06,7.82e-06,8.32e-06,3280608980333.63,26800461.89
2025-02-27T00:00:00+00:00,PEPEUSD,8.32e-06,8.59e-06,8.05e-06,8.2e-06,1507106903039.52,12562709.48
2025-02-28T00:00:00+00:00,PEPEUSD,8.2e-06,8.24e-06,7.25e-06,7.92e-06,2799568496987.62,21541424.03
2025-03-01T00:00:00+00:00,PEPEUSD,7.92e-06,8.01e-06,7.36e-06,7.59e-06,1733433163414.43,13251788.11
2025-03-02T00:00:00+00:00,PEPEUSD,7.59e-06,8.95e-06,7.55e-06,8.84e-06,3857801206683.88,31830689.72
2025-03-03T00:00:00+00:00,PEPEUSD,8.84e-06,8.87e-06,7.06e-06,7.21e-06,3268255908297.04,25682038.58
2025-03-04T00:00:00+00:00,PEPEUSD,7.21e-06,7.27e-06,6.27e-06,6.98e-06,4133442578537.84,28258457.41
2025-03-05T00:00:00+00:00,PEPEUSD,6.98e-06,7.36e-06,6.81e-06,7.07e-06,2225030924385.45,15678619.34
2025-03-06T00:00:00+00:00,PEPEUSD,7.07e-06,7.34e-06,6.77e-06,6.83e-06,1892905138910.53,13312868.33
2025-03-07T00:00:00+00:00,PEPEUSD,6.83e-06,7.36e-06,6.42e-06,6.99e-06,3167056617390.42,22153517.6
2025-03-08T00:00:00+00:00,PEPEUSD,6.99e-06,7.05e-06,6.57e-06,6.67e-06,1561542685313.62,10592870.83
2025-03-09T00:00:00+00:00,PEPEUSD,6.67e-06,6.73e-06,5.73e-06,5.86e-06,2813599575382.89,17236177.76
2025-03-10T00:00:00+00:00,PEPEUSD,5.86e-06,6.64e-06,5.63e-06,5.69e-06,5675208024923.32,34480021.15
2025-03-11T00:00:00+00:00,PEPEUSD,5.69e-06,6.51e-06,5.25e-06,6.32e-06,5234436209633.3,30887201.3
2025-03-12T00:00:00+00:00,PEPEUSD,6.32e-06,6.98e-06,6.14e-06,6.95e-06,4692872563710.28,30802094.6
2025-03-13T00:00:00+00:00,PEPEUSD,6.95e-06,7.44e-06,6.5e-06,6.7e-06,6875913866086.38,48122176.33
2025-03-14T00:00:00+00:00,PEPEUSD,6.7e-06,7.34e-06,6.68e-06,7.06e-06,2938448058800.06,20641570.28
2025-03-15T00:00:00+00:00,PEPEUSD,7.06e-06,7.38e-06,6.96e-06,7.14e-06,1687541860664.36,12036418.44
2025-03-16T00:00:00+00:00,PEPEUSD,7.14e-06,7.18e-06,6.46e-06,6.58e-06,2320537516849.97,15613205.6
2025-03-17T00:00:00+00:00,PEPEUSD,6.58e-06,7.61e-06,6.57e-06,7.39e-06,3849856686199.53,27451755.09
2025-03-18T00:00:00+00:00,PEPEUSD,7.39e-06,7.42e-06,6.71e-06,7.29e-06,4586541856672.87,32155228.68
2025-03-19T00:00:00+00:00,PEPEUSD,7.29e-06,7.55e-06,7.14e-06,7.46e-06,4998563032311.8,36626460.95
2025-03-20T00:00:00+00:00,PEPEUSD,7.46e-06,7.85e-06,7.29e-06,7.63e-06,4502909720994.26,34058231.97
2025-03-21T00:00:00+00:00,PEPEUSD,7.63e-06,7.88e-06,7.13e-06,7.21e-06,3228366194628.89,23856937.32
2025-03-22T00:00:00+00:00,PEPEUSD,7.21e-06,7.39e-06,7.01e-06,7.07e-06,1590645076660.55,11517270.51
2025-03-23T00:00:00+00:00,PEPEUSD,7.07e-06,7.38e-06,7.02e-06,7.34e-06,1402085242652.28,10152425.58
2025-03-24T00:00:00+00:00,PEPEUSD,7.34e-06,8.19e-06,7.19e-06,8e-06,3310325512519.32,25697349.24
2025-03-25T00:00:00+00:00,PEPEUSD,8e-06,8.24e-06,7.84e-06,8.02e-06,2193908290941.78,17573220.45
2025-03-26T00:00:00+00:00,PEPEUSD,8.02e-06,9.25e-06,7.96e-06,8.53e-06,4216594753022.91,36561717.55
2025-03-27T00:00:00+00:00,PEPEUSD,8.53e-06,8.69e-06,8.19e-06,8.45e-06,2376867862817.88,20176547.39
2025-03-28T00:00:00+00:00,PEPEUSD,8.45e-06,8.52e-06,7.6e-06,7.78e-06,1989908974229.22,15797986.43
2025-03-29T00:00:00+00:00,PEPEUSD,7.78e-06,7.89e-06,7.06e-06,7.21e-06,1528976830676.3,11411154.94
2025-03-30T00:00:00+00:00,PEPEUSD,7.21e-06,7.34e-06,6.77e-06,6.94e-06,1636132184259.07,11564985.22
2025-03-31T00:00:00+00:00,PEPEUSD,6.94e-06,7.34e-06,6.77e-06,7.2e-06,2580195692803.97,18209337.18
2025-04-01T00:00:00+00:00,PEPEUSD,7.2e-06,7.86e-06,7.19e-06,7.72e-06,2887971417711.88,21884878.83
2025-04-02T00:00:00+00:00,PEPEUSD,7.72e-06,8.08e-06,6.91e-06,7.06e-06,4944450339324.56,37007767.1
2025-04-03T00:00:00+00:00,PEPEUSD,7.06e-06,7.29e-06,6.38e-06,6.7e-06,3573882317828.6,24195104.74
2025-04-04T00:00:00+00:00,PEPEUSD,6.7e-06,7.28e-06,6.61e-06,7.24e-06,3496337721395.95,24394333.11
2025-04-05T00:00:00+00:00,PEPEUSD,7.24e-06,7.37e-06,6.92e-06,7.06e-06,1439143632973.59,10259695.19
2025-04-06T00:00:00+00:00,PEPEUSD,7.06e-06,7.12e-06,6.16e-06,6.33e-06,2695869587842.42,17818394.85
2025-04-07T00:00:00+00:00,PEPEUSD,6.33e-06,6.78e-06,5.71e-06,6.44e-06,5893926046472.84,37027062.91
2025-04-08T00:00:00+00:00,PEPEUSD,6.44e-06,6.63e-06,5.93e-06,6.04e-06,2385151507252.83,14794570
2025-04-09T00:00:00+00:00,PEPEUSD,6.04e-06,7.14e-06,5.78e-06,6.97e-06,4239315342075.8,27704431.51
2025-04-10T00:00:00+00:00,PEPEUSD,6.97e-06,6.99e-06,6.48e-06,6.71e-06,2450294086880.07,16411686.43
2025-04-11T00:00:00+00:00,PEPEUSD,6.71e-06,7.04e-06,6.64e-06,6.94e-06,2070388152284.05,14236048.15
2025-04-12T00:00:00+00:00,PEPEUSD,6.94e-06,7.58e-06,6.82e-06,7.45e-06,2297938729864.86,16643500.46
2025-04-13T00:00:00+00:00,PEPEUSD,7.45e-06,7.76e-06,7.1e-06,7.28e-06,2872427103779.61,21150551.02
2025-04-14T00:00:00+00:00,PEPEUSD,7.28e-06,7.74e-06,7.24e-06,7.34e-06,4122700549895.25,30882184.05
2025-04-15T00:00:00+00:00,PEPEUSD,7.34e-06,7.51e-06,6.9e-06,7e-06,2494994877970.28,17996523.89
2025-04-16T00:00:00+00:00,PEPEUSD,7e-06,7.32e-06,6.93e-06,7.14e-06,2616186910194.07,18704043.75
2025-04-17T00:00:00+00:00,PEPEUSD,7.14e-06,7.45e-06,7.03e-06,7.24e-06,2089902509803.15,15217838.39
2025-04-18T00:00:00+00:00,PEPEUSD,7.24e-06,7.34e-06,7.01e-06,7.33e-06,1487401637779.79,10657784.63
2025-04-19T00:00:00+00:00,PEPEUSD,7.33e-06,7.6e-06,7.16e-06,7.5e-06,1530747885647.58,11265587.5
2025-04-20T00:00:00+00:00,PEPEUSD,7.5e-06,7.7e-06,7.27e-06,7.54e-06,1585727609518.56,11879398.59
2025-04-21T00:00:00+00:00,PEPEUSD,7.54e-06,8.05e-06,7.52e-06,7.74e-06,2790266544045.02,21833986.93
2025-04-22T00:00:00+00:00,PEPEUSD,7.74e-06,8.9e-06,7.62e-06,8.82e-06,3863315648093.37,32160750.52
2025-04-23T00:00:00+00:00,PEPEUSD,8.82e-06,9.3e-06,8.62e-06,8.84e-06,4582415274203.13,41284458.24
2025-04-24T00:00:00+00:00,PEPEUSD,8.84e-06,8.87e-06,8.33e-06,8.76e-06,2316027778307,19979664.05
2025-04-25T00:00:00+00:00,PEPEUSD,8.76e-06,9.29e-06,8.56e-06,9.06e-06,3008792696072.53,26736085.99
2025-04-26T00:00:00+00:00,PEPEUSD,9.06e-06,9.82e-06,9.02e-06,9.17e-06,2930469121193.78,27433850.25
2025-04-27T00:00:00+00:00,PEPEUSD,9.17e-06,9.21e-06,8.72e-06,8.77e-06,1709268150459.99,15264241.12
2025-04-28T00:00:00+00:00,PEPEUSD,8.77e-06,9.2e-06,8.56e-06,8.97e-06,3018910825870.78,26875976.29
2025-04-29T00:00:00+00:00,PEPEUSD,8.97e-06,9.16e-06,8.72e-06,8.86e-06,1770283832832.41,15903834.97
2025-04-30T00:00:00+00:00,PEPEUSD,8.86e-06,9.13e-06,8.46e-06,8.9e-06,1958438039058.4,17236662.39
2025-05-01T00:00:00+00:00,PEPEUSD,8.9e-06,9.09e-06,8.67e-06,8.74e-06,1813848638393.99,16139577.74
2025-05-02T00:00:00+00:00,PEPEUSD,8.74e-06,8.93e-06,8.54e-06,8.7e-06,1988831124773.28,17375919.01
2025-05-03T00:00:00+00:00,PEPEUSD,8.7e-06,8.72e-06,8.08e-06,8.17e-06,1789173523382.08,15060108.18
2025-05-04T00:00:00+00:00,PEPEUSD,8.17e-06,8.27e-06,8e-06,8.09e-06,1841124738906.81,15013379.69
2025-05-05T00:00:00+00:00,PEPEUSD,8.09e-06,8.36e-06,7.78e-06,7.94e-06,1753252913370.18,14131762.06
2025-05-06T00:00:00+00:00,PEPEUSD,7.94e-06,8.03e-06,7.59e-06,7.99e-06,1541466154921.89,12081022.43
2025-05-07T00:00:00+00:00,PEPEUSD,7.99e-06,8.31e-06,7.95e-06,8.26e-06,2183022169867.39,17768123.56
2025-05-08T00:00:00+00:00,PEPEUSD,8.26e-06,1.178e-05,8.22e-06,1.111e-05,8487780248545.75,85274295.56
2025-05-09T00:00:00+00:00,PEPEUSD,1.111e-05,1.395e-05,1.064e-05,1.237e-05,12011662508372.6,149667939.74
2025-05-10T00:00:00+00:00,PEPEUSD,1.237e-05,1.406e-05,1.216e-05,1.369e-05,8129682017590.94,106286984.99
2025-05-11T00:00:00+00:00,PEPEUSD,1.369e-05,1.424e-05,1.258e-05,1.361e-05,5104073148113.89,68508167.16
2025-05-12T00:00:00+00:00,PEPEUSD,1.361e-05,1.54e-05,1.278e-05,1.362e-05,8805247052925.43,124676922.52
2025-05-13T00:00:00+00:00,PEPEUSD,1.362e-05,1.51e-05,1.274e-05,1.444e-05,5799249892525.42,81429182.29
2025-05-14T00:00:00+00:00,PEPEUSD,1.444e-05,1.45e-05,1.349e-05,1.39e-05,3829482693706.29,53575408.3
2025-05-15T00:00:00+00:00,PEPEUSD,1.39e-05,1.414e-05,1.267e-05,1.303e-05,4994110703163.53,67211114.34
2025-05-16T00:00:00+00:00,PEPEUSD,1.303e-05,1.379e-05,1.252e-05,1.26e-05,3075303206650.52,40899004.68
2025-05-17T00:00:00+00:00,PEPEUSD,1.26e-05,1.276e-05,1.196e-05,1.217e-05,2271834945831.14,28066680.42
2025-05-18T00:00:00+00:00,PEPEUSD,1.217e-05,1.425e-05,1.215e-05,1.386e-05,4837386794732.64,64516219.24
2025-05-19T00:00:00+00:00,PEPEUSD,1.386e-05,1.419e-05,1.25e-05,1.328e-05,3935476394045.73,51746663.47
2025-05-20T00:00:00+00:00,PEPEUSD,1.328e-05,1.366e-05,1.263e-05,1.316e-05,3027333119354.76,39642780.36
2025-05-21T00:00:00+00:00,PEPEUSD,1.316e-05,1.463e-05,1.281e-05,1.365e-05,6326860532085.12,86402572.48
2025-05-22T00:00:00+00:00,PEPEUSD,1.365e-05,1.553e-05,1.363e-05,1.552e-05,5006985244626.5,72111755.72
2025-05-23T00:00:00+00:00,PEPEUSD,1.552e-05,1.633e-05,1.357e-05,1.381e-05,6992441006721.05,106330561.12
2025-05-24T00:00:00+00:00,PEPEUSD,1.381e-05,1.421e-05,1.358e-05,1.378e-05,2745946704403.56,38160754.93
2025-05-25T00:00:00+00:00,PEPEUSD,1.378e-05,1.399e-05,1.263e-05,1.361e-05,4292754811003.3,56995197.41
2025-05-26T00:00:00+00:00,PEPEUSD,1.361e-05,1.447e-05,1.349e-05,1.386e-05,3851970036417.46,53683863.43
2025-05-27T00:00:00+00:00,PEPEUSD,1.386e-05,1.432e-05,1.336e-05,1.39e-05,2711947923433.44,37892723.04
2025-05-28T00:00:00+00:00,PEPEUSD,1.39e-05,1.417e-05,1.338e-05,1.399e-05,2054340116091.97,28281369.28
2025-05-29T00:00:00+00:00,PEPEUSD,1.399e-05,1.512e-05,1.336e-05,1.344e-05,4766637046086.84,67905486.17
2025-05-30T00:00:00+00:00,PEPEUSD,1.344e-05,1.356e-05,1.151e-05,1.162e-05,4142716482050.52,52670517.95
2025-05-31T00:00:00+00:00,PEPEUSD,1.162e-05,1.188e-05,1.095e-05,1.165e-05,4126094418979.06,47380393.96
2025-06-01T00:00:00+00:00,PEPEUSD,1.165e-05,1.204e-05,1.129e-05,1.181e-05,1685256022583.35,19693473.16
2025-06-02T00:00:00+00:00,PEPEUSD,1.181e-05,1.243e-05,1.14e-05,1.235e-05,2053472124593.28,24270918.34
2025-06-03T00:00:00+00:00,PEPEUSD,1.235e-05,1.296e-05,1.217e-05,1.227e-05,2984450077541.31,37569922.37
2025-06-04T00:00:00+00:00,PEPEUSD,1.227e-05,1.263e-05,1.176e-05,1.183e-05,1914874034185.39,23502928.74
2025-06-05T00:00:00+00:00,PEPEUSD,1.183e-05,1.207e-05,1.037e-05,1.065e-05,4566346009420.43,51320628.84
2025-06-06T00:00:00+00:00,PEPEUSD,1.065e-05,1.152e-05,1.056e-05,1.107e-05,2759274417648.93,30620579.2
2025-06-07T00:00:00+00:00,PEPEUSD,1.107e-05,1.163e-05,1.097e-05,1.151e-05,1310638258157.73,14978851.77
2025-06-08T00:00:00+00:00,PEPEUSD,1.151e-05,1.207e-05,1.131e-05,1.167e-05,1473957564326.99,17148788.06
2025-06-09T00:00:00+00:00,PEPEUSD,1.167e-05,1.272e-05,1.141e-05,1.266e-05,2560759021488.25,30730951.5
2025-06-10T00:00:00+00:00,PEPEUSD,1.266e-05,1.362e-05,1.243e-05,1.313e-05,4649547205420.79,60054748.51
2025-06-11T00:00:00+00:00,PEPEUSD,1.313e-05,1.345e-05,1.221e-05,1.247e-05,3126448337822.22,40284130.49
2025-06-12T00:00:00+00:00,PEPEUSD,1.247e-05,1.26e-05,1.137e-05,1.151e-05,2854706141181.31,34419467.45
2025-06-13T00:00:00+00:00,PEPEUSD,1.151e-05,1.152e-05,1.046e-05,1.123e-05,4860278317266.45,52635329.93
2025-06-14T00:00:00+00:00,PEPEUSD,1.123e-05,1.132e-05,1.07e-05,1.095e-05,1283412745666.52,14140522.88
2025-06-15T00:00:00+00:00,PEPEUSD,1.095e-05,1.132e-05,1.081e-05,1.112e-05,1074861825781.29,11930306.57
2025-06-16T00:00:00+00:00,PEPEUSD,1.112e-05,1.156e-05,1.055e-05,1.059e-05,2474374429513.3,27701799.07
2025-06-17T00:00:00+00:00,PEPEUSD,1.059e-05,1.077e-05,9.66e-06,1.013e-05,3297531549986.93,33664721.99
2025-06-18T00:00:00+00:00,PEPEUSD,1.013e-05,1.04e-05,9.75e-06,1.034e-05,2262572240117.66,22922369.97
2025-06-19T00:00:00+00:00,PEPEUSD,1.034e-05,1.049e-05,1.015e-05,1.03e-05,1510123036724.8,15601662.27
2025-06-20T00:00:00+00:00,PEPEUSD,1.03e-05,1.052e-05,9.46e-06,9.84e-06,4363672964880.21,42865126.32
2025-06-21T00:00:00+00:00,PEPEUSD,9.84e-06,1.011e-05,8.93e-06,9.27e-06,2024492871776.38,19443962.1
2025-06-22T00:00:00+00:00,PEPEUSD,9.27e-06,9.48e-06,8.31e-06,8.88e-06,3525276403137.03,31054859.87
2025-06-23T00:00:00+00:00,PEPEUSD,8.88e-06,1.003e-05,8.67e-06,9.91e-06,3652934027150.44,33874870.58
2025-06-24T00:00:00+00:00,PEPEUSD,9.91e-06,1.03e-05,9.77e-06,1.006e-05,2412035800481.04,24066313.72
2025-06-25T00:00:00+00:00,PEPEUSD,1.006e-05,1.018e-05,9.38e-06,9.47e-06,1905760900415.51,18717822.5
2025-06-26T00:00:00+00:00,PEPEUSD,9.47e-06,9.75e-06,9.11e-06,9.17e-06,1942377119268.76,18179858.64
2025-06-27T00:00:00+00:00,PEPEUSD,9.17e-06,9.37e-06,8.93e-06,9.17e-06,1736310529244.27,15970488.91
2025-06-28T00:00:00+00:00,PEPEUSD,9.17e-06,9.62e-06,9.15e-06,9.56e-06,952999975071.24,8942748.43
2025-06-29T00:00:00+00:00,PEPEUSD,9.56e-06,1.049e-05,9.43e-06,1.039e-05,1241814453946.64,12330108.38
2025-06-30T00:00:00+00:00,PEPEUSD,1.039e-05,1.042e-05,9.6e-06,9.75e-06,1996874197651.74,19795498.15
2025-07-01T00:00:00+00:00,PEPEUSD,9.75e-06,9.83e-06,9.16e-06,9.25e-06,1533103586696.6,14469271.65
2025-07-02T00:00:00+00:00,PEPEUSD,9.25e-06,1.039e-05,9.19e-06,1.006e-05,2540733352730.59,25388715.11
2025-07-03T00:00:00+00:00,PEPEUSD,1.006e-05,1.078e-05,9.89e-06,1.012e-05,2867805250540.79,29642768.59
2025-07-04T00:00:00+00:00,PEPEUSD,1.012e-05,1.027e-05,9.44e-06,9.65e-06,1932357742893.17,18830859.65
2025-07-05T00:00:00+00:00,PEPEUSD,9.65e-06,9.93e-06,9.52e-06,9.69e-06,911519412624.76,8856314.33
2025-07-06T00:00:00+00:00,PEPEUSD,9.69e-06,1.032e-05,9.57e-06,1.003e-05,2405559603290.37,23995290.97
2025-07-07T00:00:00+00:00,PEPEUSD,1.003e-05,1.027e-05,9.73e-06,9.9e-06,2234750901467.5,22326435.23
2025-07-08T00:00:00+00:00,PEPEUSD,9.9e-06,1.03e-05,9.72e-06,1.02e-05,2119855230288.98,21276633.16
2025-07-09T00:00:00+00:00,PEPEUSD,1.02e-05,1.135e-05,1.001e-05,1.105e-05,3953495835908.64,41892897.51
2025-07-10T00:00:00+00:00,PEPEUSD,1.105e-05,1.254e-05,1.088e-05,1.241e-05,4467687032739.73,51696944.97
2025-07-11T00:00:00+00:00,PEPEUSD,1.241e-05,1.326e-05,1.201e-05,1.236e-05,6017694861658.56,76503370.26
2025-07-12T00:00:00+00:00,PEPEUSD,1.236e-05,1.257e-05,1.184e-05,1.224e-05,2404097804049.25,29414201.15
2025-07-13T00:00:00+00:00,PEPEUSD,1.224e-05,1.27e-05,1.209e-05,1.231e-05,2731927801037.85,33805232.31
2025-07-14T00:00:00+00:00,PEPEUSD,1.231e-05,1.336e-05,1.202e-05,1.222e-05,4045953173056.7,51009779.94
2025-07-15T00:00:00+00:00,PEPEUSD,1.222e-05,1.291e-05,1.166e-05,1.285e-05,3748629637132.19,46077697.93
2025-07-16T00:00:00+00:00,PEPEUSD,1.285e-05,1.411e-05,1.249e-05,1.355e-05,5748484311657.18,76245250.66
2025-07-17T00:00:00+00:00,PEPEUSD,1.355e-05,1.385e-05,1.281e-05,1.337e-05,5126462718015.37,68782326
2025-07-18T00:00:00+00:00,PEPEUSD,1.337e-05,1.434e-05,1.267e-05,1.299e-05,5963128494000.38,80944058.56
2025-07-19T00:00:00+00:00,PEPEUSD,1.299e-05,1.354e-05,1.265e-05,1.344e-05,2185123898548.17,28718060.37
2025-07-20T00:00:00+00:00,PEPEUSD,1.344e-05,1.461e-05,1.332e-05,1.403e-05,3598113797696.9,50362154.64
2025-07-21T00:00:00+00:00,PEPEUSD,1.403e-05,1.454e-05,1.366e-05,1.411e-05,4032435769423.58,56886523.65
2025-07-22T00:00:00+00:00,PEPEUSD,1.411e-05,1.475e-05,1.349e-05,1.417e-05,4021648444314.74,56168962.67
2025-07-23T00:00:00+00:00,PEPEUSD,1.417e-05,1.419e-05,1.221e-05,1.273e-05,3330772836652.61,43948641.55
2025-07-24T00:00:00+00:00,PEPEUSD,1.273e-05,1.305e-05,1.186e-05,1.239e-05,2867662360009.29,36104282.78
2025-07-25T00:00:00+00:00,PEPEUSD,1.239e-05,1.257e-05,1.174e-05,1.255e-05,2418807564326.62,29395444.95
2025-07-26T00:00:00+00:00,PEPEUSD,1.255e-05,1.277e-05,1.233e-05,1.241e-05,1081639335664.9,13620491.54
2025-07-27T00:00:00+00:00,PEPEUSD,1.241e-05,1.297e-05,1.239e-05,1.279e-05,1342674262306.25,17057802.75
2025-07-28T00:00:00+00:00,PEPEUSD,1.279e-05,1.315e-05,1.182e-05,1.191e-05,2242704930428.58,28112380.45
2025-07-29T00:00:00+00:00,PEPEUSD,1.191e-05,1.214e-05,1.125e-05,1.152e-05,1605606371386.69,18750022.02
2025-07-30T00:00:00+00:00,PEPEUSD,1.152e-05,1.161e-05,1.074e-05,1.134e-05,1638198070012.26,18464432.35
2025-07-31T00:00:00+00:00,PEPEUSD,1.134e-05,1.166e-05,1.069e-05,1.078e-05,1400483336370.7,15689721.59
2025-08-01T00:00:00+00:00,PEPEUSD,1.078e-05,1.083e-05,1.004e-05,1.037e-05,2078360553622.71,21841460
2025-08-02T00:00:00+00:00,PEPEUSD,1.037e-05,1.063e-05,9.86e-06,1.013e-05,1498002941221.53,15316581.5
2025-08-03T00:00:00+00:00,PEPEUSD,1.013e-05,1.056e-05,1e-05,1.045e-05,777822929882.98,8094671.91
2025-08-04T00:00:00+00:00,PEPEUSD,1.045e-05,1.083e-05,1.034e-05,1.076e-05,1036461114850.45,10986072.3
2025-08-05T00:00:00+00:00,PEPEUSD,1.076e-05,1.079e-05,9.98e-06,1.02e-05,975173582375.42,10066466.49
2025-08-06T00:00:00+00:00,PEPEUSD,1.02e-05,1.062e-05,9.96e-06,1.056e-05,1035638991132.85,10759627.37
2025-08-07T00:00:00+00:00,PEPEUSD,1.056e-05,1.115e-05,1.046e-05,1.111e-05,1427607167446.78,15390412.06
2025-08-08T00:00:00+00:00,PEPEUSD,1.111e-05,1.201e-05,1.097e-05,1.182e-05,3067817170867.06,34820623.27
2025-08-09T00:00:00+00:00,PEPEUSD,1.182e-05,1.266e-05,1.164e-05,1.24e-05,2387337386160.51,29219186.11
2025-08-10T00:00:00+00:00,PEPEUSD,1.24e-05,1.264e-05,1.179e-05,1.207e-05,1864807407313.39,22641628.63
2025-08-11T00:00:00+00:00,PEPEUSD,1.207e-05,1.243e-05,1.113e-05,1.123e-05,2340285353270.27,27631393.88
2025-08-12T00:00:00+00:00,PEPEUSD,1.123e-05,1.235e-05,1.107e-05,1.214e-05,2620081739200.63,30729517.34
2025-08-13T00:00:00+00:00,PEPEUSD,1.214e-05,1.25e-05,1.197e-05,1.226e-05,2651937179757.44,32438332.15
2025-08-14T00:00:00+00:00,PEPEUSD,1.226e-05,1.268e-05,1.082e-05,1.105e-05,3256624678243.41,38248834.46
2025-08-15T00:00:00+00:00,PEPEUSD,1.105e-05,1.128e-05,1.053e-05,1.083e-05,1736405293093.9,19008603.78
2025-08-16T00:00:00+00:00,PEPEUSD,1.083e-05,1.112e-05,1.08e-05,1.11e-05,830339844205.83,9084693.72
2025-08-17T00:00:00+00:00,PEPEUSD,1.11e-05,1.155e-05,1.1e-05,1.113e-05,1039032355042.51,11680480.43
2025-08-18T00:00:00+00:00,PEPEUSD,1.113e-05,1.115e-05,1.056e-05,1.068e-05,1572371488571.62,16943166.07
2025-08-19T00:00:00+00:00,PEPEUSD,1.068e-05,1.085e-05,1.016e-05,1.02e-05,1586377456396.24,16640440.83
2025-08-20T00:00:00+00:00,PEPEUSD,1.02e-05,1.073e-05,1.003e-05,1.066e-05,1162375889919.86,12122459.34
2025-08-21T00:00:00+00:00,PEPEUSD,1.066e-05,1.076e-05,1.02e-05,1.04e-05,1222770366612.33,12760350.76
2025-08-22T00:00:00+00:00,PEPEUSD,1.04e-05,1.17e-05,9.82e-06,1.157e-05,3153575421993.24,33959421.41
2025-08-23T00:00:00+00:00,PEPEUSD,1.157e-05,1.161e-05,1.097e-05,1.125e-05,1339953620059.71,15144230.49
2025-08-24T00:00:00+00:00,PEPEUSD,1.125e-05,1.148e-05,1.067e-05,1.084e-05,2402629175709.69,26466460.92
2025-08-25T00:00:00+00:00,PEPEUSD,1.084e-05,1.108e-05,9.57e-06,9.75e-06,2348550593285.95,23990995.49
2025-08-26T00:00:00+00:00,PEPEUSD,9.75e-06,1.019e-05,9.68e-06,1.009e-05,1631634802902.84,16235157.14
2025-08-27T00:00:00+00:00,PEPEUSD,1.009e-05,1.03e-05,9.96e-06,1.002e-05,1476463926262.5,14943589.36
2025-08-28T00:00:00+00:00,PEPEUSD,1.002e-05,1.027e-05,9.92e-06,1.021e-05,1027908161258.86,10404341.37
2025-08-29T00:00:00+00:00,PEPEUSD,1.021e-05,1.026e-05,9.49e-06,9.78e-06,1779816932096.2,17443337.47
2025-08-30T00:00:00+00:00,PEPEUSD,9.78e-06,1.006e-05,9.69e-06,9.83e-06,848914040083.85,8394158.75
2025-08-31T00:00:00+00:00,PEPEUSD,9.83e-06,1.001e-05,9.63e-06,9.65e-06,1155709097635.48,11411113.44
2025-09-01T00:00:00+00:00,PEPEUSD,9.65e-06,9.95e-06,9.15e-06,9.46e-06,1590011320616.61,15132829.78
2025-09-02T00:00:00+00:00,PEPEUSD,9.46e-06,9.82e-06,9.32e-06,9.79e-06,2342431603818.23,22342352.56
2025-09-03T00:00:00+00:00,PEPEUSD,9.79e-06,1.004e-05,9.68e-06,9.88e-06,1008495916343.96,9925969.47
2025-09-04T00:00:00+00:00,PEPEUSD,9.88e-06,9.97e-06,9.38e-06,9.45e-06,1439993371171.41,13810809.7
2025-09-05T00:00:00+00:00,PEPEUSD,9.45e-06,9.89e-06,9.41e-06,9.75e-06,1615482254257.18,15649808.77
2025-09-06T00:00:00+00:00,PEPEUSD,9.75e-06,9.81e-06,9.54e-06,9.63e-06,598472352208.21,5784758.91
2025-09-07T00:00:00+00:00,PEPEUSD,9.63e-06,9.95e-06,9.63e-06,9.89e-06,667822109634.1,6563278.55
2025-09-08T00:00:00+00:00,PEPEUSD,9.89e-06,1.036e-05,9.82e-06,1.031e-05,1648921572690.41,16759850.29
2025-09-09T00:00:00+00:00,PEPEUSD,1.031e-05,1.084e-05,1.014e-05,1.031e-05,2439415578697.68,25493801.03
2025-09-10T00:00:00+00:00,PEPEUSD,1.031e-05,1.068e-05,1.022e-05,1.054e-05,1269491683438.56,13276973.36
2025-09-11T00:00:00+00:00,PEPEUSD,1.054e-05,1.07e-05,1.036e-05,1.069e-05,1441234471875.41,15221788.44
2025-09-12T00:00:00+00:00,PEPEUSD,1.069e-05,1.166e-05,1.04e-05,1.154e-05,3645482721538.4,40341920.67
2025-09-13T00:00:00+00:00,PEPEUSD,1.154e-05,1.269e-05,1.147e-05,1.192e-05,4279923162788.1,51755493.27
2025-09-14T00:00:00+00:00,PEPEUSD,1.192e-05,1.198e-05,1.114e-05,1.155e-05,2469635317054.07,28615666.15
2025-09-15T00:00:00+00:00,PEPEUSD,1.155e-05,1.168e-05,1.057e-05,1.077e-05,2053791106968.97,22592882.93
2025-09-16T00:00:00+00:00,PEPEUSD,1.077e-05,1.11e-05,1.062e-05,1.108e-05,1525567363760.97,16563552.31
2025-09-17T00:00:00+00:00,PEPEUSD,1.108e-05,1.151e-05,1.073e-05,1.142e-05,2789716017306.26,30750454.44
2025-09-18T00:00:00+00:00,PEPEUSD,1.142e-05,1.166e-05,1.122e-05,1.145e-05,2097152425098.45,24024237.35
2025-09-19T00:00:00+00:00,PEPEUSD,1.145e-05,1.15e-05,1.067e-05,1.077e-05,1296405604453.07,14266721.06
2025-09-20T00:00:00+00:00,PEPEUSD,1.077e-05,1.086e-05,1.054e-05,1.073e-05,987293401302.9,10582978.77
2025-09-21T00:00:00+00:00,PEPEUSD,1.073e-05,1.079e-05,1.04e-05,1.041e-05,1011675699727.67,10700136.75
2025-09-22T00:00:00+00:00,PEPEUSD,1.041e-05,1.048e-05,9.41e-06,9.66e-06,2546074400024.17,25038497.32
2025-09-23T00:00:00+00:00,PEPEUSD,9.66e-06,9.84e-06,9.43e-06,9.57e-06,1367790979224.48,13203892.28
2025-09-24T00:00:00+00:00,PEPEUSD,9.57e-06,9.86e-06,9.33e-06,9.64e-06,1226452813560.33,11811098.46
2025-09-25T00:00:00+00:00,PEPEUSD,9.64e-06,9.67e-06,8.87e-06,9.08e-06,2699623243696.31,25023456.73
2025-09-26T00:00:00+00:00,PEPEUSD,9.08e-06,9.47e-06,9.04e-06,9.38e-06,1610614202109.14,14906990.41
2025-09-27T00:00:00+00:00,PEPEUSD,9.38e-06,9.45e-06,9.2e-06,9.25e-06,732080574818.72,6820008.01
2025-09-28T00:00:00+00:00,PEPEUSD,9.25e-06,9.48e-06,9.04e-06,9.43e-06,791838824450.88,7307467.98
2025-09-29T00:00:00+00:00,PEPEUSD,9.43e-06,9.52e-06,9.09e-06,9.39e-06,1230517042788.71,11481826.85
2025-09-30T00:00:00+00:00,PEPEUSD,9.39e-06,9.43e-06,8.97e-06,9.32e-06,1413350265161.19,13004653.11
2025-10-01T00:00:00+00:00,PEPEUSD,9.32e-06,9.8e-06,9.24e-06,9.79e-06,1612350203552.48,15457495.88
2025-10-02T00:00:00+00:00,PEPEUSD,9.79e-06,1.034e-05,9.75e-06,1.022e-05,2197249017723.91,22031499.3
2025-10-03T00:00:00+00:00,PEPEUSD,1.022e-05,1.04e-05,9.86e-06,1.011e-05,1662522107766.53,16766454.31
2025-10-04T00:00:00+00:00,PEPEUSD,1.011e-05,1.023e-05,9.56e-06,9.77e-06,1454026734634.02,14350970.51
2025-10-05T00:00:00+00:00,PEPEUSD,9.77e-06,1.018e-05,9.69e-06,9.8e-06,1680594714135.73,16718776.84
2025-10-06T00:00:00+00:00,PEPEUSD,9.8e-06,1.037e-05,9.67e-06,1.02e-05,1595340580715.45,16124740.16
2025-10-07T00:00:00+00:00,PEPEUSD,1.02e-05,1.027e-05,9.44e-06,9.47e-06,2072808515260.72,20349653.03
2025-10-08T00:00:00+00:00,PEPEUSD,9.47e-06,9.75e-06,9.24e-06,9.56e-06,1762924781654.72,16669818.63
2025-10-09T00:00:00+00:00,PEPEUSD,9.56e-06,9.58e-06,9.01e-06,9.26e-06,1378683589948.46,12712906.22
2025-10-10T00:00:00+00:00,PEPEUSD,9.26e-06,9.4e-06,5.05e-06,6.71e-06,7533897939522.88,56473455.54
2025-10-11T00:00:00+00:00,PEPEUSD,6.71e-06,7.38e-06,6.5e-06,6.73e-06,5638471823752.82,39090751.88
2025-10-12T00:00:00+00:00,PEPEUSD,6.73e-06,7.73e-06,6.54e-06,7.49e-06,6355706141928.19,45243004.37
2025-10-13T00:00:00+00:00,PEPEUSD,7.49e-06,7.98e-06,7.3e-06,7.85e-06,5399087518967.69,41414798.04
2025-10-14T00:00:00+00:00,PEPEUSD,7.85e-06,7.92e-06,7.07e-06,7.52e-06,5430541576716.91,40164897.84
2025-10-15T00:00:00+00:00,PEPEUSD,7.52e-06,7.66e-06,7.04e-06,7.19e-06,3320612105667.78,24370307.25
2025-10-16T00:00:00+00:00,PEPEUSD,7.19e-06,7.31e-06,6.75e-06,6.88e-06,3033413063553.94,21396366.19
2025-10-17T00:00:00+00:00,PEPEUSD,6.88e-06,6.96e-06,6.3e-06,6.65e-06,3563103734197.47,23473962.6
2025-10-18T00:00:00+00:00,PEPEUSD,6.65e-06,6.85e-06,6.64e-06,6.75e-06,1036874685991.72,6990130.47
2025-10-19T00:00:00+00:00,PEPEUSD,6.75e-06,7.14e-06,6.65e-06,6.99e-06,1614409011777.77,11163904.2
2025-10-20T00:00:00+00:00,PEPEUSD,6.99e-06,7.32e-06,6.84e-06,7.15e-06,1591759373052.01,11353111.7
2025-10-21T00:00:00+00:00,PEPEUSD,7.15e-06,7.38e-06,6.83e-06,6.92e-06,2631998205023.24,18642964.28
2025-10-22T00:00:00+00:00,PEPEUSD,6.92e-06,6.97e-06,6.47e-06,6.72e-06,2503417810644.07,16971258.74
2025-10-23T00:00:00+00:00,PEPEUSD,6.72e-06,7.03e-06,6.7e-06,6.95e-06,1481507108246.26,10173586.68
2025-10-24T00:00:00+00:00,PEPEUSD,6.95e-06,7.24e-06,6.92e-06,7.18e-06,1372705258981.4,9735559.02
2025-10-25T00:00:00+00:00,PEPEUSD,7.18e-06,7.21e-06,7.09e-06,7.16e-06,570312302156.18,4079303.7
2025-10-26T00:00:00+00:00,PEPEUSD,7.16e-06,7.45e-06,7.02e-06,7.32e-06,1399796628138.81,10154084.16
2025-10-27T00:00:00+00:00,PEPEUSD,7.32e-06,7.43e-06,7.05e-06,7.13e-06,1406727249255.6,10202458.71
2025-10-28T00:00:00+00:00,PEPEUSD,7.13e-06,7.32e-06,6.84e-06,6.99e-06,2071166774196.57,14736963.24
2025-10-29T00:00:00+00:00,PEPEUSD,6.99e-06,7.24e-06,6.8e-06,7.02e-06,1752703554336.14,12342741.45
2025-10-30T00:00:00+00:00,PEPEUSD,7.02e-06,7.1e-06,6.26e-06,6.44e-06,2557924207062.45,16955544.26
2025-10-31T00:00:00+00:00,PEPEUSD,6.44e-06,6.65e-06,6.41e-06,6.56e-06,1670498005490.04,10929670.06
2025-11-01T00:00:00+00:00,PEPEUSD,6.56e-06,6.73e-06,6.51e-06,6.7e-06,821265152646.86,5447421.32
2025-11-02T00:00:00+00:00,PEPEUSD,6.7e-06,6.75e-06,6.5e-06,6.71e-06,754849537910.6,5005086.51
2025-11-03T00:00:00+00:00,PEPEUSD,6.71e-06,6.71e-06,5.52e-06,5.72e-06,2809190214414.06,16713349.46
2025-11-04T00:00:00+00:00,PEPEUSD,5.72e-06,5.85e-06,5.22e-06,5.59e-06,4743593430800.42,26352541.78
2025-11-05T00:00:00+00:00,PEPEUSD,5.59e-06,5.82e-06,5.3e-06,5.76e-06,2202180748680,12406811.19
2025-11-06T00:00:00+00:00,PEPEUSD,5.76e-06,5.77e-06,5.27e-06,5.54e-06,1816556183638.09,10059153.69
2025-11-07T00:00:00+00:00,PEPEUSD,5.54e-06,6.35e-06,5.51e-06,6.19e-06,2254143576121.26,13263867.19
2025-11-08T00:00:00+00:00,PEPEUSD,6.19e-06,6.3e-06,5.95e-06,6.09e-06,1154481805223.47,7062750.87
2025-11-09T00:00:00+00:00,PEPEUSD,6.09e-06,6.18e-06,5.83e-06,6.07e-06,1118196969889.75,6746769.53
2025-11-10T00:00:00+00:00,PEPEUSD,6.07e-06,6.33e-06,6.01e-06,6.21e-06,1399389754101.03,8609051.23
2025-11-11T00:00:00+00:00,PEPEUSD,6.21e-06,6.35e-06,5.82e-06,5.83e-06,1382211168781.5,8359633.77
2025-11-12T00:00:00+00:00,PEPEUSD,5.83e-06,6.1e-06,5.65e-06,5.72e-06,1402400883455.82,8189940.65
2025-11-13T00:00:00+00:00,PEPEUSD,5.72e-06,5.98e-06,5.28e-06,5.42e-06,2035474514453.99,11516633.9
2025-11-14T00:00:00+00:00,PEPEUSD,5.42e-06,5.46e-06,4.79e-06,4.9e-06,3042902001267.74,15807383.91
2025-11-15T00:00:00+00:00,PEPEUSD,4.9e-06,5.14e-06,4.89e-06,4.99e-06,1114064939931.84,5601916.89
2025-11-16T00:00:00+00:00,PEPEUSD,4.99e-06,5.05e-06,4.67e-06,4.86e-06,2010286915939.97,9775480.68
2025-11-17T00:00:00+00:00,PEPEUSD,4.86e-06,5.06e-06,4.62e-06,4.71e-06,2063327147625.26,9941944.46
2025-11-18T00:00:00+00:00,PEPEUSD,4.71e-06,4.95e-06,4.61e-06,4.88e-06,2154640397222.45,10366800.27
2025-11-19T00:00:00+00:00,PEPEUSD,4.88e-06,4.89e-06,4.45e-06,4.76e-06,2462539735156.8,11513315.32
2025-11-20T00:00:00+00:00,PEPEUSD,4.76e-06,4.96e-06,4.43e-06,4.44e-06,2125209241586.55,9968736.15
2025-11-21T00:00:00+00:00,PEPEUSD,4.44e-06,4.55e-06,3.96e-06,4.12e-06,5099554265590.75,21437565.74
2025-11-22T00:00:00+00:00,PEPEUSD,4.12e-06,4.2e-06,3.97e-06,4.13e-06,2312711288134.9,9412124.08
2025-11-23T00:00:00+00:00,PEPEUSD,4.13e-06,4.25e-06,4.1e-06,4.17e-06,1920812884062.86,8020621.42
2025-11-24T00:00:00+00:00,PEPEUSD,4.17e-06,4.66e-06,4.11e-06,4.57e-06,2141736421835.89,9314784.2
2025-11-25T00:00:00+00:00,PEPEUSD,4.57e-06,4.65e-06,4.35e-06,4.57e-06,1505635196123.03,6754740.77
2025-11-26T00:00:00+00:00,PEPEUSD,4.57e-06,4.76e-06,4.43e-06,4.69e-06,1533498445185.96,7046638.1
2025-11-27T00:00:00+00:00,PEPEUSD,4.69e-06,4.85e-06,4.63e-06,4.71e-06,1328776376051.13,6244277.62
2025-11-28T00:00:00+00:00,PEPEUSD,4.71e-06,4.9e-06,4.59e-06,4.63e-06,1110967182630.05,5213975.14
2025-11-29T00:00:00+00:00,PEPEUSD,4.63e-06,4.65e-06,4.51e-06,4.57e-06,716205451767.45,3277783.59
2025-11-30T00:00:00+00:00,PEPEUSD,4.57e-06,4.7e-06,4.53e-06,4.53e-06,900780190733.09,4160591.38
2025-12-01T00:00:00+00:00,PEPEUSD,4.53e-06,4.56e-06,3.96e-06,4.05e-06,1648018733829.51,6811786.54
2025-12-02T00:00:00+00:00,PEPEUSD,4.05e-06,4.65e-06,3.99e-06,4.57e-06,1991420132629.21,8521445.56
2025-12-03T00:00:00+00:00,PEPEUSD,4.57e-06,4.86e-06,4.54e-06,4.8e-06,1713184347760.59,8077418.06
2025-12-04T00:00:00+00:00,PEPEUSD,4.8e-06,4.93e-06,4.69e-06,4.76e-06,1172184131591.52,5656775.94
2025-12-05T00:00:00+00:00,PEPEUSD,4.76e-06,4.82e-06,4.31e-06,4.39e-06,1267157067571.62,5751451.5
2025-12-06T00:00:00+00:00,PEPEUSD,4.39e-06,4.57e-06,4.34e-06,4.51e-06,889006459541,3943148.53
2025-12-07T00:00:00+00:00,PEPEUSD,4.51e-06,4.6e-06,4.3e-06,4.43e-06,1029104627071.48,4599774.76
2025-12-08T00:00:00+00:00,PEPEUSD,4.43e-06,5.03e-06,4.41e-06,4.75e-06,2102084013627.95,10057199.88
2025-12-09T00:00:00+00:00,PEPEUSD,4.75e-06,5.06e-06,4.55e-06,4.95e-06,2293804649601.06,11101706.09
2025-12-10T00:00:00+00:00,PEPEUSD,4.95e-06,4.96e-06,4.62e-06,4.65e-06,1664713544071.37,7973929.44
2025-12-11T00:00:00+00:00,PEPEUSD,4.65e-06,4.7e-06,4.37e-06,4.6e-06,1641287913948.87,7387993.89
2025-12-12T00:00:00+00:00,PEPEUSD,4.6e-06,4.65e-06,4.21e-06,4.32e-06,1143173187711.68,5029733.58
2025-12-13T00:00:00+00:00,PEPEUSD,4.32e-06,4.44e-06,4.32e-06,4.38e-06,502432895941.43,2200874.6
2025-12-14T00:00:00+00:00,PEPEUSD,4.38e-06,4.41e-06,4.11e-06,4.17e-06,754079737604.34,3194508.53
2025-12-15T00:00:00+00:00,PEPEUSD,4.17e-06,4.37e-06,3.94e-06,4.06e-06,1469155194318.79,6090283.23
2025-12-16T00:00:00+00:00,PEPEUSD,4.06e-06,4.15e-06,3.95e-06,4.09e-06,1160596617715.09,4697013.86
2025-12-17T00:00:00+00:00,PEPEUSD,4.09e-06,4.26e-06,3.84e-06,3.9e-06,1527529324414.1,6128124.7
2025-12-18T00:00:00+00:00,PEPEUSD,3.9e-06,4.01e-06,3.63e-06,3.72e-06,1853171475829.29,7092177.21
2025-12-19T00:00:00+00:00,PEPEUSD,3.72e-06,4.18e-06,3.66e-06,4.11e-06,1420208881678.63,5651581.35
2025-12-20T00:00:00+00:00,PEPEUSD,4.11e-06,4.14e-06,4.04e-06,4.08e-06,805928226543.05,3292731.8
2025-12-21T00:00:00+00:00,PEPEUSD,4.08e-06,4.11e-06,3.94e-06,4.02e-06,780060276772.26,3142737.72
2025-12-22T00:00:00+00:00,PEPEUSD,4.02e-06,4.14e-06,3.92e-06,4.01e-06,1278990804251.82,5129306.65
2025-12-23T00:00:00+00:00,PEPEUSD,4.01e-06,4.05e-06,3.87e-06,3.93e-06,833292990428.61,3298614.74
2025-12-24T00:00:00+00:00,PEPEUSD,3.93e-06,4e-06,3.84e-06,3.97e-06,733256187971.06,2868758.71
2025-12-25T00:00:00+00:00,PEPEUSD,3.97e-06,4.05e-06,3.88e-06,3.9e-06,624904348187.78,2492337.29
2025-12-26T00:00:00+00:00,PEPEUSD,3.9e-06,4.08e-06,3.87e-06,4.03e-06,882272545319.15,3532673.31
2025-12-27T00:00:00+00:00,PEPEUSD,4.03e-06,4.21e-06,4.01e-06,4.2e-06,852006847562.78,3486502.31
2025-12-28T00:00:00+00:00,PEPEUSD,4.2e-06,4.26e-06,4.12e-06,4.17e-06,767472594271.49,3203769.49
2025-12-29T00:00:00+00:00,PEPEUSD,4.17e-06,4.32e-06,4.05e-06,4.07e-06,1369072375297.82,5701180.03
2025-12-30T00:00:00+00:00,PEPEUSD,4.07e-06,4.22e-06,3.99e-06,4.14e-06,1201976623855.19,4930965.53
2025-12-31T00:00:00+00:00,PEPEUSD,4.14e-06,4.17e-06,3.98e-06,4.03e-06,1370320908327.11,5574736.9
2026-01-01T00:00:00+00:00,PEPEUSD,4.03e-06,4.97e-06,4.02e-06,4.92e-06,3723089685273.71,16844185.46
2026-01-02T00:00:00+00:00,PEPEUSD,4.92e-06,6.16e-06,4.81e-06,5.99e-06,11866584960465.6,65839880.08
2026-01-03T00:00:00+00:00,PEPEUSD,5.99e-06,6.3e-06,5.75e-06,6.09e-06,6634738548640.1,40330090.97
2026-01-04T00:00:00+00:00,PEPEUSD,6.09e-06,7.26e-06,6.08e-06,7.18e-06,9397313921823.38,63499325.29
2026-01-05T00:00:00+00:00,PEPEUSD,7.18e-06,7.25e-06,6.6e-06,7.01e-06,5189736055384.77,35839432.96
2026-01-06T00:00:00+00:00,PEPEUSD,7.01e-06,7.1e-06,6.35e-06,6.71e-06,4652111918818.43,31359150.24
2026-01-07T00:00:00+00:00,PEPEUSD,6.71e-06,7.09e-06,6.46e-06,6.56e-06,3543469633939.24,23690786.17
2026-01-08T00:00:00+00:00,PEPEUSD,6.56e-06,6.69e-06,5.99e-06,6.08e-06,3843771785625.8,24048979.11
2026-01-09T00:00:00+00:00,PEPEUSD,6.08e-06,6.42e-06,5.94e-06,6.1e-06,3241727016440.21,19900402.24
2026-01-10T00:00:00+00:00,PEPEUSD,6.1e-06,6.11e-06,5.86e-06,5.94e-06,1053157609816.98,6289496.42
2026-01-11T00:00:00+00:00,PEPEUSD,5.94e-06,6.05e-06,5.68e-06,5.8e-06,2462042769119.74,14468423.79
2026-01-12T00:00:00+00:00,PEPEUSD,5.8e-06,6.04e-06,5.7e-06,5.72e-06,2692561130507.87,15713756.85
2026-01-13T00:00:00+00:00,PEPEUSD,5.72e-06,6.61e-06,5.7e-06,6.58e-06,3929517722744.76,24080756.35
2026-01-14T00:00:00+00:00,PEPEUSD,6.58e-06,6.88e-06,6.15e-06,6.24e-06,6889178275462.69,45113271.05
2026-01-15T00:00:00+00:00,PEPEUSD,6.24e-06,6.27e-06,5.85e-06,5.91e-06,2519578953337.07,15119373.94
2026-01-16T00:00:00+00:00,PEPEUSD,5.91e-06,6e-06,5.73e-06,5.92e-06,2096967114975.2,12303275.65
2026-01-17T00:00:00+00:00,PEPEUSD,5.92e-06,5.96e-06,5.76e-06,5.8e-06,653545128856.06,3830324.15
2026-01-18T00:00:00+00:00,PEPEUSD,5.8e-06,5.84e-06,5.44e-06,5.46e-06,1554797406784.88,8842860.84
2026-01-19T00:00:00+00:00,PEPEUSD,5.46e-06,5.46e-06,4.94e-06,5.27e-06,3028342723324.78,15765790.47
2026-01-20T00:00:00+00:00,PEPEUSD,5.27e-06,5.28e-06,4.97e-06,4.99e-06,2720598042631.62,13883169.63
2026-01-21T00:00:00+00:00,PEPEUSD,4.99e-06,5.34e-06,4.82e-06,5.14e-06,5784104174019.17,29139173.94
2026-01-22T00:00:00+00:00,PEPEUSD,5.14e-06,5.25e-06,4.85e-06,4.94e-06,3030842935244.64,15136161.35
2026-01-23T00:00:00+00:00,PEPEUSD,4.94e-06,5.3e-06,4.86e-06,5.02e-06,2018997640528.71,10228030.76
2026-01-24T00:00:00+00:00,PEPEUSD,5.02e-06,5.12e-06,4.93e-06,5e-06,615607350063.58,3091402.24
2026-01-25T00:00:00+00:00,PEPEUSD,5e-06,5.04e-06,4.6e-06,4.7e-06,2630831854036.67,12814711.99
2026-01-26T00:00:00+00:00,PEPEUSD,4.7e-06,5.03e-06,4.7e-06,5.01e-06,1956346177557.3,9596023.03
2026-01-27T00:00:00+00:00,PEPEUSD,5.01e-06,5.25e-06,4.84e-06,5.01e-06,1870153277634.96,9422916.65
2026-01-28T00:00:00+00:00,PEPEUSD,5.01e-06,5.1e-06,4.91e-06,4.97e-06,1861777552844.86,9325568.02
2026-01-29T00:00:00+00:00,PEPEUSD,4.97e-06,4.98e-06,4.59e-06,4.73e-06,2083308545042.94,9924223.82
2026-01-30T00:00:00+00:00,PEPEUSD,4.73e-06,4.77e-06,4.5e-06,4.62e-06,1960611331874.74,9064524.02
2026-01-31T00:00:00+00:00,PEPEUSD,4.62e-06,4.63e-06,3.84e-06,4.15e-06,3302955760088.81,13862116.27
2026-02-01T00:00:00+00:00,PEPEUSD,4.15e-06,4.31e-06,4.07e-06,4.16e-06,2270507122199.46,9553190.71
2026-02-02T00:00:00+00:00,PEPEUSD,4.16e-06,4.38e-06,3.98e-06,4.24e-06,3468300290977.62,14622866.33
2026-02-03T00:00:00+00:00,PEPEUSD,4.24e-06,4.41e-06,4e-06,4.11e-06,3050687745684.45,12771055.1
2026-02-04T00:00:00+00:00,PEPEUSD,4.11e-06,4.31e-06,4e-06,4.2e-06,2574916612237.22,10720414.32
2026-02-05T00:00:00+00:00,PEPEUSD,4.2e-06,4.2e-06,3.4e-06,3.42e-06,4697198808499.89,17883750.91
2026-02-06T00:00:00+00:00,PEPEUSD,3.42e-06,4e-06,3.11e-06,3.91e-06,4120459555279.09,14900348.02
2026-02-07T00:00:00+00:00,PEPEUSD,3.91e-06,3.94e-06,3.73e-06,3.86e-06,1179048236709.14,4542950.9
2026-02-08T00:00:00+00:00,PEPEUSD,3.86e-06,3.93e-06,3.71e-06,3.78e-06,2819178279316.82,10783085.53
2026-02-09T00:00:00+00:00,PEPEUSD,3.78e-06,3.85e-06,3.62e-06,3.81e-06,1266597982383.33,4763456.88
2026-02-10T00:00:00+00:00,PEPEUSD,3.81e-06,3.84e-06,3.6e-06,3.64e-06,1271383906247.13,4676655.52
2026-02-11T00:00:00+00:00,PEPEUSD,3.64e-06,3.72e-06,3.46e-06,3.57e-06,1906670686247.26,6846902.53
2026-02-12T00:00:00+00:00,PEPEUSD,3.57e-06,3.76e-06,3.56e-06,3.72e-06,1275337551504.35,4668768.06
2026-02-13T00:00:00+00:00,PEPEUSD,3.72e-06,3.84e-06,3.63e-06,3.78e-06,1038709817558.85,3875522.63
2026-02-14T00:00:00+00:00,PEPEUSD,3.78e-06,5e-06,3.76e-06,4.83e-06,4974203314197.88,22439846.25
2026-02-15T00:00:00+00:00,PEPEUSD,4.83e-06,5.09e-06,4.34e-06,4.41e-06,4613691167693.64,21600701.22
2026-02-16T00:00:00+00:00,PEPEUSD,4.41e-06,4.57e-06,4.36e-06,4.48e-06,2238620407636.01,9995533.59
2026-02-17T00:00:00+00:00,PEPEUSD,4.48e-06,4.51e-06,4.29e-06,4.39e-06,1736484337954.25,7654750.59
2026-02-18T00:00:00+00:00,PEPEUSD,4.39e-06,4.42e-06,4.18e-06,4.23e-06,1479209196492.06,6350979.22
2026-02-19T00:00:00+00:00,PEPEUSD,4.23e-06,4.27e-06,4.12e-06,4.23e-06,855171865082.8,3592818.38
2026-02-20T00:00:00+00:00,PEPEUSD,4.23e-06,4.38e-06,4.05e-06,4.25e-06,1685927110535.27,7124587.28
2026-02-21T00:00:00+00:00,PEPEUSD,4.25e-06,4.4e-06,4.13e-06,4.15e-06,1112540976164.84,4741055.18
2026-02-22T00:00:00+00:00,PEPEUSD,4.15e-06,4.15e-06,3.99e-06,4.05e-06,757653249636.81,3078290.26
2026-02-23T00:00:00+00:00,PEPEUSD,4.05e-06,4.21e-06,3.85e-06,3.96e-06,1534577218285.95,6137170.38
2026-02-24T00:00:00+00:00,PEPEUSD,3.96e-06,4.01e-06,3.84e-06,3.94e-06,998788575041.59,3921912.09
2026-02-25T00:00:00+00:00,PEPEUSD,3.94e-06,4.45e-06,3.89e-06,4.14e-06,2614393879365.24,10933327.49
2026-02-26T00:00:00+00:00,PEPEUSD,4.14e-06,4.17e-06,3.78e-06,3.83e-06,1774916411184.2,6991781.1
2026-02-27T00:00:00+00:00,PEPEUSD,3.83e-06,3.92e-06,3.61e-06,3.69e-06,1607712112243.42,6037498.87
2026-02-28T00:00:00+00:00,PEPEUSD,3.69e-06,3.7e-06,3.42e-06,3.66e-06,1880642243681.79,6694123.05
2026-03-01T00:00:00+00:00,PEPEUSD,3.66e-06,3.78e-06,3.36e-06,3.45e-06,2049253937022.06,7274046.03
2026-03-02T00:00:00+00:00,PEPEUSD,3.45e-06,3.7e-06,3.37e-06,3.52e-06,2035842705569.77,7206193
2026-03-03T00:00:00+00:00,PEPEUSD,3.52e-06,3.55e-06,3.34e-06,3.46e-06,2216952265777.67,7652905.33
2026-03-04T00:00:00+00:00,PEPEUSD,3.46e-06,3.79e-06,3.4e-06,3.66e-06,2294115404446.4,8341856.27
2026-03-05T00:00:00+00:00,PEPEUSD,3.66e-06,3.66e-06,3.41e-06,3.48e-06,1556251410721.67,5498036.84
2026-03-06T00:00:00+00:00,PEPEUSD,3.48e-06,3.52e-06,3.3e-06,3.39e-06,1794545363305.75,6131570.55
2026-03-07T00:00:00+00:00,PEPEUSD,3.39e-06,3.42e-06,3.2e-06,3.25e-06,1440130918835.1,4745898.13
2026-03-08T00:00:00+00:00,PEPEUSD,3.25e-06,3.3e-06,3.13e-06,3.18e-06,1620928136840.24,5184066.3
2026-03-09T00:00:00+00:00,PEPEUSD,3.18e-06,3.38e-06,3.18e-06,3.27e-06,1876427202859.26,6161662.49
2026-03-10T00:00:00+00:00,PEPEUSD,3.27e-06,3.53e-06,3.26e-06,3.3e-06,2443258828712.45,8275355.75
2026-03-11T00:00:00+00:00,PEPEUSD,3.3e-06,3.4e-06,3.24e-06,3.33e-06,1625878107347.07,5427523.49
2026-03-12T00:00:00+00:00,PEPEUSD,3.33e-06,3.39e-06,3.25e-06,3.35e-06,1104540621178.93,3659513.03
2026-03-13T00:00:00+00:00,PEPEUSD,3.35e-06,3.68e-06,3.34e-06,3.38e-06,2740069299545.28,9581913.72
2026-03-14T00:00:00+00:00,PEPEUSD,3.38e-06,3.43e-06,3.3e-06,3.36e-06,1011883884767.5,3395907.38
2026-03-15T00:00:00+00:00,PEPEUSD,3.36e-06,3.46e-06,3.32e-06,3.45e-06,1004540466892.85,3398768.38
2026-03-16T00:00:00+00:00,PEPEUSD,3.45e-06,4.13e-06,3.45e-06,4e-06,6677285694677.71,26168651.85
2026-03-17T00:00:00+00:00,PEPEUSD,4e-06,4.02e-06,3.63e-06,3.67e-06,4575953671085.99,17250467.87
2026-03-18T00:00:00+00:00,PEPEUSD,3.67e-06,3.8e-06,3.43e-06,3.52e-06,4868327725922.86,17317050.44
2026-03-19T00:00:00+00:00,PEPEUSD,3.52e-06,3.57e-06,3.32e-06,3.42e-06,4545217753992.5,15461837.09
2026-03-20T00:00:00+00:00,PEPEUSD,3.42e-06,3.48e-06,3.37e-06,3.42e-06,1287563943148.53,4413705.62
2026-03-21T00:00:00+00:00,PEPEUSD,3.42e-06,3.46e-06,3.29e-06,3.32e-06,817367330911.41,2773664.98
2026-03-22T00:00:00+00:00,PEPEUSD,3.32e-06,3.37e-06,3.22e-06,3.28e-06,1378683178443.51,4546685.53
2026-03-23T00:00:00+00:00,PEPEUSD,3.28e-06,3.57e-06,3.24e-06,3.45e-06,2781167924477.05,9553309.35
2026-03-24T00:00:00+00:00,PEPEUSD,3.45e-06,3.54e-06,3.37e-06,3.53e-06,1272160192796.7,4367444.45
2026-03-25T00:00:00+00:00,PEPEUSD,3.53e-06,3.61e-06,3.49e-06,3.54e-06,1205788282399.06,4281294.72
2026-03-26T00:00:00+00:00,PEPEUSD,3.54e-06,3.54e-06,3.36e-06,3.4e-06,2373653864237.72,8111751.99
2026-03-27T00:00:00+00:00,PEPEUSD,3.4e-06,3.44e-06,3.25e-06,3.28e-06,3673590749650.99,12159168.57
2026-03-28T00:00:00+00:00,PEPEUSD,3.28e-06,3.41e-06,3.25e-06,3.28e-06,1177560362961.32,3889483.79
2026-03-29T00:00:00+00:00,PEPEUSD,3.28e-06,3.33e-06,3.17e-06,3.27e-06,921405851043.44,3005986.62
2026-03-30T00:00:00+00:00,PEPEUSD,3.27e-06,3.41e-06,3.27e-06,3.31e-06,1080372245913.07,3612599.78
2026-03-31T00:00:00+00:00,PEPEUSD,3.31e-06,3.43e-06,3.27e-06,3.4e-06,1242231378458.99,4177928.48
2026-04-01T00:00:00+00:00,PEPEUSD,3.4e-06,3.52e-06,3.36e-06,3.4e-06,1416455630580.4,4878288.42
2026-04-02T00:00:00+00:00,PEPEUSD,3.4e-06,3.45e-06,3.26e-06,3.34e-06,2403420805329.32,8013841.22
2026-04-03T00:00:00+00:00,PEPEUSD,3.34e-06,3.51e-06,3.31e-06,3.42e-06,1068082367834.51,3670199.02
2026-04-04T00:00:00+00:00,PEPEUSD,3.42e-06,3.46e-06,3.34e-06,3.4e-06,642108762614.69,2175977.67
2026-04-05T00:00:00+00:00,PEPEUSD,3.4e-06,3.5e-06,3.28e-06,3.49e-06,1411850367401.83,4725520.57
2026-04-06T00:00:00+00:00,PEPEUSD,3.49e-06,3.64e-06,3.31e-06,3.33e-06,2124755469924.58,7441141.22
2026-04-07T00:00:00+00:00,PEPEUSD,3.33e-06,3.78e-06,3.32e-06,3.72e-06,3526072448548,12307359.42
2026-04-08T00:00:00+00:00,PEPEUSD,3.72e-06,3.78e-06,3.52e-06,3.54e-06,2274498244003.22,8276184.5
2026-04-09T00:00:00+00:00,PEPEUSD,3.54e-06,3.67e-06,3.44e-06,3.51e-06,2184624653620.29,7719806.3
2026-04-10T00:00:00+00:00,PEPEUSD,3.51e-06,3.7e-06,3.46e-06,3.63e-06,2242718399919.9,8021131.36
2026-04-11T00:00:00+00:00,PEPEUSD,3.63e-06,3.85e-06,3.54e-06,3.64e-06,2041126915559.08,7511476.85
2026-04-12T00:00:00+00:00,PEPEUSD,3.64e-06,3.66e-06,3.45e-06,3.46e-06,1825636207327.54,6403329.41
2026-04-13T00:00:00+00:00,PEPEUSD,3.46e-06,3.76e-06,3.46e-06,3.75e-06,3723608416981.77,13327619.49
2026-04-14T00:00:00+00:00,PEPEUSD,3.75e-06,3.8e-06,3.56e-06,3.57e-06,3139019502457.09,11561626.83
2026-04-15T00:00:00+00:00,PEPEUSD,3.57e-06,3.8e-06,3.53e-06,3.72e-06,2143469859017.85,7867371.17
2026-04-16T00:00:00+00:00,PEPEUSD,3.72e-06,4.06e-06,3.7e-06,3.98e-06,6055673252531.39,23561420.2
2026-04-17T00:00:00+00:00,PEPEUSD,3.98e-06,4.12e-06,3.83e-06,3.96e-06,3739752716228.79,14969099.23
2026-04-18T00:00:00+00:00,PEPEUSD,3.96e-06,3.98e-06,3.75e-06,3.77e-06,1518864819442.12,5850156.73
2026-04-19T00:00:00+00:00,PEPEUSD,3.77e-06,3.85e-06,3.63e-06,3.65e-06,1903959503143.81,7109385.87
2026-04-20T00:00:00+00:00,PEPEUSD,3.65e-06,3.84e-06,3.64e-06,3.76e-06,1886820863933.01,7076878.46
2026-04-21T00:00:00+00:00,PEPEUSD,3.76e-06,3.84e-06,3.7e-06,3.81e-06,1763462858004.53,6653682.56
2026-04-22T00:00:00+00:00,PEPEUSD,3.81e-06,3.98e-06,3.78e-06,3.8e-06,2257783018370.28,8788646.48
2026-04-23T00:00:00+00:00,PEPEUSD,3.8e-06,3.86e-06,3.71e-06,3.83e-06,1257520029187.4,4758365.51
2026-04-24T00:00:00+00:00,PEPEUSD,3.83e-06,3.93e-06,3.79e-06,3.87e-06,3524788511356.54,13582924.04
2026-04-25T00:00:00+00:00,PEPEUSD,3.87e-06,3.9e-06,3.79e-06,3.85e-06,638725985077.48,2458597.88
2026-04-26T00:00:00+00:00,PEPEUSD,3.85e-06,3.95e-06,3.82e-06,3.89e-06,1234164770437.64,4807383.59
2026-04-27T00:00:00+00:00,PEPEUSD,3.89e-06,4.03e-06,3.76e-06,3.9e-06,3083070716283.87,11849066.62
2026-04-28T00:00:00+00:00,PEPEUSD,3.9e-06,3.91e-06,3.81e-06,3.88e-06,1234835481250.52,4771810.03
2026-04-29T00:00:00+00:00,PEPEUSD,3.88e-06,4.16e-06,3.74e-06,3.85e-06,2307886457720.04,9075696.32
2026-04-30T00:00:00+00:00,PEPEUSD,3.85e-06,3.94e-06,3.8e-06,3.87e-06,1961250755543.45,7608906.39
2026-05-01T00:00:00+00:00,PEPEUSD,3.87e-06,4.02e-06,3.87e-06,3.93e-06,1492784696875.71,5903673.69
2026-05-02T00:00:00+00:00,PEPEUSD,3.93e-06,4.02e-06,3.9e-06,4e-06,763915280059.85,3024369.15
2026-05-03T00:00:00+00:00,PEPEUSD,4e-06,4e-06,3.91e-06,3.94e-06,1494334862344.74,5924751.61
2026-05-04T00:00:00+00:00,PEPEUSD,3.94e-06,4.12e-06,3.9e-06,3.98e-06,3591561362033.37,14399060.62
2026-05-05T00:00:00+00:00,PEPEUSD,3.98e-06,4.23e-06,3.98e-06,4.11e-06,3737831238156.11,15402097.87
2026-05-06T00:00:00+00:00,PEPEUSD,4.11e-06,4.28e-06,4.08e-06,4.16e-06,4415848239147.34,18449428.66
2026-05-07T00:00:00+00:00,PEPEUSD,4.16e-06,4.27e-06,4.08e-06,4.15e-06,2284890365597.08,9508043.59
2026-05-08T00:00:00+00:00,PEPEUSD,4.15e-06,4.37e-06,4.09e-06,4.31e-06,1754110454346.32,7468149.42
2026-05-09T00:00:00+00:00,PEPEUSD,4.31e-06,4.37e-06,4.23e-06,4.25e-06,1272249078583.77,5465278.19
2026-05-10T00:00:00+00:00,PEPEUSD,4.25e-06,4.58e-06,4.19e-06,4.41e-06,3125482892041.9,13727238.32
2026-05-11T00:00:00+00:00,PEPEUSD,4.41e-06,4.42e-06,4.27e-06,4.34e-06,2247683940750.77,9753156.92
2026-05-12T00:00:00+00:00,PEPEUSD,4.34e-06,4.35e-06,4.06e-06,4.14e-06,2395505529066.46,10006786.12
2026-05-13T00:00:00+00:00,PEPEUSD,4.14e-06,4.21e-06,4.13e-06,4.2e-06,280140616540.59,1170832.94
