timestamp,symbol,open,high,low,close,volume_from,volume_to
2023-05-01T00:00:00+00:00,SHIBUSD,1.009e-05,1.013e-05,9.75e-06,9.97e-06,945769633630,9403402.11
2023-05-02T00:00:00+00:00,SHIBUSD,9.97e-06,1.013e-05,9.85e-06,1.003e-05,506029609951.44,5038223.99
2023-05-03T00:00:00+00:00,SHIBUSD,1.003e-05,1.02e-05,9.82e-06,1.011e-05,697711410280.06,6944730.46
2023-05-04T00:00:00+00:00,SHIBUSD,1.011e-05,1.013e-05,9.87e-06,9.9e-06,570121345339.48,5684301.28
2023-05-05T00:00:00+00:00,SHIBUSD,9.9e-06,1.037e-05,9.76e-06,1.002e-05,864522249526.35,8599848.8
2023-05-06T00:00:00+00:00,SHIBUSD,1.002e-05,1.007e-05,9.21e-06,9.47e-06,1271824975570.05,12188375.47
2023-05-07T00:00:00+00:00,SHIBUSD,9.47e-06,9.55e-06,9.31e-06,9.36e-06,642462040327.76,6067987.89
2023-05-08T00:00:00+00:00,SHIBUSD,9.36e-06,9.38e-06,8.36e-06,8.93e-06,1782591530196.58,15883390.25
2023-05-09T00:00:00+00:00,SHIBUSD,8.93e-06,9.03e-06,8.71e-06,9e-06,1008486904922.38,8938457.57
2023-05-10T00:00:00+00:00,SHIBUSD,9e-06,9.14e-06,8.63e-06,8.99e-06,1002863108619.88,8996767.78
2023-05-11T00:00:00+00:00,SHIBUSD,8.99e-06,9.01e-06,8.53e-06,8.69e-06,987587680531.43,8651790.9
2023-05-12T00:00:00+00:00,SHIBUSD,8.69e-06,8.86e-06,8.46e-06,8.85e-06,1000508009709.7,8642999.4
2023-05-13T00:00:00+00:00,SHIBUSD,8.85e-06,8.86e-06,8.67e-06,8.73e-06,495347418364.73,4339983.72
2023-05-14T00:00:00+00:00,SHIBUSD,8.73e-06,8.89e-06,8.64e-06,8.79e-06,390134131813.52,3423658.92
2023-05-15T00:00:00+00:00,SHIBUSD,8.79e-06,8.92e-06,8.66e-06,8.79e-06,604294191788.09,5344057.98
2023-05-16T00:00:00+00:00,SHIBUSD,8.79e-06,8.84e-06,8.67e-06,8.78e-06,649712018104.97,5689121.4
2023-05-17T00:00:00+00:00,SHIBUSD,8.78e-06,8.85e-06,8.58e-06,8.77e-06,845485417912.3,7377053.05
2023-05-18T00:00:00+00:00,SHIBUSD,8.77e-06,8.84e-06,8.49e-06,8.69e-06,825526295993.11,7180197.97
2023-05-19T00:00:00+00:00,SHIBUSD,8.69e-06,8.75e-06,8.64e-06,8.68e-06,516200244287.73,4485455.32
2023-05-20T00:00:00+00:00,SHIBUSD,8.68e-06,8.78e-06,8.63e-06,8.72e-06,356681684966.11,3102003.35
2023-05-21T00:00:00+00:00,SHIBUSD,8.72e-06,8.77e-06,8.48e-06,8.52e-06,459074566051.92,3950370.75
2023-05-22T00:00:00+00:00,SHIBUSD,8.52e-06,9.02e-06,8.42e-06,8.79e-06,1266667762037.94,11091096.94
2023-05-23T00:00:00+00:00,SHIBUSD,8.79e-06,9.17e-06,8.78e-06,8.89e-06,1073864923794.95,9588109.2
2023-05-24T00:00:00+00:00,SHIBUSD,8.89e-06,8.9e-06,8.41e-06,8.51e-06,888688795478.27,7627494.58
2023-05-25T00:00:00+00:00,SHIBUSD,8.51e-06,8.67e-06,8.29e-06,8.5e-06,760418996788.22,6444263.8
2023-05-26T00:00:00+00:00,SHIBUSD,8.5e-06,8.64e-06,8.43e-06,8.54e-06,627487871536.29,5341027.39
2023-05-27T00:00:00+00:00,SHIBUSD,8.54e-06,8.66e-06,8.51e-06,8.63e-06,300598572194.01,2574463.16
2023-05-28T00:00:00+00:00,SHIBUSD,8.63e-06,8.9e-06,8.6e-06,8.81e-06,847352299262.01,7435279.58
2023-05-29T00:00:00+00:00,SHIBUSD,8.81e-06,8.88e-06,8.68e-06,8.7e-06,572384815193.4,5032051.99
2023-05-30T00:00:00+00:00,SHIBUSD,8.7e-06,8.84e-06,8.62e-06,8.66e-06,565070885526.83,4922556.23
2023-05-31T00:00:00+00:00,SHIBUSD,8.66e-06,8.71e-06,8.32e-06,8.59e-06,950301481517.05,8056026.13
2023-06-01T00:00:00+00:00,SHIBUSD,8.59e-06,8.78e-06,8.44e-06,8.47e-06,757892361759.9,6472847.5
2023-06-02T00:00:00+00:00,SHIBUSD,8.47e-06,8.74e-06,8.25e-06,8.61e-06,881224764351.53,7489271.79
2023-06-03T00:00:00+00:00,SHIBUSD,8.61e-06,8.7e-06,8.52e-06,8.6e-06,407833713307.6,3508754.24
2023-06-04T00:00:00+00:00,SHIBUSD,8.6e-06,8.7e-06,8.54e-06,8.61e-06,415673444552.62,3591726.4
2023-06-05T00:00:00+00:00,SHIBUSD,8.61e-06,8.67e-06,7.74e-06,7.99e-06,1513085179632.8,12318406.44
2023-06-06T00:00:00+00:00,SHIBUSD,7.99e-06,8.25e-06,7.86e-06,8.17e-06,984121928670.19,7931414.54
2023-06-07T00:00:00+00:00,SHIBUSD,8.17e-06,8.19e-06,7.76e-06,7.87e-06,881674733169.74,7006070.75
2023-06-08T00:00:00+00:00,SHIBUSD,7.87e-06,8.01e-06,7.81e-06,7.95e-06,524691075112.87,4164430.25
2023-06-09T00:00:00+00:00,SHIBUSD,7.95e-06,8.05e-06,7.61e-06,7.88e-06,852173738503.8,6726675.78
2023-06-10T00:00:00+00:00,SHIBUSD,7.88e-06,7.93e-06,5.99e-06,6.86e-06,4973939113381.39,33128732.26
2023-06-11T00:00:00+00:00,SHIBUSD,6.86e-06,6.88e-06,6.54e-06,6.67e-06,1286363877323.62,8665165.09
2023-06-12T00:00:00+00:00,SHIBUSD,6.67e-06,6.71e-06,6.39e-06,6.67e-06,1199783193427.51,7907140.07
2023-06-13T00:00:00+00:00,SHIBUSD,6.67e-06,6.94e-06,6.6e-06,6.8e-06,1048857279934.77,7072026.7
2023-06-14T00:00:00+00:00,SHIBUSD,6.8e-06,6.94e-06,6.44e-06,6.56e-06,1289172320469.54,8651450.45
2023-06-15T00:00:00+00:00,SHIBUSD,6.56e-06,6.84e-06,6.49e-06,6.74e-06,1012335167663.7,6699103.32
2023-06-16T00:00:00+00:00,SHIBUSD,6.74e-06,6.87e-06,6.6e-06,6.84e-06,826713198216.18,5580124.68
2023-06-17T00:00:00+00:00,SHIBUSD,6.84e-06,7e-06,6.78e-06,6.98e-06,716119911238.44,4940515.43
2023-06-18T00:00:00+00:00,SHIBUSD,6.98e-06,7.56e-06,6.91e-06,7.21e-06,2094184259228.61,15177480.48
2023-06-19T00:00:00+00:00,SHIBUSD,7.21e-06,7.33e-06,7.04e-06,7.23e-06,1016799296577.66,7303788.82
2023-06-20T00:00:00+00:00,SHIBUSD,7.23e-06,7.29e-06,6.98e-06,7.27e-06,1028204612212.48,7351895.08
2023-06-21T00:00:00+00:00,SHIBUSD,7.27e-06,7.63e-06,7.25e-06,7.55e-06,1551391444459.22,11538560.1
2023-06-22T00:00:00+00:00,SHIBUSD,7.55e-06,8.46e-06,7.53e-06,7.8e-06,3143436422371.84,25213000.82
2023-06-23T00:00:00+00:00,SHIBUSD,7.8e-06,8.15e-06,7.71e-06,7.94e-06,1357676214402.42,10770460.43
2023-06-24T00:00:00+00:00,SHIBUSD,7.94e-06,8.08e-06,7.67e-06,7.81e-06,995546981575.1,7852432.81
2023-06-25T00:00:00+00:00,SHIBUSD,7.81e-06,8.04e-06,7.76e-06,7.87e-06,884641719880.96,6973310.25
2023-06-26T00:00:00+00:00,SHIBUSD,7.87e-06,7.92e-06,7.43e-06,7.56e-06,1248617246089.18,9577108.74
2023-06-27T00:00:00+00:00,SHIBUSD,7.56e-06,7.68e-06,7.47e-06,7.6e-06,851162717282.2,6452085.51
2023-06-28T00:00:00+00:00,SHIBUSD,7.6e-06,7.61e-06,7.02e-06,7.22e-06,1358151927747.5,9918027.24
2023-06-29T00:00:00+00:00,SHIBUSD,7.22e-06,7.44e-06,7.2e-06,7.32e-06,1028154236012.49,7525667.4
2023-06-30T00:00:00+00:00,SHIBUSD,7.32e-06,7.66e-06,7.03e-06,7.55e-06,2318662234742.92,17258920.09
2023-07-01T00:00:00+00:00,SHIBUSD,7.55e-06,7.78e-06,7.49e-06,7.64e-06,1218833600404.88,9298452.47
2023-07-02T00:00:00+00:00,SHIBUSD,7.64e-06,7.72e-06,7.42e-06,7.66e-06,1067425231665.31,8084717.52
2023-07-03T00:00:00+00:00,SHIBUSD,7.66e-06,7.8e-06,7.62e-06,7.77e-06,1006907455631.88,7760188.11
2023-07-04T00:00:00+00:00,SHIBUSD,7.77e-06,7.86e-06,7.61e-06,7.68e-06,1185606789123.17,9178580
2023-07-05T00:00:00+00:00,SHIBUSD,7.68e-06,7.75e-06,7.35e-06,7.47e-06,1219195709458.74,9173112.08
2023-07-06T00:00:00+00:00,SHIBUSD,7.47e-06,7.68e-06,7.13e-06,7.14e-06,1197847142357.71,8833387.03
2023-07-07T00:00:00+00:00,SHIBUSD,7.14e-06,7.32e-06,7.08e-06,7.32e-06,936054710772.45,6778156.75
2023-07-08T00:00:00+00:00,SHIBUSD,7.32e-06,7.73e-06,7.26e-06,7.65e-06,875902178799.56,6554759.17
2023-07-09T00:00:00+00:00,SHIBUSD,7.65e-06,7.81e-06,7.57e-06,7.73e-06,939280093344.92,7222684.21
2023-07-10T00:00:00+00:00,SHIBUSD,7.73e-06,7.74e-06,7.41e-06,7.55e-06,992072346700.48,7501185.38
2023-07-11T00:00:00+00:00,SHIBUSD,7.55e-06,7.62e-06,7.43e-06,7.52e-06,673076763733.41,5063131.92
2023-07-12T00:00:00+00:00,SHIBUSD,7.52e-06,7.6e-06,7.35e-06,7.51e-06,804670391301.46,6036292.33
2023-07-13T00:00:00+00:00,SHIBUSD,7.51e-06,8.13e-06,7.43e-06,7.99e-06,2180094459646.02,16998755.22
2023-07-14T00:00:00+00:00,SHIBUSD,7.99e-06,8.44e-06,7.61e-06,7.99e-06,2625337752758.18,21055059.7
2023-07-15T00:00:00+00:00,SHIBUSD,7.99e-06,8.53e-06,7.91e-06,8.1e-06,1713047996347.31,14130299.45
2023-07-16T00:00:00+00:00,SHIBUSD,8.1e-06,8.18e-06,7.82e-06,7.85e-06,1025155908600.02,8198638.93
2023-07-17T00:00:00+00:00,SHIBUSD,7.85e-06,8.08e-06,7.62e-06,7.84e-06,1007176323182.94,7875834.82
2023-07-18T00:00:00+00:00,SHIBUSD,7.84e-06,7.9e-06,7.57e-06,7.72e-06,686974137536.9,5298453.95
2023-07-19T00:00:00+00:00,SHIBUSD,7.72e-06,7.85e-06,7.64e-06,7.75e-06,789899402985.43,6126643.87
2023-07-20T00:00:00+00:00,SHIBUSD,7.75e-06,7.93e-06,7.61e-06,7.7e-06,871367897661.44,6755526.38
2023-07-21T00:00:00+00:00,SHIBUSD,7.7e-06,8.07e-06,7.64e-06,7.84e-06,818629355586.91,6409314.95
2023-07-22T00:00:00+00:00,SHIBUSD,7.84e-06,7.92e-06,7.7e-06,7.78e-06,503790796507.97,3934010.31
2023-07-23T00:00:00+00:00,SHIBUSD,7.78e-06,7.92e-06,7.72e-06,7.86e-06,484903403973.57,3801098.97
2023-07-24T00:00:00+00:00,SHIBUSD,7.86e-06,8.02e-06,7.57e-06,7.66e-06,1044971206681.14,8081886.09
2023-07-25T00:00:00+00:00,SHIBUSD,7.66e-06,7.95e-06,7.65e-06,7.91e-06,1167863615968.47,9108957.15
2023-07-26T00:00:00+00:00,SHIBUSD,7.91e-06,7.98e-06,7.71e-06,7.85e-06,843375473755.9,6613943.03
2023-07-27T00:00:00+00:00,SHIBUSD,7.85e-06,7.94e-06,7.73e-06,7.8e-06,527070848938.94,4133769.46
2023-07-28T00:00:00+00:00,SHIBUSD,7.8e-06,8.45e-06,7.77e-06,8.17e-06,1853717277966.59,15185624.52
2023-07-29T00:00:00+00:00,SHIBUSD,8.17e-06,8.65e-06,8.13e-06,8.52e-06,1516895914550.05,12686452.68
2023-07-30T00:00:00+00:00,SHIBUSD,8.52e-06,8.78e-06,8.1e-06,8.28e-06,1640959321210.18,13892118.24
2023-07-31T00:00:00+00:00,SHIBUSD,8.28e-06,8.72e-06,8.22e-06,8.47e-06,1463181951554.39,12396427.37
2023-08-01T00:00:00+00:00,SHIBUSD,8.47e-06,8.47e-06,8.12e-06,8.42e-06,1088741539255.67,9030052.63
2023-08-02T00:00:00+00:00,SHIBUSD,8.42e-06,8.47e-06,8.08e-06,8.15e-06,727090426935.65,5996947.04
2023-08-03T00:00:00+00:00,SHIBUSD,8.15e-06,8.38e-06,8.11e-06,8.28e-06,765358097689.4,6312314.32
2023-08-04T00:00:00+00:00,SHIBUSD,8.28e-06,8.84e-06,8.27e-06,8.68e-06,1546729921314.32,13308923.31
2023-08-05T00:00:00+00:00,SHIBUSD,8.68e-06,1.049e-05,8.64e-06,9.98e-06,5438226696550.66,52835160
2023-08-06T00:00:00+00:00,SHIBUSD,9.98e-06,1.027e-05,9.18e-06,9.37e-06,2590622160925.53,24875051.94
2023-08-07T00:00:00+00:00,SHIBUSD,9.37e-06,9.47e-06,8.76e-06,8.97e-06,1655057958246.32,15011088.47
2023-08-08T00:00:00+00:00,SHIBUSD,8.97e-06,9.68e-06,8.86e-06,9.53e-06,2065906556399.8,19153096.36
2023-08-09T00:00:00+00:00,SHIBUSD,9.53e-06,1.005e-05,9.41e-06,9.63e-06,2166858689712.75,20980463.38
2023-08-10T00:00:00+00:00,SHIBUSD,9.63e-06,1.017e-05,9.57e-06,9.9e-06,2097981211254.11,20747202.23
2023-08-11T00:00:00+00:00,SHIBUSD,9.9e-06,1.059e-05,9.78e-06,1.051e-05,2498446585432.19,25529898.78
2023-08-12T00:00:00+00:00,SHIBUSD,1.051e-05,1.133e-05,1.039e-05,1.066e-05,4006500253745.61,43591594.08
2023-08-13T00:00:00+00:00,SHIBUSD,1.066e-05,1.082e-05,1.012e-05,1.021e-05,2029789014750.31,21238825.29
2023-08-14T00:00:00+00:00,SHIBUSD,1.021e-05,1.064e-05,9.96e-06,1.016e-05,3614730712684.25,37198503.52
2023-08-15T00:00:00+00:00,SHIBUSD,1.016e-05,1.065e-05,9.35e-06,9.92e-06,3687717840391.67,37272350.97
2023-08-16T00:00:00+00:00,SHIBUSD,9.92e-06,1.015e-05,9.01e-06,9.21e-06,4051456121821,38898945.84
2023-08-17T00:00:00+00:00,SHIBUSD,9.21e-06,9.35e-06,7.29e-06,8.13e-06,4937207405517.51,42657835.81
2023-08-18T00:00:00+00:00,SHIBUSD,8.13e-06,8.72e-06,8.04e-06,8.58e-06,2709322228378.84,22806098.02
2023-08-19T00:00:00+00:00,SHIBUSD,8.58e-06,8.69e-06,8.32e-06,8.44e-06,1193597064177.75,10118907.39
2023-08-20T00:00:00+00:00,SHIBUSD,8.44e-06,8.48e-06,8.14e-06,8.31e-06,838855386109.03,7000791.11
2023-08-21T00:00:00+00:00,SHIBUSD,8.31e-06,8.38e-06,7.75e-06,7.98e-06,1607374682813.92,12904010.83
2023-08-22T00:00:00+00:00,SHIBUSD,7.98e-06,8.07e-06,7.56e-06,7.99e-06,1564806194071.64,12354527.95
2023-08-23T00:00:00+00:00,SHIBUSD,7.99e-06,8.54e-06,7.97e-06,8.31e-06,1846409020810.77,15295341.4
2023-08-24T00:00:00+00:00,SHIBUSD,8.31e-06,8.36e-06,8.03e-06,8.22e-06,996908395742.03,8202376.22
2023-08-25T00:00:00+00:00,SHIBUSD,8.22e-06,8.26e-06,7.98e-06,8.15e-06,1027421970855.49,8319505.28
2023-08-26T00:00:00+00:00,SHIBUSD,8.15e-06,8.24e-06,8.07e-06,8.09e-06,581557447296.22,4740108.64
2023-08-27T00:00:00+00:00,SHIBUSD,8.09e-06,8.18e-06,8e-06,8.03e-06,491888028608.48,3977075.21
2023-08-28T00:00:00+00:00,SHIBUSD,8.03e-06,8.33e-06,7.86e-06,8.22e-06,1307370557139.43,10580327.06
2023-08-29T00:00:00+00:00,SHIBUSD,8.22e-06,8.46e-06,8.04e-06,8.37e-06,1643010666810.71,13609981.12
2023-08-30T00:00:00+00:00,SHIBUSD,8.37e-06,8.38e-06,8.07e-06,8.15e-06,820752330281.34,6742787.51
2023-08-31T00:00:00+00:00,SHIBUSD,8.15e-06,8.25e-06,7.79e-06,7.99e-06,1045968028283.08,8413022.42
2023-09-01T00:00:00+00:00,SHIBUSD,7.99e-06,8.05e-06,7.73e-06,7.9e-06,1055385099126.51,8340591.58
2023-09-02T00:00:00+00:00,SHIBUSD,7.9e-06,7.94e-06,7.77e-06,7.83e-06,517824588481.37,4072610.59
2023-09-03T00:00:00+00:00,SHIBUSD,7.83e-06,7.87e-06,7.64e-06,7.69e-06,628990801804.2,4879610.98
2023-09-04T00:00:00+00:00,SHIBUSD,7.69e-06,7.79e-06,7.37e-06,7.5e-06,790148594654.16,6013543.71
2023-09-05T00:00:00+00:00,SHIBUSD,7.5e-06,7.72e-06,7.43e-06,7.65e-06,869582802194.61,6604812.05
2023-09-06T00:00:00+00:00,SHIBUSD,7.65e-06,7.79e-06,7.51e-06,7.69e-06,798124928062.75,6111386.72
2023-09-07T00:00:00+00:00,SHIBUSD,7.69e-06,7.71e-06,7.54e-06,7.68e-06,589542599651.47,4493365.31
2023-09-08T00:00:00+00:00,SHIBUSD,7.68e-06,7.71e-06,7.48e-06,7.6e-06,608959409473.13,4618053.95
2023-09-09T00:00:00+00:00,SHIBUSD,7.6e-06,7.65e-06,7.55e-06,7.57e-06,423129295723.93,3216384.6
2023-09-10T00:00:00+00:00,SHIBUSD,7.57e-06,7.57e-06,7.21e-06,7.36e-06,1006438861680.2,7416810.27
2023-09-11T00:00:00+00:00,SHIBUSD,7.36e-06,7.39e-06,6.96e-06,7.06e-06,1572721448480.35,11182324.42
2023-09-12T00:00:00+00:00,SHIBUSD,7.06e-06,7.36e-06,7.05e-06,7.17e-06,1115200480662.66,8049339.21
2023-09-13T00:00:00+00:00,SHIBUSD,7.17e-06,7.36e-06,7.14e-06,7.25e-06,898248630069.54,6511601.27
2023-09-14T00:00:00+00:00,SHIBUSD,7.25e-06,7.45e-06,7.21e-06,7.36e-06,680110969628.55,4980948.13
2023-09-15T00:00:00+00:00,SHIBUSD,7.36e-06,7.49e-06,7.31e-06,7.45e-06,580573417949.17,4291302.63
2023-09-16T00:00:00+00:00,SHIBUSD,7.45e-06,7.57e-06,7.33e-06,7.39e-06,623225337758.24,4645402.86
2023-09-17T00:00:00+00:00,SHIBUSD,7.39e-06,7.4e-06,7.1e-06,7.22e-06,604927348634,4378737.15
2023-09-18T00:00:00+00:00,SHIBUSD,7.22e-06,7.42e-06,7.15e-06,7.25e-06,662841582479.7,4833865.13
2023-09-19T00:00:00+00:00,SHIBUSD,7.25e-06,7.43e-06,7.22e-06,7.41e-06,603141051427.59,4438262.37
2023-09-20T00:00:00+00:00,SHIBUSD,7.41e-06,7.49e-06,7.27e-06,7.44e-06,698345444993.4,5147787.62
2023-09-21T00:00:00+00:00,SHIBUSD,7.44e-06,7.54e-06,7.22e-06,7.25e-06,827748698668.84,6072344.79
2023-09-22T00:00:00+00:00,SHIBUSD,7.25e-06,7.32e-06,7.15e-06,7.3e-06,530741025510.31,3858103.11
2023-09-23T00:00:00+00:00,SHIBUSD,7.3e-06,7.71e-06,7.29e-06,7.51e-06,1065657616198.77,7994544.47
2023-09-24T00:00:00+00:00,SHIBUSD,7.51e-06,7.51e-06,7.27e-06,7.31e-06,588402352891.14,4335425.7
2023-09-25T00:00:00+00:00,SHIBUSD,7.31e-06,7.39e-06,7.18e-06,7.29e-06,579587597786.25,4224234.93
2023-09-26T00:00:00+00:00,SHIBUSD,7.29e-06,7.33e-06,7.18e-06,7.26e-06,479371518063.07,3482921.46
2023-09-27T00:00:00+00:00,SHIBUSD,7.26e-06,7.31e-06,7.14e-06,7.21e-06,600761296983.4,4337068.6
2023-09-28T00:00:00+00:00,SHIBUSD,7.21e-06,7.33e-06,7.2e-06,7.31e-06,643263392925.56,4673466.18
2023-09-29T00:00:00+00:00,SHIBUSD,7.31e-06,7.42e-06,7.27e-06,7.32e-06,606842122970.42,4451663.92
2023-09-30T00:00:00+00:00,SHIBUSD,7.32e-06,7.4e-06,7.3e-06,7.33e-06,482690447345.28,3545223.56
2023-10-01T00:00:00+00:00,SHIBUSD,7.33e-06,7.58e-06,7.33e-06,7.52e-06,646516831797.78,4807114.02
2023-10-02T00:00:00+00:00,SHIBUSD,7.52e-06,7.61e-06,7.2e-06,7.32e-06,1001439172188.46,7452906.73
2023-10-03T00:00:00+00:00,SHIBUSD,7.32e-06,7.34e-06,7.22e-06,7.28e-06,482987383015.64,3513866.35
2023-10-04T00:00:00+00:00,SHIBUSD,7.28e-06,7.28e-06,7.07e-06,7.24e-06,692746107640.19,4986651.54
2023-10-05T00:00:00+00:00,SHIBUSD,7.24e-06,7.28e-06,7.12e-06,7.14e-06,574909917062.9,4141427.34
2023-10-06T00:00:00+00:00,SHIBUSD,7.14e-06,7.26e-06,7.13e-06,7.24e-06,501609243859.13,3611703.93
2023-10-07T00:00:00+00:00,SHIBUSD,7.24e-06,7.26e-06,7.18e-06,7.24e-06,324320172588.93,2344173.72
2023-10-08T00:00:00+00:00,SHIBUSD,7.24e-06,7.3e-06,7.17e-06,7.19e-06,466635448599.09,3369432.93
2023-10-09T00:00:00+00:00,SHIBUSD,7.19e-06,7.21e-06,6.73e-06,6.92e-06,942732675306.37,6547164.26
2023-10-10T00:00:00+00:00,SHIBUSD,6.92e-06,6.98e-06,6.82e-06,6.91e-06,582311717813.88,4018440.4
2023-10-11T00:00:00+00:00,SHIBUSD,6.91e-06,6.95e-06,6.71e-06,6.78e-06,731004566530.48,4972648.2
2023-10-12T00:00:00+00:00,SHIBUSD,6.78e-06,6.89e-06,6.73e-06,6.79e-06,610614519536.45,4162375.83
2023-10-13T00:00:00+00:00,SHIBUSD,6.79e-06,6.99e-06,6.77e-06,6.91e-06,539773274415.43,3702298.84
2023-10-14T00:00:00+00:00,SHIBUSD,6.91e-06,7.14e-06,6.9e-06,7.03e-06,557246495158.49,3915028.74
2023-10-15T00:00:00+00:00,SHIBUSD,7.03e-06,7.07e-06,6.94e-06,6.98e-06,366554741940.42,2563080.19
2023-10-16T00:00:00+00:00,SHIBUSD,6.98e-06,7.29e-06,6.96e-06,7.1e-06,837924061876.39,5956286.38
2023-10-17T00:00:00+00:00,SHIBUSD,7.1e-06,7.13e-06,6.83e-06,6.89e-06,577345940785.45,4021433.69
2023-10-18T00:00:00+00:00,SHIBUSD,6.89e-06,6.96e-06,6.71e-06,6.77e-06,508597524756.35,3479238.55
2023-10-19T00:00:00+00:00,SHIBUSD,6.77e-06,6.87e-06,6.62e-06,6.84e-06,608762702519.57,4108437.71
2023-10-20T00:00:00+00:00,SHIBUSD,6.84e-06,7.03e-06,6.82e-06,6.9e-06,682488641698.96,4726247.73
2023-10-21T00:00:00+00:00,SHIBUSD,6.9e-06,7.18e-06,6.88e-06,7.07e-06,755907304274.17,5329063.77
2023-10-22T00:00:00+00:00,SHIBUSD,7.07e-06,7.13e-06,6.92e-06,7.13e-06,776109447296.07,5461270.3
2023-10-23T00:00:00+00:00,SHIBUSD,7.13e-06,7.52e-06,7.1e-06,7.52e-06,2215488093418.92,16093009.76
2023-10-24T00:00:00+00:00,SHIBUSD,7.52e-06,7.75e-06,7.23e-06,7.4e-06,2487673820331.15,18636790.59
2023-10-25T00:00:00+00:00,SHIBUSD,7.4e-06,7.98e-06,7.27e-06,7.8e-06,2463369435991.41,18860944.14
2023-10-26T00:00:00+00:00,SHIBUSD,7.8e-06,8.25e-06,7.57e-06,7.91e-06,2981730885153.64,23646626.92
2023-10-27T00:00:00+00:00,SHIBUSD,7.91e-06,7.97e-06,7.57e-06,7.7e-06,1441656595856.44,11243161.71
2023-10-28T00:00:00+00:00,SHIBUSD,7.7e-06,8.12e-06,7.66e-06,7.96e-06,964013241256.05,7579906.25
2023-10-29T00:00:00+00:00,SHIBUSD,7.96e-06,8.11e-06,7.74e-06,8.02e-06,1140394114536.23,9089081.61
2023-10-30T00:00:00+00:00,SHIBUSD,8.02e-06,8.07e-06,7.81e-06,7.97e-06,1082280360248.5,8621787.07
2023-10-31T00:00:00+00:00,SHIBUSD,7.97e-06,8.04e-06,7.54e-06,7.78e-06,1360582693730.89,10629394.08
2023-11-01T00:00:00+00:00,SHIBUSD,7.78e-06,7.98e-06,7.57e-06,7.98e-06,1383857751296.05,10732176.66
2023-11-02T00:00:00+00:00,SHIBUSD,7.98e-06,8.08e-06,7.66e-06,7.86e-06,1665539983625.23,13197846.94
2023-11-03T00:00:00+00:00,SHIBUSD,7.86e-06,7.86e-06,7.63e-06,7.82e-06,935685277061.17,7264771.34
2023-11-04T00:00:00+00:00,SHIBUSD,7.82e-06,7.98e-06,7.78e-06,7.96e-06,774389775820.93,6096377.74
2023-11-05T00:00:00+00:00,SHIBUSD,7.96e-06,8.31e-06,7.9e-06,8.13e-06,1774876898759.23,14390391.2
2023-11-06T00:00:00+00:00,SHIBUSD,8.13e-06,8.52e-06,8e-06,8.46e-06,2190008118910.54,18163394.23
2023-11-07T00:00:00+00:00,SHIBUSD,8.46e-06,8.47e-06,7.96e-06,8.19e-06,2824089577064.72,23216136.29
2023-11-08T00:00:00+00:00,SHIBUSD,8.19e-06,8.35e-06,8.15e-06,8.28e-06,1602816746212.43,13231157.58
2023-11-09T00:00:00+00:00,SHIBUSD,8.28e-06,8.72e-06,7.91e-06,8.22e-06,3492894821389.15,29281380.15
2023-11-10T00:00:00+00:00,SHIBUSD,8.22e-06,8.56e-06,8.09e-06,8.49e-06,3100907775515.81,25875645.96
2023-11-11T00:00:00+00:00,SHIBUSD,8.49e-06,9.66e-06,8.46e-06,9.09e-06,7189924575052.42,65803053.63
2023-11-12T00:00:00+00:00,SHIBUSD,9.09e-06,9.15e-06,8.66e-06,8.93e-06,2891689019202.13,25872347.33
2023-11-13T00:00:00+00:00,SHIBUSD,8.93e-06,9.18e-06,8.45e-06,8.54e-06,3366741786983.71,29654810.47
2023-11-14T00:00:00+00:00,SHIBUSD,8.54e-06,8.69e-06,8.02e-06,8.34e-06,2432285558985.19,20496608.5
2023-11-15T00:00:00+00:00,SHIBUSD,8.34e-06,8.84e-06,8.32e-06,8.79e-06,1953302012378.67,16762234.89
2023-11-16T00:00:00+00:00,SHIBUSD,8.79e-06,9.19e-06,8.28e-06,8.5e-06,3226367361570.48,28232072.86
2023-11-17T00:00:00+00:00,SHIBUSD,8.5e-06,9.15e-06,8.41e-06,8.82e-06,3360963465539.44,29335379.85
2023-11-18T00:00:00+00:00,SHIBUSD,8.82e-06,8.91e-06,8.4e-06,8.57e-06,1925138331020.13,16568682.1
2023-11-19T00:00:00+00:00,SHIBUSD,8.57e-06,8.71e-06,8.36e-06,8.69e-06,1166553584365.33,9926077.54
2023-11-20T00:00:00+00:00,SHIBUSD,8.69e-06,8.72e-06,8.37e-06,8.44e-06,1436457797763.33,12329884.13
2023-11-21T00:00:00+00:00,SHIBUSD,8.44e-06,8.52e-06,7.62e-06,7.74e-06,2908532355142.28,23491545.19
2023-11-22T00:00:00+00:00,SHIBUSD,7.74e-06,8.18e-06,7.7e-06,8.1e-06,2128550353662.72,17009318.25
2023-11-23T00:00:00+00:00,SHIBUSD,8.1e-06,8.19e-06,8.01e-06,8.12e-06,1013336241202.67,8211140.38
2023-11-24T00:00:00+00:00,SHIBUSD,8.12e-06,8.3e-06,8.08e-06,8.2e-06,1214711735772.07,9962925.66
2023-11-25T00:00:00+00:00,SHIBUSD,8.2e-06,8.59e-06,8.16e-06,8.47e-06,975163772849.19,8182905.36
2023-11-26T00:00:00+00:00,SHIBUSD,8.47e-06,8.49e-06,8.06e-06,8.3e-06,1410076984955.77,11664386
2023-11-27T00:00:00+00:00,SHIBUSD,8.3e-06,8.65e-06,8.02e-06,8.2e-06,2074163920698.83,17180490.58
2023-11-28T00:00:00+00:00,SHIBUSD,8.2e-06,8.34e-06,8.03e-06,8.31e-06,1399720988257.8,11468568.8
2023-11-29T00:00:00+00:00,SHIBUSD,8.31e-06,8.39e-06,8.16e-06,8.22e-06,1312272123534.66,10862124.77
2023-11-30T00:00:00+00:00,SHIBUSD,8.22e-06,8.31e-06,8.12e-06,8.3e-06,1208104291995.38,9931264.22
2023-12-01T00:00:00+00:00,SHIBUSD,8.3e-06,8.4e-06,8.25e-06,8.37e-06,1265341830360.98,10549430.86
2023-12-02T00:00:00+00:00,SHIBUSD,8.37e-06,8.58e-06,8.34e-06,8.53e-06,1148917316123.88,9712172.83
2023-12-03T00:00:00+00:00,SHIBUSD,8.53e-06,9.49e-06,8.37e-06,9.03e-06,4446819428533.16,39789477.16
2023-12-04T00:00:00+00:00,SHIBUSD,9.03e-06,9.64e-06,8.75e-06,9.21e-06,5038633167616.81,45900747.18
2023-12-05T00:00:00+00:00,SHIBUSD,9.21e-06,9.58e-06,8.89e-06,9.48e-06,4519976021469.62,41849228.64
2023-12-06T00:00:00+00:00,SHIBUSD,9.48e-06,1.067e-05,9.33e-06,9.73e-06,7930105868354.29,78605755.51
2023-12-07T00:00:00+00:00,SHIBUSD,9.73e-06,9.88e-06,9.38e-06,9.78e-06,3265940655005.55,31655355.87
2023-12-08T00:00:00+00:00,SHIBUSD,9.78e-06,1.044e-05,9.75e-06,1.021e-05,3224082717927.69,32500435.95
2023-12-09T00:00:00+00:00,SHIBUSD,1.021e-05,1.044e-05,9.9e-06,1e-05,2883285775728.12,29487202.04
2023-12-10T00:00:00+00:00,SHIBUSD,1e-05,1.04e-05,9.9e-06,1.033e-05,2386253908022.94,24314626.46
2023-12-11T00:00:00+00:00,SHIBUSD,1.033e-05,1.059e-05,9.15e-06,9.52e-06,4407990771551.2,42844363.65
2023-12-12T00:00:00+00:00,SHIBUSD,9.52e-06,9.76e-06,9.29e-06,9.58e-06,1924546561315.27,18385258.51
2023-12-13T00:00:00+00:00,SHIBUSD,9.58e-06,9.87e-06,9.14e-06,9.81e-06,2627775585979.67,24993496.32
2023-12-14T00:00:00+00:00,SHIBUSD,9.81e-06,1.02e-05,9.61e-06,1.009e-05,2537110323938.81,25277797.71
2023-12-15T00:00:00+00:00,SHIBUSD,1.009e-05,1.011e-05,9.57e-06,9.6e-06,2004320069043.33,19711598.79
2023-12-16T00:00:00+00:00,SHIBUSD,9.6e-06,1.174e-05,9.46e-06,1.161e-05,6136928164880.76,65699030.19
2023-12-17T00:00:00+00:00,SHIBUSD,1.161e-05,1.194e-05,1.022e-05,1.028e-05,5984563632324.76,64916787.86
2023-12-18T00:00:00+00:00,SHIBUSD,1.028e-05,1.049e-05,9.55e-06,1.044e-05,3301216296831.39,33310235.19
2023-12-19T00:00:00+00:00,SHIBUSD,1.044e-05,1.059e-05,9.99e-06,1.011e-05,1725838033074.54,17731364.54
2023-12-20T00:00:00+00:00,SHIBUSD,1.011e-05,1.05e-05,9.95e-06,1.024e-05,1407801792432.08,14452199.31
2023-12-21T00:00:00+00:00,SHIBUSD,1.024e-05,1.056e-05,1.013e-05,1.043e-05,1439299292049.37,14895428.27
2023-12-22T00:00:00+00:00,SHIBUSD,1.043e-05,1.096e-05,1.032e-05,1.092e-05,2460158000359.09,26372883.59
2023-12-23T00:00:00+00:00,SHIBUSD,1.092e-05,1.127e-05,1.052e-05,1.108e-05,2297865860574.63,25213122.22
2023-12-24T00:00:00+00:00,SHIBUSD,1.108e-05,1.11e-05,1.049e-05,1.066e-05,1622340128078,17663224.09
2023-12-25T00:00:00+00:00,SHIBUSD,1.066e-05,1.106e-05,1.054e-05,1.102e-05,1096492388688.06,11915697.17
2023-12-26T00:00:00+00:00,SHIBUSD,1.102e-05,1.103e-05,1.001e-05,1.06e-05,1189217233057.09,12569299.59
2023-12-27T00:00:00+00:00,SHIBUSD,1.06e-05,1.094e-05,1.028e-05,1.09e-05,1070115451004.53,11439558.51
2023-12-28T00:00:00+00:00,SHIBUSD,1.09e-05,1.105e-05,1.045e-05,1.061e-05,1435087346358.69,15424555.35
2023-12-29T00:00:00+00:00,SHIBUSD,1.061e-05,1.072e-05,1.025e-05,1.043e-05,1117272240659.45,11710570.21
2023-12-30T00:00:00+00:00,SHIBUSD,1.043e-05,1.059e-05,1.036e-05,1.043e-05,601150848336.45,6311836.44
2023-12-31T00:00:00+00:00,SHIBUSD,1.043e-05,1.06e-05,1.025e-05,1.035e-05,452276502114.63,4732084.34
2024-01-01T00:00:00+00:00,SHIBUSD,1.035e-05,1.071e-05,1.022e-05,1.068e-05,589249250826.83,6165483.65
2024-01-02T00:00:00+00:00,SHIBUSD,1.068e-05,1.092e-05,1.045e-05,1.056e-05,1456166034609.42,15533896.63
2024-01-03T00:00:00+00:00,SHIBUSD,1.056e-05,1.066e-05,8.53e-06,9.58e-06,2407867759366.04,23479293.35
2024-01-04T00:00:00+00:00,SHIBUSD,9.58e-06,1.014e-05,9.42e-06,1e-05,1253475625109.55,12329965.12
2024-01-05T00:00:00+00:00,SHIBUSD,1e-05,1.01e-05,9.43e-06,9.84e-06,1881393926753.63,18300462.98
2024-01-06T00:00:00+00:00,SHIBUSD,9.84e-06,9.84e-06,9.35e-06,9.61e-06,662628451422.56,6347964.44
2024-01-07T00:00:00+00:00,SHIBUSD,9.61e-06,9.69e-06,8.95e-06,9.04e-06,854670079130.48,7974671.15
2024-01-08T00:00:00+00:00,SHIBUSD,9.04e-06,9.6e-06,8.5e-06,9.58e-06,2012702891805.77,18320324.49
2024-01-09T00:00:00+00:00,SHIBUSD,9.58e-06,1.001e-05,9.05e-06,9.67e-06,2659921661610.46,25423602.52
2024-01-10T00:00:00+00:00,SHIBUSD,9.67e-06,1.017e-05,9.12e-06,9.98e-06,1781048126224.83,17143851.18
2024-01-11T00:00:00+00:00,SHIBUSD,9.98e-06,1.051e-05,9.86e-06,1.015e-05,1869879191587.83,19058219.86
2024-01-12T00:00:00+00:00,SHIBUSD,1.015e-05,1.03e-05,9.32e-06,9.63e-06,1594142947873.77,15750282.27
2024-01-13T00:00:00+00:00,SHIBUSD,9.63e-06,1.007e-05,9.42e-06,9.88e-06,796942470287.62,7826867.84
2024-01-14T00:00:00+00:00,SHIBUSD,9.88e-06,1.005e-05,9.53e-06,9.57e-06,629206926493.53,6170632.07
2024-01-15T00:00:00+00:00,SHIBUSD,9.57e-06,9.76e-06,9.48e-06,9.54e-06,574124271924.9,5533316.07
2024-01-16T00:00:00+00:00,SHIBUSD,9.54e-06,9.74e-06,9.41e-06,9.67e-06,630257982551.85,6063554.49
2024-01-17T00:00:00+00:00,SHIBUSD,9.67e-06,9.72e-06,9.38e-06,9.52e-06,748811443135.94,7143123.47
2024-01-18T00:00:00+00:00,SHIBUSD,9.52e-06,9.56e-06,8.94e-06,9.2e-06,1044128288541.78,9668703.32
2024-01-19T00:00:00+00:00,SHIBUSD,9.2e-06,9.39e-06,8.78e-06,9.3e-06,1301294647706.68,11894483.43
2024-01-20T00:00:00+00:00,SHIBUSD,9.3e-06,9.84e-06,9.27e-06,9.68e-06,1113022393060.51,10580672.22
2024-01-21T00:00:00+00:00,SHIBUSD,9.68e-06,9.73e-06,9.32e-06,9.34e-06,662247252524.25,6303367.43
2024-01-22T00:00:00+00:00,SHIBUSD,9.34e-06,9.37e-06,8.86e-06,8.92e-06,1404169645611.53,12787287.11
2024-01-23T00:00:00+00:00,SHIBUSD,8.92e-06,9.06e-06,8.43e-06,8.84e-06,1202661608756.43,10449654.43
2024-01-24T00:00:00+00:00,SHIBUSD,8.84e-06,8.99e-06,8.74e-06,8.89e-06,742655835942.58,6583263.86
2024-01-25T00:00:00+00:00,SHIBUSD,8.89e-06,8.92e-06,8.72e-06,8.86e-06,479161277470.13,4233961.1
2024-01-26T00:00:00+00:00,SHIBUSD,8.86e-06,9.13e-06,8.78e-06,9.03e-06,548204213082.12,4927160.72
2024-01-27T00:00:00+00:00,SHIBUSD,9.03e-06,9.22e-06,8.98e-06,9.12e-06,379189256246.24,3448978.01
2024-01-28T00:00:00+00:00,SHIBUSD,9.12e-06,9.25e-06,8.91e-06,9e-06,519891878644.61,4731563.7
2024-01-29T00:00:00+00:00,SHIBUSD,9e-06,9.27e-06,8.92e-06,9.2e-06,736810597082.33,6717079.4
2024-01-30T00:00:00+00:00,SHIBUSD,9.2e-06,9.63e-06,9.01e-06,9.05e-06,1143553259354.39,10618081.87
2024-01-31T00:00:00+00:00,SHIBUSD,9.05e-06,9.14e-06,8.84e-06,8.94e-06,693332496113.36,6256534.1
2024-02-01T00:00:00+00:00,SHIBUSD,8.94e-06,9.05e-06,8.78e-06,9.03e-06,719059473172.56,6409088.92
2024-02-02T00:00:00+00:00,SHIBUSD,9.03e-06,9.1e-06,8.92e-06,9.07e-06,524064273550.01,4737135.55
2024-02-03T00:00:00+00:00,SHIBUSD,9.07e-06,9.16e-06,9.01e-06,9.11e-06,314506073333.59,2860950.12
2024-02-04T00:00:00+00:00,SHIBUSD,9.11e-06,9.14e-06,8.85e-06,8.89e-06,533001101578.02,4801114.66
2024-02-05T00:00:00+00:00,SHIBUSD,8.89e-06,9.03e-06,8.78e-06,8.9e-06,535173542931.12,4763045.31
2024-02-06T00:00:00+00:00,SHIBUSD,8.9e-06,8.94e-06,8.81e-06,8.86e-06,626832590094.1,5560544.69
2024-02-07T00:00:00+00:00,SHIBUSD,8.86e-06,9.09e-06,8.79e-06,9.06e-06,495279642131.7,4430935.4
2024-02-08T00:00:00+00:00,SHIBUSD,9.06e-06,9.37e-06,9.04e-06,9.22e-06,915012881295.87,8428700.14
2024-02-09T00:00:00+00:00,SHIBUSD,9.22e-06,9.47e-06,9.21e-06,9.39e-06,824559097688.92,7721516.71
2024-02-10T00:00:00+00:00,SHIBUSD,9.39e-06,9.51e-06,9.24e-06,9.42e-06,535661980431.04,5037642.8
2024-02-11T00:00:00+00:00,SHIBUSD,9.42e-06,9.62e-06,9.34e-06,9.41e-06,649246804643.16,6147463.54
2024-02-12T00:00:00+00:00,SHIBUSD,9.41e-06,9.68e-06,9.21e-06,9.62e-06,825589348009.99,7796723.81
2024-02-13T00:00:00+00:00,SHIBUSD,9.62e-06,9.74e-06,9.29e-06,9.47e-06,1018876042633.38,9669959.59
2024-02-14T00:00:00+00:00,SHIBUSD,9.47e-06,9.84e-06,9.39e-06,9.76e-06,1005929156358.77,9713800.97
2024-02-15T00:00:00+00:00,SHIBUSD,9.76e-06,1.005e-05,9.68e-06,9.87e-06,1367195903060.03,13493161.47
2024-02-16T00:00:00+00:00,SHIBUSD,9.87e-06,1.005e-05,9.65e-06,9.88e-06,836498040726.83,8253555.91
2024-02-17T00:00:00+00:00,SHIBUSD,9.88e-06,9.9e-06,9.41e-06,9.63e-06,648653545214.09,6247172.99
2024-02-18T00:00:00+00:00,SHIBUSD,9.63e-06,9.84e-06,9.58e-06,9.74e-06,636953086716.81,6198950.23
2024-02-19T00:00:00+00:00,SHIBUSD,9.74e-06,9.95e-06,9.68e-06,9.9e-06,1203337654062.62,11816731.7
2024-02-20T00:00:00+00:00,SHIBUSD,9.9e-06,9.97e-06,9.42e-06,9.75e-06,1330105359628.87,12961171.16
2024-02-21T00:00:00+00:00,SHIBUSD,9.75e-06,9.78e-06,9.3e-06,9.55e-06,960717539209.46,9119682.18
2024-02-22T00:00:00+00:00,SHIBUSD,9.55e-06,9.72e-06,9.39e-06,9.53e-06,750292245851.9,7190591.5
2024-02-23T00:00:00+00:00,SHIBUSD,9.53e-06,9.6e-06,9.35e-06,9.52e-06,797241886846.86,7583514.25
2024-02-24T00:00:00+00:00,SHIBUSD,9.52e-06,9.67e-06,9.34e-06,9.64e-06,661427640657.86,6311549.43
2024-02-25T00:00:00+00:00,SHIBUSD,9.64e-06,9.73e-06,9.56e-06,9.66e-06,658593829982.86,6351917.47
2024-02-26T00:00:00+00:00,SHIBUSD,9.66e-06,1.024e-05,9.46e-06,1.007e-05,1676764767688.55,16502746.19
2024-02-27T00:00:00+00:00,SHIBUSD,1.007e-05,1.143e-05,9.95e-06,1.09e-05,5696018044276.6,60969713.98
2024-02-28T00:00:00+00:00,SHIBUSD,1.09e-05,1.251e-05,1.002e-05,1.172e-05,10973216928094.5,124431015.71
2024-02-29T00:00:00+00:00,SHIBUSD,1.172e-05,1.475e-05,1.145e-05,1.257e-05,17270454860604.7,231645025.07
2024-03-01T00:00:00+00:00,SHIBUSD,1.257e-05,1.726e-05,1.244e-05,1.69e-05,14383140014503.7,212810446.09
2024-03-02T00:00:00+00:00,SHIBUSD,1.69e-05,2.373e-05,1.661e-05,2.26e-05,32315911878716.8,673872625.55
2024-03-03T00:00:00+00:00,SHIBUSD,2.26e-05,2.374e-05,1.887e-05,2.253e-05,17330117280267.4,380994671.18
2024-03-04T00:00:00+00:00,SHIBUSD,2.253e-05,3.675e-05,2.148e-05,3.599e-05,35288425186996.71,1041867626.7
2024-03-05T00:00:00+00:00,SHIBUSD,3.599e-05,4.572e-05,2.113e-05,3.518e-05,53549512083455.1,1959389142.07
2024-03-06T00:00:00+00:00,SHIBUSD,3.518e-05,3.943e-05,3.037e-05,3.328e-05,22572790163218.2,785156885.41
2024-03-07T00:00:00+00:00,SHIBUSD,3.328e-05,3.471e-05,2.923e-05,3.155e-05,12190614706425.3,386751282.86
2024-03-08T00:00:00+00:00,SHIBUSD,3.155e-05,3.809e-05,3.091e-05,3.525e-05,16354107682756,568135572.89
2024-03-09T00:00:00+00:00,SHIBUSD,3.525e-05,3.698e-05,3.392e-05,3.502e-05,6344439908605.98,224832923.58
2024-03-10T00:00:00+00:00,SHIBUSD,3.502e-05,3.547e-05,3.166e-05,3.289e-05,5291193969000.28,179170170.06
2024-03-11T00:00:00+00:00,SHIBUSD,3.289e-05,3.522e-05,3.022e-05,3.386e-05,8026893998314.75,264051849.89
2024-03-12T00:00:00+00:00,SHIBUSD,3.386e-05,3.487e-05,2.998e-05,3.222e-05,6042313554600.52,195228725
2024-03-13T00:00:00+00:00,SHIBUSD,3.222e-05,3.355e-05,3.117e-05,3.205e-05,4066553526383.22,131459646.56
2024-03-14T00:00:00+00:00,SHIBUSD,3.205e-05,3.48e-05,3.04e-05,3.221e-05,9493788643828.78,311688237.15
2024-03-15T00:00:00+00:00,SHIBUSD,3.221e-05,3.274e-05,2.704e-05,2.99e-05,8351894844449.71,246343197.77
2024-03-16T00:00:00+00:00,SHIBUSD,2.99e-05,3.037e-05,2.353e-05,2.533e-05,8122100867075,214818661.03
2024-03-17T00:00:00+00:00,SHIBUSD,2.533e-05,3.021e-05,2.425e-05,2.951e-05,9110045324263.43,251308830.32
2024-03-18T00:00:00+00:00,SHIBUSD,2.951e-05,2.956e-05,2.634e-05,2.683e-05,5868124033947.69,163372981.86
2024-03-19T00:00:00+00:00,SHIBUSD,2.683e-05,2.738e-05,2.411e-05,2.486e-05,10742360323011,273788557.01
2024-03-20T00:00:00+00:00,SHIBUSD,2.486e-05,2.801e-05,2.366e-05,2.775e-05,7755707499395.59,199532837.25
2024-03-21T00:00:00+00:00,SHIBUSD,2.775e-05,2.863e-05,2.627e-05,2.72e-05,5549766459361.36,151392102.97
2024-03-22T00:00:00+00:00,SHIBUSD,2.72e-05,2.862e-05,2.58e-05,2.654e-05,4702123018634.48,126454594.38
2024-03-23T00:00:00+00:00,SHIBUSD,2.654e-05,2.851e-05,2.63e-05,2.712e-05,3936579549001.33,108249920.95
2024-03-24T00:00:00+00:00,SHIBUSD,2.712e-05,2.834e-05,2.708e-05,2.808e-05,3248650947781.9,90494504.04
2024-03-25T00:00:00+00:00,SHIBUSD,2.808e-05,3.064e-05,2.746e-05,2.871e-05,4895247489589.71,142102864.44
2024-03-26T00:00:00+00:00,SHIBUSD,2.871e-05,3.182e-05,2.848e-05,3.065e-05,6238540568365.5,188524582.25
2024-03-27T00:00:00+00:00,SHIBUSD,3.065e-05,3.187e-05,2.917e-05,3.017e-05,6681900785400.78,204295438.94
2024-03-28T00:00:00+00:00,SHIBUSD,3.017e-05,3.284e-05,2.979e-05,3.202e-05,6466717383353.25,203822910.62
2024-03-29T00:00:00+00:00,SHIBUSD,3.202e-05,3.215e-05,3.011e-05,3.081e-05,3451093200381.78,106676125.05
2024-03-30T00:00:00+00:00,SHIBUSD,3.081e-05,3.102e-05,2.952e-05,2.985e-05,2399408976353.63,72541964.3
2024-03-31T00:00:00+00:00,SHIBUSD,2.985e-05,3.081e-05,2.973e-05,3.074e-05,1858473435185.8,56571833.41
2024-04-01T00:00:00+00:00,SHIBUSD,3.074e-05,3.074e-05,2.778e-05,2.865e-05,3818032003626.88,109800920.34
2024-04-02T00:00:00+00:00,SHIBUSD,2.865e-05,2.865e-05,2.57e-05,2.641e-05,5525315332733.27,147504822.81
2024-04-03T00:00:00+00:00,SHIBUSD,2.641e-05,2.754e-05,2.55e-05,2.635e-05,4019442585358.9,107234064.06
2024-04-04T00:00:00+00:00,SHIBUSD,2.635e-05,2.85e-05,2.588e-05,2.771e-05,3172237845552.6,86807836.33
2024-04-05T00:00:00+00:00,SHIBUSD,2.771e-05,2.775e-05,2.631e-05,2.679e-05,2556313315116.07,68639111.01
2024-04-06T00:00:00+00:00,SHIBUSD,2.679e-05,2.78e-05,2.67e-05,2.742e-05,1315935284627.24,35934523.89
2024-04-07T00:00:00+00:00,SHIBUSD,2.742e-05,2.9e-05,2.737e-05,2.816e-05,2822973091487.81,80138143.17
2024-04-08T00:00:00+00:00,SHIBUSD,2.816e-05,2.953e-05,2.771e-05,2.874e-05,2493074732208.41,71563726.66
2024-04-09T00:00:00+00:00,SHIBUSD,2.874e-05,2.952e-05,2.719e-05,2.747e-05,2775051582080.8,78214010.5
2024-04-10T00:00:00+00:00,SHIBUSD,2.747e-05,2.829e-05,2.641e-05,2.805e-05,2548040255134.95,70070311.84
2024-04-11T00:00:00+00:00,SHIBUSD,2.805e-05,2.816e-05,2.72e-05,2.751e-05,1446789094919.75,39964712.8
2024-04-12T00:00:00+00:00,SHIBUSD,2.751e-05,2.813e-05,2.141e-05,2.476e-05,5395603423521.42,135202839.76
2024-04-13T00:00:00+00:00,SHIBUSD,2.476e-05,2.498e-05,1.837e-05,2.117e-05,9142411872230.11,202107190.83
2024-04-14T00:00:00+00:00,SHIBUSD,2.117e-05,2.3e-05,2.057e-05,2.275e-05,5431818240840.49,118304262.16
2024-04-15T00:00:00+00:00,SHIBUSD,2.275e-05,2.386e-05,2.1e-05,2.193e-05,4013782240400.02,89645569.48
2024-04-16T00:00:00+00:00,SHIBUSD,2.193e-05,2.289e-05,2.081e-05,2.269e-05,3723215510076.79,82125712.79
2024-04-17T00:00:00+00:00,SHIBUSD,2.269e-05,2.305e-05,2.133e-05,2.205e-05,2087946547687.22,46200473.52
2024-04-18T00:00:00+00:00,SHIBUSD,2.205e-05,2.297e-05,2.141e-05,2.279e-05,1917263047454.89,42860648.4
2024-04-19T00:00:00+00:00,SHIBUSD,2.279e-05,2.358e-05,2.083e-05,2.289e-05,2710527347637.56,60740883.48
2024-04-20T00:00:00+00:00,SHIBUSD,2.289e-05,2.674e-05,2.261e-05,2.619e-05,3172829454560.42,78391210.46
2024-04-21T00:00:00+00:00,SHIBUSD,2.619e-05,2.821e-05,2.543e-05,2.627e-05,3824357174860.28,102470182.88
2024-04-22T00:00:00+00:00,SHIBUSD,2.627e-05,2.772e-05,2.613e-05,2.692e-05,2781488147508.52,74877951.84
2024-04-23T00:00:00+00:00,SHIBUSD,2.692e-05,2.814e-05,2.62e-05,2.682e-05,2266260139704.72,61326070.01
2024-04-24T00:00:00+00:00,SHIBUSD,2.682e-05,2.767e-05,2.523e-05,2.569e-05,3712090288274.94,98075171.73
2024-04-25T00:00:00+00:00,SHIBUSD,2.569e-05,2.655e-05,2.448e-05,2.57e-05,3650733554671.54,92465339.41
2024-04-26T00:00:00+00:00,SHIBUSD,2.57e-05,2.599e-05,2.491e-05,2.52e-05,1611409037698.45,41003757.83
2024-04-27T00:00:00+00:00,SHIBUSD,2.52e-05,2.535e-05,2.402e-05,2.476e-05,1535772392334.1,37818283.42
2024-04-28T00:00:00+00:00,SHIBUSD,2.476e-05,2.516e-05,2.406e-05,2.422e-05,906700752320.18,22413207.68
2024-04-29T00:00:00+00:00,SHIBUSD,2.422e-05,2.438e-05,2.305e-05,2.41e-05,1745426926242.42,41375465.83
2024-04-30T00:00:00+00:00,SHIBUSD,2.41e-05,2.464e-05,2.176e-05,2.238e-05,2679777182227.81,61412615.37
2024-05-01T00:00:00+00:00,SHIBUSD,2.238e-05,2.312e-05,2.056e-05,2.263e-05,3745043643816.49,81388942.21
2024-05-02T00:00:00+00:00,SHIBUSD,2.263e-05,2.331e-05,2.15e-05,2.28e-05,2874261772191.35,65058254.66
2024-05-03T00:00:00+00:00,SHIBUSD,2.28e-05,2.476e-05,2.262e-05,2.446e-05,2619095633638.02,61981704.41
2024-05-04T00:00:00+00:00,SHIBUSD,2.446e-05,2.632e-05,2.43e-05,2.505e-05,2949469516850.53,74546767.63
2024-05-05T00:00:00+00:00,SHIBUSD,2.505e-05,2.523e-05,2.431e-05,2.47e-05,1252371311455.42,30938391.3
2024-05-06T00:00:00+00:00,SHIBUSD,2.47e-05,2.569e-05,2.382e-05,2.387e-05,2073535101605.42,51010203.99
2024-05-07T00:00:00+00:00,SHIBUSD,2.387e-05,2.424e-05,2.292e-05,2.298e-05,1738138962870.13,41163352.38
2024-05-08T00:00:00+00:00,SHIBUSD,2.298e-05,2.325e-05,2.233e-05,2.253e-05,1505060944446.66,34341434.99
2024-05-09T00:00:00+00:00,SHIBUSD,2.253e-05,2.378e-05,2.229e-05,2.349e-05,1291919759912.73,29659576.16
2024-05-10T00:00:00+00:00,SHIBUSD,2.349e-05,2.361e-05,2.215e-05,2.243e-05,1395149964664.47,31879959.76
2024-05-11T00:00:00+00:00,SHIBUSD,2.243e-05,2.29e-05,2.234e-05,2.249e-05,607887999129.29,13745985
2024-05-12T00:00:00+00:00,SHIBUSD,2.249e-05,2.273e-05,2.209e-05,2.23e-05,475979656323.63,10701807.05
2024-05-13T00:00:00+00:00,SHIBUSD,2.23e-05,2.465e-05,2.155e-05,2.335e-05,3104757689178.01,72732885.19
2024-05-14T00:00:00+00:00,SHIBUSD,2.335e-05,2.442e-05,2.286e-05,2.297e-05,3319003558432.73,78001291.79
2024-05-15T00:00:00+00:00,SHIBUSD,2.297e-05,2.558e-05,2.286e-05,2.525e-05,3762111387630.94,91262630.22
2024-05-16T00:00:00+00:00,SHIBUSD,2.525e-05,2.588e-05,2.394e-05,2.456e-05,3012127973746.03,74989056.73
2024-05-17T00:00:00+00:00,SHIBUSD,2.456e-05,2.531e-05,2.416e-05,2.502e-05,1548742926362.92,38402034.8
2024-05-18T00:00:00+00:00,SHIBUSD,2.502e-05,2.519e-05,2.438e-05,2.476e-05,845116263978.87,20948735.19
2024-05-19T00:00:00+00:00,SHIBUSD,2.476e-05,2.509e-05,2.361e-05,2.386e-05,1038646825676.01,25255522.17
2024-05-20T00:00:00+00:00,SHIBUSD,2.386e-05,2.612e-05,2.352e-05,2.607e-05,2781402962827.76,68882096.28
2024-05-21T00:00:00+00:00,SHIBUSD,2.607e-05,2.666e-05,2.505e-05,2.611e-05,3627952904390.83,93274608.69
2024-05-22T00:00:00+00:00,SHIBUSD,2.611e-05,2.684e-05,2.502e-05,2.532e-05,2536938283977.52,65665172.7
2024-05-23T00:00:00+00:00,SHIBUSD,2.532e-05,2.572e-05,2.34e-05,2.458e-05,2348190162385.81,57757393.53
2024-05-24T00:00:00+00:00,SHIBUSD,2.458e-05,2.508e-05,2.363e-05,2.44e-05,1549271434822.43,37726992.83
2024-05-25T00:00:00+00:00,SHIBUSD,2.44e-05,2.526e-05,2.429e-05,2.507e-05,1348399848238.98,33409316.32
2024-05-26T00:00:00+00:00,SHIBUSD,2.507e-05,2.515e-05,2.415e-05,2.431e-05,561958989147.17,13814519.94
2024-05-27T00:00:00+00:00,SHIBUSD,2.431e-05,2.62e-05,2.43e-05,2.548e-05,2417890586653.62,61639557
2024-05-28T00:00:00+00:00,SHIBUSD,2.548e-05,2.735e-05,2.448e-05,2.672e-05,4252617629824.39,110734367.3
2024-05-29T00:00:00+00:00,SHIBUSD,2.672e-05,2.939e-05,2.652e-05,2.752e-05,5944257540778.07,165586831.62
2024-05-30T00:00:00+00:00,SHIBUSD,2.752e-05,2.856e-05,2.56e-05,2.589e-05,3272539967007.61,87689848.56
2024-05-31T00:00:00+00:00,SHIBUSD,2.589e-05,2.633e-05,2.485e-05,2.54e-05,1542856528430.43,39610526.06
2024-06-01T00:00:00+00:00,SHIBUSD,2.54e-05,2.547e-05,2.509e-05,2.525e-05,633628294122.22,16043596.21
2024-06-02T00:00:00+00:00,SHIBUSD,2.525e-05,2.547e-05,2.403e-05,2.461e-05,1069023324624.13,26430885.47
2024-06-03T00:00:00+00:00,SHIBUSD,2.461e-05,2.539e-05,2.426e-05,2.443e-05,1276074168917.87,31635078.98
2024-06-04T00:00:00+00:00,SHIBUSD,2.443e-05,2.466e-05,2.286e-05,2.461e-05,1886816175556.85,45245530.71
2024-06-05T00:00:00+00:00,SHIBUSD,2.461e-05,2.632e-05,2.45e-05,2.594e-05,2992756505197.31,76799475.35
2024-06-06T00:00:00+00:00,SHIBUSD,2.594e-05,2.624e-05,2.495e-05,2.522e-05,1500112373212.66,38430045.18
2024-06-07T00:00:00+00:00,SHIBUSD,2.522e-05,2.548e-05,2.155e-05,2.369e-05,2624821672140.45,62351302.34
2024-06-08T00:00:00+00:00,SHIBUSD,2.369e-05,2.412e-05,2.3e-05,2.321e-05,1168650551063,27498083.87
2024-06-09T00:00:00+00:00,SHIBUSD,2.321e-05,2.367e-05,2.296e-05,2.348e-05,730774406963.54,17003486.15
2024-06-10T00:00:00+00:00,SHIBUSD,2.348e-05,2.361e-05,2.27e-05,2.291e-05,849656313441.61,19642153.23
2024-06-11T00:00:00+00:00,SHIBUSD,2.291e-05,2.296e-05,2.105e-05,2.163e-05,2687546777988.94,59190186.15
2024-06-12T00:00:00+00:00,SHIBUSD,2.163e-05,2.323e-05,2.111e-05,2.22e-05,3028030882084.53,67446863.47
2024-06-13T00:00:00+00:00,SHIBUSD,2.22e-05,2.221e-05,2.095e-05,2.118e-05,1676594726568.1,36090363.37
2024-06-14T00:00:00+00:00,SHIBUSD,2.118e-05,2.187e-05,1.961e-05,2.029e-05,2931024982021.37,60548171.99
2024-06-15T00:00:00+00:00,SHIBUSD,2.029e-05,2.098e-05,1.999e-05,2.077e-05,1165777617046.06,24081085.38
2024-06-16T00:00:00+00:00,SHIBUSD,2.077e-05,2.108e-05,2.038e-05,2.094e-05,797506966290.02,16579940.84
2024-06-17T00:00:00+00:00,SHIBUSD,2.094e-05,2.106e-05,1.86e-05,1.932e-05,2886112086027.34,56855837.11
2024-06-18T00:00:00+00:00,SHIBUSD,1.932e-05,1.943e-05,1.699e-05,1.808e-05,4126441281835.98,74011151.94
2024-06-19T00:00:00+00:00,SHIBUSD,1.808e-05,1.893e-05,1.796e-05,1.812e-05,1764994508252.02,32520540
2024-06-20T00:00:00+00:00,SHIBUSD,1.812e-05,1.899e-05,1.779e-05,1.803e-05,1548819232683.06,28359001.23
2024-06-21T00:00:00+00:00,SHIBUSD,1.803e-05,1.823e-05,1.739e-05,1.786e-05,1787045948158.94,31826467.22
2024-06-22T00:00:00+00:00,SHIBUSD,1.786e-05,1.833e-05,1.765e-05,1.797e-05,680013023843.65,12273690.52
2024-06-23T00:00:00+00:00,SHIBUSD,1.797e-05,1.821e-05,1.742e-05,1.753e-05,695371197196.87,12393025.41
2024-06-24T00:00:00+00:00,SHIBUSD,1.753e-05,1.765e-05,1.635e-05,1.703e-05,2494799113778.53,41967666.8
2024-06-25T00:00:00+00:00,SHIBUSD,1.703e-05,1.824e-05,1.698e-05,1.774e-05,2364507955308.38,41693133.85
2024-06-26T00:00:00+00:00,SHIBUSD,1.774e-05,1.806e-05,1.709e-05,1.713e-05,1244457880702.69,21812956.88
2024-06-27T00:00:00+00:00,SHIBUSD,1.713e-05,1.77e-05,1.685e-05,1.754e-05,1442243758067.04,24980414.92
2024-06-28T00:00:00+00:00,SHIBUSD,1.754e-05,1.809e-05,1.678e-05,1.695e-05,1845778830726.57,31978042.32
2024-06-29T00:00:00+00:00,SHIBUSD,1.695e-05,1.724e-05,1.684e-05,1.688e-05,556395934867.33,9483723.1
2024-06-30T00:00:00+00:00,SHIBUSD,1.688e-05,1.74e-05,1.66e-05,1.722e-05,972867130871.91,16482218.56
2024-07-01T00:00:00+00:00,SHIBUSD,1.722e-05,1.759e-05,1.693e-05,1.707e-05,1197202766617.63,20616397.46
2024-07-02T00:00:00+00:00,SHIBUSD,1.707e-05,1.739e-05,1.694e-05,1.724e-05,891529034430.95,15267716.18
2024-07-03T00:00:00+00:00,SHIBUSD,1.724e-05,1.743e-05,1.611e-05,1.637e-05,1374597638841.71,22876336.41
2024-07-04T00:00:00+00:00,SHIBUSD,1.637e-05,1.646e-05,1.453e-05,1.463e-05,2246385190361.96,34389769.42
2024-07-05T00:00:00+00:00,SHIBUSD,1.463e-05,1.509e-05,1.27e-05,1.499e-05,3952098349772.79,54709709.4
2024-07-06T00:00:00+00:00,SHIBUSD,1.499e-05,1.755e-05,1.469e-05,1.739e-05,2731007351311.65,43952465.31
2024-07-07T00:00:00+00:00,SHIBUSD,1.739e-05,1.741e-05,1.539e-05,1.549e-05,2039892879637.11,33292334.28
2024-07-08T00:00:00+00:00,SHIBUSD,1.549e-05,1.709e-05,1.473e-05,1.618e-05,3761294345267.28,60586336.34
2024-07-09T00:00:00+00:00,SHIBUSD,1.618e-05,1.668e-05,1.592e-05,1.636e-05,1876058040212.13,30630572.28
2024-07-10T00:00:00+00:00,SHIBUSD,1.636e-05,1.688e-05,1.603e-05,1.64e-05,1389810077011.74,22883909.5
2024-07-11T00:00:00+00:00,SHIBUSD,1.64e-05,1.702e-05,1.615e-05,1.623e-05,1203007922150.46,19860531.8
2024-07-12T00:00:00+00:00,SHIBUSD,1.623e-05,1.664e-05,1.578e-05,1.65e-05,1104495988961.82,17913667.87
2024-07-13T00:00:00+00:00,SHIBUSD,1.65e-05,1.74e-05,1.644e-05,1.711e-05,1314556990344.69,22395483.7
2024-07-14T00:00:00+00:00,SHIBUSD,1.711e-05,1.779e-05,1.707e-05,1.764e-05,1375935854728.46,23904169.68
2024-07-15T00:00:00+00:00,SHIBUSD,1.764e-05,1.947e-05,1.75e-05,1.927e-05,2201697740827.51,40354230.14
2024-07-16T00:00:00+00:00,SHIBUSD,1.927e-05,2.017e-05,1.841e-05,1.932e-05,3289054109620.33,63866210.71
2024-07-17T00:00:00+00:00,SHIBUSD,1.932e-05,1.985e-05,1.851e-05,1.861e-05,2255418280381.58,43216261.42
2024-07-18T00:00:00+00:00,SHIBUSD,1.861e-05,1.898e-05,1.679e-05,1.739e-05,5701236041604.69,99824255.18
2024-07-19T00:00:00+00:00,SHIBUSD,1.739e-05,1.819e-05,1.687e-05,1.78e-05,2780248411163.77,48844638.01
2024-07-20T00:00:00+00:00,SHIBUSD,1.78e-05,1.847e-05,1.75e-05,1.81e-05,2023429792853.95,36494871.71
2024-07-21T00:00:00+00:00,SHIBUSD,1.81e-05,1.846e-05,1.702e-05,1.826e-05,1934103477746.52,34516557.8
2024-07-22T00:00:00+00:00,SHIBUSD,1.826e-05,1.832e-05,1.742e-05,1.758e-05,1581925164303.86,28089801.33
2024-07-23T00:00:00+00:00,SHIBUSD,1.758e-05,1.779e-05,1.671e-05,1.704e-05,1896274932570.74,32565895.92
2024-07-24T00:00:00+00:00,SHIBUSD,1.704e-05,1.758e-05,1.661e-05,1.679e-05,1354533899286,23197738.4
2024-07-25T00:00:00+00:00,SHIBUSD,1.679e-05,1.687e-05,1.581e-05,1.639e-05,1853232747799.34,30072606.32
2024-07-26T00:00:00+00:00,SHIBUSD,1.639e-05,1.703e-05,1.637e-05,1.696e-05,876631333857.54,14696777.44
2024-07-27T00:00:00+00:00,SHIBUSD,1.696e-05,1.762e-05,1.672e-05,1.702e-05,1256723650556,21567138.51
2024-07-28T00:00:00+00:00,SHIBUSD,1.702e-05,1.717e-05,1.664e-05,1.68e-05,490503379391.03,8265234.91
2024-07-29T00:00:00+00:00,SHIBUSD,1.68e-05,1.731e-05,1.651e-05,1.661e-05,1156301489472.7,19548579.07
2024-07-30T00:00:00+00:00,SHIBUSD,1.661e-05,1.685e-05,1.6e-05,1.641e-05,569380070804.76,9395461.51
2024-07-31T00:00:00+00:00,SHIBUSD,1.641e-05,1.668e-05,1.57e-05,1.592e-05,1172277020048.61,19060696.24
2024-08-01T00:00:00+00:00,SHIBUSD,1.592e-05,1.604e-05,1.486e-05,1.578e-05,1458857692986.11,22600521.06
2024-08-02T00:00:00+00:00,SHIBUSD,1.578e-05,1.588e-05,1.458e-05,1.464e-05,1685042903871.37,25583029.75
2024-08-03T00:00:00+00:00,SHIBUSD,1.464e-05,1.483e-05,1.377e-05,1.422e-05,1572639751517.73,22437169.74
2024-08-04T00:00:00+00:00,SHIBUSD,1.422e-05,1.433e-05,1.296e-05,1.334e-05,1808639241504.67,24560039.88
2024-08-05T00:00:00+00:00,SHIBUSD,1.334e-05,1.398e-05,1.08e-05,1.325e-05,8057424707527.27,98928579.12
2024-08-06T00:00:00+00:00,SHIBUSD,1.325e-05,1.405e-05,1.312e-05,1.346e-05,2616077003299.04,35752119.23
2024-08-07T00:00:00+00:00,SHIBUSD,1.346e-05,1.396e-05,1.271e-05,1.288e-05,1784904568771.43,23869886.49
2024-08-08T00:00:00+00:00,SHIBUSD,1.288e-05,1.442e-05,1.265e-05,1.433e-05,1790327309725.96,24451370.34
2024-08-09T00:00:00+00:00,SHIBUSD,1.433e-05,1.433e-05,1.367e-05,1.404e-05,1166950080964.64,16336259.64
2024-08-10T00:00:00+00:00,SHIBUSD,1.404e-05,1.429e-05,1.388e-05,1.409e-05,436863244702.96,6148282.01
2024-08-11T00:00:00+00:00,SHIBUSD,1.409e-05,1.468e-05,1.328e-05,1.338e-05,1109504613865.25,15563510.77
2024-08-12T00:00:00+00:00,SHIBUSD,1.338e-05,1.41e-05,1.328e-05,1.393e-05,994809816240.91,13665585.2
2024-08-13T00:00:00+00:00,SHIBUSD,1.393e-05,1.408e-05,1.35e-05,1.389e-05,711648638742.94,9829704.22
2024-08-14T00:00:00+00:00,SHIBUSD,1.389e-05,1.405e-05,1.344e-05,1.361e-05,639791331887.9,8785500.41
2024-08-15T00:00:00+00:00,SHIBUSD,1.361e-05,1.375e-05,1.312e-05,1.327e-05,772500308444.42,10360031.52
2024-08-16T00:00:00+00:00,SHIBUSD,1.327e-05,1.349e-05,1.29e-05,1.322e-05,598688461362.42,7917665.78
2024-08-17T00:00:00+00:00,SHIBUSD,1.322e-05,1.343e-05,1.314e-05,1.338e-05,321330586875.55,4278624
2024-08-18T00:00:00+00:00,SHIBUSD,1.338e-05,1.36e-05,1.323e-05,1.323e-05,364786450453.25,4896952.13
2024-08-19T00:00:00+00:00,SHIBUSD,1.323e-05,1.355e-05,1.298e-05,1.334e-05,810200456848.1,10692067.56
2024-08-20T00:00:00+00:00,SHIBUSD,1.334e-05,1.394e-05,1.332e-05,1.365e-05,773708561442.44,10590874.21
2024-08-21T00:00:00+00:00,SHIBUSD,1.365e-05,1.423e-05,1.348e-05,1.411e-05,697662927354.48,9681118.52
2024-08-22T00:00:00+00:00,SHIBUSD,1.411e-05,1.439e-05,1.384e-05,1.405e-05,532645823946.78,7522383.64
2024-08-23T00:00:00+00:00,SHIBUSD,1.405e-05,1.552e-05,1.404e-05,1.531e-05,1743680287292.54,25853792.95
2024-08-24T00:00:00+00:00,SHIBUSD,1.531e-05,1.612e-05,1.509e-05,1.563e-05,1414314777074.45,22148048.63
2024-08-25T00:00:00+00:00,SHIBUSD,1.563e-05,1.566e-05,1.47e-05,1.512e-05,1127829442470.93,17131920.1
2024-08-26T00:00:00+00:00,SHIBUSD,1.512e-05,1.526e-05,1.435e-05,1.461e-05,1139595165331.61,16827999.42
2024-08-27T00:00:00+00:00,SHIBUSD,1.461e-05,1.484e-05,1.339e-05,1.376e-05,1321556984880.35,18772222.33
2024-08-28T00:00:00+00:00,SHIBUSD,1.376e-05,1.42e-05,1.342e-05,1.386e-05,1016238167106.49,14048152.24
2024-08-29T00:00:00+00:00,SHIBUSD,1.386e-05,1.455e-05,1.383e-05,1.408e-05,720621863528.71,10209786.24
2024-08-30T00:00:00+00:00,SHIBUSD,1.408e-05,1.422e-05,1.363e-05,1.4e-05,770881325160.99,10725934.8
2024-08-31T00:00:00+00:00,SHIBUSD,1.4e-05,1.41e-05,1.372e-05,1.383e-05,358971404815.86,4984380.37
2024-09-01T00:00:00+00:00,SHIBUSD,1.383e-05,1.386e-05,1.305e-05,1.315e-05,837603412615.89,11264807.18
2024-09-02T00:00:00+00:00,SHIBUSD,1.315e-05,1.372e-05,1.31e-05,1.366e-05,706835747207.14,9492675.72
2024-09-03T00:00:00+00:00,SHIBUSD,1.366e-05,1.385e-05,1.304e-05,1.308e-05,515185378419.15,6924121.66
2024-09-04T00:00:00+00:00,SHIBUSD,1.308e-05,1.368e-05,1.244e-05,1.36e-05,1212390081751.34,16005697.24
2024-09-05T00:00:00+00:00,SHIBUSD,1.36e-05,1.364e-05,1.305e-05,1.319e-05,709174302859.05,9435541.24
2024-09-06T00:00:00+00:00,SHIBUSD,1.319e-05,1.345e-05,1.231e-05,1.28e-05,1107698013529.52,14347282.43
2024-09-07T00:00:00+00:00,SHIBUSD,1.28e-05,1.304e-05,1.272e-05,1.286e-05,482532388678.26,6222837.03
2024-09-08T00:00:00+00:00,SHIBUSD,1.286e-05,1.317e-05,1.281e-05,1.308e-05,444186696007.19,5765102.38
2024-09-09T00:00:00+00:00,SHIBUSD,1.308e-05,1.375e-05,1.298e-05,1.354e-05,970561574303.6,13012082.11
2024-09-10T00:00:00+00:00,SHIBUSD,1.354e-05,1.369e-05,1.33e-05,1.353e-05,539002078407.93,7263122.62
2024-09-11T00:00:00+00:00,SHIBUSD,1.353e-05,1.355e-05,1.293e-05,1.326e-05,729872956154.14,9661057.29
2024-09-12T00:00:00+00:00,SHIBUSD,1.326e-05,1.353e-05,1.319e-05,1.352e-05,516364963038.97,6903865.32
2024-09-13T00:00:00+00:00,SHIBUSD,1.352e-05,1.411e-05,1.338e-05,1.397e-05,717218598067.58,9860098.95
2024-09-14T00:00:00+00:00,SHIBUSD,1.397e-05,1.407e-05,1.359e-05,1.374e-05,490974737277.41,6772900.63
2024-09-15T00:00:00+00:00,SHIBUSD,1.374e-05,1.387e-05,1.329e-05,1.339e-05,436623327728.38,5955668.09
2024-09-16T00:00:00+00:00,SHIBUSD,1.339e-05,1.346e-05,1.3e-05,1.317e-05,668894908904.89,8823935.89
2024-09-17T00:00:00+00:00,SHIBUSD,1.317e-05,1.357e-05,1.304e-05,1.332e-05,547215514149.76,7288217.43
2024-09-18T00:00:00+00:00,SHIBUSD,1.332e-05,1.371e-05,1.297e-05,1.37e-05,803803754686.02,10688312.19
2024-09-19T00:00:00+00:00,SHIBUSD,1.37e-05,1.458e-05,1.37e-05,1.41e-05,1255683474430.04,17740854.01
2024-09-20T00:00:00+00:00,SHIBUSD,1.41e-05,1.451e-05,1.389e-05,1.438e-05,786689449124.97,11207772.47
2024-09-21T00:00:00+00:00,SHIBUSD,1.438e-05,1.504e-05,1.411e-05,1.499e-05,932606214714.21,13699146.89
2024-09-22T00:00:00+00:00,SHIBUSD,1.499e-05,1.508e-05,1.416e-05,1.453e-05,889070892770.2,12966583.57
2024-09-23T00:00:00+00:00,SHIBUSD,1.453e-05,1.487e-05,1.421e-05,1.448e-05,738240214181.15,10741295.9
2024-09-24T00:00:00+00:00,SHIBUSD,1.448e-05,1.492e-05,1.427e-05,1.483e-05,834568421271.7,12211320.4
2024-09-25T00:00:00+00:00,SHIBUSD,1.483e-05,1.576e-05,1.472e-05,1.525e-05,1763015640816.16,26954042.18
2024-09-26T00:00:00+00:00,SHIBUSD,1.525e-05,1.938e-05,1.49e-05,1.862e-05,5669959516598.69,99356250.76
2024-09-27T00:00:00+00:00,SHIBUSD,1.862e-05,2.168e-05,1.855e-05,2.027e-05,5460706881580.6,109828271.88
2024-09-28T00:00:00+00:00,SHIBUSD,2.027e-05,2.146e-05,1.904e-05,1.962e-05,3441204051710.69,69222179.68
2024-09-29T00:00:00+00:00,SHIBUSD,1.962e-05,2.039e-05,1.904e-05,1.935e-05,2223176715951.55,43678931.95
2024-09-30T00:00:00+00:00,SHIBUSD,1.935e-05,1.938e-05,1.743e-05,1.756e-05,2747450516879.26,50318424.34
2024-10-01T00:00:00+00:00,SHIBUSD,1.756e-05,1.864e-05,1.561e-05,1.641e-05,3339542657791.64,57162255.57
2024-10-02T00:00:00+00:00,SHIBUSD,1.641e-05,1.71e-05,1.601e-05,1.628e-05,2414618448236.94,40060703.83
2024-10-03T00:00:00+00:00,SHIBUSD,1.628e-05,1.675e-05,1.548e-05,1.608e-05,1529661714259.45,24606414.46
2024-10-04T00:00:00+00:00,SHIBUSD,1.608e-05,1.773e-05,1.596e-05,1.739e-05,2096403063368.77,35881169.2
2024-10-05T00:00:00+00:00,SHIBUSD,1.739e-05,1.794e-05,1.69e-05,1.745e-05,1321802711571.02,23070048.48
2024-10-06T00:00:00+00:00,SHIBUSD,1.745e-05,1.883e-05,1.712e-05,1.813e-05,1656842929896.8,29882401.85
2024-10-07T00:00:00+00:00,SHIBUSD,1.813e-05,1.881e-05,1.741e-05,1.743e-05,2295143772462.69,41749558.53
2024-10-08T00:00:00+00:00,SHIBUSD,1.743e-05,1.768e-05,1.698e-05,1.724e-05,1278745962530.51,22182652.92
2024-10-09T00:00:00+00:00,SHIBUSD,1.724e-05,1.8e-05,1.67e-05,1.689e-05,1351895937294.76,23427146.12
2024-10-10T00:00:00+00:00,SHIBUSD,1.689e-05,1.721e-05,1.604e-05,1.676e-05,1439401258194.48,24071930.4
2024-10-11T00:00:00+00:00,SHIBUSD,1.676e-05,1.81e-05,1.657e-05,1.765e-05,1961229930076.91,34176702.24
2024-10-12T00:00:00+00:00,SHIBUSD,1.765e-05,1.813e-05,1.762e-05,1.784e-05,1038799967701.23,18567394.78
2024-10-13T00:00:00+00:00,SHIBUSD,1.784e-05,1.793e-05,1.708e-05,1.764e-05,1003493954926.09,17590157.22
2024-10-14T00:00:00+00:00,SHIBUSD,1.764e-05,1.898e-05,1.734e-05,1.871e-05,2205632385548.75,40148046.51
2024-10-15T00:00:00+00:00,SHIBUSD,1.871e-05,1.897e-05,1.753e-05,1.824e-05,1867946112001.68,34079967.51
2024-10-16T00:00:00+00:00,SHIBUSD,1.824e-05,1.914e-05,1.789e-05,1.857e-05,2393237883358.08,44547085.05
2024-10-17T00:00:00+00:00,SHIBUSD,1.857e-05,1.872e-05,1.758e-05,1.821e-05,1185590297373.32,21427513.4
2024-10-18T00:00:00+00:00,SHIBUSD,1.821e-05,1.931e-05,1.814e-05,1.879e-05,2334830114308.24,43994330.64
2024-10-19T00:00:00+00:00,SHIBUSD,1.879e-05,1.956e-05,1.865e-05,1.902e-05,2111888374780.63,40431745.12
2024-10-20T00:00:00+00:00,SHIBUSD,1.902e-05,1.919e-05,1.84e-05,1.905e-05,960678630914.57,18050459.65
2024-10-21T00:00:00+00:00,SHIBUSD,1.905e-05,1.933e-05,1.802e-05,1.836e-05,1570397582340.43,29439596.25
2024-10-22T00:00:00+00:00,SHIBUSD,1.836e-05,1.86e-05,1.793e-05,1.814e-05,1224237690443.94,22344347.48
2024-10-23T00:00:00+00:00,SHIBUSD,1.814e-05,1.819e-05,1.704e-05,1.763e-05,1094971999549.22,19299341
2024-10-24T00:00:00+00:00,SHIBUSD,1.763e-05,1.818e-05,1.739e-05,1.803e-05,716964311121.43,12775547.11
2024-10-25T00:00:00+00:00,SHIBUSD,1.803e-05,1.808e-05,1.584e-05,1.653e-05,1385765668008.02,23770281.94
2024-10-26T00:00:00+00:00,SHIBUSD,1.653e-05,1.713e-05,1.635e-05,1.699e-05,678305958646.32,11391587.4
2024-10-27T00:00:00+00:00,SHIBUSD,1.699e-05,1.735e-05,1.682e-05,1.721e-05,478393149288.53,8179068.05
2024-10-28T00:00:00+00:00,SHIBUSD,1.721e-05,1.839e-05,1.68e-05,1.822e-05,1874616741185.54,32880451.1
2024-10-29T00:00:00+00:00,SHIBUSD,1.822e-05,1.982e-05,1.803e-05,1.907e-05,3571781597517.08,67262900.4
2024-10-30T00:00:00+00:00,SHIBUSD,1.907e-05,1.933e-05,1.819e-05,1.838e-05,1653646025222.5,30922940.82
2024-10-31T00:00:00+00:00,SHIBUSD,1.838e-05,1.918e-05,1.768e-05,1.787e-05,1690100451855.41,30998925.97
2024-11-01T00:00:00+00:00,SHIBUSD,1.787e-05,1.817e-05,1.715e-05,1.758e-05,1395893322017.27,24573932.85
2024-11-02T00:00:00+00:00,SHIBUSD,1.758e-05,1.793e-05,1.724e-05,1.744e-05,702558852700.84,12349836.91
2024-11-03T00:00:00+00:00,SHIBUSD,1.744e-05,1.746e-05,1.619e-05,1.689e-05,1192300002856.95,19998936.02
2024-11-04T00:00:00+00:00,SHIBUSD,1.689e-05,1.725e-05,1.638e-05,1.685e-05,985989025893.56,16643648.53
2024-11-05T00:00:00+00:00,SHIBUSD,1.685e-05,1.855e-05,1.685e-05,1.787e-05,1937360634089.32,34435360.85
2024-11-06T00:00:00+00:00,SHIBUSD,1.787e-05,1.986e-05,1.785e-05,1.909e-05,4590232551178.98,86924245.29
2024-11-07T00:00:00+00:00,SHIBUSD,1.909e-05,1.952e-05,1.832e-05,1.918e-05,2392836678711.59,45368207.14
2024-11-08T00:00:00+00:00,SHIBUSD,1.918e-05,1.949e-05,1.842e-05,1.903e-05,2312580961936,43879349.7
2024-11-09T00:00:00+00:00,SHIBUSD,1.903e-05,2.052e-05,1.852e-05,2.052e-05,2678339864591.93,52251666.11
2024-11-10T00:00:00+00:00,SHIBUSD,2.052e-05,2.808e-05,2.013e-05,2.608e-05,16254313100652.4,402428553.17
2024-11-11T00:00:00+00:00,SHIBUSD,2.608e-05,2.895e-05,2.443e-05,2.792e-05,12535995173436,337795023.06
2024-11-12T00:00:00+00:00,SHIBUSD,2.792e-05,3.044e-05,2.439e-05,2.649e-05,16758105228500.8,457555294.84
2024-11-13T00:00:00+00:00,SHIBUSD,2.649e-05,2.793e-05,2.336e-05,2.585e-05,11895720759612,305721489.71
2024-11-14T00:00:00+00:00,SHIBUSD,2.585e-05,2.679e-05,2.282e-05,2.342e-05,7914559973707.82,199443697.27
2024-11-15T00:00:00+00:00,SHIBUSD,2.342e-05,2.608e-05,2.259e-05,2.557e-05,4980707140862.54,120537902.67
2024-11-16T00:00:00+00:00,SHIBUSD,2.557e-05,2.622e-05,2.401e-05,2.462e-05,3964827119236.93,99370290.41
2024-11-17T00:00:00+00:00,SHIBUSD,2.462e-05,2.571e-05,2.327e-05,2.478e-05,3782483032616.9,93133260.17
2024-11-18T00:00:00+00:00,SHIBUSD,2.478e-05,2.584e-05,2.404e-05,2.488e-05,4028610685055.4,100234957.79
2024-11-19T00:00:00+00:00,SHIBUSD,2.488e-05,2.616e-05,2.433e-05,2.477e-05,4517647917881.43,114186727.48
2024-11-20T00:00:00+00:00,SHIBUSD,2.477e-05,2.484e-05,2.341e-05,2.389e-05,2553257052778.11,61727396.94
2024-11-21T00:00:00+00:00,SHIBUSD,2.389e-05,2.548e-05,2.305e-05,2.48e-05,2815734722926.69,68681703.95
2024-11-22T00:00:00+00:00,SHIBUSD,2.48e-05,2.577e-05,2.429e-05,2.545e-05,3747424425858.52,93432533.39
2024-11-23T00:00:00+00:00,SHIBUSD,2.545e-05,2.816e-05,2.491e-05,2.596e-05,8681018322310.35,232716511.57
2024-11-24T00:00:00+00:00,SHIBUSD,2.596e-05,2.813e-05,2.43e-05,2.578e-05,4394328085278.23,114488823.41
2024-11-25T00:00:00+00:00,SHIBUSD,2.578e-05,2.65e-05,2.431e-05,2.476e-05,2521482087312.95,64220163.37
2024-11-26T00:00:00+00:00,SHIBUSD,2.476e-05,2.542e-05,2.335e-05,2.434e-05,2074938290662.66,50404561.05
2024-11-27T00:00:00+00:00,SHIBUSD,2.434e-05,2.589e-05,2.404e-05,2.574e-05,1982343191361.03,49671362.79
2024-11-28T00:00:00+00:00,SHIBUSD,2.574e-05,2.654e-05,2.488e-05,2.548e-05,1702274674311.11,43518739.44
2024-11-29T00:00:00+00:00,SHIBUSD,2.548e-05,2.639e-05,2.531e-05,2.605e-05,1921188267273.49,49850504.47
2024-11-30T00:00:00+00:00,SHIBUSD,2.605e-05,2.753e-05,2.557e-05,2.674e-05,3106743089124.61,83055743.03
2024-12-01T00:00:00+00:00,SHIBUSD,2.674e-05,3.318e-05,2.66e-05,3.089e-05,14693257851961.2,450547825.85
2024-12-02T00:00:00+00:00,SHIBUSD,3.089e-05,3.264e-05,2.823e-05,2.992e-05,6806946761831.1,204440493.5
2024-12-03T00:00:00+00:00,SHIBUSD,2.992e-05,3.093e-05,2.662e-05,2.861e-05,5064659525278.75,145114875.65
2024-12-04T00:00:00+00:00,SHIBUSD,2.861e-05,3.306e-05,2.861e-05,3.291e-05,8883006797986.42,271706738.68
2024-12-05T00:00:00+00:00,SHIBUSD,3.291e-05,3.299e-05,2.963e-05,3.05e-05,8763875234247.88,276153841.9
2024-12-06T00:00:00+00:00,SHIBUSD,3.05e-05,3.156e-05,2.946e-05,3.089e-05,2777335588655.36,85232900.08
2024-12-07T00:00:00+00:00,SHIBUSD,3.089e-05,3.336e-05,3.033e-05,3.199e-05,4143384329955.94,131936390.73
2024-12-08T00:00:00+00:00,SHIBUSD,3.199e-05,3.343e-05,3.124e-05,3.221e-05,3542640262435.69,114259047.64
2024-12-09T00:00:00+00:00,SHIBUSD,3.221e-05,3.223e-05,2.429e-05,2.725e-05,6083282376823.02,176363084.91
2024-12-10T00:00:00+00:00,SHIBUSD,2.725e-05,2.774e-05,2.42e-05,2.718e-05,4103541298669.92,107466007
2024-12-11T00:00:00+00:00,SHIBUSD,2.718e-05,2.935e-05,2.6e-05,2.883e-05,2499539013353.14,69861846.19
2024-12-12T00:00:00+00:00,SHIBUSD,2.883e-05,2.98e-05,2.779e-05,2.814e-05,2172189500453.4,62589144.01
2024-12-13T00:00:00+00:00,SHIBUSD,2.814e-05,2.858e-05,2.744e-05,2.854e-05,1226898911810.04,34397310.75
2024-12-14T00:00:00+00:00,SHIBUSD,2.854e-05,2.883e-05,2.683e-05,2.749e-05,1387573858800.37,38703661.35
2024-12-15T00:00:00+00:00,SHIBUSD,2.749e-05,2.806e-05,2.683e-05,2.787e-05,853385330565.81,23456116.79
2024-12-16T00:00:00+00:00,SHIBUSD,2.787e-05,2.83e-05,2.654e-05,2.719e-05,1443098740454.32,39569576.62
2024-12-17T00:00:00+00:00,SHIBUSD,2.719e-05,2.748e-05,2.602e-05,2.632e-05,1509264979459.4,40634730.92
2024-12-18T00:00:00+00:00,SHIBUSD,2.632e-05,2.647e-05,2.373e-05,2.404e-05,2341568246368.79,58614496.59
2024-12-19T00:00:00+00:00,SHIBUSD,2.404e-05,2.448e-05,2.104e-05,2.156e-05,4252216419193.42,96889201.84
2024-12-20T00:00:00+00:00,SHIBUSD,2.156e-05,2.271e-05,1.851e-05,2.246e-05,4746751091712.94,97103734.26
2024-12-21T00:00:00+00:00,SHIBUSD,2.246e-05,2.399e-05,2.142e-05,2.169e-05,2674721008415.6,60419070.17
2024-12-22T00:00:00+00:00,SHIBUSD,2.169e-05,2.222e-05,2.086e-05,2.15e-05,1493461117977.91,32216600.08
2024-12-23T00:00:00+00:00,SHIBUSD,2.15e-05,2.28e-05,2.094e-05,2.249e-05,1618566666228.57,35349060.41
2024-12-24T00:00:00+00:00,SHIBUSD,2.249e-05,2.363e-05,2.189e-05,2.348e-05,1099551224961.2,25078440.96
2024-12-25T00:00:00+00:00,SHIBUSD,2.348e-05,2.406e-05,2.255e-05,2.28e-05,1101769977674.22,25576824.13
2024-12-26T00:00:00+00:00,SHIBUSD,2.28e-05,2.318e-05,2.116e-05,2.157e-05,1351222497036.69,29766041.72
2024-12-27T00:00:00+00:00,SHIBUSD,2.157e-05,2.239e-05,2.132e-05,2.166e-05,1001170827751.7,21786099.36
2024-12-28T00:00:00+00:00,SHIBUSD,2.166e-05,2.234e-05,2.15e-05,2.213e-05,605596035015.58,13283749.83
2024-12-29T00:00:00+00:00,SHIBUSD,2.213e-05,2.241e-05,2.128e-05,2.131e-05,982663047759.38,21485728.04
2024-12-30T00:00:00+00:00,SHIBUSD,2.131e-05,2.185e-05,2.051e-05,2.11e-05,1103859261778.56,23436901.94
2024-12-31T00:00:00+00:00,SHIBUSD,2.11e-05,2.189e-05,2.049e-05,2.113e-05,1078138554809,22833648.1
2025-01-01T00:00:00+00:00,SHIBUSD,2.113e-05,2.17e-05,2.067e-05,2.164e-05,901192152720.16,19158841.08
2025-01-02T00:00:00+00:00,SHIBUSD,2.164e-05,2.302e-05,2.155e-05,2.288e-05,1184287045096.05,26573018.89
2025-01-03T00:00:00+00:00,SHIBUSD,2.288e-05,2.463e-05,2.247e-05,2.441e-05,1420166545987.42,33593708.29
2025-01-04T00:00:00+00:00,SHIBUSD,2.441e-05,2.492e-05,2.389e-05,2.432e-05,1080368741786.03,26360728.12
2025-01-05T00:00:00+00:00,SHIBUSD,2.432e-05,2.439e-05,2.345e-05,2.392e-05,733085639536.22,17487854.96
2025-01-06T00:00:00+00:00,SHIBUSD,2.392e-05,2.462e-05,2.342e-05,2.406e-05,898509757917.35,21658583.17
2025-01-07T00:00:00+00:00,SHIBUSD,2.406e-05,2.428e-05,2.167e-05,2.178e-05,1519156247591.69,34703575.02
2025-01-08T00:00:00+00:00,SHIBUSD,2.178e-05,2.198e-05,2.031e-05,2.129e-05,1403635009393.4,29876425.29
2025-01-09T00:00:00+00:00,SHIBUSD,2.129e-05,2.202e-05,2.048e-05,2.105e-05,1373312833453.13,29086091.64
2025-01-10T00:00:00+00:00,SHIBUSD,2.105e-05,2.19e-05,2.103e-05,2.155e-05,1081612040066.89,23208155.86
2025-01-11T00:00:00+00:00,SHIBUSD,2.155e-05,2.273e-05,2.134e-05,2.22e-05,826717102648.1,18157500.54
2025-01-12T00:00:00+00:00,SHIBUSD,2.22e-05,2.22e-05,2.127e-05,2.154e-05,722425102513.53,15703525.89
2025-01-13T00:00:00+00:00,SHIBUSD,2.154e-05,2.215e-05,1.961e-05,2.119e-05,1681247338528.02,34814796.52
2025-01-14T00:00:00+00:00,SHIBUSD,2.119e-05,2.197e-05,2.109e-05,2.161e-05,979660084909.82,21040008.13
2025-01-15T00:00:00+00:00,SHIBUSD,2.161e-05,2.285e-05,2.092e-05,2.273e-05,1803508597022.18,39573598.55
2025-01-16T00:00:00+00:00,SHIBUSD,2.273e-05,2.282e-05,2.17e-05,2.201e-05,2049691274077.53,45568373.74
2025-01-17T00:00:00+00:00,SHIBUSD,2.201e-05,2.462e-05,2.2e-05,2.422e-05,3019562933259.42,71885904.51
2025-01-18T00:00:00+00:00,SHIBUSD,2.422e-05,2.496e-05,2.233e-05,2.275e-05,2500732445135.54,58018514.49
2025-01-19T00:00:00+00:00,SHIBUSD,2.275e-05,2.324e-05,1.976e-05,2.031e-05,4603516258601.11,98287788.66
2025-01-20T00:00:00+00:00,SHIBUSD,2.031e-05,2.207e-05,1.963e-05,2.031e-05,3722063013348.49,76982236.73
2025-01-21T00:00:00+00:00,SHIBUSD,2.031e-05,2.132e-05,1.963e-05,2.09e-05,1963282506741.46,40469374.32
2025-01-22T00:00:00+00:00,SHIBUSD,2.09e-05,2.099e-05,2.005e-05,2.016e-05,1014369708578.75,20791236.21
2025-01-23T00:00:00+00:00,SHIBUSD,2.016e-05,2.05e-05,1.955e-05,2.014e-05,1501425604789.46,30019617.41
2025-01-24T00:00:00+00:00,SHIBUSD,2.014e-05,2.056e-05,1.949e-05,1.996e-05,1345803131199.13,27042322.52
2025-01-25T00:00:00+00:00,SHIBUSD,1.996e-05,2.023e-05,1.968e-05,1.993e-05,739136636704.61,14795210.55
2025-01-26T00:00:00+00:00,SHIBUSD,1.993e-05,2.015e-05,1.903e-05,1.909e-05,1118205566148.44,22065224.97
2025-01-27T00:00:00+00:00,SHIBUSD,1.909e-05,1.916e-05,1.726e-05,1.897e-05,2640302194212.65,48466350.64
2025-01-28T00:00:00+00:00,SHIBUSD,1.897e-05,1.933e-05,1.771e-05,1.795e-05,1485104022751.2,27613341.91
2025-01-29T00:00:00+00:00,SHIBUSD,1.795e-05,1.882e-05,1.781e-05,1.83e-05,1149446570189.95,21051790.99
2025-01-30T00:00:00+00:00,SHIBUSD,1.83e-05,1.899e-05,1.817e-05,1.868e-05,907128945924.06,16893578.24
2025-01-31T00:00:00+00:00,SHIBUSD,1.868e-05,1.969e-05,1.848e-05,1.89e-05,1160374353042.07,22106690.47
2025-02-01T00:00:00+00:00,SHIBUSD,1.89e-05,1.924e-05,1.748e-05,1.76e-05,990851637042.68,18205725.18
2025-02-02T00:00:00+00:00,SHIBUSD,1.76e-05,1.796e-05,1.472e-05,1.551e-05,2910856471066.3,47047900.16
2025-02-03T00:00:00+00:00,SHIBUSD,1.551e-05,1.691e-05,1.164e-05,1.682e-05,7677255775848.74,109482191.66
2025-02-04T00:00:00+00:00,SHIBUSD,1.682e-05,1.695e-05,1.508e-05,1.575e-05,2467419742871.38,39010090.09
2025-02-05T00:00:00+00:00,SHIBUSD,1.575e-05,1.675e-05,1.55e-05,1.577e-05,1576377836082.31,25346143.61
2025-02-06T00:00:00+00:00,SHIBUSD,1.577e-05,1.616e-05,1.474e-05,1.486e-05,1379736245889.72,21195788.97
2025-02-07T00:00:00+00:00,SHIBUSD,1.486e-05,1.572e-05,1.462e-05,1.51e-05,1373837330529.48,20821335.75
2025-02-08T00:00:00+00:00,SHIBUSD,1.51e-05,1.608e-05,1.501e-05,1.596e-05,1231301455697.91,19259566.33
2025-02-09T00:00:00+00:00,SHIBUSD,1.596e-05,1.653e-05,1.514e-05,1.567e-05,1082261072816.2,17186906.38
2025-02-10T00:00:00+00:00,SHIBUSD,1.567e-05,1.611e-05,1.528e-05,1.581e-05,936825359036.06,14803418.36
2025-02-11T00:00:00+00:00,SHIBUSD,1.581e-05,1.65e-05,1.544e-05,1.569e-05,1106139771561.8,17657930.13
2025-02-12T00:00:00+00:00,SHIBUSD,1.569e-05,1.734e-05,1.548e-05,1.7e-05,1718382597976.18,27821655.02
2025-02-13T00:00:00+00:00,SHIBUSD,1.7e-05,1.704e-05,1.593e-05,1.629e-05,996114553852.12,16320777.91
2025-02-14T00:00:00+00:00,SHIBUSD,1.629e-05,1.718e-05,1.618e-05,1.671e-05,1068389252999.17,17820049.47
2025-02-15T00:00:00+00:00,SHIBUSD,1.671e-05,1.703e-05,1.623e-05,1.633e-05,558981102797.14,9249441.24
2025-02-16T00:00:00+00:00,SHIBUSD,1.633e-05,1.639e-05,1.584e-05,1.597e-05,479191657350.92,7712669.46
2025-02-17T00:00:00+00:00,SHIBUSD,1.597e-05,1.629e-05,1.538e-05,1.574e-05,703131208033.27,11108875.48
2025-02-18T00:00:00+00:00,SHIBUSD,1.574e-05,1.58e-05,1.486e-05,1.522e-05,681533336286.44,10377849.88
2025-02-19T00:00:00+00:00,SHIBUSD,1.522e-05,1.554e-05,1.506e-05,1.541e-05,467045730889.05,7160125.01
2025-02-20T00:00:00+00:00,SHIBUSD,1.541e-05,1.562e-05,1.53e-05,1.554e-05,439667282491.43,6797942.45
2025-02-21T00:00:00+00:00,SHIBUSD,1.554e-05,1.598e-05,1.484e-05,1.507e-05,624103851450.9,9680908.24
2025-02-22T00:00:00+00:00,SHIBUSD,1.507e-05,1.578e-05,1.502e-05,1.56e-05,420684105150.06,6498897.39
2025-02-23T00:00:00+00:00,SHIBUSD,1.56e-05,1.578e-05,1.532e-05,1.546e-05,352694075361.42,5474038.6
2025-02-24T00:00:00+00:00,SHIBUSD,1.546e-05,1.555e-05,1.345e-05,1.364e-05,1022998495785.38,14663345.61
2025-02-25T00:00:00+00:00,SHIBUSD,1.364e-05,1.426e-05,1.304e-05,1.408e-05,1552002530111.62,21210724.13
2025-02-26T00:00:00+00:00,SHIBUSD,1.408e-05,1.453e-05,1.374e-05,1.441e-05,924815130992.99,13098198.46
2025-02-27T00:00:00+00:00,SHIBUSD,1.441e-05,1.484e-05,1.418e-05,1.441e-05,642610872160.56,9320954.4
2025-02-28T00:00:00+00:00,SHIBUSD,1.441e-05,1.443e-05,1.299e-05,1.393e-05,1211100454468.9,16435866.9
2025-03-01T00:00:00+00:00,SHIBUSD,1.393e-05,1.415e-05,1.338e-05,1.364e-05,506533430386.15,6973046.52
2025-03-02T00:00:00+00:00,SHIBUSD,1.364e-05,1.52e-05,1.348e-05,1.515e-05,1363591972053.79,19594992.6
2025-03-03T00:00:00+00:00,SHIBUSD,1.515e-05,1.52e-05,1.27e-05,1.29e-05,1475017842601.39,20246393.53
2025-03-04T00:00:00+00:00,SHIBUSD,1.29e-05,1.325e-05,1.218e-05,1.307e-05,1341812766434.77,17040980.71
2025-03-05T00:00:00+00:00,SHIBUSD,1.307e-05,1.344e-05,1.285e-05,1.337e-05,603204287237.62,7927057.21
2025-03-06T00:00:00+00:00,SHIBUSD,1.337e-05,1.383e-05,1.316e-05,1.339e-05,644954750409.68,8675220.14
2025-03-07T00:00:00+00:00,SHIBUSD,1.339e-05,1.373e-05,1.277e-05,1.314e-05,868500111945.87,11599112.28
2025-03-08T00:00:00+00:00,SHIBUSD,1.314e-05,1.326e-05,1.256e-05,1.266e-05,441633399570.91,5702715.41
2025-03-09T00:00:00+00:00,SHIBUSD,1.266e-05,1.272e-05,1.152e-05,1.165e-05,824668820832.36,9920859.23
2025-03-10T00:00:00+00:00,SHIBUSD,1.165e-05,1.3e-05,1.143e-05,1.149e-05,1709556441340.14,20864541.71
2025-03-11T00:00:00+00:00,SHIBUSD,1.149e-05,1.23e-05,1.082e-05,1.204e-05,1667951863786.25,19303039.36
2025-03-12T00:00:00+00:00,SHIBUSD,1.204e-05,1.26e-05,1.177e-05,1.232e-05,615698407768.6,7501817.23
2025-03-13T00:00:00+00:00,SHIBUSD,1.232e-05,1.239e-05,1.179e-05,1.202e-05,631628581241.2,7640707.51
2025-03-14T00:00:00+00:00,SHIBUSD,1.202e-05,1.291e-05,1.198e-05,1.277e-05,713904113533.88,8931600.78
2025-03-15T00:00:00+00:00,SHIBUSD,1.277e-05,1.297e-05,1.262e-05,1.284e-05,342391531331.19,4381592.18
2025-03-16T00:00:00+00:00,SHIBUSD,1.284e-05,1.382e-05,1.258e-05,1.311e-05,1414608136294.36,18758037.48
2025-03-17T00:00:00+00:00,SHIBUSD,1.311e-05,1.359e-05,1.279e-05,1.295e-05,767957039573.07,10060669.11
2025-03-18T00:00:00+00:00,SHIBUSD,1.295e-05,1.296e-05,1.227e-05,1.254e-05,469038475676.72,5902379.4
2025-03-19T00:00:00+00:00,SHIBUSD,1.254e-05,1.3e-05,1.247e-05,1.294e-05,565546621384.11,7208752.58
2025-03-20T00:00:00+00:00,SHIBUSD,1.294e-05,1.304e-05,1.26e-05,1.293e-05,555597391919.22,7146391.24
2025-03-21T00:00:00+00:00,SHIBUSD,1.293e-05,1.308e-05,1.244e-05,1.25e-05,484679848488.92,6173825.62
2025-03-22T00:00:00+00:00,SHIBUSD,1.25e-05,1.296e-05,1.247e-05,1.28e-05,199823951907.44,2547394.04
2025-03-23T00:00:00+00:00,SHIBUSD,1.28e-05,1.31e-05,1.278e-05,1.296e-05,216692857520.79,2799714.5
2025-03-24T00:00:00+00:00,SHIBUSD,1.296e-05,1.37e-05,1.278e-05,1.353e-05,616100870325.17,8240748.51
2025-03-25T00:00:00+00:00,SHIBUSD,1.353e-05,1.405e-05,1.336e-05,1.385e-05,662439828350.83,9053879.21
2025-03-26T00:00:00+00:00,SHIBUSD,1.385e-05,1.567e-05,1.38e-05,1.422e-05,2362531429841.74,34916797.59
2025-03-27T00:00:00+00:00,SHIBUSD,1.422e-05,1.474e-05,1.393e-05,1.403e-05,1033901203686.56,14814319.04
2025-03-28T00:00:00+00:00,SHIBUSD,1.403e-05,1.405e-05,1.3e-05,1.323e-05,1069671607824.79,14288750.9
2025-03-29T00:00:00+00:00,SHIBUSD,1.323e-05,1.337e-05,1.242e-05,1.268e-05,495498749056.74,6342238.69
2025-03-30T00:00:00+00:00,SHIBUSD,1.268e-05,1.284e-05,1.229e-05,1.245e-05,490432190800.52,6175309.48
2025-03-31T00:00:00+00:00,SHIBUSD,1.245e-05,1.257e-05,1.197e-05,1.238e-05,694826504522.59,8543694.9
2025-04-01T00:00:00+00:00,SHIBUSD,1.238e-05,1.314e-05,1.236e-05,1.268e-05,798831704066.05,10216420.54
2025-04-02T00:00:00+00:00,SHIBUSD,1.268e-05,1.302e-05,1.194e-05,1.205e-05,1360526382673.26,16954814.91
2025-04-03T00:00:00+00:00,SHIBUSD,1.205e-05,1.244e-05,1.182e-05,1.223e-05,729454402681.21,8873877.37
2025-04-04T00:00:00+00:00,SHIBUSD,1.223e-05,1.254e-05,1.193e-05,1.231e-05,1056806045340.01,12925049.33
2025-04-05T00:00:00+00:00,SHIBUSD,1.231e-05,1.243e-05,1.207e-05,1.232e-05,285834927767.89,3504498.66
2025-04-06T00:00:00+00:00,SHIBUSD,1.232e-05,1.238e-05,1.102e-05,1.131e-05,1076500693351.47,12503270.5
2025-04-07T00:00:00+00:00,SHIBUSD,1.131e-05,1.182e-05,1.028e-05,1.142e-05,2018222581085.69,22365677.58
2025-04-08T00:00:00+00:00,SHIBUSD,1.142e-05,1.173e-05,1.053e-05,1.065e-05,836555112558.93,9350035.72
2025-04-09T00:00:00+00:00,SHIBUSD,1.065e-05,1.214e-05,1.029e-05,1.192e-05,1326884881698.91,14956447.11
2025-04-10T00:00:00+00:00,SHIBUSD,1.192e-05,1.212e-05,1.141e-05,1.161e-05,807196865350.04,9504291.27
2025-04-11T00:00:00+00:00,SHIBUSD,1.161e-05,1.238e-05,1.16e-05,1.22e-05,803414308021.59,9654848.52
2025-04-12T00:00:00+00:00,SHIBUSD,1.22e-05,1.268e-05,1.204e-05,1.253e-05,736661283165.12,9147645.68
2025-04-13T00:00:00+00:00,SHIBUSD,1.253e-05,1.26e-05,1.194e-05,1.205e-05,605492381104.49,7400768.46
2025-04-14T00:00:00+00:00,SHIBUSD,1.205e-05,1.243e-05,1.192e-05,1.2e-05,727085565992.77,8876860.91
2025-04-15T00:00:00+00:00,SHIBUSD,1.2e-05,1.214e-05,1.165e-05,1.168e-05,465572169310.18,5544319.61
2025-04-16T00:00:00+00:00,SHIBUSD,1.168e-05,1.198e-05,1.147e-05,1.184e-05,441803134533.72,5189675.06
2025-04-17T00:00:00+00:00,SHIBUSD,1.184e-05,1.204e-05,1.162e-05,1.179e-05,401120525517.13,4751701.89
2025-04-18T00:00:00+00:00,SHIBUSD,1.179e-05,1.246e-05,1.167e-05,1.229e-05,407520603854.26,4943032.37
2025-04-19T00:00:00+00:00,SHIBUSD,1.229e-05,1.242e-05,1.213e-05,1.235e-05,308599911696.49,3777223.45
2025-04-20T00:00:00+00:00,SHIBUSD,1.235e-05,1.255e-05,1.21e-05,1.235e-05,287145668542.42,3551166.01
2025-04-21T00:00:00+00:00,SHIBUSD,1.235e-05,1.281e-05,1.221e-05,1.236e-05,435814951248.18,5467096.23
2025-04-22T00:00:00+00:00,SHIBUSD,1.236e-05,1.38e-05,1.218e-05,1.358e-05,853631061994.43,11119164.66
2025-04-23T00:00:00+00:00,SHIBUSD,1.358e-05,1.392e-05,1.315e-05,1.357e-05,843158375265.85,11482519.64
2025-04-24T00:00:00+00:00,SHIBUSD,1.357e-05,1.38e-05,1.29e-05,1.379e-05,571268713718.92,7625898.88
2025-04-25T00:00:00+00:00,SHIBUSD,1.379e-05,1.428e-05,1.367e-05,1.416e-05,859869964049.12,12064776.61
2025-04-26T00:00:00+00:00,SHIBUSD,1.416e-05,1.525e-05,1.405e-05,1.415e-05,1098415422706.21,15987064.84
2025-04-27T00:00:00+00:00,SHIBUSD,1.415e-05,1.419e-05,1.343e-05,1.344e-05,482333993462.6,6606210.56
2025-04-28T00:00:00+00:00,SHIBUSD,1.344e-05,1.42e-05,1.316e-05,1.373e-05,597024114033.02,8160034.7
2025-04-29T00:00:00+00:00,SHIBUSD,1.373e-05,1.393e-05,1.327e-05,1.341e-05,571967974538.79,7807764.24
2025-04-30T00:00:00+00:00,SHIBUSD,1.341e-05,1.354e-05,1.28e-05,1.323e-05,439627302203.75,5800214.42
2025-05-01T00:00:00+00:00,SHIBUSD,1.323e-05,1.375e-05,1.32e-05,1.349e-05,538979229496.4,7281135.03
2025-05-02T00:00:00+00:00,SHIBUSD,1.349e-05,1.369e-05,1.329e-05,1.348e-05,425624140403.42,5737568.67
2025-05-03T00:00:00+00:00,SHIBUSD,1.348e-05,1.349e-05,1.289e-05,1.297e-05,233542972059.14,3071239.73
2025-05-04T00:00:00+00:00,SHIBUSD,1.297e-05,1.323e-05,1.26e-05,1.267e-05,489124045334.37,6293327.29
2025-05-05T00:00:00+00:00,SHIBUSD,1.267e-05,1.297e-05,1.252e-05,1.268e-05,282561721878.57,3600011.47
2025-05-06T00:00:00+00:00,SHIBUSD,1.268e-05,1.277e-05,1.231e-05,1.275e-05,501802106222.16,6304276.14
2025-05-07T00:00:00+00:00,SHIBUSD,1.275e-05,1.294e-05,1.256e-05,1.282e-05,427862491113.64,5462267.08
2025-05-08T00:00:00+00:00,SHIBUSD,1.282e-05,1.457e-05,1.274e-05,1.439e-05,1171528759774.18,16135432.81
2025-05-09T00:00:00+00:00,SHIBUSD,1.439e-05,1.563e-05,1.411e-05,1.503e-05,1760809910646.87,26417005.21
2025-05-10T00:00:00+00:00,SHIBUSD,1.503e-05,1.709e-05,1.486e-05,1.707e-05,1688705285632.08,26952298.89
2025-05-11T00:00:00+00:00,SHIBUSD,1.707e-05,1.728e-05,1.561e-05,1.591e-05,1283355590626.95,20782878.67
2025-05-12T00:00:00+00:00,SHIBUSD,1.591e-05,1.764e-05,1.504e-05,1.578e-05,2164580111327.84,35596915.3
2025-05-13T00:00:00+00:00,SHIBUSD,1.578e-05,1.661e-05,1.48e-05,1.636e-05,1340429086890.26,21074531.18
2025-05-14T00:00:00+00:00,SHIBUSD,1.636e-05,1.67e-05,1.552e-05,1.573e-05,965734923570.79,15448457.24
2025-05-15T00:00:00+00:00,SHIBUSD,1.573e-05,1.59e-05,1.446e-05,1.482e-05,885487903393.34,13310913.46
2025-05-16T00:00:00+00:00,SHIBUSD,1.482e-05,1.521e-05,1.441e-05,1.457e-05,585641039000.1,8745350.7
2025-05-17T00:00:00+00:00,SHIBUSD,1.457e-05,1.462e-05,1.398e-05,1.419e-05,499416336028.25,7103328.19
2025-05-18T00:00:00+00:00,SHIBUSD,1.419e-05,1.535e-05,1.409e-05,1.5e-05,675123851591.31,9939465.08
2025-05-19T00:00:00+00:00,SHIBUSD,1.5e-05,1.514e-05,1.388e-05,1.46e-05,681151049991.27,9784938.51
2025-05-20T00:00:00+00:00,SHIBUSD,1.46e-05,1.492e-05,1.413e-05,1.462e-05,410278699979.64,5929267.89
2025-05-21T00:00:00+00:00,SHIBUSD,1.462e-05,1.517e-05,1.429e-05,1.483e-05,825523663564.26,12132950.33
2025-05-22T00:00:00+00:00,SHIBUSD,1.483e-05,1.553e-05,1.483e-05,1.553e-05,876294824868.76,13352621.3
2025-05-23T00:00:00+00:00,SHIBUSD,1.553e-05,1.605e-05,1.419e-05,1.431e-05,1197824835201.33,18109586.19
2025-05-24T00:00:00+00:00,SHIBUSD,1.431e-05,1.459e-05,1.425e-05,1.439e-05,269270569506.93,3885949.64
2025-05-25T00:00:00+00:00,SHIBUSD,1.439e-05,1.47e-05,1.393e-05,1.449e-05,558105190436.65,7968440.95
2025-05-26T00:00:00+00:00,SHIBUSD,1.449e-05,1.475e-05,1.42e-05,1.441e-05,476978090957.27,6919313.33
2025-05-27T00:00:00+00:00,SHIBUSD,1.441e-05,1.468e-05,1.406e-05,1.447e-05,574971486895.92,8318940.56
2025-05-28T00:00:00+00:00,SHIBUSD,1.447e-05,1.455e-05,1.394e-05,1.433e-05,421293589489.25,6001656.53
2025-05-29T00:00:00+00:00,SHIBUSD,1.433e-05,1.469e-05,1.384e-05,1.39e-05,525459667283.98,7516338.63
2025-05-30T00:00:00+00:00,SHIBUSD,1.39e-05,1.397e-05,1.267e-05,1.276e-05,895147585321.58,11839339.45
2025-05-31T00:00:00+00:00,SHIBUSD,1.276e-05,1.295e-05,1.227e-05,1.282e-05,531037823921.54,6694071.89
2025-06-01T00:00:00+00:00,SHIBUSD,1.282e-05,1.309e-05,1.258e-05,1.295e-05,356874420725.07,4580666.84
2025-06-02T00:00:00+00:00,SHIBUSD,1.295e-05,1.325e-05,1.265e-05,1.32e-05,446863669904.27,5762575.98
2025-06-03T00:00:00+00:00,SHIBUSD,1.32e-05,1.345e-05,1.295e-05,1.305e-05,331887993545.45,4377796.73
2025-06-04T00:00:00+00:00,SHIBUSD,1.305e-05,1.319e-05,1.271e-05,1.281e-05,247327568023.51,3210849.62
2025-06-05T00:00:00+00:00,SHIBUSD,1.281e-05,1.296e-05,1.191e-05,1.202e-05,553755593244.23,6860877.24
2025-06-06T00:00:00+00:00,SHIBUSD,1.202e-05,1.284e-05,1.195e-05,1.243e-05,531268880604.26,6559447.93
2025-06-07T00:00:00+00:00,SHIBUSD,1.243e-05,1.288e-05,1.235e-05,1.274e-05,242976580136.1,3087470.95
2025-06-08T00:00:00+00:00,SHIBUSD,1.274e-05,1.274e-05,1.243e-05,1.25e-05,262136040442.28,3299583.98
2025-06-09T00:00:00+00:00,SHIBUSD,1.25e-05,1.317e-05,1.235e-05,1.311e-05,333826320165.06,4246861.86
2025-06-10T00:00:00+00:00,SHIBUSD,1.311e-05,1.339e-05,1.283e-05,1.337e-05,475930103684.72,6244031.82
2025-06-11T00:00:00+00:00,SHIBUSD,1.337e-05,1.362e-05,1.285e-05,1.295e-05,557684878995.95,7345312.97
2025-06-12T00:00:00+00:00,SHIBUSD,1.295e-05,1.3e-05,1.214e-05,1.223e-05,353187039619.62,4449502.95
2025-06-13T00:00:00+00:00,SHIBUSD,1.223e-05,1.223e-05,1.142e-05,1.211e-05,766779312598.7,9014941.28
2025-06-14T00:00:00+00:00,SHIBUSD,1.211e-05,1.224e-05,1.188e-05,1.204e-05,284075122137.77,3433242.91
2025-06-15T00:00:00+00:00,SHIBUSD,1.204e-05,1.215e-05,1.18e-05,1.204e-05,285208565824.63,3422614.89
2025-06-16T00:00:00+00:00,SHIBUSD,1.204e-05,1.232e-05,1.184e-05,1.187e-05,406949741344.13,4953153.56
2025-06-17T00:00:00+00:00,SHIBUSD,1.187e-05,1.207e-05,1.135e-05,1.16e-05,476147744323.43,5558057.91
2025-06-18T00:00:00+00:00,SHIBUSD,1.16e-05,1.179e-05,1.136e-05,1.168e-05,255408009603.91,2964563.33
2025-06-19T00:00:00+00:00,SHIBUSD,1.168e-05,1.177e-05,1.144e-05,1.159e-05,185541168940.93,2147271.46
2025-06-20T00:00:00+00:00,SHIBUSD,1.159e-05,1.184e-05,1.107e-05,1.131e-05,348331551349.45,3989296.62
2025-06-21T00:00:00+00:00,SHIBUSD,1.131e-05,1.144e-05,1.058e-05,1.09e-05,459776384168.03,5081960.15
2025-06-22T00:00:00+00:00,SHIBUSD,1.09e-05,1.106e-05,1.006e-05,1.061e-05,916302183584.8,9634067.01
2025-06-23T00:00:00+00:00,SHIBUSD,1.061e-05,1.167e-05,1.057e-05,1.158e-05,730301895319.57,8042726.34
2025-06-24T00:00:00+00:00,SHIBUSD,1.158e-05,1.192e-05,1.152e-05,1.171e-05,465049199268.04,5421282.51
2025-06-25T00:00:00+00:00,SHIBUSD,1.171e-05,1.178e-05,1.149e-05,1.162e-05,476649343958.02,5558911.34
2025-06-26T00:00:00+00:00,SHIBUSD,1.162e-05,1.179e-05,1.118e-05,1.121e-05,491804321440.17,5611068.99
2025-06-27T00:00:00+00:00,SHIBUSD,1.121e-05,1.141e-05,1.106e-05,1.133e-05,405665301377.64,4561186.61
2025-06-28T00:00:00+00:00,SHIBUSD,1.133e-05,1.163e-05,1.129e-05,1.156e-05,220215054432.86,2520571.93
2025-06-29T00:00:00+00:00,SHIBUSD,1.156e-05,1.198e-05,1.145e-05,1.186e-05,307052464374.42,3594287.78
2025-06-30T00:00:00+00:00,SHIBUSD,1.186e-05,1.192e-05,1.127e-05,1.142e-05,655342988717.16,7532824.61
2025-07-01T00:00:00+00:00,SHIBUSD,1.142e-05,1.151e-05,1.108e-05,1.12e-05,481142577408.5,5421862.83
2025-07-02T00:00:00+00:00,SHIBUSD,1.12e-05,1.2e-05,1.114e-05,1.18e-05,428738739371.08,4993500.05
2025-07-03T00:00:00+00:00,SHIBUSD,1.18e-05,1.214e-05,1.173e-05,1.189e-05,496656731457.17,5919415.21
2025-07-04T00:00:00+00:00,SHIBUSD,1.189e-05,1.199e-05,1.121e-05,1.144e-05,332899221832.23,3851929.42
2025-07-05T00:00:00+00:00,SHIBUSD,1.144e-05,1.159e-05,1.135e-05,1.147e-05,192348163128.81,2203502.24
2025-07-06T00:00:00+00:00,SHIBUSD,1.147e-05,1.197e-05,1.138e-05,1.182e-05,386695188461.48,4528004.72
2025-07-07T00:00:00+00:00,SHIBUSD,1.182e-05,1.194e-05,1.145e-05,1.162e-05,364791179556.1,4258663.8
2025-07-08T00:00:00+00:00,SHIBUSD,1.162e-05,1.197e-05,1.154e-05,1.185e-05,569893640793.31,6724897.43
2025-07-09T00:00:00+00:00,SHIBUSD,1.185e-05,1.254e-05,1.177e-05,1.239e-05,711904978082.13,8638479.62
2025-07-10T00:00:00+00:00,SHIBUSD,1.239e-05,1.344e-05,1.231e-05,1.335e-05,957166444765.46,12205122.62
2025-07-11T00:00:00+00:00,SHIBUSD,1.335e-05,1.386e-05,1.306e-05,1.33e-05,1281651929136.55,17309224.55
2025-07-12T00:00:00+00:00,SHIBUSD,1.33e-05,1.354e-05,1.283e-05,1.32e-05,504255973221.16,6665003.29
2025-07-13T00:00:00+00:00,SHIBUSD,1.32e-05,1.35e-05,1.31e-05,1.33e-05,615001251661.5,8168028.02
2025-07-14T00:00:00+00:00,SHIBUSD,1.33e-05,1.416e-05,1.313e-05,1.325e-05,1204570598739.15,16424244.4
2025-07-15T00:00:00+00:00,SHIBUSD,1.325e-05,1.381e-05,1.275e-05,1.373e-05,949991240140.88,12593637.87
2025-07-16T00:00:00+00:00,SHIBUSD,1.373e-05,1.484e-05,1.346e-05,1.437e-05,1231255916369.6,17362755.8
2025-07-17T00:00:00+00:00,SHIBUSD,1.437e-05,1.474e-05,1.39e-05,1.447e-05,1387313864132.07,19876709.78
2025-07-18T00:00:00+00:00,SHIBUSD,1.447e-05,1.578e-05,1.424e-05,1.469e-05,2350268248565.44,35389736.31
2025-07-19T00:00:00+00:00,SHIBUSD,1.469e-05,1.536e-05,1.433e-05,1.49e-05,1063038579429.05,15883495.77
2025-07-20T00:00:00+00:00,SHIBUSD,1.49e-05,1.585e-05,1.48e-05,1.552e-05,1286902078531.71,19726094.98
2025-07-21T00:00:00+00:00,SHIBUSD,1.552e-05,1.598e-05,1.51e-05,1.549e-05,1359936734139.44,21134875.74
2025-07-22T00:00:00+00:00,SHIBUSD,1.549e-05,1.567e-05,1.473e-05,1.546e-05,1246544216885.85,18970760.96
2025-07-23T00:00:00+00:00,SHIBUSD,1.546e-05,1.547e-05,1.342e-05,1.387e-05,1217557781070.7,17455017.17
2025-07-24T00:00:00+00:00,SHIBUSD,1.387e-05,1.406e-05,1.299e-05,1.362e-05,835546653662.65,11405260.99
2025-07-25T00:00:00+00:00,SHIBUSD,1.362e-05,1.411e-05,1.313e-05,1.408e-05,833169746446.78,11319821.61
2025-07-26T00:00:00+00:00,SHIBUSD,1.408e-05,1.421e-05,1.391e-05,1.397e-05,317445552688.06,4464548.57
2025-07-27T00:00:00+00:00,SHIBUSD,1.397e-05,1.428e-05,1.39e-05,1.416e-05,301992957326.41,4249523.03
2025-07-28T00:00:00+00:00,SHIBUSD,1.416e-05,1.437e-05,1.326e-05,1.335e-05,652980222442.14,9004625.59
2025-07-29T00:00:00+00:00,SHIBUSD,1.335e-05,1.367e-05,1.289e-05,1.312e-05,439668865295,5798073.99
2025-07-30T00:00:00+00:00,SHIBUSD,1.312e-05,1.318e-05,1.226e-05,1.287e-05,702771507291.81,8956463.87
2025-07-31T00:00:00+00:00,SHIBUSD,1.287e-05,1.317e-05,1.239e-05,1.245e-05,482630317358.13,6190095.31
2025-08-01T00:00:00+00:00,SHIBUSD,1.245e-05,1.25e-05,1.174e-05,1.206e-05,801402226019.97,9759010.75
2025-08-02T00:00:00+00:00,SHIBUSD,1.206e-05,1.226e-05,1.161e-05,1.183e-05,357870222177.32,4274637.89
2025-08-03T00:00:00+00:00,SHIBUSD,1.183e-05,1.226e-05,1.165e-05,1.22e-05,269686631240.77,3268050.49
2025-08-04T00:00:00+00:00,SHIBUSD,1.22e-05,1.257e-05,1.219e-05,1.252e-05,667230080571.77,8255514.91
2025-08-05T00:00:00+00:00,SHIBUSD,1.252e-05,1.258e-05,1.186e-05,1.208e-05,1104930080095.49,13401417.07
2025-08-06T00:00:00+00:00,SHIBUSD,1.208e-05,1.244e-05,1.188e-05,1.233e-05,880053969104.75,10709468.13
2025-08-07T00:00:00+00:00,SHIBUSD,1.233e-05,1.289e-05,1.228e-05,1.288e-05,916272318687.13,11516358.28
2025-08-08T00:00:00+00:00,SHIBUSD,1.288e-05,1.332e-05,1.271e-05,1.325e-05,1525706388719.94,19697121.66
2025-08-09T00:00:00+00:00,SHIBUSD,1.325e-05,1.406e-05,1.318e-05,1.373e-05,698421780431.11,9566237.17
2025-08-10T00:00:00+00:00,SHIBUSD,1.373e-05,1.4e-05,1.328e-05,1.358e-05,553346678031.31,7535349.51
2025-08-11T00:00:00+00:00,SHIBUSD,1.358e-05,1.392e-05,1.282e-05,1.293e-05,705370476609.13,9442225.8
2025-08-12T00:00:00+00:00,SHIBUSD,1.293e-05,1.374e-05,1.271e-05,1.353e-05,535682428514.2,7110313.75
2025-08-13T00:00:00+00:00,SHIBUSD,1.353e-05,1.403e-05,1.34e-05,1.392e-05,731219247111.54,10075146.96
2025-08-14T00:00:00+00:00,SHIBUSD,1.392e-05,1.419e-05,1.264e-05,1.29e-05,891651867461.85,11900395.88
2025-08-15T00:00:00+00:00,SHIBUSD,1.29e-05,1.316e-05,1.25e-05,1.286e-05,638425876834.45,8209052.44
2025-08-16T00:00:00+00:00,SHIBUSD,1.286e-05,1.305e-05,1.28e-05,1.299e-05,290461549828.79,3766484.9
2025-08-17T00:00:00+00:00,SHIBUSD,1.299e-05,1.339e-05,1.292e-05,1.303e-05,278243849381.45,3652861.2
2025-08-18T00:00:00+00:00,SHIBUSD,1.303e-05,1.304e-05,1.246e-05,1.271e-05,460756180859.09,5839197.01
2025-08-19T00:00:00+00:00,SHIBUSD,1.271e-05,1.281e-05,1.207e-05,1.21e-05,817925506313.61,10184292.14
2025-08-20T00:00:00+00:00,SHIBUSD,1.21e-05,1.263e-05,1.203e-05,1.258e-05,563265710053.85,6940745.67
2025-08-21T00:00:00+00:00,SHIBUSD,1.258e-05,1.271e-05,1.227e-05,1.237e-05,402638628824.01,5015580.73
2025-08-22T00:00:00+00:00,SHIBUSD,1.237e-05,1.35e-05,1.202e-05,1.338e-05,774078125682.92,9947307.43
2025-08-23T00:00:00+00:00,SHIBUSD,1.338e-05,1.34e-05,1.294e-05,1.326e-05,607919072282.86,8013517.28
2025-08-24T00:00:00+00:00,SHIBUSD,1.326e-05,1.352e-05,1.271e-05,1.296e-05,1499963471119.51,19512638.64
2025-08-25T00:00:00+00:00,SHIBUSD,1.296e-05,1.313e-05,1.184e-05,1.203e-05,2281875014665.99,28341718.55
2025-08-26T00:00:00+00:00,SHIBUSD,1.203e-05,1.261e-05,1.191e-05,1.254e-05,996726539766.39,12175862.04
2025-08-27T00:00:00+00:00,SHIBUSD,1.254e-05,1.264e-05,1.237e-05,1.249e-05,447713845309.27,5602264.3
2025-08-28T00:00:00+00:00,SHIBUSD,1.249e-05,1.273e-05,1.241e-05,1.268e-05,759497940404.69,9556875.01
2025-08-29T00:00:00+00:00,SHIBUSD,1.268e-05,1.272e-05,1.199e-05,1.22e-05,1682427819103.37,20618227.62
2025-08-30T00:00:00+00:00,SHIBUSD,1.22e-05,1.295e-05,1.203e-05,1.233e-05,802751357504.81,9902084.87
2025-08-31T00:00:00+00:00,SHIBUSD,1.233e-05,1.25e-05,1.216e-05,1.219e-05,409351737206.37,5067604.28
2025-09-01T00:00:00+00:00,SHIBUSD,1.219e-05,1.26e-05,1.181e-05,1.21e-05,926928171565.2,11269956.44
2025-09-02T00:00:00+00:00,SHIBUSD,1.21e-05,1.248e-05,1.203e-05,1.243e-05,759651055608.05,9337196.7
2025-09-03T00:00:00+00:00,SHIBUSD,1.243e-05,1.258e-05,1.231e-05,1.248e-05,367436868321.95,4576185.98
2025-09-04T00:00:00+00:00,SHIBUSD,1.248e-05,1.253e-05,1.201e-05,1.211e-05,751174445568.89,9172015.98
2025-09-05T00:00:00+00:00,SHIBUSD,1.211e-05,1.248e-05,1.206e-05,1.239e-05,1280911792724.55,15755605.68
2025-09-06T00:00:00+00:00,SHIBUSD,1.239e-05,1.245e-05,1.216e-05,1.228e-05,488647921773.19,6001533.77
2025-09-07T00:00:00+00:00,SHIBUSD,1.228e-05,1.251e-05,1.226e-05,1.248e-05,385266108604.18,4773733.92
2025-09-08T00:00:00+00:00,SHIBUSD,1.248e-05,1.297e-05,1.239e-05,1.287e-05,747737764883.9,9527298.38
2025-09-09T00:00:00+00:00,SHIBUSD,1.287e-05,1.32e-05,1.267e-05,1.288e-05,821808459342.67,10606925.83
2025-09-10T00:00:00+00:00,SHIBUSD,1.288e-05,1.317e-05,1.276e-05,1.307e-05,629731549498.69,8182036.86
2025-09-11T00:00:00+00:00,SHIBUSD,1.307e-05,1.327e-05,1.292e-05,1.325e-05,583143239318.53,7632914.15
2025-09-12T00:00:00+00:00,SHIBUSD,1.325e-05,1.392e-05,1.32e-05,1.392e-05,752732539377.89,10149634.62
2025-09-13T00:00:00+00:00,SHIBUSD,1.392e-05,1.484e-05,1.375e-05,1.429e-05,2009926997934.46,28776142.21
2025-09-14T00:00:00+00:00,SHIBUSD,1.429e-05,1.431e-05,1.354e-05,1.369e-05,734004956280.07,10182483.77
2025-09-15T00:00:00+00:00,SHIBUSD,1.369e-05,1.382e-05,1.293e-05,1.307e-05,721712800878.61,9530259.55
2025-09-16T00:00:00+00:00,SHIBUSD,1.307e-05,1.326e-05,1.287e-05,1.316e-05,633995309307.63,8297119.49
2025-09-17T00:00:00+00:00,SHIBUSD,1.316e-05,1.361e-05,1.284e-05,1.351e-05,952159930759.23,12469078.13
2025-09-18T00:00:00+00:00,SHIBUSD,1.351e-05,1.36e-05,1.328e-05,1.341e-05,686884220678.9,9248861.77
2025-09-19T00:00:00+00:00,SHIBUSD,1.341e-05,1.356e-05,1.279e-05,1.288e-05,629809343831.69,8259530.41
2025-09-20T00:00:00+00:00,SHIBUSD,1.288e-05,1.306e-05,1.278e-05,1.292e-05,361521396564.27,4673818.03
2025-09-21T00:00:00+00:00,SHIBUSD,1.292e-05,1.304e-05,1.274e-05,1.274e-05,540472878974.6,6966372.19
2025-09-22T00:00:00+00:00,SHIBUSD,1.274e-05,1.278e-05,1.182e-05,1.214e-05,1426404224691.94,17365693.64
2025-09-23T00:00:00+00:00,SHIBUSD,1.214e-05,1.229e-05,1.19e-05,1.21e-05,523710115007.1,6352941.54
2025-09-24T00:00:00+00:00,SHIBUSD,1.21e-05,1.238e-05,1.191e-05,1.214e-05,576514374582.9,7030665.66
2025-09-25T00:00:00+00:00,SHIBUSD,1.214e-05,1.217e-05,1.151e-05,1.164e-05,872320164592.58,10300201.37
2025-09-26T00:00:00+00:00,SHIBUSD,1.164e-05,1.199e-05,1.152e-05,1.192e-05,579978801843.39,6836228.69
2025-09-27T00:00:00+00:00,SHIBUSD,1.192e-05,1.192e-05,1.172e-05,1.181e-05,312835231579.71,3696565.36
2025-09-28T00:00:00+00:00,SHIBUSD,1.181e-05,1.214e-05,1.16e-05,1.202e-05,540260656882.1,6394032.16
2025-09-29T00:00:00+00:00,SHIBUSD,1.202e-05,1.205e-05,1.172e-05,1.198e-05,530782753811.78,6330857.12
2025-09-30T00:00:00+00:00,SHIBUSD,1.198e-05,1.2e-05,1.155e-05,1.183e-05,602615215535.21,7093332.38
2025-10-01T00:00:00+00:00,SHIBUSD,1.183e-05,1.24e-05,1.175e-05,1.24e-05,696904559281.11,8493224.4
2025-10-02T00:00:00+00:00,SHIBUSD,1.24e-05,1.271e-05,1.232e-05,1.265e-05,645263180393.41,8101575.86
2025-10-03T00:00:00+00:00,SHIBUSD,1.265e-05,1.288e-05,1.235e-05,1.266e-05,582215655739.3,7317373.46
2025-10-04T00:00:00+00:00,SHIBUSD,1.266e-05,1.274e-05,1.224e-05,1.238e-05,418185017051.19,5217468.23
2025-10-05T00:00:00+00:00,SHIBUSD,1.238e-05,1.297e-05,1.231e-05,1.246e-05,450551165629.81,5700619.69
2025-10-06T00:00:00+00:00,SHIBUSD,1.246e-05,1.302e-05,1.238e-05,1.285e-05,631596813685.19,8066074.91
2025-10-07T00:00:00+00:00,SHIBUSD,1.285e-05,1.292e-05,1.218e-05,1.221e-05,727660395993.33,9070814.21
2025-10-08T00:00:00+00:00,SHIBUSD,1.221e-05,1.247e-05,1.205e-05,1.232e-05,439657455991.9,5385799.94
2025-10-09T00:00:00+00:00,SHIBUSD,1.232e-05,1.234e-05,1.173e-05,1.202e-05,406000879189.85,4878858.17
2025-10-10T00:00:00+00:00,SHIBUSD,1.202e-05,1.215e-05,8.07e-06,9.78e-06,2401693540651.17,24514711.2
2025-10-11T00:00:00+00:00,SHIBUSD,9.78e-06,1.073e-05,9.59e-06,9.96e-06,1788559542472.69,18145238.4
2025-10-12T00:00:00+00:00,SHIBUSD,9.96e-06,1.088e-05,9.79e-06,1.071e-05,1516019985160.56,15820214.96
2025-10-13T00:00:00+00:00,SHIBUSD,1.071e-05,1.129e-05,1.055e-05,1.112e-05,713308577298.55,7773722.68
2025-10-14T00:00:00+00:00,SHIBUSD,1.112e-05,1.118e-05,1.021e-05,1.075e-05,843548982965.07,8932627.07
2025-10-15T00:00:00+00:00,SHIBUSD,1.075e-05,1.09e-05,1.02e-05,1.033e-05,582091877974.75,6124472.71
2025-10-16T00:00:00+00:00,SHIBUSD,1.033e-05,1.052e-05,9.89e-06,1e-05,575398590104.28,5835091.36
2025-10-17T00:00:00+00:00,SHIBUSD,1e-05,1.011e-05,9.25e-06,9.76e-06,903222532936.71,8771964.42
2025-10-18T00:00:00+00:00,SHIBUSD,9.76e-06,9.99e-06,9.74e-06,9.91e-06,415655690958.98,4096785.47
2025-10-19T00:00:00+00:00,SHIBUSD,9.91e-06,1.019e-05,9.8e-06,1.007e-05,291019371688.65,2913113.8
2025-10-20T00:00:00+00:00,SHIBUSD,1.007e-05,1.033e-05,9.93e-06,1.019e-05,329566791603.76,3346737.94
2025-10-21T00:00:00+00:00,SHIBUSD,1.019e-05,1.055e-05,9.87e-06,1.006e-05,524727901252.94,5351773.38
2025-10-22T00:00:00+00:00,SHIBUSD,1.006e-05,1.01e-05,9.64e-06,9.86e-06,443680971161.41,4390319.51
2025-10-23T00:00:00+00:00,SHIBUSD,9.86e-06,1.021e-05,9.85e-06,1.01e-05,309221727031.43,3100627.25
2025-10-24T00:00:00+00:00,SHIBUSD,1.01e-05,1.031e-05,1.005e-05,1.024e-05,325926411301.25,3310313.39
2025-10-25T00:00:00+00:00,SHIBUSD,1.024e-05,1.025e-05,1.009e-05,1.02e-05,265667742502.01,2704631.88
2025-10-26T00:00:00+00:00,SHIBUSD,1.02e-05,1.066e-05,1.009e-05,1.056e-05,386878569418.2,3997853.58
2025-10-27T00:00:00+00:00,SHIBUSD,1.056e-05,1.07e-05,1.034e-05,1.038e-05,475479570890.2,4994072.49
2025-10-28T00:00:00+00:00,SHIBUSD,1.038e-05,1.044e-05,9.98e-06,1.012e-05,396665015761.21,4060268.84
2025-10-29T00:00:00+00:00,SHIBUSD,1.012e-05,1.044e-05,1e-05,1.017e-05,523214608384.51,5355946.16
2025-10-30T00:00:00+00:00,SHIBUSD,1.017e-05,1.025e-05,9.38e-06,9.74e-06,560763344550.47,5476229.16
2025-10-31T00:00:00+00:00,SHIBUSD,9.74e-06,1.007e-05,9.71e-06,1.003e-05,373538520190.52,3695628.06
2025-11-01T00:00:00+00:00,SHIBUSD,1.003e-05,1.027e-05,9.98e-06,1.02e-05,162333785726.6,1644876.42
2025-11-02T00:00:00+00:00,SHIBUSD,1.02e-05,1.025e-05,9.96e-06,1.019e-05,255865511545.46,2583640.85
2025-11-03T00:00:00+00:00,SHIBUSD,1.019e-05,1.02e-05,9.07e-06,9.19e-06,507760311305.89,4780429.24
2025-11-04T00:00:00+00:00,SHIBUSD,9.19e-06,9.31e-06,8.39e-06,8.84e-06,982075156742.05,8701861.23
2025-11-05T00:00:00+00:00,SHIBUSD,8.84e-06,9.23e-06,8.42e-06,9.16e-06,466309705993.94,4186684.19
2025-11-06T00:00:00+00:00,SHIBUSD,9.16e-06,9.17e-06,8.79e-06,9.01e-06,533925368259.43,4800910.59
2025-11-07T00:00:00+00:00,SHIBUSD,9.01e-06,1.033e-05,9.01e-06,1.003e-05,839256247656.19,8096282.75
2025-11-08T00:00:00+00:00,SHIBUSD,1.003e-05,1.027e-05,9.69e-06,9.95e-06,559067061095.06,5588634
2025-11-09T00:00:00+00:00,SHIBUSD,9.95e-06,1.007e-05,9.64e-06,9.99e-06,436373925500.35,4319857.64
2025-11-10T00:00:00+00:00,SHIBUSD,9.99e-06,1.023e-05,9.88e-06,1.014e-05,381949946629.72,3836431.22
2025-11-11T00:00:00+00:00,SHIBUSD,1.014e-05,1.026e-05,9.62e-06,9.64e-06,338601451308.15,3361672.37
2025-11-12T00:00:00+00:00,SHIBUSD,9.64e-06,9.99e-06,9.45e-06,9.51e-06,395378394497.03,3849485.92
2025-11-13T00:00:00+00:00,SHIBUSD,9.51e-06,9.86e-06,9.05e-06,9.3e-06,451926011510.65,4286503.13
2025-11-14T00:00:00+00:00,SHIBUSD,9.3e-06,9.36e-06,8.86e-06,8.97e-06,496037125352.56,4534684.8
2025-11-15T00:00:00+00:00,SHIBUSD,8.97e-06,9.26e-06,8.97e-06,9.04e-06,252219133484.46,2300654.57
2025-11-16T00:00:00+00:00,SHIBUSD,9.04e-06,9.22e-06,8.64e-06,8.89e-06,407172604728.59,3647123.78
2025-11-17T00:00:00+00:00,SHIBUSD,8.89e-06,9.16e-06,8.46e-06,8.58e-06,468505304913.91,4112295.09
2025-11-18T00:00:00+00:00,SHIBUSD,8.58e-06,9.01e-06,8.48e-06,8.87e-06,386787810827.09,3397186.14
2025-11-19T00:00:00+00:00,SHIBUSD,8.87e-06,8.9e-06,8.23e-06,8.56e-06,633051440668.92,5405986.23
2025-11-20T00:00:00+00:00,SHIBUSD,8.56e-06,8.82e-06,8.12e-06,8.24e-06,535580999528.27,4542936.77
2025-11-21T00:00:00+00:00,SHIBUSD,8.24e-06,8.38e-06,7.55e-06,7.84e-06,941934695604.38,7441507.71
2025-11-22T00:00:00+00:00,SHIBUSD,7.84e-06,7.89e-06,7.57e-06,7.8e-06,599381448814.38,4638033.01
2025-11-23T00:00:00+00:00,SHIBUSD,7.8e-06,8.04e-06,7.77e-06,7.85e-06,401136977500.57,3180302.79
2025-11-24T00:00:00+00:00,SHIBUSD,7.85e-06,8.43e-06,7.79e-06,8.33e-06,574740018668.34,4654500.39
2025-11-25T00:00:00+00:00,SHIBUSD,8.33e-06,8.9e-06,8.03e-06,8.8e-06,577037944823.18,4843575.11
2025-11-26T00:00:00+00:00,SHIBUSD,8.8e-06,8.84e-06,8.31e-06,8.59e-06,647958780828.12,5530670.41
2025-11-27T00:00:00+00:00,SHIBUSD,8.59e-06,8.85e-06,8.52e-06,8.76e-06,338249910655.93,2927453.62
2025-11-28T00:00:00+00:00,SHIBUSD,8.76e-06,9.12e-06,8.61e-06,8.65e-06,420421501883.02,3701258.59
2025-11-29T00:00:00+00:00,SHIBUSD,8.65e-06,8.66e-06,8.42e-06,8.53e-06,204493838312.65,1747806.07
2025-11-30T00:00:00+00:00,SHIBUSD,8.53e-06,8.63e-06,8.36e-06,8.36e-06,339193513698.86,2883339.21
2025-12-01T00:00:00+00:00,SHIBUSD,8.36e-06,8.38e-06,7.86e-06,7.97e-06,443838545146.76,3553163.68
2025-12-02T00:00:00+00:00,SHIBUSD,7.97e-06,8.57e-06,7.89e-06,8.46e-06,393046070185.99,3235138.97
2025-12-03T00:00:00+00:00,SHIBUSD,8.46e-06,9.5e-06,8.45e-06,8.98e-06,762745073705.38,6884940.53
2025-12-04T00:00:00+00:00,SHIBUSD,8.98e-06,9.02e-06,8.57e-06,8.72e-06,230786513520.35,2032134.96
2025-12-05T00:00:00+00:00,SHIBUSD,8.72e-06,8.78e-06,8.15e-06,8.3e-06,414507749800.64,3490022.4
2025-12-06T00:00:00+00:00,SHIBUSD,8.3e-06,8.87e-06,8.27e-06,8.43e-06,375455641264.28,3170361.47
2025-12-07T00:00:00+00:00,SHIBUSD,8.43e-06,8.58e-06,8.2e-06,8.33e-06,209328625469.14,1762728.14
2025-12-08T00:00:00+00:00,SHIBUSD,8.33e-06,8.61e-06,8.29e-06,8.58e-06,271268143620.58,2301999.12
2025-12-09T00:00:00+00:00,SHIBUSD,8.58e-06,9.04e-06,8.43e-06,8.73e-06,562343983850.36,4904689.25
2025-12-10T00:00:00+00:00,SHIBUSD,8.73e-06,8.93e-06,8.48e-06,8.55e-06,487712163958.77,4213254.77
2025-12-11T00:00:00+00:00,SHIBUSD,8.55e-06,8.61e-06,8.18e-06,8.51e-06,436753308154.66,3654599.92
2025-12-12T00:00:00+00:00,SHIBUSD,8.51e-06,8.51e-06,8.06e-06,8.27e-06,349597711826.48,2912787.77
2025-12-13T00:00:00+00:00,SHIBUSD,8.27e-06,8.45e-06,8.27e-06,8.36e-06,192927133671.51,1611973.31
2025-12-14T00:00:00+00:00,SHIBUSD,8.36e-06,8.39e-06,8e-06,8.07e-06,293283532390.85,2397372.11
2025-12-15T00:00:00+00:00,SHIBUSD,8.07e-06,8.27e-06,7.73e-06,7.91e-06,407818483345.52,3253720.81
2025-12-16T00:00:00+00:00,SHIBUSD,7.91e-06,7.99e-06,7.71e-06,7.87e-06,342206900413.13,2690041.68
2025-12-17T00:00:00+00:00,SHIBUSD,7.87e-06,8.04e-06,7.47e-06,7.52e-06,521309021839.53,4000348.69
2025-12-18T00:00:00+00:00,SHIBUSD,7.52e-06,7.54e-06,7e-06,7.04e-06,668353217606.33,4885465.66
2025-12-19T00:00:00+00:00,SHIBUSD,7.04e-06,7.64e-06,7e-06,7.51e-06,398949207013.19,2931093.32
2025-12-20T00:00:00+00:00,SHIBUSD,7.51e-06,7.51e-06,7.4e-06,7.43e-06,193286550264.53,1440507.45
2025-12-21T00:00:00+00:00,SHIBUSD,7.43e-06,7.45e-06,7.19e-06,7.28e-06,205942191692.23,1505059.15
2025-12-22T00:00:00+00:00,SHIBUSD,7.28e-06,7.43e-06,7.15e-06,7.2e-06,310238508658.64,2254869.11
2025-12-23T00:00:00+00:00,SHIBUSD,7.2e-06,7.28e-06,7.05e-06,7.12e-06,332542807078.59,2373531.11
2025-12-24T00:00:00+00:00,SHIBUSD,7.12e-06,7.27e-06,6.98e-06,7.21e-06,301085937915.26,2139670.27
2025-12-25T00:00:00+00:00,SHIBUSD,7.21e-06,7.28e-06,7.05e-06,7.07e-06,232040774775.86,1672566.92
2025-12-26T00:00:00+00:00,SHIBUSD,7.07e-06,7.29e-06,7.02e-06,7.12e-06,271611568707.11,1941861.77
2025-12-27T00:00:00+00:00,SHIBUSD,7.12e-06,7.39e-06,7.09e-06,7.37e-06,297267595929.76,2144632.64
2025-12-28T00:00:00+00:00,SHIBUSD,7.37e-06,7.41e-06,7.26e-06,7.39e-06,244940180977.68,1796916.61
2025-12-29T00:00:00+00:00,SHIBUSD,7.39e-06,7.56e-06,7.17e-06,7.18e-06,337086738032.33,2484878.8
2025-12-30T00:00:00+00:00,SHIBUSD,7.18e-06,7.24e-06,7.07e-06,7.09e-06,412593314476.03,2946812.09
2025-12-31T00:00:00+00:00,SHIBUSD,7.09e-06,7.12e-06,6.81e-06,6.9e-06,769872024971.15,5380062.89
2026-01-01T00:00:00+00:00,SHIBUSD,6.9e-06,7.51e-06,6.89e-06,7.45e-06,552230205310.66,3926227.31
2026-01-02T00:00:00+00:00,SHIBUSD,7.45e-06,8.3e-06,7.33e-06,8.11e-06,1053726088996.58,8367409.94
2026-01-03T00:00:00+00:00,SHIBUSD,8.11e-06,8.2e-06,7.84e-06,8.08e-06,445666787032.88,3579028.11
2026-01-04T00:00:00+00:00,SHIBUSD,8.08e-06,9.4e-06,8.07e-06,9.04e-06,1216446717040.34,10788500.56
2026-01-05T00:00:00+00:00,SHIBUSD,9.04e-06,1.012e-05,8.59e-06,9.26e-06,1930026287457.5,18020865.87
2026-01-06T00:00:00+00:00,SHIBUSD,9.26e-06,9.62e-06,8.81e-06,9.11e-06,915574153318.96,8461476.77
2026-01-07T00:00:00+00:00,SHIBUSD,9.11e-06,9.23e-06,8.71e-06,8.78e-06,394333879275.08,3516723.43
2026-01-08T00:00:00+00:00,SHIBUSD,8.78e-06,8.85e-06,8.47e-06,8.75e-06,421850528614.91,3673601.9
2026-01-09T00:00:00+00:00,SHIBUSD,8.75e-06,8.87e-06,8.54e-06,8.66e-06,312093287274.17,2714758.88
2026-01-10T00:00:00+00:00,SHIBUSD,8.66e-06,8.74e-06,8.55e-06,8.65e-06,176758923465.17,1528403.46
2026-01-11T00:00:00+00:00,SHIBUSD,8.65e-06,8.71e-06,8.35e-06,8.45e-06,221253027717.96,1899949.71
2026-01-12T00:00:00+00:00,SHIBUSD,8.45e-06,8.74e-06,8.26e-06,8.37e-06,306788690113.08,2602255.02
2026-01-13T00:00:00+00:00,SHIBUSD,8.37e-06,9.11e-06,8.37e-06,8.98e-06,553412838284.04,4835151.17
2026-01-14T00:00:00+00:00,SHIBUSD,8.98e-06,9.04e-06,8.66e-06,8.73e-06,972594861533.88,8586082.75
2026-01-15T00:00:00+00:00,SHIBUSD,8.73e-06,8.75e-06,8.29e-06,8.41e-06,361771003537.57,3078610.56
2026-01-16T00:00:00+00:00,SHIBUSD,8.41e-06,8.62e-06,8.15e-06,8.55e-06,419911023709.41,3529399.76
2026-01-17T00:00:00+00:00,SHIBUSD,8.55e-06,8.59e-06,8.44e-06,8.48e-06,185297541573.39,1578080.96
2026-01-18T00:00:00+00:00,SHIBUSD,8.48e-06,8.51e-06,8.08e-06,8.1e-06,221875144943.26,1853810.71
2026-01-19T00:00:00+00:00,SHIBUSD,8.1e-06,8.14e-06,7.53e-06,8.13e-06,556893504503.68,4388097.9
2026-01-20T00:00:00+00:00,SHIBUSD,8.13e-06,8.14e-06,7.66e-06,7.72e-06,482018715164.68,3802102.77
2026-01-21T00:00:00+00:00,SHIBUSD,7.72e-06,8.16e-06,7.66e-06,7.98e-06,429438063202.97,3399075.57
2026-01-22T00:00:00+00:00,SHIBUSD,7.98e-06,8.07e-06,7.74e-06,7.81e-06,266356238780.51,2101227.26
2026-01-23T00:00:00+00:00,SHIBUSD,7.81e-06,8.13e-06,7.74e-06,7.88e-06,283623334418.21,2245243.28
2026-01-24T00:00:00+00:00,SHIBUSD,7.88e-06,7.91e-06,7.76e-06,7.8e-06,214411488250.31,1682290.75
2026-01-25T00:00:00+00:00,SHIBUSD,7.8e-06,7.82e-06,7.37e-06,7.51e-06,362829216677.52,2766106.56
2026-01-26T00:00:00+00:00,SHIBUSD,7.51e-06,7.79e-06,7.51e-06,7.69e-06,322868514492.54,2482312.38
2026-01-27T00:00:00+00:00,SHIBUSD,7.69e-06,7.88e-06,7.61e-06,7.83e-06,305337824136.65,2358332.37
2026-01-28T00:00:00+00:00,SHIBUSD,7.83e-06,7.86e-06,7.69e-06,7.79e-06,413553466427.57,3212841.04
2026-01-29T00:00:00+00:00,SHIBUSD,7.79e-06,7.8e-06,7.2e-06,7.34e-06,536391550014.21,3977689.3
2026-01-30T00:00:00+00:00,SHIBUSD,7.34e-06,7.37e-06,7.1e-06,7.22e-06,556608749683.12,4029998.86
2026-01-31T00:00:00+00:00,SHIBUSD,7.22e-06,7.22e-06,6.19e-06,6.8e-06,1099492199864.05,7404665.85
2026-02-01T00:00:00+00:00,SHIBUSD,6.8e-06,6.9e-06,6.47e-06,6.61e-06,677019654134.85,4550914.05
2026-02-02T00:00:00+00:00,SHIBUSD,6.61e-06,7.02e-06,6.45e-06,6.87e-06,711889679483.26,4819304.65
2026-02-03T00:00:00+00:00,SHIBUSD,6.87e-06,7.02e-06,6.48e-06,6.69e-06,828350066490.92,5640588.15
2026-02-04T00:00:00+00:00,SHIBUSD,6.69e-06,6.83e-06,6.48e-06,6.62e-06,570226317705.72,3797811.98
2026-02-05T00:00:00+00:00,SHIBUSD,6.62e-06,6.68e-06,5.57e-06,5.61e-06,1472132358942.42,8881071.18
2026-02-06T00:00:00+00:00,SHIBUSD,5.61e-06,6.41e-06,5.09e-06,6.32e-06,1601856734000.55,9335421.36
2026-02-07T00:00:00+00:00,SHIBUSD,6.32e-06,6.42e-06,6.02e-06,6.32e-06,718323860865.87,4478870.17
2026-02-08T00:00:00+00:00,SHIBUSD,6.32e-06,6.32e-06,6.07e-06,6.11e-06,386331542729.65,2392472.93
2026-02-09T00:00:00+00:00,SHIBUSD,6.11e-06,6.2e-06,5.9e-06,6.1e-06,392304675208.8,2387759.58
2026-02-10T00:00:00+00:00,SHIBUSD,6.1e-06,6.13e-06,5.95e-06,6.01e-06,418271023507.9,2516055.67
2026-02-11T00:00:00+00:00,SHIBUSD,6.01e-06,6.06e-06,5.75e-06,5.91e-06,512199168911.9,3014327.98
2026-02-12T00:00:00+00:00,SHIBUSD,5.91e-06,6.19e-06,5.91e-06,6.04e-06,468621709058.28,2828539.93
2026-02-13T00:00:00+00:00,SHIBUSD,6.04e-06,6.4e-06,5.94e-06,6.32e-06,448524013383.88,2779553.44
2026-02-14T00:00:00+00:00,SHIBUSD,6.32e-06,7.24e-06,6.3e-06,7.03e-06,659998063389.91,4417484.05
2026-02-15T00:00:00+00:00,SHIBUSD,7.03e-06,7.15e-06,6.42e-06,6.54e-06,546548851623.53,3700159.16
2026-02-16T00:00:00+00:00,SHIBUSD,6.54e-06,6.69e-06,6.43e-06,6.58e-06,437924565749.12,2874817.37
2026-02-17T00:00:00+00:00,SHIBUSD,6.58e-06,6.6e-06,6.43e-06,6.51e-06,301293867933.42,1965131.09
2026-02-18T00:00:00+00:00,SHIBUSD,6.51e-06,6.55e-06,6.26e-06,6.3e-06,218968252812.94,1404391.1
2026-02-19T00:00:00+00:00,SHIBUSD,6.3e-06,6.33e-06,6.12e-06,6.2e-06,259797654599.19,1613276.35
2026-02-20T00:00:00+00:00,SHIBUSD,6.2e-06,6.52e-06,6.18e-06,6.43e-06,350601333235.05,2220718.94
2026-02-21T00:00:00+00:00,SHIBUSD,6.43e-06,6.61e-06,6.37e-06,6.39e-06,257932423265.68,1668882.99
2026-02-22T00:00:00+00:00,SHIBUSD,6.39e-06,6.39e-06,6.14e-06,6.2e-06,273964934809.89,1706157.51
2026-02-23T00:00:00+00:00,SHIBUSD,6.2e-06,6.24e-06,5.91e-06,6e-06,322725471234.66,1947711.97
2026-02-24T00:00:00+00:00,SHIBUSD,6e-06,6.05e-06,5.87e-06,5.9e-06,307335491169.16,1825002.04
2026-02-25T00:00:00+00:00,SHIBUSD,5.9e-06,6.53e-06,5.89e-06,6.24e-06,422541955869.04,2633758.55
2026-02-26T00:00:00+00:00,SHIBUSD,6.24e-06,6.27e-06,5.9e-06,5.97e-06,365261108388.52,2215004.08
2026-02-27T00:00:00+00:00,SHIBUSD,5.97e-06,6.08e-06,5.69e-06,5.79e-06,305719921838.86,1792133.21
2026-02-28T00:00:00+00:00,SHIBUSD,5.79e-06,5.83e-06,5.45e-06,5.78e-06,433027882247.24,2432428.44
2026-03-01T00:00:00+00:00,SHIBUSD,5.78e-06,5.95e-06,5.45e-06,5.53e-06,337480362156.48,1903205.27
2026-03-02T00:00:00+00:00,SHIBUSD,5.53e-06,5.8e-06,5.45e-06,5.51e-06,491406704312.3,2758770.44
2026-03-03T00:00:00+00:00,SHIBUSD,5.51e-06,5.56e-06,5.27e-06,5.48e-06,428988446625.08,2325292.48
2026-03-04T00:00:00+00:00,SHIBUSD,5.48e-06,5.86e-06,5.41e-06,5.71e-06,529580262210.41,2995876.72
2026-03-05T00:00:00+00:00,SHIBUSD,5.71e-06,5.72e-06,5.44e-06,5.52e-06,443423980931.67,2471577.34
2026-03-06T00:00:00+00:00,SHIBUSD,5.52e-06,5.61e-06,5.31e-06,5.41e-06,285011850553.44,1554443.76
2026-03-07T00:00:00+00:00,SHIBUSD,5.41e-06,5.43e-06,5.29e-06,5.33e-06,189083284798.11,1016491.45
2026-03-08T00:00:00+00:00,SHIBUSD,5.33e-06,5.38e-06,5.23e-06,5.28e-06,188391722319.34,998893.72
2026-03-09T00:00:00+00:00,SHIBUSD,5.28e-06,5.57e-06,5.28e-06,5.42e-06,194235014399.41,1051037.98
2026-03-10T00:00:00+00:00,SHIBUSD,5.42e-06,6.07e-06,5.42e-06,5.65e-06,559406999900.02,3237693.98
2026-03-11T00:00:00+00:00,SHIBUSD,5.65e-06,5.89e-06,5.59e-06,5.73e-06,294596162092.09,1701133.41
2026-03-12T00:00:00+00:00,SHIBUSD,5.73e-06,6.06e-06,5.69e-06,5.92e-06,436468897788.62,2556287.46
2026-03-13T00:00:00+00:00,SHIBUSD,5.92e-06,6.29e-06,5.89e-06,5.94e-06,450011167289.81,2726041.93
2026-03-14T00:00:00+00:00,SHIBUSD,5.94e-06,5.99e-06,5.83e-06,5.88e-06,178392612011.67,1053651.99
2026-03-15T00:00:00+00:00,SHIBUSD,5.88e-06,5.96e-06,5.8e-06,5.95e-06,151913457706.91,890376.07
2026-03-16T00:00:00+00:00,SHIBUSD,5.95e-06,6.43e-06,5.94e-06,6.19e-06,586341838139.93,3612404.16
2026-03-17T00:00:00+00:00,SHIBUSD,6.19e-06,6.25e-06,5.96e-06,6.06e-06,335469615237.34,2051878.85
2026-03-18T00:00:00+00:00,SHIBUSD,6.06e-06,6.22e-06,5.71e-06,5.82e-06,286976362422.18,1698800.91
2026-03-19T00:00:00+00:00,SHIBUSD,5.82e-06,5.86e-06,5.63e-06,5.81e-06,309830444580.65,1776263.31
2026-03-20T00:00:00+00:00,SHIBUSD,5.81e-06,6.21e-06,5.81e-06,5.95e-06,380960732762.93,2296788.17
2026-03-21T00:00:00+00:00,SHIBUSD,5.95e-06,6.07e-06,5.82e-06,5.86e-06,139752106522.75,835793.55
2026-03-22T00:00:00+00:00,SHIBUSD,5.86e-06,5.89e-06,5.65e-06,5.7e-06,208023221064.49,1201648.08
2026-03-23T00:00:00+00:00,SHIBUSD,5.7e-06,6.2e-06,5.7e-06,6.09e-06,461694207113.54,2773189.92
2026-03-24T00:00:00+00:00,SHIBUSD,6.09e-06,6.24e-06,5.99e-06,6.2e-06,251492703203.89,1539000.7
2026-03-25T00:00:00+00:00,SHIBUSD,6.2e-06,6.27e-06,6.09e-06,6.12e-06,223178933580.59,1375299.88
2026-03-26T00:00:00+00:00,SHIBUSD,6.12e-06,6.13e-06,5.84e-06,5.92e-06,209508525657.18,1243025.74
2026-03-27T00:00:00+00:00,SHIBUSD,5.92e-06,5.96e-06,5.73e-06,5.77e-06,202315535895.4,1172020.95
2026-03-28T00:00:00+00:00,SHIBUSD,5.77e-06,5.98e-06,5.71e-06,5.83e-06,195398444126.96,1150344.93
2026-03-29T00:00:00+00:00,SHIBUSD,5.83e-06,5.86e-06,5.65e-06,5.78e-06,153726980127.07,887997.78
2026-03-30T00:00:00+00:00,SHIBUSD,5.78e-06,6.15e-06,5.78e-06,5.92e-06,262804482652.72,1579908.58
2026-03-31T00:00:00+00:00,SHIBUSD,5.92e-06,6e-06,5.83e-06,5.94e-06,194503886296.89,1150805.79
2026-04-01T00:00:00+00:00,SHIBUSD,5.94e-06,6.13e-06,5.89e-06,6e-06,276467586481.75,1661131.82
2026-04-02T00:00:00+00:00,SHIBUSD,6e-06,6.05e-06,5.77e-06,5.86e-06,247139048454.11,1447703.95
2026-04-03T00:00:00+00:00,SHIBUSD,5.86e-06,6.08e-06,5.83e-06,5.98e-06,214439310556.86,1283512.29
2026-04-04T00:00:00+00:00,SHIBUSD,5.98e-06,6.05e-06,5.85e-06,5.98e-06,138793996576.36,823604.04
2026-04-05T00:00:00+00:00,SHIBUSD,5.98e-06,6e-06,5.8e-06,5.99e-06,224473963526.24,1316834.31
2026-04-06T00:00:00+00:00,SHIBUSD,5.99e-06,6.09e-06,5.81e-06,5.83e-06,281566782632.17,1685223.88
2026-04-07T00:00:00+00:00,SHIBUSD,5.83e-06,6.17e-06,5.79e-06,6.14e-06,436991063536.31,2601188.71
2026-04-08T00:00:00+00:00,SHIBUSD,6.14e-06,6.17e-06,5.93e-06,5.94e-06,269188793065.79,1633499.83
2026-04-09T00:00:00+00:00,SHIBUSD,5.94e-06,6.06e-06,5.83e-06,5.91e-06,342519698196.95,2024376.48
2026-04-10T00:00:00+00:00,SHIBUSD,5.91e-06,6.05e-06,5.86e-06,5.97e-06,294873187394.13,1753808.58
2026-04-11T00:00:00+00:00,SHIBUSD,5.97e-06,6.06e-06,5.89e-06,5.95e-06,269184554432.2,1604063.28
2026-04-12T00:00:00+00:00,SHIBUSD,5.95e-06,5.96e-06,5.75e-06,5.76e-06,306898112869.08,1788307
2026-04-13T00:00:00+00:00,SHIBUSD,5.76e-06,6.02e-06,5.74e-06,6e-06,336735909735.13,1966558.55
2026-04-14T00:00:00+00:00,SHIBUSD,6e-06,6.02e-06,5.81e-06,5.83e-06,271978078139.32,1611168.75
2026-04-15T00:00:00+00:00,SHIBUSD,5.83e-06,6.01e-06,5.82e-06,5.97e-06,190394527184.02,1126059.33
2026-04-16T00:00:00+00:00,SHIBUSD,5.97e-06,6.38e-06,5.94e-06,6.27e-06,402048756531.9,2474697.66
2026-04-17T00:00:00+00:00,SHIBUSD,6.27e-06,6.48e-06,6.09e-06,6.32e-06,382766611008.28,2424397.8
2026-04-18T00:00:00+00:00,SHIBUSD,6.32e-06,6.32e-06,6.03e-06,6.07e-06,318761666413.14,1955877.68
2026-04-19T00:00:00+00:00,SHIBUSD,6.07e-06,6.1e-06,5.87e-06,5.91e-06,272267209412.19,1634702.58
2026-04-20T00:00:00+00:00,SHIBUSD,5.91e-06,6.06e-06,5.89e-06,6.01e-06,223319943206.58,1340274.94
2026-04-21T00:00:00+00:00,SHIBUSD,6.01e-06,6.14e-06,5.98e-06,6.1e-06,203593101478.33,1233011.15
2026-04-22T00:00:00+00:00,SHIBUSD,6.1e-06,6.29e-06,6.07e-06,6.11e-06,304522415530.16,1888767.84
2026-04-23T00:00:00+00:00,SHIBUSD,6.11e-06,6.2e-06,6.03e-06,6.16e-06,174349932374.02,1065726.13
2026-04-24T00:00:00+00:00,SHIBUSD,6.16e-06,6.28e-06,6.1e-06,6.2e-06,172498141049.53,1068451.03
2026-04-25T00:00:00+00:00,SHIBUSD,6.2e-06,6.25e-06,6.13e-06,6.17e-06,134555728695.92,832609.12
2026-04-26T00:00:00+00:00,SHIBUSD,6.17e-06,6.25e-06,6.15e-06,6.22e-06,126573139700.92,784918.77
2026-04-27T00:00:00+00:00,SHIBUSD,6.22e-06,6.32e-06,6.04e-06,6.14e-06,256733670189.45,1575481.46
2026-04-28T00:00:00+00:00,SHIBUSD,6.14e-06,6.2e-06,6.06e-06,6.14e-06,250300361521.59,1534045.03
2026-04-29T00:00:00+00:00,SHIBUSD,6.14e-06,6.55e-06,6e-06,6.16e-06,471426563381.96,2946732.06
2026-04-30T00:00:00+00:00,SHIBUSD,6.16e-06,6.38e-06,6.16e-06,6.22e-06,275463602779.21,1724119.08
2026-05-01T00:00:00+00:00,SHIBUSD,6.22e-06,6.4e-06,6.22e-06,6.27e-06,226528539709.05,1433041.36
2026-05-02T00:00:00+00:00,SHIBUSD,6.27e-06,6.33e-06,6.23e-06,6.27e-06,195391842171.89,1225783.55
2026-05-03T00:00:00+00:00,SHIBUSD,6.27e-06,6.28e-06,6.16e-06,6.17e-06,407542172248.98,2523274.7
2026-05-04T00:00:00+00:00,SHIBUSD,6.17e-06,6.35e-06,6.12e-06,6.19e-06,388013286219.46,2415192.56
2026-05-05T00:00:00+00:00,SHIBUSD,6.19e-06,6.44e-06,6.18e-06,6.35e-06,426493994695.83,2677180.65
2026-05-06T00:00:00+00:00,SHIBUSD,6.35e-06,6.53e-06,6.31e-06,6.41e-06,400818006320.26,2571534.3
2026-05-07T00:00:00+00:00,SHIBUSD,6.41e-06,6.41e-06,6.23e-06,6.28e-06,352946119691.29,2225159.25
2026-05-08T00:00:00+00:00,SHIBUSD,6.28e-06,6.49e-06,6.22e-06,6.45e-06,303452767211.24,1933331.37
2026-05-09T00:00:00+00:00,SHIBUSD,6.45e-06,6.52e-06,6.35e-06,6.37e-06,244283384032.39,1571453.52
2026-05-10T00:00:00+00:00,SHIBUSD,6.37e-06,6.68e-06,6.31e-06,6.6e-06,567031502350.74,3695515.33
2026-05-11T00:00:00+00:00,SHIBUSD,6.6e-06,6.69e-06,6.46e-06,6.6e-06,334515260114.02,2199556.95
2026-05-12T00:00:00+00:00,SHIBUSD,6.6e-06,6.64e-06,6.33e-06,6.42e-06,368088337536.97,2375542.5
2026-05-13T00:00:00+00:00,SHIBUSD,6.42e-06,6.5e-06,6.41e-06,6.49e-06,45829973561.82,296704.71
