timestamp,PEPE,BTC,ETH,SOL,DOGE,SHIB
2023-05-01 00:00:00+00:00,,0.0,0.0,0.0,0.0,0.0
2023-05-02 00:00:00+00:00,,0.021644710303107217,0.021340681526750727,0.013654984069185305,-0.0005073566717401778,0.006018054162487685
2023-05-03 00:00:00+00:00,,0.03399750131467605,0.040045835265871466,0.012289485662266841,0.01014713343480489,0.014042126379137487
2023-05-04 00:00:00+00:00,,0.027733698107685667,0.02506752516847155,-0.010468821119708593,-0.005454084221207411,-0.007021063189568522
2023-05-05 00:00:00+00:00,,0.05204372022842074,0.08920415791340375,0.040054619936277014,0.01889903602232401,0.005015045135406515
2023-05-06 00:00:00+00:00,,0.03052006336079227,0.037808637764984665,2.220446049250313e-16,-0.024353120243530868,-0.05015045135406193
2023-05-07 00:00:00+00:00,,0.01730494464119592,0.025547704144271544,-0.012289485662266508,-0.02727042110603739,-0.06118355065195569
2023-05-08 00:00:00+00:00,,-0.010800458721312634,0.011617057266799069,-0.05826126536185683,-0.07978183663115146,-0.10431293881644921
2023-05-09 00:00:00+00:00,,-0.014475142567123345,0.008872397893759931,-0.05826126536185683,-0.07179096905124294,-0.09729187562688046
2023-05-10 00:00:00+00:00,,-0.016308033996077165,0.0054402095326433475,-0.046882111970869,-0.07179096905124294,-0.09829488465396163
2023-05-11 00:00:00+00:00,,-0.038991667607204405,-0.02026573541047172,-0.0805644060081927,-0.08713850837138482,-0.12838515546639895
2023-05-12 00:00:00+00:00,0.0,-0.04556166479805257,-0.01329768368210038,-0.04779244424214801,-0.08193810248604749,-0.11233701103309901
2023-05-13 00:00:00+00:00,0.09248554913294793,-0.046210012756895846,-0.019954710392055985,-0.0509786071916245,-0.0905631659056314,-0.12437311935807394
2023-05-14 00:00:00+00:00,0.028901734104046062,-0.04113431341517726,-0.017728426049710144,-0.046882111970869,-0.08713850837138482,-0.11835506519558625
2023-05-15 00:00:00+00:00,-1.1102230246251565e-16,-0.032417397942162696,-0.008517720241181581,-0.044606281292671635,-0.08751902587519,-0.11835506519558625
2023-05-16 00:00:00+00:00,-0.034682080924855474,-0.03739126998227271,-0.004425285788340116,-0.05871643149749628,-0.07724505327245035,-0.11935807422266742
2023-05-17 00:00:00+00:00,-0.09248554913294804,-0.02423062530864173,-0.005691212179085747,-0.04142011834319492,-0.050862506341958214,-0.12036108324974859
2023-05-18 00:00:00+00:00,-0.08670520231213874,-0.044984168702915994,-0.0173573786593193,-0.0741920801092395,-0.06887366818873641,-0.12838515546639861
2023-05-19 00:00:00+00:00,-0.10982658959537561,-0.042665995413499136,-0.01086404932747731,-0.07373691397360005,-0.06735159817351577,-0.12938816449347978
2023-05-20 00:00:00+00:00,-0.011560693641618491,-0.03447281406868785,-0.006902572777126692,-0.07692307692307665,-0.06595636732623011,-0.12537612838515488
2023-05-21 00:00:00+00:00,-0.06936416184971084,-0.04741022196571554,-0.014880091670532392,-0.1069640418752843,-0.08498224251648889,-0.14543630892677972
2023-05-22 00:00:00+00:00,-0.11560693641618491,-0.04384163789570672,-0.008086650478815627,-0.1110605370960398,-0.0752156265854893,-0.11835506519558603
2023-05-23 00:00:00+00:00,-0.08092485549132933,-0.030693098565623522,0.011911712547403086,-0.08830223031406437,-0.07534246575342429,-0.10832497492477366
2023-05-24 00:00:00+00:00,-0.17341040462427726,-0.06268431720699819,-0.017821187897308022,-0.12517068730086467,-0.10413495687468266,-0.1464393179538609
2023-05-25 00:00:00+00:00,-0.17341040462427726,-0.05719988450078095,-0.014519957438682507,-0.1238051888939461,-0.10096397767630627,-0.14744232698094206
2023-05-26 00:00:00+00:00,-0.16184971098265877,-0.04867309412937104,-0.002166261970371619,-0.11879836140191147,-0.09956874682902062,-0.14343029087261716
2023-05-27 00:00:00+00:00,-0.1271676300578034,-0.04322960596750691,-0.0009112487381669476,-0.06964041875284444,-0.07914764079147618,-0.13440320962888586
2023-05-28 00:00:00+00:00,-0.1329479768786126,-0.00032755635482462075,0.04181376694949823,-0.05234410559854319,-0.06709791983764557,-0.11634904714142347
2023-05-29 00:00:00+00:00,-0.16763005780346807,-0.012130266313997495,0.033023217744794664,-0.0628129267182519,-0.0721714865550479,-0.12738214643931722
2023-05-30 00:00:00+00:00,-0.2543352601156069,-0.013643790296997249,0.03739939431969974,-0.03186162949476523,-0.08269913749365798,-0.13139418254764212
2023-05-31 00:00:00+00:00,-0.2716763005780346,-0.03085438446642297,0.022579325021143015,-0.05234410559854308,-0.0910705225773718,-0.13841524573721076
2023-06-01 00:00:00+00:00,-0.2832369942196531,-0.04489800714001624,0.016146018061276246,-0.06645425580336772,-0.09373414510400802,-0.15045135406218568
2023-06-02 00:00:00+00:00,-0.2601156069364161,-0.029751730085018413,0.04076610372957057,-0.03231679563040468,-0.07952815829528148,-0.1364092276830483
2023-06-03 00:00:00+00:00,-0.2543352601156068,-0.03590551708152956,0.03272856246418998,-0.03459262630860227,-0.07775240994419064,-0.1374122367101296
2023-06-04 00:00:00+00:00,-0.283236994219653,-0.034234267592891277,0.031495375549067006,-0.00682749203459232,-0.08054287163876184,-0.13640922768304842
2023-06-05 00:00:00+00:00,-0.398843930635838,-0.08353790770530012,-0.011557034894825624,-0.08875739644970382,-0.15651953323186174,-0.1985957873620856
2023-06-06 00:00:00+00:00,-0.3063583815028901,-0.02911513143020672,0.02930183068234382,-0.07146108329540257,-0.1084474885844745,-0.18054162487462322
2023-06-07 00:00:00+00:00,-0.375722543352601,-0.06187468334735491,-4.910921343537211e-05,-0.1520254893035956,-0.14624556062912197,-0.21063189568706064
2023-06-08 00:00:00+00:00,-0.36994219653179183,-0.05617164237824379,0.0073500122773020315,-0.14019116977696833,-0.13800101471334303,-0.20260782347041062
2023-06-09 00:00:00+00:00,-0.34104046242774544,-0.05707171027497948,0.004288871306576736,-0.20801092398725518,-0.11872146118721427,-0.20962888665997925
2023-06-10 00:00:00+00:00,-0.46820809248554895,-0.07941781842483087,-0.043739939431971187,-0.28812016385980865,-0.2161339421613392,-0.31193580742226623
2023-06-11 00:00:00+00:00,-0.47398843930635826,-0.07651965676366446,-0.04337980520012119,-0.29221665908056416,-0.21943176052765068,-0.33099297893681
2023-06-12 00:00:00+00:00,-0.47398843930635826,-0.07765684697813202,-0.04910375685482882,-0.30905780609922606,-0.22070015220700123,-0.33099297893681
2023-06-13 00:00:00+00:00,-0.47398843930635826,-0.07682727490558694,-0.05088260169699721,-0.3158852981338187,-0.21689497716894945,-0.3179538615847538
2023-06-14 00:00:00+00:00,-0.49132947976878594,-0.1054247248793646,-0.09922789403323162,-0.3409194355939916,-0.2338914256722473,-0.34202607823470366
2023-06-15 00:00:00+00:00,-0.47976878612716745,-0.08945172406795054,-0.09124491856055528,-0.3277196176604459,-0.22019279553526094,-0.32397191574724127
2023-06-16 00:00:00+00:00,-0.43930635838150256,-0.06252694774087564,-0.06317627479333321,-0.30268548020027286,-0.211821410451547,-0.3139418254764289
2023-06-17 00:00:00+00:00,-0.4219653179190749,-0.05612393308308483,-0.05751234551060047,-0.2876649977241691,-0.2114408929477417,-0.2998996990972914
2023-06-18 00:00:00+00:00,-0.46242774566473965,-0.06226312245943533,-0.061190079938887365,-0.29767865270823834,-0.21232876712328708,-0.27683049147442296
2023-06-19 00:00:00+00:00,-0.45086705202312116,-0.044315526491654045,-0.05230676888658614,-0.26718252162039124,-0.2083967529173003,-0.2748244734202605
2023-06-20 00:00:00+00:00,-0.3815028901734102,0.008280767065775407,-0.021799034185470245,-0.24214838416021833,-0.19901065449010613,-0.2708124373119355
2023-06-21 00:00:00+00:00,-0.20231213872832354,0.06813813051482986,0.031080675524512325,-0.2152935821574874,-0.16780821917808175,-0.24272818455366063
2023-06-22 00:00:00+00:00,-0.1040462427745662,0.06430216076821971,0.021700815758599834,-0.2426035502958579,-0.16831557584982193,-0.2176529588766296
2023-06-23 00:00:00+00:00,-0.04624277456647352,0.09323321976859611,0.03321419801926062,-0.21939007737824312,-0.13406900050735615,-0.20361083249749223
2023-06-24 00:00:00+00:00,-0.10982658959537528,0.0876366346148032,0.02360516192398876,-0.241693218024579,-0.1536022323693551,-0.21664994984954844
2023-06-25 00:00:00+00:00,-0.0693641618497105,0.08498200398265854,0.03642812320955868,-0.22758306781975435,-0.15347539320142,-0.21063189568706098
2023-06-26 00:00:00+00:00,-0.13294797687861226,0.07779961882409459,0.014481761383787317,-0.25898953117888035,-0.1782090309487564,-0.24172517552657957
2023-06-27 00:00:00+00:00,-0.06358381502890142,0.0929341465750606,0.03118435053065105,-0.24305871643149768,-0.16806189751395173,-0.23771313941825456
2023-06-28 00:00:00+00:00,-0.17919075144508645,0.07092770012358196,-0.0027883120072038636,-0.27264451524806566,-0.20662100456620947,-0.2758274824473418
2023-06-29 00:00:00+00:00,-0.10404624277456609,0.08403956738350526,0.010602133522493506,-0.1811561219845247,-0.1958396752917294,-0.2657973921765293
2023-06-30 00:00:00+00:00,-0.0693641618497105,0.08489014578750131,0.05509508089378645,-0.14155666818388746,-0.15728056823947167,-0.24272818455366074
2023-07-01 00:00:00+00:00,-0.10404624277456609,0.08915193879538363,0.05002046217226308,-0.14838416021848,-0.13089802130897943,-0.23370110330992955
2023-07-02 00:00:00+00:00,-0.0751445086705198,0.09010968509372974,0.05719040733364156,-0.11424670004551696,-0.1374936580416024,-0.23169508525576699
2023-07-03 00:00:00+00:00,0.05780346820809301,0.10942767715903323,0.06720323029492703,-0.12289485662266775,-0.1317858954845248,-0.22066198595787334
2023-07-04 00:00:00+00:00,-0.005780346820808746,0.09568989242978154,0.05659564019316177,-0.12835685025034194,-0.1254439370877719,-0.22968906720160465
2023-07-05 00:00:00+00:00,-0.05202312138728282,0.08602982827858163,0.042403077510707377,-0.13518434228493448,-0.15017757483510819,-0.25075225677031077
2023-07-06 00:00:00+00:00,-0.10982658959537528,0.06484227271416465,0.007410034649277364,-0.10741920801092453,-0.1771943176052757,-0.2838515546639917
2023-07-07 00:00:00+00:00,-0.0924855491329476,0.0805688941804279,0.020805936758245158,-0.020937642239417964,-0.17009132420091233,-0.2657973921765294
2023-07-08 00:00:00+00:00,-0.10404624277456609,0.07859892753777009,0.017990341854690062,-0.006827492034593319,-0.16603247082699046,-0.2326980942828485
2023-07-09 00:00:00+00:00,-0.10404624277456609,0.0742242700032798,0.016609827299264746,-0.029130632680929303,-0.17072552004058772,-0.22467402206619835
2023-07-10 00:00:00+00:00,-0.12716763005780318,0.0831092361279,0.026213406815266183,-0.030496131087847655,-0.17262810755961355,-0.24272818455366085
2023-07-11 00:00:00+00:00,-0.13294797687861237,0.09042869650016772,0.025083894906281934,0.004551661356394288,-0.17186707255200318,-0.24573721163490458
2023-07-12 00:00:00+00:00,-0.12716763005780318,0.08183390258118028,0.021378877581642808,-0.001820664542558914,-0.1749112125824447,-0.24674022066198587
2023-07-13 00:00:00+00:00,-0.011560693641618158,0.12066214805048836,0.0944533871715807,0.18434228493399973,-0.10654490106544812,-0.19859578736208616
2023-07-14 00:00:00+00:00,-0.06358381502890131,0.07990666068045615,0.058101656071807284,0.21529358215748617,-0.13089802130897932,-0.19859578736208616
2023-07-15 00:00:00+00:00,-0.05202312138728271,0.07874454769986072,0.05412380978364517,0.24943104233044933,-0.08739218670725424,-0.1875626880641924
2023-07-16 00:00:00+00:00,-0.0867052023121383,0.07695438101284036,0.049469347665946684,0.2485207100591702,-0.11796042617960323,-0.21263791374122365
2023-07-17 00:00:00+00:00,-0.09826589595375668,0.07337653991541271,0.04305786702316161,0.2212107419207996,-0.11377473363774626,-0.21364092276830493
2023-07-18 00:00:00+00:00,-0.12716763005780307,0.06326893409245771,0.03552778762993314,0.1634046426945821,-0.12886859462201816,-0.22567703109327975
2023-07-19 00:00:00+00:00,-0.11560693641618447,0.06522038668027763,0.030638692603605078,0.19754210286754503,-0.11174530695078533,-0.222668004012036
2023-07-20 00:00:00+00:00,-0.13294797687861215,0.06133991199415334,0.03225929664693017,0.15430131998179175,-0.10451547437848696,-0.2276830491474422
2023-07-21 00:00:00+00:00,-0.12138728323699355,0.06496617446577257,0.032341145335986976,0.16112881201638452,-0.07090309487569657,-0.21364092276830482
2023-07-22 00:00:00+00:00,-0.13872832369942145,0.06069904086514866,0.018514173464653005,0.11606736458807321,-0.10540334855403244,-0.21965897693079217
2023-07-23 00:00:00+00:00,-0.12716763005780296,0.07116909491550771,0.03059503996944124,0.12699135184342158,-0.08916793505834497,-0.21163490471414226
2023-07-24 00:00:00+00:00,-0.219653179190751,0.038960336129787665,0.009396229503722209,0.06372325898953002,-0.05898021308980095,-0.2316950852557671
2023-07-25 00:00:00+00:00,-0.24855491329479718,0.04058352028375056,0.013565056066350278,0.060081929904413744,0.03817858954845388,-0.20661985957873585
2023-07-26 00:00:00+00:00,-0.2312138728323695,0.045049323934366114,0.021438899953617252,0.14610832954028075,-0.011035007610349035,-0.21263791374122343
2023-07-27 00:00:00+00:00,-0.2254335260115602,0.040242434427313345,0.015442119335386861,0.1424670004551647,-0.015981735159816268,-0.2176529588766296
2023-07-28 00:00:00+00:00,-0.2254335260115602,0.04379464067958083,0.02273756581998576,0.12926718252161873,-0.02143581938102368,-0.18054162487462355
2023-07-29 00:00:00+00:00,-0.219653179190751,0.045287870410162245,0.026327994979945313,0.14519799726900162,0.017757483510909555,-0.14543630892678006
2023-07-30 00:00:00+00:00,-0.2543352601156066,0.04260262037963192,0.015856819359941543,0.10377787892580637,-0.009639776763063157,-0.1695085255767299
2023-07-31 00:00:00+00:00,-0.28901734104046195,0.04075584340954963,0.012746569175781985,0.07965407373691247,-0.012683916793504446,-0.15045135406218635
2023-08-01 00:00:00+00:00,-0.24855491329479718,0.0574281058306112,0.02199547103920363,0.09467455621301646,-0.009386098427193068,-0.15546639919759253
2023-08-02 00:00:00+00:00,-0.29479768786127125,0.038342607569330056,0.003503123891630544,0.0532544378698212,-0.05885337392186585,-0.18254764292878622
2023-08-03 00:00:00+00:00,-0.30635838150288974,0.03884319912898615,0.0009767276894097066,0.029585798816566866,-0.06722475900557978,-0.1695085255767299
2023-08-04 00:00:00+00:00,-0.335260115606936,0.035309862971072636,-0.002799225165745489,0.03641329085115941,-0.06912734652460562,-0.12938816449348012
2023-08-05 00:00:00+00:00,-0.335260115606936,0.03430689965418021,0.001227730335850552,0.030040964952206428,-0.04046169457128257,0.0010030090270816139
2023-08-06 00:00:00+00:00,-0.335260115606936,0.03415807513644453,-0.002640984366902299,0.05507510241237923,-0.05936073059360625,-0.060180541624874184
2023-08-07 00:00:00+00:00,-0.358381502890173,0.039000212555592606,-0.0030447712329159105,0.05188893946290252,-0.06811263318112537,-0.10030090270812386
2023-08-08 00:00:00+00:00,-0.31791907514450823,0.05994779748614887,0.01262106785256134,0.10195721438324856,-0.04946727549467167,-0.044132397191574246
2023-08-09 00:00:00+00:00,-0.28901734104046195,0.05268316719936261,0.011726188852206665,0.10923987255348067,-0.04414003044139936,-0.03410230692076188
2023-08-10 00:00:00+00:00,-0.28901734104046195,0.047756648414895686,0.009745450577031356,0.1192535275375497,-0.038559107052256736,-0.0070210631895681885
2023-08-11 00:00:00+00:00,-0.27745664739884335,0.04688292744235234,0.007835647832372006,0.12016385980882882,-0.04020801623541259,0.05416248746238761
2023-08-12 00:00:00+00:00,-0.22543352601155997,0.04736429286813815,0.008965159741356032,0.1338188438780139,-0.027524099441906813,0.06920762286860627
2023-08-13 00:00:00+00:00,-0.2138728323699416,0.042538889306247496,0.003503123891630322,0.10195721438324834,-0.0523845763571783,0.024072216649950295
2023-08-14 00:00:00+00:00,-0.1907514450867045,0.04708444580847271,0.006204130630505622,0.14565316340464096,-0.05339928970065866,0.019057171514544002
2023-08-15 00:00:00+00:00,-0.27167630057803405,0.03861106136447989,-0.0029683791231297496,0.08693673190714435,-0.1012176560121757,-0.005015045135405849
2023-08-16 00:00:00+00:00,-0.3294797687861266,0.021933102311160413,-0.01471639429242011,0.037323623122437866,-0.14865550481988765,-0.07622868605817412
2023-08-17 00:00:00+00:00,-0.3757225433526006,-0.051878517892942955,-0.08234523777044356,-0.012744651797907958,-0.22577371892440323,-0.18455366098294845
2023-08-18 00:00:00+00:00,-0.3757225433526006,-0.07252809774851199,-0.09347665948217243,-0.029130632680930413,-0.19799594114662544,-0.13941825476429248
2023-08-19 00:00:00+00:00,-0.341040462427745,-0.0708863995397111,-0.08893132894988309,-0.003641329085117828,-0.19076610857432708,-0.15346038114342986
2023-08-20 00:00:00+00:00,-0.3526011560693635,-0.06749654730679155,-0.08035904291599782,-0.009103322712791906,-0.1902587519025869,-0.16649949849548606
2023-08-21 00:00:00+00:00,-0.3699421965317913,-0.06980475148975729,-0.09018634218208799,-0.03504779244424383,-0.20700152207001443,-0.1995987963891671
2023-08-22 00:00:00+00:00,-0.38150289017340977,-0.07276593214527594,-0.10826944588437692,-0.06417842512517236,-0.20674784373414434,-0.19859578736208594
2023-08-23 00:00:00+00:00,-0.364161849710982,-0.05900892128215418,-0.0837148391673278,-0.010923987255349932,-0.19101978691019694,-0.16649949849548618
2023-08-24 00:00:00+00:00,-0.45664739884393013,-0.06837916926723753,-0.09395683845797254,-0.04187528447883648,-0.20027904616945635,-0.17552657973921748
2023-08-25 00:00:00+00:00,-0.4913294797687856,-0.07247113142593353,-0.09806018606935496,-0.07055075102412545,-0.19977168949771618,-0.1825476429287861
2023-08-26 00:00:00+00:00,-0.4971098265895949,-0.07392875720490355,-0.10168335470493739,-0.07692307692307865,-0.20256215119228738,-0.18856569709127358
2023-08-27 00:00:00+00:00,-0.4797687861271672,-0.07104590524292986,-0.09551742012932296,-0.05370960400546376,-0.19901065449010558,-0.19458375125376115
2023-08-28 00:00:00+00:00,-0.5086705202312134,-0.07052323923327486,-0.09845305977682794,-0.06463359126081192,-0.195585996955859,-0.17552657973921748
2023-08-29 00:00:00+00:00,-0.4797687861271672,-0.012901447905898977,-0.056350094125994565,-0.008192990441513115,-0.15791476407914662,-0.16048144433299893
2023-08-30 00:00:00+00:00,-0.4971098265895949,-0.027819503631067777,-0.06937494884457152,-0.0523441055985453,-0.16438356164383472,-0.18254764292878622
2023-08-31 00:00:00+00:00,-0.5317919075144504,-0.076529981909631,-0.10202711919897622,-0.10195721438325156,-0.19127346524606714,-0.19859578736208616
2023-09-01 00:00:00+00:00,-0.5491329479768782,-0.08146112920780735,-0.11139060922707755,-0.12061902594447138,-0.19013191273465146,-0.20762286860581725
2023-09-02 00:00:00+00:00,-0.543352601156069,-0.07897704150388118,-0.10682345237770641,-0.11288120163859972,-0.1946981227803135,-0.2146439317953861
2023-09-03 00:00:00+00:00,-0.5375722543352597,-0.07531659923871503,-0.10745641557307928,-0.10923987255348355,-0.1988838153221706,-0.22868605817452348
2023-09-04 00:00:00+00:00,-0.5375722543352597,-0.08083984025218849,-0.11070308023900022,-0.11197086936732048,-0.19786910197869,-0.24774322968906703
2023-09-05 00:00:00+00:00,-0.5375722543352597,-0.08195175166101198,-0.10848770905519534,-0.07783340919435744,-0.1883561643835605,-0.23269809428284838
2023-09-06 00:00:00+00:00,-0.5375722543352597,-0.08313736324967091,-0.10929528278722278,-0.10605370960400706,-0.19317605276509286,-0.22868605817452337
2023-09-07 00:00:00+00:00,-0.5317919075144504,-0.06487111191496764,-0.10095762966196686,-0.09376422394174033,-0.19292237442922278,-0.22968906720160465
2023-09-08 00:00:00+00:00,-0.5375722543352597,-0.07760379709022991,-0.10723269582299044,-0.10741920801092553,-0.1922881785895475,-0.23771313941825445
2023-09-09 00:00:00+00:00,-0.543352601156069,-0.07791426354828113,-0.1077019616402497,-0.11515703231679708,-0.19622019279553438,-0.24072216649949818
2023-09-10 00:00:00+00:00,-0.589595375722543,-0.08021926337560203,-0.11779117671132167,-0.1697769685935382,-0.2226027397260265,-0.2617853560682044
2023-09-11 00:00:00+00:00,-0.6127167630057799,-0.10430889703586277,-0.15339535645104274,-0.19344560764679264,-0.23313039066463637,-0.2918756268806416
2023-09-12 00:00:00+00:00,-0.6184971098265892,-0.07998178501835407,-0.13071781300303031,-0.1843422849340024,-0.22780314561136394,-0.28084252758274797
2023-09-13 00:00:00+00:00,-0.6127167630057799,-0.06619771515200767,-0.1225984230485927,-0.1624943104233061,-0.2231100963977668,-0.27281845536609795
2023-09-14 00:00:00+00:00,-0.6069364161849709,-0.05529685328715095,-0.11220909611764585,-0.14155666818388868,-0.21220192795535175,-0.2617853560682042
2023-09-15 00:00:00+00:00,-0.6011560693641615,-0.05273942144290533,-0.10431342591329684,-0.12881201638598228,-0.20712836123794942,-0.252758274824473
2023-09-16 00:00:00+00:00,-0.6069364161849709,-0.05403398112349511,-0.10792568139033831,-0.12926718252162184,-0.21156773211567637,-0.25877632898696046
2023-09-17 00:00:00+00:00,-0.6358381502890171,-0.055316079421021125,-0.114500859411237,-0.14337733272644648,-0.2201927955352604,-0.27582748244734157
2023-09-18 00:00:00+00:00,-0.6358381502890171,-0.046959831977829825,-0.10665429842032215,-0.10514337733272794,-0.2135971588026373,-0.27281845536609795
2023-09-19 00:00:00+00:00,-0.6300578034682078,-0.03089532901077441,-0.10316754426650132,-0.08784706417842669,-0.20497209538305328,-0.256770310932798
2023-09-20 00:00:00+00:00,-0.6358381502890171,-0.034192967009020525,-0.11473003574059604,-0.07646791078743909,-0.20560629122272855,-0.2537612838515543
2023-09-21 00:00:00+00:00,-0.6473988439306355,-0.05409308368317001,-0.1356560172427923,-0.11424670004551807,-0.2224759005580914,-0.27281845536609795
2023-09-22 00:00:00+00:00,-0.5895953757225431,-0.053534457682387515,-0.1306959866859484,-0.1160673645880761,-0.2196854388635201,-0.26780341023069176
2023-09-23 00:00:00+00:00,-0.61271676300578,-0.053454348791261874,-0.13027037350285287,-0.11333636777423917,-0.2198122780314551,-0.24674022066198564
2023-09-24 00:00:00+00:00,-0.61271676300578,-0.06498896099480111,-0.13744577524350166,-0.11879836140191324,-0.23008625063419497,-0.2668004012036105
2023-09-25 00:00:00+00:00,-0.5895953757225431,-0.0636897728005017,-0.1334733855346102,-0.11743286299499467,-0.22716894977168867,-0.26880641925777304
2023-09-26 00:00:00+00:00,-0.6011560693641615,-0.06672821403101703,-0.13061959457616212,-0.13427401001365646,-0.23148148148148062,-0.2718154463390168
2023-09-27 00:00:00+00:00,-0.5780346820809246,-0.061472714733661005,-0.12818596022153905,-0.1297223486572614,-0.23287671232876628,-0.27683049147442296
2023-09-28 00:00:00+00:00,-0.5780346820809246,-0.03772487900886945,-0.09808201238643699,-0.09057806099226373,-0.2199391171993904,-0.2668004012036105
2023-09-29 00:00:00+00:00,-0.5433526011560691,-0.04191902450869012,-0.09014814612719502,-0.0773782430587181,-0.2116945712836117,-0.2657973921765292
2023-09-30 00:00:00+00:00,-0.5375722543352598,-0.03996543568377375,-0.08822197364472428,-0.027765134274011727,-0.21258244545915705,-0.2647943831494479
2023-10-01 00:00:00+00:00,-0.5317919075144506,-0.003284820575664038,-0.054134722942189795,0.08602639963586522,-0.1987569761542357,-0.24573721163490425
2023-10-02 00:00:00+00:00,-0.5722543352601153,-0.02063427015637398,-0.09267999890868639,0.06326809285388979,-0.21321664129883244,-0.2657973921765291
2023-10-03 00:00:00+00:00,-0.5838150289017339,-0.023431316594964113,-0.09586664120263222,0.07464724624487729,-0.22133434804667618,-0.2698094282848541
2023-10-04 00:00:00+00:00,-0.5838150289017339,-0.010573305510029773,-0.10141598232068538,0.05325443786982054,-0.2204464738711308,-0.2738214643931791
2023-10-05 00:00:00+00:00,-0.5953757225433522,-0.023932264194136188,-0.12055220582217219,0.03277196176604269,-0.22805682394723437,-0.2838515546639916
2023-10-06 00:00:00+00:00,-0.5838150289017338,-0.004990249857848905,-0.10188524813794442,0.06645425580336628,-0.22120750887874108,-0.2738214643931792
2023-10-07 00:00:00+00:00,-0.5895953757225431,-0.004026094848212702,-0.10804572613428842,0.0609922621756922,-0.2204464738711308,-0.2738214643931792
2023-10-08 00:00:00+00:00,-0.5895953757225431,-0.005454525386861309,-0.10860775379914545,0.05780609922621571,-0.2265347539320136,-0.2788365095285855
2023-10-09 00:00:00+00:00,-0.61271676300578,-0.01737472838635179,-0.13772406078629507,0.005917159763312085,-0.2546930492135966,-0.3059177532597791
2023-10-10 00:00:00+00:00,-0.6300578034682078,-0.024615504025558455,-0.14458298092925737,0.006372325898951647,-0.24999999999999933,-0.30692076228686027
2023-10-11 00:00:00+00:00,-0.6300578034682078,-0.043278739420728574,-0.14521594412463024,0.0018206645425566936,-0.257864028411973,-0.31995987963891637
2023-10-12 00:00:00+00:00,-0.6416184971098263,-0.04737248177700515,-0.15999781736829366,-0.030951297223487995,-0.2658548959918817,-0.3189568706118352
2023-10-13 00:00:00+00:00,-0.6300578034682078,-0.04357460825861914,-0.15307341827408605,-0.005917159763315083,-0.25938609842719385,-0.30692076228686027
2023-10-14 00:00:00+00:00,-0.6300578034682078,-0.04387296937312257,-0.15149101028565393,0.0013654984069169096,-0.24099441907661034,-0.29488465396188546
2023-10-15 00:00:00+00:00,-0.6184971098265893,-0.032376809437323684,-0.1498704062423286,-0.0013654984069201292,-0.24771689497716842,-0.29989969909729164
2023-10-16 00:00:00+00:00,-0.6069364161849709,0.015366665515474498,-0.12689820751371161,0.09103322712789974,-0.2387113140537792,-0.2878635907723167
2023-10-17 00:00:00+00:00,-0.6358381502890171,0.011489039145478941,-0.14582708100292108,0.09012289485662084,-0.2508878741755448,-0.30892678034102283
2023-10-18 00:00:00+00:00,-0.6358381502890171,0.008591233523828734,-0.14677652579598033,0.06599908966772694,-0.2565956367326224,-0.32096288866599776
2023-10-19 00:00:00+00:00,-0.6358381502890171,0.02303611273208217,-0.1446539164597732,0.13518434228493192,-0.25329781836631093,-0.3139418254764291
2023-10-20 00:00:00+00:00,-0.6184971098265892,0.05688087309434531,-0.1242954192017044,0.2307692307692284,-0.23985286656519478,-0.30792377131394166
2023-10-21 00:00:00+00:00,-0.5953757225433522,0.06541549633510968,-0.1108831473549251,0.33500227583067566,-0.2237442922374424,-0.29087261785356056
2023-10-22 00:00:00+00:00,-0.5664739884393061,0.06816981803176603,-0.09192699096936319,0.3222576240327697,-0.21727549467275442,-0.2848545636910731
2023-10-23 00:00:00+00:00,-0.41618497109826547,0.17792398342707538,-0.03619349030093244,0.4528903049613082,-0.144596651445966,-0.24573721163490458
2023-10-24 00:00:00+00:00,-0.46820809248554873,0.2078113645677333,-0.025891468638312598,0.373691397360034,-0.15575849822425125,-0.2577733199598795
2023-10-25 00:00:00+00:00,-0.30057803468208033,0.2284573840281412,-0.02454369355851005,0.47655894401456256,-0.1330542871638759,-0.21765295887662983
2023-10-26 00:00:00+00:00,-0.26589595375722497,0.21612631142705507,-0.015785883829429248,0.49157942649066655,-0.08840690005073515,-0.20661985957873596
2023-10-27 00:00:00+00:00,-0.3294797687861267,0.20724811005324106,-0.02873980301749024,0.444697314519797,-0.14015728056823906,-0.22768304914744208
2023-10-28 00:00:00+00:00,-0.3410404624277451,0.21374049062957656,-0.03058958339017459,0.4406008192990414,-0.12430238457635667,-0.20160481444332978
2023-10-29 00:00:00+00:00,-0.3410404624277451,0.22959599840067302,-0.02016751698360475,0.49476558944014304,-0.12011669203449993,-0.19558676028084243
2023-10-30 00:00:00+00:00,-0.3236994219653174,0.22814264509589632,-0.012441000736640118,0.5908056440600793,-0.11681887366818844,-0.2006018054162486
2023-10-31 00:00:00+00:00,-0.3352601156069359,0.23395214188032565,-0.009385316345185135,0.7492034592626278,-0.13394216133942138,-0.21965897693079228
2023-11-01 00:00:00+00:00,-0.31213872832369893,0.26179550015897424,0.008173955747140083,0.8739189804278529,-0.12531709791983736,-0.19959879638916733
2023-11-02 00:00:00+00:00,-0.3699421965317915,0.2442566375556916,-0.017084549695797868,0.8320436959490181,-0.13863521055301842,-0.21163490471414237
2023-11-03 00:00:00+00:00,-0.3757225433526007,0.236606416472954,0.0005783974026662975,0.7969959035047758,-0.13609842719431708,-0.21564694082246727
2023-11-04 00:00:00+00:00,-0.3526011560693637,0.24920345059257687,0.01341227184677729,0.9317250796540699,-0.1234145104008113,-0.2016048144433299
2023-11-05 00:00:00+00:00,-0.3526011560693637,0.24754359436845452,0.033083240116768664,0.8752844788347711,-0.09804667681379964,-0.18455366098294868
2023-11-06 00:00:00+00:00,-0.30635838150288974,0.24808192611681834,0.0376503969661397,0.9194355939918035,-0.030821917808218635,-0.15145436308926752
2023-11-07 00:00:00+00:00,-0.3236994219653174,0.2611578333856144,0.02917632935912251,0.9549385525716851,-0.06900050735667118,-0.1785356068204612
2023-11-08 00:00:00+00:00,-0.31213872832369893,0.2688653768304463,0.030775107085365905,0.9631315430131961,-0.04426686960933501,-0.1695085255767299
2023-11-09 00:00:00+00:00,-0.23121387283236938,0.30681242449737267,0.1574113987940935,1.062357760582609,-0.06684424150177537,-0.17552657973921748
2023-11-10 00:00:00+00:00,-0.21965317919075078,0.3287932361036914,0.1341609145226832,1.5817023213472865,-0.04312531709791956,-0.1484453360080238
2023-11-11 00:00:00+00:00,-0.26589595375722486,0.32240980361928684,0.1205249229258154,1.5644060081929854,-0.003932014205986434,-0.08826479438314927
2023-11-12 00:00:00+00:00,-0.29479768786127103,0.32018598080163985,0.11608872397893522,1.5625853436504271,-0.010908168442414712,-0.10431293881644921
2023-11-13 00:00:00+00:00,-0.3294797687861266,0.29892152070174216,0.12095599268818136,1.3491124260354983,-0.05428716387620458,-0.14343029087261772
2023-11-14 00:00:00+00:00,-0.3352601156069358,0.26576356056606243,0.0802171718549618,1.5867091488393212,-0.08117706747843689,-0.16349047141424267
2023-11-15 00:00:00+00:00,-0.27167630057803394,0.34882686759638326,0.12385343628079304,1.981338188438774,-0.03259766615930959,-0.11835506519558658
2023-11-16 00:00:00+00:00,-0.3410404624277449,0.28752505183045485,0.07032985021689653,1.6299499317250743,0.009132420091324533,-0.14744232698094273
2023-11-17 00:00:00+00:00,-0.3352601156069358,0.30404172498297477,0.07036804627178972,1.6645425580336766,0.10007610350076135,-0.11534603811434296
2023-11-18 00:00:00+00:00,-0.3352601156069358,0.30279095816286716,0.07149210160150354,1.6663632225762348,0.018645357686453812,-0.1404212637913742
2023-11-19 00:00:00+00:00,-0.3121387283236988,0.3311833293753632,0.0981147518620551,1.7824305871643094,0.021308980213089912,-0.12838515546639917
2023-11-20 00:00:00+00:00,-0.3468208092485544,0.33431718919619713,0.10365863640083761,1.5762403277196122,-0.014205986808726423,-0.1534603811434302
2023-11-21 00:00:00+00:00,-0.3988439306358377,0.2731517365649403,0.0551714730035715,1.3513882567136952,-0.08942161339421595,-0.2236710130391173
2023-11-22 00:00:00+00:00,-0.3583815028901729,0.3324494058946639,0.12628161405614535,1.6208466090122835,-0.039066463723998024,-0.1875626880641924
2023-11-23 00:00:00+00:00,-0.38150289017341,0.327998199864209,0.1254904100619294,1.5698680018206588,-0.03335870116692041,-0.18555667001002996
2023-11-24 00:00:00+00:00,-0.358381502890173,0.34358810215628477,0.1361907620112921,1.588074647246239,-0.007737189244038656,-0.17753259779338004
2023-11-25 00:00:00+00:00,-0.31791907514450823,0.345897730497315,0.13718385943851508,1.6777423759672216,0.0017757483510907335,-0.15045135406218646
2023-11-26 00:00:00+00:00,-0.3526011560693637,0.3337315041921898,0.12569776007420663,1.620391442876644,-0.0017757483510907335,-0.16750250752256757
2023-11-27 00:00:00+00:00,-0.3757225433526007,0.3261151068634831,0.10641420893241738,1.5065999089667672,-0.00025367833587019994,-0.17753259779338004
2023-11-28 00:00:00+00:00,-0.3699421965317915,0.34713354365774585,0.11810765830900305,1.6495220755575728,0.025748351090816746,-0.1664994984954864
2023-11-29 00:00:00+00:00,-0.3930635838150285,0.34803325551496567,0.10723269582298567,1.6986800182066393,0.0211821410451547,-0.1755265797392177
2023-11-30 00:00:00+00:00,-0.3699421965317914,0.3433221406377476,0.12019752816958729,1.6982248520709997,0.05821917808219168,-0.16750250752256757
2023-12-01 00:00:00+00:00,-0.3583815028901728,0.3778672307282065,0.139448339835754,1.7209831588529751,0.06392694063926929,-0.16048144433299893
2023-12-02 00:00:00+00:00,-0.3236994219653172,0.40526482753268067,0.1816768068098078,1.8998634501593012,0.09373414510400813,-0.144433299899699
2023-12-03 00:00:00+00:00,-0.3063583815028895,0.4234790970980311,0.19705344719395113,1.8675466545288963,0.08764586504312533,-0.09428284854563684
2023-12-04 00:00:00+00:00,-0.19653179190751358,0.49481090207240164,0.22404714484489374,1.8029130632680865,0.16552511415525117,-0.07622868605817457
2023-12-05 00:00:00+00:00,-0.06358381502890087,0.5697447588312956,0.2516738056912091,1.7769685935366346,0.19672754946727578,-0.049147442326980983
2023-12-06 00:00:00+00:00,-0.14450867052023042,0.5584209220212959,0.21843232477559504,1.8156577150659925,0.20345002536783396,-0.024072216649950073
2023-12-07 00:00:00+00:00,-0.12138728323699344,0.5411177575776804,0.28599023272310253,2.0851160673645808,0.2167681380010149,-0.019057171514544002
2023-12-08 00:00:00+00:00,-0.09248554913294715,0.5732026146117932,0.28717431042479125,2.411015020482468,0.2899543378995435,0.02407221664994963
2023-12-09 00:00:00+00:00,-0.11560693641618414,0.5567115763044337,0.27745614274411023,2.2885753299954406,0.24936580416032483,0.0030090270812435094
2023-12-10 00:00:00+00:00,-0.07514450867051925,0.5591564996615872,0.28355659836847935,2.4050978607191547,0.2924911212582446,0.036108324974924555
2023-12-11 00:00:00+00:00,-0.18497109826589497,0.46814959498725117,0.21359779554197145,2.1970869367318993,0.19406392694063923,-0.04513540621865608
2023-12-12 00:00:00+00:00,-0.19653179190751346,0.47660054894172865,0.20171882247019024,2.1197086936731835,0.1893708777270422,-0.03911735205616862
2023-12-13 00:00:00+00:00,-0.18497109826589497,0.5269662549307053,0.233579788830379,2.21483841602184,0.22298325722983248,-0.016048144433299938
2023-12-14 00:00:00+00:00,-0.1445086705202302,0.5320594002087131,0.26376012877526755,2.4446973145197917,0.24759005580923366,0.012036108324974926
2023-12-15 00:00:00+00:00,-0.23699421965317824,0.49319982326198697,0.21153520857773955,2.300864815657707,0.17947742262810729,-0.03711133400200606
2023-12-16 00:00:00+00:00,-0.18497109826589497,0.504026984947008,0.21525659564018995,2.353208921256251,0.23160832064941617,0.16449348044132406
2023-12-17 00:00:00+00:00,-0.23121387283236905,0.4722027488386906,0.19763184459661942,2.2212107419207934,0.1779553526128863,0.031093279839518484
2023-12-18 00:00:00+00:00,-0.24277456647398754,0.5185181492923561,0.21067852563227807,2.3868912152935744,0.16844241501775703,0.04714142427281831
2023-12-19 00:00:00+00:00,-0.277456647398843,0.5049106750260024,0.18810465719040437,2.323623122439683,0.14396245560629106,0.014042126379137265
2023-12-20 00:00:00+00:00,-0.26589595375722463,0.5548213625133853,0.20155512509207663,2.7428311333636697,0.1604515474378485,0.02708124373119336
2023-12-21 00:00:00+00:00,-0.24855491329479673,0.5621237329888795,0.22220827763075013,3.2735548475193355,0.20484525621511884,0.04613841524573692
2023-12-22 00:00:00+00:00,-0.08670520231213763,0.5668601266717417,0.2694895370092458,3.461083295402813,0.205479452054794,0.09528585757271779
2023-12-23 00:00:00+00:00,-0.1502890173410395,0.5570587148326445,0.26021880882874204,3.9135184342284823,0.18569254185692485,0.11133400200601762
2023-12-24 00:00:00+00:00,-0.20231213872832277,0.53179308265066,0.23614438108749303,4.122439690487016,0.16412988330796496,0.06920762286860538
2023-12-25 00:00:00+00:00,-0.18497109826589497,0.5521111897167272,0.2395983957656913,4.505234410559842,0.19698122780314486,0.10531594784353016
2023-12-26 00:00:00+00:00,-0.22543352601155975,0.5137846039256233,0.21733009576296314,4.119708693673179,0.15892947742262753,0.06318956870611792
2023-12-27 00:00:00+00:00,-0.16763005780346718,0.5476802779386905,0.2988513900635661,3.8670914883932523,0.18810248604769098,0.09327983951855523
2023-12-28 00:00:00+00:00,-0.22543352601155975,0.5163345589400303,0.27980792840967683,3.6358670914883824,0.16400304414002997,0.06419257773319909
2023-12-29 00:00:00+00:00,-0.22543352601155975,0.49798606247710464,0.2548167953509912,3.833409194355929,0.15436326737696526,0.0461384152457367
2023-12-30 00:00:00+00:00,-0.24277456647398754,0.5005652127318334,0.2504569885138974,3.6381429221665806,0.14167935058345948,0.0461384152457367
2023-12-31 00:00:00+00:00,-0.25433526011560603,0.5053400586824359,0.24484216844459894,3.6304050978607094,0.1352105530187715,0.03811434302908667
2024-01-01 00:00:00+00:00,-0.18497109826589486,0.5736095677787116,0.2837421220636749,4.007737824305861,0.16692034500253605,0.07121364092276772
2024-01-02 00:00:00+00:00,-0.22543352601155964,0.6011218093073742,0.2857228603388502,3.859353664087382,0.15550481988838083,0.05917753259779279
2024-01-03 00:00:00+00:00,-0.3179190751445078,0.5257745906702722,0.20621504378904554,3.4874829312699047,0.04046169457128301,-0.039117352056169175
2024-01-04 00:00:00+00:00,-0.2716763005780337,0.5734945670150067,0.23835429569202726,3.780154756486107,0.06646372399796996,0.0030090270812430653
2024-01-05 00:00:00+00:00,-0.3063583815028893,0.5729430618045466,0.2387580825580411,3.5521165225307145,0.049213597158802136,-0.013039117352056873
2024-01-06 00:00:00+00:00,-0.3294797687861263,0.5661583727854818,0.22321774479578438,3.270823850705499,0.02270421106037479,-0.036108324974925665
2024-01-07 00:00:00+00:00,-0.35838150289017245,0.5648235806395709,0.21285024418191933,3.073281747837953,-0.007102993404363711,-0.09327983951855645
2024-01-08 00:00:00+00:00,-0.31213872832369827,0.6729634628688201,0.27283442010203496,3.4610832954028146,0.0320903094875693,-0.039117352056169286
2024-01-09 00:00:00+00:00,-0.3063583815028891,0.6421610601717496,0.27955146918396534,3.5266272189349044,0.0049467275494667895,-0.03009027081243798
2024-01-10 00:00:00+00:00,-0.23121387283236872,0.6615466997451147,0.4103565874553208,3.643149749658619,0.0535261288685942,0.0010030090270802816
2024-01-11 00:00:00+00:00,-0.20809248554913173,0.6503553096351091,0.4289198701334098,3.5471096950386825,0.07280568239472318,0.0180541624874615
2024-01-12 00:00:00+00:00,-0.2832369942196521,0.5230095877881324,0.3762093143808114,3.1902594446973076,0.015728056823946845,-0.034102306920763104
2024-01-13 00:00:00+00:00,-0.2832369942196521,0.525244447830779,0.406646113551411,3.3623122439690416,0.0265093860984269,-0.00902708124373186
2024-01-14 00:00:00+00:00,-0.3121387283236984,0.484841083542183,0.3482879982538911,3.2694583522985816,0.01445966514459629,-0.040120361083250455
2024-01-15 00:00:00+00:00,-0.3063583815028892,0.5128567649466309,0.36966687583553504,3.2931269913518353,0.027777777777777457,-0.04312938816449419
2024-01-16 00:00:00+00:00,-0.2832369942196521,0.5356297644763026,0.4115679480533614,3.4419663177059547,0.031329274479958924,-0.03009027081243809
2024-01-17 00:00:00+00:00,-0.3005780346820799,0.5216869009857694,0.3794723487845433,3.6458807464724536,0.021435819381024457,-0.04513540621865675
2024-01-18 00:00:00+00:00,-0.34104046242774466,0.46996895691459284,0.3470111587046043,3.292671825216196,-0.010400811770675089,-0.07723169508525651
2024-01-19 00:00:00+00:00,-0.34682080924855396,0.48203121968101303,0.35871552123973105,3.2598998634501513,-0.0043125317097924,-0.06720160481444404
2024-01-20 00:00:00+00:00,-0.32947976878612617,0.4838687396236765,0.3479442337598522,3.2216659080564325,0.1484018264840179,-0.02908726178535692
2024-01-21 00:00:00+00:00,-0.35260115606936304,0.4800623211569035,0.33978119117125094,3.1420118343195185,0.08282597666159286,-0.06318956870611925
2024-01-22 00:00:00+00:00,-0.39306358381502793,0.40719741002614684,0.2613101246828329,2.8115612198452355,0.0204211060375441,-0.1053159478435316
2024-01-23 00:00:00+00:00,-0.3988439306358371,0.4197588401941583,0.22299402504569565,2.8365953573054092,-0.008625063419584245,-0.11334002006018151
2024-01-24 00:00:00+00:00,-0.3988439306358371,0.4269572471309475,0.21907074455023823,3.03914428766499,0.0021562658548957003,-0.10832497492477533
2024-01-25 00:00:00+00:00,-0.4046242774566463,0.42208377823438137,0.20999645322347105,2.953573054164763,-0.012430238457636023,-0.11133400200601906
2024-01-26 00:00:00+00:00,-0.3757225433526,0.48883442275491573,0.23718658772815004,3.197997269003179,0.012557077625570345,-0.09428284854563784
2024-01-27 00:00:00+00:00,-0.3641618497109814,0.49978156975686705,0.2375358088014592,3.2903959945379997,0.016489091831557,-0.08525576730190654
2024-01-28 00:00:00+00:00,-0.3815028901734093,0.49639563395862485,0.23133167817095157,3.3682294037323555,-0.00025367833587075506,-0.09729187562688146
2024-01-29 00:00:00+00:00,-0.3872832369942185,0.5417322817824937,0.2645677025072952,3.6276741010468747,0.0318366311516991,-0.07723169508525662
2024-01-30 00:00:00+00:00,-0.4161849710982648,0.5289632805765878,0.27853108886039024,3.615384615384608,0.011288685946219568,-0.09227683049147528
2024-01-31 00:00:00+00:00,-0.4739884393063575,0.5151290091384695,0.24506588819468766,3.41010468821119,-0.0013952308472863217,-0.10330992978936882
2024-02-01 00:00:00+00:00,-0.4682080924855483,0.5335761285473584,0.25683572968105994,3.450614474283106,0.006088280060882134,-0.09428284854563773
2024-02-02 00:00:00+00:00,-0.462427745664739,0.5374395133367096,0.259296646932035,3.5748748293126917,0.0049467275494665675,-0.09027081243731283
2024-02-03 00:00:00+00:00,-0.4682080924855483,0.530952829392632,0.25275966496602953,3.4560764679107807,-0.0017757483510912886,-0.08625877632898793
2024-02-04 00:00:00+00:00,-0.4855491329479761,0.5156676969263501,0.2488363844705721,3.3431952662721827,-0.007102993404363822,-0.10832497492477522
2024-02-05 00:00:00+00:00,-0.4797687861271668,0.5190269297608838,0.2545548795460093,3.3468365953572983,-0.007483510908169011,-0.10732196589769405
2024-02-06 00:00:00+00:00,-0.4797687861271668,0.5342280369013632,0.29440973453741504,3.4082840236686307,-0.0046930492135977,-0.11133400200601895
2024-02-07 00:00:00+00:00,-0.4393063583815019,0.57864503465511,0.3228548822742987,3.602184797451061,0.016108574327752034,-0.09127382146439422
2024-02-08 00:00:00+00:00,-0.4450867052023112,0.6130231422125116,0.3203775952855119,3.6786527082384985,0.013064434297310523,-0.07522567703109428
2024-02-09 00:00:00+00:00,-0.4104046242774556,0.6788769231919551,0.3573895724770104,3.8684569868001732,0.0350076103500756,-0.058174523570713066
2024-02-10 00:00:00+00:00,-0.4161849710982648,0.7007338330466659,0.3646195400103638,3.964497041420109,0.03310502283104966,-0.055165496489469446
2024-02-11 00:00:00+00:00,-0.4219653179190741,0.7200682029297107,0.3684609718167644,3.892125625853428,0.030568239472348546,-0.056168505516550726
2024-02-12 00:00:00+00:00,-0.3757225433526,0.7781670872086792,0.451755654380265,4.085571233500219,0.043378995433789536,-0.035105315947844606
2024-02-13 00:00:00+00:00,-0.3757225433526,0.7706952419235147,0.44140998008348165,4.123805188893937,0.028665651953322824,-0.05015045135406304
2024-02-14 00:00:00+00:00,-0.27745664739884257,0.8458580320912701,0.5155703489482402,4.330450614474274,0.08523592085235854,-0.021063189568707008
2024-02-15 00:00:00+00:00,-0.28323699421965187,0.8490759172379065,0.5416746241780985,4.171142467000446,0.0829528158295274,-0.010030090270813363
2024-02-16 00:00:00+00:00,-0.32369942196531665,0.8572188970109458,0.5300521103320288,4.025034137460165,0.09056316590563096,-0.009027081243732193
2024-02-17 00:00:00+00:00,-0.31213872832369816,0.8396127429391176,0.5207486426759025,3.959490213928075,0.06024860476915195,-0.034102306920763326
2024-02-18 00:00:00+00:00,-0.2947976878612705,0.8563661823698534,0.5722587509890009,4.108784706417834,0.08066971080669627,-0.02306920762286957
2024-02-19 00:00:00+00:00,-0.2890173410404612,0.8436160512583015,0.6069625951490967,4.077378243058709,0.1343226788432259,-0.007021063189569632
2024-02-20 00:00:00+00:00,-0.31213872832369827,0.8610039531067517,0.6453059776825862,3.9317250796540666,0.09297311009639686,-0.02206619859578829
2024-02-21 00:00:00+00:00,-0.33526011560693525,0.8462201242791578,0.6198783182822645,3.781975421028669,0.07305936073059272,-0.04212637913741313
2024-02-22 00:00:00+00:00,-0.30057803468207955,0.8251892261018308,0.62042397620931,3.6285844333181547,0.06595636732622956,-0.04413239719157558
2024-02-23 00:00:00+00:00,-0.30635838150288885,0.806689412844557,0.5944670286197538,3.5466545289030433,0.07179096905124216,-0.04513540621865686
2024-02-24 00:00:00+00:00,-0.24277456647398687,0.8362599188158739,0.6327994979947025,3.73554847519344,0.09271943176052688,-0.033099297893681934
2024-02-25 00:00:00+00:00,-0.2080924855491313,0.8417080354914472,0.6985294518866076,3.709604005461988,0.09284627092846187,-0.03109327983951926
2024-02-26 00:00:00+00:00,0.046242774566476186,0.9410768842412327,0.7342318500531968,4.005461993627668,0.13330796549974555,0.010030090270811476
2024-02-27 00:00:00+00:00,0.5317919075144539,1.0319744847841217,0.7699451613783272,3.934911242603544,0.2384576357179089,0.09327983951855479
2024-02-28 00:00:00+00:00,0.8381502890173447,1.225499763767786,0.8477832646713725,4.415566681838864,0.47387113140537696,0.1755265797392167
2024-02-29 00:00:00+00:00,0.5780346820809281,1.178234805924645,0.8237197500886644,4.721438324988612,0.48909183155758407,0.26078234704112235
2024-03-01 00:00:00+00:00,1.306358381502895,1.2227992040380626,0.8748260715357494,4.895311788802904,0.7694063926940631,0.6950852557673008
2024-03-02 00:00:00+00:00,1.5317919075144562,1.208811835608015,0.8681417619294418,4.923987255348194,0.8023845763571782,1.2668004012036094
2024-03-03 00:00:00+00:00,2.427745664739891,1.2483692500063244,0.9041115324802835,4.928538916704589,0.948249619482495,1.2597793380140407
2024-03-04 00:00:00+00:00,3.0578034682080997,1.4331256317476218,0.981747742340322,5.070095584888477,1.3135464231354632,2.609829488465394
2024-03-05 00:00:00+00:00,2.6531791907514517,1.271678445047264,0.9414127083731161,4.715976331360939,0.9495180111618458,2.5285857572718133
2024-03-06 00:00:00+00:00,3.1676300578034757,1.3539755550389083,1.0850626142471236,4.957669549385518,1.0027904616945702,2.3380140421263773
2024-03-07 00:00:00+00:00,2.947976878612724,1.3829066140392845,1.1141298120208392,5.557578516158388,1.0015220700152194,2.1644934804413225
2024-03-08 00:00:00+00:00,4.231213872832379,1.430660058098534,1.1236842823234063,5.604915794264898,1.0915778792491104,2.5356068204613824
2024-03-09 00:00:00+00:00,4.07514450867053,1.4369594652571358,1.1353122527487471,5.580791989076005,1.272957889396244,2.5125376128385137
2024-03-10 00:00:00+00:00,3.9479768786127245,1.4575104221667408,1.1181676806809762,5.579881656804726,1.1600710299340422,2.2988966900702086
2024-03-11 00:00:00+00:00,4.231213872832378,1.5668975108209366,1.2185087168853794,5.776058261265354,1.3084728564180605,2.396188565697089
2024-03-12 00:00:00+00:00,3.786127167630066,1.543884540657404,1.171407524622809,5.875284478834768,1.1334348046676799,2.2316950852557653
2024-03-13 00:00:00+00:00,4.213872832369951,1.6032929382766392,1.1867023163178954,6.461538461538455,1.144850329781835,2.214643931795384
2024-03-14 00:00:00+00:00,4.751445086705211,1.540945790491401,1.117589283278308,7.040054619936267,1.247590055809232,2.2306920762286837
2024-03-15 00:00:00+00:00,4.156069364161858,1.47438171067731,1.042092052492288,7.367774237596715,1.0738203957382026,1.9989969909729166
2024-03-16 00:00:00+00:00,3.294797687861278,1.3235334643321446,0.920759555834443,7.281747837960847,0.8061897513952296,1.5406218655967887
2024-03-17 00:00:00+00:00,3.5317919075144575,1.4340445697387119,0.9870733637082869,8.180245789713236,0.9558599695585983,1.9598796389167488
2024-03-18 00:00:00+00:00,2.930635838150295,1.407163230232603,0.9208850571576634,7.917159763313601,0.8201420598680857,1.6910732196589753
2024-03-19 00:00:00+00:00,2.81502890173411,1.2047398116622219,0.723427823097696,6.73372781065088,0.6324200913241997,1.4934804413239706
2024-03-20 00:00:00+00:00,3.8381502890173484,1.4159880256790003,0.9188934057239473,7.735548475193436,0.9292237442922362,1.78335005015045
2024-03-21 00:00:00+00:00,3.5664739884393146,1.3318174357535653,0.9054811338771682,7.16750113791533,0.9710806697108052,1.7281845536609817
2024-03-22 00:00:00+00:00,3.28901734104047,1.272137023944019,0.8209041551851104,6.97314519799726,0.9393708777270406,1.6619859578736196
2024-03-23 00:00:00+00:00,3.2369942196531865,1.2788102725945403,0.8173082694458802,6.861629494765581,1.0535261288685929,1.7201604814443319
2024-03-24 00:00:00+00:00,3.5260115606936484,1.392882129201762,0.8849480260824447,7.365498406918515,1.238711314053778,1.8164493480441308
2024-03-25 00:00:00+00:00,3.682080924855499,1.488440643050097,0.9594357897034307,7.6030951297223375,1.2234906139015713,1.8796389167502494
2024-03-26 00:00:00+00:00,3.6473988439306426,1.491928406149948,0.9576023790685577,7.6695493855257055,1.312278031456112,2.07422266800401
2024-03-27 00:00:00+00:00,3.4104046242774633,1.472141154002407,0.9096772433361486,7.476558944014554,1.4137493658041587,2.0260782347041104
2024-03-28 00:00:00+00:00,3.6358381502890245,1.520388424870506,0.9431424440018512,7.633136094674546,1.790461694571282,2.21163490471414
2024-03-29 00:00:00+00:00,3.473988439306366,1.4888486643355634,0.916072354241122,7.747837960855703,1.702942668696092,2.0902708124373093
2024-03-30 00:00:00+00:00,3.693641618497117,1.4791027946609798,0.9139279185878333,7.84296768320436,1.5266362252663606,1.9939819458375103
2024-03-31 00:00:00+00:00,4.086705202312147,1.539021396906806,0.9894578888494763,8.21392808375056,1.7904616945712815,2.0832497492477406
2024-04-01 00:00:00+00:00,3.58959537572255,1.481110145452829,0.9128147764166605,7.755120619025934,1.6027397260273952,1.8736208625877606
2024-04-02 00:00:00+00:00,3.1965317919075202,1.3308771353915083,0.7894306059531244,7.262175694128349,1.314814814814813,1.6489468405215622
2024-04-03 00:00:00+00:00,2.9306358381502946,1.3493662674632985,0.8073500122772996,7.42694583522985,1.2234906139015713,1.6429287863590747
2024-04-04 00:00:00+00:00,2.9942196531791962,1.4397177033884692,0.8165880009821807,7.379153390987701,1.2843734145103993,1.7793380140421236
2024-04-05 00:00:00+00:00,2.803468208092491,1.4161030264427046,0.8111041388153728,6.940828402366855,1.2488584474885829,1.6870611835506493
2024-04-06 00:00:00+00:00,2.9132947976878674,1.4536032445169083,0.8292636346274482,7.135639508420564,1.356671740233382,1.7502507522567674
2024-04-07 00:00:00+00:00,3.3121387283237054,1.469394665175105,0.8846206313262175,7.171142467000445,1.5215626585489583,1.8244734202607797
2024-04-08 00:00:00+00:00,3.491329479768793,1.5502882673942282,1.0160423430551342,7.224396904870266,1.5697615423642808,1.8826479438314916
2024-04-09 00:00:00+00:00,3.069364161849718,1.4612826608399674,0.9124382724469986,6.843422849339999,1.398528665651952,1.7552657973921737
2024-04-10 00:00:00+00:00,3.1213872832370004,1.5146551205425247,0.9346629198155629,6.890304961310868,1.5342465753424643,1.813440320962886
2024-04-11 00:00:00+00:00,3.2312138728323765,1.4932176252377958,0.9115543066051848,6.848429676832033,1.4581430745814292,1.7592778335004988
2024-04-12 00:00:00+00:00,2.4277456647398896,1.3911008635026443,0.7674515046517296,5.977241693218015,1.212075088787416,1.4834503510531571
2024-04-13 00:00:00+00:00,1.9132947976878656,1.279413403534837,0.6432543038768959,5.304506144742822,0.9368340943683395,1.123370110330991
2024-04-14 00:00:00+00:00,2.1387283236994263,1.3415166642515377,0.723329604670828,5.893491124260346,1.058599695585995,1.2818455366098274
2024-04-15 00:00:00+00:00,1.9479768786127214,1.258973530954259,0.6931765476222917,5.3081474738279395,1.0446473871131388,1.1995987963891652
2024-04-16 00:00:00+00:00,2.121387283236999,1.2724115304109427,0.6835838812648314,5.2025489303595736,0.9799594114662586,1.27582748244734
2024-04-17 00:00:00+00:00,1.8381502890173453,1.1819433135244868,0.6288543911821642,5.0031861629494685,0.8721461187214594,1.2116349047141401
2024-04-18 00:00:00+00:00,1.9421965317919123,1.2612496915807747,0.6728180503642229,5.467910787437407,0.9317605276509366,1.285857572718152
2024-04-19 00:00:00+00:00,1.965317919075149,1.2732503595109073,0.6685946580088904,5.4874829312699065,0.9837645865043108,1.2958876629889646
2024-04-20 00:00:00+00:00,2.35260115606937,1.3135166485857992,0.7226639019998322,5.885753299954476,1.0636732623033973,1.626880641925775
2024-04-21 00:00:00+00:00,2.4508670520231264,1.312683872157609,0.7177911767113156,5.7719617660445985,1.0065956367326208,1.6349047141424249
2024-04-22 00:00:00+00:00,2.976878612716769,1.3802751259756878,0.7469511363326291,6.147473827947192,1.045915778792489,1.7001003009027054
2024-04-23 00:00:00+00:00,3.4393063583815087,1.364638582507001,0.7568984803426693,6.040509786071908,1.0268899036022305,1.6900702106318928
2024-04-24 00:00:00+00:00,3.184971098265902,1.288050566156242,0.7128747987886355,5.72371415566681,0.9190766108574311,1.5767301905717122
2024-04-25 00:00:00+00:00,3.497109826589602,1.2960450774510615,0.721807219054371,5.5930814747382716,0.9190766108574311,1.5777331995987933
2024-04-26 00:00:00+00:00,3.2601156069364228,1.2697743457150876,0.7079475077074147,5.334091943559391,0.8759512937595113,1.5275827482447313
2024-04-27 00:00:00+00:00,3.1618497109826658,1.2585167322550852,0.7751507380023426,5.42831133363677,0.87341451040081,1.4834503510531567
2024-04-28 00:00:00+00:00,3.167630057803475,1.2470130954894474,0.7801707909311615,5.279927173418291,0.8607305936073042,1.4292878635907695
2024-04-29 00:00:00+00:00,3.2543352601156137,1.2732247246657464,0.754688565738135,5.2694583522985825,0.818873668188735,1.4172517552657946
2024-04-30 00:00:00+00:00,2.8612716763005843,1.1588089338859588,0.6432270209805437,4.7660446062812865,0.6907661085743262,1.244734202607821
2024-05-01 00:00:00+00:00,3.0346820809248616,1.07490715379519,0.6199601669713222,5.121529358215742,0.6501775748351075,1.269809428284852
2024-05-02 00:00:00+00:00,3.364161849710989,1.1036185364141242,0.629558289908053,5.263996358670908,0.673008625063418,1.2868605817452332
2024-05-03 00:00:00+00:00,3.67052023121388,1.2401098453115162,0.6935967042261171,5.542102867546647,0.8531202435312011,1.4533600802407198
2024-05-04 00:00:00+00:00,4.011560693641626,1.2752530817890464,0.701099500722993,5.647701411015013,1.0306950786402824,1.5125376128385128
2024-05-05 00:00:00+00:00,3.9306358381502964,1.2799880513138437,0.711778026355274,5.633136094674548,1.0421106037544376,1.4774322968906697
2024-05-06 00:00:00+00:00,3.8150289017341112,1.2490460811264565,0.6714539055466089,5.955848884842959,0.9850329781836615,1.3941825476429264
2024-05-07 00:00:00+00:00,3.5664739884393137,1.2189578936987102,0.6401986194854405,5.737824305871635,0.9025875190258736,1.3049147442326956
2024-05-08 00:00:00+00:00,3.59537572254336,1.1782429948335147,0.6224101710637562,5.470186618115605,0.8163368848300341,1.2597793380140394
2024-05-09 00:00:00+00:00,3.9306358381502973,1.2457968645024016,0.6565792704553475,5.944469731451972,0.9304921359715868,1.3560682046138388
2024-05-10 00:00:00+00:00,3.8612716763005874,1.1643934136962035,0.5876353913731442,5.6467910787437345,0.8252156265854884,1.2497492477432273
2024-05-11 00:00:00+00:00,3.91907514450868,1.165545913609864,0.5888576651297264,5.616750113791527,0.813800101471333,1.2557673019057147
2024-05-12 00:00:00+00:00,4.063583815028912,1.1881910949532508,0.5976700406515114,5.5266272189349035,0.7909690512430225,1.2367101303911712
2024-05-13 00:00:00+00:00,4.722543352601167,1.2406382079534288,0.6097781900526518,5.712335002275824,0.8848300355149659,1.3420260782347015
2024-05-14 00:00:00+00:00,5.08670520231215,1.191369103674083,0.5718440509644462,5.4619936276740955,0.8442415017757472,1.3039117352056144
2024-05-15 00:00:00+00:00,5.08092485549134,1.358589471128226,0.6552314953755447,6.217569412835678,0.9710806697108054,1.5325977933801376
2024-05-16 00:00:00+00:00,4.815028901734116,1.3231767127369976,0.6070553569966946,6.252617205279921,0.8987823439878222,1.463390170511532
2024-05-17 00:00:00+00:00,4.884393063583827,1.3872930208778063,0.6879600578397358,6.71506599908966,0.9736174530695065,1.5095285857572693
2024-05-18 00:00:00+00:00,4.520231213872844,1.3828856077078329,0.7044825798706744,6.850250341374593,0.9419076610857424,1.4834503510531571
2024-05-19 00:00:00+00:00,4.2890173410404735,1.359411566370933,0.6755408834201793,6.735093309057798,0.8911719939117191,1.3931795386158452
2024-05-20 00:00:00+00:00,5.595375722543365,1.5431984525098517,0.9979701525113851,7.500227583067812,1.1029934043632665,1.6148445336007997
2024-05-21 00:00:00+00:00,7.011560693641634,1.4973028226456844,1.0676943224292637,7.108784706417834,1.1588026382546919,1.6188565697091248
2024-05-22 00:00:00+00:00,6.7398843930636,1.4610718854464264,1.0387580825580387,7.0500682749203385,1.1080669710806688,1.539618856569707
2024-05-23 00:00:00+00:00,7.612716763005798,1.4191585575699923,1.0634654734946603,7.015020482476096,1.0243531202435303,1.4653961885656948
2024-05-24 00:00:00+00:00,7.179190751445104,1.4405914243610116,1.0337434862084902,6.633136094674549,1.077625570776255,1.4473420260782324
2024-05-25 00:00:00+00:00,7.647398843930654,1.466960423003433,1.0457970698169263,6.661811561219839,1.205733130390664,1.5145436308926752
2024-05-26 00:00:00+00:00,8.213872832369962,1.4384537631062644,1.0867814367173168,6.431042330450607,1.1067985794013184,1.438314944834501
2024-05-27 00:00:00+00:00,8.647398843930658,1.4704453377871554,1.1232968651952038,6.7382794720072745,1.1423135464231349,1.5556670010030063
2024-05-28 00:00:00+00:00,8.24277456647401,1.4328479209250524,1.095539246446397,6.670914883932627,1.090309487569761,1.6800401203610802
2024-05-29 00:00:00+00:00,7.514450867052041,1.4060014732915227,1.052885166289248,6.651797906235768,1.0763571790969046,1.7602808425275795
2024-05-30 00:00:00+00:00,7.317919075144527,1.4333944415822875,1.0445638829018038,6.594902139280831,1.0218163368848292,1.5967903711133369
2024-05-31 00:00:00+00:00,7.907514450867071,1.4026347636271503,1.0509371674896957,6.5339098771051365,1.0154743784880766,1.547642928786356
2024-06-01 00:00:00+00:00,7.578034682080943,1.411156569445335,1.0804900008184815,6.555302685480193,1.031963470319634,1.5325977933801376
2024-06-02 00:00:00+00:00,7.45086705202314,1.411766821175954,1.0620740457806948,6.421028675466537,0.9926433282597658,1.4684052156469378
2024-06-03 00:00:00+00:00,7.346820809248573,1.4495376292824038,1.0551223637901348,6.505234410559845,1.0078640284119724,1.4503510531594754
2024-06-04 00:00:00+00:00,7.289017341040481,1.5118057362950648,1.079355032330227,6.820209376422386,1.0471841704718403,1.4684052156469378
2024-06-05 00:00:00+00:00,7.433526011560712,1.5320704374337146,1.1097645486044745,6.900318616294938,1.0700152207001512,1.6018054162487427
2024-06-06 00:00:00+00:00,7.265895953757244,1.5197753248237564,1.080075300793927,6.74101046882111,1.0306950786402829,1.5295887662988932
2024-06-07 00:00:00+00:00,6.387283236994236,1.4684401232324018,1.0062696095817478,6.395539371870724,0.8797564687975636,1.376128385155463
2024-06-08 00:00:00+00:00,6.005780346820824,1.4674813088155076,1.0084795241862823,6.182066454255795,0.8505834601725002,1.3279839518555638
2024-06-09 00:00:00+00:00,6.375722543352617,1.479438539924674,1.0222082776307477,6.378243058716423,0.8619989852866556,1.3550651955867576
2024-06-10 00:00:00+00:00,5.971098265895969,1.4746729510014909,1.0003765039696555,6.236231224396896,0.8353627600202931,1.297893681043127
2024-06-11 00:00:00+00:00,6.369942196531807,1.396837016146753,0.9083403814148856,5.7983614019116905,0.7516489091831546,1.169508525576728
2024-06-12 00:00:00+00:00,6.630057803468224,1.4298628856219544,0.9421329768368154,6.062812926718243,0.8543886352105516,1.2266800401203586
2024-06-13 00:00:00+00:00,5.87283236994221,1.376298164580695,0.8922271028292308,5.701866181156114,0.7884322678843212,1.1243731193580717
2024-06-14 00:00:00+00:00,5.589595375722556,1.3500790585745581,0.898747715057425,5.509330905780601,0.7110603754439357,1.035105315947841
2024-06-15 00:00:00+00:00,5.832369942196546,1.356583188454925,0.9461490191798705,5.620391442876641,0.7338914256722462,1.0832497492477406
2024-06-16 00:00:00+00:00,6.115606936416199,1.3723479061494128,0.9765749051919292,5.882111970869357,0.7376966007102983,1.1003009027081219
2024-06-17 00:00:00+00:00,5.462427745664752,1.3670122979609314,0.9153029765639862,5.51934456076467,0.6336884830035503,0.9378134403209606
2024-06-18 00:00:00+00:00,5.32947976878614,1.3198829911734298,0.9001282296128501,5.252617205279918,0.5499746321664118,0.8134403209628864
2024-06-19 00:00:00+00:00,5.56069364161851,1.3125058523995516,0.9419801926172424,5.172963131543004,0.5537798072044635,0.8174523570712116
2024-06-20 00:00:00+00:00,5.346820809248568,1.3088411376601923,0.9157722423812455,5.075557578516149,0.5791476407914751,0.8084252758274801
2024-06-21 00:00:00+00:00,5.589595375722557,1.2829018787137203,0.9192317136387143,5.124260355029577,0.5740740740740728,0.7913741223670991
2024-06-22 00:00:00+00:00,5.601156069364177,1.287560299742554,0.9066652115788556,5.08375056895766,0.5690005073566704,0.8024072216649929
2024-06-23 00:00:00+00:00,5.300578034682095,1.2494939788377293,0.8653971025564018,4.85298133818843,0.5487062404870611,0.7582748244734183
2024-06-24 00:00:00+00:00,5.5317919075144655,1.1458839873719961,0.828248710883142,5.020027309968128,0.5081177067478424,0.7081243731193563
2024-06-25 00:00:00+00:00,6.416184971098283,1.2002017319898357,0.8519138951791068,5.214838416021837,0.5994419076610842,0.7793380140421244
2024-06-26 00:00:00+00:00,6.236994219653195,1.1655900625098634,0.8385725588628437,5.22257624032771,0.5563165905631646,0.7181544633901686
2024-06-27 00:00:00+00:00,6.242774566474005,1.194275098204605,0.8802280850135,5.804278561675001,0.6095890410958891,0.7592778335004997
2024-06-28 00:00:00+00:00,5.682080924855507,1.1477834581904633,0.8409407142662215,5.360036413290841,0.5575849822425152,0.7001003009027063
2024-06-29 00:00:00+00:00,5.531791907514466,1.168469354076676,0.8407879300466485,5.370960400546189,0.5436326737696588,0.6930792377131376
2024-06-30 00:00:00+00:00,5.872832369942212,1.2318650382368697,0.8731454451204486,5.663632225762393,0.5766108574327737,0.7271815446338998
2024-07-01 00:00:00+00:00,5.578034682080939,1.2373975362777623,0.8764248492619919,5.669094219390066,0.5651953323186185,0.7121364092276812
2024-07-02 00:00:00+00:00,5.537572254335275,1.2090286636733296,0.8641911985376309,5.9999999999999885,0.5867579908675784,0.7291875626880624
2024-07-03 00:00:00+00:00,4.9190751445086836,1.141834037876201,0.7963932011022232,5.403732362312234,0.5017757483510896,0.6419257773319942
2024-07-04 00:00:00+00:00,4.144508670520242,1.0308889202994913,0.669063923826148,4.8174783796085485,0.33054287163876084,0.46740220661985776
2024-07-05 00:00:00+00:00,4.127167630057815,1.0168299879267049,0.627190134504674,5.114246700045507,0.33942161339421495,0.5035105315947823
2024-07-06 00:00:00+00:00,4.63005780346822,1.0741313436895785,0.6738275175292554,5.512061902594436,0.43962455606291106,0.7442326980942804
2024-07-07 00:00:00+00:00,3.8554913294797784,0.9890717230924075,0.5994325157558673,4.989531178880282,0.3203957382039564,0.5536609829488441
2024-07-08 00:00:00+00:00,4.312138728323711,1.0190915509330605,0.6470629962076719,5.362312243969038,0.36478944698122673,0.62286860581745
2024-07-09 00:00:00+00:00,4.248554913294808,1.0667096999761863,0.6732272938095054,5.436959490213917,0.3635210553018762,0.6409227683049123
2024-07-10 00:00:00+00:00,4.329479768786138,1.0552658778492559,0.6917796633290536,5.4638142922166475,0.3698630136986292,0.6449348044132375
2024-07-11 00:00:00+00:00,4.15028901734105,1.0418421199732166,0.6912612882983602,5.177059626763758,0.35210553018772095,0.6278836509528563
2024-07-12 00:00:00+00:00,4.017341040462437,1.0619558603570347,0.7104302512754697,5.3518434228493295,0.3660578386605773,0.6549648946840501
2024-07-13 00:00:00+00:00,4.028901734104055,1.1088597941308365,0.7333751671077346,5.46108329540281,0.42440385591070395,0.7161484453360056
2024-07-14 00:00:00+00:00,4.317919075144518,1.165388544143743,0.7712711101410468,5.723714155666807,0.4637239979705723,0.7693079237713114
2024-07-15 00:00:00+00:00,5.543352601156081,1.305909508284512,0.9018907047172067,6.261720527992705,0.5854895991882281,0.9327983951855541
2024-07-16 00:00:00+00:00,6.132947976878625,1.3173761169404736,0.8804408916050468,6.312243969048691,0.5829528158295267,0.9378134403209601
2024-07-17 00:00:00+00:00,5.734104046242786,1.2820936690121432,0.8485035331350717,6.077833409194344,0.5449010654490094,0.8665997993981918
2024-07-18 00:00:00+00:00,5.728323699421977,1.277991737746996,0.869391318582375,6.246244879380962,0.515728056823946,0.7442326980942804
2024-07-19 00:00:00+00:00,6.341040462427758,1.3750858500283307,0.9130766922216405,6.7014110150204695,0.5918315575849811,0.785356068204611
2024-07-20 00:00:00+00:00,6.063583815028913,1.391298821473605,0.9200883965841755,6.905325443786969,0.7034500253678324,0.8154463390170481
2024-07-21 00:00:00+00:00,6.225433526011573,1.427369896930128,0.9296974326794476,7.397815202548916,0.7782851344495165,0.8314944834503482
2024-07-22 00:00:00+00:00,5.872832369942207,1.4056774773318619,0.8776362098600334,7.146563495675906,0.7478437341451027,0.7632898696088237
2024-07-23 00:00:00+00:00,6.231213872832381,1.347718516582726,0.9005647559544865,6.871187983614005,0.6527143581938091,0.7091273821464363
2024-07-24 00:00:00+00:00,6.052023121387294,1.3276272066884234,0.8198510353859112,7.103322712790154,0.6222729578893953,0.6840521564694053
2024-07-25 00:00:00+00:00,5.624277456647409,1.3425263923192383,0.7321801762475053,6.82111970869366,0.5880263825469294,0.6439317953861556
2024-07-26 00:00:00+00:00,5.959537572254345,1.418404465874866,0.7869696887021471,7.333181611288106,0.7021816336884819,0.7011033099297865
2024-07-27 00:00:00+00:00,5.8728323699422065,1.4176703123926395,0.7730390418246749,7.364588074647232,0.6666666666666652,0.7071213640922738
2024-07-28 00:00:00+00:00,5.791907514450877,1.4300676083437223,0.7843832701279514,7.416477014110136,0.6489091831557574,0.6850551654964863
2024-07-29 00:00:00+00:00,5.826589595375733,1.3777308675935398,0.8104602624614576,7.307692307692294,0.6286149162861479,0.6659979939819427
2024-07-30 00:00:00+00:00,5.537572254335269,1.3562709417992953,0.7888904046053475,7.152025489303583,0.5918315575849811,0.645937813440318
2024-07-31 00:00:00+00:00,5.387283236994228,1.3006500925524795,0.763479114942837,6.81247155211651,0.5461694571283602,0.5967903711133371
2024-08-01 00:00:00+00:00,5.06936416184972,1.3249455170530542,0.7464709573568278,6.613108784706406,0.5093860984271934,0.5827482447341998
2024-08-02 00:00:00+00:00,4.387283236994228,1.1868765970597615,0.6291817859383901,5.944924897587609,0.4129883307965492,0.46840521564693804
2024-08-03 00:00:00+00:00,3.98265895953758,1.1604221489334727,0.5835484134995723,5.484296768320427,0.37113140537797995,0.4262788365095258
2024-08-04 00:00:00+00:00,3.682080924855498,1.0698674144446008,0.46677216053255766,5.292216659080555,0.3153221714865544,0.3380140421263764
2024-08-05 00:00:00+00:00,3.069364161849717,0.923746304754878,0.3207049900417387,4.90851160673645,0.1967275494672749,0.32898696088264545
2024-08-06 00:00:00+00:00,3.479768786127174,0.9958745701267953,0.3436226229776509,5.577605826126526,0.22425164890918237,0.35005015045135157
2024-08-07 00:00:00+00:00,3.2427745664739938,0.9628618741136901,0.27874935203120743,5.586709148839317,0.21220192795535198,0.2918756268806395
2024-08-08 00:00:00+00:00,4.069364161849718,1.1970675161294868,0.46433852617793403,6.427401001365487,0.3635210553018764,0.43731193580741956
2024-08-09 00:00:00+00:00,3.9248554913294855,1.1671726581589903,0.4188251984830662,6.115157032316784,0.3178589548452555,0.40822467402206364
2024-08-10 00:00:00+00:00,3.861271676300584,1.1697340064379134,0.42451641066215107,6.011834319526617,0.33434804667681317,0.41323971915746993
2024-08-11 00:00:00+00:00,3.468208092485555,1.090842058378382,0.39452159441245827,5.44378698224851,0.2760020294266863,0.34202607823470177
2024-08-12 00:00:00+00:00,3.763005780346827,1.1134822551685435,0.48586473139988073,5.662266727355474,0.36859462201927884,0.3971915747241699
2024-08-13 00:00:00+00:00,3.7283236994219706,1.1579458940989014,0.475240771560304,5.677742375967218,0.34956874682902006,0.393179538615845
2024-08-14 00:00:00+00:00,3.6358381502890227,1.0898825318824552,0.452530488636669,5.544833864360481,0.2988330796549967,0.36509528585757
2024-08-15 00:00:00+00:00,3.3005780346820863,1.0491113787737136,0.40255367909856843,5.489303595812461,0.27092846270928383,0.3309929789368078
2024-08-16 00:00:00+00:00,3.1445086705202367,1.0968473768966738,0.41527296537799985,5.331360946745552,0.27346524606798517,0.3259779338014015
2024-08-17 00:00:00+00:00,3.3236994219653235,1.1183617767368834,0.4268518265899064,5.460628129267172,0.30390664637239917,0.34202607823470155
2024-08-18 00:00:00+00:00,3.2080924855491375,1.0806671610868817,0.4255749870406198,5.483841602184786,0.2696600710299333,0.3269809428284829
2024-08-19 00:00:00+00:00,3.450867052023127,1.117167976239354,0.43915641284478313,5.5698680018206534,0.28614916286149095,0.3380140421263764
2024-08-20 00:00:00+00:00,3.479768786127172,1.101614033938406,0.4041142607699191,5.477014110150194,0.3051750380517497,0.36910732196589513
2024-08-21 00:00:00+00:00,3.572254335260121,1.1779222032294996,0.43583881264834634,5.49977241693217,0.34703196347031895,0.4152457372116325
2024-08-22 00:00:00+00:00,3.6127167630057855,1.150026151102466,0.4315717676588504,5.520254893035948,0.3356164383561637,0.4092276830491448
2024-08-23 00:00:00+00:00,4.242774566473995,1.2817789300798998,0.5086404932747617,5.98042785616749,0.43328259766615873,0.5356068204613815
2024-08-24 00:00:00+00:00,4.491329479768793,1.2850890294612096,0.5113960658063419,6.315430131998167,0.4282090309487563,0.5677031093279814
2024-08-25 00:00:00+00:00,4.271676300578042,1.2880744208038242,0.4992060677161445,6.236686390532532,0.3914256722475893,0.5165496489468377
2024-08-26 00:00:00+00:00,3.9364161849711046,1.2377179718422662,0.4629907510981326,6.152935821574863,0.33434804667681295,0.46539618856569454
2024-08-27 00:00:00+00:00,3.4219653179190805,1.1163604786168078,0.341385425476765,5.68411470186617,0.25469304921359637,0.3801404212637889
2024-08-28 00:00:00+00:00,3.4393063583815087,1.102181916966607,0.3798215698578524,5.551206190259434,0.26433282597666086,0.39017051153460125
2024-08-29 00:00:00+00:00,3.4219653179190805,1.1138012665749812,0.37940686983329774,5.374601729631305,0.27346524606798495,0.41223671013038876
2024-08-30 00:00:00+00:00,3.4971098265896012,1.1052278350269606,0.37834283687555903,5.281292671825206,0.29122272957889317,0.40421263791373874
2024-08-31 00:00:00+00:00,3.3988439306358433,1.1002475542755605,0.37124382724469673,5.160218479745097,0.28488077118214017,0.38716148445335774
2024-09-01 00:00:00+00:00,3.1271676300578086,1.0405849444418203,0.3237988704880874,4.8502503413745925,0.20649416539827414,0.3189568706118333
2024-09-02 00:00:00+00:00,3.3930635838150343,1.105895409119674,0.3849998635855145,5.142922166590796,0.2569761542364275,0.37011033099297674
2024-09-03 00:00:00+00:00,3.1907514450867103,1.0465806498931767,0.3228930783291919,4.804278561675002,0.2274226281075591,0.3119358074222649
2024-09-04 00:00:00+00:00,3.236994219653184,1.0641576087246838,0.33705835811529394,5.081474738279462,0.2428970065956364,0.3640922768304893
2024-09-05 00:00:00+00:00,3.1040462427745705,0.9997813917371128,0.29205794887184866,4.889394629039588,0.24797057331303884,0.32296890672015843
2024-09-06 00:00:00+00:00,2.838150289017345,0.9209873545445126,0.2138269718713306,4.690487027765124,0.17376966007102967,0.2838515546639899
2024-09-07 00:00:00+00:00,2.907514450867056,0.9285884421740263,0.2405260142416683,4.812471552116512,0.21004566210045628,0.2898696088264776
2024-09-08 00:00:00+00:00,3.0924855491329524,0.9539210097850406,0.25358906501513845,4.921711424669994,0.21955859969558555,0.3119358074222649
2024-09-09 00:00:00+00:00,3.265895953757229,1.0314301003639859,0.2877527078274593,5.148384160218469,0.31659056316590517,0.35807422266800204
2024-09-10 00:00:00+00:00,3.3179190751445127,1.052298288482449,0.303484025864182,5.173418297678641,0.3039066463723994,0.35707121364092065
2024-09-11 00:00:00+00:00,3.1907514450867094,1.042038653786113,0.27723787957329193,5.027765134273999,0.2848807711821406,0.3299899699097273
2024-09-12 00:00:00+00:00,3.283236994219658,1.0700354650962072,0.28879491446811634,5.193445607646779,0.30263825469304884,0.3560682046138395
2024-09-13 00:00:00+00:00,3.572254335260121,1.1557523346401246,0.33210378413772057,5.333181611288108,0.3584474885844744,0.40120361083249545
2024-09-14 00:00:00+00:00,3.479768786127173,1.136709205081261,0.31968460971816426,5.243513882567124,0.3368848300355145,0.378134403209627
2024-09-15 00:00:00+00:00,3.260115606936421,1.105589571175333,0.26399476168389713,4.981793354574408,0.3039066463723996,0.3430290872617834
2024-09-16 00:00:00+00:00,3.156069364161854,1.0725063793380372,0.2525741412708342,4.983158852981326,0.26395230847285633,0.32096288866599587
2024-09-17 00:00:00+00:00,3.2254335260115656,1.147686971481598,0.2780454533053196,4.988165680473362,0.2823439878234397,0.33600802407221453
2024-09-18 00:00:00+00:00,3.352601156069369,1.1994583214801917,0.2959430333124131,5.114701866181146,0.31785895484525617,0.37412236710130187
2024-09-19 00:00:00+00:00,3.5895953757225483,1.2417462029275783,0.34549968624668836,5.504324078288564,0.3318112633181123,0.41424272818455177
2024-09-20 00:00:00+00:00,3.763005780346826,1.2505781191642975,0.3979101301394119,5.6754665452890185,0.3381532217148653,0.4423269809428265
2024-09-21 00:00:00+00:00,3.867052023121393,1.2559792386237443,0.42595149101028174,5.802913063268081,0.3952308472856416,0.5035105315947823
2024-09-22 00:00:00+00:00,3.6300578034682127,1.2639644928911449,0.40857774261315183,5.585343650432396,0.34830035514967017,0.4573721163490452
2024-09-23 00:00:00+00:00,3.6994219653179243,1.2552244348495831,0.44444929473712524,5.5894401456531515,0.3711314053779806,0.4523570712136391
2024-09-24 00:00:00+00:00,3.965317919075151,1.2885027363417092,0.44785420020188904,5.951297223486559,0.3926940639269405,0.4874623871614825
2024-09-25 00:00:00+00:00,3.884393063583821,1.2482054718289155,0.40762829782009224,5.735093309057793,0.37620497209538306,0.5295887662988945
2024-09-26 00:00:00+00:00,4.497109826589602,1.3207965885717807,0.4366136469047508,6.081474738279458,0.4992389649923896,0.8676028084252734
2024-09-27 00:00:00+00:00,5.184971098265903,1.3423939456192446,0.4708100291926942,6.175238962221195,0.5664637239979704,1.0330992978936782
2024-09-28 00:00:00+00:00,5.578034682080933,1.345184939386061,0.46019698251165875,6.136094674556198,0.6248097412480973,0.967903711133397
2024-09-29 00:00:00+00:00,5.543352601156077,1.3360457610469356,0.45040242272119113,6.215293582157473,0.5766108574327751,0.9408224674022037
2024-09-30 00:00:00+00:00,5.052023121387291,1.2542574315238184,0.4196000327394709,5.943559399180687,0.44850329781836606,0.7612838515546616
2024-10-01 00:00:00+00:00,4.612716763005787,1.1643663546929828,0.33551960276102455,5.606736458807451,0.3559107052257735,0.6459378134403186
2024-10-02 00:00:00+00:00,4.335260115606943,1.1590877128270796,0.28973890268190416,5.380063723258976,0.32673769660071006,0.6328986960882623
2024-10-03 00:00:00+00:00,3.988439306358387,1.1628101059680493,0.2821924535508644,5.226217569412823,0.33307965499746284,0.6128385155466374
2024-10-04 00:00:00+00:00,4.4277456647398905,1.2107939075942245,0.3175838266990376,5.517523896222107,0.38508371385083673,0.7442326980942804
2024-10-05 00:00:00+00:00,4.404624277456653,1.2095523978015357,0.31764930565028293,5.492489758761933,0.38762049720953784,0.7502507522567676
2024-10-06 00:00:00+00:00,4.913294797687868,1.2367029031818269,0.331383515674019,5.667273554847504,0.4142567224759002,0.8184553660982921
2024-10-07 00:00:00+00:00,4.66473988439307,1.2149161331117901,0.3216598914140676,5.552116522530708,0.37493658041603206,0.7482447342026051
2024-10-08 00:00:00+00:00,4.497109826589602,1.2120439623353003,0.33122527487517606,5.527992717341814,0.3584474885844744,0.7291875626880615
2024-10-09 00:00:00+00:00,4.265895953757231,1.1570732412449076,0.2923580607317229,5.336822940373221,0.36859462201927906,0.6940822467402179
2024-10-10 00:00:00+00:00,4.364161849710989,1.1462197326356942,0.30106676124736964,5.323623122439676,0.3432267884322675,0.6810431293881618
2024-10-11 00:00:00+00:00,4.630057803468215,1.2258671965484194,0.33087605380186713,5.621301775147913,0.40410958904109573,0.7703109327983924
2024-10-12 00:00:00+00:00,4.716763005780353,1.2500639981030304,0.3510108313098472,5.661811561219829,0.4129883307965496,0.7893681043129357
2024-10-13 00:00:00+00:00,4.595375722543359,1.237867864478552,0.3467492428996217,5.721893491124244,0.41171993911719906,0.769307923771311
2024-10-14 00:00:00+00:00,5.300578034682088,1.3522907760486613,0.43454560336124803,6.16977696859352,0.47894469812278007,0.8766298896690039
2024-10-15 00:00:00+00:00,5.005780346820816,1.3877679775923064,0.42248656317354194,6.043240782885737,0.48909183155758496,0.8294884653961858
2024-10-16 00:00:00+00:00,5.034682080924862,1.4073508630575984,0.4246855646195353,6.019572143832481,0.5943683409436835,0.8625877632898666
2024-10-17 00:00:00+00:00,4.710982658959543,1.4000221456579114,0.42149346574631896,5.847064178425108,0.6438356164383561,0.8264794383149419
2024-10-18 00:00:00+00:00,5.069364161849716,1.4362228194982998,0.44174828799824906,6.051433773327246,0.7402333840690005,0.8846539618856539
2024-10-19 00:00:00+00:00,5.063583815028907,1.4342435958282227,0.44496766976781754,6.268092853891653,0.8277524099441911,0.9077231695085224
2024-10-20 00:00:00+00:00,5.161849710982665,1.4574182079320712,0.49859493083785256,6.617660446062795,0.8023845763571793,0.9107321965897661
2024-10-21 00:00:00+00:00,4.884393063583821,1.3982159571926656,0.4546694677106873,6.562130177514773,0.8214104515474381,0.8415245737211605
2024-10-22 00:00:00+00:00,4.8208092485549185,1.3993616923555199,0.4303385807437268,6.62130177514791,0.7706747843734147,0.819458375125373
2024-10-23 00:00:00+00:00,4.670520231213877,1.3716849605704122,0.37632935912475984,6.768320436959471,0.7744799594114664,0.7683049147442296
2024-10-24 00:00:00+00:00,4.774566473988443,1.4268920918995045,0.38299184241398576,7.059626763768756,0.7985794013191279,0.8084252758274793
2024-10-25 00:00:00+00:00,4.086705202312143,1.370431701473692,0.329331841868328,6.494310423304489,0.666666666666667,0.6579739217652931
2024-10-26 00:00:00+00:00,4.236994219653184,1.3859888481302853,0.3530679616948087,6.768320436959471,0.7415017757483515,0.7041123370110305
2024-10-27 00:00:00+00:00,4.289017341040468,1.419115476788547,0.3669876954137403,7.032316795630386,0.8277524099441911,0.7261785356068178
2024-10-28 00:00:00+00:00,4.294797687861277,1.4896358677056947,0.40006002237197014,7.108784706417824,1.047184170471842,0.827482447342023
2024-10-29 00:00:00+00:00,4.589595375722549,1.5892500276820822,0.43953291681444373,7.164770141101483,1.229832572298326,0.9127382146439289
2024-10-30 00:00:00+00:00,4.578034682080931,1.5753036037963883,0.45054975036149303,6.958579881656786,1.134703196347032,0.8435305917753235
2024-10-31 00:00:00+00:00,4.26589595375723,1.4996658569141368,0.37235151283659773,6.667273554847501,1.0471841704718416,0.7923771313941801
2024-11-01 00:00:00+00:00,4.138728323699427,1.4735279279176736,0.36981420347583605,6.55803368229402,1.0180111618467782,0.7632898696088242
2024-11-02 00:00:00+00:00,4.028901734104051,1.4692768160952743,0.3605489318746029,6.560309512972217,1.0230847285641804,0.7492477432296865
2024-11-03 00:00:00+00:00,3.734104046242779,1.447666285585714,0.3404960030556796,6.393718707328157,0.9190766108574324,0.6940822467402183
2024-11-04 00:00:00+00:00,3.566473988439311,1.4143733864734274,0.30787111559762725,6.185707783340902,1.006595636732623,0.6900702106318932
2024-11-05 00:00:00+00:00,3.942196531791912,1.4701341592500765,0.32180176247509995,6.585343650432391,1.1562658548959917,0.7923771313941799
2024-11-06 00:00:00+00:00,4.73410404624278,1.6932100059921562,0.4867050446075307,7.501593081474718,1.4949264332825973,0.914744232698091
2024-11-07 00:00:00+00:00,5.35260115606937,1.7031378118594742,0.5810547567729738,7.941283568502483,1.4530695078640279,0.9237713139418222
2024-11-08 00:00:00+00:00,5.242774566473994,1.725920780495597,0.61731918260442,8.102412380518869,1.5634195839675287,0.9087261785356036
2024-11-09 00:00:00+00:00,5.462427745664746,1.731407349438911,0.7068125392191578,8.104233045061427,1.7790461694571276,1.0581745235707087
2024-11-10 00:00:00+00:00,6.12716763005781,1.8636055338510027,0.7384988950426921,8.568957669549363,2.5248604769152703,1.6158475426278796
2024-11-11 00:00:00+00:00,6.526011560693649,2.1601465743480066,0.842026573541041,9.123805188893922,3.463470319634702,1.8004012036108281
2024-11-12 00:00:00+00:00,7.190751445086713,2.134591125999905,0.7718495075437151,8.643149749658603,3.8249619482496184,1.6569709127382102
2024-11-13 00:00:00+00:00,11.034682080924867,2.2221045709421325,0.7413690557389516,8.806554392353185,4.06976154236428,1.5927783350050109
2024-11-14 00:00:00+00:00,10.924855491329492,2.1094422747792057,0.6692276212042618,8.537551206190237,3.5991882293252138,1.3490471414242688
2024-11-15 00:00:00+00:00,12.508670520231227,2.242057381464667,0.6866450222355556,8.945835229858874,3.840182648401824,1.564694082246736
2024-11-16 00:00:00+00:00,11.294797687861285,2.226819602254028,0.7103429460071431,8.821119708693649,3.6207508878741734,1.469408224674018
2024-11-17 00:00:00+00:00,11.260115606936429,2.1999820556084004,0.6788693967751569,9.812016385980856,3.65626585489599,1.4854563691073177
2024-11-18 00:00:00+00:00,10.826589595375737,2.22268562743243,0.751310943169722,9.921256258534338,3.712075088787415,1.4954864593781303
2024-11-19 00:00:00+00:00,10.387283236994234,2.2904630899174365,0.6981420347584051,9.831133363677717,3.9619482496194802,1.4844533600802365
2024-11-20 00:00:00+00:00,9.861271676300593,2.3602981047660654,0.6764739584754269,9.72598998634499,3.7945205479452033,1.3961885656970874
2024-11-21 00:00:00+00:00,10.971098265895968,2.504719481805861,0.833312416446125,10.685025034137434,3.9086757990867556,1.4874623871614805
2024-11-22 00:00:00+00:00,10.942196531791922,2.525178936559825,0.8180721905437431,10.707328174783768,4.240994419076609,1.552657973921761
2024-11-23 00:00:00+00:00,10.855491329479783,2.4808217534447854,0.8537691321310621,10.613563950842032,4.461694571283609,1.6038114343029042
2024-11-24 00:00:00+00:00,10.682080924855507,2.4898352498347225,0.8360352495020822,10.514792899408258,4.46296296296296,1.5857572718154418
2024-11-25 00:00:00+00:00,9.971098265895968,2.311857504440716,0.8633454287507112,9.657715065999065,3.9809741248097383,1.483450351053155
2024-11-26 00:00:00+00:00,9.56647398843932,2.272141652457736,0.8134722942187493,9.497041420118318,3.9086757990867556,1.4413239719157427
2024-11-27 00:00:00+00:00,10.427745664739899,2.416466542788664,0.9958584563337187,10.026854802002704,4.091324200913239,1.5817452357071167
2024-11-28 00:00:00+00:00,10.491329479768801,2.4062446482810365,0.9532480288107328,9.816112881201612,4.0951293759512915,1.555667001003004
2024-11-29 00:00:00+00:00,10.826589595375738,2.4717740772613,0.9609418055820746,10.081474738279443,4.408422120750886,1.6128385155466347
2024-11-30 00:00:00+00:00,10.682080924855507,2.4348381818201363,1.022328322374697,9.821574874829285,4.350076103500759,1.6820461384152408
2024-12-01 00:00:00+00:00,11.878612716763023,2.463426730806011,1.0245982593512069,9.785616750113764,4.5885337392186685,2.0982948846539555
2024-12-02 00:00:00+00:00,10.81502890173412,2.4129859004791343,0.9887758164406675,9.278106508875714,4.386859462201926,2.0010030090270754
2024-12-03 00:00:00+00:00,10.728323699421981,2.4154290436387074,0.9739721168799222,9.655894401456505,4.157280568239471,1.8696088264794328
2024-12-04 00:00:00+00:00,11.6127167630058,2.515956801013443,1.0981365781791332,9.445152480655413,4.495941146626077,2.3009027081243674
2024-12-05 00:00:00+00:00,11.271676300578052,2.455499510979737,1.067623386898747,9.749658625398244,4.4211060375443925,2.059177532597788
2024-12-06 00:00:00+00:00,11.485549132947996,2.5567624899552475,1.1855073254576642,9.795630405097835,4.52257737189244,2.0982948846539564
2024-12-07 00:00:00+00:00,13.40462427745667,2.5577739982205268,1.1829209068834685,9.84842967683202,4.750887874175545,2.2086258776328926
2024-12-08 00:00:00+00:00,14.277456647398868,2.602757098804895,1.186511336043428,9.796540737369115,4.920852359208523,2.23069207622868
2024-12-09 00:00:00+00:00,14.335260115606959,2.4656295472922074,1.0266772160532502,8.86845698680016,4.2536783358701165,1.7331995987963844
2024-12-10 00:00:00+00:00,12.635838150289038,2.441402482378727,0.981076583090055,8.72917614929447,3.9974632166412984,1.7261785356068158
2024-12-11 00:00:00+00:00,13.526011560693664,2.603229207203263,1.0925817804818094,9.351388256713676,4.254946727549467,1.8916750250752208
2024-12-12 00:00:00+00:00,12.664739884393084,2.5618898150268037,1.1185987504433403,9.332726445152456,4.15220700152207,1.8224674022066152
2024-12-13 00:00:00+00:00,13.31213872832372,2.6113009790730795,1.1322511117780194,9.233955393718684,4.1889903602232375,1.862587763289865
2024-12-14 00:00:00+00:00,12.473988439306376,2.610345725051346,1.1114670013368548,9.007737824305849,4.050735667174024,1.7572718154463347
2024-12-15 00:00:00+00:00,12.959537572254355,2.7179262692007806,1.1596049436608116,9.206190259444675,4.154743784880771,1.7953861584754218
2024-12-16 00:00:00+00:00,12.583815028901752,2.777194743290183,1.1758109840940638,8.84296768320435,4.098934550989346,1.7271815446338974
2024-12-17 00:00:00+00:00,11.976878612716781,2.779008408585266,1.124546421848136,9.158397815202528,4.0,1.6399197592778294
2024-12-18 00:00:00+00:00,10.254335260115624,2.5656381990524495,0.977829918424133,8.396904870277632,3.5421106037544394,1.4112337011033063
2024-12-19 00:00:00+00:00,8.849710982658975,2.4671519722631103,0.8631326221591618,7.815202548930342,2.9827498731608326,1.162487462387158
2024-12-20 00:00:00+00:00,9.20809248554915,2.4809801910294547,0.8938804463481778,7.851160673645865,3.0296803652968034,1.2527582748244694
2024-12-21 00:00:00+00:00,9.0520231213873,2.461536873054479,0.8210678525632218,7.251251706872994,3.0613901572805684,1.175526579739214
2024-12-22 00:00:00+00:00,9.294797687861289,2.3858880889472283,0.789157776989599,7.208466090122881,2.961187214611873,1.1564694082246705
2024-12-23 00:00:00+00:00,9.664739884393082,2.374244884691274,0.8651897525441234,7.644060081929888,3.115930999492644,1.2557673019057134
2024-12-24 00:00:00+00:00,10.121387283237011,2.510796364266889,0.90493547595012,7.964952207555742,3.2732115677321163,1.3550651955867563
2024-12-25 00:00:00+00:00,9.710982658959555,2.5374683525375232,0.9066215589446907,7.981793354574403,3.2376966007103007,1.2868605817452319
2024-12-26 00:00:00+00:00,9.046242774566489,2.406592854927794,0.8176083813057529,7.56804733727809,2.962455606291224,1.1634904714142391
2024-12-27 00:00:00+00:00,9.317919075144523,2.3528273275994467,0.816315172018655,7.372325898953102,2.949771689497718,1.17251755265797
2024-12-28 00:00:00+00:00,9.826589595375737,2.3873652968995835,0.8540692439909356,7.88256713700499,3.10705225773719,1.2196589769307886
2024-12-29 00:00:00+00:00,9.329479768786141,2.331278391926175,0.8281886885111658,7.630405097860704,2.978944698122781,1.137412236710127
2024-12-30 00:00:00+00:00,9.64739884393065,2.2985711778178954,0.8314735492319798,7.695493855257153,2.9751395230847297,1.116349047141421
2024-12-31 00:00:00+00:00,10.508670520231231,2.325123536811115,0.817668403677728,7.596722803823381,3.0005073566717417,1.1193580742226645
2025-01-01 00:00:00+00:00,10.179190751445104,2.3607463585168507,0.8297438136032456,7.8233955393718535,3.114662607813295,1.1705115346038077
2025-01-02 00:00:00+00:00,10.82080924855493,2.450057090936421,0.8839331023381374,8.470186618115594,3.2947742262810777,1.2948846539618817
2025-01-03 00:00:00+00:00,11.479768786127188,2.49402227454422,0.9686410389326858,8.91761492944923,3.8160832064941674,1.4483450351053113
2025-01-04 00:00:00+00:00,11.21387283236996,2.496795466335231,0.9951709273456395,8.861174328629932,4.0076103500761056,1.4393179538615803
2025-01-05 00:00:00+00:00,10.965317919075162,2.501540761005996,0.983624805609356,8.711424670004535,3.8477929984779324,1.3991975927783304
2025-01-06 00:00:00+00:00,11.017341040462444,2.641650499505653,1.0128393310233736,8.939007737824289,3.921359715880267,1.4132397191574677
2025-01-07 00:00:00+00:00,9.745664739884408,2.4515350109678105,0.8445584263225312,8.200728265817006,3.414003044140033,1.1845536609829446
2025-01-08 00:00:00+00:00,9.300578034682093,2.384193340850527,0.8151529206340475,7.987255348202076,3.3404363267376995,1.1354062186559637
2025-01-09 00:00:00+00:00,8.832369942196545,2.2950787862043356,0.7565001500559232,7.42011834319525,3.0715372907153755,1.1113340020060138
2025-01-10 00:00:00+00:00,9.190751445086716,2.3720605822599166,0.7823425094807994,7.5398270368684415,3.23389142567225,1.1614844533600754
2025-01-11 00:00:00+00:00,9.40462427745666,2.3670639236907753,0.7908274902463577,7.558033682294022,3.325215626585492,1.2266800401203564
2025-01-12 00:00:00+00:00,9.260115606936429,2.364775301681196,0.7822442910539316,7.576240327719601,3.2592592592592613,1.1604814443329943
2025-01-13 00:00:00+00:00,8.739884393063596,2.3652021930610165,0.7114342618612326,7.318161128812001,3.287163876204975,1.1253761283851507
2025-01-14 00:00:00+00:00,9.09826589595377,2.4367380086781205,0.7593921370692645,7.534365043240767,3.5129375951293786,1.167502507522563
2025-01-15 00:00:00+00:00,10.023121387283249,2.578583083779317,0.8833492483561984,8.371870732817461,3.887113140537801,1.279839518555662
2025-01-16 00:00:00+00:00,9.47976878612718,2.5596627878535125,0.8047745068616416,8.608101957214366,3.7754946727549505,1.2076228686058124
2025-01-17 00:00:00+00:00,10.739884393063598,2.706767634726258,0.8963086241235299,8.994082840236668,4.270167427701678,1.4292878635907664
2025-01-18 00:00:00+00:00,9.653179190751459,2.7181747847830287,0.8030829672878006,10.919435593991786,4.022831050228315,1.2818455366098243
2025-01-19 00:00:00+00:00,8.265895953757237,2.6035670887040556,0.7520093853163388,10.478834774692741,3.540842212075092,1.0371113340020015
2025-01-20 00:00:00+00:00,8.127167630057816,2.636898796123599,0.7899762638801671,10.002275830678176,3.4926433282597698,1.0371113340020015
2025-01-21 00:00:00+00:00,8.196531791907526,2.7795592017166952,0.815753144353798,10.395539371870711,3.7184170471841735,1.0962888665997945
2025-01-22 00:00:00+00:00,7.751445086705216,2.6910289079164467,0.7687556270973663,10.711879836140168,3.5979198376458683,1.0220661985957826
2025-01-23 00:00:00+00:00,7.861271676300591,2.7004568343031403,0.8217881210269213,10.521620391442854,3.4672754946727586,1.0200601805416203
2025-01-24 00:00:00+00:00,7.635838150289029,2.7332445133420618,0.8059858674596827,10.532544378698203,3.4495180111618504,1.002006018054158
2025-01-25 00:00:00+00:00,7.687861271676313,2.728914004707569,0.8107385480042493,10.667273554847496,3.483764586504316,0.9989969909729144
2025-01-26 00:00:00+00:00,7.0982658959537694,2.652144052164076,0.7634518320464834,9.944469731451958,3.260527650938613,0.9147442326980897
2025-01-27 00:00:00+00:00,6.578034682080936,2.6339429560608223,0.7360925435844206,9.691852526172033,3.235159817351601,0.9027081243731148
2025-01-28 00:00:00+00:00,5.612716763005791,2.6061273688644304,0.6783510217444622,9.329540282202984,3.0398274987316114,0.8004012036108281
2025-01-29 00:00:00+00:00,6.167630057803478,2.6936596839010125,0.6992333506124946,9.383705052344084,3.1095890410958935,0.8355065195586717
2025-01-30 00:00:00+00:00,6.4797687861271775,2.7291429381164316,0.7719695522876644,9.8493400091033,3.2047184170471876,0.8736208625877586
2025-01-31 00:00:00+00:00,7.017341040462437,2.646286490044973,0.8006929855673413,9.546654528903026,3.1717402333840727,0.8956870611835457
2025-02-01 00:00:00+00:00,6.080924855491338,2.582464982623507,0.7006029520093793,8.69276285844331,2.904109589041099,0.7652958876629847
2025-02-02 00:00:00+00:00,5.225433526011568,2.4772620703626806,0.565579897961962,8.2594446973145,2.3992897006595664,0.5556670010030051
2025-02-03 00:00:00+00:00,5.36416184971099,2.612066464032726,0.5731754563064357,8.853436504324057,2.617453069507867,0.6870611835506479
2025-02-04 00:00:00+00:00,4.872832369942203,2.4818841753608707,0.4907865659018307,8.40828402366862,2.3434804667681406,0.579739217652955
2025-02-05 00:00:00+00:00,4.786127167630065,2.440541934868283,0.5215780427250101,7.926263086026383,2.2483510908168465,0.5817452357071176
2025-02-06 00:00:00+00:00,4.3294797687861335,2.4380695964683885,0.4661610236542657,7.628584433318144,2.1443429731100987,0.49047141424272467
2025-02-07 00:00:00+00:00,4.156069364161856,2.436946647834565,0.43108067552450846,7.743286299499301,2.1278538812785412,0.5145436308926745
2025-02-08 00:00:00+00:00,4.526011560693648,2.4349122380394905,0.436586364008398,8.080109239872538,2.2090309487569786,0.6008024072216613
2025-02-09 00:00:00+00:00,4.51445086705203,2.4352686335951206,0.433901727007334,8.126991351843408,2.158295281582955,0.5717151454363054
2025-02-10 00:00:00+00:00,4.554913294797695,2.4699109224734785,0.45250866231958664,8.127446517979047,2.239472349061393,0.5857572718154427
2025-02-11 00:00:00+00:00,4.5433526011560765,2.4101838694873217,0.41992197091642725,8.010013654984053,2.210299340436329,0.5737211634904678
2025-02-12 00:00:00+00:00,4.832369942196539,2.4847228784228457,0.494322429269086,7.957214383249871,2.351090816844244,0.7051153460381103
2025-02-13 00:00:00+00:00,4.601156069364169,2.4405088231932837,0.4603170272556083,7.843878015475635,2.3295281582952843,0.6339017051153424
2025-02-14 00:00:00+00:00,4.953757225433534,2.4716953925282414,0.48747442228466453,8.07874374146562,2.4474885844748884,0.6760280842527544
2025-02-15 00:00:00+00:00,4.7456647398844005,2.4748107382942375,0.46976236597276655,7.853891670459705,2.446220192795538,0.6379137412236673
2025-02-16 00:00:00+00:00,4.606936416184979,2.422703643031948,0.4523176820451209,7.571688666363208,2.3688483003551526,0.6018054162487425
2025-02-17 00:00:00+00:00,4.849710982658967,2.4105135620792426,0.49735628734345916,7.08010923987254,2.2749873160832093,0.5787362086258738
2025-02-18 00:00:00+00:00,4.35260115606937,2.4048297472440017,0.4571412981202032,6.702776513427388,2.1861998985286686,0.5265797392176494
2025-02-19 00:00:00+00:00,4.404624277456653,2.440801131636013,0.4817177311543339,6.6877560309512845,2.2318619989852904,0.545636910732193
2025-02-20 00:00:00+00:00,4.566473988439312,2.5014941198293874,0.4945461490191745,7.014110150204811,2.2318619989852904,0.5586760280842493
2025-02-21 00:00:00+00:00,4.27745664739885,2.4233295605012763,0.4523231386243911,6.684569868001808,2.0377980720446507,0.5115346038114308
2025-02-22 00:00:00+00:00,4.566473988439312,2.4386460244449766,0.5079475077074127,6.832954028220287,2.127853881278543,0.5646940822467366
2025-02-23 00:00:00+00:00,4.398843930635844,2.4277391099083454,0.53871170163424,6.644970414201171,2.0809233891425714,0.5506519558675993
2025-02-24 00:00:00+00:00,3.560693641618503,2.2590778505324893,0.37159304831800455,5.455621301775137,1.6686960933536312,0.36810431293881307
2025-02-25 00:00:00+00:00,3.757225433526018,2.154839805360331,0.36004147000245057,5.5621301775147804,1.6801116184677864,0.41223671013038765
2025-02-26 00:00:00+00:00,3.8092485549133013,1.9953027706639235,0.27308542274847425,5.149749658625388,1.5773718924403894,0.4453360080240687
2025-02-27 00:00:00+00:00,3.7398843930635897,2.0141358369082796,0.2580198073827473,5.261265361857067,1.62176560121766,0.4453360080240687
2025-02-28 00:00:00+00:00,3.578034682080931,2.002216702027338,0.22038032357514648,5.741465634956747,1.5583460172501304,0.3971915747241692
2025-03-01 00:00:00+00:00,3.387283236994225,2.0637406864513212,0.20957084004037418,5.5366408739189685,1.6217656012176596,0.3681043129388133
2025-03-02 00:00:00+00:00,4.109826589595382,2.3565895971662245,0.37424494584344603,7.1360946745561975,2.036529680365301,0.5195586760280808
2025-03-03 00:00:00+00:00,3.167630057803473,2.067599086687446,0.1718003983302827,5.465179790623565,1.5240994419076643,0.2938816449348014
2025-03-04 00:00:00+00:00,3.0346820809248607,2.1066377515107777,0.18469429514636881,5.59035047792443,1.5253678335870147,0.3109327983951824
2025-03-05 00:00:00+00:00,3.086705202312144,2.2261025386685755,0.223201375057972,5.659990896677275,1.5976661593099983,0.3410230692076197
2025-03-06 00:00:00+00:00,2.947976878612722,2.201931371959125,0.2018661501104917,5.522530723714144,1.5558092338914289,0.34302908726178205
2025-03-07 00:00:00+00:00,3.0404624277456698,2.089234183923619,0.16821542574959358,5.342284934000899,1.5152207001522098,0.3179538615847508
2025-03-08 00:00:00+00:00,2.8554913294797735,2.0699507276913787,0.20221537118380084,5.233500227583056,1.4378488077118243,0.2698094282848513
2025-03-09 00:00:00+00:00,2.387283236994224,1.873917150316692,0.10223446921124779,4.7564861174328525,1.1308980213089828,0.16850551654964585
2025-03-10 00:00:00+00:00,2.2890173410404664,1.7971041169917488,0.017313726025151466,4.381884387801538,0.9520547945205502,0.15245737211634602
2025-03-11 00:00:00+00:00,2.6531791907514495,1.9522607975214084,0.049289280550019576,4.705052344105589,1.0865043125317118,0.20762286860581436
2025-03-12 00:00:00+00:00,3.0173410404624326,1.9788095961194672,0.04106075901017303,4.7633136094674455,1.186707255200408,0.2357071213640891
2025-03-13 00:00:00+00:00,2.872832369942201,1.886819310301624,0.017035440482358055,4.613108784706407,1.0941146626078155,0.2056168505516518
2025-03-14 00:00:00+00:00,3.080924855491334,1.9905706494552549,0.04304149728534812,5.079198907601263,1.1803652968036555,0.28084252758274486
2025-03-15 00:00:00+00:00,3.1271676300578077,2.0034040938135775,0.05719040733363889,5.1857077833409075,1.2323693556570294,0.2878635907723137
2025-03-16 00:00:00+00:00,2.803468208092489,1.939902665917098,0.029623768859298627,4.739644970414189,1.1334348046676839,0.3149448345035071
2025-03-17 00:00:00+00:00,3.271676300578039,1.9916263066205326,0.051160887239785735,4.827947200728254,1.1993911719939145,0.29889669007020725
2025-03-18 00:00:00+00:00,3.2138728323699457,1.9450428084112334,0.05395465582625891,4.704142011834308,1.1308980213089832,0.2577733199598764
2025-03-19 00:00:00+00:00,3.3121387283237027,2.093217910069417,0.12237470329849831,5.162494310423291,1.2590055809233922,0.2978936810431261
2025-03-20 00:00:00+00:00,3.4104046242774597,1.9970804759678802,0.08185414563609705,4.803368229403721,1.1473871131405406,0.2968906720160447
2025-03-21 00:00:00+00:00,3.1676300578034713,1.9928852623495108,0.07226147927863646,4.846609012289473,1.1207508878741783,0.2537612838515515
2025-03-22 00:00:00+00:00,3.0867052023121424,1.9849423767845278,0.08062095872097408,4.8484296768320325,1.1232876712328794,0.2838515546639886
2025-03-23 00:00:00+00:00,3.242774566473993,2.0652036528230333,0.09461708454969187,5.0464269458352184,1.18924403855911,0.2998996990972884
2025-03-24 00:00:00+00:00,3.6242774566474028,2.116074934924891,0.13580334488308887,5.418752844788336,1.321156773211571,0.3570712136409191
2025-03-25 00:00:00+00:00,3.635838150289021,2.113198847713724,0.12766758519083976,5.540737369139722,1.4188229325215662,0.38916750250751875
2025-03-26 00:00:00+00:00,3.930635838150293,2.0948361096701538,0.09657599650778548,5.252617205279915,1.4720953830542909,0.4262788365095245
2025-03-27 00:00:00+00:00,3.8843930635838193,2.1053371391584146,0.09311652525031677,5.299954483386424,1.4150177574835148,0.4072216649949809
2025-03-28 00:00:00+00:00,3.4971098265895986,2.004511020669175,0.03464927836738796,4.891215293582146,1.2843734145104042,0.3269809428284818
2025-03-29 00:00:00+00:00,3.1676300578034704,1.941799644458952,-0.002711919897419701,4.668183887118787,1.1499238964992422,0.27181544633901344
2025-03-30 00:00:00+00:00,3.011560693641621,1.933036087809327,-0.013734210023739535,4.680473372781054,1.1118721461187246,0.24874623871614476
2025-03-31 00:00:00+00:00,3.1618497109826613,1.9387330761066641,-0.0057348648132519164,4.669094219390066,1.113140537798075,0.24172517552657613
2025-04-01 00:00:00+00:00,3.462427745664743,2.032565154341364,0.03960385234496133,4.76649977241692,1.2070015220700179,0.27181544633901344
2025-04-02 00:00:00+00:00,3.0809248554913324,1.9369906187148032,-0.0207459143862746,4.343195266272178,1.0776255707762585,0.2086258776328953
2025-04-03 00:00:00+00:00,2.8728323699421994,1.9607818912605604,-0.008916050527927433,4.330450614474272,1.0573313039066492,0.22668004012035747
2025-04-04 00:00:00+00:00,3.1849710982658994,1.9857548589602994,-0.008948790003550089,4.587164314974954,1.1714865550482019,0.2347041123370075
2025-04-05 00:00:00+00:00,3.0809248554913333,1.9730499448672938,-0.014983766676673671,4.473827947200717,1.1423135464231384,0.2357071213640889
2025-04-06 00:00:00+00:00,2.6589595375722577,1.7901239622783378,-0.13805145554252318,3.8170232134729076,0.8924403855910732,0.1344032096288834
2025-04-07 00:00:00+00:00,2.7225433526011593,1.8178056786166708,-0.1529097208959731,3.8675466545288923,0.8962455606291249,0.14543630892677717
2025-04-08 00:00:00+00:00,2.491329479768789,1.7149828905210653,-0.19670968269991806,3.7956304050978504,0.8023845763571817,0.06820461384152154
2025-04-09 00:00:00+00:00,3.02890173410405,1.9404246198477204,-0.08929691976100496,4.418297678652697,1.033231861998988,0.1955867602808392
2025-04-10 00:00:00+00:00,2.878612716763009,1.8324709462853987,-0.16977600742095067,4.132453345471086,0.9469812278031482,0.16449348044132073
2025-04-11 00:00:00+00:00,3.0115606936416217,1.968871109066666,-0.1454887730881541,4.5238962221210635,1.029426686960936,0.22367101303911374
2025-04-12 00:00:00+00:00,3.3063583815028936,2.036024434279925,-0.10302567320547062,5.018661811561207,1.12582445459158,0.2567703109327948
2025-04-13 00:00:00+00:00,3.2080924855491366,1.981151624056464,-0.12848607208141516,4.840236686390521,1.0611364789447002,0.2086258776328953
2025-04-14 00:00:00+00:00,3.242774566473992,2.0112309104963075,-0.11396611464273354,4.888939462903948,1.0104008117706766,0.203610832497489
2025-04-15 00:00:00+00:00,3.046242774566477,1.9778493575445082,-0.1331132513027612,4.73918980427855,0.9482496194824979,0.17151454363088914
2025-04-16 00:00:00+00:00,3.127167630057807,1.9917786915334288,-0.13936649114670296,4.977241693218011,0.9622019279553546,0.18756268806418896
2025-04-17 00:00:00+00:00,3.1849710982658994,2.024321415385264,-0.13585245409652968,5.137460172963118,0.9774226281075615,0.1825476429287829
2025-04-18 00:00:00+00:00,3.236994219653183,2.0071083289392257,-0.13318964341254746,5.101502048247598,0.9989852866565214,0.23269809428284471
2025-04-19 00:00:00+00:00,3.33526011560694,2.0285269541496005,-0.11999563473658648,5.365953573054152,0.9951801116184698,0.2387161484453324
2025-04-20 00:00:00+00:00,3.3583815028901762,2.0322867314397626,-0.1338717158213545,5.274920345926251,0.9698122780314582,0.2387161484453324
2025-04-21 00:00:00+00:00,3.4739884393063614,2.11590011952248,-0.13802417264617095,5.216203914428754,1.0218163368848323,0.23971915747241357
2025-04-22 00:00:00+00:00,4.098265895953761,2.32837488967227,-0.041257195863916185,5.774692762858431,1.2666159309994955,0.36208625877632516
2025-04-23 00:00:00+00:00,4.109826589595379,2.337130969492057,-0.020069298556738113,5.880746472462436,1.2666159309994955,0.361083249749244
2025-04-24 00:00:00+00:00,4.063583815028905,2.347571828302095,-0.0339453796415059,5.945380063723246,1.3160832064941683,0.38314944834503106
2025-04-25 00:00:00+00:00,4.236994219653182,2.372094406013951,-0.025487681772300097,5.869367319071448,1.3059360730593634,0.420260782347037
2025-04-26 00:00:00+00:00,4.3005780346820845,2.3704003699962812,-0.006111368782913296,5.7947200728265695,1.3084728564180645,0.4192577733199556
2025-04-27 00:00:00+00:00,4.069364161849714,2.3388474359992424,-0.022262843423461187,5.73827947200727,1.2754946727549497,0.34804413239718746
2025-04-28 00:00:00+00:00,4.184971098265899,2.383623677624748,-0.017712056311901314,5.730996813837038,1.2716894977168978,0.3771313941825434
2025-04-29 00:00:00+00:00,4.121387283236998,2.356532630843648,-0.018650587946419606,5.661356395084193,1.215880263825472,0.3450351053159437
2025-04-30 00:00:00+00:00,4.144508670520234,2.3533987710228144,-0.02118244072791098,5.716886663632213,1.1854388635210582,0.32698094282848134
2025-05-01 00:00:00+00:00,4.052023121387286,2.4364688428039414,0.003372165989138143,5.868456986800169,1.291983764586507,0.35305917753259375
2025-05-02 00:00:00+00:00,4.028901734104049,2.4509155022097757,0.0055602542765906815,5.740555302685467,1.3033992897006628,0.3520561685055126
2025-05-03 00:00:00+00:00,3.722543352601158,2.4145307559395564,0.0007093553051560342,5.680018206645412,1.2298325722983288,0.30090270812436914
2025-05-04 00:00:00+00:00,3.6763005780346845,2.3608026127604007,-0.01290480997463006,5.553937187073269,1.1626078132927478,0.27081243731193205
2025-05-05 00:00:00+00:00,3.5895953757225456,2.374113506109832,-0.0068752898807770135,5.675921711424657,1.163876204972098,0.2718154463390132
2025-05-06 00:00:00+00:00,3.618497109826591,2.44773962972604,-0.00855045971680679,5.685480200273087,1.184170471841707,0.27883650952858186
2025-05-07 00:00:00+00:00,3.7745664739884415,2.4554443248547435,-0.011627970425343692,5.707328174783785,1.1816336884830059,0.2858575727181505
2025-05-08 00:00:00+00:00,5.421965317919078,2.676428439439654,0.20437071999563083,6.484751934456064,1.513952308472859,0.44332998996990525
2025-05-09 00:00:00+00:00,6.150289017341043,2.6665768260287845,0.2797424494584304,6.865270823850692,1.604008117706751,0.5075225677031048
2025-05-10 00:00:00+00:00,6.913294797687864,2.7317954325114813,0.40985458216243753,7.098771051433758,2.179857940131916,0.7121364092276778
2025-05-11 00:00:00+00:00,6.86705202312139,2.7072265696625317,0.37219327203775476,6.884842967683189,1.940131912734656,0.5957873620862537
2025-05-12 00:00:00+00:00,6.8728323699422,2.660173099291962,0.361722096417751,6.929904415111501,1.929984779299851,0.5827482447341978
2025-05-13 00:00:00+00:00,7.346820809248559,2.7076741113342866,0.46238507079911106,7.364588074647232,2.0542871638762077,0.6409227683049095
2025-05-14 00:00:00+00:00,7.03468208092486,2.6865670207005112,0.4242053856437351,7.04187528447882,1.9528158295281615,0.5777331995987913
2025-05-15 00:00:00+00:00,6.531791907514455,2.695250112419495,0.39088205603906445,6.700045516613549,1.782851344495183,0.48645937813439843
2025-05-16 00:00:00+00:00,6.283236994219656,2.6849947501973532,0.38475977409761364,6.623122439690472,1.8056823947234935,0.4613841524573672
2025-05-17 00:00:00+00:00,6.034682080924859,2.6728794375430325,0.35113633263306765,6.556668183887105,1.721968543886355,0.4232698094282801
2025-05-18 00:00:00+00:00,7.011560693641622,2.791415673642805,0.3634463754672148,6.891670459717781,1.9578893962455632,0.5045135406218606
2025-05-19 00:00:00+00:00,6.676300578034685,2.76042492604171,0.37978337380295835,6.595812471552101,1.8475393201420625,0.46439317953861114
2025-05-20 00:00:00+00:00,6.606936416184975,2.805203659943829,0.37784083158267623,6.675921711424654,1.8716387620497237,0.4663991975927737
2025-05-21 00:00:00+00:00,6.890173410404629,2.905748507215338,0.39263361798488083,6.90213928083749,1.969304921359719,0.4874623871614796
2025-05-22 00:00:00+00:00,7.971098265895959,2.9777485983614542,0.4542329413690511,7.180245789713229,2.115169964485036,0.5576730190571662
2025-05-23 00:00:00+00:00,6.982658959537576,2.821475733948778,0.3788230158513586,6.92125625853435,1.8564180618975166,0.435305917753255
2025-05-24 00:00:00+00:00,6.965317919075149,2.8373746785408405,0.38101656071808176,7.009103322712775,1.8564180618975166,0.4433299899699048
2025-05-25 00:00:00+00:00,6.867052023121391,2.8823061533953718,0.3926445311434221,7.002275830678183,1.8538812785388155,0.4533600802407174
2025-05-26 00:00:00+00:00,7.011560693641622,2.89725269228183,0.39932338417045954,6.9644970414201035,1.8678335870116722,0.44533600802406736
2025-05-27 00:00:00+00:00,7.03468208092486,2.879974450604342,0.4525414017952105,7.047337278106495,1.8678335870116722,0.4513540621865548
2025-05-28 00:00:00+00:00,7.086705202312142,2.838857583125454,0.4635091261288258,6.841602184797437,1.801877219685442,0.43731193580741734
2025-05-29 00:00:00+00:00,6.768786127167634,2.759306605921596,0.43607344555697636,6.5880746472462315,1.725773718924407,0.39418254764292415
2025-05-30 00:00:00+00:00,5.716763005780351,2.704209134763467,0.38149128311461156,6.112426035502946,1.455606291222732,0.2798395185556626
2025-05-31 00:00:00+00:00,5.734104046242778,2.7261190945060787,0.38014350803480923,6.1247155211652125,1.4429223744292266,0.2858575727181498
2025-06-01 00:00:00+00:00,5.826589595375727,2.763415657977066,0.386216680762826,6.181156121984511,1.4581430745814337,0.2988966900702059
2025-06-02 00:00:00+00:00,6.138728323699427,2.770771434379977,0.4236597277166907,6.142011834319513,1.4759005580923419,0.32397191574723716
2025-06-03 00:00:00+00:00,6.092485549132952,2.754353384173421,0.41591684173191457,6.068730086481553,1.4505327245053303,0.3089267803410185
2025-06-04 00:00:00+00:00,5.838150289017346,2.729371515485779,0.42322865795432474,5.97815202548929,1.3871131405378008,0.28485456369106865
2025-06-05 00:00:00+00:00,5.156069364161853,2.616671123094628,0.31822770305295256,5.57168866636321,1.1714865550482014,0.2056168505516507
2025-06-06 00:00:00+00:00,5.3988439306358424,2.7167869427492204,0.3523094971762166,5.734182976786514,1.2691527143581967,0.24674022066198154
2025-06-07 00:00:00+00:00,5.653179190751448,2.7606755778610546,0.37842468556461584,5.834774692762846,1.3490613901572837,0.2778335005015
2025-06-08 00:00:00+00:00,5.745664739884396,2.766160366606788,0.37002701006738503,5.942649066909409,1.3363774733637777,0.2537612838515504
2025-06-09 00:00:00+00:00,6.317919075144513,2.9271913431128094,0.4630562300493781,6.338643604915779,1.4720953830542904,0.31494483450350597
2025-06-10 00:00:00+00:00,6.5895953757225465,2.92698056771927,0.5366545712492796,6.516613563950826,1.5177574835109118,0.3410230692076184
2025-06-11 00:00:00+00:00,6.208092485549136,2.8693228164007665,0.5128747987886353,6.3290851160673505,1.4479959411466297,0.29889669007020614
2025-06-12 00:00:00+00:00,5.653179190751447,2.7642648122229985,0.4429978446511842,5.937187073281734,1.2983257229832605,0.2266800401203568
2025-06-13 00:00:00+00:00,5.491329479768789,2.778329797267559,0.4079338662592382,5.7664997724169185,1.2894469812278064,0.21464393179538188
2025-06-14 00:00:00+00:00,5.32947976878613,2.7555450484338553,0.3820151147245754,5.587164314974952,1.262810755961444,0.20762286860581325
2025-06-15 00:00:00+00:00,5.427745664739887,2.7606755778610554,0.3905601178621083,5.963131543013184,1.2272957889396277,0.20762286860581325
2025-06-16 00:00:00+00:00,5.121387283236996,2.804474134975313,0.38882492565410365,5.861174328629936,1.1917808219178112,0.19057171514543225
2025-06-17 00:00:00+00:00,4.85549132947977,2.724126341334392,0.3701252284942531,5.71870732817477,1.148655504819891,0.1634904714142389
2025-06-18 00:00:00+00:00,4.9768786127167655,2.735846806165343,0.37825007502796115,5.664087391898028,1.1651445966514484,0.17151454363088892
2025-06-19 00:00:00+00:00,4.953757225433528,2.7277237646052064,0.37606198674050884,5.6936731907145965,1.1689497716895003,0.16248746238715794
2025-06-20 00:00:00+00:00,4.6878612716763035,2.6783620900516705,0.3135186751425496,5.379153390987697,1.0598680872653499,0.1344032096288832
2025-06-21 00:00:00+00:00,4.358381502890175,2.6375019270639006,0.25334351894796825,5.166135639508407,0.9609335362760041,0.09327983951855234
2025-06-22 00:00:00+00:00,4.132947976878615,2.596548125683393,0.21603688647586505,4.998179335457429,0.9190766108574349,0.0641925777331962
2025-06-23 00:00:00+00:00,4.728323699421968,2.753501381611363,0.31676533980847044,5.581702321347278,1.0788939624556089,0.16148445336007655
2025-06-24 00:00:00+00:00,4.815028901734107,2.7787630973586706,0.3366927673041733,5.644515248065529,1.10299340436327,0.17452357071213265
2025-06-25 00:00:00+00:00,4.473988439306361,2.8238601305881947,0.3206176847734119,5.538461538461524,1.0890410958904138,0.16549648946840145
2025-06-26 00:00:00+00:00,4.300578034682084,2.810056122508946,0.31912803863257766,5.333636777423745,1.0306950786402869,0.1243731193580706
2025-06-27 00:00:00+00:00,4.300578034682084,2.8133669339692884,0.32290399148773297,5.471096950386876,1.0433789954337929,0.13640922768304553
2025-06-28 00:00:00+00:00,4.526011560693644,2.8219574554140827,0.3300684800698408,5.8643604915794105,1.0763571790969082,0.159478435305914
2025-06-29 00:00:00+00:00,5.005780346820812,2.859178894547169,0.36483234660191166,5.980427856167485,1.1499238964992422,0.1895687061183513
2025-06-30 00:00:00+00:00,4.635838150289019,2.8156690854804802,0.3567075000682034,6.049613108784689,1.0953830542871672,0.14543630892677673
2025-07-01 00:00:00+00:00,4.346820809248556,2.764198588873002,0.31268927509344,5.687756030951281,1.0015220700152234,0.12337011033098921
2025-07-02 00:00:00+00:00,4.815028901734106,2.8767939496068995,0.40306659754999163,5.934456076467892,1.1410451547437876,0.18355065195586362
2025-07-03 00:00:00+00:00,4.849710982658961,2.9035805826017222,0.41436717321910455,5.93673190714609,1.182902080162357,0.1925777331995948
2025-07-04 00:00:00+00:00,4.5780346820809275,2.8462133595283676,0.3688865849998595,5.725079654073719,1.0662100456621033,0.14744232698093906
2025-07-05 00:00:00+00:00,4.601156069364165,2.853932296237715,0.373470111587042,5.719162494310405,1.0826991374936612,0.15045135406218257
2025-07-06 00:00:00+00:00,4.79768786127168,2.889159558041048,0.4029629225438529,5.9144287664997535,1.1816336884830068,0.18555667001002618
2025-07-07 00:00:00+00:00,4.72254335260116,2.8550947652578267,0.38733527951326896,5.777878925807902,1.1308980213089836,0.16549648946840145
2025-07-08 00:00:00+00:00,4.8959537572254375,2.8792303280156664,0.42759937794995895,5.906235776058243,1.1689497716895012,0.1885656970912699
2025-07-09 00:00:00+00:00,5.387283236994223,2.962424301548401,0.5114670013368574,6.151115157032299,1.2907153729071572,0.24272818455365686
2025-07-10 00:00:00+00:00,6.173410404624282,3.130889383150879,0.6104056966687537,6.480200273099663,1.474632166412992,0.3390170511534558
2025-07-11 00:00:00+00:00,6.144508670520236,3.1860961584404546,0.6146181758655456,6.4182976786526895,1.5520040588533779,0.3340020060180495
2025-07-12 00:00:00+00:00,6.075144508670525,3.1823306845180346,0.6065642648623535,6.317250796540719,1.5038051750380559,0.32397191574723716
2025-07-13 00:00:00+00:00,6.11560693641619,3.2414154422171224,0.6222464736856421,6.338188438780136,1.519025875190263,0.3340020060180495
2025-07-14 00:00:00+00:00,6.063583815028906,3.26781043174422,0.6449731263470884,6.3855257168866455,1.5050735667174067,0.32898696088264345
2025-07-15 00:00:00+00:00,6.42774566473989,3.1933586524901436,0.713000300111855,6.4660901228948395,1.5266362252663663,0.37713139418254293
2025-07-16 00:00:00+00:00,6.832369942196538,3.2262022297330955,0.8405587537172894,6.9076012744651605,1.6978691019786951,0.441323971915742
2025-07-17 00:00:00+00:00,6.728323699421971,3.246936903033016,0.8986058439963933,7.010923987255328,1.7701674277016783,0.4513540621865544
2025-07-18 00:00:00+00:00,6.508670520231218,3.2021891445687993,0.9368455515237442,7.0728265817023015,1.993404363267381,0.4734202607823417
2025-07-19 00:00:00+00:00,6.768786127167634,3.198178359419778,0.9612801134968434,7.058716431497476,2.063165905631663,0.49448345035104757
2025-07-20 00:00:00+00:00,7.1098265895953805,3.1773621530706677,1.0509317109104246,7.263086026399614,2.4741248097412525,0.5566700100300848
2025-07-21 00:00:00+00:00,7.156069364161855,3.1813903841559794,1.0539983084604208,7.913063268092831,2.4449518011161895,0.5536609829488408
2025-07-22 00:00:00+00:00,7.190751445086711,3.273310886228664,1.0454751316399693,8.36731907146106,2.436073059360735,0.5506519558675973
2025-07-23 00:00:00+00:00,6.358381502890179,3.230062054127287,0.9808528633399669,7.625398270368663,2.054287163876209,0.39117352056168
2025-07-24 00:00:00+00:00,6.161849710982664,3.215412808236784,1.0237142935093937,7.328174783796065,1.9452054794520586,0.36609829488464896
2025-07-25 00:00:00+00:00,6.254335260115611,3.188595199804059,1.033126892750929,7.5025034137459965,2.0035514967021855,0.4122367101303861
2025-07-26 00:00:00+00:00,6.173410404624281,3.200243388613239,1.0422830327667527,7.416932180245768,1.9870624048706276,0.40120361083249256
2025-07-27 00:00:00+00:00,6.3930635838150325,3.253558169914186,1.113944288325643,7.589440145653141,2.0542871638762086,0.4202607823470361
2025-07-28 00:00:00+00:00,5.884393063583818,3.203399678923587,1.07292718194963,7.335457441966295,1.8678335870116727,0.3390170511534556
2025-07-29 00:00:00+00:00,5.658959537572257,3.1992051773842505,1.06993151993015,7.259899863450137,1.8399289700659596,0.31594784353058714
2025-07-30 00:00:00+00:00,5.554913294797691,3.196043190441644,1.0791149428423261,7.0914883932635195,1.7891933028919365,0.2908726178535561
2025-07-31 00:00:00+00:00,5.231213872832373,3.1217042757141753,1.0179466892205218,6.838871187983592,1.661085743277527,0.24874623871614387
2025-08-01 00:00:00+00:00,4.994219653179194,3.0326274612566912,0.9027201047663165,6.404187528447862,1.5494672754946759,0.2096288866599756
2025-08-02 00:00:00+00:00,4.855491329479771,3.007093731319073,0.8516356096363136,6.213472917614908,1.4226281075596172,0.18655967903710713
2025-08-03 00:00:00+00:00,5.040462427745667,3.0673537754608526,0.9084931656344581,6.374146563495653,1.5215626585489628,0.22367101303911285
2025-08-04 00:00:00+00:00,5.219653179190755,3.0968007357200777,1.030354950481537,6.718252162039121,1.6686960933536308,0.25576730190571273
2025-08-05 00:00:00+00:00,4.8959537572254375,3.063394616041667,0.9708127574823286,6.4679107874373925,1.5342465753424688,0.21163490471413793
2025-08-06 00:00:00+00:00,5.104046242774571,3.0958234072483455,1.010263825607721,6.654073736913951,1.604008117706751,0.23671013039116895
2025-08-07 00:00:00+00:00,5.42196531791908,3.184257570379243,1.1344337434862024,6.985434683659513,1.8209030948757006,0.29187562688063706
2025-08-08 00:00:00+00:00,5.832369942196538,3.154726940833731,1.1883829427331944,7.048702776513405,1.9223744292237472,0.328986960882643
2025-08-09 00:00:00+00:00,6.167630057803474,3.1479059357840224,1.3260960903609464,7.192535275375489,2.0441400304414037,0.3771313941825425
2025-08-10 00:00:00+00:00,5.976878612716769,3.247967993471682,1.3202630071208294,7.317250796540714,1.9667681380010182,0.36208625877632383
2025-08-11 00:00:00+00:00,5.491329479768791,3.226708161885494,1.3053774588710274,6.959945380063701,1.8170979198376491,0.29689067201604313
2025-08-12 00:00:00+00:00,6.017341040462434,3.27704004412044,1.5044607535535905,7.726445152480631,1.9908675799086795,0.35707121364091754
2025-08-13 00:00:00+00:00,6.086705202312144,3.3926218643155,1.5928846206313194,8.177059626763743,2.106291222729583,0.39618856569708627
2025-08-14 00:00:00+00:00,5.387283236994224,3.215208441554534,1.483054593075594,7.766954938552548,1.8411973617453108,0.29388164493479985
2025-08-15 00:00:00+00:00,5.260115606936421,3.1813312815963046,1.4244236488145514,7.461083295402798,1.9033485540334891,0.28986960882647494
2025-08-16 00:00:00+00:00,5.416184971098271,3.1823791058922275,1.4146563719204366,7.636322257624009,1.933789954337903,0.30290872617853104
2025-08-17 00:00:00+00:00,5.433526011560698,3.183037066918006,1.442070226175204,7.70050068274918,1.9769152714358227,0.30692076228685594
2025-08-18 00:00:00+00:00,5.173410404624281,3.1404600813835346,1.3546721960003212,7.329540282202981,1.824708269913753,0.2748244734202563
2025-08-19 00:00:00+00:00,4.8959537572254375,3.018641873024225,1.2239380132594815,7.020482476103757,1.6560121765601252,0.2136409227683005
2025-08-20 00:00:00+00:00,5.161849710982662,3.069224407078515,1.366152838785359,7.555757851615816,1.8120243531202473,0.2617853560682002
2025-08-21 00:00:00+00:00,5.011560693641623,3.0051540280352853,1.3053829154502976,7.205735093309034,1.7232369355657062,0.24072216649949407
2025-08-22 00:00:00+00:00,5.687861271676304,3.1624505060567882,1.6358551823861545,8.13245334547107,2.050481988838157,0.3420260782346993
2025-08-23 00:00:00+00:00,5.502890173410409,3.108402639392162,1.6067061359233823,8.288575329995421,1.9959411466260821,0.3299899699097244
2025-08-24 00:00:00+00:00,5.26589595375723,3.040573907216835,1.6082448912776504,8.374601729631287,1.9401319127346568,0.2998996990972871
2025-08-25 00:00:00+00:00,4.635838150289022,2.921780610586428,1.388710337489421,7.52162039144285,1.6598173515981771,0.20661985957873186
2025-08-26 00:00:00+00:00,4.832369942196537,2.9807329215855214,1.511090497367193,7.915794264906662,1.770167427701678,0.25777331995987507
2025-08-27 00:00:00+00:00,4.791907514450872,2.9619002113806814,1.4595149101028495,8.237141556668155,1.776509386098431,0.2527582748244688
2025-08-28 00:00:00+00:00,4.901734104046247,3.0083715571424055,1.462079502359963,8.761037778789227,1.846270928462713,0.2718154463390121
2025-08-29 00:00:00+00:00,4.653179190751449,2.8592244676052307,1.379445065888187,8.336822940373207,1.7130898021309018,0.22367101303911263
2025-08-30 00:00:00+00:00,4.682080924855495,2.8749037358158516,1.3872206913485856,8.228038233955365,1.7397260273972641,0.23671013039116895
2025-08-31 00:00:00+00:00,4.578034682080928,2.854972287664284,1.3967642484926124,8.133818843877986,1.7105530187722007,0.22266800401203146
2025-09-01 00:00:00+00:00,4.468208092485551,2.8899553063595627,1.3544321065124199,7.981338188438752,1.6725012683916831,0.21364092276830027
2025-09-02 00:00:00+00:00,4.658959537572257,2.960795064722664,1.3607999345210415,8.541647701410984,1.724505327245057,0.2467402206619813
2025-09-03 00:00:00+00:00,4.710982658959542,2.97879535453883,1.4294491583226399,8.596267637687726,1.79553526128869,0.2517552657973876
2025-09-04 00:00:00+00:00,4.462427745664743,2.9425085191355422,1.3455324257223076,8.209831588529784,1.6940639269406428,0.21464393179538166
2025-09-05 00:00:00+00:00,4.635838150289022,2.940538196453369,1.3504597168035288,8.25762403277193,1.7638254693049253,0.2427281845536564
2025-09-06 00:00:00+00:00,4.56647398843931,2.924629282754855,1.3324311788939442,8.111970869367289,1.7435312024353156,0.23169508525576266
2025-09-07 00:00:00+00:00,4.716763005780352,2.957138538892176,1.3497012522849356,8.392808375056866,1.9008117706747885,0.25175526579738783
2025-09-08 00:00:00+00:00,4.95953757225434,2.9908134684052525,1.3499413417728356,8.7469276285844,2.0657026889903647,0.2908726178535561
2025-09-09 00:00:00+00:00,4.95953757225434,2.9715901828512354,1.3518402313589544,8.888029130632647,2.0517503805175084,0.2918756268806373
2025-09-10 00:00:00+00:00,5.092485549132954,3.0584303570684916,1.3736665484407755,9.201638598088266,2.112633181126337,0.31093279839518084
2025-09-11 00:00:00+00:00,5.179190751445093,3.113603664643553,1.4342400349220998,9.416477014110113,2.248351090816849,0.32898696088264323
2025-09-12 00:00:00+00:00,5.670520231213881,3.1341977023346077,1.572853518129477,10.031406463359087,2.4956874682902135,0.39618856569708627
2025-09-13 00:00:00+00:00,5.890173410404632,3.1290586279590213,1.5477041442719481,10.0373236231224,2.6732623033992957,0.4332998996990922
2025-09-14 00:00:00+00:00,5.676300578034689,3.1069823977623843,1.5136605462035773,9.918980427856129,2.5273972602739785,0.3731193580742176
2025-09-15 00:00:00+00:00,5.225433526011567,3.108733756142148,1.4692494475213418,9.668639053254399,2.404363267376972,0.31093279839518084
2025-09-16 00:00:00+00:00,5.404624277456654,3.1599055355956063,1.4572395165470695,9.78743741465631,2.424657534246581,0.3199598796389118
2025-09-17 00:00:00+00:00,5.601156069364169,3.1474391679783977,1.505852181267556,10.147928994082799,2.5844748858447546,0.3550651955867552
2025-09-18 00:00:00+00:00,5.618497109826596,3.170164814252427,1.5043734482852624,10.269913518434187,2.535007610350082,0.34503510531594284
2025-09-19 00:00:00+00:00,5.225433526011567,3.1194473412215302,1.4399421602597258,9.86299499317247,2.366311516996454,0.29187562688063706
2025-09-20 00:00:00+00:00,5.20231213872833,3.1213735150037065,1.4460917250975287,9.905780609922584,2.3967529173008675,0.29588766298896196
2025-09-21 00:00:00+00:00,5.0173410404624335,3.10512956812053,1.4268300002728211,9.756486117432825,2.3079654997463264,0.2778335005014996
2025-09-22 00:00:00+00:00,4.58381502890174,3.014268995687316,1.2933238752625904,9.039144287664962,2.0618975139523132,0.21765295887662517
2025-09-23 00:00:00+00:00,4.531791907514457,2.989197049002097,1.2730472266935786,8.710514337733239,2.0086250634195886,0.21364092276830005
2025-09-24 00:00:00+00:00,4.572254335260121,3.036088521392835,1.2669904237033736,8.63541192535272,2.0593607305936117,0.21765295887662517
2025-09-25 00:00:00+00:00,4.248554913294803,2.883006483123571,1.1150083212833808,7.776968593536612,1.8285134449518052,0.16750250752256313
2025-09-26 00:00:00+00:00,4.421965317919081,2.906605850370143,1.2016369737811297,8.343650432407799,1.9502790461694612,0.19558676028083766
2025-09-27 00:00:00+00:00,4.346820809248561,2.9067297521217506,1.193992306223222,8.266272189349083,1.9287163876205011,0.18455366098294412
2025-09-28 00:00:00+00:00,4.450867052023128,2.9957122161074636,1.2611464273047162,8.600364132908481,2.0111618467782892,0.20561685055165024
2025-09-29 00:00:00+00:00,4.4277456647398905,3.0733441403194686,1.3016233323329538,8.690942193900744,1.9794520547945242,0.20160481444332534
2025-09-30 00:00:00+00:00,4.387283236994226,3.061634000634484,1.2625051155430596,8.50159308147471,1.9540842212075127,0.18655967903710668
2025-10-01 00:00:00+00:00,4.65895953757226,3.22500451280089,1.3739011813494053,9.111970869367287,2.160832064941658,0.24373119358073714
2025-10-02 00:00:00+00:00,4.907514450867059,3.294929961686612,1.4488527542083802,9.69185252617202,2.3257229832572337,0.26880641925776794
2025-10-03 00:00:00+00:00,4.8439306358381575,3.3550347725993657,1.4641911985376304,9.603550295857957,2.277524099441912,0.26980942828484955
2025-10-04 00:00:00+00:00,4.647398843930643,3.3598957801128675,1.4499167871661194,9.377332726445122,2.1836631151699684,0.2417251755265748
2025-10-05 00:00:00+00:00,4.66473988439307,3.3983416391418695,1.464147545903467,9.408284023668608,2.2064941653982793,0.24974924774322482
2025-10-06 00:00:00+00:00,4.89595375722544,3.440631656826353,1.5572477014159758,9.581247155211623,2.3764586504312577,0.28886659979939333
2025-10-07 00:00:00+00:00,4.473988439306365,3.322837051038645,1.4281559490355433,9.018206645425552,2.1329274479959457,0.22467402206619402
2025-10-08 00:00:00+00:00,4.5260115606936475,3.3920554054453644,1.4705972226011448,9.42876649977239,2.2432775240994465,0.23570712136408778
2025-10-09 00:00:00+00:00,4.352601156069369,3.333497230190609,1.3850216899025938,9.06053709604003,2.153221714865555,0.2056168505516507
2025-10-10 00:00:00+00:00,2.87861271676301,3.02320772377887,1.094191471366595,7.598088302230293,1.477168949771693,-0.019057171514547222
2025-10-11 00:00:00+00:00,2.890173410404628,2.9441932981257946,1.0466974053965519,7.094674556212997,1.3515981735159852,-0.0010030090270850556
2025-10-12 00:00:00+00:00,3.3294797687861317,3.097471158128922,1.2682236106184974,7.9772416932180015,1.6306443429731141,0.0742226680040079
2025-10-13 00:00:00+00:00,3.537572254335265,3.10438936196653,1.3163233568875614,8.50705507510239,1.7143581938102526,0.11534603811433852
2025-10-14 00:00:00+00:00,3.34682080924856,3.0267271743956554,1.2521321583499248,8.21939007737822,1.5925925925925966,0.07823470411233258
2025-10-15 00:00:00+00:00,3.156069364161854,2.945611047478961,1.1761711183259163,7.827947200728243,1.489852866565199,0.03610832497492056
2025-10-16 00:00:00+00:00,2.9768786127167672,2.852789053351476,1.125561345592443,7.41465634956757,1.3909183155758535,0.0030090270812397346
2025-10-17 00:00:00+00:00,2.843930635838154,2.7913013849581363,1.0916050527923993,7.286299499317231,1.342719431760531,-0.021063189568710117
2025-10-18 00:00:00+00:00,2.901734104046246,2.8177675823884565,1.1229912967560582,7.541192535275355,1.4061390157280602,-0.006018054162491571
2025-10-19 00:00:00+00:00,3.040462427745668,2.87021327123057,1.1743922734837478,7.5548475193445395,1.4784373414510434,0.010030090270808367
2025-10-20 00:00:00+00:00,3.132947976878616,2.937202106187385,1.1723187733609746,7.638142922166569,1.538051750380521,0.022066198595783293
2025-10-21 00:00:00+00:00,3.0000000000000027,2.859009419737501,1.1144844896734187,7.453800637232568,1.464485032978187,0.009027081243727197
2025-10-22 00:00:00+00:00,2.884393063583818,2.8311333058233696,1.07711237825007,7.200273099681363,1.4086757990867613,-0.011033099297897642
2025-10-23 00:00:00+00:00,3.017341040462431,2.92052735148971,1.1053556325539469,7.712790168411448,1.4733637747336412,0.013039117352052099
2025-10-24 00:00:00+00:00,3.150289017341043,2.9536867357834544,1.1478405587537122,7.812926718252141,1.5088787417554572,0.027081243731189364
2025-10-25 00:00:00+00:00,3.138728323699425,2.9759587877139544,1.1579243172455138,7.824761037778769,1.4923896499238998,0.023069207622864463
2025-10-26 00:00:00+00:00,3.231213872832373,3.078784780165205,1.2700461080948302,8.106508875739625,1.610350076103504,0.05917753259778924
2025-10-27 00:00:00+00:00,3.121387283236997,3.0629477864489463,1.2489127765803572,8.044606281292651,1.541856925418572,0.04112337011032685
2025-10-28 00:00:00+00:00,3.040462427745667,3.020778466160426,1.1725424931110644,7.840691852526151,1.4568746829020829,0.015045135406214438
2025-10-29 00:00:00+00:00,3.0578034682080943,2.9187322002494644,1.1304340708809604,7.829312699135164,1.440385591070525,0.02006018054162051
2025-10-30 00:00:00+00:00,2.722543352601158,2.85684825987469,1.0758737347556773,7.406463359126063,1.3173515981735187,-0.02306920762287268
2025-10-31 00:00:00+00:00,2.7919075144508687,2.901514485289716,1.0990041742831376,7.518889394629021,1.3642820903094903,0.006018054162483244
2025-11-01 00:00:00+00:00,2.872832369942199,2.9201517298002098,1.1133004119717307,7.479745106964025,1.3756976154236455,0.02306920762286424
2025-11-02 00:00:00+00:00,2.8786127167630085,2.9365338200156392,1.1317163670095178,7.546199362767393,1.3642820903094903,0.02206619859578307
2025-11-03 00:00:00+00:00,2.3063583815028927,2.7946826922426693,0.9664584072245073,6.558033682294022,1.1220192795535286,-0.0782347041123409
2025-11-04 00:00:00+00:00,2.231213872832372,2.6135600498028286,0.7935175838266955,6.056440600819285,1.0573313039066488,-0.11334002006018429
2025-11-05 00:00:00+00:00,2.3294797687861295,2.69901914673708,0.868398221155154,6.390987710514323,1.1207508878741774,-0.08124373119358452
2025-11-06 00:00:00+00:00,2.202312138728326,2.606778209099893,0.8083049136496294,6.065088757396436,1.049720953830545,-0.09628886659980318
2025-11-07 00:00:00+00:00,2.5780346820809275,2.67794552381782,0.8739584754317482,6.360946745562115,1.2666159309994947,0.006018054162483244
2025-11-08 00:00:00+00:00,2.520231213872835,2.642454792772562,0.8557444138269683,6.190714610832939,1.232369355657029,-0.0020060180541666695
2025-11-09 00:00:00+00:00,2.5086705202312163,2.7284928099600148,0.9551578315553944,6.488393263541177,1.2742262810755984,0.0020060180541581207
2025-11-10 00:00:00+00:00,2.589595375722545,2.773604440809699,0.946214498131118,6.61492944924896,1.3046676813800127,0.017051153460376778
2025-11-11 00:00:00+00:00,2.369942196531794,2.6684011725093564,0.8642457643303381,6.034592626308587,1.1816336884830059,-0.033099297893685264
2025-11-12 00:00:00+00:00,2.3063583815028923,2.6195055536824143,0.863121709000624,5.980883022303124,1.1588026382546954,-0.04613841524574125
2025-11-13 00:00:00+00:00,2.1329479768786146,2.5477251389177398,0.7624914740948869,5.5857988165680315,1.077625570776258,-0.06720160481444726
2025-11-14 00:00:00+00:00,1.8323699421965336,2.365705988976325,0.6972035031238886,5.317705962676362,0.9977168949771713,-0.10030090270812819
2025-11-15 00:00:00+00:00,1.8843930635838166,2.4021455653320256,0.727885848361659,5.351388256713684,1.068746829020804,-0.09327983951855967
2025-11-16 00:00:00+00:00,1.8092485549132964,2.355474481401762,0.6879546012604667,5.239417387346366,1.010400811770677,-0.10832497492477822
2025-11-17 00:00:00+00:00,1.7225433526011575,2.2805926064122204,0.6524104438927207,4.955393718707313,0.927955352612889,-0.1394182547642967
2025-11-18 00:00:00+00:00,1.820809248554915,2.3092534314198665,0.7037404850898943,5.401456531634029,1.0509893455098962,-0.11033099297894078
2025-11-19 00:00:00+00:00,1.7514450867052043,2.2571570173430606,0.6496494147818705,5.232589895311773,0.9583967529173034,-0.14142427281845926
2025-11-20 00:00:00+00:00,1.566473988439308,2.081649474111851,0.5447193954110141,5.076923076923061,0.8873668188736703,-0.1735205616850588
2025-11-21 00:00:00+00:00,1.381502890173412,2.02945550520763,0.5086132103784113,4.852981338188424,0.7782851344495201,-0.2136409227683086
2025-11-22 00:00:00+00:00,1.3872832369942212,2.0155471775501597,0.51087769077565,4.804733727810636,0.7782851344495201,-0.2176529588766335
2025-11-23 00:00:00+00:00,1.410404624277458,2.0912579125332145,0.5286661391973346,4.942193900773767,0.8391679350583483,-0.2126379137412273
2025-11-24 00:00:00+00:00,1.6416184971098282,2.143413429169695,0.6113605980410852,5.2999544833864185,0.9254185692541881,-0.16449348044132783
2025-11-25 00:00:00+00:00,1.6416184971098282,2.109678328978395,0.6145090442801378,5.322712790168394,0.9393708777270446,-0.11735205616850941
2025-11-26 00:00:00+00:00,1.710982658959539,2.2217047385655424,0.6516519793741271,5.509786071916232,0.9622019279553551,-0.13841524573721542
2025-11-27 00:00:00+00:00,1.722543352601157,2.251611345840071,0.6453168908411284,5.411015020482458,0.9368340943683433,-0.12136409227683431
2025-11-28 00:00:00+00:00,1.6763005780346831,2.237023338746339,0.6545439663874681,5.25261720527991,0.9051243023845787,-0.13239719157472807
2025-11-29 00:00:00+00:00,1.6416184971098282,2.234361231284356,0.6318227703052923,5.18843878015474,0.8822932521562683,-0.144433299899703
2025-11-30 00:00:00+00:00,1.618497109826591,2.2179328559318323,0.632788584836163,5.0760127446517815,0.8518518518518541,-0.1614844533600841
2025-12-01 00:00:00+00:00,1.3410404624277472,2.072705405427555,0.527345647013884,4.765589440145638,0.7186707255200429,-0.2006018054162524
2025-12-02 00:00:00+00:00,1.6416184971098282,2.251177333669928,0.6354077428859815,5.313154301319964,0.8493150684931532,-0.15145436308927163
2025-12-03 00:00:00+00:00,1.7745664739884406,2.327709807856173,0.740534199110574,5.587164314974948,0.9241501775748373,-0.09929789368104713
2025-12-04 00:00:00+00:00,1.7514450867052038,2.2793710348324328,0.7102229012631947,5.329540282202987,0.8708777270421126,-0.12537612838515955
2025-12-05 00:00:00+00:00,1.5375722543352617,2.1812853524987212,0.649507543720838,5.06873008648155,0.7706747843734165,-0.16750250752257145
2025-12-06 00:00:00+00:00,1.6069364161849728,2.1780906099206323,0.6584399639865735,5.019116977696844,0.7732115677321179,-0.15446339017051525
2025-12-07 00:00:00+00:00,1.5606936416184989,2.2190953249519443,0.6702425449485683,5.021392808375041,0.7592592592592613,-0.16449348044132772
2025-12-08 00:00:00+00:00,1.7456647398843952,2.2279158479241477,0.7051264562245896,5.065999089667714,0.8087265347539343,-0.1394182547642967
2025-12-09 00:00:00+00:00,1.8612716763005799,2.3005365159468507,0.81106594276048,5.276741010468805,0.8772196854388656,-0.12437311935807804
2025-12-10 00:00:00+00:00,1.6878612716763026,2.276928603751892,0.8143289771642122,5.204824761037762,0.8176052765093884,-0.14242728184554043
2025-12-11 00:00:00+00:00,1.658959537572256,2.2950353493833755,0.7668403677734392,5.209831588529798,0.7808219178082212,-0.14643931795386533
2025-12-12 00:00:00+00:00,1.4971098265895968,2.2142346734779577,0.6833165088805793,5.021392808375041,0.7364282090309506,-0.17051153460381496
2025-12-13 00:00:00+00:00,1.5317919075144526,2.213690289057819,0.6999099664420341,5.061447428311317,0.7643328259766637,-0.16148445336008377
2025-12-14 00:00:00+00:00,1.410404624277458,2.139186884073906,0.6714266226502572,4.889849795175224,0.7009132420091344,-0.19057171514543958
2025-12-15 00:00:00+00:00,1.3468208092485563,2.076949752499147,0.6175483589337813,4.816568047337264,0.6463723997970592,-0.2066198595787394
2025-12-16 00:00:00+00:00,1.364161849710984,2.127869099935681,0.616287889122306,4.8780154756485965,0.6717402333840707,-0.21063189568706453
2025-12-17 00:00:00+00:00,1.2543352601156084,2.069886996617998,0.5456251875699094,4.6081019572143695,0.6019786910197884,-0.2457372116349078
2025-12-18 00:00:00+00:00,1.1502890173410418,2.043379498603808,0.5425585900199132,4.441055985434671,0.5474378488077132,-0.2938816449348073
2025-12-19 00:00:00+00:00,1.3757225433526026,2.1369644854143246,0.6250948080648209,4.744196631770583,0.676813800101473,-0.24674022066198908
2025-12-20 00:00:00+00:00,1.358381502890175,2.1452826366292923,0.6244563882901777,4.724624487938084,0.6730086250634211,-0.254764292878639
2025-12-21 00:00:00+00:00,1.323699421965319,2.156211981655438,0.6378468338198753,4.735093309057794,0.6628614916286164,-0.26980942828485754
2025-12-22 00:00:00+00:00,1.31791907514451,2.1533323340491095,0.64125719586391,4.7278106508875615,0.6806189751395249,-0.27783350050150746
2025-12-23 00:00:00+00:00,1.271676300578036,2.1132383681000166,0.617024527323818,4.640873918980416,0.6387620497209556,-0.28585757271815737
2025-12-24 00:00:00+00:00,1.2947976878612732,2.1196225126634536,0.6073500122773008,4.573509330905769,0.6298833079655015,-0.2768304914744263
2025-12-25 00:00:00+00:00,1.2543352601156084,2.1040707065996025,0.5838430687801792,4.461993627674089,0.567732115677323,-0.29087261785356355
2025-12-26 00:00:00+00:00,1.329479768786129,2.10876259534295,0.5966223774315857,4.56167501137914,0.5474378488077134,-0.28585757271815737
2025-12-27 00:00:00+00:00,1.427745664739886,2.12685687959137,0.6080811938995418,4.673645880746459,0.5766108574327768,-0.26078234704112635
2025-12-28 00:00:00+00:00,1.4104046242774584,2.1291177305186926,0.6092652716012306,4.697314519799713,0.5702688990360238,-0.2587763289869639
2025-12-29 00:00:00+00:00,1.3526011560693658,2.1022883727819357,0.6015714948298885,4.604005461993614,0.5563165905631675,-0.2798395185556699
2025-12-30 00:00:00+00:00,1.3930635838150307,2.147764588096121,0.6210078301912503,4.684569868001806,0.5626585489599203,-0.2888665997994011
2025-12-31 00:00:00+00:00,1.329479768786129,2.11602686959022,0.6192562682454343,4.664542558033668,0.48782343987823573,-0.30792377131394466
2026-01-01 00:00:00+00:00,1.8439306358381526,2.1595900845843254,0.6374048508989687,4.768775603095115,0.6070522577371908,-0.25275827482447655
2026-01-02 00:00:00+00:00,2.4624277456647428,2.2029047839961846,0.7050227812184515,5.019572143832483,0.798579401319129,-0.1865596790371148
2026-01-03 00:00:00+00:00,2.520231213872835,2.2256777835258563,0.7055957220418496,5.06827492034591,0.8150684931506864,-0.18956870611835852
2026-01-04 00:00:00+00:00,3.150289017341043,2.257746618781744,0.7152647805090961,5.101957214383235,0.8962455606291235,-0.09327983951855967
2026-01-05 00:00:00+00:00,3.052023121387286,2.3421945634902315,0.7598777726243391,5.276741010468806,0.9241501775748364,-0.07121364092277238
2026-01-06 00:00:00+00:00,2.878612716763009,2.336819434915461,0.7983575696395906,5.419208010923971,0.9089294774226293,-0.08625877632899104
2026-01-07 00:00:00+00:00,2.79190751445087,2.2501822032223897,0.7275639101847029,5.2025489303595664,0.8556570268899049,-0.11935807422267186
2026-01-08 00:00:00+00:00,2.5144508670520263,2.2411316787227764,0.6938859029274527,5.293126991351827,0.7985794013191285,-0.1223671013039157
2026-01-09 00:00:00+00:00,2.5260115606936444,2.2230373944743564,0.683081875971951,5.181156121984509,0.7820903094875709,-0.1313941825476468
2026-01-10 00:00:00+00:00,2.4335260115606965,2.218303849107623,0.6818977982702621,5.1752389622211945,0.7694063926940651,-0.13239719157472807
2026-01-11 00:00:00+00:00,2.352601156069367,2.2358665663584856,0.7018088560281539,5.349567592171126,0.747843734145105,-0.1524573721163528
2026-01-12 00:00:00+00:00,2.306358381502893,2.247067925574943,0.6872725288516606,5.329995448338627,0.7313546423135473,-0.16048144433300282
2026-01-13 00:00:00+00:00,2.8034682080924886,2.3956923491024624,0.8135050336943745,5.619025944469714,0.8797564687975654,-0.09929789368104713
2026-01-14 00:00:00+00:00,2.6069364161849746,2.4516282933210394,0.8306441491828747,5.676832043695931,0.8670725520040596,-0.12437311935807815
2026-01-15 00:00:00+00:00,2.4161849710982692,2.4031631262690785,0.8106566993151969,5.480200273099665,0.7757483510908179,-0.1564694082246777
2026-01-16 00:00:00+00:00,2.4219653179190783,2.4009318266215933,0.7981065669931495,5.592626308602622,0.7516489091831566,-0.14242728184554043
2026-01-17 00:00:00+00:00,2.3526011560693676,2.386565632146401,0.805773060868139,5.53982703686844,0.7491121258244553,-0.14944834503510895
2026-01-18 00:00:00+00:00,2.156069364161853,2.334028441148646,0.7912312771123755,5.272644515248048,0.6692034500253685,-0.18756268806419607
2026-01-19 00:00:00+00:00,2.0462427745664775,2.295837862452698,0.7393555779881567,5.070550751024108,0.637493658041604,-0.18455366098295234
2026-01-20 00:00:00+00:00,1.884393063583818,2.144890993161568,0.6025427659400298,4.720072826581687,0.5626585489599196,-0.2256770310932832
2026-01-21 00:00:00+00:00,1.9710982658959573,2.182305761751904,0.6260497094371513,4.891670459717782,0.6032470826991383,-0.199598796389171
2026-01-22 00:00:00+00:00,1.8554913294797721,2.185990414704166,0.6096908847843261,4.842057350933075,0.5766108574327757,-0.216649949849552
2026-01-23 00:00:00+00:00,1.901734104046246,2.18679079153639,0.6114860993643059,4.793809740555288,0.5804160324708274,-0.20962888665998325
2026-01-24 00:00:00+00:00,1.8901734104046275,2.1725880191990936,0.6092598150219601,4.78197542102866,0.5728056823947238,-0.21765295887663327
2026-01-25 00:00:00+00:00,1.7167630057803498,2.0826268025835835,0.5358088014623605,4.405097860719148,0.5131912734652464,-0.2467402206619892
2026-01-26 00:00:00+00:00,1.895953757225437,2.1429281473092323,0.5974572340599649,4.649066909421924,0.5499746321664134,-0.22868605817452692
2026-01-27 00:00:00+00:00,1.895953757225437,2.173603799938567,0.6492456279158563,4.781975421028661,0.5981735159817354,-0.21464393179538943
2026-01-28 00:00:00+00:00,1.8728323699421998,2.175257247451399,0.6407169945161346,4.697314519799713,0.5829528158295283,-0.21865596790371433
2026-01-29 00:00:00+00:00,1.7341040462427775,2.0095514720988032,0.5378768450058626,4.353664087391885,0.4852866565195333,-0.2637913741223702
2026-01-30 00:00:00+00:00,1.6705202312138758,1.9955423852582728,0.47503887812729917,4.345015930814735,0.4662607813292745,-0.275827482447345
2026-01-31 00:00:00+00:00,1.3988439306358411,1.8007499616367588,0.33675824625541995,3.8006372325898834,0.32166412988330806,-0.317953861584757
2026-02-01 00:00:00+00:00,1.4046242774566506,1.7383351663434583,0.23786866013695773,3.5821574874829203,0.32166412988330806,-0.3370110330993006
2026-02-02 00:00:00+00:00,1.4508670520231246,1.8016913301173636,0.2797861020925958,3.7546654528902934,0.36732623033992917,-0.3109327983951884
2026-02-03 00:00:00+00:00,1.375722543352604,1.6944735902348484,0.21741194445202083,3.449704142011824,0.34322678843226795,-0.32898696088265067
2026-02-04 00:00:00+00:00,1.4277456647398874,1.5998703304082467,0.16989605216489578,3.184342284933991,0.3140537798072045,-0.3360080240722193
2026-02-05 00:00:00+00:00,0.9768786127167655,1.2363436593100725,-0.004883638447059302,2.5598543468365866,0.12024353120243525,-0.43731193580742456
2026-02-06 00:00:00+00:00,1.2601156069364192,1.5113517859120296,0.1253157995252756,2.978607191624934,0.24822425164890904,-0.3660982948846566
2026-02-07 00:00:00+00:00,1.2312138728323734,1.4659026296010689,0.13858074373175255,2.985889849795166,0.24530695078640274,-0.3660982948846566
2026-02-08 00:00:00+00:00,1.184971098265899,1.5028534787019092,0.13978119117125276,2.957214383249877,0.22488584474885842,-0.3871614844533626
2026-02-09 00:00:00+00:00,1.2023121387283267,1.4961549512457433,0.14805882192453312,2.947200728265808,0.21829020801623544,-0.3881644934804438
2026-02-10 00:00:00+00:00,1.1040462427745692,1.4498035908009506,0.10324939295555402,2.775147928994074,0.17617960426179624,-0.397191574724175
2026-02-11 00:00:00+00:00,1.0635838150289048,1.3868807271181556,0.058745532425720226,2.606736458807456,0.15499746321664154,-0.40722166499498735
2026-02-12 00:00:00+00:00,1.1502890173410432,1.3577228709460147,0.062003110250182125,2.565316340464261,0.17858954845256236,-0.39418254764293126
2026-02-13 00:00:00+00:00,1.1849710982658985,1.450137199827549,0.11731645431478799,2.836140191169768,0.2255200405885338,-0.3660982948846565
2026-02-14 00:00:00+00:00,1.7919075144508705,1.4848261298825185,0.13807873843887042,3.006827492034583,0.4079147640791476,-0.29488465396188857
2026-02-15 00:00:00+00:00,1.5491329479768816,1.4495789298662825,0.07255067797997228,2.918980427856158,0.3013698630136985,-0.3440320962888692
2026-02-16 00:00:00+00:00,1.589595375722546,1.4520252773815008,0.0899462526941841,2.9330905780609826,0.2810755961440894,-0.3400200601805442
2026-02-17 00:00:00+00:00,1.537572254335263,1.4024663569360385,0.0863885630098471,2.8711879836140097,0.27600202942668695,-0.34704112337011284
2026-02-18 00:00:00+00:00,1.4450867052023146,1.3653200421408518,0.06690857501432146,2.712790168411461,0.24936580416032483,-0.36810431293881896
2026-02-19 00:00:00+00:00,1.4450867052023146,1.384886193748887,0.0630998826835436,2.7537551206190165,0.2472095383054289,-0.3781344032096313
2026-02-20 00:00:00+00:00,1.4566473988439332,1.4209626097981518,0.07402941096226567,2.85252617205279,0.26966007102993417,-0.35506519558676275
2026-02-21 00:00:00+00:00,1.3988439306358407,1.4198243514651359,0.07667039532916609,2.8766499772416836,0.24822425164890927,-0.35907723169508776
2026-02-22 00:00:00+00:00,1.341040462427748,1.407784163148715,0.06797260797206017,2.766499772416923,0.21169457128361246,-0.3781344032096313
2026-02-23 00:00:00+00:00,1.2890173410404646,1.3015277299597074,0.012544675742774958,2.544833864360483,0.17491121258244546,-0.39819458375125605
2026-02-24 00:00:00+00:00,1.2774566473988465,1.2811394831089653,0.010585763784681346,2.594902139280829,0.1589294774226282,-0.4082246740220684
2026-02-25 00:00:00+00:00,1.3930635838150316,1.4210327495828259,0.12276757700597263,3.0081929904415015,0.2798072044647386,-0.3741223671013063
2026-02-26 00:00:00+00:00,1.2138728323699444,1.4032012224972976,0.10653425367636804,2.910332271279007,0.23021308980213084,-0.4012036108324999
2026-02-27 00:00:00+00:00,1.132947976878615,1.3452511627360644,0.052896079447791955,2.7255348202093668,0.18442415017757474,-0.41925777331996217
2026-02-28 00:00:00+00:00,1.1156069364161874,1.3849413798738843,0.0721196082176061,2.8402366863905226,0.19317605276509364,-0.42026078234704334
2026-03-01 00:00:00+00:00,0.9942196531791929,1.3418267746700816,0.05839631135241108,2.80518889394628,0.16539827498731596,-0.44533600802407425
2026-03-02 00:00:00+00:00,1.0346820809248576,1.4506890610775263,0.10629962076773847,2.9431042330450508,0.18658041603247066,-0.4473420260782368
2026-03-03 00:00:00+00:00,1.0000000000000018,1.4331028452186003,0.0819741903800486,2.9594902139280728,0.14129883307965496,-0.45035105315948043
2026-03-04 00:00:00+00:00,1.115606936416187,1.5878782074265017,0.16104548058821666,3.137005006827481,0.2552004058853372,-0.42728184553661186
2026-03-05 00:00:00+00:00,1.0115606936416204,1.523730211768759,0.13118707882028513,3.0409649522075455,0.18696093353627563,-0.44633901705115553
2026-03-06 00:00:00+00:00,0.9595375722543371,1.4250075747407203,0.07961149155594116,2.854346836595348,0.1576610857432772,-0.4573721163490492
2026-03-07 00:00:00+00:00,0.8786127167630073,1.3947769715065284,0.07466783073690864,2.7878925807919797,0.14066463723997935,-0.4653961885656991
2026-03-08 00:00:00+00:00,0.8381502890173427,1.3489375958859067,0.056923034949387885,2.71370050068274,0.1306443429731099,-0.47041123370110527
2026-03-09 00:00:00+00:00,0.8901734104046262,1.4366835346321567,0.08781273019943536,2.867546654528893,0.14789446981227772,-0.456369107321968
2026-03-10 00:00:00+00:00,0.9075144508670538,1.4908969596717752,0.111450631599048,2.909421939007727,0.19926433282597644,-0.43329989969909954
2026-03-11 00:00:00+00:00,0.9248554913294815,1.4995821876278557,0.11984285051700838,2.9408284023668525,0.17820903094875673,-0.4252758274824495
2026-03-12 00:00:00+00:00,0.9364161849711001,1.51106410598301,0.1314599077838079,2.95266272189348,0.20167427701674256,-0.40621865596790596
2026-03-13 00:00:00+00:00,0.9537572254335278,1.5258030738315735,0.1419201702452706,3.0141101502048127,0.21778285134449482,-0.4042126379137435
2026-03-14 00:00:00+00:00,0.9421965317919094,1.5358458804625963,0.14410280195345293,3.0081929904414997,0.218290208016235,-0.410230692076231
2026-03-15 00:00:00+00:00,0.9942196531791925,1.5929920029964446,0.1887976427577529,3.202548930359569,0.23528665651953284,-0.40320962888666234
2026-03-16 00:00:00+00:00,1.3121387283237014,1.6661848265215422,0.28379668785638024,3.3782430587164187,0.30771182141045106,-0.3791374122367125
2026-03-17 00:00:00+00:00,1.1213872832369964,1.6324365528681457,0.26488964068425247,3.308147473827935,0.27092846270928406,-0.3921765295887687
2026-03-18 00:00:00+00:00,1.0346820809248576,1.5367349111343325,0.20245000409243197,3.1005917159763197,0.20814307458143033,-0.41624874623871844
2026-03-19 00:00:00+00:00,0.9768786127167648,1.4893869960839363,0.16660027828554025,3.0464269458352184,0.18645357686453545,-0.4172517552657997
2026-03-20 00:00:00+00:00,0.9768786127167648,1.5102306174757878,0.17095462854336363,3.088757396449693,0.194190766108574,-0.40320962888666245
2026-03-21 00:00:00+00:00,0.9190751445086724,1.4534601166314398,0.13754945024963616,2.984979517523885,0.15854895991882256,-0.41223671013039354
2026-03-22 00:00:00+00:00,0.8959537572254355,1.4158559350185307,0.12057403213924967,2.923532089212552,0.14294774226281026,-0.42828485456369336
2026-03-23 00:00:00+00:00,0.9942196531791927,1.5236800101969874,0.17403759583117107,3.161128812016374,0.19419076610857378,-0.38916750250752496
2026-03-24 00:00:00+00:00,1.0404624277456667,1.5112214754491329,0.17620931438081233,3.1315430131998054,0.2059868087265342,-0.37813440320963143
2026-03-25 00:00:00+00:00,1.0462427745664757,1.5387508068745688,0.18303549504815209,3.1729631315430007,0.21968543886352032,-0.38615847542628134
2026-03-26 00:00:00+00:00,0.9653179190751462,1.4488978262719576,0.1235424112623773,2.936276741010457,0.16679350583460106,-0.4062186559679062
2026-03-27 00:00:00+00:00,0.8959537572254352,1.3628605211635372,0.0867323275038856,2.7806099226217453,0.14193302891932968,-0.42126379137412473
2026-03-28 00:00:00+00:00,0.8959537572254352,1.3615178961482726,0.08770905519329708,2.7337278106508762,0.1533485540334849,-0.41524573721163727
2026-03-29 00:00:00+00:00,0.8901734104046259,1.348712578911723,0.08210514828253945,2.703686845698669,0.14611872146118654,-0.42026078234704345
2026-03-30 00:00:00+00:00,0.9132947976878631,1.3763629637726384,0.10489727989523145,2.7542102867546543,0.15106544901065377,-0.40621865596790596
2026-03-31 00:00:00+00:00,0.9653179190751462,1.4293993221719843,0.1480751916623444,2.7833409194355823,0.16983764586504257,-0.4042126379137435
2026-04-01 00:00:00+00:00,0.9653179190751462,1.4249178527826598,0.16776252967014726,2.6945835229858783,0.16920345002536719,-0.39819458375125605
2026-04-02 00:00:00+00:00,0.9306358381502908,1.381727055122409,0.12233650724360667,2.593536640873908,0.14649923896499173,-0.4122367101303934
2026-04-03 00:00:00+00:00,0.9768786127167648,1.3838024094618362,0.12049764002946328,2.658625398270357,0.16108574327752345,-0.4002006018054185
2026-04-04 00:00:00+00:00,0.9653179190751464,1.395825863921,0.1269418601478709,2.679107874374135,0.16742770167427645,-0.4002006018054185
2026-04-05 00:00:00+00:00,1.0173410404624295,1.4568204175845225,0.15093989577933353,2.725534820209364,0.17123287671232834,-0.39919759277833733
2026-04-06 00:00:00+00:00,0.9248554913294813,1.4514374561403982,0.14987586282159482,2.642694583522974,0.14928970065956326,-0.41524573721163716
2026-04-07 00:00:00+00:00,1.1502890173410423,1.5605528866437997,0.2221864513136691,2.894401456531621,0.20395738203957348,-0.3841524573721188
2026-04-08 00:00:00+00:00,1.0462427745664757,1.5309581699853867,0.1951545576078333,2.758761948111048,0.17224759005580892,-0.4042126379137436
2026-04-09 00:00:00+00:00,1.0289017341040476,1.5564869153697796,0.19508907865658776,2.7938097405552904,0.17453069507863983,-0.40722166499498724
2026-04-10 00:00:00+00:00,1.0982658959537588,1.598741685142167,0.2256459225711378,2.8620846609012167,0.18873668188736614,-0.4012036108324999
2026-04-11 00:00:00+00:00,1.1040462427745679,1.601853470513002,0.2472812593784932,2.8670914883932515,0.1811263318112626,-0.40320962888666234
2026-04-12 00:00:00+00:00,1.0000000000000013,1.518981356702834,0.1959730444984018,2.7114246700045403,0.15246067985793932,-0.4222668004012059
2026-04-13 00:00:00+00:00,1.1676300578034695,1.6505283448399544,0.2933238752625955,2.9403732362312116,0.19406392694063834,-0.39819458375125605
2026-04-14 00:00:00+00:00,1.063583815028903,1.6409879099661686,0.2678252803317578,2.8124715521165107,0.1796042617960416,-0.41524573721163716
2026-04-15 00:00:00+00:00,1.1502890173410414,1.6642917644143664,0.28806373284587683,2.8652708238506936,0.20332318619989742,-0.4012036108324998
2026-04-16 00:00:00+00:00,1.3005780346820819,1.6762376022590169,0.2816249693067394,3.055530268548007,0.258878741755453,-0.3711133400200626
2026-04-17 00:00:00+00:00,1.2890173410404637,1.7451401496149432,0.3204703571331111,3.042785616750101,0.2617960426179593,-0.3660982948846564
2026-04-18 00:00:00+00:00,1.1791907514450877,1.6963666523420278,0.28305459307559877,2.9235320892125505,0.20256215119228727,-0.3911735205616873
2026-04-19 00:00:00+00:00,1.109826589595377,1.6284357368255762,0.235314981038385,2.800182066454244,0.1804921359715872,-0.40722166499498713
2026-04-20 00:00:00+00:00,1.1734104046242786,1.7010895165232776,0.26307805636646164,2.883022303140634,0.2081430745814299,-0.39719157472417477
2026-04-21 00:00:00+00:00,1.2023121387283249,1.7183385629604442,0.2705099173328216,2.9171597633135966,0.2073820395738195,-0.3881644934804436
2026-04-22 00:00:00+00:00,1.1965317919075158,1.7845647612737428,0.29605762147709314,2.9558488848429545,0.21347031963470253,-0.3871614844533623
2026-04-23 00:00:00+00:00,1.2138728323699435,1.7872069305228235,0.27202684637000774,2.922166590805631,0.2323693556570261,-0.3821464393179561
2026-04-24 00:00:00+00:00,1.2369942196531807,1.7580031452531037,0.26367282350694055,2.9244424214838283,0.24885844748858377,-0.3781344032096312
2026-04-25 00:00:00+00:00,1.2254335260115625,1.764496593947988,0.26589365127001585,2.9235320892125496,0.24327752409944114,-0.38114343029087483
2026-04-26 00:00:00+00:00,1.2485549132947997,1.8010949639278762,0.2933402450004061,2.9576695493855123,0.25900558092338843,-0.37612838515546876
2026-04-27 00:00:00+00:00,1.2543352601156088,1.7548037741613056,0.25697214416282144,2.8602639963586576,0.25507356671740156,-0.38415245737211867
2026-04-28 00:00:00+00:00,1.2427745664739902,1.717654255010474,0.24926199765366785,2.825671370050055,0.2600202942668688,-0.38415245737211867
2026-04-29 00:00:00+00:00,1.2254335260115625,1.697296271518602,0.22890895697486946,2.7787892580791858,0.31912734652460584,-0.3821464393179562
2026-04-30 00:00:00+00:00,1.2369942196531811,1.717244097487911,0.23140807028073795,2.780154756486105,0.3508371385083704,-0.37612838515546887
2026-05-01 00:00:00+00:00,1.271676300578036,1.7852647349624235,0.25251411889885933,2.8124715521165102,0.3762049720953822,-0.3711133400200627
2026-05-02 00:00:00+00:00,1.312138728323701,1.8012078284544843,0.2642021116961748,2.8352298588984857,0.3762049720953822,-0.3711133400200627
2026-05-03 00:00:00+00:00,1.2774566473988456,1.7969221807990219,0.267323275038875,2.8192990441511028,0.37366818873668106,-0.38114343029087505
2026-05-04 00:00:00+00:00,1.3005780346820823,1.8429000557914121,0.2806318718795153,2.827492034592614,0.39649923896499173,-0.3791374122367126
2026-05-05 00:00:00+00:00,1.3757225433526021,1.880596807678511,0.28812921179712103,2.927173418297666,0.45611364789446895,-0.36308926780341266
2026-05-06 00:00:00+00:00,1.4046242774566484,1.8993875052204494,0.2826890022644768,3.0578060992262044,0.4269406392694055,-0.3570712136409253
2026-05-07 00:00:00+00:00,1.3988439306358393,1.8485155110395595,0.25002591875153124,3.0236686390532412,0.3673262303399283,-0.3701103309929814
2026-05-08 00:00:00+00:00,1.4104046242774575,1.8457608333033866,0.24656644749406254,3.0236686390532412,0.3571790969051234,-0.3671013039117377
