timestamp,PEPE,BTC,ETH,SOL,DOGE,SHIB
2023-05-01 00:00:00+00:00,,0.0,0.0,0.0,0.0,0.0
2023-05-02 00:00:00+00:00,,0.021644710303107217,0.021340681526750727,0.013654984069185305,-0.0005073566717401778,0.006018054162487685
2023-05-03 00:00:00+00:00,,0.03399750131467605,0.040045835265871466,0.012289485662266841,0.01014713343480489,0.014042126379137487
2023-05-04 00:00:00+00:00,,0.027733698107685667,0.02506752516847155,-0.010468821119708593,-0.005454084221207411,-0.007021063189568522
2023-05-05 00:00:00+00:00,,0.05204372022842052,0.08920415791340375,0.040054619936277014,0.01889903602232401,0.005015045135406515
2023-05-06 00:00:00+00:00,,0.03052006336079227,0.03780863776498489,2.220446049250313e-16,-0.024353120243530868,-0.05015045135406193
2023-05-07 00:00:00+00:00,,0.017304944641195696,0.025547704144271544,-0.012289485662266508,-0.02727042110603739,-0.06118355065195569
2023-05-08 00:00:00+00:00,,-0.010800458721312745,0.011617057266799069,-0.05826126536185683,-0.07978183663115146,-0.10431293881644921
2023-05-09 00:00:00+00:00,,-0.014475142567123456,0.008872397893760153,-0.05826126536185683,-0.07179096905124294,-0.09729187562688058
2023-05-10 00:00:00+00:00,,-0.016308033996077276,0.0054402095326435695,-0.046882111970869,-0.07179096905124294,-0.09829488465396174
2023-05-11 00:00:00+00:00,,-0.03899166760720463,-0.020265735410471497,-0.0805644060081927,-0.08713850837138482,-0.12838515546639906
2023-05-12 00:00:00+00:00,0.0,-0.04556166479805279,-0.013297683682100159,-0.047792444242148124,-0.08193810248604749,-0.11233701103309912
2023-05-13 00:00:00+00:00,0.09248554913294793,-0.04621001275689607,-0.019954710392055763,-0.050978607191624614,-0.0905631659056314,-0.12437311935807405
2023-05-14 00:00:00+00:00,0.028901734104046062,-0.04113431341517748,-0.017728426049709922,-0.04688211197086911,-0.08713850837138482,-0.11835506519558647
2023-05-15 00:00:00+00:00,0.0,-0.03241739794216292,-0.008517720241181248,-0.044606281292671746,-0.08751902587519,-0.11835506519558647
2023-05-16 00:00:00+00:00,-0.03468208092485536,-0.037391269982272934,-0.004425285788339783,-0.05871643149749639,-0.07724505327245035,-0.11935807422266764
2023-05-17 00:00:00+00:00,-0.09248554913294793,-0.02423062530864195,-0.005691212179085414,-0.041420118343195034,-0.050862506341958214,-0.12036108324974881
2023-05-18 00:00:00+00:00,-0.08670520231213874,-0.044984168702916216,-0.017357378659318967,-0.07419208010923972,-0.06887366818873641,-0.12838515546639884
2023-05-19 00:00:00+00:00,-0.10982658959537561,-0.04266599541349936,-0.010864049327477088,-0.07373691397360016,-0.06735159817351577,-0.12938816449348
2023-05-20 00:00:00+00:00,-0.011560693641618491,-0.034472814068688074,-0.00690257277712647,-0.07692307692307676,-0.06595636732623011,-0.12537612838515522
2023-05-21 00:00:00+00:00,-0.06936416184971084,-0.04741022196571576,-0.014880091670532059,-0.10696404187528441,-0.08498224251648889,-0.14543630892678006
2023-05-22 00:00:00+00:00,-0.11560693641618491,-0.04384163789570694,-0.008086650478815294,-0.11106053709603991,-0.0752156265854893,-0.11835506519558636
2023-05-23 00:00:00+00:00,-0.08092485549132933,-0.030693098565623744,0.01191171254740353,-0.08830223031406448,-0.07534246575342429,-0.10832497492477411
2023-05-24 00:00:00+00:00,-0.17341040462427737,-0.06268431720699841,-0.01782118789730769,-0.12517068730086478,-0.10413495687468266,-0.14643931795386134
2023-05-25 00:00:00+00:00,-0.17341040462427737,-0.05719988450078117,-0.014519957438682174,-0.1238051888939462,-0.10096397767630627,-0.1474423269809425
2023-05-26 00:00:00+00:00,-0.16184971098265888,-0.048673094129371375,-0.002166261970371286,-0.11879836140191158,-0.09956874682902062,-0.1434302908726176
2023-05-27 00:00:00+00:00,-0.12716763005780352,-0.043229605967507245,-0.0009112487381666146,-0.06964041875284455,-0.07914764079147618,-0.1344032096288863
2023-05-28 00:00:00+00:00,-0.1329479768786126,-0.0003275563548248428,0.041813766949498676,-0.0523441055985433,-0.06709791983764557,-0.11634904714142391
2023-05-29 00:00:00+00:00,-0.16763005780346818,-0.012130266313997828,0.03302321774479511,-0.062812926718252,-0.0721714865550479,-0.12738214643931767
2023-05-30 00:00:00+00:00,-0.2543352601156069,-0.013643790296997471,0.037399394319700185,-0.03186162949476545,-0.08269913749365787,-0.13139418254764268
2023-05-31 00:00:00+00:00,-0.2716763005780346,-0.0308543844664233,0.02257932502114346,-0.0523441055985433,-0.0910705225773717,-0.1384152457372113
2023-06-01 00:00:00+00:00,-0.2832369942196532,-0.04489800714001646,0.01614601806127669,-0.06645425580336795,-0.0937341451040079,-0.15045135406218635
2023-06-02 00:00:00+00:00,-0.2601156069364162,-0.029751730085018635,0.04076610372957101,-0.03231679563040479,-0.07952815829528137,-0.13640922768304897
2023-06-03 00:00:00+00:00,-0.2543352601156069,-0.03590551708152978,0.032728562464190425,-0.03459262630860238,-0.07775240994419053,-0.13741223671013014
2023-06-04 00:00:00+00:00,-0.2832369942196532,-0.0342342675928915,0.03149537554906745,-0.006827492034592431,-0.08054287163876173,-0.13640922768304897
2023-06-05 00:00:00+00:00,-0.3988439306358381,-0.08353790770530045,-0.01155703489482518,-0.08875739644970393,-0.15651953323186163,-0.19859578736208616
2023-06-06 00:00:00+00:00,-0.3063583815028902,-0.029115131430207053,0.029301830682344265,-0.07146108329540268,-0.1084474885844744,-0.18054162487462377
2023-06-07 00:00:00+00:00,-0.37572254335260125,-0.06187468334735524,-4.910921343492802e-05,-0.15202548930359572,-0.14624556062912197,-0.2106318956870611
2023-06-08 00:00:00+00:00,-0.36994219653179206,-0.056171642378244124,0.007350012277302476,-0.14019116977696844,-0.13800101471334292,-0.20260782347041106
2023-06-09 00:00:00+00:00,-0.34104046242774577,-0.057071710274979814,0.00428887130657718,-0.2080109239872553,-0.11872146118721427,-0.2096288866599797
2023-06-10 00:00:00+00:00,-0.4682080924855493,-0.0794178184248312,-0.04373993943197085,-0.28812016385980876,-0.21613394216133908,-0.31193580742226656
2023-06-11 00:00:00+00:00,-0.4739884393063585,-0.07651965676366468,-0.04337980520012086,-0.2922166590805644,-0.21943176052765068,-0.33099297893681034
2023-06-12 00:00:00+00:00,-0.4739884393063585,-0.07765684697813235,-0.049103756854828484,-0.3090578060992263,-0.22070015220700123,-0.33099297893681034
2023-06-13 00:00:00+00:00,-0.4739884393063585,-0.07682727490558727,-0.050882601696996876,-0.31588529813381894,-0.21689497716894945,-0.31795386158475414
2023-06-14 00:00:00+00:00,-0.49132947976878616,-0.10542472487936494,-0.09922789403323129,-0.34091943559399185,-0.2338914256722474,-0.342026078234704
2023-06-15 00:00:00+00:00,-0.47976878612716767,-0.08945172406795088,-0.09124491856055494,-0.3277196176604462,-0.22019279553526105,-0.3239719157472417
2023-06-16 00:00:00+00:00,-0.4393063583815028,-0.06252694774087597,-0.06317627479333288,-0.3026854802002731,-0.21182141045154712,-0.31394182547642924
2023-06-17 00:00:00+00:00,-0.4219653179190752,-0.056123933083085276,-0.05751234551060014,-0.2876649977241693,-0.21144089294774182,-0.29989969909729175
2023-06-18 00:00:00+00:00,-0.4624277456647399,-0.06226312245943566,-0.06119007993888692,-0.29767865270823857,-0.2123287671232873,-0.2768304914744233
2023-06-19 00:00:00+00:00,-0.4508670520231214,-0.04431552649165438,-0.0523067688865857,-0.26718252162039147,-0.20839675291730053,-0.27482447342026073
2023-06-20 00:00:00+00:00,-0.38150289017341044,0.008280767065774963,-0.0217990341854698,-0.24214838416021855,-0.19901065449010635,-0.2708124373119358
2023-06-21 00:00:00+00:00,-0.20231213872832376,0.06813813051482942,0.03108067552451299,-0.21529358215748762,-0.16780821917808186,-0.24272818455366096
2023-06-22 00:00:00+00:00,-0.10404624277456642,0.06430216076821926,0.021700815758600278,-0.242603550295858,-0.16831557584982215,-0.21765295887662994
2023-06-23 00:00:00+00:00,-0.046242774566473854,0.09323321976859567,0.033214198019261065,-0.21939007737824323,-0.13406900050735637,-0.20361083249749257
2023-06-24 00:00:00+00:00,-0.10982658959537561,0.08763663461480276,0.023605161923989204,-0.241693218024579,-0.15360223236935533,-0.21664994984954877
2023-06-25 00:00:00+00:00,-0.06936416184971084,0.0849820039826581,0.03642812320955913,-0.22758306781975435,-0.15347539320142023,-0.2106318956870613
2023-06-26 00:00:00+00:00,-0.1329479768786126,0.07779961882409414,0.014481761383787761,-0.25898953117888035,-0.1782090309487565,-0.2417251755265799
2023-06-27 00:00:00+00:00,-0.06358381502890176,0.09293414657506016,0.031184350530651717,-0.24305871643149768,-0.16806189751395184,-0.2377131394182549
2023-06-28 00:00:00+00:00,-0.17919075144508667,0.07092770012358152,-0.0027883120072033085,-0.27264451524806566,-0.20662100456620958,-0.2758274824473421
2023-06-29 00:00:00+00:00,-0.10404624277456642,0.08403956738350482,0.01060213352249395,-0.1811561219845247,-0.19583967529172963,-0.26579739217652965
2023-06-30 00:00:00+00:00,-0.06936416184971084,0.08489014578750087,0.055095080893786896,-0.14155666818388735,-0.1572805682394719,-0.24272818455366096
2023-07-01 00:00:00+00:00,-0.10404624277456642,0.08915193879538319,0.050020462172263525,-0.1483841602184799,-0.13089802130897965,-0.23370110330992977
2023-07-02 00:00:00+00:00,-0.07514450867052014,0.0901096850937293,0.057190407333642,-0.11424670004551685,-0.13749365804160263,-0.23169508525576732
2023-07-03 00:00:00+00:00,0.05780346820809257,0.10942767715903279,0.06720323029492747,-0.12289485662266753,-0.13178589548452502,-0.22066198595787356
2023-07-04 00:00:00+00:00,-0.005780346820809079,0.0956898924297811,0.05659564019316221,-0.12835685025034171,-0.12544393708777213,-0.22968906720160487
2023-07-05 00:00:00+00:00,-0.052023121387283155,0.08602982827858119,0.04240307751070782,-0.13518434228493426,-0.1501775748351084,-0.250752256770311
2023-07-06 00:00:00+00:00,-0.10982658959537561,0.0648422727141642,0.007410034649277586,-0.1074192080109243,-0.17719431760527593,-0.2838515546639919
2023-07-07 00:00:00+00:00,-0.09248554913294793,0.08056889418042745,0.02080593675824538,-0.020937642239417742,-0.17009132420091255,-0.26579739217652965
2023-07-08 00:00:00+00:00,-0.10404624277456642,0.07859892753776965,0.017990341854690506,-0.006827492034592986,-0.16603247082699069,-0.2326980942828487
2023-07-09 00:00:00+00:00,-0.10404624277456642,0.07422427000327936,0.01660982729926519,-0.02913063268092897,-0.17072552004058794,-0.22467402206619858
2023-07-10 00:00:00+00:00,-0.12716763005780352,0.08310923612789956,0.026213406815266627,-0.030496131087847322,-0.17262810755961377,-0.24272818455366107
2023-07-11 00:00:00+00:00,-0.1329479768786126,0.09042869650016727,0.025083894906282378,0.004551661356394732,-0.1718670725520034,-0.2457372116349047
2023-07-12 00:00:00+00:00,-0.1271676300578034,0.08183390258117984,0.021378877581643252,-0.00182066454255847,-0.1749112125824449,-0.24674022066198598
2023-07-13 00:00:00+00:00,-0.011560693641618491,0.12066214805048792,0.09445338717158114,0.18434228493400018,-0.10654490106544834,-0.19859578736208627
2023-07-14 00:00:00+00:00,-0.06358381502890165,0.07990666068045571,0.05810165607180773,0.21529358215748662,-0.13089802130897954,-0.19859578736208627
2023-07-15 00:00:00+00:00,-0.052023121387283044,0.07874454769986028,0.05412380978364584,0.24943104233044977,-0.08739218670725457,-0.18756268806419252
2023-07-16 00:00:00+00:00,-0.08670520231213863,0.07695438101283991,0.04946934766594735,0.24852071005917065,-0.11796042617960356,-0.21263791374122376
2023-07-17 00:00:00+00:00,-0.09826589595375701,0.07337653991541226,0.04305786702316228,0.22121074192080004,-0.1137747336377466,-0.21364092276830504
2023-07-18 00:00:00+00:00,-0.1271676300578033,0.06326893409245726,0.03552778762993403,0.16340464269458277,-0.1288685946220186,-0.22567703109327986
2023-07-19 00:00:00+00:00,-0.1156069364161848,0.06522038668027696,0.030638692603605966,0.1975421028675457,-0.11174530695078566,-0.222668004012036
2023-07-20 00:00:00+00:00,-0.13294797687861248,0.061339911994152674,0.03225929664693106,0.15430131998179242,-0.1045154743784874,-0.2276830491474422
2023-07-21 00:00:00+00:00,-0.12138728323699388,0.06496617446577191,0.032341145335987864,0.16112881201638518,-0.0709030948756969,-0.21364092276830482
2023-07-22 00:00:00+00:00,-0.13872832369942178,0.06069904086514777,0.018514173464654116,0.11606736458807365,-0.10540334855403288,-0.21965897693079228
2023-07-23 00:00:00+00:00,-0.1271676300578033,0.07116909491550683,0.03059503996944235,0.12699135184342203,-0.08916793505834542,-0.21163490471414237
2023-07-24 00:00:00+00:00,-0.21965317919075122,0.03896033612978678,0.009396229503723097,0.06372325898953046,-0.05898021308980139,-0.23169508525576732
2023-07-25 00:00:00+00:00,-0.2485549132947974,0.040583520283749674,0.013565056066351167,0.06008192990441419,0.038178589548453434,-0.20661985957873608
2023-07-26 00:00:00+00:00,-0.23121387283236983,0.045049323934365226,0.02143889995361814,0.1461083295402812,-0.011035007610349368,-0.21263791374122365
2023-07-27 00:00:00+00:00,-0.22543352601156041,0.04024243442731246,0.01544211933538775,0.14246700045516514,-0.015981735159816712,-0.21765295887662983
2023-07-28 00:00:00+00:00,-0.22543352601156041,0.043794640679580166,0.02273756581998665,0.1292671825216194,-0.021435819381024124,-0.18054162487462366
2023-07-29 00:00:00+00:00,-0.21965317919075134,0.04528787041016136,0.0263279949799462,0.1451979972690023,0.01775748351090889,-0.14543630892678028
2023-07-30 00:00:00+00:00,-0.2543352601156068,0.04260262037963103,0.01585681935994243,0.10377787892580703,-0.009639776763063712,-0.16950852557673013
2023-07-31 00:00:00+00:00,-0.2890173410404623,0.04075584340954874,0.012746569175782874,0.07965407373691291,-0.012683916793505001,-0.15045135406218657
2023-08-01 00:00:00+00:00,-0.2485549132947975,0.05742810583061031,0.021995471039204517,0.0946745562130169,-0.009386098427193623,-0.15546639919759264
2023-08-02 00:00:00+00:00,-0.2947976878612716,0.03834260756932917,0.0035031238916314322,0.05325443786982165,-0.0588533739218664,-0.18254764292878634
2023-08-03 00:00:00+00:00,-0.3063583815028901,0.03884319912898526,0.0009767276894105947,0.029585798816567088,-0.06722475900558034,-0.16950852557673013
2023-08-04 00:00:00+00:00,-0.33526011560693636,0.03530986297107175,-0.00279922516574449,0.03641329085115985,-0.06912734652460617,-0.12938816449348034
2023-08-05 00:00:00+00:00,-0.33526011560693636,0.0343068996541791,0.0012277303358516622,0.03004096495220665,-0.040461694571283124,0.0010030090270813918
2023-08-06 00:00:00+00:00,-0.33526011560693636,0.03415807513644342,-0.0026409843669013,0.05507510241237967,-0.05936073059360669,-0.060180541624874406
2023-08-07 00:00:00+00:00,-0.35838150289017334,0.039000212555591496,-0.0030447712329150223,0.05188893946290296,-0.06811263318112593,-0.1003009027081242
2023-08-08 00:00:00+00:00,-0.31791907514450857,0.059947797486147536,0.012621067852562229,0.101957214383249,-0.049467275494672114,-0.04413239719157458
2023-08-09 00:00:00+00:00,-0.2890173410404623,0.0526831671993615,0.011726188852207553,0.10923987255348111,-0.0441400304413998,-0.034102306920762215
2023-08-10 00:00:00+00:00,-0.2890173410404623,0.047756648414894576,0.009745450577032244,0.11925352753755014,-0.03855910705225718,-0.007021063189568522
2023-08-11 00:00:00+00:00,-0.2774566473988437,0.04688292744235123,0.007835647832372894,0.12016385980882927,-0.040208016235413035,0.054162487462387165
2023-08-12 00:00:00+00:00,-0.22543352601156041,0.04736429286813704,0.008965159741357143,0.13381884387801435,-0.027524099441907146,0.06920762286860604
2023-08-13 00:00:00+00:00,-0.21387283236994203,0.042538889306246386,0.0035031238916314322,0.101957214383249,-0.05238457635717875,0.024072216649950073
2023-08-14 00:00:00+00:00,-0.19075144508670494,0.0470844458084716,0.006204130630506732,0.14565316340464163,-0.0533992897006591,0.01905717151454356
2023-08-15 00:00:00+00:00,-0.2716763005780344,0.03861106136447878,-0.0029683791231287504,0.08693673190714502,-0.10121765601217614,-0.005015045135406182
2023-08-16 00:00:00+00:00,-0.32947976878612695,0.021933102311159525,-0.01471639429241911,0.037323623122438754,-0.1486555048198881,-0.07622868605817446
2023-08-17 00:00:00+00:00,-0.3757225433526009,-0.05187851789294384,-0.08234523777044267,-0.01274465179790718,-0.22577371892440357,-0.18455366098294868
2023-08-18 00:00:00+00:00,-0.3757225433526009,-0.07252809774851288,-0.09347665948217154,-0.029130632680929636,-0.1979959411466259,-0.13941825476429281
2023-08-19 00:00:00+00:00,-0.34104046242774544,-0.07088639953971188,-0.0889313289498822,-0.003641329085117051,-0.19076610857432752,-0.1534603811434302
2023-08-20 00:00:00+00:00,-0.35260115606936393,-0.06749654730679233,-0.08035904291599683,-0.009103322712791129,-0.19025875190258723,-0.1664994984954864
2023-08-21 00:00:00+00:00,-0.3699421965317917,-0.06980475148975807,-0.0901863421820871,-0.03504779244424305,-0.20700152207001477,-0.19959879638916744
2023-08-22 00:00:00+00:00,-0.3815028901734102,-0.07276593214527682,-0.10826944588437593,-0.06417842512517158,-0.2067478437341448,-0.19859578736208616
2023-08-23 00:00:00+00:00,-0.3641618497109824,-0.05900892128215507,-0.08371483916732692,-0.010923987255349155,-0.1910197869101974,-0.1664994984954864
2023-08-24 00:00:00+00:00,-0.45664739884393046,-0.06837916926723842,-0.09395683845797154,-0.041875284478835595,-0.2002790461694568,-0.1755265797392177
2023-08-25 00:00:00+00:00,-0.49132947976878594,-0.07247113142593453,-0.09806018606935407,-0.07055075102412467,-0.1997716894977165,-0.18254764292878634
2023-08-26 00:00:00+00:00,-0.4971098265895951,-0.07392875720490455,-0.10168335470493639,-0.07692307692307776,-0.20256215119228782,-0.1885656970912738
2023-08-27 00:00:00+00:00,-0.47976878612716745,-0.07104590524293086,-0.09551742012932196,-0.053709604005462874,-0.19901065449010602,-0.19458375125376137
2023-08-28 00:00:00+00:00,-0.5086705202312137,-0.07052323923327586,-0.09845305977682683,-0.06463359126081114,-0.19558599695585943,-0.1755265797392177
2023-08-29 00:00:00+00:00,-0.47976878612716745,-0.012901447905899976,-0.056350094125993455,-0.008192990441512227,-0.15791476407914706,-0.16048144433299916
2023-08-30 00:00:00+00:00,-0.4971098265895951,-0.027819503631068776,-0.0693749488445703,-0.05234410559854452,-0.16438356164383516,-0.18254764292878645
2023-08-31 00:00:00+00:00,-0.5317919075144507,-0.076529981909632,-0.10202711919897511,-0.1019572143832509,-0.1912734652460676,-0.19859578736208627
2023-09-01 00:00:00+00:00,-0.5491329479768785,-0.08146112920780835,-0.11139060922707644,-0.12061902594447071,-0.1901319127346519,-0.20762286860581747
2023-09-02 00:00:00+00:00,-0.5433526011560692,-0.07897704150388218,-0.1068234523777053,-0.11288120163859916,-0.19469812278031395,-0.2146439317953862
2023-09-03 00:00:00+00:00,-0.5375722543352599,-0.07531659923871603,-0.10745641557307817,-0.10923987255348289,-0.19888381532217114,-0.2286860581745237
2023-09-04 00:00:00+00:00,-0.5375722543352599,-0.0808398402521896,-0.11070308023899911,-0.11197086936731993,-0.19786910197869056,-0.24774322968906715
2023-09-05 00:00:00+00:00,-0.5375722543352599,-0.0819517516610131,-0.10848770905519423,-0.07783340919435677,-0.18835616438356106,-0.2326980942828486
2023-09-06 00:00:00+00:00,-0.5375722543352599,-0.08313736324967202,-0.10929528278722167,-0.1060537096040064,-0.19317605276509342,-0.2286860581745236
2023-09-07 00:00:00+00:00,-0.5317919075144507,-0.06487111191496875,-0.10095762966196586,-0.09376422394173967,-0.19292237442922333,-0.22968906720160476
2023-09-08 00:00:00+00:00,-0.53757225433526,-0.07760379709023102,-0.10723269582298944,-0.10741920801092486,-0.19228817858954794,-0.23771313941825467
2023-09-09 00:00:00+00:00,-0.5433526011560692,-0.07791426354828224,-0.1077019616402487,-0.11515703231679641,-0.19622019279553482,-0.2407221664994984
2023-09-10 00:00:00+00:00,-0.5895953757225433,-0.08021926337560314,-0.11779117671132056,-0.16977696859353753,-0.22260273972602695,-0.2617853560682045
2023-09-11 00:00:00+00:00,-0.6127167630057802,-0.10430889703586388,-0.15339535645104174,-0.19344560764679197,-0.2331303906646368,-0.29187562688064184
2023-09-12 00:00:00+00:00,-0.6184971098265895,-0.07998178501835518,-0.13071781300302932,-0.18434228493400173,-0.2278031456113645,-0.2808425275827481
2023-09-13 00:00:00+00:00,-0.6127167630057802,-0.06619771515200878,-0.12259842304859159,-0.16249431042330542,-0.22311009639776735,-0.27281845536609817
2023-09-14 00:00:00+00:00,-0.6069364161849711,-0.05529685328715206,-0.11220909611764474,-0.141556668183888,-0.2122019279553523,-0.2617853560682044
2023-09-15 00:00:00+00:00,-0.6011560693641618,-0.05273942144290644,-0.10431342591329573,-0.1288120163859816,-0.20712836123794998,-0.2527582748244732
2023-09-16 00:00:00+00:00,-0.6069364161849711,-0.05403398112349622,-0.10792568139033731,-0.12926718252162128,-0.21156773211567692,-0.2587763289869607
2023-09-17 00:00:00+00:00,-0.6358381502890174,-0.055316079421022235,-0.114500859411236,-0.14337733272644593,-0.22019279553526083,-0.2758274824473418
2023-09-18 00:00:00+00:00,-0.6358381502890174,-0.046959831977830935,-0.10665429842032115,-0.10514337733272727,-0.21359715880263785,-0.27281845536609817
2023-09-19 00:00:00+00:00,-0.630057803468208,-0.030895329010775407,-0.10316754426650021,-0.08784706417842603,-0.20497209538305383,-0.25677031093279823
2023-09-20 00:00:00+00:00,-0.6358381502890174,-0.034192967009021635,-0.11473003574059493,-0.07646791078743842,-0.2056062912227291,-0.2537612838515546
2023-09-21 00:00:00+00:00,-0.6473988439306358,-0.05409308368317112,-0.1356560172427913,-0.1142467000455174,-0.22247590055809197,-0.27281845536609817
2023-09-22 00:00:00+00:00,-0.5895953757225434,-0.053534457682388625,-0.1306959866859474,-0.11606736458807554,-0.21968543886352054,-0.267803410230692
2023-09-23 00:00:00+00:00,-0.6127167630057804,-0.053454348791262984,-0.13027037350285187,-0.1133363677742385,-0.21981227803145553,-0.24674022066198587
2023-09-24 00:00:00+00:00,-0.6127167630057804,-0.06498896099480223,-0.13744577524350066,-0.11879836140191269,-0.2300862506341954,-0.2668004012036108
2023-09-25 00:00:00+00:00,-0.5895953757225434,-0.0636897728005027,-0.1334733855346092,-0.11743286299499411,-0.2271689497716891,-0.26880641925777327
2023-09-26 00:00:00+00:00,-0.601156069364162,-0.06672821403101814,-0.130619594576161,-0.1342740100136558,-0.23148148148148118,-0.271815446339017
2023-09-27 00:00:00+00:00,-0.5780346820809249,-0.061472714733662004,-0.12818596022153794,-0.12972234865726084,-0.23287671232876683,-0.2768304914744233
2023-09-28 00:00:00+00:00,-0.5780346820809249,-0.03772487900887056,-0.09808201238643577,-0.09057806099226318,-0.21993911719939085,-0.2668004012036108
2023-09-29 00:00:00+00:00,-0.5433526011560694,-0.04191902450869123,-0.0901481461271938,-0.07737824305871743,-0.21169457128361213,-0.26579739217652953
2023-09-30 00:00:00+00:00,-0.5375722543352601,-0.03996543568377475,-0.08822197364472306,-0.02776513427401106,-0.2125824454591575,-0.26479438314944825
2023-10-01 00:00:00+00:00,-0.531791907514451,-0.0032848205756651483,-0.05413472294218857,0.08602639963586589,-0.19875697615423615,-0.24573721163490458
2023-10-02 00:00:00+00:00,-0.5722543352601157,-0.02063427015637509,-0.09267999890868517,0.06326809285389046,-0.21321664129883278,-0.2657973921765294
2023-10-03 00:00:00+00:00,-0.5838150289017342,-0.023431316594965224,-0.095866641202631,0.07464724624487795,-0.22133434804667662,-0.26980942828485455
2023-10-04 00:00:00+00:00,-0.5838150289017342,-0.010573305510030884,-0.10141598232068416,0.0532544378698212,-0.22044647387113125,-0.27382146439317945
2023-10-05 00:00:00+00:00,-0.5953757225433527,-0.023932264194137298,-0.12055220582217108,0.032771961766043356,-0.2280568239472347,-0.2838515546639919
2023-10-06 00:00:00+00:00,-0.5838150289017341,-0.004990249857850015,-0.10188524813794331,0.06645425580336695,-0.22120750887874152,-0.27382146439317956
2023-10-07 00:00:00+00:00,-0.5895953757225434,-0.004026094848213813,-0.10804572613428731,0.06099226217569287,-0.22044647387113114,-0.27382146439317956
2023-10-08 00:00:00+00:00,-0.5895953757225434,-0.005454525386862419,-0.10860775379914434,0.05780609922621638,-0.22653475393201394,-0.27883650952858574
2023-10-09 00:00:00+00:00,-0.6127167630057804,-0.0173747283863529,-0.13772406078629396,0.0059171597633125295,-0.2546930492135969,-0.3059177532597793
2023-10-10 00:00:00+00:00,-0.6300578034682082,-0.024615504025559565,-0.14458298092925637,0.0063723258989520914,-0.24999999999999967,-0.3069207622868606
2023-10-11 00:00:00+00:00,-0.6300578034682082,-0.043278739420729684,-0.14521594412462924,0.0018206645425571377,-0.2578640284119733,-0.3199598796389167
2023-10-12 00:00:00+00:00,-0.6416184971098267,-0.04737248177700626,-0.15999781736829266,-0.03095129722348755,-0.26585489599188206,-0.3189568706118354
2023-10-13 00:00:00+00:00,-0.6300578034682082,-0.04357460825862025,-0.15307341827408505,-0.005917159763314639,-0.2593860984271942,-0.3069207622868606
2023-10-14 00:00:00+00:00,-0.6300578034682082,-0.04387296937312368,-0.15149101028565293,0.0013654984069173537,-0.24099441907661068,-0.2948846539618857
2023-10-15 00:00:00+00:00,-0.6184971098265897,-0.032376809437324794,-0.14987040624232761,-0.0013654984069195741,-0.24771689497716864,-0.29989969909729197
2023-10-16 00:00:00+00:00,-0.6069364161849713,0.015366665515473388,-0.12689820751371061,0.0910332271279004,-0.23871131405377954,-0.28786359077231705
2023-10-17 00:00:00+00:00,-0.6358381502890174,0.01148903914547783,-0.14582708100292008,0.0901228948566215,-0.25088787417554514,-0.30892678034102306
2023-10-18 00:00:00+00:00,-0.6358381502890174,0.008591233523827624,-0.14677652579597933,0.0659990896677276,-0.25659563673262276,-0.320962888665998
2023-10-19 00:00:00+00:00,-0.6358381502890174,0.02303611273208106,-0.1446539164597722,0.1351843422849326,-0.25329781836631127,-0.31394182547642935
2023-10-20 00:00:00+00:00,-0.6184971098265897,0.0568808730943442,-0.1242954192017034,0.23076923076922928,-0.2398528665651951,-0.3079237713139419
2023-10-21 00:00:00+00:00,-0.5953757225433527,0.06541549633510835,-0.1108831473549241,0.33500227583067654,-0.22374429223744274,-0.2908726178535608
2023-10-22 00:00:00+00:00,-0.5664739884393064,0.0681698180317647,-0.09192699096936219,0.3222576240327706,-0.21727549467275475,-0.2848545636910733
2023-10-23 00:00:00+00:00,-0.416184971098266,0.17792398342707383,-0.03619349030093144,0.45289030496130933,-0.14459665144596645,-0.2457372116349048
2023-10-24 00:00:00+00:00,-0.4682080924855493,0.20781136456773175,-0.0258914686383116,0.37369139736003487,-0.15575849822425158,-0.25777331995987973
2023-10-25 00:00:00+00:00,-0.3005780346820811,0.22845738402813986,-0.02454369355850905,0.47655894401456367,-0.13305428716387624,-0.21765295887663005
2023-10-26 00:00:00+00:00,-0.26589595375722574,0.21612631142705374,-0.01578588382942825,0.49157942649066744,-0.08840690005073559,-0.2066198595787363
2023-10-27 00:00:00+00:00,-0.3294797687861274,0.20724811005323973,-0.02873980301748924,0.4446973145197979,-0.1401572805682394,-0.2276830491474423
2023-10-28 00:00:00+00:00,-0.34104046242774577,0.21374049062957523,-0.030589583390173702,0.44060081929904227,-0.12430238457635712,-0.20160481444333
2023-10-29 00:00:00+00:00,-0.34104046242774577,0.22959599840067146,-0.02016751698360386,0.4947655894401439,-0.12011669203450026,-0.19558676028084265
2023-10-30 00:00:00+00:00,-0.3236994219653181,0.228142645095895,-0.01244100073663923,0.5908056440600804,-0.11681887366818888,-0.20060180541624884
2023-10-31 00:00:00+00:00,-0.3352601156069367,0.23395214188032432,-0.009385316345184247,0.7492034592626289,-0.13394216133942183,-0.2196589769307925
2023-11-01 00:00:00+00:00,-0.3121387283236997,0.2617955001589727,0.00817395574714097,0.8739189804278542,-0.1253170979198378,-0.19959879638916755
2023-11-02 00:00:00+00:00,-0.36994219653179217,0.24425663755569005,-0.01708454969579687,0.8320436959490192,-0.13863521055301886,-0.2116349047141426
2023-11-03 00:00:00+00:00,-0.37572254335260136,0.23660641647295244,0.0005783974026671856,0.7969959035047769,-0.13609842719431753,-0.2156469408224675
2023-11-04 00:00:00+00:00,-0.3526011560693645,0.24920345059257532,0.013412271846778179,0.931725079654071,-0.12341451040081175,-0.20160481444333012
2023-11-05 00:00:00+00:00,-0.3526011560693645,0.24754359436845297,0.033083240116769774,0.8752844788347722,-0.09804667681380008,-0.1845536609829489
2023-11-06 00:00:00+00:00,-0.3063583815028905,0.2480819261168168,0.03765039696614081,0.9194355939918046,-0.03082191780821919,-0.15145436308926774
2023-11-07 00:00:00+00:00,-0.3236994219653182,0.2611578333856128,0.02917632935912362,0.9549385525716862,-0.06900050735667174,-0.17853560682046143
2023-11-08 00:00:00+00:00,-0.3121387283236997,0.26886537683044476,0.030775107085367015,0.9631315430131973,-0.04426686960933557,-0.16950852557673013
2023-11-09 00:00:00+00:00,-0.23121387283237027,0.3068124244973711,0.1574113987940946,1.0623577605826098,-0.06684424150177593,-0.1755265797392177
2023-11-10 00:00:00+00:00,-0.21965317919075167,0.3287932361036896,0.13416091452268453,1.5817023213472878,-0.04312531709792011,-0.148445336008024
2023-11-11 00:00:00+00:00,-0.26589595375722574,0.32240980361928506,0.12052492292581674,1.5644060081929867,-0.003932014205986989,-0.08826479438314949
2023-11-12 00:00:00+00:00,-0.2947976878612719,0.32018598080163807,0.11608872397893633,1.5625853436504284,-0.010908168442415267,-0.10431293881644954
2023-11-13 00:00:00+00:00,-0.3294797687861274,0.2989215207017406,0.12095599268818247,1.3491124260354992,-0.054287163876205136,-0.14343029087261805
2023-11-14 00:00:00+00:00,-0.3352601156069366,0.2657635605660609,0.08021717185496291,1.5867091488393221,-0.08117706747843745,-0.1634904714142429
2023-11-15 00:00:00+00:00,-0.2716763005780348,0.3488268675963817,0.12385343628079415,1.9813381884387753,-0.032597666159310146,-0.11835506519558692
2023-11-16 00:00:00+00:00,-0.34104046242774566,0.2875250518304533,0.07032985021689764,1.6299499317250756,0.009132420091323867,-0.14744232698094306
2023-11-17 00:00:00+00:00,-0.3352601156069366,0.304041724982973,0.07036804627179083,1.664542558033678,0.10007610350076068,-0.1153460381143433
2023-11-18 00:00:00+00:00,-0.3352601156069366,0.3027909581628654,0.07149210160150465,1.6663632225762357,0.018645357686453146,-0.14042126379137443
2023-11-19 00:00:00+00:00,-0.3121387283236996,0.33118332937536143,0.0981147518620562,1.7824305871643107,0.021308980213089246,-0.1283851554663994
2023-11-20 00:00:00+00:00,-0.3468208092485551,0.3343171891961956,0.10365863640083872,1.5762403277196135,-0.014205986808726978,-0.15346038114343052
2023-11-21 00:00:00+00:00,-0.39884393063583834,0.27315173656493874,0.05517147300357261,1.3513882567136961,-0.0894216133942165,-0.22367101303911752
2023-11-22 00:00:00+00:00,-0.3583815028901737,0.3324494058946621,0.12628161405614668,1.6208466090122848,-0.03906646372399858,-0.18756268806419274
2023-11-23 00:00:00+00:00,-0.38150289017341066,0.3279981998642072,0.12549041006193073,1.56986800182066,-0.03335870116692097,-0.1855566700100303
2023-11-24 00:00:00+00:00,-0.3583815028901737,0.343588102156283,0.13619076201129343,1.5880746472462404,-0.007737189244039211,-0.17753259779338026
2023-11-25 00:00:00+00:00,-0.3179190751445089,0.3458977304973132,0.1371838594385164,1.677742375967223,0.0017757483510900673,-0.15045135406218668
2023-11-26 00:00:00+00:00,-0.35260115606936426,0.3337315041921882,0.12569776007420796,1.6203914428766448,-0.0017757483510912886,-0.1675025075225679
2023-11-27 00:00:00+00:00,-0.37572254335260125,0.32611510686348155,0.10641420893241871,1.5065999089667685,-0.00025367833587075506,-0.17753259779338038
2023-11-28 00:00:00+00:00,-0.36994219653179217,0.3471335436577443,0.11810765830900438,1.6495220755575737,0.02574835109081608,-0.16649949849548662
2023-11-29 00:00:00+00:00,-0.39306358381502915,0.3480332555149641,0.107232695822987,1.6986800182066406,0.021182141045154035,-0.17552657973921793
2023-11-30 00:00:00+00:00,-0.36994219653179206,0.343322140637746,0.12019752816958862,1.698224852071001,0.058219178082191014,-0.1675025075225678
2023-12-01 00:00:00+00:00,-0.35838150289017356,0.37786723072820494,0.13944833983575533,1.7209831588529765,0.06392694063926863,-0.16048144433299916
2023-12-02 00:00:00+00:00,-0.323699421965318,0.4052648275326791,0.18167680680980935,1.899863450159303,0.09373414510400724,-0.14443329989969922
2023-12-03 00:00:00+00:00,-0.3063583815028903,0.42347909709802956,0.19705344719395268,1.8675466545288981,0.08764586504312466,-0.09428284854563707
2023-12-04 00:00:00+00:00,-0.19653179190751446,0.4948109020724001,0.2240471448448953,1.8029130632680883,0.16552511415525029,-0.07622868605817479
2023-12-05 00:00:00+00:00,-0.06358381502890187,0.569744758831294,0.2516738056912107,1.776968593536636,0.1967275494672749,-0.049147442326981206
2023-12-06 00:00:00+00:00,-0.1445086705202313,0.5584209220212943,0.2184323247755966,1.8156577150659943,0.20345002536783285,-0.024072216649950184
2023-12-07 00:00:00+00:00,-0.12138728323699433,0.5411177575776787,0.2859902327231041,2.0851160673645825,0.21676813800101402,-0.019057171514544113
2023-12-08 00:00:00+00:00,-0.09248554913294804,0.5732026146117915,0.2871743104247928,2.4110150204824703,0.2899543378995426,0.024072216649949407
2023-12-09 00:00:00+00:00,-0.11560693641618502,0.5567115763044319,0.277456142744112,2.288575329995443,0.24936580416032395,0.0030090270812432873
2023-12-10 00:00:00+00:00,-0.07514450867052025,0.5591564996615852,0.2835565983684809,2.4050978607191573,0.2924911212582437,0.03610832497492433
2023-12-11 00:00:00+00:00,-0.18497109826589586,0.4681495949872494,0.213597795541973,2.1970869367319015,0.19406392694063834,-0.045135406218656415
2023-12-12 00:00:00+00:00,-0.19653179190751435,0.4766005489417271,0.2017188224701918,2.119708693673186,0.1893708777270413,-0.03911735205616895
2023-12-13 00:00:00+00:00,-0.18497109826589597,0.5269662549307035,0.23357978883038055,2.2148384160218426,0.2229832572298318,-0.01604814443330027
2023-12-14 00:00:00+00:00,-0.1445086705202312,0.5320594002087113,0.2637601287752691,2.444697314519795,0.247590055809233,0.012036108324974704
2023-12-15 00:00:00+00:00,-0.23699421965317924,0.4931998232619852,0.2115352085777411,2.3008648156577105,0.17947742262810662,-0.03711133400200639
2023-12-16 00:00:00+00:00,-0.18497109826589608,0.5040269849470063,0.2152565956401915,2.3532089212562544,0.2316083206494155,0.16449348044132361
2023-12-17 00:00:00+00:00,-0.23121387283237016,0.47220274883868885,0.19763184459662098,2.2212107419207965,0.17795535261288586,0.031093279839518262
2023-12-18 00:00:00+00:00,-0.24277456647398865,0.5185181492923543,0.21067852563227962,2.3868912152935775,0.16844241501775636,0.04714142427281809
2023-12-19 00:00:00+00:00,-0.277456647398844,0.5049106750260006,0.18810465719040614,2.323623122439686,0.1439624556062904,0.014042126379136821
2023-12-20 00:00:00+00:00,-0.26589595375722563,0.5548213625133833,0.2015551250920784,2.7428311333636737,0.16045154743784784,0.02708124373119314
2023-12-21 00:00:00+00:00,-0.24855491329479773,0.5621237329888777,0.2222082776307519,3.27355484751934,0.20484525621511818,0.0461384152457367
2023-12-22 00:00:00+00:00,-0.08670520231213885,0.5668601266717397,0.2694895370092476,3.461083295402818,0.20547945205479357,0.09528585757271757
2023-12-23 00:00:00+00:00,-0.1502890173410406,0.5570587148326425,0.26021880882874404,3.9135184342284886,0.1856925418569244,0.1113340020060174
2023-12-24 00:00:00+00:00,-0.20231213872832376,0.531793082650658,0.23614438108749503,4.122439690487023,0.16412988330796452,0.06920762286860516
2023-12-25 00:00:00+00:00,-0.18497109826589597,0.552111189716725,0.2395983957656933,4.50523441055985,0.19698122780314442,0.10531594784352993
2023-12-26 00:00:00+00:00,-0.22543352601156064,0.5137846039256211,0.21733009576296491,4.119708693673187,0.15892947742262709,0.0631895687061177
2023-12-27 00:00:00+00:00,-0.16763005780346818,0.5476802779386882,0.2988513900635681,3.8670914883932594,0.18810248604769053,0.09327983951855523
2023-12-28 00:00:00+00:00,-0.22543352601156064,0.5163345589400283,0.27980792840967883,3.6358670914883886,0.16400304414002953,0.06419257773319909
2023-12-29 00:00:00+00:00,-0.22543352601156064,0.49798606247710264,0.2548167953509932,3.8334091943559354,0.15436326737696482,0.0461384152457367
2023-12-30 00:00:00+00:00,-0.24277456647398843,0.5005652127318314,0.2504569885138994,3.638142922166587,0.14167935058345926,0.0461384152457367
2023-12-31 00:00:00+00:00,-0.2543352601156069,0.5053400586824337,0.24484216844460094,3.6304050978607147,0.13521055301877105,0.03811434302908645
2024-01-01 00:00:00+00:00,-0.18497109826589586,0.5736095677787094,0.2837421220636769,4.007737824305867,0.16692034500253583,0.0712136409227675
2024-01-02 00:00:00+00:00,-0.22543352601156053,0.6011218093073718,0.28572286033885197,3.8593536640873873,0.1555048198883806,0.05917753259779257
2024-01-03 00:00:00+00:00,-0.3179190751445087,0.52577459067027,0.20621504378904731,3.4874829312699083,0.04046169457128279,-0.039117352056169175
2024-01-04 00:00:00+00:00,-0.2716763005780346,0.5734945670150042,0.23835429569202904,3.7801547564861115,0.06646372399796974,0.0030090270812430653
2024-01-05 00:00:00+00:00,-0.3063583815028902,0.5729430618045441,0.23875808255804287,3.552116522530719,0.04921359715880169,-0.013039117352056873
2024-01-06 00:00:00+00:00,-0.32947976878612717,0.5661583727854793,0.22321774479578615,3.2708238507055016,0.02270421106037457,-0.036108324974925554
2024-01-07 00:00:00+00:00,-0.35838150289017334,0.5648235806395685,0.2128502441819211,3.0732817478379557,-0.007102993404364044,-0.09327983951855634
2024-01-08 00:00:00+00:00,-0.31213872832369927,0.6729634628688175,0.27283442010203673,3.4610832954028172,0.03209030948756908,-0.039117352056169175
2024-01-09 00:00:00+00:00,-0.30635838150288996,0.6421610601717469,0.2795514691839671,3.526627218934906,0.0049467275494665675,-0.03009027081243787
2024-01-10 00:00:00+00:00,-0.23121387283236972,0.661546699745112,0.4103565874553228,3.6431497496586207,0.05352612886859376,0.0010030090270805037
2024-01-11 00:00:00+00:00,-0.20809248554913273,0.6503553096351062,0.42891987013341204,3.5471096950386842,0.07280568239472296,0.018054162487461722
2024-01-12 00:00:00+00:00,-0.283236994219653,0.5230095877881298,0.3762093143808134,3.1902594446973094,0.015728056823946623,-0.03410230692076288
2024-01-13 00:00:00+00:00,-0.283236994219653,0.5252444478307763,0.4066461135514132,3.3623122439690434,0.026509386098426457,-0.009027081243731638
2024-01-14 00:00:00+00:00,-0.31213872832369927,0.4848410835421806,0.34828799825389334,3.2694583522985834,0.014459665144595846,-0.04012036108325023
2024-01-15 00:00:00+00:00,-0.30635838150288996,0.5128567649466282,0.36966687583553726,3.293126991351838,0.027777777777777013,-0.043129388164493965
2024-01-16 00:00:00+00:00,-0.28323699421965287,0.5356297644762997,0.4115679480533636,3.4419663177059574,0.03132927447995848,-0.03009027081243787
2024-01-17 00:00:00+00:00,-0.30057803468208066,0.5216869009857668,0.3794723487845455,3.645880746472457,0.021435819381024013,-0.045135406218656526
2024-01-18 00:00:00+00:00,-0.34104046242774544,0.4699689569145902,0.3470111587046065,3.2926718252161997,-0.010400811770675422,-0.07723169508525629
2024-01-19 00:00:00+00:00,-0.34682080924855474,0.48203121968101037,0.3587155212397335,3.259899863450155,-0.004312531709792733,-0.06720160481444382
2024-01-20 00:00:00+00:00,-0.32947976878612695,0.4838687396236738,0.3479442337598544,3.221665908056436,0.14840182648401745,-0.0290872617853567
2024-01-21 00:00:00+00:00,-0.3526011560693638,0.48006232115690084,0.33978119117125316,3.142011834319523,0.0828259766615922,-0.06318956870611903
2024-01-22 00:00:00+00:00,-0.3930635838150287,0.4071974100261442,0.2613101246828349,2.811561219845239,0.020421106037543657,-0.10531594784353127
2024-01-23 00:00:00+00:00,-0.3988439306358379,0.41975884019415566,0.22299402504569765,2.8365953573054132,-0.008625063419584689,-0.11334002006018118
2024-01-24 00:00:00+00:00,-0.3988439306358379,0.42695724713094485,0.21907074455024023,3.0391442876649943,0.0021562658548952562,-0.108324974924775
2024-01-25 00:00:00+00:00,-0.404624277456647,0.4220837782343789,0.20999645322347305,2.953573054164767,-0.012430238457636356,-0.11133400200601873
2024-01-26 00:00:00+00:00,-0.3757225433526008,0.48883442275491307,0.23718658772815204,3.1979972690031833,0.012557077625570123,-0.09428284854563751
2024-01-27 00:00:00+00:00,-0.3641618497109822,0.4997815697568644,0.2375358088014612,3.2903959945380032,0.01648909183155678,-0.0852557673019062
2024-01-28 00:00:00+00:00,-0.3815028901734101,0.4963956339586222,0.23133167817095357,3.368229403732359,-0.0002536783358709771,-0.09729187562688113
2024-01-29 00:00:00+00:00,-0.3872832369942193,0.5417322817824908,0.2645677025072972,3.627674101046879,0.03183663115169888,-0.0772316950852564
2024-01-30 00:00:00+00:00,-0.4161849710982656,0.5289632805765849,0.27853108886039224,3.6153846153846123,0.011288685946219346,-0.09227683049147506
2024-01-31 00:00:00+00:00,-0.47398843930635814,0.5151290091384666,0.24506588819468966,3.4101046882111934,-0.0013952308472865438,-0.10330992978936859
2024-02-01 00:00:00+00:00,-0.46820809248554884,0.5335761285473555,0.25683572968106194,3.4506144742831095,0.006088280060881912,-0.09428284854563751
2024-02-02 00:00:00+00:00,-0.46242774566473954,0.5374395133367067,0.259296646932037,3.574874829312696,0.004946727549466123,-0.09027081243731261
2024-02-03 00:00:00+00:00,-0.46820809248554884,0.5309528293926289,0.2527596649660315,3.4560764679107843,-0.0017757483510917327,-0.08625877632898771
2024-02-04 00:00:00+00:00,-0.48554913294797664,0.515667696926347,0.2488363844705741,3.3431952662721853,-0.007102993404364266,-0.10832497492477511
2024-02-05 00:00:00+00:00,-0.47976878612716733,0.5190269297608807,0.2545548795460113,3.346836595357301,-0.007483510908169455,-0.10732196589769383
2024-02-06 00:00:00+00:00,-0.47976878612716733,0.5342280369013599,0.29440973453741703,3.4082840236686343,-0.004693049213598033,-0.11133400200601884
2024-02-07 00:00:00+00:00,-0.43930635838150245,0.5786450346551064,0.3228548822743009,3.6021847974510655,0.01610857432775159,-0.091273821464394
2024-02-08 00:00:00+00:00,-0.44508670520231175,0.6130231422125081,0.3203775952855141,3.678652708238503,0.013064434297310079,-0.07522567703109406
2024-02-09 00:00:00+00:00,-0.4104046242774563,0.6788769231919514,0.35738957247701264,3.8684569868001777,0.03500761035007516,-0.058174523570712844
2024-02-10 00:00:00+00:00,-0.41618497109826535,0.7007338330466621,0.364619540010366,3.9644970414201133,0.03310502283104921,-0.05516549648946922
2024-02-11 00:00:00+00:00,-0.42196531791907466,0.720068202929707,0.3684609718167666,3.8921256258534322,0.030568239472348102,-0.05616850551655039
2024-02-12 00:00:00+00:00,-0.3757225433526007,0.7781670872086754,0.45175565438026744,4.085571233500223,0.04337899543378909,-0.035105315947844384
2024-02-13 00:00:00+00:00,-0.3757225433526007,0.7706952419235107,0.44140998008348387,4.123805188893941,0.02866565195332238,-0.05015045135406282
2024-02-14 00:00:00+00:00,-0.27745664739884335,0.8458580320912661,0.5155703489482426,4.3304506144742785,0.0852359208523581,-0.021063189568706786
2024-02-15 00:00:00+00:00,-0.28323699421965265,0.8490759172379025,0.541674624178101,4.17114246700045,0.08295281582952696,-0.010030090270813141
2024-02-16 00:00:00+00:00,-0.3236994219653174,0.8572188970109416,0.5300521103320313,4.025034137460169,0.09056316590563052,-0.009027081243731971
2024-02-17 00:00:00+00:00,-0.31213872832369893,0.8396127429391136,0.5207486426759049,3.9594902139280794,0.060248604769151504,-0.034102306920763104
2024-02-18 00:00:00+00:00,-0.29479768786127125,0.8563661823698494,0.5722587509890034,4.108784706417839,0.08066971080669605,-0.023069207622869348
2024-02-19 00:00:00+00:00,-0.28901734104046195,0.8436160512582975,0.6069625951490993,4.077378243058712,0.13432267884322568,-0.00702106318956941
2024-02-20 00:00:00+00:00,-0.31213872832369904,0.8610039531067477,0.6453059776825889,3.9317250796540693,0.09297311009639664,-0.022066198595788067
2024-02-21 00:00:00+00:00,-0.335260115606936,0.846220124279154,0.6198783182822671,3.7819754210286716,0.07305936073059249,-0.042126379137412795
2024-02-22 00:00:00+00:00,-0.30057803468208044,0.825189226101827,0.6204239762093127,3.6285844333181574,0.06595636732622934,-0.044132397191575246
2024-02-23 00:00:00+00:00,-0.30635838150288974,0.8066894128445532,0.5944670286197564,3.546654528903045,0.07179096905124194,-0.045135406218656526
2024-02-24 00:00:00+00:00,-0.24277456647398787,0.8362599188158701,0.6327994979947051,3.7355484751934416,0.09271943176052666,-0.03309929789368171
2024-02-25 00:00:00+00:00,-0.2080924855491323,0.8417080354914435,0.6985294518866105,3.7096040054619897,0.09284627092846165,-0.031093279839518928
2024-02-26 00:00:00+00:00,0.046242774566474854,0.9410768842412285,0.7342318500531997,4.005461993627669,0.13330796549974533,0.01003009027081192
2024-02-27 00:00:00+00:00,0.5317919075144522,1.0319744847841177,0.7699451613783301,3.9349112426035466,0.23845763571790868,0.09327983951855501
2024-02-28 00:00:00+00:00,0.8381502890173425,1.2254997637677811,0.8477832646713757,4.415566681838866,0.47387113140537673,0.17552657973921693
2024-02-29 00:00:00+00:00,0.5780346820809261,1.1782348059246401,0.8237197500886673,4.721438324988616,0.4890918315575836,0.2607823470411228
2024-03-01 00:00:00+00:00,1.3063583815028919,1.2227992040380578,0.8748260715357525,4.895311788802909,0.7694063926940624,0.6950852557673011
2024-03-02 00:00:00+00:00,1.531791907514453,1.2088118356080102,0.8681417619294447,4.923987255348197,0.8023845763571775,1.2668004012036098
2024-03-03 00:00:00+00:00,2.4277456647398865,1.2483692500063195,0.9041115324802866,4.928538916704594,0.9482496194824941,1.2597793380140412
2024-03-04 00:00:00+00:00,3.0578034682080943,1.4331256317476164,0.9817477423403254,5.070095584888482,1.3135464231354623,2.6098294884653948
2024-03-05 00:00:00+00:00,2.6531791907514464,1.2716784450472587,0.9414127083731192,4.7159763313609435,0.9495180111618451,2.528585757271814
2024-03-06 00:00:00+00:00,3.1676300578034695,1.353975555038903,1.0850626142471271,4.957669549385522,1.0027904616945698,2.338014042126378
2024-03-07 00:00:00+00:00,2.9479768786127183,1.3829066140392792,1.1141298120208427,5.557578516158393,1.0015220700152185,2.1644934804413234
2024-03-08 00:00:00+00:00,4.231213872832372,1.4306600580985287,1.1236842823234103,5.604915794264903,1.09157787924911,2.5356068204613837
2024-03-09 00:00:00+00:00,4.075144508670523,1.4369594652571305,1.1353122527487511,5.580791989076009,1.2729578893962432,2.5125376128385146
2024-03-10 00:00:00+00:00,3.947976878612719,1.4575104221667354,1.1181676806809806,5.579881656804729,1.1600710299340418,2.29889669007021
2024-03-11 00:00:00+00:00,4.231213872832372,1.5668975108209309,1.2185087168853839,5.776058261265358,1.30847285641806,2.39618856569709
2024-03-12 00:00:00+00:00,3.7861271676300596,1.5438845406573987,1.171407524622813,5.875284478834771,1.1334348046676794,2.2316950852557667
2024-03-13 00:00:00+00:00,4.213872832369945,1.6032929382766339,1.1867023163178994,6.461538461538458,1.1448503297818347,2.214643931795386
2024-03-14 00:00:00+00:00,4.751445086705204,1.5409457904913957,1.117589283278312,7.040054619936271,1.2475900558092317,2.2306920762286846
2024-03-15 00:00:00+00:00,4.1560693641618505,1.4743817106773047,1.0420920524922916,7.367774237596718,1.0738203957382022,1.9989969909729175
2024-03-16 00:00:00+00:00,3.294797687861272,1.3235334643321397,0.9207595558344464,7.28174783796085,0.8061897513952294,1.54062186559679
2024-03-17 00:00:00+00:00,3.5317919075144513,1.4340445697387065,0.9870733637082902,8.180245789713238,0.9558599695585981,1.95987963891675
2024-03-18 00:00:00+00:00,2.9306358381502897,1.407163230232598,0.9208850571576668,7.917159763313604,0.8201420598680855,1.6910732196589762
2024-03-19 00:00:00+00:00,2.8150289017341046,1.2047398116622174,0.7234278230976992,6.733727810650882,0.6324200913241995,1.4934804413239715
2024-03-20 00:00:00+00:00,3.8381502890173422,1.4159880256789954,0.9188934057239508,7.73554847519344,0.929223744292236,1.783350050150451
2024-03-21 00:00:00+00:00,3.5664739884393075,1.3318174357535604,0.9054811338771716,7.167501137915336,0.971080669710805,1.7281845536609826
2024-03-22 00:00:00+00:00,3.2890173410404637,1.2721370239440146,0.8209041551851135,6.973145197997266,0.9393708777270404,1.6619859578736205
2024-03-23 00:00:00+00:00,3.2369942196531793,1.2788102725945358,0.8173082694458835,6.861629494765588,1.0535261288685924,1.7201604814443323
2024-03-24 00:00:00+00:00,3.526011560693642,1.3928821292017575,0.884948026082448,7.365498406918524,1.2387113140537775,1.8164493480441317
2024-03-25 00:00:00+00:00,3.6820809248554918,1.488440643050092,0.959435789703434,7.603095129722346,1.2234906139015709,1.8796389167502503
2024-03-26 00:00:00+00:00,3.6473988439306346,1.4919284061499432,0.957602379068561,7.669549385525713,1.312278031456111,2.0742226680040114
2024-03-27 00:00:00+00:00,3.410404624277457,1.472141154002402,0.9096772433361517,7.47655894401456,1.4137493658041582,2.0260782347041113
2024-03-28 00:00:00+00:00,3.6358381502890182,1.520388424870501,0.9431424440018543,7.633136094674553,1.790461694571281,2.211634904714141
2024-03-29 00:00:00+00:00,3.4739884393063596,1.4888486643355585,0.9160723542411253,7.747837960855708,1.7029426686960911,2.0902708124373097
2024-03-30 00:00:00+00:00,3.6936416184971117,1.4791027946609754,0.9139279185878366,7.842967683204364,1.5266362252663601,1.9939819458375103
2024-03-31 00:00:00+00:00,4.08670520231214,1.5390213969068012,0.9894578888494798,8.213928083750565,1.790461694571281,2.0832497492477406
2024-04-01 00:00:00+00:00,3.5895953757225447,1.4811101454528246,0.9128147764166639,7.755120619025941,1.6027397260273948,1.8736208625877606
2024-04-02 00:00:00+00:00,3.196531791907516,1.3308771353915039,0.7894306059531278,7.262175694128356,1.3148148148148127,1.6489468405215622
2024-04-03 00:00:00+00:00,2.9306358381502906,1.3493662674632945,0.8073500122773027,7.426945835229857,1.2234906139015709,1.6429287863590747
2024-04-04 00:00:00+00:00,2.9942196531791914,1.4397177033884647,0.816588000982184,7.37915339098771,1.2843734145103989,1.779338014042123
2024-04-05 00:00:00+00:00,2.8034682080924864,1.4161030264427001,0.8111041388153761,6.940828402366863,1.2488584474885824,1.6870611835506488
2024-04-06 00:00:00+00:00,2.9132947976878625,1.4536032445169034,0.8292636346274516,7.135639508420571,1.3566717402333817,1.7502507522567674
2024-04-07 00:00:00+00:00,3.3121387283237,1.4693946651751002,0.884620631326221,7.171142467000452,1.5215626585489574,1.8244734202607793
2024-04-08 00:00:00+00:00,3.491329479768787,1.5502882673942233,1.0160423430551382,7.224396904870272,1.56976154236428,1.8826479438314911
2024-04-09 00:00:00+00:00,3.0693641618497125,1.4612826608399625,0.9124382724470022,6.843422849340005,1.398528665651951,1.7552657973921733
2024-04-10 00:00:00+00:00,3.121387283236996,1.5146551205425198,0.9346629198155667,6.890304961310875,1.5342465753424634,1.813440320962886
2024-04-11 00:00:00+00:00,3.231213872832372,1.493217625237791,0.9115543066051885,6.848429676832041,1.4581430745814288,1.7592778335004984
2024-04-12 00:00:00+00:00,2.427745664739886,1.3911008635026398,0.767451504651733,5.977241693218022,1.2120750887874157,1.4834503510531567
2024-04-13 00:00:00+00:00,1.9132947976878625,1.2794134035348326,0.643254303876899,5.304506144742829,0.9368340943683393,1.1233701103309905
2024-04-14 00:00:00+00:00,2.1387283236994237,1.3415166642515333,0.7233296046708313,5.893491124260353,1.058599695585995,1.281845536609827
2024-04-15 00:00:00+00:00,1.9479768786127187,1.2589735309542545,0.6931765476222951,5.308147473827947,1.0446473871131388,1.1995987963891648
2024-04-16 00:00:00+00:00,2.1213872832369964,1.2724115304109382,0.6835838812648345,5.202548930359581,0.9799594114662586,1.2758274824473395
2024-04-17 00:00:00+00:00,1.8381502890173427,1.1819433135244823,0.6288543911821673,5.003186162949476,0.8721461187214596,1.2116349047141397
2024-04-18 00:00:00+00:00,1.9421965317919097,1.2612496915807703,0.672818050364226,5.467910787437415,0.9317605276509369,1.285857572718152
2024-04-19 00:00:00+00:00,1.9653179190751464,1.2732503595109024,0.6685946580088935,5.487482931269914,0.983764586504311,1.2958876629889642
2024-04-20 00:00:00+00:00,2.3526011560693667,1.3135166485857948,0.7226639019998355,5.885753299954483,1.0636732623033973,1.6268806419257746
2024-04-21 00:00:00+00:00,2.4508670520231233,1.3126838721576042,0.7177911767113192,5.771961766044606,1.0065956367326212,1.6349047141424244
2024-04-22 00:00:00+00:00,2.9768786127167646,1.380275125975683,0.7469511363326327,6.147473827947199,1.045915778792489,1.700100300902705
2024-04-23 00:00:00+00:00,3.4393063583815042,1.3646385825069962,0.7568984803426728,6.040509786071915,1.0268899036022305,1.6900702106318928
2024-04-24 00:00:00+00:00,3.1849710982658976,1.2880505661562371,0.7128747987886388,5.723714155666818,0.9190766108574309,1.5767301905717122
2024-04-25 00:00:00+00:00,3.4971098265895977,1.2960450774510566,0.7218072190543743,5.5930814747382795,0.9190766108574309,1.5777331995987933
2024-04-26 00:00:00+00:00,3.2601156069364174,1.2697743457150827,0.707947507707418,5.334091943559399,0.8759512937595113,1.5275827482447313
2024-04-27 00:00:00+00:00,3.1618497109826604,1.2585167322550803,0.7751507380023464,5.428311333636778,0.87341451040081,1.4834503510531567
2024-04-28 00:00:00+00:00,3.1676300578034695,1.247013095489443,0.780170790931165,5.279927173418297,0.8607305936073042,1.4292878635907695
2024-04-29 00:00:00+00:00,3.2543352601156084,1.273224724665742,0.7546885657381388,5.26945835229859,0.818873668188735,1.4172517552657946
2024-04-30 00:00:00+00:00,2.8612716763005794,1.1588089338859549,0.6432270209805473,4.766044606281293,0.6907661085743262,1.244734202607821
2024-05-01 00:00:00+00:00,3.0346820809248563,1.074907153795186,0.6199601669713257,5.121529358215749,0.6501775748351075,1.269809428284852
2024-05-02 00:00:00+00:00,3.3641618497109835,1.1036185364141202,0.6295582899080565,5.263996358670916,0.6730086250634177,1.2868605817452332
2024-05-03 00:00:00+00:00,3.6705202312138736,1.2401098453115118,0.6935967042261206,5.542102867546655,0.8531202435312009,1.4533600802407194
2024-05-04 00:00:00+00:00,4.011560693641619,1.275253081789042,0.7010995007229965,5.647701411015021,1.0306950786402824,1.5125376128385128
2024-05-05 00:00:00+00:00,3.93063583815029,1.2799880513138393,0.7117780263552775,5.633136094674555,1.0421106037544376,1.4774322968906692
2024-05-06 00:00:00+00:00,3.815028901734105,1.2490460811264525,0.6714539055466124,5.955848884842967,0.9850329781836613,1.394182547642926
2024-05-07 00:00:00+00:00,3.5664739884393075,1.2189578936987062,0.6401986194854441,5.737824305871643,0.9025875190258736,1.3049147442326956
2024-05-08 00:00:00+00:00,3.5953757225433547,1.1782429948335107,0.6224101710637597,5.470186618115613,0.8163368848300339,1.2597793380140394
2024-05-09 00:00:00+00:00,3.930635838150291,1.2457968645023976,0.656579270455351,5.94446973145198,0.9304921359715865,1.3560682046138388
2024-05-10 00:00:00+00:00,3.861271676300582,1.1643934136961995,0.5876353913731478,5.646791078743742,0.8252156265854882,1.2497492477432268
2024-05-11 00:00:00+00:00,3.919075144508674,1.1655459136098605,0.5888576651297299,5.616750113791535,0.8138001014713327,1.2557673019057143
2024-05-12 00:00:00+00:00,4.063583815028905,1.1881910949532468,0.597670040651515,5.526627218934912,0.7909690512430225,1.2367101303911707
2024-05-13 00:00:00+00:00,4.722543352601158,1.2406382079534248,0.6097781900526553,5.712335002275833,0.8848300355149656,1.342026078234701
2024-05-14 00:00:00+00:00,5.0867052023121415,1.1913691036740794,0.5718440509644498,5.461993627674104,0.844241501775747,1.303911735205614
2024-05-15 00:00:00+00:00,5.080924855491331,1.358589471128222,0.6552314953755485,6.2175694128356875,0.971080669710805,1.5325977933801371
2024-05-16 00:00:00+00:00,4.815028901734107,1.3231767127369936,0.6070553569966981,6.25261720527993,0.8987823439878218,1.4633901705115315
2024-05-17 00:00:00+00:00,4.884393063583818,1.3872930208778018,0.6879600578397396,6.7150659990896715,0.9736174530695063,1.509528585757269
2024-05-18 00:00:00+00:00,4.520231213872836,1.3828856077078289,0.7044825798706784,6.850250341374604,0.941907661085742,1.4834503510531567
2024-05-19 00:00:00+00:00,4.2890173410404655,1.359411566370929,0.675540883420183,6.735093309057807,0.8911719939117186,1.3931795386158448
2024-05-20 00:00:00+00:00,5.595375722543356,1.5431984525098472,0.9979701525113895,7.500227583067822,1.102993404363266,1.6148445336007993
2024-05-21 00:00:00+00:00,7.0115606936416235,1.49730282264568,1.067694322429268,7.108784706417847,1.1588026382546914,1.6188565697091244
2024-05-22 00:00:00+00:00,6.739884393063589,1.461071885446422,1.0387580825580436,7.050068274920349,1.1080669710806683,1.5396188565697067
2024-05-23 00:00:00+00:00,7.612716763005784,1.4191585575699879,1.0634654734946651,7.015020482476107,1.0243531202435299,1.4653961885656943
2024-05-24 00:00:00+00:00,7.1791907514450894,1.4405914243610072,1.0337434862084947,6.633136094674557,1.0776255707762545,1.447342026078232
2024-05-25 00:00:00+00:00,7.64739884393064,1.4669604230034285,1.0457970698169308,6.661811561219847,1.205733130390663,1.5145436308926752
2024-05-26 00:00:00+00:00,8.213872832369946,1.43845376310626,1.0867814367173212,6.431042330450617,1.106798579401318,1.438314944834501
2024-05-27 00:00:00+00:00,8.647398843930642,1.470445337787151,1.1232968651952082,6.738279472007284,1.1423135464231344,1.5556670010030058
2024-05-28 00:00:00+00:00,8.242774566473994,1.432847920925048,1.095539246446402,6.670914883932639,1.0903094875697605,1.6800401203610802
2024-05-29 00:00:00+00:00,7.5144508670520285,1.4060014732915183,1.0528851662892524,6.651797906235782,1.0763571790969042,1.7602808425275787
2024-05-30 00:00:00+00:00,7.317919075144513,1.433394441582283,1.0445638829018082,6.594902139280845,1.0218163368848288,1.5967903711133364
2024-05-31 00:00:00+00:00,7.907514450867058,1.4026347636271463,1.0509371674897001,6.53390987710515,1.0154743784880762,1.5476429287863556
2024-06-01 00:00:00+00:00,7.578034682080929,1.4111565694453305,1.080490000818486,6.555302685480207,1.0319634703196336,1.5325977933801371
2024-06-02 00:00:00+00:00,7.450867052023128,1.41176682117595,1.0620740457806992,6.421028675466553,0.9926433282597653,1.4684052156469374
2024-06-03 00:00:00+00:00,7.346820809248561,1.4495376292823998,1.0551223637901392,6.505234410559861,1.007864028411972,1.4503510531594754
2024-06-04 00:00:00+00:00,7.28901734104047,1.5118057362950603,1.0793550323302314,6.820209376422402,1.0471841704718399,1.4684052156469374
2024-06-05 00:00:00+00:00,7.433526011560701,1.5320704374337106,1.109764548604479,6.900318616294953,1.0700152207001508,1.6018054162487427
2024-06-06 00:00:00+00:00,7.265895953757237,1.5197753248237524,1.0800753007939314,6.741010468821126,1.0306950786402824,1.5295887662988932
2024-06-07 00:00:00+00:00,6.38728323699423,1.4684401232323978,1.0062696095817523,6.395539371870741,0.8797564687975632,1.376128385155463
2024-06-08 00:00:00+00:00,6.005780346820818,1.467481308815504,1.0084795241862867,6.18206645425581,0.8505834601725,1.3279839518555638
2024-06-09 00:00:00+00:00,6.37572254335261,1.4794385399246703,1.0222082776307522,6.378243058716438,0.8619989852866554,1.3550651955867576
2024-06-10 00:00:00+00:00,5.971098265895962,1.4746729510014869,1.00037650396966,6.236231224396912,0.8353627600202931,1.2978936810431265
2024-06-11 00:00:00+00:00,6.369942196531799,1.3968370161467494,0.9083403814148896,5.798361401911706,0.7516489091831544,1.169508525576728
2024-06-12 00:00:00+00:00,6.630057803468215,1.4298628856219504,0.9421329768368196,6.062812926718259,0.8543886352105514,1.2266800401203586
2024-06-13 00:00:00+00:00,5.872832369942202,1.3762981645806915,0.8922271028292348,5.701866181156128,0.788432267884321,1.1243731193580717
2024-06-14 00:00:00+00:00,5.589595375722548,1.3500790585745546,0.8987477150574292,5.509330905780615,0.7110603754439355,1.0351053159478414
2024-06-15 00:00:00+00:00,5.8323699421965385,1.3565831884549215,0.9461490191798749,5.620391442876655,0.733891425672246,1.0832497492477406
2024-06-16 00:00:00+00:00,6.115606936416191,1.3723479061494088,0.9765749051919339,5.882111970869372,0.7376966007102981,1.1003009027081219
2024-06-17 00:00:00+00:00,5.462427745664745,1.3670122979609274,0.9153029765639906,5.519344560764684,0.6336884830035503,0.9378134403209606
2024-06-18 00:00:00+00:00,5.329479768786133,1.3198829911734258,0.9001282296128545,5.2526172052799325,0.5499746321664118,0.8134403209628864
2024-06-19 00:00:00+00:00,5.560693641618502,1.3125058523995476,0.9419801926172469,5.1729631315430185,0.5537798072044635,0.8174523570712116
2024-06-20 00:00:00+00:00,5.346820809248559,1.3088411376601883,0.91577224238125,5.075557578516163,0.5791476407914751,0.8084252758274804
2024-06-21 00:00:00+00:00,5.589595375722548,1.2829018787137163,0.9192317136387187,5.12426035502959,0.5740740740740728,0.7913741223670991
2024-06-22 00:00:00+00:00,5.601156069364168,1.28756029974255,0.9066652115788598,5.083750568957673,0.5690005073566706,0.8024072216649931
2024-06-23 00:00:00+00:00,5.300578034682087,1.2494939788377253,0.8653971025564058,4.852981338188443,0.5487062404870611,0.7582748244734185
2024-06-24 00:00:00+00:00,5.5317919075144575,1.1458839873719922,0.828248710883146,5.0200273099681425,0.5081177067478426,0.7081243731193565
2024-06-25 00:00:00+00:00,6.416184971098273,1.2002017319898317,0.8519138951791108,5.214838416021851,0.5994419076610842,0.7793380140421247
2024-06-26 00:00:00+00:00,6.236994219653186,1.1655900625098594,0.8385725588628477,5.222576240327724,0.5563165905631646,0.7181544633901689
2024-06-27 00:00:00+00:00,6.242774566473996,1.194275098204601,0.880228085013504,5.804278561675016,0.6095890410958891,0.7592778335004999
2024-06-28 00:00:00+00:00,5.682080924855499,1.1477834581904593,0.8409407142662255,5.360036413290855,0.5575849822425152,0.7001003009027063
2024-06-29 00:00:00+00:00,5.531791907514459,1.1684693540766715,0.8407879300466525,5.370960400546203,0.5436326737696588,0.6930792377131376
2024-06-30 00:00:00+00:00,5.872832369942204,1.2318650382368652,0.8731454451204528,5.663632225762406,0.5766108574327737,0.7271815446339001
2024-07-01 00:00:00+00:00,5.578034682080931,1.2373975362777578,0.8764248492619959,5.66909421939008,0.5651953323186185,0.7121364092276814
2024-07-02 00:00:00+00:00,5.537572254335268,1.2090286636733252,0.8641911985376349,6.000000000000003,0.5867579908675784,0.7291875626880624
2024-07-03 00:00:00+00:00,4.919075144508677,1.141834037876197,0.7963932011022272,5.403732362312247,0.5017757483510896,0.6419257773319942
2024-07-04 00:00:00+00:00,4.144508670520237,1.0308889202994873,0.6690639238261518,4.81747837960856,0.33054287163876084,0.467402206619858
2024-07-05 00:00:00+00:00,4.1271676300578095,1.0168299879267009,0.6271901345046775,5.114246700045519,0.33942161339421495,0.5035105315947828
2024-07-06 00:00:00+00:00,4.6300578034682145,1.0741313436895745,0.6738275175292592,5.512061902594448,0.43962455606291106,0.7442326980942808
2024-07-07 00:00:00+00:00,3.855491329479773,0.9890717230924035,0.5994325157558709,4.989531178880292,0.32039573820395617,0.5536609829488446
2024-07-08 00:00:00+00:00,4.3121387283237045,1.0190915509330565,0.6470629962076755,5.36231224396905,0.36478944698122673,0.6228686058174504
2024-07-09 00:00:00+00:00,4.248554913294803,1.0667096999761823,0.673227293809509,5.436959490213929,0.3635210553018762,0.6409227683049128
2024-07-10 00:00:00+00:00,4.329479768786132,1.0552658778492519,0.6917796633290572,5.46381429221666,0.3698630136986292,0.6449348044132379
2024-07-11 00:00:00+00:00,4.150289017341045,1.041842119973213,0.6912612882983638,5.17705962676377,0.35210553018772095,0.6278836509528567
2024-07-12 00:00:00+00:00,4.017341040462433,1.0619558603570307,0.7104302512754734,5.351843422849342,0.3660578386605773,0.6549648946840505
2024-07-13 00:00:00+00:00,4.02890173410405,1.1088597941308325,0.7333751671077382,5.461083295402823,0.4244038559107042,0.7161484453360061
2024-07-14 00:00:00+00:00,4.317919075144513,1.1653885441437386,0.7712711101410505,5.723714155666819,0.4637239979705725,0.7693079237713119
2024-07-15 00:00:00+00:00,5.543352601156075,1.3059095082845071,0.9018907047172104,6.261720527992719,0.5854895991882283,0.9327983951855547
2024-07-16 00:00:00+00:00,6.132947976878619,1.3173761169404687,0.8804408916050506,6.312243969048706,0.582952815829527,0.9378134403209608
2024-07-17 00:00:00+00:00,5.734104046242781,1.2820936690121383,0.8485035331350754,6.077833409194358,0.5449010654490096,0.8665997993981924
2024-07-18 00:00:00+00:00,5.728323699421972,1.2779917377469907,0.8693913185823787,6.246244879380977,0.5157280568239462,0.7442326980942808
2024-07-19 00:00:00+00:00,6.3410404624277525,1.3750858500283254,0.9130766922216444,6.7014110150204855,0.5918315575849813,0.7853560682046115
2024-07-20 00:00:00+00:00,6.063583815028908,1.3912988214735997,0.9200883965841795,6.905325443786987,0.7034500253678329,0.8154463390170485
2024-07-21 00:00:00+00:00,6.225433526011567,1.4273698969301223,0.9296974326794516,7.397815202548935,0.778285134449517,0.8314944834503486
2024-07-22 00:00:00+00:00,5.872832369942202,1.405677477331856,0.8776362098600372,7.146563495675927,0.7478437341451034,0.7632898696088242
2024-07-23 00:00:00+00:00,6.2312138728323765,1.3477185165827201,0.9005647559544905,6.871187983614027,0.6527143581938095,0.7091273821464368
2024-07-24 00:00:00+00:00,6.05202312138729,1.3276272066884176,0.819851035385915,7.103322712790176,0.6222729578893957,0.6840521564694058
2024-07-25 00:00:00+00:00,5.624277456647405,1.3425263923192325,0.7321801762475089,6.82111970869368,0.5880263825469298,0.6439317953861563
2024-07-26 00:00:00+00:00,5.959537572254341,1.4184044658748602,0.7869696887021507,7.333181611288127,0.7021816336884823,0.7011033099297872
2024-07-27 00:00:00+00:00,5.872832369942202,1.4176703123926337,0.7730390418246784,7.364588074647253,0.6666666666666659,0.7071213640922742
2024-07-28 00:00:00+00:00,5.791907514450873,1.4300676083437165,0.784383270127955,7.416477014110157,0.6489091831557579,0.6850551654964869
2024-07-29 00:00:00+00:00,5.8265895953757285,1.377730867593534,0.8104602624614612,7.307692307692317,0.6286149162861483,0.6659979939819434
2024-07-30 00:00:00+00:00,5.537572254335265,1.35627094179929,0.7888904046053511,7.152025489303606,0.5918315575849815,0.6459378134403186
2024-07-31 00:00:00+00:00,5.387283236994224,1.3006500925524738,0.7634791149428406,6.81247155211653,0.5461694571283606,0.5967903711133378
2024-08-01 00:00:00+00:00,5.069364161849716,1.3249455170530484,0.7464709573568311,6.613108784706427,0.5093860984271938,0.5827482447342005
2024-08-02 00:00:00+00:00,4.387283236994225,1.1868765970597561,0.6291817859383932,5.944924897587629,0.4129883307965494,0.4684052156469387
2024-08-03 00:00:00+00:00,3.982658959537577,1.160422148933467,0.5835484134995754,5.484296768320446,0.3711314053779802,0.42627883650952647
2024-08-04 00:00:00+00:00,3.6820809248554953,1.0698674144445959,0.46677216053256054,5.292216659080574,0.3153221714865544,0.3380140421263771
2024-08-05 00:00:00+00:00,3.069364161849715,0.9237463047548733,0.32070499004174136,4.908511606736467,0.1967275494672751,0.3289869608826459
2024-08-06 00:00:00+00:00,3.479768786127172,0.9958745701267906,0.34362262297765356,5.577605826126545,0.22425164890918237,0.35005015045135224
2024-08-07 00:00:00+00:00,3.242774566473993,0.9628618741136852,0.2787493520312101,5.586709148839336,0.21220192795535198,0.29187562688064017
2024-08-08 00:00:00+00:00,4.069364161849717,1.197067516129481,0.4643385261779369,6.427401001365509,0.3635210553018764,0.4373119358074202
2024-08-09 00:00:00+00:00,3.9248554913294846,1.1671726581589845,0.4188251984830691,6.115157032316804,0.3178589548452555,0.4082246740220643
2024-08-10 00:00:00+00:00,3.861271676300584,1.1697340064379076,0.42451641066215373,6.011834319526637,0.33434804667681317,0.4132397191574706
2024-08-11 00:00:00+00:00,3.468208092485554,1.0908420583783762,0.39452159441246093,5.443786982248529,0.2760020294266863,0.34202607823470244
2024-08-12 00:00:00+00:00,3.763005780346826,1.1134822551685373,0.4858647313998836,5.662266727355494,0.36859462201927884,0.39719157472417077
2024-08-13 00:00:00+00:00,3.7283236994219706,1.1579458940988951,0.47524077156030686,5.677742375967237,0.34956874682902006,0.39317953861584587
2024-08-14 00:00:00+00:00,3.635838150289022,1.0898825318824494,0.4525304886366719,5.5448338643605,0.2988330796549967,0.3650952858575709
2024-08-15 00:00:00+00:00,3.3005780346820854,1.0491113787737079,0.4025536790985713,5.489303595812481,0.27092846270928383,0.3309929789368087
2024-08-16 00:00:00+00:00,3.144508670520236,1.096847376896668,0.41527296537800273,5.331360946745571,0.27346524606798517,0.3259779338014026
2024-08-17 00:00:00+00:00,3.3236994219653235,1.1183617767368772,0.4268518265899093,5.4606281292671905,0.30390664637239895,0.34202607823470244
2024-08-18 00:00:00+00:00,3.2080924855491375,1.0806671610868754,0.4255749870406227,5.483841602184805,0.26966007102993306,0.3269809428284838
2024-08-19 00:00:00+00:00,3.4508670520231277,1.1171679762393478,0.439156412844786,5.569868001820674,0.28614916286149095,0.33801404212637753
2024-08-20 00:00:00+00:00,3.479768786127173,1.1016140339383993,0.40411426076992174,5.477014110150214,0.3051750380517495,0.369107321965896
2024-08-21 00:00:00+00:00,3.572254335260122,1.177922203229493,0.435838812648349,5.499772416932189,0.3470319634703187,0.4152457372116334
2024-08-22 00:00:00+00:00,3.6127167630057864,1.1500261511024594,0.4315717676588531,5.520254893035967,0.3356164383561635,0.4092276830491457
2024-08-23 00:00:00+00:00,4.242774566473996,1.2817789300798927,0.5086404932747643,5.980427856167511,0.4332825976661585,0.5356068204613826
2024-08-24 00:00:00+00:00,4.491329479768795,1.2850890294612025,0.5113960658063446,6.315430131998189,0.4282090309487563,0.5677031093279825
2024-08-25 00:00:00+00:00,4.271676300578044,1.2880744208038175,0.4992060677161472,6.2366863905325545,0.3914256722475893,0.5165496489468391
2024-08-26 00:00:00+00:00,3.9364161849711063,1.2377179718422595,0.46299075109813503,6.152935821574885,0.33434804667681295,0.46539618856569587
2024-08-27 00:00:00+00:00,3.4219653179190823,1.1163604786168015,0.3413854254767672,5.684114701866189,0.25469304921359637,0.38014042126379
2024-08-28 00:00:00+00:00,3.4393063583815096,1.1021819169666007,0.37982156985785487,5.551206190259453,0.26433282597666086,0.39017051153460236
2024-08-29 00:00:00+00:00,3.4219653179190823,1.1138012665749755,0.3794068698333002,5.374601729631324,0.27346524606798517,0.41223671013038987
2024-08-30 00:00:00+00:00,3.497109826589603,1.1052278350269549,0.37834283687556125,5.281292671825224,0.29122272957889317,0.40421263791373985
2024-08-31 00:00:00+00:00,3.398843930635845,1.1002475542755548,0.37124382724469895,5.160218479745115,0.28488077118214017,0.38716148445335885
2024-09-01 00:00:00+00:00,3.1271676300578104,1.0405849444418145,0.32379887048808964,4.850250341374609,0.20649416539827414,0.3189568706118342
2024-09-02 00:00:00+00:00,3.393063583815036,1.1058954091196682,0.38499986358551697,5.142922166590814,0.2569761542364275,0.37011033099297785
2024-09-03 00:00:00+00:00,3.190751445086712,1.046580649893171,0.32289307832919434,4.8042785616750185,0.22742262810755887,0.3119358074222658
2024-09-04 00:00:00+00:00,3.2369942196531856,1.064157608724678,0.33705835811529616,5.081474738279479,0.24289700659563618,0.36409227683049017
2024-09-05 00:00:00+00:00,3.1040462427745723,0.999781391737107,0.2920579488718509,4.8893946290396055,0.24797057331303862,0.3229689067201593
2024-09-06 00:00:00+00:00,2.8381502890173462,0.9209873545445071,0.2138269718713326,4.690487027765141,0.17376966007102945,0.2838515546639906
2024-09-07 00:00:00+00:00,2.9075144508670574,0.9285884421740209,0.24052601424167053,4.81247155211653,0.21004566210045605,0.2898696088264783
2024-09-08 00:00:00+00:00,3.092485549132954,0.953921009785035,0.25358906501514067,4.921711424670011,0.21955859969558533,0.31193580742226557
2024-09-09 00:00:00+00:00,3.265895953757231,1.03143010036398,0.28775270782746154,5.148384160218487,0.31659056316590495,0.35807422266800293
2024-09-10 00:00:00+00:00,3.3179190751445153,1.0522982884824437,0.3034840258641842,5.173418297678659,0.30390664637239917,0.35707121364092154
2024-09-11 00:00:00+00:00,3.190751445086712,1.0420386537861077,0.27723787957329393,5.027765134274017,0.28488077118214017,0.32998996990972795
2024-09-12 00:00:00+00:00,3.283236994219661,1.0700354650962018,0.28879491446811834,5.193445607646797,0.3026382546930484,0.35606820461384014
2024-09-13 00:00:00+00:00,3.5722543352601237,1.1557523346401184,0.33210378413772257,5.333181611288127,0.35844748858447395,0.40120361083249634
2024-09-14 00:00:00+00:00,3.479768786127175,1.1367092050812553,0.31968460971816626,5.243513882567144,0.33688483003551384,0.3781344032096279
2024-09-15 00:00:00+00:00,3.2601156069364237,1.1055895711753267,0.2639947616838989,4.981793354574426,0.30390664637239895,0.34302908726178427
2024-09-16 00:00:00+00:00,3.1560693641618567,1.0725063793380314,0.252574141270836,4.983158852981345,0.26395230847285545,0.32096288866599676
2024-09-17 00:00:00+00:00,3.225433526011569,1.1476869714815918,0.2780454533053214,4.988165680473379,0.28234398782343884,0.3360080240722154
2024-09-18 00:00:00+00:00,3.3526011560693725,1.1994583214801855,0.2959430333124149,5.114701866181164,0.3178589548452553,0.37412236710130276
2024-09-19 00:00:00+00:00,3.589595375722552,1.241746202927572,0.34549968624669036,5.504324078288584,0.3318112633181116,0.41424272818455266
2024-09-20 00:00:00+00:00,3.7630057803468304,1.2505781191642913,0.3979101301394139,5.67546654528904,0.3381532217148644,0.44232698094282763
2024-09-21 00:00:00+00:00,3.8670520231213974,1.2559792386237376,0.42595149101028396,5.802913063268103,0.39523084728564073,0.5035105315947837
2024-09-22 00:00:00+00:00,3.6300578034682163,1.2639644928911387,0.40857774261315405,5.585343650432418,0.3483003551496693,0.4573721163490463
2024-09-23 00:00:00+00:00,3.699421965317928,1.2552244348495765,0.44444929473712746,5.589440145653174,0.37113140537797973,0.4523570712136402
2024-09-24 00:00:00+00:00,3.9653179190751535,1.2885027363417025,0.44785420020189126,5.951297223486582,0.3926940639269396,0.4874623871614836
2024-09-25 00:00:00+00:00,3.8843930635838237,1.2482054718289088,0.40762829782009447,5.735093309057816,0.37620497209538195,0.5295887662988956
2024-09-26 00:00:00+00:00,4.497109826589605,1.320796588571774,0.43661364690475324,6.081474738279483,0.4992389649923885,0.8676028084252747
2024-09-27 00:00:00+00:00,5.184971098265905,1.3423939456192375,0.47081002919269666,6.175238962221221,0.5664637239979693,1.03309929789368
2024-09-28 00:00:00+00:00,5.5780346820809354,1.345184939386054,0.4601969825116612,6.136094674556223,0.6248097412480962,0.9679037111333988
2024-09-29 00:00:00+00:00,5.54335260115608,1.3360457610469285,0.4504024227211938,6.215293582157498,0.576610857432774,0.9408224674022052
2024-09-30 00:00:00+00:00,5.052023121387294,1.2542574315238113,0.41960003273947355,5.943559399180711,0.4485032978183652,0.7612838515546629
2024-10-01 00:00:00+00:00,4.61271676300579,1.1643663546929761,0.335519602761027,5.606736458807475,0.3559107052257726,0.64593781344032
2024-10-02 00:00:00+00:00,4.335260115606945,1.159087712827073,0.2897389026819066,5.380063723258999,0.32673769660070917,0.6328986960882637
2024-10-03 00:00:00+00:00,3.98843930635839,1.1628101059680427,0.28219245355086686,5.226217569412845,0.33307965499746195,0.6128385155466387
2024-10-04 00:00:00+00:00,4.427745664739893,1.2107939075942173,0.3175838266990403,5.51752389622213,0.38508371385083606,0.7442326980942817
2024-10-05 00:00:00+00:00,4.404624277456657,1.2095523978015286,0.3176493056502856,5.492489758761956,0.3876204972095372,0.750250752256769
2024-10-06 00:00:00+00:00,4.913294797687873,1.2367029031818197,0.3313835156740219,5.667273554847529,0.4142567224758993,0.8184553660982934
2024-10-07 00:00:00+00:00,4.664739884393073,1.214916133111783,0.3216598914140705,5.552116522530731,0.3749365804160312,0.7482447342026064
2024-10-08 00:00:00+00:00,4.497109826589606,1.2120439623352928,0.33122527487517894,5.527992717341838,0.35844748858447373,0.7291875626880628
2024-10-09 00:00:00+00:00,4.2658959537572345,1.1570732412449005,0.29235806073172554,5.336822940373244,0.3685946220192782,0.694082246740219
2024-10-10 00:00:00+00:00,4.364161849710992,1.146219732635687,0.3010667612473723,5.323623122439699,0.3432267884322666,0.6810431293881629
2024-10-11 00:00:00+00:00,4.630057803468218,1.2258671965484118,0.3308760538018698,5.621301775147937,0.40410958904109484,0.7703109327983935
2024-10-12 00:00:00+00:00,4.716763005780357,1.2500639981030228,0.3510108313098499,5.661811561219853,0.41298833079654873,0.7893681043129368
2024-10-13 00:00:00+00:00,4.595375722543362,1.2378678644785444,0.3467492428996244,5.721893491124267,0.41171993911719795,0.7693079237713121
2024-10-14 00:00:00+00:00,5.300578034682091,1.3522907760486538,0.4345456033612509,6.1697769685935455,0.47894469812277896,0.876629889669005
2024-10-15 00:00:00+00:00,5.005780346820819,1.3877679775922984,0.4224865631735446,6.0432407828857615,0.48909183155758384,0.8294884653961869
2024-10-16 00:00:00+00:00,5.034682080924864,1.4073508630575904,0.424685564619538,6.019572143832506,0.5943683409436822,0.8625877632898677
2024-10-17 00:00:00+00:00,4.710982658959546,1.4000221456579034,0.4214934657463216,5.847064178425133,0.6438356164383547,0.826479438314943
2024-10-18 00:00:00+00:00,5.06936416184972,1.4362228194982913,0.4417482879982517,6.051433773327273,0.7402333840689992,0.8846539618856548
2024-10-19 00:00:00+00:00,5.06358381502891,1.4342435958282147,0.4449676697678202,6.268092853891679,0.8277524099441895,0.9077231695085235
2024-10-20 00:00:00+00:00,5.1618497109826675,1.4574182079320628,0.49859493083785544,6.617660446062822,0.802384576357178,0.910732196589767
2024-10-21 00:00:00+00:00,4.884393063583824,1.3982159571926571,0.45466946771068995,6.562130177514802,0.8214104515474367,0.8415245737211614
2024-10-22 00:00:00+00:00,4.820809248554921,1.3993616923555119,0.43033858074372944,6.621301775147939,0.7706747843734134,0.8194583751253739
2024-10-23 00:00:00+00:00,4.670520231213881,1.3716849605704042,0.3763293591247625,6.768320436959501,0.7744799594114651,0.7683049147442305
2024-10-24 00:00:00+00:00,4.774566473988446,1.4268920918994965,0.3829918424139884,7.059626763768787,0.7985794013191265,0.8084252758274804
2024-10-25 00:00:00+00:00,4.086705202312146,1.3704317014736844,0.3293318418683304,6.494310423304518,0.6666666666666656,0.657973921765294
2024-10-26 00:00:00+00:00,4.2369942196531865,1.3859888481302773,0.35306796169481114,6.768320436959501,0.7415017757483502,0.7041123370110314
2024-10-27 00:00:00+00:00,4.289017341040471,1.4191154767885386,0.36698769541374276,7.032316795630415,0.8277524099441895,0.7261785356068184
2024-10-28 00:00:00+00:00,4.294797687861279,1.4896358677056862,0.4000600223719726,7.108784706417854,1.0471841704718403,0.8274824473420237
2024-10-29 00:00:00+00:00,4.589595375722552,1.5892500276820734,0.4395329168144464,7.1647701411015134,1.2298325722983243,0.9127382146439296
2024-10-30 00:00:00+00:00,4.578034682080934,1.5753036037963795,0.4505497503614957,6.958579881656816,1.1347031963470307,0.843530591775324
2024-10-31 00:00:00+00:00,4.265895953757234,1.499665856914128,0.3723515128366002,6.667273554847531,1.0471841704718399,0.7923771313941805
2024-11-01 00:00:00+00:00,4.1387283236994294,1.4735279279176647,0.3698142034758385,6.558033682294049,1.0180111618467764,0.7632898696088246
2024-11-02 00:00:00+00:00,4.028901734104053,1.4692768160952654,0.36054893187460535,6.5603095129722435,1.023084728564179,0.7492477432296871
2024-11-03 00:00:00+00:00,3.7341040462427806,1.4476662855857052,0.34049600305568184,6.393718707328183,0.9190766108574309,0.6940822467402188
2024-11-04 00:00:00+00:00,3.566473988439313,1.4143733864734185,0.3078711155976295,6.185707783340928,1.0065956367326216,0.6900702106318939
2024-11-05 00:00:00+00:00,3.9421965317919136,1.4701341592500672,0.32180176247510195,6.585343650432417,1.1562658548959899,0.7923771313941805
2024-11-06 00:00:00+00:00,4.7341040462427815,1.693210005992146,0.48670504460753294,7.501593081474747,1.4949264332825956,0.9147442326980919
2024-11-07 00:00:00+00:00,5.352601156069372,1.7031378118594636,0.5810547567729762,7.941283568502511,1.4530695078640257,0.9237713139418231
2024-11-08 00:00:00+00:00,5.2427745664739955,1.7259207804955863,0.6173191826044224,8.1024123805189,1.5634195839675264,0.9087261785356042
2024-11-09 00:00:00+00:00,5.462427745664748,1.7314073494389004,0.7068125392191604,8.104233045061456,1.7790461694571253,1.0581745235707096
2024-11-10 00:00:00+00:00,6.127167630057813,1.863605533850992,0.7384988950426947,8.568957669549393,2.5248604769152676,1.6158475426278809
2024-11-11 00:00:00+00:00,6.526011560693654,2.160146574347995,0.8420265735410439,9.123805188893954,3.4634703196346983,1.8004012036108294
2024-11-12 00:00:00+00:00,7.190751445086718,2.1345911259998935,0.7718495075437177,8.643149749658633,3.824961948249615,1.6569709127382115
2024-11-13 00:00:00+00:00,11.034682080924874,2.222104570942121,0.7413690557389545,8.806554392353217,4.069761542364276,1.5927783350050122
2024-11-14 00:00:00+00:00,10.9248554913295,2.1094422747791945,0.6692276212042645,8.537551206190267,3.59918822932521,1.3490471414242702
2024-11-15 00:00:00+00:00,12.508670520231236,2.2420573814646554,0.686645022235558,8.945835229858906,3.8401826484018216,1.5646940822467372
2024-11-16 00:00:00+00:00,11.294797687861292,2.2268196022540168,0.7103429460071455,8.821119708693681,3.6207508878741708,1.4694082246740194
2024-11-17 00:00:00+00:00,11.260115606936436,2.1999820556083898,0.6788693967751593,9.812016385980892,3.656265854895987,1.485456369107319
2024-11-18 00:00:00+00:00,10.826589595375745,2.222685627432419,0.7513109431697245,9.921256258534372,3.7120750887874125,1.4954864593781316
2024-11-19 00:00:00+00:00,10.387283236994243,2.290463089917426,0.6981420347584075,9.83113336367775,3.9619482496194776,1.4844533600802383
2024-11-20 00:00:00+00:00,9.861271676300598,2.3602981047660543,0.6764739584754293,9.725989986345025,3.7945205479451998,1.3961885656970892
2024-11-21 00:00:00+00:00,10.971098265895977,2.5047194818058496,0.8333124164461276,10.685025034137475,3.908675799086752,1.4874623871614827
2024-11-22 00:00:00+00:00,10.94219653179193,2.5251789365598136,0.8180721905437456,10.707328174783811,4.240994419076605,1.5526579739217632
2024-11-23 00:00:00+00:00,10.855491329479792,2.480821753444774,0.8537691321310648,10.613563950842073,4.461694571283606,1.6038114343029068
2024-11-24 00:00:00+00:00,10.682080924855516,2.489835249834711,0.8360352495020849,10.514792899408299,4.462962962962956,1.5857572718154445
2024-11-25 00:00:00+00:00,9.971098265895979,2.3118575044407055,0.8633454287507139,9.657715065999101,3.980974124809735,1.4834503510531576
2024-11-26 00:00:00+00:00,9.566473988439332,2.2721416524577256,0.8134722942187518,9.497041420118356,3.908675799086752,1.4413239719157454
2024-11-27 00:00:00+00:00,10.42774566473991,2.416466542788653,0.9958584563337216,10.026854802002743,4.091324200913236,1.5817452357071193
2024-11-28 00:00:00+00:00,10.491329479768812,2.4062446482810262,0.9532480288107357,9.816112881201652,4.095129375951288,1.5556670010030071
2024-11-29 00:00:00+00:00,10.82658959537575,2.4717740772612893,0.9609418055820775,10.081474738279487,4.408422120750881,1.6128385155466378
2024-11-30 00:00:00+00:00,10.682080924855521,2.434838181820126,1.0223283223747002,9.821574874829325,4.350076103500754,1.6820461384152439
2024-12-01 00:00:00+00:00,11.87861271676304,2.4634267308060007,1.02459825935121,9.785616750113803,4.588533739218663,2.0982948846539595
2024-12-02 00:00:00+00:00,10.815028901734138,2.412985900479124,0.9887758164406706,9.278106508875752,4.3868594622019215,2.0010030090270794
2024-12-03 00:00:00+00:00,10.728323699421997,2.415429043638697,0.9739721168799254,9.65589440145654,4.157280568239466,1.869608826479436
2024-12-04 00:00:00+00:00,11.61271676300582,2.515956801013433,1.0981365781791368,9.445152480655446,4.4959411466260715,2.3009027081243705
2024-12-05 00:00:00+00:00,11.27167630057807,2.4554995109797266,1.0676233868987501,9.749658625398277,4.421106037544387,2.059177532597791
2024-12-06 00:00:00+00:00,11.485549132948018,2.5567624899552364,1.1855073254576678,9.795630405097869,4.522577371892434,2.0982948846539595
2024-12-07 00:00:00+00:00,13.404624277456696,2.5577739982205157,1.182920906883472,9.84842967683205,4.75088787417554,2.2086258776328958
2024-12-08 00:00:00+00:00,14.277456647398896,2.6027570988048834,1.1865113360434316,9.796540737369147,4.920852359208517,2.2306920762286833
2024-12-09 00:00:00+00:00,14.335260115606987,2.4656295472921963,1.0266772160532533,8.86845698680019,4.253678335870111,1.733199598796387
2024-12-10 00:00:00+00:00,12.63583815028906,2.4414024823787157,0.9810765830900581,8.729176149294501,3.997463216641293,1.7261785356068184
2024-12-11 00:00:00+00:00,13.526011560693686,2.6032292072032512,1.0925817804818125,9.351388256713706,4.254946727549462,1.891675025075223
2024-12-12 00:00:00+00:00,12.664739884393102,2.561889815026792,1.118598750443344,9.332726445152488,4.152207001522065,1.8224674022066174
2024-12-13 00:00:00+00:00,13.312138728323736,2.6113009790730675,1.132251111778023,9.233955393718714,4.188990360223232,1.8625877632898677
2024-12-14 00:00:00+00:00,12.473988439306392,2.610345725051334,1.1114670013368588,9.007737824305877,4.050735667174018,1.757271815446337
2024-12-15 00:00:00+00:00,12.95953757225437,2.717926269200768,1.1596049436608156,9.206190259444702,4.154743784880765,1.7953861584754245
2024-12-16 00:00:00+00:00,12.583815028901768,2.77719474329017,1.1758109840940683,8.842967683204376,4.09893455098934,1.7271815446339
2024-12-17 00:00:00+00:00,11.976878612716797,2.7790084085852533,1.1245464218481405,9.158397815202557,3.999999999999994,1.639919759277832
2024-12-18 00:00:00+00:00,10.25433526011564,2.5656381990524375,0.977829918424137,8.396904870277657,3.542110603754433,1.411233701103309
2024-12-19 00:00:00+00:00,8.849710982658989,2.4671519722630983,0.8631326221591655,7.815202548930367,2.9827498731608273,1.1624874623871606
2024-12-20 00:00:00+00:00,9.208092485549164,2.480980191029443,0.8938804463481815,7.851160673645889,3.029680365296798,1.252758274824472
2024-12-21 00:00:00+00:00,9.052023121387313,2.4615368730544676,0.8210678525632256,7.251251706873017,3.061390157280563,1.1755265797392167
2024-12-22 00:00:00+00:00,9.294797687861301,2.385888088947217,0.7891577769896025,7.2084660901229025,2.9611872146118676,1.1564694082246731
2024-12-23 00:00:00+00:00,9.664739884393098,2.374244884691263,0.8651897525441272,7.64406008192991,3.1159309994926385,1.255767301905716
2024-12-24 00:00:00+00:00,10.121387283237025,2.5107963642668776,0.904935475950124,7.964952207555765,3.273211567732111,1.3550651955867594
2024-12-25 00:00:00+00:00,9.710982658959571,2.537468352537512,0.9066215589446946,7.981793354574425,3.2376966007102945,1.286860581745235
2024-12-26 00:00:00+00:00,9.046242774566505,2.406592854927783,0.8176083813057566,7.568047337278111,2.9624556062912184,1.1634904714142418
2024-12-27 00:00:00+00:00,9.31791907514454,2.352827327599436,0.8163151720186588,7.3723258989531235,2.949771689497713,1.1725175526579728
2024-12-28 00:00:00+00:00,9.826589595375752,2.387365296899573,0.8540692439909394,7.882567137005012,3.107052257737184,1.2196589769307917
2024-12-29 00:00:00+00:00,9.329479768786156,2.331278391926164,0.8281886885111696,7.630405097860725,2.978944698122776,1.13741223671013
2024-12-30 00:00:00+00:00,9.647398843930667,2.2985711778178843,0.8314735492319836,7.695493855257174,2.9751395230847244,1.1163490471414241
2024-12-31 00:00:00+00:00,10.508670520231245,2.325123536811104,0.8176684036777315,7.596722803823402,3.0005073566717364,1.1193580742226676
2025-01-01 00:00:00+00:00,10.179190751445118,2.3607463585168396,0.8297438136032491,7.823395539371877,3.1146626078132895,1.1705115346038113
2025-01-02 00:00:00+00:00,10.820809248554943,2.4500570909364106,0.8839331023381409,8.470186618115621,3.2947742262810724,1.2948846539618852
2025-01-03 00:00:00+00:00,11.479768786127202,2.4940222745442093,0.9686410389326896,8.917614929449256,3.816083206494161,1.4483450351053153
2025-01-04 00:00:00+00:00,11.213872832369972,2.4967954663352203,0.9951709273456433,8.861174328629957,4.007610350076099,1.4393179538615843
2025-01-05 00:00:00+00:00,10.965317919075172,2.5015407610059848,0.9836248056093597,8.711424670004558,3.8477929984779253,1.3991975927783344
2025-01-06 00:00:00+00:00,11.017341040462455,2.6416504995056416,1.0128393310233776,8.939007737824314,3.9213597158802598,1.4132397191574717
2025-01-07 00:00:00+00:00,9.745664739884415,2.4515350109677994,0.8445584263225347,8.200728265817032,3.414003044140027,1.1845536609829481
2025-01-08 00:00:00+00:00,9.300578034682102,2.3841933408505165,0.8151529206340511,7.987255348202101,3.3404363267376933,1.1354062186559672
2025-01-09 00:00:00+00:00,8.832369942196554,2.2950787862043254,0.756500150055927,7.420118343195272,3.0715372907153693,1.1113340020060174
2025-01-10 00:00:00+00:00,9.190751445086725,2.3720605822599055,0.7823425094808032,7.539827036868463,3.233891425672244,1.161484453360079
2025-01-11 00:00:00+00:00,9.40462427745667,2.367063923690764,0.7908274902463612,7.5580336822940435,3.3252156265854858,1.2266800401203604
2025-01-12 00:00:00+00:00,9.260115606936438,2.3647753016811848,0.7822442910539351,7.576240327719624,3.259259259259256,1.1604814443329978
2025-01-13 00:00:00+00:00,8.739884393063607,2.3652021930610054,0.7114342618612362,7.318161128812022,3.2871638762049695,1.1253761283851542
2025-01-14 00:00:00+00:00,9.09826589595378,2.4367380086781094,0.7593921370692682,7.534365043240788,3.5129375951293724,1.1675025075225665
2025-01-15 00:00:00+00:00,10.023121387283263,2.578583083779305,0.8833492483562022,8.371870732817486,3.887113140537794,1.279839518555666
2025-01-16 00:00:00+00:00,9.479768786127194,2.5596627878535005,0.8047745068616452,8.608101957214389,3.7754946727549425,1.2076228686058164
2025-01-17 00:00:00+00:00,10.739884393063615,2.706767634726246,0.8963086241235336,8.994082840236691,4.2701674277016695,1.4292878635907709
2025-01-18 00:00:00+00:00,9.653179190751473,2.7181747847830167,0.8030829672878042,10.919435593991814,4.022831050228306,1.2818455366098283
2025-01-19 00:00:00+00:00,8.265895953757251,2.6035670887040436,0.7520093853163423,10.478834774692766,3.540842212075084,1.037111334002005
2025-01-20 00:00:00+00:00,8.127167630057828,2.6368987961235866,0.7899762638801706,10.002275830678201,3.4926433282597626,1.037111334002005
2025-01-21 00:00:00+00:00,8.196531791907539,2.7795592017166824,0.8157531443538015,10.395539371870735,3.7184170471841664,1.096288866599798
2025-01-22 00:00:00+00:00,7.751445086705228,2.6910289079164347,0.7687556270973699,10.711879836140193,3.597919837645861,1.0220661985957862
2025-01-23 00:00:00+00:00,7.861271676300605,2.7004568343031283,0.8217881210269249,10.521620391442877,3.4672754946727515,1.0200601805416238
2025-01-24 00:00:00+00:00,7.635838150289043,2.733244513342049,0.8059858674596863,10.532544378698223,3.449518011161844,1.0020060180541615
2025-01-25 00:00:00+00:00,7.687861271676326,2.7289140047075566,0.8107385480042528,10.667273554847517,3.4837645865043108,0.9989969909729179
2025-01-26 00:00:00+00:00,7.09826589595378,2.652144052164064,0.7634518320464869,9.94446973145198,3.2605276509386085,0.9147442326980932
2025-01-27 00:00:00+00:00,6.578034682080946,2.6339429560608103,0.7360925435844239,9.691852526172056,3.2351598173515974,0.9027081243731183
2025-01-28 00:00:00+00:00,5.6127167630058,2.606127368864418,0.6783510217444653,9.329540282203007,3.039827498731608,0.8004012036108317
2025-01-29 00:00:00+00:00,6.167630057803488,2.693659683901,0.6992333506124979,9.383705052344109,3.109589041095891,0.8355065195586753
2025-01-30 00:00:00+00:00,6.479768786127188,2.7291429381164187,0.7719695522876677,9.849340009103324,3.204718417047184,0.8736208625877624
2025-01-31 00:00:00+00:00,7.017341040462451,2.646286490044961,0.8006929855673446,9.54665452890305,3.171740233384069,0.8956870611835495
2025-02-01 00:00:00+00:00,6.08092485549135,2.582464982623495,0.7006029520093824,8.692762858443333,2.904109589041096,0.7652958876629883
2025-02-02 00:00:00+00:00,5.225433526011578,2.477262070362669,0.5655798979619648,8.25944469731452,2.3992897006595637,0.555667001003008
2025-02-03 00:00:00+00:00,5.364161849711,2.612066464032714,0.5731754563064386,8.853436504324074,2.6174530695078637,0.687061183550651
2025-02-04 00:00:00+00:00,4.872832369942213,2.481884175360859,0.49078656590183356,8.408284023668637,2.3434804667681375,0.5797392176529579
2025-02-05 00:00:00+00:00,4.786127167630074,2.4405419348682713,0.521578042725013,7.926263086026401,2.2483510908168434,0.5817452357071204
2025-02-06 00:00:00+00:00,4.3294797687861415,2.4380695964683765,0.4661610236542686,7.628584433318162,2.1443429731100956,0.49047141424272733
2025-02-07 00:00:00+00:00,4.156069364161863,2.436946647834553,0.4310806755245111,7.743286299499321,2.1278538812785377,0.5145436308926772
2025-02-08 00:00:00+00:00,4.526011560693656,2.434912238039478,0.4365863640084009,8.08010923987256,2.2090309487569755,0.6008024072216642
2025-02-09 00:00:00+00:00,4.514450867052038,2.435268633595108,0.43390172700733665,8.126991351843428,2.158295281582952,0.5717151454363083
2025-02-10 00:00:00+00:00,4.554913294797703,2.4699109224734657,0.4525086623195893,8.127446517979067,2.2394723490613893,0.5857572718154453
2025-02-11 00:00:00+00:00,4.543352601156084,2.4101838694873092,0.4199219709164299,8.010013654984073,2.2102993404363254,0.5737211634904706
2025-02-12 00:00:00+00:00,4.8323699421965465,2.484722878422833,0.49432242926908865,7.957214383249893,2.3510908168442404,0.7051153460381132
2025-02-13 00:00:00+00:00,4.601156069364176,2.4405088231932703,0.46031702725561097,7.843878015475656,2.3295281582952807,0.6339017051153453
2025-02-14 00:00:00+00:00,4.953757225433541,2.471695392528228,0.4874744222846672,8.078743741465644,2.447488584474885,0.6760280842527575
2025-02-15 00:00:00+00:00,4.745664739884407,2.4748107382942246,0.4697623659727692,7.853891670459728,2.446220192795534,0.6379137412236704
2025-02-16 00:00:00+00:00,4.606936416184985,2.422703643031935,0.45231768204512357,7.571688666363231,2.3688483003551486,0.6018054162487454
2025-02-17 00:00:00+00:00,4.849710982658974,2.41051356207923,0.4973562873434618,7.080109239872561,2.2749873160832053,0.5787362086258767
2025-02-18 00:00:00+00:00,4.352601156069377,2.4048297472439892,0.4571412981202059,6.702776513427409,2.186199898528664,0.5265797392176521
2025-02-19 00:00:00+00:00,4.40462427745666,2.4408011316360003,0.4817177311543366,6.687756030951307,2.231861998985286,0.5456369107321957
2025-02-20 00:00:00+00:00,4.566473988439319,2.5014941198293736,0.49454614901917715,7.014110150204832,2.231861998985286,0.558676028084252
2025-02-21 00:00:00+00:00,4.277456647398857,2.4233295605012626,0.45232313862439355,6.684569868001827,2.0377980720446467,0.5115346038114335
2025-02-22 00:00:00+00:00,4.566473988439321,2.4386460244449633,0.5079475077074154,6.832954028220308,2.1278538812785386,0.5646940822467392
2025-02-23 00:00:00+00:00,4.398843930635852,2.427739109908332,0.5387117016342426,6.6449704142011905,2.080923389142567,0.550651955867602
2025-02-24 00:00:00+00:00,3.560693641618509,2.259077850532477,0.371593048318007,5.455621301775154,1.6686960933536272,0.3681043129388155
2025-02-25 00:00:00+00:00,3.757225433526025,2.154839805360319,0.360041470002453,5.562130177514796,1.680111618467783,0.4122367101303901
2025-02-26 00:00:00+00:00,3.8092485549133075,1.9953027706639124,0.27308542274847647,5.149749658625403,1.5773718924403854,0.44533600802407114
2025-02-27 00:00:00+00:00,3.739884393063596,2.0141358369082685,0.25801980738274954,5.261265361857083,1.621765601217656,0.44533600802407114
2025-02-28 00:00:00+00:00,3.5780346820809372,2.002216702027327,0.22038032357514847,5.741465634956765,1.558346017250127,0.39719157472417166
2025-03-01 00:00:00+00:00,3.3872832369942305,2.06374068645131,0.20957084004037618,5.536640873918985,1.621765601217656,0.36810431293881574
2025-03-02 00:00:00+00:00,4.1098265895953885,2.3565895971662125,0.37424494584344825,7.136094674556221,2.036529680365297,0.5195586760280835
2025-03-03 00:00:00+00:00,3.1676300578034793,2.067599086687435,0.1718003983302845,5.4651797906235835,1.5240994419076608,0.29388164493480384
2025-03-04 00:00:00+00:00,3.034682080924865,2.106637751510767,0.1846942951463706,5.590350477924448,1.5253678335870111,0.31093279839518484
2025-03-05 00:00:00+00:00,3.0867052023121486,2.2261025386685644,0.22320137505797377,5.659990896677294,1.5976661593099948,0.3410230692076224
2025-03-06 00:00:00+00:00,2.9479768786127263,2.201931371959114,0.20186615011049347,5.522530723714162,1.5558092338914253,0.3430290872617847
2025-03-07 00:00:00+00:00,3.040462427745674,2.089234183923608,0.16821542574959514,5.342284934000916,1.5152207001522067,0.31795386158475347
2025-03-08 00:00:00+00:00,2.855491329479778,2.0699507276913676,0.2022153711838024,5.2335002275830735,1.4378488077118212,0.269809428284854
2025-03-09 00:00:00+00:00,2.3872832369942274,1.8739171503166823,0.10223446921124935,4.7564861174328685,1.13089802130898,0.1685055165496483
2025-03-10 00:00:00+00:00,2.28901734104047,1.7971041169917386,0.01731372602515302,4.381884387801552,0.9520547945205478,0.15245737211634847
2025-03-11 00:00:00+00:00,2.653179190751453,1.9522607975213977,0.04928928055002113,4.705052344105604,1.086504312531709,0.2076228686058168
2025-03-12 00:00:00+00:00,3.017341040462436,1.9788095961194565,0.041060759010174586,4.7633136094674615,1.1867072552004054,0.23570712136409178
2025-03-13 00:00:00+00:00,2.872832369942205,1.8868193103016138,0.017035440482359387,4.613108784706423,1.0941146626078129,0.20561685055165446
2025-03-14 00:00:00+00:00,3.0809248554913387,1.9905706494552446,0.04304149728534967,5.079198907601281,1.1803652968036524,0.2808425275827475
2025-03-15 00:00:00+00:00,3.127167630057812,2.003404093813567,0.05719040733364045,5.185707783340925,1.2323693556570263,0.2878635907723164
2025-03-16 00:00:00+00:00,2.803468208092493,1.9399026659170873,0.02962376885929996,4.739644970414206,1.1334348046676808,0.31494483450350974
2025-03-17 00:00:00+00:00,3.2716763005780436,1.991626306620522,0.05116088723978729,4.82794720072827,1.1993911719939114,0.2988966900702099
2025-03-18 00:00:00+00:00,3.21387283236995,1.9450428084112228,0.05395465582626047,4.704142011834325,1.13089802130898,0.25777331995987907
2025-03-19 00:00:00+00:00,3.312138728323708,2.0932179100694057,0.12237470329849987,5.16249431042331,1.259005580923389,0.29789368104312874
2025-03-20 00:00:00+00:00,3.410404624277464,1.9970804759678695,0.08185414563609861,4.803368229403738,1.1473871131405375,0.2968906720160476
2025-03-21 00:00:00+00:00,3.167630057803475,1.9928852623495001,0.07226147927863802,4.846609012289489,1.1207508878741752,0.25376128385155416
2025-03-22 00:00:00+00:00,3.086705202312146,1.9849423767845171,0.08062095872097563,4.848429676832049,1.1232876712328763,0.28385155466399126
2025-03-23 00:00:00+00:00,3.2427745664739964,2.065203652823022,0.09461708454969342,5.046426945835235,1.189244038559107,0.2998996990972911
2025-03-24 00:00:00+00:00,3.6242774566474063,2.11607493492488,0.13580334488309065,5.4187528447883535,1.3211567732115679,0.35707121364092176
2025-03-25 00:00:00+00:00,3.6358381502890254,2.113198847713713,0.12766758519084154,5.54073736913974,1.418822932521563,0.38916750250752163
2025-03-26 00:00:00+00:00,3.9306358381502973,2.0948361096701427,0.09657599650778703,5.2526172052799325,1.4720953830542873,0.4262788365095276
2025-03-27 00:00:00+00:00,3.8843930635838237,2.1053371391584035,0.09311652525031833,5.299954483386441,1.4150177574835112,0.407221664994984
2025-03-28 00:00:00+00:00,3.497109826589603,2.0045110206691645,0.03464927836738929,4.891215293582162,1.284373414510401,0.32698094282848467
2025-03-29 00:00:00+00:00,3.167630057803475,1.9417996444589418,-0.002711919897418369,4.6681838871188015,1.1499238964992395,0.2718154463390161
2025-03-30 00:00:00+00:00,3.0115606936416253,1.9330360878093167,-0.013734210023738203,4.680473372781068,1.111872146118722,0.24874623871614743
2025-03-31 00:00:00+00:00,3.1618497109826658,1.938733076106654,-0.005734864813250584,4.669094219390081,1.1131405377980723,0.2417251755265788
2025-04-01 00:00:00+00:00,3.4624277456647485,2.032565154341353,0.03960385234496289,4.766499772416935,1.2070015220700152,0.27181544633901633
2025-04-02 00:00:00+00:00,3.080924855491337,1.9369906187147925,-0.020745914386273157,4.3431952662721915,1.0776255707762559,0.20862587763289797
2025-04-03 00:00:00+00:00,2.8728323699422034,1.9607818912605501,-0.00891605052792599,4.330450614474286,1.0573313039066465,0.22668004012036014
2025-04-04 00:00:00+00:00,3.184971098265903,1.9857548589602891,-0.008948790003548646,4.587164314974968,1.1714865550481992,0.23470411233701016
2025-04-05 00:00:00+00:00,3.080924855491337,1.9730499448672836,-0.014983766676672339,4.473827947200731,1.1423135464231358,0.23570712136409155
2025-04-06 00:00:00+00:00,2.6589595375722603,1.790123962278328,-0.13805145554252207,3.81702321347292,0.8924403855910708,0.13440320962888586
2025-04-07 00:00:00+00:00,2.7225433526011615,1.817805678616661,-0.152909720895972,3.8675466545289057,0.8962455606291226,0.1454363089267796
2025-04-08 00:00:00+00:00,2.4913294797687917,1.714982890521056,-0.19670968269991695,3.795630405097863,0.8023845763571795,0.06820461384152376
2025-04-09 00:00:00+00:00,3.0289017341040525,1.9404246198477102,-0.08929691976100362,4.418297678652711,1.0332318619989853,0.19558676028084165
2025-04-10 00:00:00+00:00,2.878612716763012,1.8324709462853894,-0.16977600742094956,4.1324533454711,0.9469812278031455,0.16449348044132317
2025-04-11 00:00:00+00:00,3.0115606936416253,1.9688711090666562,-0.1454887730881529,4.523896222121077,1.0294266869609334,0.2236710130391164
2025-04-12 00:00:00+00:00,3.306358381502897,2.036024434279915,-0.1030256732054694,5.0186618115612225,1.1258244545915774,0.25677031093279745
2025-04-13 00:00:00+00:00,3.20809248554914,1.9811516240564542,-0.12848607208141394,4.8402366863905355,1.0611364789446975,0.20862587763289775
2025-04-14 00:00:00+00:00,3.2427745664739955,2.0112309104962978,-0.11396611464273232,4.888939462903963,1.0104008117706744,0.20361083249749168
2025-04-15 00:00:00+00:00,3.0462427745664806,1.9778493575444984,-0.13311325130275997,4.739189804278564,0.9482496194824956,0.1715145436308918
2025-04-16 00:00:00+00:00,3.1271676300578104,1.9917786915334195,-0.13936649114670185,4.977241693218026,0.9622019279553524,0.18756268806419163
2025-04-17 00:00:00+00:00,3.184971098265902,2.0243214153852542,-0.13585245409652846,5.1374601729631335,0.9774226281075593,0.18254764292878556
2025-04-18 00:00:00+00:00,3.2369942196531856,2.007108328939216,-0.13318964341254624,5.101502048247613,0.998985286656519,0.2326980942828476
2025-04-19 00:00:00+00:00,3.3352601156069426,2.0285269541495907,-0.11999563473658537,5.365953573054167,0.9951801116184675,0.23871614844533529
2025-04-20 00:00:00+00:00,3.358381502890179,2.032286731439753,-0.13387171582135327,5.274920345926266,0.9698122780314558,0.23871614844533529
2025-04-21 00:00:00+00:00,3.473988439306364,2.1159001195224696,-0.13802417264616984,5.216203914428768,1.0218163368848296,0.23971915747241646
2025-04-22 00:00:00+00:00,4.098265895953764,2.3283748896722587,-0.04125719586391485,5.774692762858446,1.2666159309994924,0.3620862587763283
2025-04-23 00:00:00+00:00,4.109826589595382,2.3371309694920455,-0.02006929855673678,5.880746472462451,1.2666159309994924,0.3610832497492471
2025-04-24 00:00:00+00:00,4.063583815028908,2.3475718283020837,-0.03394537964150457,5.945380063723261,1.3160832064941657,0.38314944834503417
2025-04-25 00:00:00+00:00,4.236994219653185,2.37209440601394,-0.025487681772298765,5.869367319071463,1.3059360730593603,0.42026078234704034
2025-04-26 00:00:00+00:00,4.300578034682087,2.37040036999627,-0.006111368782911852,5.794720072826585,1.3084728564180614,0.41925777331995895
2025-04-27 00:00:00+00:00,4.069364161849717,2.3388474359992317,-0.022262843423459744,5.738279472007285,1.2754946727549465,0.3480441323971908
2025-04-28 00:00:00+00:00,4.184971098265901,2.383623677624737,-0.01771205631189987,5.730996813837053,1.2716894977168947,0.37713139418254693
2025-04-29 00:00:00+00:00,4.1213872832369995,2.356532630843637,-0.018650587946418162,5.6613563950842085,1.2158802638254689,0.34503510531594705
2025-04-30 00:00:00+00:00,4.144508670520237,2.3533987710228033,-0.021182440727909535,5.71688666363223,1.185438863521055,0.32698094282848467
2025-05-01 00:00:00+00:00,4.052023121387289,2.4364688428039294,0.003372165989139475,5.868456986800186,1.291983764586504,0.3530591775325971
2025-05-02 00:00:00+00:00,4.0289017341040525,2.4509155022097637,0.005560254276592014,5.740555302685483,1.3033992897006597,0.3520561685055159
2025-05-03 00:00:00+00:00,3.7225433526011615,2.4145307559395444,0.0007093553051573664,5.680018206645429,1.2298325722983257,0.3009027081243725
2025-05-04 00:00:00+00:00,3.676300578034688,2.3608026127603896,-0.012904809974628728,5.553937187073286,1.1626078132927447,0.27081243731193516
2025-05-05 00:00:00+00:00,3.589595375722549,2.3741135061098206,-0.006875289880775792,5.675921711424674,1.163876204972095,0.27181544633901633
2025-05-06 00:00:00+00:00,3.6184971098265946,2.4477396297260285,-0.008550459716805459,5.685480200273103,1.1841704718417043,0.27883650952858496
2025-05-07 00:00:00+00:00,3.774566473988445,2.4554443248547324,-0.01162797042534236,5.707328174783801,1.1816336884830032,0.2858575727181536
2025-05-08 00:00:00+00:00,5.421965317919084,2.6764284394396425,0.2043707199956324,6.484751934456083,1.5139523084728554,0.4433299899699086
2025-05-09 00:00:00+00:00,6.150289017341049,2.666576826028773,0.27974244945843196,6.865270823850712,1.6040081177067473,0.5075225677031083
2025-05-10 00:00:00+00:00,6.913294797687871,2.7317954325114697,0.40985458216243953,7.098771051433781,2.1798579401319125,0.7121364092276818
2025-05-11 00:00:00+00:00,6.867052023121397,2.7072265696625197,0.37219327203775676,6.88484296768321,1.9401319127346524,0.5957873620862575
2025-05-12 00:00:00+00:00,6.872832369942206,2.6601730992919506,0.361722096417753,6.929904415111521,1.9299847792998475,0.5827482447342014
2025-05-13 00:00:00+00:00,7.346820809248564,2.7076741113342746,0.46238507079911306,7.364588074647253,2.054287163876204,0.6409227683049132
2025-05-14 00:00:00+00:00,7.034682080924867,2.6865670207004992,0.4242053856437371,7.0418752844788415,1.952815829528158,0.5777331995987951
2025-05-15 00:00:00+00:00,6.531791907514462,2.695250112419483,0.39088205603906623,6.70004551661357,1.7828513444951795,0.48645937813440177
2025-05-16 00:00:00+00:00,6.2832369942196635,2.6849947501973412,0.3847597740976154,6.623122439690492,1.8056823947234903,0.4613841524573705
2025-05-17 00:00:00+00:00,6.034682080924866,2.6728794375430205,0.3511363326330694,6.556668183887127,1.7219685438863515,0.4232698094282834
2025-05-18 00:00:00+00:00,7.011560693641631,2.791415673642793,0.3634463754672166,6.891670459717803,1.9578893962455597,0.5045135406218642
2025-05-19 00:00:00+00:00,6.676300578034695,2.760424926041698,0.3797833738029601,6.5958124715521205,1.847539320142059,0.4643931795386145
2025-05-20 00:00:00+00:00,6.6069364161849835,2.805203659943817,0.377840831582678,6.6759217114246745,1.8716387620497197,0.46639919759277704
2025-05-21 00:00:00+00:00,6.890173410404636,2.9057485072153257,0.3926336179848826,6.902139280837511,1.9693049213597154,0.48746238716148294
2025-05-22 00:00:00+00:00,7.971098265895966,2.9777485983614413,0.4542329413690529,7.180245789713251,2.1151699644850326,0.5576730190571697
2025-05-23 00:00:00+00:00,6.9826589595375825,2.8214757339487657,0.37882301585136013,6.921256258534369,1.8564180618975135,0.4353059177532581
2025-05-24 00:00:00+00:00,6.965317919075154,2.837374678540828,0.3810165607180831,7.009103322712795,1.8564180618975135,0.44332998996990813
2025-05-25 00:00:00+00:00,6.867052023121397,2.882306153395359,0.39264453114342346,7.0022758306782045,1.8538812785388128,0.4533600802407207
2025-05-26 00:00:00+00:00,7.011560693641627,2.8972526922818176,0.39932338417046087,6.964497041420127,1.8678335870116691,0.4453360080240707
2025-05-27 00:00:00+00:00,7.034682080924863,2.87997445060433,0.45254140179521185,7.047337278106516,1.8678335870116691,0.45135406218655816
2025-05-28 00:00:00+00:00,7.086705202312146,2.838857583125442,0.4635091261288271,6.84160218479746,1.801877219685439,0.43731193580742067
2025-05-29 00:00:00+00:00,6.768786127167639,2.7593066059215836,0.4360734455569779,6.588074647246252,1.7257737189244038,0.3941825476429275
2025-05-30 00:00:00+00:00,5.716763005780354,2.704209134763455,0.3814912831146129,6.112426035502963,1.4556062912227294,0.2798395185556657
2025-05-31 00:00:00+00:00,5.734104046242781,2.7261190945060667,0.38014350803481056,6.12471552116523,1.4429223744292234,0.28585757271815293
2025-06-01 00:00:00+00:00,5.82658959537573,2.7634156579770535,0.38621668076282734,6.181156121984528,1.4581430745814306,0.298896690070209
2025-06-02 00:00:00+00:00,6.13872832369943,2.770771434379965,0.4236597277166918,6.142011834319531,1.4759005580923388,0.32397191574724027
2025-06-03 00:00:00+00:00,6.092485549132955,2.754353384173409,0.4159168417319157,6.068730086481571,1.4505327245053272,0.3089267803410216
2025-06-04 00:00:00+00:00,5.8381502890173484,2.7293715154857674,0.42322865795432585,5.978152025489309,1.3871131405377977,0.28485456369107176
2025-06-05 00:00:00+00:00,5.156069364161856,2.616671123094617,0.31822770305295345,5.571688666363226,1.1714865550481983,0.20561685055165357
2025-06-06 00:00:00+00:00,5.398843930635846,2.716786942749209,0.3523094971762175,5.7341829767865296,1.269152714358194,0.24674022066198442
2025-06-07 00:00:00+00:00,5.653179190751452,2.7606755778610426,0.37842468556461695,5.834774692762862,1.3490613901572805,0.27783350050150313
2025-06-08 00:00:00+00:00,5.745664739884399,2.766160366606776,0.37002701006738614,5.942649066909425,1.336377473363775,0.2537612838515533
2025-06-09 00:00:00+00:00,6.317919075144515,2.927191343112797,0.46305623004937946,6.338643604915796,1.4720953830542873,0.3149448345035091
2025-06-10 00:00:00+00:00,6.589595375722549,2.9269805677192573,0.536654571249281,6.516613563950844,1.5177574835109082,0.3410230692076217
2025-06-11 00:00:00+00:00,6.208092485549139,2.869322816400754,0.5128747987886366,6.329085116067367,1.4479959411466266,0.29889669007020947
2025-06-12 00:00:00+00:00,5.653179190751452,2.764264812222987,0.4429978446511855,5.93718707328175,1.2983257229832574,0.22668004012035992
2025-06-13 00:00:00+00:00,5.491329479768792,2.778329797267547,0.40793386625923955,5.7664997724169345,1.2894469812278033,0.214643931795385
2025-06-14 00:00:00+00:00,5.3294797687861335,2.7555450484338437,0.3820151147245765,5.587164314974968,1.262810755961441,0.20762286860581636
2025-06-15 00:00:00+00:00,5.4277456647398905,2.7606755778610443,0.39056011786210965,5.963131543013202,1.227295788939625,0.20762286860581636
2025-06-16 00:00:00+00:00,5.1213872832369995,2.8044741349753015,0.38882492565410476,5.861174328629953,1.1917808219178085,0.19057171514543536
2025-06-17 00:00:00+00:00,4.855491329479774,2.7241263413343804,0.37012522849425444,5.718707328174787,1.1486555048198888,0.16349047141424178
2025-06-18 00:00:00+00:00,4.976878612716769,2.735846806165331,0.37825007502796226,5.664087391898046,1.1651445966514462,0.1715145436308918
2025-06-19 00:00:00+00:00,4.953757225433533,2.7277237646051944,0.37606198674050995,5.693673190714615,1.168949771689498,0.16248746238716083
2025-06-20 00:00:00+00:00,4.687861271676308,2.678362090051659,0.3135186751425507,5.379153390987716,1.0598680872653476,0.13440320962888586
2025-06-21 00:00:00+00:00,4.358381502890179,2.6375019270638886,0.25334351894796936,5.166135639508425,0.9609335362760021,0.09327983951855501
2025-06-22 00:00:00+00:00,4.132947976878618,2.5965481256833813,0.21603688647586616,4.998179335457446,0.9190766108574329,0.06419257773319886
2025-06-23 00:00:00+00:00,4.7283236994219715,2.753501381611351,0.31676533980847177,5.581702321347295,1.0788939624556066,0.16148445336007944
2025-06-24 00:00:00+00:00,4.81502890173411,2.7787630973586586,0.33669276730417463,5.644515248065547,1.1029934043632674,0.17452357071213553
2025-06-25 00:00:00+00:00,4.473988439306365,2.8238601305881823,0.32061768477341324,5.538461538461543,1.089041095890411,0.16549648946840434
2025-06-26 00:00:00+00:00,4.300578034682086,2.810056122508934,0.319128038632579,5.333636777423763,1.0306950786402842,0.12437311935807327
2025-06-27 00:00:00+00:00,4.300578034682086,2.813366933969276,0.3229039914877343,5.471096950386894,1.0433789954337902,0.1364092276830482
2025-06-28 00:00:00+00:00,4.526011560693647,2.8219574554140707,0.33006848006984213,5.864360491579431,1.0763571790969055,0.15947843530591665
2025-06-29 00:00:00+00:00,5.0057803468208135,2.859178894547157,0.364832346601913,5.9804278561675055,1.149923896499239,0.18956870611835397
2025-06-30 00:00:00+00:00,4.635838150289021,2.8156690854804682,0.35670750006820473,6.049613108784709,1.095383054287164,0.1454363089267794
2025-07-01 00:00:00+00:00,4.346820809248559,2.76419858887299,0.3126892750934416,5.6877560309513004,1.0015220700152208,0.1233701103309921
2025-07-02 00:00:00+00:00,4.815028901734108,2.8767939496068875,0.4030665975499932,5.934456076467913,1.1410451547437845,0.1835506519558665
2025-07-03 00:00:00+00:00,4.849710982658963,2.9035805826017107,0.4143671732191061,5.936731907146109,1.182902080162354,0.1925777331995977
2025-07-04 00:00:00+00:00,4.578034682080929,2.8462133595283565,0.36888658499986104,5.725079654073737,1.0662100456621002,0.14744232698094195
2025-07-05 00:00:00+00:00,4.601156069364166,2.853932296237704,0.3734701115870436,5.7191624943104244,1.082699137493658,0.15045135406218546
2025-07-06 00:00:00+00:00,4.797687861271681,2.8891595580410367,0.40296292254385446,5.914428766499774,1.1816336884830032,0.18555667001002907
2025-07-07 00:00:00+00:00,4.722543352601161,2.855094765257816,0.3873352795132705,5.777878925807922,1.13089802130898,0.16549648946840412
2025-07-08 00:00:00+00:00,4.895953757225438,2.8792303280156557,0.4275993779499605,5.9062357760582636,1.1689497716894977,0.18856569709127258
2025-07-09 00:00:00+00:00,5.387283236994224,2.9624243015483898,0.511467001336859,6.1511151570323195,1.2907153729071537,0.24272818455365974
2025-07-10 00:00:00+00:00,6.173410404624282,3.1308893831508673,0.6104056966687554,6.480200273099683,1.474632166412988,0.3390170511534589
2025-07-11 00:00:00+00:00,6.144508670520236,3.186096158440443,0.6146181758655471,6.41829767865271,1.552004058853374,0.33400200601805263
2025-07-12 00:00:00+00:00,6.075144508670524,3.182330684518024,0.606564264862355,6.317250796540739,1.5038051750380519,0.3239719157472405
2025-07-13 00:00:00+00:00,6.11560693641619,3.241415442217111,0.6222464736856437,6.338188438780155,1.5190258751902586,0.33400200601805285
2025-07-14 00:00:00+00:00,6.063583815028907,3.2678104317442083,0.6449731263470899,6.385525716886665,1.5050735667174027,0.3289869608826468
2025-07-15 00:00:00+00:00,6.427745664739891,3.193358652490133,0.7130003001118568,6.466090122894857,1.5266362252663623,0.3771313941825465
2025-07-16 00:00:00+00:00,6.8323699421965385,3.226202229733084,0.8405587537172914,6.907601274465181,1.6978691019786911,0.4413239719157458
2025-07-17 00:00:00+00:00,6.728323699421971,3.2469369030330046,0.8986058439963953,7.010923987255348,1.7701674277016743,0.45135406218655816
2025-07-18 00:00:00+00:00,6.508670520231219,3.202189144568788,0.9368455515237462,7.072826581702323,1.9934043632673766,0.47342026078234545
2025-07-19 00:00:00+00:00,6.768786127167635,3.1981783594197655,0.9612801134968454,7.0587164314974995,2.063165905631659,0.49448345035105157
2025-07-20 00:00:00+00:00,7.1098265895953805,3.1773621530706553,1.0509317109104268,7.263086026399639,2.4741248097412485,0.5566700100300888
2025-07-21 00:00:00+00:00,7.156069364161853,3.181390384155967,1.0539983084604225,7.913063268092859,2.4449518011161855,0.5536609829488448
2025-07-22 00:00:00+00:00,7.190751445086708,3.273310886228651,1.045475131639971,8.36731907146109,2.4360730593607314,0.5506519558676013
2025-07-23 00:00:00+00:00,6.358381502890175,3.2300620541272735,0.9808528633399685,7.6253982703686916,2.054287163876206,0.39117352056168353
2025-07-24 00:00:00+00:00,6.16184971098266,3.2154128082367706,1.0237142935093955,7.3281747837960935,1.9452054794520555,0.3660982948846525
2025-07-25 00:00:00+00:00,6.2543352601156075,3.1885951998040465,1.0331268927509307,7.502503413746027,2.003551496702183,0.41223671013038987
2025-07-26 00:00:00+00:00,6.173410404624278,3.2002433886132264,1.042283032766755,7.416932180245798,1.987062404870625,0.4012036108324961
2025-07-27 00:00:00+00:00,6.393063583815028,3.2535581699141733,1.1139442883256447,7.589440145653173,2.054287163876206,0.4202607823470397
2025-07-28 00:00:00+00:00,5.884393063583814,3.2033996789235752,1.0729271819496322,7.3354574419663265,1.8678335870116705,0.3390170511534589
2025-07-29 00:00:00+00:00,5.658959537572253,3.199205177384238,1.0699315199301522,7.259899863450167,1.839928970065957,0.31594784353059047
2025-07-30 00:00:00+00:00,5.554913294797687,3.1960431904416318,1.0791149428423283,7.0914883932635515,1.7891933028919338,0.29087261785355945
2025-07-31 00:00:00+00:00,5.2312138728323685,3.121704275714163,1.017946689220524,6.8388711879836235,1.6610857432775243,0.24874623871614698
2025-08-01 00:00:00+00:00,4.99421965317919,3.0326274612566797,0.9027201047663189,6.404187528447893,1.5494672754946732,0.2096288866599787
2025-08-02 00:00:00+00:00,4.855491329479768,3.0070937313190624,0.851635609636316,6.213472917614938,1.422628107559615,0.18655967903711002
2025-08-03 00:00:00+00:00,5.040462427745663,3.067353775460842,0.9084931656344606,6.3741465634956835,1.5215626585489606,0.22367101303911596
2025-08-04 00:00:00+00:00,5.21965317919075,3.096800735720068,1.0303549504815397,6.718252162039154,1.6686960933536281,0.25576730190571584
2025-08-05 00:00:00+00:00,4.895953757225433,3.0633946160416574,0.9708127574823313,6.467910787437425,1.5342465753424661,0.21163490471414104
2025-08-06 00:00:00+00:00,5.104046242774567,3.0958234072483357,1.0102638256077237,6.654073736913985,1.6040081177067482,0.23671013039117228
2025-08-07 00:00:00+00:00,5.421965317919075,3.1842575703792333,1.134433743486205,6.985434683659547,1.820903094875698,0.2918756268806406
2025-08-08 00:00:00+00:00,5.832369942196532,3.1547269408337213,1.1883829427331971,7.048702776513441,1.9223744292237441,0.32898696088264656
2025-08-09 00:00:00+00:00,6.167630057803469,3.147905935784012,1.326096090360949,7.1925352753755245,2.0441400304414006,0.37713139418254626
2025-08-10 00:00:00+00:00,5.976878612716763,3.247967993471671,1.320263007120832,7.317250796540751,1.9667681380010147,0.3620862587763276
2025-08-11 00:00:00+00:00,5.491329479768787,3.226708161885483,1.30537745887103,6.959945380063735,1.8170979198376456,0.2968906720160467
2025-08-12 00:00:00+00:00,6.01734104046243,3.2770400441204295,1.5044607535535937,7.72644515248067,1.990867579908676,0.3570712136409213
2025-08-13 00:00:00+00:00,6.08670520231214,3.3926218643154895,1.592884620631323,8.177059626763786,2.1062912227295794,0.39618856569709004
2025-08-14 00:00:00+00:00,5.38728323699422,3.215208441554524,1.4830545930755976,7.766954938552585,1.8411973617453072,0.2938816449348034
2025-08-15 00:00:00+00:00,5.260115606936417,3.181331281596295,1.424423648814555,7.461083295402833,1.9033485540334856,0.2898696088264785
2025-08-16 00:00:00+00:00,5.416184971098268,3.1823791058922177,1.4146563719204401,7.636322257624046,1.9337899543378994,0.3029087261785346
2025-08-17 00:00:00+00:00,5.433526011560695,3.183037066917996,1.4420702261752076,7.700500682749219,1.9769152714358191,0.3069207622868595
2025-08-18 00:00:00+00:00,5.173410404624279,3.140460081383525,1.3546721960003243,7.329540282203018,1.824708269913749,0.2748244734202596
2025-08-19 00:00:00+00:00,4.895953757225436,3.0186418730242153,1.2239380132594846,7.020482476103794,1.6560121765601217,0.21364092276830382
2025-08-20 00:00:00+00:00,5.1618497109826595,3.0692244070785044,1.3661528387853625,7.5557578516158586,1.8120243531202433,0.2617853560682035
2025-08-21 00:00:00+00:00,5.011560693641619,3.0051540280352755,1.3053829154503012,7.205735093309077,1.7232369355657027,0.24072216649949763
2025-08-22 00:00:00+00:00,5.6878612716763,3.1624505060567776,1.635855182386159,8.13245334547112,2.050481988838153,0.3420260782347031
2025-08-23 00:00:00+00:00,5.502890173410405,3.1084026393921524,1.6067061359233863,8.288575329995469,1.9959411466260781,0.3299899699097282
2025-08-24 00:00:00+00:00,5.265895953757226,3.0405739072168254,1.6082448912776548,8.374601729631337,1.9401319127346524,0.29989969909729086
2025-08-25 00:00:00+00:00,4.635838150289017,2.9217806105864192,1.388710337489425,7.521620391442896,1.6598173515981736,0.2066198595787354
2025-08-26 00:00:00+00:00,4.832369942196532,2.9807329215855116,1.511090497367197,7.91579426490671,1.7701674277016743,0.2577733199598786
2025-08-27 00:00:00+00:00,4.791907514450868,2.9619002113806716,1.4595149101028535,8.237141556668206,1.776509386098427,0.25275827482447233
2025-08-28 00:00:00+00:00,4.901734104046243,3.008371557142395,1.462079502359967,8.76103777878928,1.846270928462709,0.2718154463390159
2025-08-29 00:00:00+00:00,4.653179190751444,2.8592244676052205,1.379445065888191,8.336822940373256,1.7130898021308982,0.22367101303911618
2025-08-30 00:00:00+00:00,4.682080924855491,2.8749037358158414,1.38722069134859,8.228038233955417,1.7397260273972606,0.2367101303911725
2025-08-31 00:00:00+00:00,4.578034682080924,2.854972287664274,1.3967642484926168,8.133818843878036,1.7105530187721967,0.22266800401203501
2025-09-01 00:00:00+00:00,4.468208092485547,2.889955306359553,1.3544321065124243,7.9813381884388,1.6725012683916791,0.21364092276830382
2025-09-02 00:00:00+00:00,4.658959537572252,2.960795064722654,1.360799934521046,8.541647701411035,1.724505327245053,0.24674022066198487
2025-09-03 00:00:00+00:00,4.710982658959537,2.9787953545388204,1.4294491583226447,8.596267637687777,1.795535261288686,0.25175526579739116
2025-09-04 00:00:00+00:00,4.462427745664739,2.9425085191355325,1.345532425722312,8.209831588529836,1.6940639269406392,0.214643931795385
2025-09-05 00:00:00+00:00,4.6358381502890165,2.940538196453359,1.3504597168035333,8.257624032771982,1.7638254693049213,0.24272818455365974
2025-09-06 00:00:00+00:00,4.566473988439305,2.9246292827548457,1.3324311788939487,8.111970869367342,1.7435312024353116,0.231695085255766
2025-09-07 00:00:00+00:00,4.716763005780345,2.957138538892166,1.34970125228494,8.392808375056921,1.9008117706747845,0.25175526579739116
2025-09-08 00:00:00+00:00,4.959537572254335,2.9908134684052423,1.3499413417728405,8.746927628584457,2.0657026889903602,0.29087261785355967
2025-09-09 00:00:00+00:00,4.959537572254335,2.971590182851225,1.3518402313589593,8.888029130632706,2.051750380517504,0.29187562688064084
2025-09-10 00:00:00+00:00,5.092485549132949,3.058430357068481,1.37366654844078,9.201638598088326,2.112633181126332,0.3109327983951844
2025-09-11 00:00:00+00:00,5.179190751445087,3.1136036646435423,1.4342400349221047,9.416477014110173,2.248351090816844,0.3289869608826468
2025-09-12 00:00:00+00:00,5.6705202312138745,3.134197702334597,1.5728535181294823,10.031406463359149,2.495687468290208,0.39618856569709004
2025-09-13 00:00:00+00:00,5.890173410404626,3.1290586279590107,1.5477041442719535,10.037323623122463,2.6732623033992904,0.43329989969909577
2025-09-14 00:00:00+00:00,5.676300578034683,3.1069823977623736,1.5136605462035826,9.918980427856189,2.5273972602739727,0.37311935807422114
2025-09-15 00:00:00+00:00,5.225433526011561,3.1087337561421373,1.4692494475213467,9.66863905325446,2.4043632673769664,0.3109327983951842
2025-09-16 00:00:00+00:00,5.404624277456648,3.1599055355955956,1.4572395165470744,9.787437414656372,2.4246575342465753,0.31995987963891515
2025-09-17 00:00:00+00:00,5.601156069364162,3.147439167978387,1.505852181267561,10.14792899408286,2.5844748858447484,0.35506519558675875
2025-09-18 00:00:00+00:00,5.618497109826588,3.1701648142524155,1.5043734482852678,10.26991351843425,2.535007610350076,0.3450351053159466
2025-09-19 00:00:00+00:00,5.22543352601156,3.1194473412215187,1.439942160259731,9.862994993172528,2.366311516996448,0.2918756268806406
2025-09-20 00:00:00+00:00,5.202312138728323,3.121373515003694,1.446091725097534,9.905780609922639,2.3967529173008613,0.2958876629889655
2025-09-21 00:00:00+00:00,5.017341040462426,3.1051295681205175,1.4268300002728265,9.75648611743288,2.3079654997463206,0.27783350050150313
2025-09-22 00:00:00+00:00,4.583815028901734,3.0142689956873037,1.2933238752625953,9.039144287665016,2.0618975139523075,0.2176529588766285
2025-09-23 00:00:00+00:00,4.53179190751445,2.9891970490020845,1.2730472266935835,8.71051433773329,2.008625063419583,0.2136409227683036
2025-09-24 00:00:00+00:00,4.572254335260116,3.0360885213928217,1.2669904237033784,8.63541192535277,2.059360730593606,0.21765295887662872
2025-09-25 00:00:00+00:00,4.248554913294798,2.8830064831235584,1.1150083212833857,7.776968593536656,1.8285134449518,0.16750250752256646
2025-09-26 00:00:00+00:00,4.421965317919076,2.9066058503701306,1.2016369737811345,8.343650432407845,1.950279046169456,0.1955867602808412
2025-09-27 00:00:00+00:00,4.346820809248556,2.906729752121738,1.193992306223227,8.266272189349127,1.9287163876204962,0.18455366098294768
2025-09-28 00:00:00+00:00,4.450867052023122,2.9957122161074508,1.261146427304721,8.600364132908526,2.011161846778284,0.2056168505516538
2025-09-29 00:00:00+00:00,4.427745664739885,3.0733441403194552,1.3016233323329582,8.690942193900788,1.9794520547945194,0.20160481444332867
2025-09-30 00:00:00+00:00,4.387283236994222,3.0616340006344718,1.2625051155430644,8.501593081474754,1.9540842212075074,0.18655967903711002
2025-10-01 00:00:00+00:00,4.6589595375722554,3.2250045128008766,1.3739011813494102,9.111970869367335,2.160832064941652,0.2437311935807407
2025-10-02 00:00:00+00:00,4.907514450867054,3.2949299616865986,1.448852754208385,9.69185252617207,2.3257229832572275,0.2688064192577717
2025-10-03 00:00:00+00:00,4.843930635838152,3.3550347725993523,1.4641911985376352,9.603550295858007,2.277524099441906,0.2698094282848531
2025-10-04 00:00:00+00:00,4.647398843930638,3.359895780112854,1.4499167871661243,9.377332726445168,2.183663115169962,0.24172517552657835
2025-10-05 00:00:00+00:00,4.664739884393065,3.398341639141856,1.4641475459034718,9.408284023668656,2.2064941653982735,0.24974924774322838
2025-10-06 00:00:00+00:00,4.895953757225436,3.4406316568263398,1.5572477014159807,9.581247155211669,2.3764586504312515,0.2888665997993969
2025-10-07 00:00:00+00:00,4.47398843930636,3.322837051038632,1.4281559490355478,9.018206645425597,2.1329274479959395,0.22467402206619735
2025-10-08 00:00:00+00:00,4.526011560693642,3.392055405445351,1.4705972226011497,9.428766499772436,2.24327752409944,0.2357071213640911
2025-10-09 00:00:00+00:00,4.3526011560693645,3.333497230190596,1.3850216899025987,9.060537096040072,2.1532217148655484,0.2056168505516538
2025-10-10 00:00:00+00:00,2.8786127167630062,3.0232077237788575,1.094191471366599,7.5980883022303285,1.4771689497716878,-0.019057171514544557
2025-10-11 00:00:00+00:00,2.890173410404625,2.944193298125782,1.0466974053965559,7.094674556213031,1.3515981735159799,-0.00100300902708228
2025-10-12 00:00:00+00:00,3.329479768786128,3.0974711581289087,1.2682236106185014,7.977241693218039,1.6306443429731083,0.074222668004011
2025-10-13 00:00:00+00:00,3.5375722543352612,3.1043893619665166,1.3163233568875654,8.507055075102429,1.7143581938102468,0.11534603811434163
2025-10-14 00:00:00+00:00,3.346820809248557,3.026727174395643,1.2521321583499287,8.21939007737826,1.5925925925925908,0.07823470411233568
2025-10-15 00:00:00+00:00,3.1560693641618514,2.9456110474789488,1.1761711183259198,7.82794720072828,1.4898528665651938,0.036108324974923445
2025-10-16 00:00:00+00:00,2.9768786127167646,2.852789053351464,1.1255613455924465,7.414656349567608,1.3909183155758482,0.003009027081242621
2025-10-17 00:00:00+00:00,2.8439306358381518,2.7913013849581243,1.0916050527924024,7.286299499317268,1.3427194317605262,-0.02106318956870734
2025-10-18 00:00:00+00:00,2.9017341040462434,2.817767582388445,1.1229912967560618,7.541192535275394,1.4061390157280549,-0.006018054162488795
2025-10-19 00:00:00+00:00,3.0404624277456653,2.8702132712305586,1.1743922734837513,7.554847519344577,1.4784373414510381,0.010030090270811032
2025-10-20 00:00:00+00:00,3.1329479768786133,2.9372021061873737,1.1723187733609781,7.638142922166605,1.5380517503805158,0.02206619859578618
2025-10-21 00:00:00+00:00,3.0,2.8590094197374896,1.1144844896734223,7.453800637232604,1.4644850329781818,0.009027081243730084
2025-10-22 00:00:00+00:00,2.8843930635838153,2.831133305823358,1.077112378250073,7.2002730996814,1.4086757990867564,-0.011033099297894866
2025-10-23 00:00:00+00:00,3.017341040462428,2.920527351489698,1.10535563255395,7.712790168411489,1.473363774733636,0.013039117352054763
2025-10-24 00:00:00+00:00,3.1502890173410414,2.9536867357834424,1.1478405587537153,7.812926718252182,1.508878741755452,0.02708124373119225
2025-10-25 00:00:00+00:00,3.1387283236994232,2.9759587877139424,1.157924317245517,7.82476103777881,1.4923896499238944,0.02306920762286735
2025-10-26 00:00:00+00:00,3.231213872832371,3.0787847801651926,1.2700461080948333,8.106508875739667,1.6103500761034986,0.059177532597792126
2025-10-27 00:00:00+00:00,3.121387283236996,3.0629477864489347,1.2489127765803603,8.044606281292694,1.5418569254185668,0.04112337011032974
2025-10-28 00:00:00+00:00,3.0404624277456653,3.020778466160415,1.172542493111067,7.840691852526195,1.4568746829020776,0.015045135406217325
2025-10-29 00:00:00+00:00,3.0578034682080926,2.9187322002494533,1.130434070880963,7.829312699135206,1.44038559107052,0.020060180541623396
2025-10-30 00:00:00+00:00,2.7225433526011558,2.856848259874679,1.07587373475568,7.4064633591261035,1.3173515981735138,-0.023069207622869903
2025-10-31 00:00:00+00:00,2.791907514450867,2.901514485289705,1.0990041742831402,7.518889394629062,1.3642820903094854,0.0060180541624861306
2025-11-01 00:00:00+00:00,2.8728323699421963,2.9201517298001987,1.1133004119717334,7.4797451069640655,1.3756976154236402,0.023069207622867127
2025-11-02 00:00:00+00:00,2.8786127167630062,2.9365338200156286,1.1317163670095205,7.546199362767432,1.3642820903094854,0.022066198595785957
2025-11-03 00:00:00+00:00,2.306358381502891,2.794682692242658,0.9664584072245097,6.558033682294059,1.1220192795535242,-0.07823470411233846
2025-11-04 00:00:00+00:00,2.2312138728323703,2.6135600498028184,0.7935175838266979,6.05644060081932,1.0573313039066443,-0.11334002006018185
2025-11-05 00:00:00+00:00,2.3294797687861277,2.6990191467370694,0.8683982211551566,6.390987710514359,1.120750887874173,-0.08124373119358208
2025-11-06 00:00:00+00:00,2.2023121387283244,2.6067782090998826,0.8083049136496319,6.06508875739647,1.0497209538305405,-0.09628886659980074
2025-11-07 00:00:00+00:00,2.5780346820809257,2.677945523817809,0.8739584754317506,6.360946745562151,1.2666159309994898,0.0060180541624859085
2025-11-08 00:00:00+00:00,2.520231213872833,2.642454792772551,0.8557444138269708,6.190714610832974,1.232369355657024,-0.002006018054164005
2025-11-09 00:00:00+00:00,2.5086705202312145,2.728492809960004,0.9551578315553968,6.488393263541215,1.2742262810755935,0.0020060180541607853
2025-11-10 00:00:00+00:00,2.589595375722544,2.773604440809688,0.9462144981311205,6.614929449248998,1.3046676813800078,0.017051153460379442
2025-11-11 00:00:00+00:00,2.369942196531792,2.6684011725093457,0.8642457643303403,6.034592626308624,1.181633688483001,-0.03309929789368271
2025-11-12 00:00:00+00:00,2.306358381502891,2.6195055536824032,0.8631217090006262,5.980883022303161,1.1588026382546905,-0.046138415245738695
2025-11-13 00:00:00+00:00,2.132947976878613,2.5477251389177287,0.7624914740948889,5.585798816568066,1.0776255707762532,-0.0672016048144447
2025-11-14 00:00:00+00:00,1.8323699421965323,2.365705988976315,0.6972035031238906,5.317705962676396,0.9977168949771666,-0.10030090270812575
2025-11-15 00:00:00+00:00,1.8843930635838158,2.4021455653320154,0.7278858483616613,5.351388256713719,1.0687468290207995,-0.09327983951855723
2025-11-16 00:00:00+00:00,1.809248554913296,2.355474481401752,0.6879546012604689,5.239417387346399,1.0104008117706726,-0.10832497492477589
2025-11-17 00:00:00+00:00,1.7225433526011575,2.28059260641221,0.6524104438927227,4.955393718707344,0.9279553526128845,-0.13941825476429437
2025-11-18 00:00:00+00:00,1.8208092485549146,2.3092534314198563,0.7037404850898965,5.401456531634063,1.0509893455098913,-0.11033099297893834
2025-11-19 00:00:00+00:00,1.7514450867052038,2.2571570173430504,0.6496494147818725,5.232589895311806,0.9583967529172988,-0.14142427281845682
2025-11-20 00:00:00+00:00,1.5664739884393075,2.0816494741118414,0.5447193954110161,5.0769230769230935,0.8873668188736659,-0.17352056168505658
2025-11-21 00:00:00+00:00,1.3815028901734117,2.0294555052076206,0.5086132103784131,4.852981338188456,0.7782851344495159,-0.21364092276830637
2025-11-22 00:00:00+00:00,1.3872832369942207,2.0155471775501503,0.5108776907756518,4.804733727810667,0.7782851344495159,-0.21765295887663128
2025-11-23 00:00:00+00:00,1.410404624277457,2.091257912533205,0.5286661391973366,4.942193900773799,0.8391679350583439,-0.2126379137412251
2025-11-24 00:00:00+00:00,1.6416184971098273,2.1434134291696854,0.6113605980410872,5.299954483386453,0.9254185692541836,-0.1644934804413255
2025-11-25 00:00:00+00:00,1.6416184971098273,2.1096783289783856,0.6145090442801397,5.322712790168429,0.93937087772704,-0.11735205616850697
2025-11-26 00:00:00+00:00,1.710982658959538,2.221704738565533,0.6516519793741291,5.509786071916268,0.9622019279553504,-0.13841524573721298
2025-11-27 00:00:00+00:00,1.7225433526011562,2.2516113458400615,0.6453168908411304,5.411015020482493,0.9368340943683386,-0.12136409227683187
2025-11-28 00:00:00+00:00,1.6763005780346822,2.2370233387463294,0.6545439663874704,5.252617205279945,0.9051243023845739,-0.13239719157472563
2025-11-29 00:00:00+00:00,1.6416184971098269,2.2343612312843466,0.6318227703052945,5.188438780154773,0.8822932521562634,-0.14443329989970055
2025-11-30 00:00:00+00:00,1.6184971098265897,2.217932855931823,0.632788584836165,5.0760127446518135,0.8518518518518494,-0.16148445336008166
2025-12-01 00:00:00+00:00,1.3410404624277459,2.0727054054275467,0.527345647013886,4.765589440145668,0.7186707255200384,-0.20060180541625017
2025-12-02 00:00:00+00:00,1.6416184971098269,2.2511773336699186,0.6354077428859835,5.313154301319996,0.8493150684931485,-0.1514543630892693
2025-12-03 00:00:00+00:00,1.7745664739884397,2.3277098078561638,0.740534199110576,5.587164314974982,0.9241501775748326,-0.09929789368104458
2025-12-04 00:00:00+00:00,1.7514450867052025,2.2793710348324234,0.7102229012631966,5.329540282203019,0.870877727042108,-0.125376128385157
2025-12-05 00:00:00+00:00,1.5375722543352603,2.1812853524987124,0.64950754372084,5.0687300864815805,0.7706747843734121,-0.16750250752256912
2025-12-06 00:00:00+00:00,1.6069364161849715,2.178090609920623,0.6584399639865754,5.019116977696873,0.7732115677321134,-0.1544633901705128
2025-12-07 00:00:00+00:00,1.5606936416184976,2.219095324951935,0.67024254494857,5.02139280837507,0.7592592592592569,-0.16449348044132528
2025-12-08 00:00:00+00:00,1.7456647398843934,2.2279158479241383,0.7051264562245916,5.065999089667742,0.8087265347539296,-0.13941825476429426
2025-12-09 00:00:00+00:00,1.861271676300578,2.300536515946841,0.811065942760482,5.276741010468834,0.8772196854388608,-0.1243731193580756
2025-12-10 00:00:00+00:00,1.6878612716763008,2.276928603751882,0.8143289771642144,5.204824761037791,0.817605276509384,-0.142427281845538
2025-12-11 00:00:00+00:00,1.6589595375722546,2.2950353493833657,0.7668403677734414,5.209831588529827,0.7808219178082167,-0.1464393179538629
2025-12-12 00:00:00+00:00,1.4971098265895955,2.2142346734779483,0.6833165088805813,5.02139280837507,0.7364282090309462,-0.17051153460381263
2025-12-13 00:00:00+00:00,1.5317919075144513,2.21369028905781,0.6999099664420361,5.061447428311345,0.7643328259766593,-0.16148445336008155
2025-12-14 00:00:00+00:00,1.410404624277457,2.139186884073897,0.6714266226502592,4.889849795175251,0.7009132420091302,-0.19057171514543747
2025-12-15 00:00:00+00:00,1.3468208092485554,2.0769497524991376,0.6175483589337833,4.81656804733729,0.6463723997970552,-0.2066198595787373
2025-12-16 00:00:00+00:00,1.364161849710983,2.127869099935671,0.616287889122308,4.878015475648622,0.6717402333840665,-0.21063189568706242
2025-12-17 00:00:00+00:00,1.2543352601156075,2.069886996617988,0.5456251875699114,4.608101957214394,0.6019786910197844,-0.2457372116349058
2025-12-18 00:00:00+00:00,1.150289017341041,2.0433794986037976,0.5425585900199152,4.441055985434694,0.5474378488077094,-0.2938816449348054
2025-12-19 00:00:00+00:00,1.3757225433526017,2.136964485414315,0.6250948080648231,4.744196631770607,0.6768138001014687,-0.2467402206619871
2025-12-20 00:00:00+00:00,1.358381502890174,2.145282636629282,0.6244563882901797,4.724624487938108,0.6730086250634169,-0.254764292878637
2025-12-21 00:00:00+00:00,1.3236994219653186,2.1562119816554275,0.6378468338198773,4.735093309057818,0.6628614916286122,-0.26980942828485566
2025-12-22 00:00:00+00:00,1.3179190751445096,2.153332334049099,0.6412571958639119,4.7278106508875855,0.6806189751395206,-0.27783350050150557
2025-12-23 00:00:00+00:00,1.2716763005780356,2.113238368100006,0.61702452732382,4.64087391898044,0.6387620497209516,-0.2858575727181555
2025-12-24 00:00:00+00:00,1.2947976878612728,2.119622512663443,0.6073500122773026,4.573509330905793,0.6298833079654975,-0.2768304914744244
2025-12-25 00:00:00+00:00,1.254335260115608,2.1040707065995923,0.583843068780181,4.461993627674112,0.567732115677319,-0.29087261785356167
2025-12-26 00:00:00+00:00,1.3294797687861282,2.1087625953429394,0.5966223774315877,4.561675011379164,0.5474378488077096,-0.2858575727181555
2025-12-27 00:00:00+00:00,1.4277456647398852,2.12685687959136,0.6080811938995438,4.673645880746484,0.5766108574327728,-0.26078234704112446
2025-12-28 00:00:00+00:00,1.4104046242774575,2.129117730518683,0.6092652716012323,4.697314519799739,0.5702688990360201,-0.2587763289869619
2025-12-29 00:00:00+00:00,1.3526011560693654,2.102288372781926,0.6015714948298903,4.60400546199364,0.5563165905631637,-0.279839518555668
2025-12-30 00:00:00+00:00,1.3930635838150303,2.147764588096111,0.621007830191252,4.684569868001833,0.5626585489599165,-0.2888665997993992
2025-12-31 00:00:00+00:00,1.3294797687861286,2.1160268695902102,0.6192562682454361,4.664542558033695,0.4878234398782324,-0.3079237713139428
2026-01-01 00:00:00+00:00,1.8439306358381522,2.1595900845843157,0.6374048508989705,4.768775603095142,0.6070522577371871,-0.25275827482447455
2026-01-02 00:00:00+00:00,2.4624277456647428,2.202904783996175,0.7050227812184533,5.0195721438325105,0.798579401319125,-0.18655967903711257
2026-01-03 00:00:00+00:00,2.5202312138728353,2.225677783525846,0.7055957220418512,5.068274920345938,0.8150684931506824,-0.1895687061183563
2026-01-04 00:00:00+00:00,3.150289017341044,2.257746618781734,0.7152647805090977,5.101957214383263,0.8962455606291193,-0.09327983951855712
2026-01-05 00:00:00+00:00,3.052023121387286,2.3421945634902204,0.7598777726243406,5.276741010468833,0.9241501775748322,-0.07121364092276983
2026-01-06 00:00:00+00:00,2.878612716763009,2.33681943491545,0.7983575696395921,5.419208010923999,0.9089294774226251,-0.08625877632898848
2026-01-07 00:00:00+00:00,2.79190751445087,2.250182203222378,0.7275639101847045,5.202548930359593,0.8556570268899009,-0.11935807422266942
2026-01-08 00:00:00+00:00,2.514450867052026,2.2411316787227653,0.6938859029274542,5.293126991351855,0.7985794013191245,-0.12236710130391326
2026-01-09 00:00:00+00:00,2.526011560693644,2.2230373944743453,0.6830818759719526,5.181156121984535,0.7820903094875671,-0.13139418254764446
2026-01-10 00:00:00+00:00,2.4335260115606956,2.218303849107612,0.6818977982702636,5.175238962221219,0.7694063926940613,-0.13239719157472574
2026-01-11 00:00:00+00:00,2.3526011560693667,2.235866566358474,0.7018088560281557,5.349567592171152,0.7478437341451012,-0.15245737211635046
2026-01-12 00:00:00+00:00,2.3063583815028923,2.2470679255749313,0.6872725288516623,5.329995448338653,0.7313546423135437,-0.1604814443330006
2026-01-13 00:00:00+00:00,2.803468208092487,2.3956923491024504,0.8135050336943763,5.61902594446974,0.8797564687975616,-0.0992978936810448
2026-01-14 00:00:00+00:00,2.606936416184973,2.451628293321027,0.8306441491828764,5.676832043695958,0.8670725520040561,-0.12437311935807582
2026-01-15 00:00:00+00:00,2.4161849710982675,2.403163126269066,0.8106566993151987,5.48020027309969,0.7757483510908143,-0.15646940822467548
2026-01-16 00:00:00+00:00,2.4219653179190765,2.4009318266215813,0.7981065669931513,5.592626308602648,0.7516489091831531,-0.1424272818455382
2026-01-17 00:00:00+00:00,2.352601156069366,2.386565632146389,0.8057730608681408,5.5398270368684654,0.7491121258244517,-0.14944834503510673
2026-01-18 00:00:00+00:00,2.156069364161851,2.334028441148634,0.7912312771123773,5.272644515248073,0.669203450025365,-0.18756268806419396
2026-01-19 00:00:00+00:00,2.0462427745664753,2.2958378624526854,0.7393555779881584,5.070550751024131,0.6374936580416006,-0.18455366098295012
2026-01-20 00:00:00+00:00,1.8843930635838162,2.144890993161556,0.6025427659400315,4.720072826581708,0.5626585489599165,-0.22567703109328108
2026-01-21 00:00:00+00:00,1.971098265895955,2.182305761751892,0.6260497094371531,4.891670459717803,0.603247082699135,-0.1995987963891689
2026-01-22 00:00:00+00:00,1.85549132947977,2.1859904147041544,0.6096908847843279,4.842057350933096,0.5766108574327724,-0.21664994984955
2026-01-23 00:00:00+00:00,1.9017341040462439,2.186790791536379,0.6114860993643076,4.79380974055531,0.5804160324708243,-0.20962888665998125
2026-01-24 00:00:00+00:00,1.8901734104046257,2.172588019199082,0.6092598150219619,4.781975421028682,0.5728056823947207,-0.21765295887663128
2026-01-25 00:00:00+00:00,1.716763005780348,2.0826268025835724,0.5358088014623623,4.4050978607191675,0.5131912734652435,-0.2467402206619872
2026-01-26 00:00:00+00:00,1.8959537572254352,2.1429281473092208,0.5974572340599669,4.649066909421944,0.5499746321664103,-0.22868605817452503
2026-01-27 00:00:00+00:00,1.8959537572254352,2.173603799938556,0.6492456279158585,4.781975421028682,0.5981735159817325,-0.21464393179538754
2026-01-28 00:00:00+00:00,1.872832369942198,2.175257247451388,0.6407169945161368,4.6973145197997335,0.5829528158295254,-0.21865596790371244
2026-01-29 00:00:00+00:00,1.7341040462427757,2.0095514720987926,0.5378768450058649,4.353664087391905,0.4852866565195306,-0.2637913741223683
2026-01-30 00:00:00+00:00,1.670520231213874,1.9955423852582626,0.47503887812730117,4.345015930814754,0.46626078132927185,-0.27582748244734323
2026-01-31 00:00:00+00:00,1.3988439306358393,1.800749961636749,0.3367582462554217,3.8006372325899003,0.3216641298833056,-0.31795386158475536
2026-02-01 00:00:00+00:00,1.4046242774566489,1.738335166343449,0.2378686601369595,3.5821574874829363,0.3216641298833056,-0.3370110330992989
2026-02-02 00:00:00+00:00,1.4508670520231228,1.8016913301173538,0.2797861020925976,3.7546654528903103,0.36732623033992673,-0.3109327983951867
2026-02-03 00:00:00+00:00,1.3757225433526021,1.6944735902348391,0.2174119444520226,3.44970414201184,0.3432267884322653,-0.328986960882649
2026-02-04 00:00:00+00:00,1.4277456647398856,1.5998703304082378,0.16989605216489734,3.184342284934006,0.31405377980720206,-0.33600802407221775
2026-02-05 00:00:00+00:00,0.9768786127167639,1.2363436593100645,-0.004883638447058081,2.5598543468365995,0.12024353120243325,-0.43731193580742334
2026-02-06 00:00:00+00:00,1.2601156069364174,1.5113517859120202,0.12531579952527694,2.9786071916249486,0.24822425164890682,-0.3660982948846552
2026-02-07 00:00:00+00:00,1.2312138728323716,1.46590262960106,0.1385807437317541,2.9858898497951807,0.24530695078640052,-0.3660982948846552
2026-02-08 00:00:00+00:00,1.1849710982658972,1.5028534787019,0.13978119117125432,2.957214383249892,0.2248858447488562,-0.3871614844533612
2026-02-09 00:00:00+00:00,1.2023121387283249,1.496154951245734,0.14805882192453468,2.947200728265823,0.21829020801623322,-0.38816449348044246
2026-02-10 00:00:00+00:00,1.1040462427745674,1.4498035908009412,0.10324939295555535,2.7751479289940884,0.17617960426179402,-0.39719157472417366
2026-02-11 00:00:00+00:00,1.063583815028903,1.3868807271181467,0.05874553242572178,2.6067364588074695,0.1549974632166391,-0.40722166499498613
2026-02-12 00:00:00+00:00,1.1502890173410414,1.3577228709460059,0.06200311025018346,2.565316340464274,0.17858954845256014,-0.3941825476429299
2026-02-13 00:00:00+00:00,1.1849710982658967,1.4501371998275396,0.11731645431478954,2.836140191169782,0.22552004058853137,-0.3660982948846552
2026-02-14 00:00:00+00:00,1.7919075144508687,1.4848261298825092,0.1380787384388722,3.0068274920345983,0.40791476407914495,-0.294884653961887
2026-02-15 00:00:00+00:00,1.5491329479768798,1.4495789298662736,0.07255067797997383,2.9189804278561726,0.3013698630136963,-0.3440320962888678
2026-02-16 00:00:00+00:00,1.5895953757225443,1.452025277381492,0.08994625269418566,2.933090578060997,0.28107559614408695,-0.34002006018054276
2026-02-17 00:00:00+00:00,1.5375722543352612,1.4024663569360296,0.08638856300984865,2.8711879836140235,0.2760020294266845,-0.3470411233701114
2026-02-18 00:00:00+00:00,1.4450867052023129,1.365320042140843,0.06690857501432301,2.712790168411474,0.2493658041603224,-0.3681043129388175
2026-02-19 00:00:00+00:00,1.4450867052023129,1.3848861937488777,0.06309988268354538,2.75375512061903,0.24720953830542647,-0.3781344032096299
2026-02-20 00:00:00+00:00,1.4566473988439315,1.4209626097981425,0.07402941096226723,2.852526172052804,0.2696600710299317,-0.3550651955867614
2026-02-21 00:00:00+00:00,1.398843930635839,1.4198243514651265,0.07667039532916764,2.876649977241698,0.24822425164890705,-0.3590772316950863
2026-02-22 00:00:00+00:00,1.3410404624277463,1.407784163148706,0.06797260797206195,2.7664997724169362,0.21169457128361024,-0.37813440320963
2026-02-23 00:00:00+00:00,1.2890173410404633,1.301527729959699,0.012544675742776512,2.5448338643604953,0.17491121258244346,-0.3981945837512548
2026-02-24 00:00:00+00:00,1.2774566473988447,1.2811394831089569,0.0105857637846829,2.5949021392808413,0.1589294774226262,-0.4082246740220672
2026-02-25 00:00:00+00:00,1.3930635838150298,1.4210327495828166,0.1227675770059744,3.0081929904415157,0.2798072044647364,-0.374122367101305
2026-02-26 00:00:00+00:00,1.2138728323699426,1.4032012224972883,0.10653425367636982,2.9103322712790205,0.23021308980212885,-0.40120361083249856
2026-02-27 00:00:00+00:00,1.1329479768786133,1.345251162736055,0.05289607944779351,2.725534820209379,0.18442415017757274,-0.41925777331996095
2026-02-28 00:00:00+00:00,1.1156069364161856,1.384941379873875,0.07211960821760766,2.8402366863905355,0.19317605276509164,-0.4202607823470422
2026-03-01 00:00:00+00:00,0.9942196531791911,1.3418267746700723,0.05839631135241263,2.8051888939462932,0.16539827498731396,-0.44533600802407314
2026-03-02 00:00:00+00:00,1.0346820809248558,1.4506890610775165,0.10629962076774002,2.943104233045065,0.18658041603246844,-0.4473420260782357
2026-03-03 00:00:00+00:00,1.0,1.4331028452185905,0.08197419038004994,2.9594902139280865,0.14129883307965296,-0.45035105315947943
2026-03-04 00:00:00+00:00,1.1156069364161851,1.5878782074264914,0.16104548058821821,3.1370050068274953,0.255200405885335,-0.42728184553661086
2026-03-05 00:00:00+00:00,1.011560693641619,1.5237302117687488,0.13118707882028668,3.040964952207559,0.18696093353627363,-0.44633901705115453
2026-03-06 00:00:00+00:00,0.9595375722543358,1.425007574740711,0.07961149155594271,2.854346836595361,0.15766108574327542,-0.4573721163490482
2026-03-07 00:00:00+00:00,0.8786127167630058,1.394776971506519,0.07466783073691019,2.7878925807919925,0.14066463723997757,-0.4653961885656981
2026-03-08 00:00:00+00:00,0.8381502890173411,1.3489375958858978,0.05692303494938922,2.7137005006827524,0.13064434297310812,-0.47041123370110427
2026-03-09 00:00:00+00:00,0.8901734104046246,1.4366835346321478,0.08781273019943692,2.8675466545289057,0.14789446981227594,-0.4563691073219669
2026-03-10 00:00:00+00:00,0.9075144508670523,1.4908969596717658,0.11145063159904955,2.9094219390077405,0.19926433282597444,-0.43329989969909843
2026-03-11 00:00:00+00:00,0.92485549132948,1.4995821876278463,0.11984285051700994,2.9408284023668663,0.17820903094875495,-0.4252758274824484
2026-03-12 00:00:00+00:00,0.9364161849710986,1.5110641059830003,0.13145990778380945,2.952662721893494,0.2016742770167408,-0.40621865596790485
2026-03-13 00:00:00+00:00,0.9537572254335263,1.5258030738315638,0.14192017024527215,3.0141101502048278,0.21778285134449304,-0.4042126379137425
2026-03-14 00:00:00+00:00,0.9421965317919079,1.5358458804625865,0.14410280195345426,3.008192990441515,0.21829020801623322,-0.41023069207623
2026-03-15 00:00:00+00:00,0.9942196531791909,1.5929920029964344,0.18879764275775424,3.202548930359585,0.23528665651953107,-0.40320962888666134
2026-03-16 00:00:00+00:00,1.3121387283236996,1.666184826521532,0.2837966878563818,3.3782430587164356,0.30771182141044906,-0.3791374122367115
2026-03-17 00:00:00+00:00,1.1213872832369947,1.6324365528681355,0.264889640684254,3.308147473827952,0.2709284627092823,-0.3921765295887677
2026-03-18 00:00:00+00:00,1.0346820809248563,1.5367349111343227,0.20245000409243352,3.1005917159763356,0.20814307458142856,-0.41624874623871744
2026-03-19 00:00:00+00:00,0.9768786127167632,1.4893869960839266,0.1666002782855418,3.0464269458352344,0.18645357686453368,-0.4172517552657987
2026-03-20 00:00:00+00:00,0.9768786127167632,1.510230617475778,0.17095462854336518,3.088757396449709,0.19419076610857222,-0.40320962888666134
2026-03-21 00:00:00+00:00,0.9190751445086711,1.4534601166314305,0.1375494502496375,2.984979517523901,0.1585489599188208,-0.41223671013039254
2026-03-22 00:00:00+00:00,0.8959537572254341,1.415855935018521,0.120574032139251,2.9235320892125674,0.1429477422628087,-0.42828485456369236
2026-03-23 00:00:00+00:00,0.9942196531791911,1.5236800101969772,0.17403759583117262,3.1611288120163907,0.19419076610857222,-0.38916750250752397
2026-03-24 00:00:00+00:00,1.0404624277456653,1.5112214754491227,0.17620931438081366,3.1315430131998214,0.20598680872653263,-0.37813440320963043
2026-03-25 00:00:00+00:00,1.046242774566474,1.5387508068745586,0.18303549504815342,3.1729631315430167,0.21968543886351877,-0.38615847542628035
2026-03-26 00:00:00+00:00,0.9653179190751449,1.4488978262719474,0.12354241126237864,2.936276741010473,0.16679350583459973,-0.4062186559679052
2026-03-27 00:00:00+00:00,0.8959537572254339,1.3628605211635274,0.08673232750388693,2.7806099226217604,0.14193302891932835,-0.42126379137412384
2026-03-28 00:00:00+00:00,0.8959537572254339,1.3615178961482624,0.08770905519329864,2.733727810650891,0.15334855403348335,-0.41524573721163627
2026-03-29 00:00:00+00:00,0.8901734104046246,1.3487125789117131,0.08210514828254079,2.703686845698684,0.1461187214611852,-0.42026078234704256
2026-03-30 00:00:00+00:00,0.9132947976878616,1.3763629637726282,0.10489727989523279,2.754210286754669,0.15106544901065244,-0.4062186559679051
2026-03-31 00:00:00+00:00,0.9653179190751446,1.429399322171974,0.14807519166234573,2.7833409194355974,0.16983764586504102,-0.4042126379137426
2026-04-01 00:00:00+00:00,0.9653179190751446,1.4249178527826496,0.16776252967014882,2.694583522985893,0.16920345002536563,-0.39819458375125516
2026-04-02 00:00:00+00:00,0.930635838150289,1.3817270551223992,0.122336507243608,2.593536640873922,0.14649923896499017,-0.41223671013039265
2026-04-03 00:00:00+00:00,0.976878612716763,1.3838024094618264,0.12049764002946461,2.6586253982703716,0.1610857432775219,-0.4002006018054177
2026-04-04 00:00:00+00:00,0.9653179190751449,1.3958258639209902,0.12694186014787245,2.6791078743741497,0.16742770167427512,-0.4002006018054177
2026-04-05 00:00:00+00:00,1.0173410404624277,1.4568204175845123,0.15093989577933487,2.725534820209379,0.1712328767123268,-0.39919759277833644
2026-04-06 00:00:00+00:00,0.92485549132948,1.4514374561403875,0.14987586282159637,2.6426945835229887,0.1492897006595617,-0.41524573721163627
2026-04-07 00:00:00+00:00,1.150289017341041,1.5605528866437886,0.22218645131367065,2.8944014565316367,0.20395738203957192,-0.3841524573721179
2026-04-08 00:00:00+00:00,1.0462427745664744,1.530958169985376,0.19515455760783484,2.7587619481110632,0.17224759005580736,-0.40421263791374273
2026-04-09 00:00:00+00:00,1.0289017341040467,1.556486915369769,0.1950890786565893,2.7938097405553055,0.1745306950786385,-0.40722166499498647
2026-04-10 00:00:00+00:00,1.098265895953758,1.5987416851421559,0.22564592257113936,2.8620846609012323,0.1887366818873648,-0.4012036108324991
2026-04-11 00:00:00+00:00,1.1040462427745665,1.601853470512991,0.24728125937849454,2.8670914883932674,0.18112633181126125,-0.40320962888666156
2026-04-12 00:00:00+00:00,1.0,1.518981356702823,0.19597304449840314,2.711424670004556,0.152460679857938,-0.4222668004012051
2026-04-13 00:00:00+00:00,1.1676300578034686,1.6505283448399428,0.29332387526259684,2.940373236231228,0.194063926940637,-0.3981945837512554
2026-04-14 00:00:00+00:00,1.063583815028902,1.640987909966157,0.2678252803317591,2.8124715521165267,0.1796042617960405,-0.4152457372116365
2026-04-15 00:00:00+00:00,1.1502890173410405,1.664291764414355,0.28806373284587816,2.865270823850709,0.2033231861998963,-0.4012036108324991
2026-04-16 00:00:00+00:00,1.3005780346820806,1.6762376022590053,0.28162496930674075,3.055530268548024,0.25887874175545167,-0.3711133400200619
2026-04-17 00:00:00+00:00,1.2890173410404624,1.7451401496149312,0.32047035713311245,3.042785616750117,0.2617960426179582,-0.3660982948846556
2026-04-18 00:00:00+00:00,1.1791907514450863,1.6963666523420158,0.2830545930756001,2.9235320892125665,0.20256215119228593,-0.39117352056168664
2026-04-19 00:00:00+00:00,1.1098265895953756,1.6284357368255646,0.23531498103838633,2.8001820664542594,0.18049213597158587,-0.40722166499498647
2026-04-20 00:00:00+00:00,1.1734104046242773,1.7010895165232656,0.2630780563664632,2.88302230314065,0.20814307458142856,-0.3971915747241741
2026-04-21 00:00:00+00:00,1.2023121387283235,1.7183385629604317,0.27050991733282315,2.917159763313613,0.20738203957381818,-0.388164493480443
2026-04-22 00:00:00+00:00,1.1965317919075145,1.7845647612737299,0.2960576214770947,2.955848884842971,0.2134703196347012,-0.38716148445336174
2026-04-23 00:00:00+00:00,1.2138728323699421,1.7872069305228102,0.2720268463700095,2.922166590805648,0.23236935565702455,-0.38214643931795556
2026-04-24 00:00:00+00:00,1.236994219653179,1.7580031452530904,0.2636728235069423,2.9244424214838447,0.2488584474885822,-0.37813440320963065
2026-04-25 00:00:00+00:00,1.2254335260115607,1.7644965939479746,0.26589365127001763,2.9235320892125665,0.2432775240994396,-0.3811434302908744
2026-04-26 00:00:00+00:00,1.2485549132947975,1.8010949639278624,0.2933402450004081,2.9576695493855296,0.25900558092338666,-0.3761283851554682
2026-04-27 00:00:00+00:00,1.2543352601156066,1.7548037741612923,0.2569721441628232,2.8602639963586745,0.2550735667173998,-0.38415245737211823
2026-04-28 00:00:00+00:00,1.242774566473988,1.7176542550104608,0.24926199765366985,2.8256713700500717,0.260020294266867,-0.38415245737211823
2026-04-29 00:00:00+00:00,1.2254335260115603,1.6972962715185886,0.22890895697487124,2.7787892580792026,0.31912734652460406,-0.38214643931795567
2026-04-30 00:00:00+00:00,1.236994219653179,1.7172440974878977,0.23140807028073973,2.7801547564861218,0.3508371385083686,-0.3761283851554683
2026-05-01 00:00:00+00:00,1.2716763005780338,1.7852647349624098,0.2525141188988611,2.8124715521165267,0.3762049720953802,-0.37111334002006213
2026-05-02 00:00:00+00:00,1.3121387283236983,1.8012078284544706,0.2642021116961766,2.8352298588985025,0.3762049720953802,-0.37111334002006213
2026-05-03 00:00:00+00:00,1.2774566473988433,1.7969221807990086,0.26732327503887676,2.819299044151119,0.37366818873667906,-0.3811434302908745
2026-05-04 00:00:00+00:00,1.3005780346820797,1.8429000557913988,0.2806318718795173,2.827492034592631,0.3964992389649895,-0.37913741223671205
2026-05-05 00:00:00+00:00,1.3757225433525995,1.8805968076784976,0.28812921179712303,2.9271734182976834,0.45611364789446673,-0.3630892678034121
2026-05-06 00:00:00+00:00,1.4046242774566462,1.899387505220436,0.2826890022644788,3.057806099226222,0.4269406392694033,-0.35707121364092476
2026-05-07 00:00:00+00:00,1.3988439306358367,1.8485155110395461,0.25002591875153324,3.023668639053259,0.3673262303399263,-0.37011033099298096
2026-05-08 00:00:00+00:00,1.4104046242774553,1.8457608333033733,0.24656644749406453,3.023668639053259,0.3571790969051214,-0.36710130391173723
