date,series_id,factor,value
2023-05-01,M2SL,m2_money_supply,20829.6
2023-06-01,M2SL,m2_money_supply,20799.3
2023-07-01,M2SL,m2_money_supply,20791.2
2023-08-01,M2SL,m2_money_supply,20777.2
2023-09-01,M2SL,m2_money_supply,20747.8
2023-10-01,M2SL,m2_money_supply,20732.9
2023-11-01,M2SL,m2_money_supply,20746.5
2023-12-01,M2SL,m2_money_supply,20777.9
2024-01-01,M2SL,m2_money_supply,20843.9
2024-02-01,M2SL,m2_money_supply,20927.4
2024-03-01,M2SL,m2_money_supply,20973.9
2024-04-01,M2SL,m2_money_supply,20959.7
2024-05-01,M2SL,m2_money_supply,21020.6
2024-06-01,M2SL,m2_money_supply,21068.4
2024-07-01,M2SL,m2_money_supply,21095.3
2024-08-01,M2SL,m2_money_supply,21186.8
2024-09-01,M2SL,m2_money_supply,21269.5
2024-10-01,M2SL,m2_money_supply,21331.9
2024-11-01,M2SL,m2_money_supply,21452.2
2024-12-01,M2SL,m2_money_supply,21485.9
2025-01-01,M2SL,m2_money_supply,21548.1
2025-02-01,M2SL,m2_money_supply,21613.5
2025-03-01,M2SL,m2_money_supply,21693.6
2025-04-01,M2SL,m2_money_supply,21775.6
2025-05-01,M2SL,m2_money_supply,21833.9
2025-06-01,M2SL,m2_money_supply,21938.8
2025-07-01,M2SL,m2_money_supply,22020.0
2025-08-01,M2SL,m2_money_supply,22087.0
2025-09-01,M2SL,m2_money_supply,22170.3
2025-10-01,M2SL,m2_money_supply,22245.1
2025-11-01,M2SL,m2_money_supply,22277.5
2025-12-01,M2SL,m2_money_supply,22353.6
2026-01-01,M2SL,m2_money_supply,22429.3
2026-02-01,M2SL,m2_money_supply,22627.3
2026-03-01,M2SL,m2_money_supply,22686.0
2023-05-01,SOFR,sofr,4.81
2023-05-02,SOFR,sofr,4.81
2023-05-03,SOFR,sofr,4.81
2023-05-04,SOFR,sofr,5.06
2023-05-05,SOFR,sofr,5.06
2023-05-08,SOFR,sofr,5.06
2023-05-09,SOFR,sofr,5.06
2023-05-10,SOFR,sofr,5.06
2023-05-11,SOFR,sofr,5.05
2023-05-12,SOFR,sofr,5.05
2023-05-15,SOFR,sofr,5.06
2023-05-16,SOFR,sofr,5.05
2023-05-17,SOFR,sofr,5.05
2023-05-18,SOFR,sofr,5.05
2023-05-19,SOFR,sofr,5.05
2023-05-22,SOFR,sofr,5.05
2023-05-23,SOFR,sofr,5.05
2023-05-24,SOFR,sofr,5.05
2023-05-25,SOFR,sofr,5.06
2023-05-26,SOFR,sofr,5.06
2023-05-30,SOFR,sofr,5.06
2023-05-31,SOFR,sofr,5.08
2023-06-01,SOFR,sofr,5.08
2023-06-02,SOFR,sofr,5.07
2023-06-05,SOFR,sofr,5.06
2023-06-06,SOFR,sofr,5.05
2023-06-07,SOFR,sofr,5.05
2023-06-08,SOFR,sofr,5.05
2023-06-09,SOFR,sofr,5.05
2023-06-12,SOFR,sofr,5.05
2023-06-13,SOFR,sofr,5.05
2023-06-14,SOFR,sofr,5.05
2023-06-15,SOFR,sofr,5.06
2023-06-16,SOFR,sofr,5.05
2023-06-20,SOFR,sofr,5.05
2023-06-21,SOFR,sofr,5.05
2023-06-22,SOFR,sofr,5.05
2023-06-23,SOFR,sofr,5.05
2023-06-26,SOFR,sofr,5.05
2023-06-27,SOFR,sofr,5.05
2023-06-28,SOFR,sofr,5.06
2023-06-29,SOFR,sofr,5.06
2023-06-30,SOFR,sofr,5.09
2023-07-03,SOFR,sofr,5.06
2023-07-05,SOFR,sofr,5.06
2023-07-06,SOFR,sofr,5.06
2023-07-07,SOFR,sofr,5.06
2023-07-10,SOFR,sofr,5.06
2023-07-11,SOFR,sofr,5.06
2023-07-12,SOFR,sofr,5.05
2023-07-13,SOFR,sofr,5.06
2023-07-14,SOFR,sofr,5.05
2023-07-17,SOFR,sofr,5.06
2023-07-18,SOFR,sofr,5.06
2023-07-19,SOFR,sofr,5.05
2023-07-20,SOFR,sofr,5.06
2023-07-21,SOFR,sofr,5.05
2023-07-24,SOFR,sofr,5.05
2023-07-25,SOFR,sofr,5.06
2023-07-26,SOFR,sofr,5.06
2023-07-27,SOFR,sofr,5.31
2023-07-28,SOFR,sofr,5.30
2023-07-31,SOFR,sofr,5.31
2023-08-01,SOFR,sofr,5.31
2023-08-02,SOFR,sofr,5.30
2023-08-03,SOFR,sofr,5.30
2023-08-04,SOFR,sofr,5.30
2023-08-07,SOFR,sofr,5.30
2023-08-08,SOFR,sofr,5.30
2023-08-09,SOFR,sofr,5.30
2023-08-10,SOFR,sofr,5.30
2023-08-11,SOFR,sofr,5.30
2023-08-14,SOFR,sofr,5.30
2023-08-15,SOFR,sofr,5.30
2023-08-16,SOFR,sofr,5.30
2023-08-17,SOFR,sofr,5.30
2023-08-18,SOFR,sofr,5.30
2023-08-21,SOFR,sofr,5.30
2023-08-22,SOFR,sofr,5.30
2023-08-23,SOFR,sofr,5.30
2023-08-24,SOFR,sofr,5.30
2023-08-25,SOFR,sofr,5.30
2023-08-28,SOFR,sofr,5.30
2023-08-29,SOFR,sofr,5.30
2023-08-30,SOFR,sofr,5.30
2023-08-31,SOFR,sofr,5.31
2023-09-01,SOFR,sofr,5.31
2023-09-05,SOFR,sofr,5.31
2023-09-06,SOFR,sofr,5.30
2023-09-07,SOFR,sofr,5.31
2023-09-08,SOFR,sofr,5.30
2023-09-11,SOFR,sofr,5.30
2023-09-12,SOFR,sofr,5.30
2023-09-13,SOFR,sofr,5.30
2023-09-14,SOFR,sofr,5.30
2023-09-15,SOFR,sofr,5.31
2023-09-18,SOFR,sofr,5.31
2023-09-19,SOFR,sofr,5.31
2023-09-20,SOFR,sofr,5.30
2023-09-21,SOFR,sofr,5.30
2023-09-22,SOFR,sofr,5.30
2023-09-25,SOFR,sofr,5.31
2023-09-26,SOFR,sofr,5.31
2023-09-27,SOFR,sofr,5.32
2023-09-28,SOFR,sofr,5.31
2023-09-29,SOFR,sofr,5.31
2023-10-02,SOFR,sofr,5.32
2023-10-03,SOFR,sofr,5.33
2023-10-04,SOFR,sofr,5.32
2023-10-05,SOFR,sofr,5.32
2023-10-06,SOFR,sofr,5.31
2023-10-10,SOFR,sofr,5.31
2023-10-11,SOFR,sofr,5.31
2023-10-12,SOFR,sofr,5.31
2023-10-13,SOFR,sofr,5.31
2023-10-16,SOFR,sofr,5.31
2023-10-17,SOFR,sofr,5.31
2023-10-18,SOFR,sofr,5.30
2023-10-19,SOFR,sofr,5.30
2023-10-20,SOFR,sofr,5.30
2023-10-23,SOFR,sofr,5.30
2023-10-24,SOFR,sofr,5.30
2023-10-25,SOFR,sofr,5.30
2023-10-26,SOFR,sofr,5.31
2023-10-27,SOFR,sofr,5.31
2023-10-30,SOFR,sofr,5.31
2023-10-31,SOFR,sofr,5.35
2023-11-01,SOFR,sofr,5.32
2023-11-02,SOFR,sofr,5.33
2023-11-03,SOFR,sofr,5.32
2023-11-06,SOFR,sofr,5.32
2023-11-07,SOFR,sofr,5.32
2023-11-08,SOFR,sofr,5.32
2023-11-09,SOFR,sofr,5.32
2023-11-10,SOFR,sofr,5.32
2023-11-13,SOFR,sofr,5.32
2023-11-14,SOFR,sofr,5.32
2023-11-15,SOFR,sofr,5.32
2023-11-16,SOFR,sofr,5.32
2023-11-17,SOFR,sofr,5.32
2023-11-20,SOFR,sofr,5.31
2023-11-21,SOFR,sofr,5.31
2023-11-22,SOFR,sofr,5.31
2023-11-24,SOFR,sofr,5.32
2023-11-27,SOFR,sofr,5.32
2023-11-28,SOFR,sofr,5.32
2023-11-29,SOFR,sofr,5.31
2023-11-30,SOFR,sofr,5.33
2023-12-01,SOFR,sofr,5.39
2023-12-04,SOFR,sofr,5.37
2023-12-05,SOFR,sofr,5.33
2023-12-06,SOFR,sofr,5.32
2023-12-07,SOFR,sofr,5.32
2023-12-08,SOFR,sofr,5.32
2023-12-11,SOFR,sofr,5.32
2023-12-12,SOFR,sofr,5.31
2023-12-13,SOFR,sofr,5.31
2023-12-14,SOFR,sofr,5.31
2023-12-15,SOFR,sofr,5.32
2023-12-18,SOFR,sofr,5.32
2023-12-19,SOFR,sofr,5.31
2023-12-20,SOFR,sofr,5.31
2023-12-21,SOFR,sofr,5.31
2023-12-22,SOFR,sofr,5.32
2023-12-26,SOFR,sofr,5.35
2023-12-27,SOFR,sofr,5.39
2023-12-28,SOFR,sofr,5.40
2023-12-29,SOFR,sofr,5.38
2024-01-02,SOFR,sofr,5.40
2024-01-03,SOFR,sofr,5.39
2024-01-04,SOFR,sofr,5.32
2024-01-05,SOFR,sofr,5.31
2024-01-08,SOFR,sofr,5.31
2024-01-09,SOFR,sofr,5.31
2024-01-10,SOFR,sofr,5.31
2024-01-11,SOFR,sofr,5.31
2024-01-12,SOFR,sofr,5.31
2024-01-16,SOFR,sofr,5.32
2024-01-17,SOFR,sofr,5.32
2024-01-18,SOFR,sofr,5.31
2024-01-19,SOFR,sofr,5.31
2024-01-22,SOFR,sofr,5.31
2024-01-23,SOFR,sofr,5.31
2024-01-24,SOFR,sofr,5.31
2024-01-25,SOFR,sofr,5.32
2024-01-26,SOFR,sofr,5.32
2024-01-29,SOFR,sofr,5.31
2024-01-30,SOFR,sofr,5.31
2024-01-31,SOFR,sofr,5.32
2024-02-01,SOFR,sofr,5.32
2024-02-02,SOFR,sofr,5.32
2024-02-05,SOFR,sofr,5.31
2024-02-06,SOFR,sofr,5.31
2024-02-07,SOFR,sofr,5.31
2024-02-08,SOFR,sofr,5.31
2024-02-09,SOFR,sofr,5.31
2024-02-12,SOFR,sofr,5.31
2024-02-13,SOFR,sofr,5.31
2024-02-14,SOFR,sofr,5.30
2024-02-15,SOFR,sofr,5.31
2024-02-16,SOFR,sofr,5.30
2024-02-20,SOFR,sofr,5.30
2024-02-21,SOFR,sofr,5.30
2024-02-22,SOFR,sofr,5.30
2024-02-23,SOFR,sofr,5.31
2024-02-26,SOFR,sofr,5.31
2024-02-27,SOFR,sofr,5.31
2024-02-28,SOFR,sofr,5.31
2024-02-29,SOFR,sofr,5.32
2024-03-01,SOFR,sofr,5.31
2024-03-04,SOFR,sofr,5.31
2024-03-05,SOFR,sofr,5.31
2024-03-06,SOFR,sofr,5.31
2024-03-07,SOFR,sofr,5.31
2024-03-08,SOFR,sofr,5.31
2024-03-11,SOFR,sofr,5.31
2024-03-12,SOFR,sofr,5.31
2024-03-13,SOFR,sofr,5.31
2024-03-14,SOFR,sofr,5.31
2024-03-15,SOFR,sofr,5.31
2024-03-18,SOFR,sofr,5.31
2024-03-19,SOFR,sofr,5.31
2024-03-20,SOFR,sofr,5.31
2024-03-21,SOFR,sofr,5.31
2024-03-22,SOFR,sofr,5.31
2024-03-25,SOFR,sofr,5.31
2024-03-26,SOFR,sofr,5.32
2024-03-27,SOFR,sofr,5.33
2024-03-28,SOFR,sofr,5.34
2024-04-01,SOFR,sofr,5.35
2024-04-02,SOFR,sofr,5.34
2024-04-03,SOFR,sofr,5.32
2024-04-04,SOFR,sofr,5.32
2024-04-05,SOFR,sofr,5.32
2024-04-08,SOFR,sofr,5.31
2024-04-09,SOFR,sofr,5.31
2024-04-10,SOFR,sofr,5.31
2024-04-11,SOFR,sofr,5.31
2024-04-12,SOFR,sofr,5.31
2024-04-15,SOFR,sofr,5.32
2024-04-16,SOFR,sofr,5.31
2024-04-17,SOFR,sofr,5.31
2024-04-18,SOFR,sofr,5.30
2024-04-19,SOFR,sofr,5.31
2024-04-22,SOFR,sofr,5.31
2024-04-23,SOFR,sofr,5.31
2024-04-24,SOFR,sofr,5.31
2024-04-25,SOFR,sofr,5.31
2024-04-26,SOFR,sofr,5.32
2024-04-29,SOFR,sofr,5.32
2024-04-30,SOFR,sofr,5.34
2024-05-01,SOFR,sofr,5.32
2024-05-02,SOFR,sofr,5.31
2024-05-03,SOFR,sofr,5.31
2024-05-06,SOFR,sofr,5.31
2024-05-07,SOFR,sofr,5.31
2024-05-08,SOFR,sofr,5.31
2024-05-09,SOFR,sofr,5.31
2024-05-10,SOFR,sofr,5.31
2024-05-13,SOFR,sofr,5.31
2024-05-14,SOFR,sofr,5.31
2024-05-15,SOFR,sofr,5.31
2024-05-16,SOFR,sofr,5.31
2024-05-17,SOFR,sofr,5.31
2024-05-20,SOFR,sofr,5.31
2024-05-21,SOFR,sofr,5.31
2024-05-22,SOFR,sofr,5.31
2024-05-23,SOFR,sofr,5.31
2024-05-24,SOFR,sofr,5.32
2024-05-28,SOFR,sofr,5.32
2024-05-29,SOFR,sofr,5.33
2024-05-30,SOFR,sofr,5.33
2024-05-31,SOFR,sofr,5.34
2024-06-03,SOFR,sofr,5.35
2024-06-04,SOFR,sofr,5.33
2024-06-05,SOFR,sofr,5.33
2024-06-06,SOFR,sofr,5.33
2024-06-07,SOFR,sofr,5.33
2024-06-10,SOFR,sofr,5.32
2024-06-11,SOFR,sofr,5.32
2024-06-12,SOFR,sofr,5.31
2024-06-13,SOFR,sofr,5.31
2024-06-14,SOFR,sofr,5.31
2024-06-17,SOFR,sofr,5.33
2024-06-18,SOFR,sofr,5.33
2024-06-20,SOFR,sofr,5.32
2024-06-21,SOFR,sofr,5.31
2024-06-24,SOFR,sofr,5.31
2024-06-25,SOFR,sofr,5.33
2024-06-26,SOFR,sofr,5.34
2024-06-27,SOFR,sofr,5.34
2024-06-28,SOFR,sofr,5.33
2024-07-01,SOFR,sofr,5.40
2024-07-02,SOFR,sofr,5.35
2024-07-03,SOFR,sofr,5.33
2024-07-05,SOFR,sofr,5.32
2024-07-08,SOFR,sofr,5.32
2024-07-09,SOFR,sofr,5.34
2024-07-10,SOFR,sofr,5.34
2024-07-11,SOFR,sofr,5.34
2024-07-12,SOFR,sofr,5.34
2024-07-15,SOFR,sofr,5.34
2024-07-16,SOFR,sofr,5.35
2024-07-17,SOFR,sofr,5.35
2024-07-18,SOFR,sofr,5.34
2024-07-19,SOFR,sofr,5.34
2024-07-22,SOFR,sofr,5.33
2024-07-23,SOFR,sofr,5.34
2024-07-24,SOFR,sofr,5.34
2024-07-25,SOFR,sofr,5.35
2024-07-26,SOFR,sofr,5.35
2024-07-29,SOFR,sofr,5.33
2024-07-30,SOFR,sofr,5.33
2024-07-31,SOFR,sofr,5.38
2024-08-01,SOFR,sofr,5.35
2024-08-02,SOFR,sofr,5.35
2024-08-05,SOFR,sofr,5.32
2024-08-06,SOFR,sofr,5.33
2024-08-07,SOFR,sofr,5.33
2024-08-08,SOFR,sofr,5.34
2024-08-09,SOFR,sofr,5.34
2024-08-12,SOFR,sofr,5.34
2024-08-13,SOFR,sofr,5.34
2024-08-14,SOFR,sofr,5.33
2024-08-15,SOFR,sofr,5.35
2024-08-16,SOFR,sofr,5.32
2024-08-19,SOFR,sofr,5.32
2024-08-20,SOFR,sofr,5.32
2024-08-21,SOFR,sofr,5.31
2024-08-22,SOFR,sofr,5.31
2024-08-23,SOFR,sofr,5.33
2024-08-26,SOFR,sofr,5.34
2024-08-27,SOFR,sofr,5.35
2024-08-28,SOFR,sofr,5.35
2024-08-29,SOFR,sofr,5.33
2024-08-30,SOFR,sofr,5.32
2024-09-03,SOFR,sofr,5.34
2024-09-04,SOFR,sofr,5.35
2024-09-05,SOFR,sofr,5.35
2024-09-06,SOFR,sofr,5.34
2024-09-09,SOFR,sofr,5.34
2024-09-10,SOFR,sofr,5.33
2024-09-11,SOFR,sofr,5.32
2024-09-12,SOFR,sofr,5.33
2024-09-13,SOFR,sofr,5.33
2024-09-16,SOFR,sofr,5.38
2024-09-17,SOFR,sofr,5.38
2024-09-18,SOFR,sofr,5.33
2024-09-19,SOFR,sofr,4.82
2024-09-20,SOFR,sofr,4.83
2024-09-23,SOFR,sofr,4.83
2024-09-24,SOFR,sofr,4.84
2024-09-25,SOFR,sofr,4.84
2024-09-26,SOFR,sofr,4.83
2024-09-27,SOFR,sofr,4.84
2024-09-30,SOFR,sofr,4.96
2024-10-01,SOFR,sofr,5.05
2024-10-02,SOFR,sofr,4.92
2024-10-03,SOFR,sofr,4.85
2024-10-04,SOFR,sofr,4.83
2024-10-07,SOFR,sofr,4.83
2024-10-08,SOFR,sofr,4.84
2024-10-09,SOFR,sofr,4.83
2024-10-10,SOFR,sofr,4.82
2024-10-11,SOFR,sofr,4.81
2024-10-15,SOFR,sofr,4.86
2024-10-16,SOFR,sofr,4.86
2024-10-17,SOFR,sofr,4.85
2024-10-18,SOFR,sofr,4.84
2024-10-21,SOFR,sofr,4.82
2024-10-22,SOFR,sofr,4.83
2024-10-23,SOFR,sofr,4.83
2024-10-24,SOFR,sofr,4.83
2024-10-25,SOFR,sofr,4.83
2024-10-28,SOFR,sofr,4.82
2024-10-29,SOFR,sofr,4.82
2024-10-30,SOFR,sofr,4.81
2024-10-31,SOFR,sofr,4.90
2024-11-01,SOFR,sofr,4.86
2024-11-04,SOFR,sofr,4.82
2024-11-05,SOFR,sofr,4.82
2024-11-06,SOFR,sofr,4.81
2024-11-07,SOFR,sofr,4.82
2024-11-08,SOFR,sofr,4.60
2024-11-12,SOFR,sofr,4.60
2024-11-13,SOFR,sofr,4.59
2024-11-14,SOFR,sofr,4.58
2024-11-15,SOFR,sofr,4.57
2024-11-18,SOFR,sofr,4.57
2024-11-19,SOFR,sofr,4.57
2024-11-20,SOFR,sofr,4.56
2024-11-21,SOFR,sofr,4.57
2024-11-22,SOFR,sofr,4.57
2024-11-25,SOFR,sofr,4.58
2024-11-26,SOFR,sofr,4.58
2024-11-27,SOFR,sofr,4.57
2024-11-29,SOFR,sofr,4.59
2024-12-02,SOFR,sofr,4.64
2024-12-03,SOFR,sofr,4.64
2024-12-04,SOFR,sofr,4.59
2024-12-05,SOFR,sofr,4.59
2024-12-06,SOFR,sofr,4.60
2024-12-09,SOFR,sofr,4.63
2024-12-10,SOFR,sofr,4.64
2024-12-11,SOFR,sofr,4.62
2024-12-12,SOFR,sofr,4.62
2024-12-13,SOFR,sofr,4.60
2024-12-16,SOFR,sofr,4.65
2024-12-17,SOFR,sofr,4.62
2024-12-18,SOFR,sofr,4.57
2024-12-19,SOFR,sofr,4.30
2024-12-20,SOFR,sofr,4.30
2024-12-23,SOFR,sofr,4.31
2024-12-24,SOFR,sofr,4.40
2024-12-26,SOFR,sofr,4.53
2024-12-27,SOFR,sofr,4.46
2024-12-30,SOFR,sofr,4.37
2024-12-31,SOFR,sofr,4.49
2025-01-02,SOFR,sofr,4.40
2025-01-03,SOFR,sofr,4.31
2025-01-06,SOFR,sofr,4.27
2025-01-07,SOFR,sofr,4.27
2025-01-08,SOFR,sofr,4.29
2025-01-09,SOFR,sofr,4.30
2025-01-10,SOFR,sofr,4.30
2025-01-13,SOFR,sofr,4.29
2025-01-14,SOFR,sofr,4.28
2025-01-15,SOFR,sofr,4.28
2025-01-16,SOFR,sofr,4.29
2025-01-17,SOFR,sofr,4.29
2025-01-21,SOFR,sofr,4.29
2025-01-22,SOFR,sofr,4.30
2025-01-23,SOFR,sofr,4.35
2025-01-24,SOFR,sofr,4.34
2025-01-27,SOFR,sofr,4.34
2025-01-28,SOFR,sofr,4.35
2025-01-29,SOFR,sofr,4.35
2025-01-30,SOFR,sofr,4.36
2025-01-31,SOFR,sofr,4.38
2025-02-03,SOFR,sofr,4.35
2025-02-04,SOFR,sofr,4.33
2025-02-05,SOFR,sofr,4.33
2025-02-06,SOFR,sofr,4.36
2025-02-07,SOFR,sofr,4.35
2025-02-10,SOFR,sofr,4.35
2025-02-11,SOFR,sofr,4.34
2025-02-12,SOFR,sofr,4.32
2025-02-13,SOFR,sofr,4.33
2025-02-14,SOFR,sofr,4.33
2025-02-18,SOFR,sofr,4.37
2025-02-19,SOFR,sofr,4.35
2025-02-20,SOFR,sofr,4.33
2025-02-21,SOFR,sofr,4.34
2025-02-24,SOFR,sofr,4.34
2025-02-25,SOFR,sofr,4.33
2025-02-26,SOFR,sofr,4.33
2025-02-27,SOFR,sofr,4.36
2025-02-28,SOFR,sofr,4.39
2025-03-03,SOFR,sofr,4.33
2025-03-04,SOFR,sofr,4.33
2025-03-05,SOFR,sofr,4.34
2025-03-06,SOFR,sofr,4.35
2025-03-07,SOFR,sofr,4.34
2025-03-10,SOFR,sofr,4.33
2025-03-11,SOFR,sofr,4.32
2025-03-12,SOFR,sofr,4.31
2025-03-13,SOFR,sofr,4.30
2025-03-14,SOFR,sofr,4.30
2025-03-17,SOFR,sofr,4.32
2025-03-18,SOFR,sofr,4.31
2025-03-19,SOFR,sofr,4.29
2025-03-20,SOFR,sofr,4.29
2025-03-21,SOFR,sofr,4.30
2025-03-24,SOFR,sofr,4.31
2025-03-25,SOFR,sofr,4.33
2025-03-26,SOFR,sofr,4.35
2025-03-27,SOFR,sofr,4.36
2025-03-28,SOFR,sofr,4.34
2025-03-31,SOFR,sofr,4.41
2025-04-01,SOFR,sofr,4.39
2025-04-02,SOFR,sofr,4.37
2025-04-03,SOFR,sofr,4.39
2025-04-04,SOFR,sofr,4.35
2025-04-07,SOFR,sofr,4.33
2025-04-08,SOFR,sofr,4.40
2025-04-09,SOFR,sofr,4.42
2025-04-10,SOFR,sofr,4.37
2025-04-11,SOFR,sofr,4.33
2025-04-14,SOFR,sofr,4.33
2025-04-15,SOFR,sofr,4.36
2025-04-16,SOFR,sofr,4.31
2025-04-17,SOFR,sofr,4.32
2025-04-21,SOFR,sofr,4.32
2025-04-22,SOFR,sofr,4.30
2025-04-23,SOFR,sofr,4.28
2025-04-24,SOFR,sofr,4.29
2025-04-25,SOFR,sofr,4.33
2025-04-28,SOFR,sofr,4.36
2025-04-29,SOFR,sofr,4.36
2025-04-30,SOFR,sofr,4.41
2025-05-01,SOFR,sofr,4.39
2025-05-02,SOFR,sofr,4.36
2025-05-05,SOFR,sofr,4.33
2025-05-06,SOFR,sofr,4.32
2025-05-07,SOFR,sofr,4.30
2025-05-08,SOFR,sofr,4.29
2025-05-09,SOFR,sofr,4.28
2025-05-12,SOFR,sofr,4.28
2025-05-13,SOFR,sofr,4.30
2025-05-14,SOFR,sofr,4.29
2025-05-15,SOFR,sofr,4.31
2025-05-16,SOFR,sofr,4.30
2025-05-19,SOFR,sofr,4.29
2025-05-20,SOFR,sofr,4.27
2025-05-21,SOFR,sofr,4.26
2025-05-22,SOFR,sofr,4.26
2025-05-23,SOFR,sofr,4.26
2025-05-27,SOFR,sofr,4.31
2025-05-28,SOFR,sofr,4.33
2025-05-29,SOFR,sofr,4.33
2025-05-30,SOFR,sofr,4.35
2025-06-02,SOFR,sofr,4.35
2025-06-03,SOFR,sofr,4.32
2025-06-04,SOFR,sofr,4.28
2025-06-05,SOFR,sofr,4.29
2025-06-06,SOFR,sofr,4.29
2025-06-09,SOFR,sofr,4.29
2025-06-10,SOFR,sofr,4.28
2025-06-11,SOFR,sofr,4.28
2025-06-12,SOFR,sofr,4.28
2025-06-13,SOFR,sofr,4.28
2025-06-16,SOFR,sofr,4.32
2025-06-17,SOFR,sofr,4.31
2025-06-18,SOFR,sofr,4.28
2025-06-20,SOFR,sofr,4.29
2025-06-23,SOFR,sofr,4.29
2025-06-24,SOFR,sofr,4.30
2025-06-25,SOFR,sofr,4.36
2025-06-26,SOFR,sofr,4.40
2025-06-27,SOFR,sofr,4.39
2025-06-30,SOFR,sofr,4.45
2025-07-01,SOFR,sofr,4.44
2025-07-02,SOFR,sofr,4.40
2025-07-03,SOFR,sofr,4.35
2025-07-07,SOFR,sofr,4.33
2025-07-08,SOFR,sofr,4.34
2025-07-09,SOFR,sofr,4.32
2025-07-10,SOFR,sofr,4.31
2025-07-11,SOFR,sofr,4.31
2025-07-14,SOFR,sofr,4.33
2025-07-15,SOFR,sofr,4.37
2025-07-16,SOFR,sofr,4.34
2025-07-17,SOFR,sofr,4.34
2025-07-18,SOFR,sofr,4.30
2025-07-21,SOFR,sofr,4.28
2025-07-22,SOFR,sofr,4.28
2025-07-23,SOFR,sofr,4.28
2025-07-24,SOFR,sofr,4.30
2025-07-25,SOFR,sofr,4.36
2025-07-28,SOFR,sofr,4.36
2025-07-29,SOFR,sofr,4.36
2025-07-30,SOFR,sofr,4.32
2025-07-31,SOFR,sofr,4.39
2025-08-01,SOFR,sofr,4.34
2025-08-04,SOFR,sofr,4.33
2025-08-05,SOFR,sofr,4.34
2025-08-06,SOFR,sofr,4.34
2025-08-07,SOFR,sofr,4.35
2025-08-08,SOFR,sofr,4.35
2025-08-11,SOFR,sofr,4.34
2025-08-12,SOFR,sofr,4.36
2025-08-13,SOFR,sofr,4.33
2025-08-14,SOFR,sofr,4.34
2025-08-15,SOFR,sofr,4.36
2025-08-18,SOFR,sofr,4.34
2025-08-19,SOFR,sofr,4.33
2025-08-20,SOFR,sofr,4.31
2025-08-21,SOFR,sofr,4.32
2025-08-22,SOFR,sofr,4.36
2025-08-25,SOFR,sofr,4.37
2025-08-26,SOFR,sofr,4.38
2025-08-27,SOFR,sofr,4.36
2025-08-28,SOFR,sofr,4.34
2025-08-29,SOFR,sofr,4.34
2025-09-02,SOFR,sofr,4.39
2025-09-03,SOFR,sofr,4.39
2025-09-04,SOFR,sofr,4.41
2025-09-05,SOFR,sofr,4.42
2025-09-08,SOFR,sofr,4.40
2025-09-09,SOFR,sofr,4.40
2025-09-10,SOFR,sofr,4.39
2025-09-11,SOFR,sofr,4.41
2025-09-12,SOFR,sofr,4.42
2025-09-15,SOFR,sofr,4.51
2025-09-16,SOFR,sofr,4.39
2025-09-17,SOFR,sofr,4.38
2025-09-18,SOFR,sofr,4.14
2025-09-19,SOFR,sofr,4.14
2025-09-22,SOFR,sofr,4.14
2025-09-23,SOFR,sofr,4.12
2025-09-24,SOFR,sofr,4.13
2025-09-25,SOFR,sofr,4.18
2025-09-26,SOFR,sofr,4.16
2025-09-29,SOFR,sofr,4.13
2025-09-30,SOFR,sofr,4.24
2025-10-01,SOFR,sofr,4.20
2025-10-02,SOFR,sofr,4.20
2025-10-03,SOFR,sofr,4.18
2025-10-06,SOFR,sofr,4.15
2025-10-07,SOFR,sofr,4.14
2025-10-08,SOFR,sofr,4.12
2025-10-09,SOFR,sofr,4.13
2025-10-10,SOFR,sofr,4.15
2025-10-14,SOFR,sofr,4.19
2025-10-15,SOFR,sofr,4.29
2025-10-16,SOFR,sofr,4.30
2025-10-17,SOFR,sofr,4.18
2025-10-20,SOFR,sofr,4.16
2025-10-21,SOFR,sofr,4.23
2025-10-22,SOFR,sofr,4.21
2025-10-23,SOFR,sofr,4.24
2025-10-24,SOFR,sofr,4.24
2025-10-27,SOFR,sofr,4.27
2025-10-28,SOFR,sofr,4.31
2025-10-29,SOFR,sofr,4.27
2025-10-30,SOFR,sofr,4.04
2025-10-31,SOFR,sofr,4.22
2025-11-03,SOFR,sofr,4.13
2025-11-04,SOFR,sofr,4.00
2025-11-05,SOFR,sofr,3.91
2025-11-06,SOFR,sofr,3.92
2025-11-07,SOFR,sofr,3.93
2025-11-10,SOFR,sofr,3.95
2025-11-12,SOFR,sofr,3.98
2025-11-13,SOFR,sofr,4.00
2025-11-14,SOFR,sofr,3.95
2025-11-17,SOFR,sofr,4.00
2025-11-18,SOFR,sofr,3.94
2025-11-19,SOFR,sofr,3.91
2025-11-20,SOFR,sofr,3.91
2025-11-21,SOFR,sofr,3.93
2025-11-24,SOFR,sofr,3.96
2025-11-25,SOFR,sofr,4.01
2025-11-26,SOFR,sofr,4.05
2025-11-28,SOFR,sofr,4.12
2025-12-01,SOFR,sofr,4.12
2025-12-02,SOFR,sofr,4.01
2025-12-03,SOFR,sofr,3.95
2025-12-04,SOFR,sofr,3.92
2025-12-05,SOFR,sofr,3.93
2025-12-08,SOFR,sofr,3.95
2025-12-09,SOFR,sofr,3.93
2025-12-10,SOFR,sofr,3.90
2025-12-11,SOFR,sofr,3.66
2025-12-12,SOFR,sofr,3.67
2025-12-15,SOFR,sofr,3.75
2025-12-16,SOFR,sofr,3.69
2025-12-17,SOFR,sofr,3.69
2025-12-18,SOFR,sofr,3.66
2025-12-19,SOFR,sofr,3.66
2025-12-22,SOFR,sofr,3.68
2025-12-23,SOFR,sofr,3.66
2025-12-24,SOFR,sofr,3.66
2025-12-26,SOFR,sofr,3.76
2025-12-29,SOFR,sofr,3.77
2025-12-30,SOFR,sofr,3.71
2025-12-31,SOFR,sofr,3.87
2026-01-02,SOFR,sofr,3.75
2026-01-05,SOFR,sofr,3.70
2026-01-06,SOFR,sofr,3.66
2026-01-07,SOFR,sofr,3.65
2026-01-08,SOFR,sofr,3.64
2026-01-09,SOFR,sofr,3.64
2026-01-12,SOFR,sofr,3.64
2026-01-13,SOFR,sofr,3.65
2026-01-14,SOFR,sofr,3.64
2026-01-15,SOFR,sofr,3.66
2026-01-16,SOFR,sofr,3.65
2026-01-20,SOFR,sofr,3.64
2026-01-21,SOFR,sofr,3.63
2026-01-22,SOFR,sofr,3.64
2026-01-23,SOFR,sofr,3.65
2026-01-26,SOFR,sofr,3.66
2026-01-27,SOFR,sofr,3.66
2026-01-28,SOFR,sofr,3.64
2026-01-29,SOFR,sofr,3.65
2026-01-30,SOFR,sofr,3.68
2026-02-02,SOFR,sofr,3.69
2026-02-03,SOFR,sofr,3.69
2026-02-04,SOFR,sofr,3.65
2026-02-05,SOFR,sofr,3.65
2026-02-06,SOFR,sofr,3.64
2026-02-09,SOFR,sofr,3.63
2026-02-10,SOFR,sofr,3.65
2026-02-11,SOFR,sofr,3.65
2026-02-12,SOFR,sofr,3.65
2026-02-13,SOFR,sofr,3.66
2026-02-17,SOFR,sofr,3.71
2026-02-18,SOFR,sofr,3.73
2026-02-19,SOFR,sofr,3.67
2026-02-20,SOFR,sofr,3.66
2026-02-23,SOFR,sofr,3.66
2026-02-24,SOFR,sofr,3.67
2026-02-25,SOFR,sofr,3.67
2026-02-26,SOFR,sofr,3.67
2026-02-27,SOFR,sofr,3.68
2026-03-02,SOFR,sofr,3.71
2026-03-03,SOFR,sofr,3.70
2026-03-04,SOFR,sofr,3.67
2026-03-05,SOFR,sofr,3.66
2026-03-06,SOFR,sofr,3.65
2026-03-09,SOFR,sofr,3.65
2026-03-10,SOFR,sofr,3.64
2026-03-11,SOFR,sofr,3.64
2026-03-12,SOFR,sofr,3.65
2026-03-13,SOFR,sofr,3.65
2026-03-16,SOFR,sofr,3.70
2026-03-17,SOFR,sofr,3.65
2026-03-18,SOFR,sofr,3.62
2026-03-19,SOFR,sofr,3.62
2026-03-20,SOFR,sofr,3.62
2026-03-23,SOFR,sofr,3.62
2026-03-24,SOFR,sofr,3.63
2026-03-25,SOFR,sofr,3.64
2026-03-26,SOFR,sofr,3.65
2026-03-27,SOFR,sofr,3.63
2026-03-30,SOFR,sofr,3.63
2026-03-31,SOFR,sofr,3.68
2026-04-01,SOFR,sofr,3.65
2026-04-02,SOFR,sofr,3.66
2026-04-06,SOFR,sofr,3.65
2026-04-07,SOFR,sofr,3.62
2026-04-08,SOFR,sofr,3.59
2026-04-09,SOFR,sofr,3.57
2026-04-10,SOFR,sofr,3.61
2026-04-13,SOFR,sofr,3.63
2026-04-14,SOFR,sofr,3.66
2026-04-15,SOFR,sofr,3.72
2026-04-16,SOFR,sofr,3.67
2026-04-17,SOFR,sofr,3.65
2026-04-20,SOFR,sofr,3.63
2026-04-21,SOFR,sofr,3.63
2026-04-22,SOFR,sofr,3.64
2026-04-23,SOFR,sofr,3.65
2026-04-24,SOFR,sofr,3.66
2026-04-27,SOFR,sofr,3.66
2026-04-28,SOFR,sofr,3.64
2026-04-29,SOFR,sofr,3.63
2026-04-30,SOFR,sofr,3.66
2026-05-01,SOFR,sofr,3.64
2026-05-04,SOFR,sofr,3.63
2026-05-05,SOFR,sofr,3.62
2026-05-06,SOFR,sofr,3.61
2023-05-01,DGS10,us_10y_treasury_yield,3.59
2023-05-02,DGS10,us_10y_treasury_yield,3.44
2023-05-03,DGS10,us_10y_treasury_yield,3.38
2023-05-04,DGS10,us_10y_treasury_yield,3.37
2023-05-05,DGS10,us_10y_treasury_yield,3.44
2023-05-08,DGS10,us_10y_treasury_yield,3.52
2023-05-09,DGS10,us_10y_treasury_yield,3.53
2023-05-10,DGS10,us_10y_treasury_yield,3.43
2023-05-11,DGS10,us_10y_treasury_yield,3.39
2023-05-12,DGS10,us_10y_treasury_yield,3.46
2023-05-15,DGS10,us_10y_treasury_yield,3.50
2023-05-16,DGS10,us_10y_treasury_yield,3.54
2023-05-17,DGS10,us_10y_treasury_yield,3.57
2023-05-18,DGS10,us_10y_treasury_yield,3.65
2023-05-19,DGS10,us_10y_treasury_yield,3.70
2023-05-22,DGS10,us_10y_treasury_yield,3.72
2023-05-23,DGS10,us_10y_treasury_yield,3.70
2023-05-24,DGS10,us_10y_treasury_yield,3.73
2023-05-25,DGS10,us_10y_treasury_yield,3.83
2023-05-26,DGS10,us_10y_treasury_yield,3.80
2023-05-30,DGS10,us_10y_treasury_yield,3.69
2023-05-31,DGS10,us_10y_treasury_yield,3.64
2023-06-01,DGS10,us_10y_treasury_yield,3.61
2023-06-02,DGS10,us_10y_treasury_yield,3.69
2023-06-05,DGS10,us_10y_treasury_yield,3.69
2023-06-06,DGS10,us_10y_treasury_yield,3.70
2023-06-07,DGS10,us_10y_treasury_yield,3.79
2023-06-08,DGS10,us_10y_treasury_yield,3.73
2023-06-09,DGS10,us_10y_treasury_yield,3.75
2023-06-12,DGS10,us_10y_treasury_yield,3.73
2023-06-13,DGS10,us_10y_treasury_yield,3.84
2023-06-14,DGS10,us_10y_treasury_yield,3.83
2023-06-15,DGS10,us_10y_treasury_yield,3.72
2023-06-16,DGS10,us_10y_treasury_yield,3.77
2023-06-20,DGS10,us_10y_treasury_yield,3.74
2023-06-21,DGS10,us_10y_treasury_yield,3.72
2023-06-22,DGS10,us_10y_treasury_yield,3.80
2023-06-23,DGS10,us_10y_treasury_yield,3.74
2023-06-26,DGS10,us_10y_treasury_yield,3.72
2023-06-27,DGS10,us_10y_treasury_yield,3.77
2023-06-28,DGS10,us_10y_treasury_yield,3.71
2023-06-29,DGS10,us_10y_treasury_yield,3.85
2023-06-30,DGS10,us_10y_treasury_yield,3.81
2023-07-03,DGS10,us_10y_treasury_yield,3.86
2023-07-05,DGS10,us_10y_treasury_yield,3.95
2023-07-06,DGS10,us_10y_treasury_yield,4.05
2023-07-07,DGS10,us_10y_treasury_yield,4.06
2023-07-10,DGS10,us_10y_treasury_yield,4.01
2023-07-11,DGS10,us_10y_treasury_yield,3.99
2023-07-12,DGS10,us_10y_treasury_yield,3.86
2023-07-13,DGS10,us_10y_treasury_yield,3.76
2023-07-14,DGS10,us_10y_treasury_yield,3.83
2023-07-17,DGS10,us_10y_treasury_yield,3.81
2023-07-18,DGS10,us_10y_treasury_yield,3.80
2023-07-19,DGS10,us_10y_treasury_yield,3.75
2023-07-20,DGS10,us_10y_treasury_yield,3.85
2023-07-21,DGS10,us_10y_treasury_yield,3.84
2023-07-24,DGS10,us_10y_treasury_yield,3.86
2023-07-25,DGS10,us_10y_treasury_yield,3.91
2023-07-26,DGS10,us_10y_treasury_yield,3.86
2023-07-27,DGS10,us_10y_treasury_yield,4.01
2023-07-28,DGS10,us_10y_treasury_yield,3.96
2023-07-31,DGS10,us_10y_treasury_yield,3.97
2023-08-01,DGS10,us_10y_treasury_yield,4.05
2023-08-02,DGS10,us_10y_treasury_yield,4.08
2023-08-03,DGS10,us_10y_treasury_yield,4.20
2023-08-04,DGS10,us_10y_treasury_yield,4.05
2023-08-07,DGS10,us_10y_treasury_yield,4.09
2023-08-08,DGS10,us_10y_treasury_yield,4.02
2023-08-09,DGS10,us_10y_treasury_yield,4.00
2023-08-10,DGS10,us_10y_treasury_yield,4.09
2023-08-11,DGS10,us_10y_treasury_yield,4.16
2023-08-14,DGS10,us_10y_treasury_yield,4.19
2023-08-15,DGS10,us_10y_treasury_yield,4.21
2023-08-16,DGS10,us_10y_treasury_yield,4.28
2023-08-17,DGS10,us_10y_treasury_yield,4.30
2023-08-18,DGS10,us_10y_treasury_yield,4.26
2023-08-21,DGS10,us_10y_treasury_yield,4.34
2023-08-22,DGS10,us_10y_treasury_yield,4.34
2023-08-23,DGS10,us_10y_treasury_yield,4.19
2023-08-24,DGS10,us_10y_treasury_yield,4.23
2023-08-25,DGS10,us_10y_treasury_yield,4.25
2023-08-28,DGS10,us_10y_treasury_yield,4.20
2023-08-29,DGS10,us_10y_treasury_yield,4.12
2023-08-30,DGS10,us_10y_treasury_yield,4.12
2023-08-31,DGS10,us_10y_treasury_yield,4.09
2023-09-01,DGS10,us_10y_treasury_yield,4.18
2023-09-05,DGS10,us_10y_treasury_yield,4.27
2023-09-06,DGS10,us_10y_treasury_yield,4.30
2023-09-07,DGS10,us_10y_treasury_yield,4.27
2023-09-08,DGS10,us_10y_treasury_yield,4.26
2023-09-11,DGS10,us_10y_treasury_yield,4.29
2023-09-12,DGS10,us_10y_treasury_yield,4.27
2023-09-13,DGS10,us_10y_treasury_yield,4.25
2023-09-14,DGS10,us_10y_treasury_yield,4.29
2023-09-15,DGS10,us_10y_treasury_yield,4.33
2023-09-18,DGS10,us_10y_treasury_yield,4.32
2023-09-19,DGS10,us_10y_treasury_yield,4.37
2023-09-20,DGS10,us_10y_treasury_yield,4.35
2023-09-21,DGS10,us_10y_treasury_yield,4.49
2023-09-22,DGS10,us_10y_treasury_yield,4.44
2023-09-25,DGS10,us_10y_treasury_yield,4.55
2023-09-26,DGS10,us_10y_treasury_yield,4.56
2023-09-27,DGS10,us_10y_treasury_yield,4.61
2023-09-28,DGS10,us_10y_treasury_yield,4.59
2023-09-29,DGS10,us_10y_treasury_yield,4.59
2023-10-02,DGS10,us_10y_treasury_yield,4.69
2023-10-03,DGS10,us_10y_treasury_yield,4.81
2023-10-04,DGS10,us_10y_treasury_yield,4.73
2023-10-05,DGS10,us_10y_treasury_yield,4.72
2023-10-06,DGS10,us_10y_treasury_yield,4.78
2023-10-10,DGS10,us_10y_treasury_yield,4.66
2023-10-11,DGS10,us_10y_treasury_yield,4.58
2023-10-12,DGS10,us_10y_treasury_yield,4.70
2023-10-13,DGS10,us_10y_treasury_yield,4.63
2023-10-16,DGS10,us_10y_treasury_yield,4.71
2023-10-17,DGS10,us_10y_treasury_yield,4.83
2023-10-18,DGS10,us_10y_treasury_yield,4.91
2023-10-19,DGS10,us_10y_treasury_yield,4.98
2023-10-20,DGS10,us_10y_treasury_yield,4.93
2023-10-23,DGS10,us_10y_treasury_yield,4.86
2023-10-24,DGS10,us_10y_treasury_yield,4.83
2023-10-25,DGS10,us_10y_treasury_yield,4.95
2023-10-26,DGS10,us_10y_treasury_yield,4.86
2023-10-27,DGS10,us_10y_treasury_yield,4.84
2023-10-30,DGS10,us_10y_treasury_yield,4.88
2023-10-31,DGS10,us_10y_treasury_yield,4.88
2023-11-01,DGS10,us_10y_treasury_yield,4.77
2023-11-02,DGS10,us_10y_treasury_yield,4.67
2023-11-03,DGS10,us_10y_treasury_yield,4.57
2023-11-06,DGS10,us_10y_treasury_yield,4.67
2023-11-07,DGS10,us_10y_treasury_yield,4.58
2023-11-08,DGS10,us_10y_treasury_yield,4.49
2023-11-09,DGS10,us_10y_treasury_yield,4.62
2023-11-10,DGS10,us_10y_treasury_yield,4.61
2023-11-13,DGS10,us_10y_treasury_yield,4.63
2023-11-14,DGS10,us_10y_treasury_yield,4.44
2023-11-15,DGS10,us_10y_treasury_yield,4.53
2023-11-16,DGS10,us_10y_treasury_yield,4.45
2023-11-17,DGS10,us_10y_treasury_yield,4.44
2023-11-20,DGS10,us_10y_treasury_yield,4.42
2023-11-21,DGS10,us_10y_treasury_yield,4.41
2023-11-22,DGS10,us_10y_treasury_yield,4.42
2023-11-24,DGS10,us_10y_treasury_yield,4.47
2023-11-27,DGS10,us_10y_treasury_yield,4.39
2023-11-28,DGS10,us_10y_treasury_yield,4.34
2023-11-29,DGS10,us_10y_treasury_yield,4.27
2023-11-30,DGS10,us_10y_treasury_yield,4.37
2023-12-01,DGS10,us_10y_treasury_yield,4.22
2023-12-04,DGS10,us_10y_treasury_yield,4.28
2023-12-05,DGS10,us_10y_treasury_yield,4.18
2023-12-06,DGS10,us_10y_treasury_yield,4.12
2023-12-07,DGS10,us_10y_treasury_yield,4.14
2023-12-08,DGS10,us_10y_treasury_yield,4.23
2023-12-11,DGS10,us_10y_treasury_yield,4.23
2023-12-12,DGS10,us_10y_treasury_yield,4.20
2023-12-13,DGS10,us_10y_treasury_yield,4.04
2023-12-14,DGS10,us_10y_treasury_yield,3.92
2023-12-15,DGS10,us_10y_treasury_yield,3.91
2023-12-18,DGS10,us_10y_treasury_yield,3.95
2023-12-19,DGS10,us_10y_treasury_yield,3.93
2023-12-20,DGS10,us_10y_treasury_yield,3.86
2023-12-21,DGS10,us_10y_treasury_yield,3.89
2023-12-22,DGS10,us_10y_treasury_yield,3.90
2023-12-26,DGS10,us_10y_treasury_yield,3.89
2023-12-27,DGS10,us_10y_treasury_yield,3.79
2023-12-28,DGS10,us_10y_treasury_yield,3.84
2023-12-29,DGS10,us_10y_treasury_yield,3.88
2024-01-02,DGS10,us_10y_treasury_yield,3.95
2024-01-03,DGS10,us_10y_treasury_yield,3.91
2024-01-04,DGS10,us_10y_treasury_yield,3.99
2024-01-05,DGS10,us_10y_treasury_yield,4.05
2024-01-08,DGS10,us_10y_treasury_yield,4.01
2024-01-09,DGS10,us_10y_treasury_yield,4.02
2024-01-10,DGS10,us_10y_treasury_yield,4.04
2024-01-11,DGS10,us_10y_treasury_yield,3.98
2024-01-12,DGS10,us_10y_treasury_yield,3.96
2024-01-16,DGS10,us_10y_treasury_yield,4.07
2024-01-17,DGS10,us_10y_treasury_yield,4.10
2024-01-18,DGS10,us_10y_treasury_yield,4.14
2024-01-19,DGS10,us_10y_treasury_yield,4.15
2024-01-22,DGS10,us_10y_treasury_yield,4.11
2024-01-23,DGS10,us_10y_treasury_yield,4.14
2024-01-24,DGS10,us_10y_treasury_yield,4.18
2024-01-25,DGS10,us_10y_treasury_yield,4.14
2024-01-26,DGS10,us_10y_treasury_yield,4.15
2024-01-29,DGS10,us_10y_treasury_yield,4.08
2024-01-30,DGS10,us_10y_treasury_yield,4.06
2024-01-31,DGS10,us_10y_treasury_yield,3.99
2024-02-01,DGS10,us_10y_treasury_yield,3.87
2024-02-02,DGS10,us_10y_treasury_yield,4.03
2024-02-05,DGS10,us_10y_treasury_yield,4.17
2024-02-06,DGS10,us_10y_treasury_yield,4.09
2024-02-07,DGS10,us_10y_treasury_yield,4.09
2024-02-08,DGS10,us_10y_treasury_yield,4.15
2024-02-09,DGS10,us_10y_treasury_yield,4.17
2024-02-12,DGS10,us_10y_treasury_yield,4.17
2024-02-13,DGS10,us_10y_treasury_yield,4.31
2024-02-14,DGS10,us_10y_treasury_yield,4.27
2024-02-15,DGS10,us_10y_treasury_yield,4.24
2024-02-16,DGS10,us_10y_treasury_yield,4.30
2024-02-20,DGS10,us_10y_treasury_yield,4.27
2024-02-21,DGS10,us_10y_treasury_yield,4.32
2024-02-22,DGS10,us_10y_treasury_yield,4.33
2024-02-23,DGS10,us_10y_treasury_yield,4.26
2024-02-26,DGS10,us_10y_treasury_yield,4.28
2024-02-27,DGS10,us_10y_treasury_yield,4.31
2024-02-28,DGS10,us_10y_treasury_yield,4.27
2024-02-29,DGS10,us_10y_treasury_yield,4.25
2024-03-01,DGS10,us_10y_treasury_yield,4.19
2024-03-04,DGS10,us_10y_treasury_yield,4.22
2024-03-05,DGS10,us_10y_treasury_yield,4.13
2024-03-06,DGS10,us_10y_treasury_yield,4.11
2024-03-07,DGS10,us_10y_treasury_yield,4.09
2024-03-08,DGS10,us_10y_treasury_yield,4.09
2024-03-11,DGS10,us_10y_treasury_yield,4.10
2024-03-12,DGS10,us_10y_treasury_yield,4.16
2024-03-13,DGS10,us_10y_treasury_yield,4.19
2024-03-14,DGS10,us_10y_treasury_yield,4.29
2024-03-15,DGS10,us_10y_treasury_yield,4.31
2024-03-18,DGS10,us_10y_treasury_yield,4.34
2024-03-19,DGS10,us_10y_treasury_yield,4.30
2024-03-20,DGS10,us_10y_treasury_yield,4.27
2024-03-21,DGS10,us_10y_treasury_yield,4.27
2024-03-22,DGS10,us_10y_treasury_yield,4.22
2024-03-25,DGS10,us_10y_treasury_yield,4.25
2024-03-26,DGS10,us_10y_treasury_yield,4.24
2024-03-27,DGS10,us_10y_treasury_yield,4.20
2024-03-28,DGS10,us_10y_treasury_yield,4.20
2024-04-01,DGS10,us_10y_treasury_yield,4.33
2024-04-02,DGS10,us_10y_treasury_yield,4.36
2024-04-03,DGS10,us_10y_treasury_yield,4.36
2024-04-04,DGS10,us_10y_treasury_yield,4.31
2024-04-05,DGS10,us_10y_treasury_yield,4.39
2024-04-08,DGS10,us_10y_treasury_yield,4.42
2024-04-09,DGS10,us_10y_treasury_yield,4.36
2024-04-10,DGS10,us_10y_treasury_yield,4.55
2024-04-11,DGS10,us_10y_treasury_yield,4.56
2024-04-12,DGS10,us_10y_treasury_yield,4.50
2024-04-15,DGS10,us_10y_treasury_yield,4.63
2024-04-16,DGS10,us_10y_treasury_yield,4.67
2024-04-17,DGS10,us_10y_treasury_yield,4.59
2024-04-18,DGS10,us_10y_treasury_yield,4.64
2024-04-19,DGS10,us_10y_treasury_yield,4.62
2024-04-22,DGS10,us_10y_treasury_yield,4.62
2024-04-23,DGS10,us_10y_treasury_yield,4.61
2024-04-24,DGS10,us_10y_treasury_yield,4.65
2024-04-25,DGS10,us_10y_treasury_yield,4.70
2024-04-26,DGS10,us_10y_treasury_yield,4.67
2024-04-29,DGS10,us_10y_treasury_yield,4.63
2024-04-30,DGS10,us_10y_treasury_yield,4.69
2024-05-01,DGS10,us_10y_treasury_yield,4.63
2024-05-02,DGS10,us_10y_treasury_yield,4.58
2024-05-03,DGS10,us_10y_treasury_yield,4.50
2024-05-06,DGS10,us_10y_treasury_yield,4.49
2024-05-07,DGS10,us_10y_treasury_yield,4.47
2024-05-08,DGS10,us_10y_treasury_yield,4.48
2024-05-09,DGS10,us_10y_treasury_yield,4.45
2024-05-10,DGS10,us_10y_treasury_yield,4.50
2024-05-13,DGS10,us_10y_treasury_yield,4.48
2024-05-14,DGS10,us_10y_treasury_yield,4.45
2024-05-15,DGS10,us_10y_treasury_yield,4.36
2024-05-16,DGS10,us_10y_treasury_yield,4.38
2024-05-17,DGS10,us_10y_treasury_yield,4.42
2024-05-20,DGS10,us_10y_treasury_yield,4.44
2024-05-21,DGS10,us_10y_treasury_yield,4.41
2024-05-22,DGS10,us_10y_treasury_yield,4.43
2024-05-23,DGS10,us_10y_treasury_yield,4.47
2024-05-24,DGS10,us_10y_treasury_yield,4.46
2024-05-28,DGS10,us_10y_treasury_yield,4.54
2024-05-29,DGS10,us_10y_treasury_yield,4.61
2024-05-30,DGS10,us_10y_treasury_yield,4.55
2024-05-31,DGS10,us_10y_treasury_yield,4.51
2024-06-03,DGS10,us_10y_treasury_yield,4.41
2024-06-04,DGS10,us_10y_treasury_yield,4.33
2024-06-05,DGS10,us_10y_treasury_yield,4.29
2024-06-06,DGS10,us_10y_treasury_yield,4.28
2024-06-07,DGS10,us_10y_treasury_yield,4.43
2024-06-10,DGS10,us_10y_treasury_yield,4.47
2024-06-11,DGS10,us_10y_treasury_yield,4.39
2024-06-12,DGS10,us_10y_treasury_yield,4.31
2024-06-13,DGS10,us_10y_treasury_yield,4.24
2024-06-14,DGS10,us_10y_treasury_yield,4.20
2024-06-17,DGS10,us_10y_treasury_yield,4.28
2024-06-18,DGS10,us_10y_treasury_yield,4.22
2024-06-20,DGS10,us_10y_treasury_yield,4.25
2024-06-21,DGS10,us_10y_treasury_yield,4.25
2024-06-24,DGS10,us_10y_treasury_yield,4.25
2024-06-25,DGS10,us_10y_treasury_yield,4.23
2024-06-26,DGS10,us_10y_treasury_yield,4.32
2024-06-27,DGS10,us_10y_treasury_yield,4.29
2024-06-28,DGS10,us_10y_treasury_yield,4.36
2024-07-01,DGS10,us_10y_treasury_yield,4.48
2024-07-02,DGS10,us_10y_treasury_yield,4.43
2024-07-03,DGS10,us_10y_treasury_yield,4.36
2024-07-05,DGS10,us_10y_treasury_yield,4.28
2024-07-08,DGS10,us_10y_treasury_yield,4.28
2024-07-09,DGS10,us_10y_treasury_yield,4.30
2024-07-10,DGS10,us_10y_treasury_yield,4.28
2024-07-11,DGS10,us_10y_treasury_yield,4.20
2024-07-12,DGS10,us_10y_treasury_yield,4.18
2024-07-15,DGS10,us_10y_treasury_yield,4.23
2024-07-16,DGS10,us_10y_treasury_yield,4.17
2024-07-17,DGS10,us_10y_treasury_yield,4.16
2024-07-18,DGS10,us_10y_treasury_yield,4.20
2024-07-19,DGS10,us_10y_treasury_yield,4.25
2024-07-22,DGS10,us_10y_treasury_yield,4.26
2024-07-23,DGS10,us_10y_treasury_yield,4.25
2024-07-24,DGS10,us_10y_treasury_yield,4.28
2024-07-25,DGS10,us_10y_treasury_yield,4.27
2024-07-26,DGS10,us_10y_treasury_yield,4.20
2024-07-29,DGS10,us_10y_treasury_yield,4.17
2024-07-30,DGS10,us_10y_treasury_yield,4.15
2024-07-31,DGS10,us_10y_treasury_yield,4.09
2024-08-01,DGS10,us_10y_treasury_yield,3.99
2024-08-02,DGS10,us_10y_treasury_yield,3.80
2024-08-05,DGS10,us_10y_treasury_yield,3.78
2024-08-06,DGS10,us_10y_treasury_yield,3.90
2024-08-07,DGS10,us_10y_treasury_yield,3.96
2024-08-08,DGS10,us_10y_treasury_yield,3.99
2024-08-09,DGS10,us_10y_treasury_yield,3.94
2024-08-12,DGS10,us_10y_treasury_yield,3.90
2024-08-13,DGS10,us_10y_treasury_yield,3.85
2024-08-14,DGS10,us_10y_treasury_yield,3.83
2024-08-15,DGS10,us_10y_treasury_yield,3.92
2024-08-16,DGS10,us_10y_treasury_yield,3.89
2024-08-19,DGS10,us_10y_treasury_yield,3.86
2024-08-20,DGS10,us_10y_treasury_yield,3.82
2024-08-21,DGS10,us_10y_treasury_yield,3.79
2024-08-22,DGS10,us_10y_treasury_yield,3.86
2024-08-23,DGS10,us_10y_treasury_yield,3.81
2024-08-26,DGS10,us_10y_treasury_yield,3.82
2024-08-27,DGS10,us_10y_treasury_yield,3.83
2024-08-28,DGS10,us_10y_treasury_yield,3.84
2024-08-29,DGS10,us_10y_treasury_yield,3.87
2024-08-30,DGS10,us_10y_treasury_yield,3.91
2024-09-03,DGS10,us_10y_treasury_yield,3.84
2024-09-04,DGS10,us_10y_treasury_yield,3.77
2024-09-05,DGS10,us_10y_treasury_yield,3.73
2024-09-06,DGS10,us_10y_treasury_yield,3.72
2024-09-09,DGS10,us_10y_treasury_yield,3.70
2024-09-10,DGS10,us_10y_treasury_yield,3.65
2024-09-11,DGS10,us_10y_treasury_yield,3.65
2024-09-12,DGS10,us_10y_treasury_yield,3.68
2024-09-13,DGS10,us_10y_treasury_yield,3.66
2024-09-16,DGS10,us_10y_treasury_yield,3.63
2024-09-17,DGS10,us_10y_treasury_yield,3.65
2024-09-18,DGS10,us_10y_treasury_yield,3.70
2024-09-19,DGS10,us_10y_treasury_yield,3.73
2024-09-20,DGS10,us_10y_treasury_yield,3.73
2024-09-23,DGS10,us_10y_treasury_yield,3.75
2024-09-24,DGS10,us_10y_treasury_yield,3.74
2024-09-25,DGS10,us_10y_treasury_yield,3.79
2024-09-26,DGS10,us_10y_treasury_yield,3.79
2024-09-27,DGS10,us_10y_treasury_yield,3.75
2024-09-30,DGS10,us_10y_treasury_yield,3.81
2024-10-01,DGS10,us_10y_treasury_yield,3.74
2024-10-02,DGS10,us_10y_treasury_yield,3.79
2024-10-03,DGS10,us_10y_treasury_yield,3.85
2024-10-04,DGS10,us_10y_treasury_yield,3.98
2024-10-07,DGS10,us_10y_treasury_yield,4.03
2024-10-08,DGS10,us_10y_treasury_yield,4.04
2024-10-09,DGS10,us_10y_treasury_yield,4.06
2024-10-10,DGS10,us_10y_treasury_yield,4.09
2024-10-11,DGS10,us_10y_treasury_yield,4.08
2024-10-15,DGS10,us_10y_treasury_yield,4.03
2024-10-16,DGS10,us_10y_treasury_yield,4.02
2024-10-17,DGS10,us_10y_treasury_yield,4.09
2024-10-18,DGS10,us_10y_treasury_yield,4.08
2024-10-21,DGS10,us_10y_treasury_yield,4.19
2024-10-22,DGS10,us_10y_treasury_yield,4.20
2024-10-23,DGS10,us_10y_treasury_yield,4.24
2024-10-24,DGS10,us_10y_treasury_yield,4.21
2024-10-25,DGS10,us_10y_treasury_yield,4.25
2024-10-28,DGS10,us_10y_treasury_yield,4.28
2024-10-29,DGS10,us_10y_treasury_yield,4.28
2024-10-30,DGS10,us_10y_treasury_yield,4.29
2024-10-31,DGS10,us_10y_treasury_yield,4.28
2024-11-01,DGS10,us_10y_treasury_yield,4.37
2024-11-04,DGS10,us_10y_treasury_yield,4.31
2024-11-05,DGS10,us_10y_treasury_yield,4.26
2024-11-06,DGS10,us_10y_treasury_yield,4.42
2024-11-07,DGS10,us_10y_treasury_yield,4.31
2024-11-08,DGS10,us_10y_treasury_yield,4.30
2024-11-12,DGS10,us_10y_treasury_yield,4.43
2024-11-13,DGS10,us_10y_treasury_yield,4.44
2024-11-14,DGS10,us_10y_treasury_yield,4.43
2024-11-15,DGS10,us_10y_treasury_yield,4.43
2024-11-18,DGS10,us_10y_treasury_yield,4.42
2024-11-19,DGS10,us_10y_treasury_yield,4.39
2024-11-20,DGS10,us_10y_treasury_yield,4.41
2024-11-21,DGS10,us_10y_treasury_yield,4.43
2024-11-22,DGS10,us_10y_treasury_yield,4.41
2024-11-25,DGS10,us_10y_treasury_yield,4.27
2024-11-26,DGS10,us_10y_treasury_yield,4.30
2024-11-27,DGS10,us_10y_treasury_yield,4.25
2024-11-29,DGS10,us_10y_treasury_yield,4.18
2024-12-02,DGS10,us_10y_treasury_yield,4.19
2024-12-03,DGS10,us_10y_treasury_yield,4.23
2024-12-04,DGS10,us_10y_treasury_yield,4.19
2024-12-05,DGS10,us_10y_treasury_yield,4.17
2024-12-06,DGS10,us_10y_treasury_yield,4.15
2024-12-09,DGS10,us_10y_treasury_yield,4.20
2024-12-10,DGS10,us_10y_treasury_yield,4.22
2024-12-11,DGS10,us_10y_treasury_yield,4.26
2024-12-12,DGS10,us_10y_treasury_yield,4.32
2024-12-13,DGS10,us_10y_treasury_yield,4.40
2024-12-16,DGS10,us_10y_treasury_yield,4.39
2024-12-17,DGS10,us_10y_treasury_yield,4.40
2024-12-18,DGS10,us_10y_treasury_yield,4.50
2024-12-19,DGS10,us_10y_treasury_yield,4.57
2024-12-20,DGS10,us_10y_treasury_yield,4.52
2024-12-23,DGS10,us_10y_treasury_yield,4.59
2024-12-24,DGS10,us_10y_treasury_yield,4.59
2024-12-26,DGS10,us_10y_treasury_yield,4.58
2024-12-27,DGS10,us_10y_treasury_yield,4.62
2024-12-30,DGS10,us_10y_treasury_yield,4.55
2024-12-31,DGS10,us_10y_treasury_yield,4.58
2025-01-02,DGS10,us_10y_treasury_yield,4.57
2025-01-03,DGS10,us_10y_treasury_yield,4.60
2025-01-06,DGS10,us_10y_treasury_yield,4.62
2025-01-07,DGS10,us_10y_treasury_yield,4.67
2025-01-08,DGS10,us_10y_treasury_yield,4.67
2025-01-09,DGS10,us_10y_treasury_yield,4.68
2025-01-10,DGS10,us_10y_treasury_yield,4.77
2025-01-13,DGS10,us_10y_treasury_yield,4.79
2025-01-14,DGS10,us_10y_treasury_yield,4.78
2025-01-15,DGS10,us_10y_treasury_yield,4.66
2025-01-16,DGS10,us_10y_treasury_yield,4.61
2025-01-17,DGS10,us_10y_treasury_yield,4.61
2025-01-21,DGS10,us_10y_treasury_yield,4.57
2025-01-22,DGS10,us_10y_treasury_yield,4.60
2025-01-23,DGS10,us_10y_treasury_yield,4.65
2025-01-24,DGS10,us_10y_treasury_yield,4.63
2025-01-27,DGS10,us_10y_treasury_yield,4.53
2025-01-28,DGS10,us_10y_treasury_yield,4.55
2025-01-29,DGS10,us_10y_treasury_yield,4.55
2025-01-30,DGS10,us_10y_treasury_yield,4.52
2025-01-31,DGS10,us_10y_treasury_yield,4.58
2025-02-03,DGS10,us_10y_treasury_yield,4.54
2025-02-04,DGS10,us_10y_treasury_yield,4.52
2025-02-05,DGS10,us_10y_treasury_yield,4.43
2025-02-06,DGS10,us_10y_treasury_yield,4.45
2025-02-07,DGS10,us_10y_treasury_yield,4.49
2025-02-10,DGS10,us_10y_treasury_yield,4.51
2025-02-11,DGS10,us_10y_treasury_yield,4.54
2025-02-12,DGS10,us_10y_treasury_yield,4.62
2025-02-13,DGS10,us_10y_treasury_yield,4.52
2025-02-14,DGS10,us_10y_treasury_yield,4.47
2025-02-18,DGS10,us_10y_treasury_yield,4.55
2025-02-19,DGS10,us_10y_treasury_yield,4.53
2025-02-20,DGS10,us_10y_treasury_yield,4.50
2025-02-21,DGS10,us_10y_treasury_yield,4.42
2025-02-24,DGS10,us_10y_treasury_yield,4.40
2025-02-25,DGS10,us_10y_treasury_yield,4.30
2025-02-26,DGS10,us_10y_treasury_yield,4.25
2025-02-27,DGS10,us_10y_treasury_yield,4.29
2025-02-28,DGS10,us_10y_treasury_yield,4.24
2025-03-03,DGS10,us_10y_treasury_yield,4.16
2025-03-04,DGS10,us_10y_treasury_yield,4.22
2025-03-05,DGS10,us_10y_treasury_yield,4.28
2025-03-06,DGS10,us_10y_treasury_yield,4.29
2025-03-07,DGS10,us_10y_treasury_yield,4.32
2025-03-10,DGS10,us_10y_treasury_yield,4.22
2025-03-11,DGS10,us_10y_treasury_yield,4.28
2025-03-12,DGS10,us_10y_treasury_yield,4.32
2025-03-13,DGS10,us_10y_treasury_yield,4.27
2025-03-14,DGS10,us_10y_treasury_yield,4.31
2025-03-17,DGS10,us_10y_treasury_yield,4.31
2025-03-18,DGS10,us_10y_treasury_yield,4.29
2025-03-19,DGS10,us_10y_treasury_yield,4.25
2025-03-20,DGS10,us_10y_treasury_yield,4.24
2025-03-21,DGS10,us_10y_treasury_yield,4.25
2025-03-24,DGS10,us_10y_treasury_yield,4.34
2025-03-25,DGS10,us_10y_treasury_yield,4.31
2025-03-26,DGS10,us_10y_treasury_yield,4.35
2025-03-27,DGS10,us_10y_treasury_yield,4.38
2025-03-28,DGS10,us_10y_treasury_yield,4.27
2025-03-31,DGS10,us_10y_treasury_yield,4.23
2025-04-01,DGS10,us_10y_treasury_yield,4.17
2025-04-02,DGS10,us_10y_treasury_yield,4.20
2025-04-03,DGS10,us_10y_treasury_yield,4.06
2025-04-04,DGS10,us_10y_treasury_yield,4.01
2025-04-07,DGS10,us_10y_treasury_yield,4.15
2025-04-08,DGS10,us_10y_treasury_yield,4.26
2025-04-09,DGS10,us_10y_treasury_yield,4.34
2025-04-10,DGS10,us_10y_treasury_yield,4.40
2025-04-11,DGS10,us_10y_treasury_yield,4.48
2025-04-14,DGS10,us_10y_treasury_yield,4.38
2025-04-15,DGS10,us_10y_treasury_yield,4.35
2025-04-16,DGS10,us_10y_treasury_yield,4.29
2025-04-17,DGS10,us_10y_treasury_yield,4.34
2025-04-21,DGS10,us_10y_treasury_yield,4.42
2025-04-22,DGS10,us_10y_treasury_yield,4.41
2025-04-23,DGS10,us_10y_treasury_yield,4.40
2025-04-24,DGS10,us_10y_treasury_yield,4.32
2025-04-25,DGS10,us_10y_treasury_yield,4.29
2025-04-28,DGS10,us_10y_treasury_yield,4.23
2025-04-29,DGS10,us_10y_treasury_yield,4.19
2025-04-30,DGS10,us_10y_treasury_yield,4.17
2025-05-01,DGS10,us_10y_treasury_yield,4.25
2025-05-02,DGS10,us_10y_treasury_yield,4.33
2025-05-05,DGS10,us_10y_treasury_yield,4.36
2025-05-06,DGS10,us_10y_treasury_yield,4.30
2025-05-07,DGS10,us_10y_treasury_yield,4.26
2025-05-08,DGS10,us_10y_treasury_yield,4.37
2025-05-09,DGS10,us_10y_treasury_yield,4.37
2025-05-12,DGS10,us_10y_treasury_yield,4.45
2025-05-13,DGS10,us_10y_treasury_yield,4.49
2025-05-14,DGS10,us_10y_treasury_yield,4.53
2025-05-15,DGS10,us_10y_treasury_yield,4.45
2025-05-16,DGS10,us_10y_treasury_yield,4.43
2025-05-19,DGS10,us_10y_treasury_yield,4.46
2025-05-20,DGS10,us_10y_treasury_yield,4.48
2025-05-21,DGS10,us_10y_treasury_yield,4.58
2025-05-22,DGS10,us_10y_treasury_yield,4.54
2025-05-23,DGS10,us_10y_treasury_yield,4.51
2025-05-27,DGS10,us_10y_treasury_yield,4.43
2025-05-28,DGS10,us_10y_treasury_yield,4.47
2025-05-29,DGS10,us_10y_treasury_yield,4.43
2025-05-30,DGS10,us_10y_treasury_yield,4.41
2025-06-02,DGS10,us_10y_treasury_yield,4.46
2025-06-03,DGS10,us_10y_treasury_yield,4.46
2025-06-04,DGS10,us_10y_treasury_yield,4.37
2025-06-05,DGS10,us_10y_treasury_yield,4.40
2025-06-06,DGS10,us_10y_treasury_yield,4.51
2025-06-09,DGS10,us_10y_treasury_yield,4.49
2025-06-10,DGS10,us_10y_treasury_yield,4.47
2025-06-11,DGS10,us_10y_treasury_yield,4.41
2025-06-12,DGS10,us_10y_treasury_yield,4.36
2025-06-13,DGS10,us_10y_treasury_yield,4.41
2025-06-16,DGS10,us_10y_treasury_yield,4.46
2025-06-17,DGS10,us_10y_treasury_yield,4.39
2025-06-18,DGS10,us_10y_treasury_yield,4.38
2025-06-20,DGS10,us_10y_treasury_yield,4.38
2025-06-23,DGS10,us_10y_treasury_yield,4.34
2025-06-24,DGS10,us_10y_treasury_yield,4.30
2025-06-25,DGS10,us_10y_treasury_yield,4.29
2025-06-26,DGS10,us_10y_treasury_yield,4.26
2025-06-27,DGS10,us_10y_treasury_yield,4.29
2025-06-30,DGS10,us_10y_treasury_yield,4.24
2025-07-01,DGS10,us_10y_treasury_yield,4.26
2025-07-02,DGS10,us_10y_treasury_yield,4.30
2025-07-03,DGS10,us_10y_treasury_yield,4.35
2025-07-07,DGS10,us_10y_treasury_yield,4.40
2025-07-08,DGS10,us_10y_treasury_yield,4.42
2025-07-09,DGS10,us_10y_treasury_yield,4.34
2025-07-10,DGS10,us_10y_treasury_yield,4.35
2025-07-11,DGS10,us_10y_treasury_yield,4.43
2025-07-14,DGS10,us_10y_treasury_yield,4.43
2025-07-15,DGS10,us_10y_treasury_yield,4.50
2025-07-16,DGS10,us_10y_treasury_yield,4.46
2025-07-17,DGS10,us_10y_treasury_yield,4.47
2025-07-18,DGS10,us_10y_treasury_yield,4.44
2025-07-21,DGS10,us_10y_treasury_yield,4.38
2025-07-22,DGS10,us_10y_treasury_yield,4.35
2025-07-23,DGS10,us_10y_treasury_yield,4.40
2025-07-24,DGS10,us_10y_treasury_yield,4.43
2025-07-25,DGS10,us_10y_treasury_yield,4.40
2025-07-28,DGS10,us_10y_treasury_yield,4.42
2025-07-29,DGS10,us_10y_treasury_yield,4.34
2025-07-30,DGS10,us_10y_treasury_yield,4.38
2025-07-31,DGS10,us_10y_treasury_yield,4.37
2025-08-01,DGS10,us_10y_treasury_yield,4.23
2025-08-04,DGS10,us_10y_treasury_yield,4.22
2025-08-05,DGS10,us_10y_treasury_yield,4.22
2025-08-06,DGS10,us_10y_treasury_yield,4.22
2025-08-07,DGS10,us_10y_treasury_yield,4.23
2025-08-08,DGS10,us_10y_treasury_yield,4.27
2025-08-11,DGS10,us_10y_treasury_yield,4.27
2025-08-12,DGS10,us_10y_treasury_yield,4.29
2025-08-13,DGS10,us_10y_treasury_yield,4.24
2025-08-14,DGS10,us_10y_treasury_yield,4.29
2025-08-15,DGS10,us_10y_treasury_yield,4.33
2025-08-18,DGS10,us_10y_treasury_yield,4.34
2025-08-19,DGS10,us_10y_treasury_yield,4.30
2025-08-20,DGS10,us_10y_treasury_yield,4.29
2025-08-21,DGS10,us_10y_treasury_yield,4.33
2025-08-22,DGS10,us_10y_treasury_yield,4.26
2025-08-25,DGS10,us_10y_treasury_yield,4.28
2025-08-26,DGS10,us_10y_treasury_yield,4.26
2025-08-27,DGS10,us_10y_treasury_yield,4.24
2025-08-28,DGS10,us_10y_treasury_yield,4.22
2025-08-29,DGS10,us_10y_treasury_yield,4.23
2025-09-02,DGS10,us_10y_treasury_yield,4.28
2025-09-03,DGS10,us_10y_treasury_yield,4.22
2025-09-04,DGS10,us_10y_treasury_yield,4.17
2025-09-05,DGS10,us_10y_treasury_yield,4.10
2025-09-08,DGS10,us_10y_treasury_yield,4.05
2025-09-09,DGS10,us_10y_treasury_yield,4.08
2025-09-10,DGS10,us_10y_treasury_yield,4.04
2025-09-11,DGS10,us_10y_treasury_yield,4.01
2025-09-12,DGS10,us_10y_treasury_yield,4.06
2025-09-15,DGS10,us_10y_treasury_yield,4.05
2025-09-16,DGS10,us_10y_treasury_yield,4.04
2025-09-17,DGS10,us_10y_treasury_yield,4.06
2025-09-18,DGS10,us_10y_treasury_yield,4.11
2025-09-19,DGS10,us_10y_treasury_yield,4.14
2025-09-22,DGS10,us_10y_treasury_yield,4.15
2025-09-23,DGS10,us_10y_treasury_yield,4.12
2025-09-24,DGS10,us_10y_treasury_yield,4.16
2025-09-25,DGS10,us_10y_treasury_yield,4.18
2025-09-26,DGS10,us_10y_treasury_yield,4.20
2025-09-29,DGS10,us_10y_treasury_yield,4.15
2025-09-30,DGS10,us_10y_treasury_yield,4.16
2025-10-01,DGS10,us_10y_treasury_yield,4.12
2025-10-02,DGS10,us_10y_treasury_yield,4.10
2025-10-03,DGS10,us_10y_treasury_yield,4.13
2025-10-06,DGS10,us_10y_treasury_yield,4.18
2025-10-07,DGS10,us_10y_treasury_yield,4.14
2025-10-08,DGS10,us_10y_treasury_yield,4.13
2025-10-09,DGS10,us_10y_treasury_yield,4.14
2025-10-10,DGS10,us_10y_treasury_yield,4.05
2025-10-14,DGS10,us_10y_treasury_yield,4.03
2025-10-15,DGS10,us_10y_treasury_yield,4.05
2025-10-16,DGS10,us_10y_treasury_yield,3.99
2025-10-17,DGS10,us_10y_treasury_yield,4.02
2025-10-20,DGS10,us_10y_treasury_yield,4.00
2025-10-21,DGS10,us_10y_treasury_yield,3.98
2025-10-22,DGS10,us_10y_treasury_yield,3.97
2025-10-23,DGS10,us_10y_treasury_yield,4.01
2025-10-24,DGS10,us_10y_treasury_yield,4.02
2025-10-27,DGS10,us_10y_treasury_yield,4.01
2025-10-28,DGS10,us_10y_treasury_yield,3.99
2025-10-29,DGS10,us_10y_treasury_yield,4.08
2025-10-30,DGS10,us_10y_treasury_yield,4.11
2025-10-31,DGS10,us_10y_treasury_yield,4.11
2025-11-03,DGS10,us_10y_treasury_yield,4.13
2025-11-04,DGS10,us_10y_treasury_yield,4.10
2025-11-05,DGS10,us_10y_treasury_yield,4.17
2025-11-06,DGS10,us_10y_treasury_yield,4.11
2025-11-07,DGS10,us_10y_treasury_yield,4.11
2025-11-10,DGS10,us_10y_treasury_yield,4.13
2025-11-12,DGS10,us_10y_treasury_yield,4.08
2025-11-13,DGS10,us_10y_treasury_yield,4.11
2025-11-14,DGS10,us_10y_treasury_yield,4.14
2025-11-17,DGS10,us_10y_treasury_yield,4.13
2025-11-18,DGS10,us_10y_treasury_yield,4.12
2025-11-19,DGS10,us_10y_treasury_yield,4.13
2025-11-20,DGS10,us_10y_treasury_yield,4.10
2025-11-21,DGS10,us_10y_treasury_yield,4.06
2025-11-24,DGS10,us_10y_treasury_yield,4.04
2025-11-25,DGS10,us_10y_treasury_yield,4.01
2025-11-26,DGS10,us_10y_treasury_yield,4.00
2025-11-28,DGS10,us_10y_treasury_yield,4.02
2025-12-01,DGS10,us_10y_treasury_yield,4.09
2025-12-02,DGS10,us_10y_treasury_yield,4.09
2025-12-03,DGS10,us_10y_treasury_yield,4.06
2025-12-04,DGS10,us_10y_treasury_yield,4.11
2025-12-05,DGS10,us_10y_treasury_yield,4.14
2025-12-08,DGS10,us_10y_treasury_yield,4.17
2025-12-09,DGS10,us_10y_treasury_yield,4.18
2025-12-10,DGS10,us_10y_treasury_yield,4.13
2025-12-11,DGS10,us_10y_treasury_yield,4.14
2025-12-12,DGS10,us_10y_treasury_yield,4.19
2025-12-15,DGS10,us_10y_treasury_yield,4.18
2025-12-16,DGS10,us_10y_treasury_yield,4.15
2025-12-17,DGS10,us_10y_treasury_yield,4.16
2025-12-18,DGS10,us_10y_treasury_yield,4.12
2025-12-19,DGS10,us_10y_treasury_yield,4.16
2025-12-22,DGS10,us_10y_treasury_yield,4.17
2025-12-23,DGS10,us_10y_treasury_yield,4.18
2025-12-24,DGS10,us_10y_treasury_yield,4.15
2025-12-26,DGS10,us_10y_treasury_yield,4.14
2025-12-29,DGS10,us_10y_treasury_yield,4.12
2025-12-30,DGS10,us_10y_treasury_yield,4.14
2025-12-31,DGS10,us_10y_treasury_yield,4.18
2026-01-02,DGS10,us_10y_treasury_yield,4.19
2026-01-05,DGS10,us_10y_treasury_yield,4.17
2026-01-06,DGS10,us_10y_treasury_yield,4.18
2026-01-07,DGS10,us_10y_treasury_yield,4.15
2026-01-08,DGS10,us_10y_treasury_yield,4.19
2026-01-09,DGS10,us_10y_treasury_yield,4.18
2026-01-12,DGS10,us_10y_treasury_yield,4.19
2026-01-13,DGS10,us_10y_treasury_yield,4.18
2026-01-14,DGS10,us_10y_treasury_yield,4.15
2026-01-15,DGS10,us_10y_treasury_yield,4.17
2026-01-16,DGS10,us_10y_treasury_yield,4.24
2026-01-20,DGS10,us_10y_treasury_yield,4.30
2026-01-21,DGS10,us_10y_treasury_yield,4.26
2026-01-22,DGS10,us_10y_treasury_yield,4.26
2026-01-23,DGS10,us_10y_treasury_yield,4.24
2026-01-26,DGS10,us_10y_treasury_yield,4.22
2026-01-27,DGS10,us_10y_treasury_yield,4.24
2026-01-28,DGS10,us_10y_treasury_yield,4.26
2026-01-29,DGS10,us_10y_treasury_yield,4.24
2026-01-30,DGS10,us_10y_treasury_yield,4.26
2026-02-02,DGS10,us_10y_treasury_yield,4.29
2026-02-03,DGS10,us_10y_treasury_yield,4.28
2026-02-04,DGS10,us_10y_treasury_yield,4.29
2026-02-05,DGS10,us_10y_treasury_yield,4.21
2026-02-06,DGS10,us_10y_treasury_yield,4.22
2026-02-09,DGS10,us_10y_treasury_yield,4.22
2026-02-10,DGS10,us_10y_treasury_yield,4.16
2026-02-11,DGS10,us_10y_treasury_yield,4.18
2026-02-12,DGS10,us_10y_treasury_yield,4.09
2026-02-13,DGS10,us_10y_treasury_yield,4.04
2026-02-17,DGS10,us_10y_treasury_yield,4.05
2026-02-18,DGS10,us_10y_treasury_yield,4.09
2026-02-19,DGS10,us_10y_treasury_yield,4.08
2026-02-20,DGS10,us_10y_treasury_yield,4.08
2026-02-23,DGS10,us_10y_treasury_yield,4.03
2026-02-24,DGS10,us_10y_treasury_yield,4.04
2026-02-25,DGS10,us_10y_treasury_yield,4.05
2026-02-26,DGS10,us_10y_treasury_yield,4.02
2026-02-27,DGS10,us_10y_treasury_yield,3.97
2026-03-02,DGS10,us_10y_treasury_yield,4.05
2026-03-03,DGS10,us_10y_treasury_yield,4.06
2026-03-04,DGS10,us_10y_treasury_yield,4.09
2026-03-05,DGS10,us_10y_treasury_yield,4.13
2026-03-06,DGS10,us_10y_treasury_yield,4.15
2026-03-09,DGS10,us_10y_treasury_yield,4.12
2026-03-10,DGS10,us_10y_treasury_yield,4.15
2026-03-11,DGS10,us_10y_treasury_yield,4.21
2026-03-12,DGS10,us_10y_treasury_yield,4.27
2026-03-13,DGS10,us_10y_treasury_yield,4.28
2026-03-16,DGS10,us_10y_treasury_yield,4.23
2026-03-17,DGS10,us_10y_treasury_yield,4.20
2026-03-18,DGS10,us_10y_treasury_yield,4.26
2026-03-19,DGS10,us_10y_treasury_yield,4.25
2026-03-20,DGS10,us_10y_treasury_yield,4.39
2026-03-23,DGS10,us_10y_treasury_yield,4.34
2026-03-24,DGS10,us_10y_treasury_yield,4.39
2026-03-25,DGS10,us_10y_treasury_yield,4.33
2026-03-26,DGS10,us_10y_treasury_yield,4.42
2026-03-27,DGS10,us_10y_treasury_yield,4.44
2026-03-30,DGS10,us_10y_treasury_yield,4.35
2026-03-31,DGS10,us_10y_treasury_yield,4.30
2026-04-01,DGS10,us_10y_treasury_yield,4.33
2026-04-02,DGS10,us_10y_treasury_yield,4.31
2026-04-03,DGS10,us_10y_treasury_yield,4.35
2026-04-06,DGS10,us_10y_treasury_yield,4.34
2026-04-07,DGS10,us_10y_treasury_yield,4.33
2026-04-08,DGS10,us_10y_treasury_yield,4.29
2026-04-09,DGS10,us_10y_treasury_yield,4.29
2026-04-10,DGS10,us_10y_treasury_yield,4.31
2026-04-13,DGS10,us_10y_treasury_yield,4.30
2026-04-14,DGS10,us_10y_treasury_yield,4.26
2026-04-15,DGS10,us_10y_treasury_yield,4.29
2026-04-16,DGS10,us_10y_treasury_yield,4.32
2026-04-17,DGS10,us_10y_treasury_yield,4.26
2026-04-20,DGS10,us_10y_treasury_yield,4.26
2026-04-21,DGS10,us_10y_treasury_yield,4.30
2026-04-22,DGS10,us_10y_treasury_yield,4.30
2026-04-23,DGS10,us_10y_treasury_yield,4.34
2026-04-24,DGS10,us_10y_treasury_yield,4.31
2026-04-27,DGS10,us_10y_treasury_yield,4.35
2026-04-28,DGS10,us_10y_treasury_yield,4.36
2026-04-29,DGS10,us_10y_treasury_yield,4.42
2026-04-30,DGS10,us_10y_treasury_yield,4.40
2026-05-01,DGS10,us_10y_treasury_yield,4.39
2026-05-04,DGS10,us_10y_treasury_yield,4.45
2026-05-05,DGS10,us_10y_treasury_yield,4.43
2026-05-06,DGS10,us_10y_treasury_yield,4.36
2023-05-01,VIXCLS,vix_close,16.08
2023-05-02,VIXCLS,vix_close,17.78
2023-05-03,VIXCLS,vix_close,18.34
2023-05-04,VIXCLS,vix_close,20.09
2023-05-05,VIXCLS,vix_close,17.19
2023-05-08,VIXCLS,vix_close,16.98
2023-05-09,VIXCLS,vix_close,17.71
2023-05-10,VIXCLS,vix_close,16.94
2023-05-11,VIXCLS,vix_close,16.93
2023-05-12,VIXCLS,vix_close,17.03
2023-05-15,VIXCLS,vix_close,17.12
2023-05-16,VIXCLS,vix_close,17.99
2023-05-17,VIXCLS,vix_close,16.87
2023-05-18,VIXCLS,vix_close,16.05
2023-05-19,VIXCLS,vix_close,16.81
2023-05-22,VIXCLS,vix_close,17.21
2023-05-23,VIXCLS,vix_close,18.53
2023-05-24,VIXCLS,vix_close,20.03
2023-05-25,VIXCLS,vix_close,19.14
2023-05-26,VIXCLS,vix_close,17.95
2023-05-29,VIXCLS,vix_close,17.46
2023-05-30,VIXCLS,vix_close,17.46
2023-05-31,VIXCLS,vix_close,17.94
2023-06-01,VIXCLS,vix_close,15.65
2023-06-02,VIXCLS,vix_close,14.60
2023-06-05,VIXCLS,vix_close,14.73
2023-06-06,VIXCLS,vix_close,13.96
2023-06-07,VIXCLS,vix_close,13.94
2023-06-08,VIXCLS,vix_close,13.65
2023-06-09,VIXCLS,vix_close,13.83
2023-06-12,VIXCLS,vix_close,15.01
2023-06-13,VIXCLS,vix_close,14.61
2023-06-14,VIXCLS,vix_close,13.88
2023-06-15,VIXCLS,vix_close,14.50
2023-06-16,VIXCLS,vix_close,13.54
2023-06-19,VIXCLS,vix_close,14.19
2023-06-20,VIXCLS,vix_close,13.88
2023-06-21,VIXCLS,vix_close,13.20
2023-06-22,VIXCLS,vix_close,12.91
2023-06-23,VIXCLS,vix_close,13.44
2023-06-26,VIXCLS,vix_close,14.25
2023-06-27,VIXCLS,vix_close,13.74
2023-06-28,VIXCLS,vix_close,13.43
2023-06-29,VIXCLS,vix_close,13.54
2023-06-30,VIXCLS,vix_close,13.59
2023-07-03,VIXCLS,vix_close,13.57
2023-07-04,VIXCLS,vix_close,13.70
2023-07-05,VIXCLS,vix_close,14.18
2023-07-06,VIXCLS,vix_close,15.44
2023-07-07,VIXCLS,vix_close,14.83
2023-07-10,VIXCLS,vix_close,15.07
2023-07-11,VIXCLS,vix_close,14.84
2023-07-12,VIXCLS,vix_close,13.54
2023-07-13,VIXCLS,vix_close,13.61
2023-07-14,VIXCLS,vix_close,13.34
2023-07-17,VIXCLS,vix_close,13.48
2023-07-18,VIXCLS,vix_close,13.30
2023-07-19,VIXCLS,vix_close,13.76
2023-07-20,VIXCLS,vix_close,13.99
2023-07-21,VIXCLS,vix_close,13.60
2023-07-24,VIXCLS,vix_close,13.91
2023-07-25,VIXCLS,vix_close,13.86
2023-07-26,VIXCLS,vix_close,13.19
2023-07-27,VIXCLS,vix_close,14.41
2023-07-28,VIXCLS,vix_close,13.33
2023-07-31,VIXCLS,vix_close,13.63
2023-08-01,VIXCLS,vix_close,13.93
2023-08-02,VIXCLS,vix_close,16.09
2023-08-03,VIXCLS,vix_close,15.92
2023-08-04,VIXCLS,vix_close,17.10
2023-08-07,VIXCLS,vix_close,15.77
2023-08-08,VIXCLS,vix_close,15.99
2023-08-09,VIXCLS,vix_close,15.96
2023-08-10,VIXCLS,vix_close,15.85
2023-08-11,VIXCLS,vix_close,14.84
2023-08-14,VIXCLS,vix_close,14.82
2023-08-15,VIXCLS,vix_close,16.46
2023-08-16,VIXCLS,vix_close,16.78
2023-08-17,VIXCLS,vix_close,17.89
2023-08-18,VIXCLS,vix_close,17.30
2023-08-21,VIXCLS,vix_close,17.13
2023-08-22,VIXCLS,vix_close,16.97
2023-08-23,VIXCLS,vix_close,15.98
2023-08-24,VIXCLS,vix_close,17.20
2023-08-25,VIXCLS,vix_close,15.68
2023-08-28,VIXCLS,vix_close,15.08
2023-08-29,VIXCLS,vix_close,14.45
2023-08-30,VIXCLS,vix_close,13.88
2023-08-31,VIXCLS,vix_close,13.57
2023-09-01,VIXCLS,vix_close,13.09
2023-09-04,VIXCLS,vix_close,13.82
2023-09-05,VIXCLS,vix_close,14.01
2023-09-06,VIXCLS,vix_close,14.45
2023-09-07,VIXCLS,vix_close,14.40
2023-09-08,VIXCLS,vix_close,13.84
2023-09-11,VIXCLS,vix_close,13.80
2023-09-12,VIXCLS,vix_close,14.23
2023-09-13,VIXCLS,vix_close,13.48
2023-09-14,VIXCLS,vix_close,12.82
2023-09-15,VIXCLS,vix_close,13.79
2023-09-18,VIXCLS,vix_close,14.00
2023-09-19,VIXCLS,vix_close,14.11
2023-09-20,VIXCLS,vix_close,15.14
2023-09-21,VIXCLS,vix_close,17.54
2023-09-22,VIXCLS,vix_close,17.20
2023-09-25,VIXCLS,vix_close,16.90
2023-09-26,VIXCLS,vix_close,18.94
2023-09-27,VIXCLS,vix_close,18.22
2023-09-28,VIXCLS,vix_close,17.34
2023-09-29,VIXCLS,vix_close,17.52
2023-10-02,VIXCLS,vix_close,17.61
2023-10-03,VIXCLS,vix_close,19.78
2023-10-04,VIXCLS,vix_close,18.58
2023-10-05,VIXCLS,vix_close,18.49
2023-10-06,VIXCLS,vix_close,17.45
2023-10-09,VIXCLS,vix_close,17.70
2023-10-10,VIXCLS,vix_close,17.03
2023-10-11,VIXCLS,vix_close,16.09
2023-10-12,VIXCLS,vix_close,16.69
2023-10-13,VIXCLS,vix_close,19.32
2023-10-16,VIXCLS,vix_close,17.21
2023-10-17,VIXCLS,vix_close,17.88
2023-10-18,VIXCLS,vix_close,19.22
2023-10-19,VIXCLS,vix_close,21.40
2023-10-20,VIXCLS,vix_close,21.71
2023-10-23,VIXCLS,vix_close,20.37
2023-10-24,VIXCLS,vix_close,18.97
2023-10-25,VIXCLS,vix_close,20.19
2023-10-26,VIXCLS,vix_close,20.68
2023-10-27,VIXCLS,vix_close,21.27
2023-10-30,VIXCLS,vix_close,19.75
2023-10-31,VIXCLS,vix_close,18.14
2023-11-01,VIXCLS,vix_close,16.87
2023-11-02,VIXCLS,vix_close,15.66
2023-11-03,VIXCLS,vix_close,14.91
2023-11-06,VIXCLS,vix_close,14.89
2023-11-07,VIXCLS,vix_close,14.81
2023-11-08,VIXCLS,vix_close,14.45
2023-11-09,VIXCLS,vix_close,15.29
2023-11-10,VIXCLS,vix_close,14.17
2023-11-13,VIXCLS,vix_close,14.76
2023-11-14,VIXCLS,vix_close,14.16
2023-11-15,VIXCLS,vix_close,14.18
2023-11-16,VIXCLS,vix_close,14.32
2023-11-17,VIXCLS,vix_close,13.80
2023-11-20,VIXCLS,vix_close,13.41
2023-11-21,VIXCLS,vix_close,13.35
2023-11-22,VIXCLS,vix_close,12.85
2023-11-23,VIXCLS,vix_close,12.80
2023-11-24,VIXCLS,vix_close,12.46
2023-11-27,VIXCLS,vix_close,12.69
2023-11-28,VIXCLS,vix_close,12.69
2023-11-29,VIXCLS,vix_close,12.98
2023-11-30,VIXCLS,vix_close,12.92
2023-12-01,VIXCLS,vix_close,12.63
2023-12-04,VIXCLS,vix_close,13.08
2023-12-05,VIXCLS,vix_close,12.85
2023-12-06,VIXCLS,vix_close,12.97
2023-12-07,VIXCLS,vix_close,13.06
2023-12-08,VIXCLS,vix_close,12.35
2023-12-11,VIXCLS,vix_close,12.63
2023-12-12,VIXCLS,vix_close,12.07
2023-12-13,VIXCLS,vix_close,12.19
2023-12-14,VIXCLS,vix_close,12.48
2023-12-15,VIXCLS,vix_close,12.28
2023-12-18,VIXCLS,vix_close,12.56
2023-12-19,VIXCLS,vix_close,12.53
2023-12-20,VIXCLS,vix_close,13.67
2023-12-21,VIXCLS,vix_close,13.65
2023-12-22,VIXCLS,vix_close,13.03
2023-12-26,VIXCLS,vix_close,12.99
2023-12-27,VIXCLS,vix_close,12.43
2023-12-28,VIXCLS,vix_close,12.47
2023-12-29,VIXCLS,vix_close,12.45
2024-01-02,VIXCLS,vix_close,13.20
2024-01-03,VIXCLS,vix_close,14.04
2024-01-04,VIXCLS,vix_close,14.13
2024-01-05,VIXCLS,vix_close,13.35
2024-01-08,VIXCLS,vix_close,13.08
2024-01-09,VIXCLS,vix_close,12.76
2024-01-10,VIXCLS,vix_close,12.69
2024-01-11,VIXCLS,vix_close,12.44
2024-01-12,VIXCLS,vix_close,12.70
2024-01-15,VIXCLS,vix_close,13.25
2024-01-16,VIXCLS,vix_close,13.84
2024-01-17,VIXCLS,vix_close,14.79
2024-01-18,VIXCLS,vix_close,14.13
2024-01-19,VIXCLS,vix_close,13.30
2024-01-22,VIXCLS,vix_close,13.19
2024-01-23,VIXCLS,vix_close,12.55
2024-01-24,VIXCLS,vix_close,13.14
2024-01-25,VIXCLS,vix_close,13.45
2024-01-26,VIXCLS,vix_close,13.26
2024-01-29,VIXCLS,vix_close,13.60
2024-01-30,VIXCLS,vix_close,13.31
2024-01-31,VIXCLS,vix_close,14.35
2024-02-01,VIXCLS,vix_close,13.88
2024-02-02,VIXCLS,vix_close,13.85
2024-02-05,VIXCLS,vix_close,13.67
2024-02-06,VIXCLS,vix_close,13.06
2024-02-07,VIXCLS,vix_close,12.83
2024-02-08,VIXCLS,vix_close,12.79
2024-02-09,VIXCLS,vix_close,12.93
2024-02-12,VIXCLS,vix_close,13.93
2024-02-13,VIXCLS,vix_close,15.85
2024-02-14,VIXCLS,vix_close,14.38
2024-02-15,VIXCLS,vix_close,14.01
2024-02-16,VIXCLS,vix_close,14.24
2024-02-19,VIXCLS,vix_close,14.71
2024-02-20,VIXCLS,vix_close,15.42
2024-02-21,VIXCLS,vix_close,15.34
2024-02-22,VIXCLS,vix_close,14.54
2024-02-23,VIXCLS,vix_close,13.75
2024-02-26,VIXCLS,vix_close,13.74
2024-02-27,VIXCLS,vix_close,13.43
2024-02-28,VIXCLS,vix_close,13.84
2024-02-29,VIXCLS,vix_close,13.40
2024-03-01,VIXCLS,vix_close,13.11
2024-03-04,VIXCLS,vix_close,13.49
2024-03-05,VIXCLS,vix_close,14.46
2024-03-06,VIXCLS,vix_close,14.50
2024-03-07,VIXCLS,vix_close,14.44
2024-03-08,VIXCLS,vix_close,14.74
2024-03-11,VIXCLS,vix_close,15.22
2024-03-12,VIXCLS,vix_close,13.84
2024-03-13,VIXCLS,vix_close,13.75
2024-03-14,VIXCLS,vix_close,14.40
2024-03-15,VIXCLS,vix_close,14.41
2024-03-18,VIXCLS,vix_close,14.33
2024-03-19,VIXCLS,vix_close,13.82
2024-03-20,VIXCLS,vix_close,13.04
2024-03-21,VIXCLS,vix_close,12.92
2024-03-22,VIXCLS,vix_close,13.06
2024-03-25,VIXCLS,vix_close,13.19
2024-03-26,VIXCLS,vix_close,13.24
2024-03-27,VIXCLS,vix_close,12.78
2024-03-28,VIXCLS,vix_close,13.01
2024-04-01,VIXCLS,vix_close,13.65
2024-04-02,VIXCLS,vix_close,14.61
2024-04-03,VIXCLS,vix_close,14.33
2024-04-04,VIXCLS,vix_close,16.35
2024-04-05,VIXCLS,vix_close,16.03
2024-04-08,VIXCLS,vix_close,15.19
2024-04-09,VIXCLS,vix_close,14.98
2024-04-10,VIXCLS,vix_close,15.80
2024-04-11,VIXCLS,vix_close,14.91
2024-04-12,VIXCLS,vix_close,17.31
2024-04-15,VIXCLS,vix_close,19.23
2024-04-16,VIXCLS,vix_close,18.40
2024-04-17,VIXCLS,vix_close,18.21
2024-04-18,VIXCLS,vix_close,18.00
2024-04-19,VIXCLS,vix_close,18.71
2024-04-22,VIXCLS,vix_close,16.94
2024-04-23,VIXCLS,vix_close,15.69
2024-04-24,VIXCLS,vix_close,15.97
2024-04-25,VIXCLS,vix_close,15.37
2024-04-26,VIXCLS,vix_close,15.03
2024-04-29,VIXCLS,vix_close,14.67
2024-04-30,VIXCLS,vix_close,15.65
2024-05-01,VIXCLS,vix_close,15.39
2024-05-02,VIXCLS,vix_close,14.68
2024-05-03,VIXCLS,vix_close,13.49
2024-05-06,VIXCLS,vix_close,13.49
2024-05-07,VIXCLS,vix_close,13.23
2024-05-08,VIXCLS,vix_close,13.00
2024-05-09,VIXCLS,vix_close,12.69
2024-05-10,VIXCLS,vix_close,12.55
2024-05-13,VIXCLS,vix_close,13.60
2024-05-14,VIXCLS,vix_close,13.42
2024-05-15,VIXCLS,vix_close,12.45
2024-05-16,VIXCLS,vix_close,12.42
2024-05-17,VIXCLS,vix_close,11.99
2024-05-20,VIXCLS,vix_close,12.15
2024-05-21,VIXCLS,vix_close,11.86
2024-05-22,VIXCLS,vix_close,12.29
2024-05-23,VIXCLS,vix_close,12.77
2024-05-24,VIXCLS,vix_close,11.93
2024-05-27,VIXCLS,vix_close,12.36
2024-05-28,VIXCLS,vix_close,12.92
2024-05-29,VIXCLS,vix_close,14.28
2024-05-30,VIXCLS,vix_close,14.47
2024-05-31,VIXCLS,vix_close,12.92
2024-06-03,VIXCLS,vix_close,13.11
2024-06-04,VIXCLS,vix_close,13.16
2024-06-05,VIXCLS,vix_close,12.63
2024-06-06,VIXCLS,vix_close,12.58
2024-06-07,VIXCLS,vix_close,12.22
2024-06-10,VIXCLS,vix_close,12.74
2024-06-11,VIXCLS,vix_close,12.85
2024-06-12,VIXCLS,vix_close,12.04
2024-06-13,VIXCLS,vix_close,11.94
2024-06-14,VIXCLS,vix_close,12.66
2024-06-17,VIXCLS,vix_close,12.75
2024-06-18,VIXCLS,vix_close,12.30
2024-06-19,VIXCLS,vix_close,12.48
2024-06-20,VIXCLS,vix_close,13.28
2024-06-21,VIXCLS,vix_close,13.20
2024-06-24,VIXCLS,vix_close,13.33
2024-06-25,VIXCLS,vix_close,12.84
2024-06-26,VIXCLS,vix_close,12.55
2024-06-27,VIXCLS,vix_close,12.24
2024-06-28,VIXCLS,vix_close,12.44
2024-07-01,VIXCLS,vix_close,12.22
2024-07-02,VIXCLS,vix_close,12.03
2024-07-03,VIXCLS,vix_close,12.09
2024-07-04,VIXCLS,vix_close,12.26
2024-07-05,VIXCLS,vix_close,12.48
2024-07-08,VIXCLS,vix_close,12.37
2024-07-09,VIXCLS,vix_close,12.51
2024-07-10,VIXCLS,vix_close,12.85
2024-07-11,VIXCLS,vix_close,12.92
2024-07-12,VIXCLS,vix_close,12.46
2024-07-15,VIXCLS,vix_close,13.12
2024-07-16,VIXCLS,vix_close,13.19
2024-07-17,VIXCLS,vix_close,14.48
2024-07-18,VIXCLS,vix_close,15.93
2024-07-19,VIXCLS,vix_close,16.52
2024-07-22,VIXCLS,vix_close,14.91
2024-07-23,VIXCLS,vix_close,14.72
2024-07-24,VIXCLS,vix_close,18.04
2024-07-25,VIXCLS,vix_close,18.46
2024-07-26,VIXCLS,vix_close,16.39
2024-07-29,VIXCLS,vix_close,16.60
2024-07-30,VIXCLS,vix_close,17.69
2024-07-31,VIXCLS,vix_close,16.36
2024-08-01,VIXCLS,vix_close,18.59
2024-08-02,VIXCLS,vix_close,23.39
2024-08-05,VIXCLS,vix_close,38.57
2024-08-06,VIXCLS,vix_close,27.71
2024-08-07,VIXCLS,vix_close,27.85
2024-08-08,VIXCLS,vix_close,23.79
2024-08-09,VIXCLS,vix_close,20.37
2024-08-12,VIXCLS,vix_close,20.71
2024-08-13,VIXCLS,vix_close,18.12
2024-08-14,VIXCLS,vix_close,16.19
2024-08-15,VIXCLS,vix_close,15.23
2024-08-16,VIXCLS,vix_close,14.80
2024-08-19,VIXCLS,vix_close,14.65
2024-08-20,VIXCLS,vix_close,15.88
2024-08-21,VIXCLS,vix_close,16.27
2024-08-22,VIXCLS,vix_close,17.55
2024-08-23,VIXCLS,vix_close,15.86
2024-08-26,VIXCLS,vix_close,16.15
2024-08-27,VIXCLS,vix_close,15.43
2024-08-28,VIXCLS,vix_close,17.11
2024-08-29,VIXCLS,vix_close,15.65
2024-08-30,VIXCLS,vix_close,15.00
2024-09-02,VIXCLS,vix_close,15.55
2024-09-03,VIXCLS,vix_close,20.72
2024-09-04,VIXCLS,vix_close,21.32
2024-09-05,VIXCLS,vix_close,19.90
2024-09-06,VIXCLS,vix_close,22.38
2024-09-09,VIXCLS,vix_close,19.45
2024-09-10,VIXCLS,vix_close,19.08
2024-09-11,VIXCLS,vix_close,17.69
2024-09-12,VIXCLS,vix_close,17.07
2024-09-13,VIXCLS,vix_close,16.56
2024-09-16,VIXCLS,vix_close,17.14
2024-09-17,VIXCLS,vix_close,17.61
2024-09-18,VIXCLS,vix_close,18.23
2024-09-19,VIXCLS,vix_close,16.33
2024-09-20,VIXCLS,vix_close,16.15
2024-09-23,VIXCLS,vix_close,15.89
2024-09-24,VIXCLS,vix_close,15.39
2024-09-25,VIXCLS,vix_close,15.41
2024-09-26,VIXCLS,vix_close,15.37
2024-09-27,VIXCLS,vix_close,16.96
2024-09-30,VIXCLS,vix_close,16.73
2024-10-01,VIXCLS,vix_close,19.26
2024-10-02,VIXCLS,vix_close,18.90
2024-10-03,VIXCLS,vix_close,20.49
2024-10-04,VIXCLS,vix_close,19.21
2024-10-07,VIXCLS,vix_close,22.64
2024-10-08,VIXCLS,vix_close,21.42
2024-10-09,VIXCLS,vix_close,20.86
2024-10-10,VIXCLS,vix_close,20.93
2024-10-11,VIXCLS,vix_close,20.46
2024-10-14,VIXCLS,vix_close,19.70
2024-10-15,VIXCLS,vix_close,20.64
2024-10-16,VIXCLS,vix_close,19.58
2024-10-17,VIXCLS,vix_close,19.11
2024-10-18,VIXCLS,vix_close,18.03
2024-10-21,VIXCLS,vix_close,18.37
2024-10-22,VIXCLS,vix_close,18.20
2024-10-23,VIXCLS,vix_close,19.24
2024-10-24,VIXCLS,vix_close,19.08
2024-10-25,VIXCLS,vix_close,20.33
2024-10-28,VIXCLS,vix_close,19.80
2024-10-29,VIXCLS,vix_close,19.34
2024-10-30,VIXCLS,vix_close,20.35
2024-10-31,VIXCLS,vix_close,23.16
2024-11-01,VIXCLS,vix_close,21.88
2024-11-04,VIXCLS,vix_close,21.98
2024-11-05,VIXCLS,vix_close,20.49
2024-11-06,VIXCLS,vix_close,16.27
2024-11-07,VIXCLS,vix_close,15.20
2024-11-08,VIXCLS,vix_close,14.94
2024-11-11,VIXCLS,vix_close,14.97
2024-11-12,VIXCLS,vix_close,14.71
2024-11-13,VIXCLS,vix_close,14.02
2024-11-14,VIXCLS,vix_close,14.31
2024-11-15,VIXCLS,vix_close,16.14
2024-11-18,VIXCLS,vix_close,15.58
2024-11-19,VIXCLS,vix_close,16.35
2024-11-20,VIXCLS,vix_close,17.16
2024-11-21,VIXCLS,vix_close,16.87
2024-11-22,VIXCLS,vix_close,15.24
2024-11-25,VIXCLS,vix_close,14.60
2024-11-26,VIXCLS,vix_close,14.10
2024-11-27,VIXCLS,vix_close,14.10
2024-11-28,VIXCLS,vix_close,13.90
2024-11-29,VIXCLS,vix_close,13.51
2024-12-02,VIXCLS,vix_close,13.34
2024-12-03,VIXCLS,vix_close,13.30
2024-12-04,VIXCLS,vix_close,13.45
2024-12-05,VIXCLS,vix_close,13.54
2024-12-06,VIXCLS,vix_close,12.77
2024-12-09,VIXCLS,vix_close,14.19
2024-12-10,VIXCLS,vix_close,14.18
2024-12-11,VIXCLS,vix_close,13.58
2024-12-12,VIXCLS,vix_close,13.92
2024-12-13,VIXCLS,vix_close,13.81
2024-12-16,VIXCLS,vix_close,14.69
2024-12-17,VIXCLS,vix_close,15.87
2024-12-18,VIXCLS,vix_close,27.62
2024-12-19,VIXCLS,vix_close,24.09
2024-12-20,VIXCLS,vix_close,18.36
2024-12-23,VIXCLS,vix_close,16.78
2024-12-24,VIXCLS,vix_close,14.27
2024-12-26,VIXCLS,vix_close,14.73
2024-12-27,VIXCLS,vix_close,15.95
2024-12-30,VIXCLS,vix_close,17.40
2024-12-31,VIXCLS,vix_close,17.35
2025-01-02,VIXCLS,vix_close,17.93
2025-01-03,VIXCLS,vix_close,16.13
2025-01-06,VIXCLS,vix_close,16.04
2025-01-07,VIXCLS,vix_close,17.82
2025-01-08,VIXCLS,vix_close,17.70
2025-01-09,VIXCLS,vix_close,18.07
2025-01-10,VIXCLS,vix_close,19.54
2025-01-13,VIXCLS,vix_close,19.19
2025-01-14,VIXCLS,vix_close,18.71
2025-01-15,VIXCLS,vix_close,16.12
2025-01-16,VIXCLS,vix_close,16.60
2025-01-17,VIXCLS,vix_close,15.97
2025-01-20,VIXCLS,vix_close,15.81
2025-01-21,VIXCLS,vix_close,15.06
2025-01-22,VIXCLS,vix_close,15.10
2025-01-23,VIXCLS,vix_close,15.02
2025-01-24,VIXCLS,vix_close,14.85
2025-01-27,VIXCLS,vix_close,17.90
2025-01-28,VIXCLS,vix_close,16.41
2025-01-29,VIXCLS,vix_close,16.56
2025-01-30,VIXCLS,vix_close,15.84
2025-01-31,VIXCLS,vix_close,16.43
2025-02-03,VIXCLS,vix_close,18.62
2025-02-04,VIXCLS,vix_close,17.21
2025-02-05,VIXCLS,vix_close,15.77
2025-02-06,VIXCLS,vix_close,15.50
2025-02-07,VIXCLS,vix_close,16.54
2025-02-10,VIXCLS,vix_close,15.81
2025-02-11,VIXCLS,vix_close,16.02
2025-02-12,VIXCLS,vix_close,15.89
2025-02-13,VIXCLS,vix_close,15.10
2025-02-14,VIXCLS,vix_close,14.77
2025-02-17,VIXCLS,vix_close,15.37
2025-02-18,VIXCLS,vix_close,15.35
2025-02-19,VIXCLS,vix_close,15.27
2025-02-20,VIXCLS,vix_close,15.66
2025-02-21,VIXCLS,vix_close,18.21
2025-02-24,VIXCLS,vix_close,18.98
2025-02-25,VIXCLS,vix_close,19.43
2025-02-26,VIXCLS,vix_close,19.10
2025-02-27,VIXCLS,vix_close,21.13
2025-02-28,VIXCLS,vix_close,19.63
2025-03-03,VIXCLS,vix_close,22.78
2025-03-04,VIXCLS,vix_close,23.51
2025-03-05,VIXCLS,vix_close,21.93
2025-03-06,VIXCLS,vix_close,24.87
2025-03-07,VIXCLS,vix_close,23.37
2025-03-10,VIXCLS,vix_close,27.86
2025-03-11,VIXCLS,vix_close,26.92
2025-03-12,VIXCLS,vix_close,24.23
2025-03-13,VIXCLS,vix_close,24.66
2025-03-14,VIXCLS,vix_close,21.77
2025-03-17,VIXCLS,vix_close,20.51
2025-03-18,VIXCLS,vix_close,21.70
2025-03-19,VIXCLS,vix_close,19.90
2025-03-20,VIXCLS,vix_close,19.80
2025-03-21,VIXCLS,vix_close,19.28
2025-03-24,VIXCLS,vix_close,17.48
2025-03-25,VIXCLS,vix_close,17.15
2025-03-26,VIXCLS,vix_close,18.33
2025-03-27,VIXCLS,vix_close,18.69
2025-03-28,VIXCLS,vix_close,21.65
2025-03-31,VIXCLS,vix_close,22.28
2025-04-01,VIXCLS,vix_close,21.77
2025-04-02,VIXCLS,vix_close,21.51
2025-04-03,VIXCLS,vix_close,30.02
2025-04-04,VIXCLS,vix_close,45.31
2025-04-07,VIXCLS,vix_close,46.98
2025-04-08,VIXCLS,vix_close,52.33
2025-04-09,VIXCLS,vix_close,33.62
2025-04-10,VIXCLS,vix_close,40.72
2025-04-11,VIXCLS,vix_close,37.56
2025-04-14,VIXCLS,vix_close,30.89
2025-04-15,VIXCLS,vix_close,30.12
2025-04-16,VIXCLS,vix_close,32.64
2025-04-17,VIXCLS,vix_close,29.65
2025-04-21,VIXCLS,vix_close,33.82
2025-04-22,VIXCLS,vix_close,30.57
2025-04-23,VIXCLS,vix_close,28.45
2025-04-24,VIXCLS,vix_close,26.47
2025-04-25,VIXCLS,vix_close,24.84
2025-04-28,VIXCLS,vix_close,25.15
2025-04-29,VIXCLS,vix_close,24.17
2025-04-30,VIXCLS,vix_close,24.70
2025-05-01,VIXCLS,vix_close,24.60
2025-05-02,VIXCLS,vix_close,22.68
2025-05-05,VIXCLS,vix_close,23.64
2025-05-06,VIXCLS,vix_close,24.76
2025-05-07,VIXCLS,vix_close,23.55
2025-05-08,VIXCLS,vix_close,22.48
2025-05-09,VIXCLS,vix_close,21.90
2025-05-12,VIXCLS,vix_close,18.39
2025-05-13,VIXCLS,vix_close,18.22
2025-05-14,VIXCLS,vix_close,18.62
2025-05-15,VIXCLS,vix_close,17.83
2025-05-16,VIXCLS,vix_close,17.24
2025-05-19,VIXCLS,vix_close,18.14
2025-05-20,VIXCLS,vix_close,18.09
2025-05-21,VIXCLS,vix_close,20.87
2025-05-22,VIXCLS,vix_close,20.28
2025-05-23,VIXCLS,vix_close,22.29
2025-05-26,VIXCLS,vix_close,20.57
2025-05-27,VIXCLS,vix_close,18.96
2025-05-28,VIXCLS,vix_close,19.31
2025-05-29,VIXCLS,vix_close,19.18
2025-05-30,VIXCLS,vix_close,18.57
2025-06-02,VIXCLS,vix_close,18.36
2025-06-03,VIXCLS,vix_close,17.69
2025-06-04,VIXCLS,vix_close,17.61
2025-06-05,VIXCLS,vix_close,18.48
2025-06-06,VIXCLS,vix_close,16.77
2025-06-09,VIXCLS,vix_close,17.16
2025-06-10,VIXCLS,vix_close,16.95
2025-06-11,VIXCLS,vix_close,17.26
2025-06-12,VIXCLS,vix_close,18.02
2025-06-13,VIXCLS,vix_close,20.82
2025-06-16,VIXCLS,vix_close,19.11
2025-06-17,VIXCLS,vix_close,21.60
2025-06-18,VIXCLS,vix_close,20.14
2025-06-19,VIXCLS,vix_close,22.17
2025-06-20,VIXCLS,vix_close,20.62
2025-06-23,VIXCLS,vix_close,19.83
2025-06-24,VIXCLS,vix_close,17.48
2025-06-25,VIXCLS,vix_close,16.76
2025-06-26,VIXCLS,vix_close,16.59
2025-06-27,VIXCLS,vix_close,16.32
2025-06-30,VIXCLS,vix_close,16.73
2025-07-01,VIXCLS,vix_close,16.83
2025-07-02,VIXCLS,vix_close,16.64
2025-07-03,VIXCLS,vix_close,16.38
2025-07-04,VIXCLS,vix_close,17.48
2025-07-07,VIXCLS,vix_close,17.79
2025-07-08,VIXCLS,vix_close,16.81
2025-07-09,VIXCLS,vix_close,15.94
2025-07-10,VIXCLS,vix_close,15.78
2025-07-11,VIXCLS,vix_close,16.40
2025-07-14,VIXCLS,vix_close,17.20
2025-07-15,VIXCLS,vix_close,17.38
2025-07-16,VIXCLS,vix_close,17.16
2025-07-17,VIXCLS,vix_close,16.52
2025-07-18,VIXCLS,vix_close,16.41
2025-07-21,VIXCLS,vix_close,16.65
2025-07-22,VIXCLS,vix_close,16.50
2025-07-23,VIXCLS,vix_close,15.37
2025-07-24,VIXCLS,vix_close,15.39
2025-07-25,VIXCLS,vix_close,14.93
2025-07-28,VIXCLS,vix_close,15.03
2025-07-29,VIXCLS,vix_close,15.98
2025-07-30,VIXCLS,vix_close,15.48
2025-07-31,VIXCLS,vix_close,16.72
2025-08-01,VIXCLS,vix_close,20.38
2025-08-04,VIXCLS,vix_close,17.52
2025-08-05,VIXCLS,vix_close,17.85
2025-08-06,VIXCLS,vix_close,16.77
2025-08-07,VIXCLS,vix_close,16.57
2025-08-08,VIXCLS,vix_close,15.15
2025-08-11,VIXCLS,vix_close,16.25
2025-08-12,VIXCLS,vix_close,14.73
2025-08-13,VIXCLS,vix_close,14.49
2025-08-14,VIXCLS,vix_close,14.83
2025-08-15,VIXCLS,vix_close,15.09
2025-08-18,VIXCLS,vix_close,14.99
2025-08-19,VIXCLS,vix_close,15.57
2025-08-20,VIXCLS,vix_close,15.69
2025-08-21,VIXCLS,vix_close,16.60
2025-08-22,VIXCLS,vix_close,14.22
2025-08-25,VIXCLS,vix_close,14.79
2025-08-26,VIXCLS,vix_close,14.62
2025-08-27,VIXCLS,vix_close,14.85
2025-08-28,VIXCLS,vix_close,14.43
2025-08-29,VIXCLS,vix_close,15.36
2025-09-01,VIXCLS,vix_close,16.12
2025-09-02,VIXCLS,vix_close,17.17
2025-09-03,VIXCLS,vix_close,16.35
2025-09-04,VIXCLS,vix_close,15.30
2025-09-05,VIXCLS,vix_close,15.18
2025-09-08,VIXCLS,vix_close,15.11
2025-09-09,VIXCLS,vix_close,15.04
2025-09-10,VIXCLS,vix_close,15.35
2025-09-11,VIXCLS,vix_close,14.71
2025-09-12,VIXCLS,vix_close,14.76
2025-09-15,VIXCLS,vix_close,15.69
2025-09-16,VIXCLS,vix_close,16.36
2025-09-17,VIXCLS,vix_close,15.72
2025-09-18,VIXCLS,vix_close,15.70
2025-09-19,VIXCLS,vix_close,15.45
2025-09-22,VIXCLS,vix_close,16.10
2025-09-23,VIXCLS,vix_close,16.64
2025-09-24,VIXCLS,vix_close,16.18
2025-09-25,VIXCLS,vix_close,16.74
2025-09-26,VIXCLS,vix_close,15.29
2025-09-29,VIXCLS,vix_close,16.12
2025-09-30,VIXCLS,vix_close,16.28
2025-10-01,VIXCLS,vix_close,16.29
2025-10-02,VIXCLS,vix_close,16.63
2025-10-03,VIXCLS,vix_close,16.65
2025-10-06,VIXCLS,vix_close,16.37
2025-10-07,VIXCLS,vix_close,17.24
2025-10-08,VIXCLS,vix_close,16.30
2025-10-09,VIXCLS,vix_close,16.43
2025-10-10,VIXCLS,vix_close,21.66
2025-10-13,VIXCLS,vix_close,19.03
2025-10-14,VIXCLS,vix_close,20.81
2025-10-15,VIXCLS,vix_close,20.64
2025-10-16,VIXCLS,vix_close,25.31
2025-10-17,VIXCLS,vix_close,20.78
2025-10-20,VIXCLS,vix_close,18.23
2025-10-21,VIXCLS,vix_close,17.87
2025-10-22,VIXCLS,vix_close,18.60
2025-10-23,VIXCLS,vix_close,17.30
2025-10-24,VIXCLS,vix_close,16.37
2025-10-27,VIXCLS,vix_close,15.79
2025-10-28,VIXCLS,vix_close,16.42
2025-10-29,VIXCLS,vix_close,16.92
2025-10-30,VIXCLS,vix_close,16.91
2025-10-31,VIXCLS,vix_close,17.44
2025-11-03,VIXCLS,vix_close,17.17
2025-11-04,VIXCLS,vix_close,19.00
2025-11-05,VIXCLS,vix_close,18.01
2025-11-06,VIXCLS,vix_close,19.50
2025-11-07,VIXCLS,vix_close,19.08
2025-11-10,VIXCLS,vix_close,17.60
2025-11-11,VIXCLS,vix_close,17.28
2025-11-12,VIXCLS,vix_close,17.51
2025-11-13,VIXCLS,vix_close,20.00
2025-11-14,VIXCLS,vix_close,19.83
2025-11-17,VIXCLS,vix_close,22.38
2025-11-18,VIXCLS,vix_close,24.69
2025-11-19,VIXCLS,vix_close,23.66
2025-11-20,VIXCLS,vix_close,26.42
2025-11-21,VIXCLS,vix_close,23.43
2025-11-24,VIXCLS,vix_close,20.52
2025-11-25,VIXCLS,vix_close,18.56
2025-11-26,VIXCLS,vix_close,17.19
2025-11-27,VIXCLS,vix_close,17.21
2025-11-28,VIXCLS,vix_close,16.35
2025-12-01,VIXCLS,vix_close,17.24
2025-12-02,VIXCLS,vix_close,16.59
2025-12-03,VIXCLS,vix_close,16.08
2025-12-04,VIXCLS,vix_close,15.78
2025-12-05,VIXCLS,vix_close,15.41
2025-12-08,VIXCLS,vix_close,16.66
2025-12-09,VIXCLS,vix_close,16.93
2025-12-10,VIXCLS,vix_close,15.77
2025-12-11,VIXCLS,vix_close,14.85
2025-12-12,VIXCLS,vix_close,15.74
2025-12-15,VIXCLS,vix_close,16.50
2025-12-16,VIXCLS,vix_close,16.48
2025-12-17,VIXCLS,vix_close,17.62
2025-12-18,VIXCLS,vix_close,16.87
2025-12-19,VIXCLS,vix_close,14.91
2025-12-22,VIXCLS,vix_close,14.08
2025-12-23,VIXCLS,vix_close,14.00
2025-12-24,VIXCLS,vix_close,13.47
2025-12-26,VIXCLS,vix_close,13.60
2025-12-29,VIXCLS,vix_close,14.20
2025-12-30,VIXCLS,vix_close,14.33
2025-12-31,VIXCLS,vix_close,14.95
2026-01-02,VIXCLS,vix_close,14.51
2026-01-05,VIXCLS,vix_close,14.90
2026-01-06,VIXCLS,vix_close,14.75
2026-01-07,VIXCLS,vix_close,15.38
2026-01-08,VIXCLS,vix_close,15.45
2026-01-09,VIXCLS,vix_close,14.49
2026-01-12,VIXCLS,vix_close,15.12
2026-01-13,VIXCLS,vix_close,15.98
2026-01-14,VIXCLS,vix_close,16.75
2026-01-15,VIXCLS,vix_close,15.84
2026-01-16,VIXCLS,vix_close,15.86
2026-01-19,VIXCLS,vix_close,18.84
2026-01-20,VIXCLS,vix_close,20.09
2026-01-21,VIXCLS,vix_close,16.90
2026-01-22,VIXCLS,vix_close,15.64
2026-01-23,VIXCLS,vix_close,16.09
2026-01-26,VIXCLS,vix_close,16.15
2026-01-27,VIXCLS,vix_close,16.35
2026-01-28,VIXCLS,vix_close,16.35
2026-01-29,VIXCLS,vix_close,16.88
2026-01-30,VIXCLS,vix_close,17.44
2026-02-02,VIXCLS,vix_close,16.34
2026-02-03,VIXCLS,vix_close,18.00
2026-02-04,VIXCLS,vix_close,18.64
2026-02-05,VIXCLS,vix_close,21.77
2026-02-06,VIXCLS,vix_close,17.76
2026-02-09,VIXCLS,vix_close,17.36
2026-02-10,VIXCLS,vix_close,17.79
2026-02-11,VIXCLS,vix_close,17.65
2026-02-12,VIXCLS,vix_close,20.82
2026-02-13,VIXCLS,vix_close,20.60
2026-02-16,VIXCLS,vix_close,21.20
2026-02-17,VIXCLS,vix_close,20.29
2026-02-18,VIXCLS,vix_close,19.62
2026-02-19,VIXCLS,vix_close,20.23
2026-02-20,VIXCLS,vix_close,19.09
2026-02-23,VIXCLS,vix_close,21.01
2026-02-24,VIXCLS,vix_close,19.55
2026-02-25,VIXCLS,vix_close,17.93
2026-02-26,VIXCLS,vix_close,18.63
2026-02-27,VIXCLS,vix_close,19.86
2026-03-02,VIXCLS,vix_close,21.44
2026-03-03,VIXCLS,vix_close,23.57
2026-03-04,VIXCLS,vix_close,21.15
2026-03-05,VIXCLS,vix_close,23.75
2026-03-06,VIXCLS,vix_close,29.49
2026-03-09,VIXCLS,vix_close,25.50
2026-03-10,VIXCLS,vix_close,24.93
2026-03-11,VIXCLS,vix_close,24.23
2026-03-12,VIXCLS,vix_close,27.29
2026-03-13,VIXCLS,vix_close,27.19
2026-03-16,VIXCLS,vix_close,23.51
2026-03-17,VIXCLS,vix_close,22.37
2026-03-18,VIXCLS,vix_close,25.09
2026-03-19,VIXCLS,vix_close,24.06
2026-03-20,VIXCLS,vix_close,26.78
2026-03-23,VIXCLS,vix_close,26.15
2026-03-24,VIXCLS,vix_close,26.95
2026-03-25,VIXCLS,vix_close,25.33
2026-03-26,VIXCLS,vix_close,27.44
2026-03-27,VIXCLS,vix_close,31.05
2026-03-30,VIXCLS,vix_close,30.61
2026-03-31,VIXCLS,vix_close,25.25
2026-04-01,VIXCLS,vix_close,24.54
2026-04-02,VIXCLS,vix_close,23.87
2026-04-06,VIXCLS,vix_close,24.17
2026-04-07,VIXCLS,vix_close,25.78
2026-04-08,VIXCLS,vix_close,21.04
2026-04-09,VIXCLS,vix_close,19.49
2026-04-10,VIXCLS,vix_close,19.23
2026-04-13,VIXCLS,vix_close,19.12
2026-04-14,VIXCLS,vix_close,18.36
2026-04-15,VIXCLS,vix_close,18.17
2026-04-16,VIXCLS,vix_close,17.94
2026-04-17,VIXCLS,vix_close,17.48
2026-04-20,VIXCLS,vix_close,18.87
2026-04-21,VIXCLS,vix_close,19.50
2026-04-22,VIXCLS,vix_close,18.92
2026-04-23,VIXCLS,vix_close,19.31
2026-04-24,VIXCLS,vix_close,18.71
2026-04-27,VIXCLS,vix_close,18.02
2026-04-28,VIXCLS,vix_close,17.83
2026-04-29,VIXCLS,vix_close,18.81
2026-04-30,VIXCLS,vix_close,16.89
2026-05-01,VIXCLS,vix_close,16.99
2026-05-04,VIXCLS,vix_close,18.29
2026-05-05,VIXCLS,vix_close,17.38
2026-05-06,VIXCLS,vix_close,17.39
2023-05-01,DFF,effective_fed_funds_rate,4.83
2023-05-02,DFF,effective_fed_funds_rate,4.83
2023-05-03,DFF,effective_fed_funds_rate,4.83
2023-05-04,DFF,effective_fed_funds_rate,5.08
2023-05-05,DFF,effective_fed_funds_rate,5.08
2023-05-06,DFF,effective_fed_funds_rate,5.08
2023-05-07,DFF,effective_fed_funds_rate,5.08
2023-05-08,DFF,effective_fed_funds_rate,5.08
2023-05-09,DFF,effective_fed_funds_rate,5.08
2023-05-10,DFF,effective_fed_funds_rate,5.08
2023-05-11,DFF,effective_fed_funds_rate,5.08
2023-05-12,DFF,effective_fed_funds_rate,5.08
2023-05-13,DFF,effective_fed_funds_rate,5.08
2023-05-14,DFF,effective_fed_funds_rate,5.08
2023-05-15,DFF,effective_fed_funds_rate,5.08
2023-05-16,DFF,effective_fed_funds_rate,5.08
2023-05-17,DFF,effective_fed_funds_rate,5.08
2023-05-18,DFF,effective_fed_funds_rate,5.08
2023-05-19,DFF,effective_fed_funds_rate,5.08
2023-05-20,DFF,effective_fed_funds_rate,5.08
2023-05-21,DFF,effective_fed_funds_rate,5.08
2023-05-22,DFF,effective_fed_funds_rate,5.08
2023-05-23,DFF,effective_fed_funds_rate,5.08
2023-05-24,DFF,effective_fed_funds_rate,5.08
2023-05-25,DFF,effective_fed_funds_rate,5.08
2023-05-26,DFF,effective_fed_funds_rate,5.08
2023-05-27,DFF,effective_fed_funds_rate,5.08
2023-05-28,DFF,effective_fed_funds_rate,5.08
2023-05-29,DFF,effective_fed_funds_rate,5.08
2023-05-30,DFF,effective_fed_funds_rate,5.08
2023-05-31,DFF,effective_fed_funds_rate,5.08
2023-06-01,DFF,effective_fed_funds_rate,5.08
2023-06-02,DFF,effective_fed_funds_rate,5.08
2023-06-03,DFF,effective_fed_funds_rate,5.08
2023-06-04,DFF,effective_fed_funds_rate,5.08
2023-06-05,DFF,effective_fed_funds_rate,5.08
2023-06-06,DFF,effective_fed_funds_rate,5.08
2023-06-07,DFF,effective_fed_funds_rate,5.08
2023-06-08,DFF,effective_fed_funds_rate,5.08
2023-06-09,DFF,effective_fed_funds_rate,5.08
2023-06-10,DFF,effective_fed_funds_rate,5.08
2023-06-11,DFF,effective_fed_funds_rate,5.08
2023-06-12,DFF,effective_fed_funds_rate,5.08
2023-06-13,DFF,effective_fed_funds_rate,5.08
2023-06-14,DFF,effective_fed_funds_rate,5.08
2023-06-15,DFF,effective_fed_funds_rate,5.07
2023-06-16,DFF,effective_fed_funds_rate,5.08
2023-06-17,DFF,effective_fed_funds_rate,5.08
2023-06-18,DFF,effective_fed_funds_rate,5.08
2023-06-19,DFF,effective_fed_funds_rate,5.08
2023-06-20,DFF,effective_fed_funds_rate,5.07
2023-06-21,DFF,effective_fed_funds_rate,5.07
2023-06-22,DFF,effective_fed_funds_rate,5.07
2023-06-23,DFF,effective_fed_funds_rate,5.07
2023-06-24,DFF,effective_fed_funds_rate,5.07
2023-06-25,DFF,effective_fed_funds_rate,5.07
2023-06-26,DFF,effective_fed_funds_rate,5.07
2023-06-27,DFF,effective_fed_funds_rate,5.07
2023-06-28,DFF,effective_fed_funds_rate,5.07
2023-06-29,DFF,effective_fed_funds_rate,5.07
2023-06-30,DFF,effective_fed_funds_rate,5.08
2023-07-01,DFF,effective_fed_funds_rate,5.08
2023-07-02,DFF,effective_fed_funds_rate,5.08
2023-07-03,DFF,effective_fed_funds_rate,5.08
2023-07-04,DFF,effective_fed_funds_rate,5.08
2023-07-05,DFF,effective_fed_funds_rate,5.08
2023-07-06,DFF,effective_fed_funds_rate,5.08
2023-07-07,DFF,effective_fed_funds_rate,5.08
2023-07-08,DFF,effective_fed_funds_rate,5.08
2023-07-09,DFF,effective_fed_funds_rate,5.08
2023-07-10,DFF,effective_fed_funds_rate,5.07
2023-07-11,DFF,effective_fed_funds_rate,5.08
2023-07-12,DFF,effective_fed_funds_rate,5.08
2023-07-13,DFF,effective_fed_funds_rate,5.08
2023-07-14,DFF,effective_fed_funds_rate,5.08
2023-07-15,DFF,effective_fed_funds_rate,5.08
2023-07-16,DFF,effective_fed_funds_rate,5.08
2023-07-17,DFF,effective_fed_funds_rate,5.08
2023-07-18,DFF,effective_fed_funds_rate,5.08
2023-07-19,DFF,effective_fed_funds_rate,5.08
2023-07-20,DFF,effective_fed_funds_rate,5.08
2023-07-21,DFF,effective_fed_funds_rate,5.08
2023-07-22,DFF,effective_fed_funds_rate,5.08
2023-07-23,DFF,effective_fed_funds_rate,5.08
2023-07-24,DFF,effective_fed_funds_rate,5.08
2023-07-25,DFF,effective_fed_funds_rate,5.08
2023-07-26,DFF,effective_fed_funds_rate,5.08
2023-07-27,DFF,effective_fed_funds_rate,5.33
2023-07-28,DFF,effective_fed_funds_rate,5.33
2023-07-29,DFF,effective_fed_funds_rate,5.33
2023-07-30,DFF,effective_fed_funds_rate,5.33
2023-07-31,DFF,effective_fed_funds_rate,5.33
2023-08-01,DFF,effective_fed_funds_rate,5.33
2023-08-02,DFF,effective_fed_funds_rate,5.33
2023-08-03,DFF,effective_fed_funds_rate,5.33
2023-08-04,DFF,effective_fed_funds_rate,5.33
2023-08-05,DFF,effective_fed_funds_rate,5.33
2023-08-06,DFF,effective_fed_funds_rate,5.33
2023-08-07,DFF,effective_fed_funds_rate,5.33
2023-08-08,DFF,effective_fed_funds_rate,5.33
2023-08-09,DFF,effective_fed_funds_rate,5.33
2023-08-10,DFF,effective_fed_funds_rate,5.33
2023-08-11,DFF,effective_fed_funds_rate,5.33
2023-08-12,DFF,effective_fed_funds_rate,5.33
2023-08-13,DFF,effective_fed_funds_rate,5.33
2023-08-14,DFF,effective_fed_funds_rate,5.33
2023-08-15,DFF,effective_fed_funds_rate,5.33
2023-08-16,DFF,effective_fed_funds_rate,5.33
2023-08-17,DFF,effective_fed_funds_rate,5.33
2023-08-18,DFF,effective_fed_funds_rate,5.33
2023-08-19,DFF,effective_fed_funds_rate,5.33
2023-08-20,DFF,effective_fed_funds_rate,5.33
2023-08-21,DFF,effective_fed_funds_rate,5.33
2023-08-22,DFF,effective_fed_funds_rate,5.33
2023-08-23,DFF,effective_fed_funds_rate,5.33
2023-08-24,DFF,effective_fed_funds_rate,5.33
2023-08-25,DFF,effective_fed_funds_rate,5.33
2023-08-26,DFF,effective_fed_funds_rate,5.33
2023-08-27,DFF,effective_fed_funds_rate,5.33
2023-08-28,DFF,effective_fed_funds_rate,5.33
2023-08-29,DFF,effective_fed_funds_rate,5.33
2023-08-30,DFF,effective_fed_funds_rate,5.33
2023-08-31,DFF,effective_fed_funds_rate,5.33
2023-09-01,DFF,effective_fed_funds_rate,5.33
2023-09-02,DFF,effective_fed_funds_rate,5.33
2023-09-03,DFF,effective_fed_funds_rate,5.33
2023-09-04,DFF,effective_fed_funds_rate,5.33
2023-09-05,DFF,effective_fed_funds_rate,5.33
2023-09-06,DFF,effective_fed_funds_rate,5.33
2023-09-07,DFF,effective_fed_funds_rate,5.33
2023-09-08,DFF,effective_fed_funds_rate,5.33
2023-09-09,DFF,effective_fed_funds_rate,5.33
2023-09-10,DFF,effective_fed_funds_rate,5.33
2023-09-11,DFF,effective_fed_funds_rate,5.33
2023-09-12,DFF,effective_fed_funds_rate,5.33
2023-09-13,DFF,effective_fed_funds_rate,5.33
2023-09-14,DFF,effective_fed_funds_rate,5.33
2023-09-15,DFF,effective_fed_funds_rate,5.33
2023-09-16,DFF,effective_fed_funds_rate,5.33
2023-09-17,DFF,effective_fed_funds_rate,5.33
2023-09-18,DFF,effective_fed_funds_rate,5.33
2023-09-19,DFF,effective_fed_funds_rate,5.33
2023-09-20,DFF,effective_fed_funds_rate,5.33
2023-09-21,DFF,effective_fed_funds_rate,5.33
2023-09-22,DFF,effective_fed_funds_rate,5.33
2023-09-23,DFF,effective_fed_funds_rate,5.33
2023-09-24,DFF,effective_fed_funds_rate,5.33
2023-09-25,DFF,effective_fed_funds_rate,5.33
2023-09-26,DFF,effective_fed_funds_rate,5.33
2023-09-27,DFF,effective_fed_funds_rate,5.33
2023-09-28,DFF,effective_fed_funds_rate,5.33
2023-09-29,DFF,effective_fed_funds_rate,5.33
2023-09-30,DFF,effective_fed_funds_rate,5.33
2023-10-01,DFF,effective_fed_funds_rate,5.33
2023-10-02,DFF,effective_fed_funds_rate,5.33
2023-10-03,DFF,effective_fed_funds_rate,5.33
2023-10-04,DFF,effective_fed_funds_rate,5.33
2023-10-05,DFF,effective_fed_funds_rate,5.33
2023-10-06,DFF,effective_fed_funds_rate,5.33
2023-10-07,DFF,effective_fed_funds_rate,5.33
2023-10-08,DFF,effective_fed_funds_rate,5.33
2023-10-09,DFF,effective_fed_funds_rate,5.33
2023-10-10,DFF,effective_fed_funds_rate,5.33
2023-10-11,DFF,effective_fed_funds_rate,5.33
2023-10-12,DFF,effective_fed_funds_rate,5.33
2023-10-13,DFF,effective_fed_funds_rate,5.33
2023-10-14,DFF,effective_fed_funds_rate,5.33
2023-10-15,DFF,effective_fed_funds_rate,5.33
2023-10-16,DFF,effective_fed_funds_rate,5.33
2023-10-17,DFF,effective_fed_funds_rate,5.33
2023-10-18,DFF,effective_fed_funds_rate,5.33
2023-10-19,DFF,effective_fed_funds_rate,5.33
2023-10-20,DFF,effective_fed_funds_rate,5.33
2023-10-21,DFF,effective_fed_funds_rate,5.33
2023-10-22,DFF,effective_fed_funds_rate,5.33
2023-10-23,DFF,effective_fed_funds_rate,5.33
2023-10-24,DFF,effective_fed_funds_rate,5.33
2023-10-25,DFF,effective_fed_funds_rate,5.33
2023-10-26,DFF,effective_fed_funds_rate,5.33
2023-10-27,DFF,effective_fed_funds_rate,5.33
2023-10-28,DFF,effective_fed_funds_rate,5.33
2023-10-29,DFF,effective_fed_funds_rate,5.33
2023-10-30,DFF,effective_fed_funds_rate,5.33
2023-10-31,DFF,effective_fed_funds_rate,5.33
2023-11-01,DFF,effective_fed_funds_rate,5.33
2023-11-02,DFF,effective_fed_funds_rate,5.33
2023-11-03,DFF,effective_fed_funds_rate,5.33
2023-11-04,DFF,effective_fed_funds_rate,5.33
2023-11-05,DFF,effective_fed_funds_rate,5.33
2023-11-06,DFF,effective_fed_funds_rate,5.33
2023-11-07,DFF,effective_fed_funds_rate,5.33
2023-11-08,DFF,effective_fed_funds_rate,5.33
2023-11-09,DFF,effective_fed_funds_rate,5.33
2023-11-10,DFF,effective_fed_funds_rate,5.33
2023-11-11,DFF,effective_fed_funds_rate,5.33
2023-11-12,DFF,effective_fed_funds_rate,5.33
2023-11-13,DFF,effective_fed_funds_rate,5.33
2023-11-14,DFF,effective_fed_funds_rate,5.33
2023-11-15,DFF,effective_fed_funds_rate,5.33
2023-11-16,DFF,effective_fed_funds_rate,5.33
2023-11-17,DFF,effective_fed_funds_rate,5.33
2023-11-18,DFF,effective_fed_funds_rate,5.33
2023-11-19,DFF,effective_fed_funds_rate,5.33
2023-11-20,DFF,effective_fed_funds_rate,5.33
2023-11-21,DFF,effective_fed_funds_rate,5.33
2023-11-22,DFF,effective_fed_funds_rate,5.33
2023-11-23,DFF,effective_fed_funds_rate,5.33
2023-11-24,DFF,effective_fed_funds_rate,5.33
2023-11-25,DFF,effective_fed_funds_rate,5.33
2023-11-26,DFF,effective_fed_funds_rate,5.33
2023-11-27,DFF,effective_fed_funds_rate,5.33
2023-11-28,DFF,effective_fed_funds_rate,5.33
2023-11-29,DFF,effective_fed_funds_rate,5.33
2023-11-30,DFF,effective_fed_funds_rate,5.33
2023-12-01,DFF,effective_fed_funds_rate,5.33
2023-12-02,DFF,effective_fed_funds_rate,5.33
2023-12-03,DFF,effective_fed_funds_rate,5.33
2023-12-04,DFF,effective_fed_funds_rate,5.33
2023-12-05,DFF,effective_fed_funds_rate,5.33
2023-12-06,DFF,effective_fed_funds_rate,5.33
2023-12-07,DFF,effective_fed_funds_rate,5.33
2023-12-08,DFF,effective_fed_funds_rate,5.33
2023-12-09,DFF,effective_fed_funds_rate,5.33
2023-12-10,DFF,effective_fed_funds_rate,5.33
2023-12-11,DFF,effective_fed_funds_rate,5.33
2023-12-12,DFF,effective_fed_funds_rate,5.33
2023-12-13,DFF,effective_fed_funds_rate,5.33
2023-12-14,DFF,effective_fed_funds_rate,5.33
2023-12-15,DFF,effective_fed_funds_rate,5.33
2023-12-16,DFF,effective_fed_funds_rate,5.33
2023-12-17,DFF,effective_fed_funds_rate,5.33
2023-12-18,DFF,effective_fed_funds_rate,5.33
2023-12-19,DFF,effective_fed_funds_rate,5.33
2023-12-20,DFF,effective_fed_funds_rate,5.33
2023-12-21,DFF,effective_fed_funds_rate,5.33
2023-12-22,DFF,effective_fed_funds_rate,5.33
2023-12-23,DFF,effective_fed_funds_rate,5.33
2023-12-24,DFF,effective_fed_funds_rate,5.33
2023-12-25,DFF,effective_fed_funds_rate,5.33
2023-12-26,DFF,effective_fed_funds_rate,5.33
2023-12-27,DFF,effective_fed_funds_rate,5.33
2023-12-28,DFF,effective_fed_funds_rate,5.33
2023-12-29,DFF,effective_fed_funds_rate,5.33
2023-12-30,DFF,effective_fed_funds_rate,5.33
2023-12-31,DFF,effective_fed_funds_rate,5.33
2024-01-01,DFF,effective_fed_funds_rate,5.33
2024-01-02,DFF,effective_fed_funds_rate,5.33
2024-01-03,DFF,effective_fed_funds_rate,5.33
2024-01-04,DFF,effective_fed_funds_rate,5.33
2024-01-05,DFF,effective_fed_funds_rate,5.33
2024-01-06,DFF,effective_fed_funds_rate,5.33
2024-01-07,DFF,effective_fed_funds_rate,5.33
2024-01-08,DFF,effective_fed_funds_rate,5.33
2024-01-09,DFF,effective_fed_funds_rate,5.33
2024-01-10,DFF,effective_fed_funds_rate,5.33
2024-01-11,DFF,effective_fed_funds_rate,5.33
2024-01-12,DFF,effective_fed_funds_rate,5.33
2024-01-13,DFF,effective_fed_funds_rate,5.33
2024-01-14,DFF,effective_fed_funds_rate,5.33
2024-01-15,DFF,effective_fed_funds_rate,5.33
2024-01-16,DFF,effective_fed_funds_rate,5.33
2024-01-17,DFF,effective_fed_funds_rate,5.33
2024-01-18,DFF,effective_fed_funds_rate,5.33
2024-01-19,DFF,effective_fed_funds_rate,5.33
2024-01-20,DFF,effective_fed_funds_rate,5.33
2024-01-21,DFF,effective_fed_funds_rate,5.33
2024-01-22,DFF,effective_fed_funds_rate,5.33
2024-01-23,DFF,effective_fed_funds_rate,5.33
2024-01-24,DFF,effective_fed_funds_rate,5.33
2024-01-25,DFF,effective_fed_funds_rate,5.33
2024-01-26,DFF,effective_fed_funds_rate,5.33
2024-01-27,DFF,effective_fed_funds_rate,5.33
2024-01-28,DFF,effective_fed_funds_rate,5.33
2024-01-29,DFF,effective_fed_funds_rate,5.33
2024-01-30,DFF,effective_fed_funds_rate,5.33
2024-01-31,DFF,effective_fed_funds_rate,5.33
2024-02-01,DFF,effective_fed_funds_rate,5.33
2024-02-02,DFF,effective_fed_funds_rate,5.33
2024-02-03,DFF,effective_fed_funds_rate,5.33
2024-02-04,DFF,effective_fed_funds_rate,5.33
2024-02-05,DFF,effective_fed_funds_rate,5.33
2024-02-06,DFF,effective_fed_funds_rate,5.33
2024-02-07,DFF,effective_fed_funds_rate,5.33
2024-02-08,DFF,effective_fed_funds_rate,5.33
2024-02-09,DFF,effective_fed_funds_rate,5.33
2024-02-10,DFF,effective_fed_funds_rate,5.33
2024-02-11,DFF,effective_fed_funds_rate,5.33
2024-02-12,DFF,effective_fed_funds_rate,5.33
2024-02-13,DFF,effective_fed_funds_rate,5.33
2024-02-14,DFF,effective_fed_funds_rate,5.33
2024-02-15,DFF,effective_fed_funds_rate,5.33
2024-02-16,DFF,effective_fed_funds_rate,5.33
2024-02-17,DFF,effective_fed_funds_rate,5.33
2024-02-18,DFF,effective_fed_funds_rate,5.33
2024-02-19,DFF,effective_fed_funds_rate,5.33
2024-02-20,DFF,effective_fed_funds_rate,5.33
2024-02-21,DFF,effective_fed_funds_rate,5.33
2024-02-22,DFF,effective_fed_funds_rate,5.33
2024-02-23,DFF,effective_fed_funds_rate,5.33
2024-02-24,DFF,effective_fed_funds_rate,5.33
2024-02-25,DFF,effective_fed_funds_rate,5.33
2024-02-26,DFF,effective_fed_funds_rate,5.33
2024-02-27,DFF,effective_fed_funds_rate,5.33
2024-02-28,DFF,effective_fed_funds_rate,5.33
2024-02-29,DFF,effective_fed_funds_rate,5.33
2024-03-01,DFF,effective_fed_funds_rate,5.33
2024-03-02,DFF,effective_fed_funds_rate,5.33
2024-03-03,DFF,effective_fed_funds_rate,5.33
2024-03-04,DFF,effective_fed_funds_rate,5.33
2024-03-05,DFF,effective_fed_funds_rate,5.33
2024-03-06,DFF,effective_fed_funds_rate,5.33
2024-03-07,DFF,effective_fed_funds_rate,5.33
2024-03-08,DFF,effective_fed_funds_rate,5.33
2024-03-09,DFF,effective_fed_funds_rate,5.33
2024-03-10,DFF,effective_fed_funds_rate,5.33
2024-03-11,DFF,effective_fed_funds_rate,5.33
2024-03-12,DFF,effective_fed_funds_rate,5.33
2024-03-13,DFF,effective_fed_funds_rate,5.33
2024-03-14,DFF,effective_fed_funds_rate,5.33
2024-03-15,DFF,effective_fed_funds_rate,5.33
2024-03-16,DFF,effective_fed_funds_rate,5.33
2024-03-17,DFF,effective_fed_funds_rate,5.33
2024-03-18,DFF,effective_fed_funds_rate,5.33
2024-03-19,DFF,effective_fed_funds_rate,5.33
2024-03-20,DFF,effective_fed_funds_rate,5.33
2024-03-21,DFF,effective_fed_funds_rate,5.33
2024-03-22,DFF,effective_fed_funds_rate,5.33
2024-03-23,DFF,effective_fed_funds_rate,5.33
2024-03-24,DFF,effective_fed_funds_rate,5.33
2024-03-25,DFF,effective_fed_funds_rate,5.33
2024-03-26,DFF,effective_fed_funds_rate,5.33
2024-03-27,DFF,effective_fed_funds_rate,5.33
2024-03-28,DFF,effective_fed_funds_rate,5.33
2024-03-29,DFF,effective_fed_funds_rate,5.33
2024-03-30,DFF,effective_fed_funds_rate,5.33
2024-03-31,DFF,effective_fed_funds_rate,5.33
2024-04-01,DFF,effective_fed_funds_rate,5.33
2024-04-02,DFF,effective_fed_funds_rate,5.33
2024-04-03,DFF,effective_fed_funds_rate,5.33
2024-04-04,DFF,effective_fed_funds_rate,5.33
2024-04-05,DFF,effective_fed_funds_rate,5.33
2024-04-06,DFF,effective_fed_funds_rate,5.33
2024-04-07,DFF,effective_fed_funds_rate,5.33
2024-04-08,DFF,effective_fed_funds_rate,5.33
2024-04-09,DFF,effective_fed_funds_rate,5.33
2024-04-10,DFF,effective_fed_funds_rate,5.33
2024-04-11,DFF,effective_fed_funds_rate,5.33
2024-04-12,DFF,effective_fed_funds_rate,5.33
2024-04-13,DFF,effective_fed_funds_rate,5.33
2024-04-14,DFF,effective_fed_funds_rate,5.33
2024-04-15,DFF,effective_fed_funds_rate,5.33
2024-04-16,DFF,effective_fed_funds_rate,5.33
2024-04-17,DFF,effective_fed_funds_rate,5.33
2024-04-18,DFF,effective_fed_funds_rate,5.33
2024-04-19,DFF,effective_fed_funds_rate,5.33
2024-04-20,DFF,effective_fed_funds_rate,5.33
2024-04-21,DFF,effective_fed_funds_rate,5.33
2024-04-22,DFF,effective_fed_funds_rate,5.33
2024-04-23,DFF,effective_fed_funds_rate,5.33
2024-04-24,DFF,effective_fed_funds_rate,5.33
2024-04-25,DFF,effective_fed_funds_rate,5.33
2024-04-26,DFF,effective_fed_funds_rate,5.33
2024-04-27,DFF,effective_fed_funds_rate,5.33
2024-04-28,DFF,effective_fed_funds_rate,5.33
2024-04-29,DFF,effective_fed_funds_rate,5.33
2024-04-30,DFF,effective_fed_funds_rate,5.33
2024-05-01,DFF,effective_fed_funds_rate,5.33
2024-05-02,DFF,effective_fed_funds_rate,5.33
2024-05-03,DFF,effective_fed_funds_rate,5.33
2024-05-04,DFF,effective_fed_funds_rate,5.33
2024-05-05,DFF,effective_fed_funds_rate,5.33
2024-05-06,DFF,effective_fed_funds_rate,5.33
2024-05-07,DFF,effective_fed_funds_rate,5.33
2024-05-08,DFF,effective_fed_funds_rate,5.33
2024-05-09,DFF,effective_fed_funds_rate,5.33
2024-05-10,DFF,effective_fed_funds_rate,5.33
2024-05-11,DFF,effective_fed_funds_rate,5.33
2024-05-12,DFF,effective_fed_funds_rate,5.33
2024-05-13,DFF,effective_fed_funds_rate,5.33
2024-05-14,DFF,effective_fed_funds_rate,5.33
2024-05-15,DFF,effective_fed_funds_rate,5.33
2024-05-16,DFF,effective_fed_funds_rate,5.33
2024-05-17,DFF,effective_fed_funds_rate,5.33
2024-05-18,DFF,effective_fed_funds_rate,5.33
2024-05-19,DFF,effective_fed_funds_rate,5.33
2024-05-20,DFF,effective_fed_funds_rate,5.33
2024-05-21,DFF,effective_fed_funds_rate,5.33
2024-05-22,DFF,effective_fed_funds_rate,5.33
2024-05-23,DFF,effective_fed_funds_rate,5.33
2024-05-24,DFF,effective_fed_funds_rate,5.33
2024-05-25,DFF,effective_fed_funds_rate,5.33
2024-05-26,DFF,effective_fed_funds_rate,5.33
2024-05-27,DFF,effective_fed_funds_rate,5.33
2024-05-28,DFF,effective_fed_funds_rate,5.33
2024-05-29,DFF,effective_fed_funds_rate,5.33
2024-05-30,DFF,effective_fed_funds_rate,5.33
2024-05-31,DFF,effective_fed_funds_rate,5.33
2024-06-01,DFF,effective_fed_funds_rate,5.33
2024-06-02,DFF,effective_fed_funds_rate,5.33
2024-06-03,DFF,effective_fed_funds_rate,5.33
2024-06-04,DFF,effective_fed_funds_rate,5.33
2024-06-05,DFF,effective_fed_funds_rate,5.33
2024-06-06,DFF,effective_fed_funds_rate,5.33
2024-06-07,DFF,effective_fed_funds_rate,5.33
2024-06-08,DFF,effective_fed_funds_rate,5.33
2024-06-09,DFF,effective_fed_funds_rate,5.33
2024-06-10,DFF,effective_fed_funds_rate,5.33
2024-06-11,DFF,effective_fed_funds_rate,5.33
2024-06-12,DFF,effective_fed_funds_rate,5.33
2024-06-13,DFF,effective_fed_funds_rate,5.33
2024-06-14,DFF,effective_fed_funds_rate,5.33
2024-06-15,DFF,effective_fed_funds_rate,5.33
2024-06-16,DFF,effective_fed_funds_rate,5.33
2024-06-17,DFF,effective_fed_funds_rate,5.33
2024-06-18,DFF,effective_fed_funds_rate,5.33
2024-06-19,DFF,effective_fed_funds_rate,5.33
2024-06-20,DFF,effective_fed_funds_rate,5.33
2024-06-21,DFF,effective_fed_funds_rate,5.33
2024-06-22,DFF,effective_fed_funds_rate,5.33
2024-06-23,DFF,effective_fed_funds_rate,5.33
2024-06-24,DFF,effective_fed_funds_rate,5.33
2024-06-25,DFF,effective_fed_funds_rate,5.33
2024-06-26,DFF,effective_fed_funds_rate,5.33
2024-06-27,DFF,effective_fed_funds_rate,5.33
2024-06-28,DFF,effective_fed_funds_rate,5.33
2024-06-29,DFF,effective_fed_funds_rate,5.33
2024-06-30,DFF,effective_fed_funds_rate,5.33
2024-07-01,DFF,effective_fed_funds_rate,5.33
2024-07-02,DFF,effective_fed_funds_rate,5.33
2024-07-03,DFF,effective_fed_funds_rate,5.33
2024-07-04,DFF,effective_fed_funds_rate,5.33
2024-07-05,DFF,effective_fed_funds_rate,5.33
2024-07-06,DFF,effective_fed_funds_rate,5.33
2024-07-07,DFF,effective_fed_funds_rate,5.33
2024-07-08,DFF,effective_fed_funds_rate,5.33
2024-07-09,DFF,effective_fed_funds_rate,5.33
2024-07-10,DFF,effective_fed_funds_rate,5.33
2024-07-11,DFF,effective_fed_funds_rate,5.33
2024-07-12,DFF,effective_fed_funds_rate,5.33
2024-07-13,DFF,effective_fed_funds_rate,5.33
2024-07-14,DFF,effective_fed_funds_rate,5.33
2024-07-15,DFF,effective_fed_funds_rate,5.33
2024-07-16,DFF,effective_fed_funds_rate,5.33
2024-07-17,DFF,effective_fed_funds_rate,5.33
2024-07-18,DFF,effective_fed_funds_rate,5.33
2024-07-19,DFF,effective_fed_funds_rate,5.33
2024-07-20,DFF,effective_fed_funds_rate,5.33
2024-07-21,DFF,effective_fed_funds_rate,5.33
2024-07-22,DFF,effective_fed_funds_rate,5.33
2024-07-23,DFF,effective_fed_funds_rate,5.33
2024-07-24,DFF,effective_fed_funds_rate,5.33
2024-07-25,DFF,effective_fed_funds_rate,5.33
2024-07-26,DFF,effective_fed_funds_rate,5.33
2024-07-27,DFF,effective_fed_funds_rate,5.33
2024-07-28,DFF,effective_fed_funds_rate,5.33
2024-07-29,DFF,effective_fed_funds_rate,5.33
2024-07-30,DFF,effective_fed_funds_rate,5.33
2024-07-31,DFF,effective_fed_funds_rate,5.33
2024-08-01,DFF,effective_fed_funds_rate,5.33
2024-08-02,DFF,effective_fed_funds_rate,5.33
2024-08-03,DFF,effective_fed_funds_rate,5.33
2024-08-04,DFF,effective_fed_funds_rate,5.33
2024-08-05,DFF,effective_fed_funds_rate,5.33
2024-08-06,DFF,effective_fed_funds_rate,5.33
2024-08-07,DFF,effective_fed_funds_rate,5.33
2024-08-08,DFF,effective_fed_funds_rate,5.33
2024-08-09,DFF,effective_fed_funds_rate,5.33
2024-08-10,DFF,effective_fed_funds_rate,5.33
2024-08-11,DFF,effective_fed_funds_rate,5.33
2024-08-12,DFF,effective_fed_funds_rate,5.33
2024-08-13,DFF,effective_fed_funds_rate,5.33
2024-08-14,DFF,effective_fed_funds_rate,5.33
2024-08-15,DFF,effective_fed_funds_rate,5.33
2024-08-16,DFF,effective_fed_funds_rate,5.33
2024-08-17,DFF,effective_fed_funds_rate,5.33
2024-08-18,DFF,effective_fed_funds_rate,5.33
2024-08-19,DFF,effective_fed_funds_rate,5.33
2024-08-20,DFF,effective_fed_funds_rate,5.33
2024-08-21,DFF,effective_fed_funds_rate,5.33
2024-08-22,DFF,effective_fed_funds_rate,5.33
2024-08-23,DFF,effective_fed_funds_rate,5.33
2024-08-24,DFF,effective_fed_funds_rate,5.33
2024-08-25,DFF,effective_fed_funds_rate,5.33
2024-08-26,DFF,effective_fed_funds_rate,5.33
2024-08-27,DFF,effective_fed_funds_rate,5.33
2024-08-28,DFF,effective_fed_funds_rate,5.33
2024-08-29,DFF,effective_fed_funds_rate,5.33
2024-08-30,DFF,effective_fed_funds_rate,5.33
2024-08-31,DFF,effective_fed_funds_rate,5.33
2024-09-01,DFF,effective_fed_funds_rate,5.33
2024-09-02,DFF,effective_fed_funds_rate,5.33
2024-09-03,DFF,effective_fed_funds_rate,5.33
2024-09-04,DFF,effective_fed_funds_rate,5.33
2024-09-05,DFF,effective_fed_funds_rate,5.33
2024-09-06,DFF,effective_fed_funds_rate,5.33
2024-09-07,DFF,effective_fed_funds_rate,5.33
2024-09-08,DFF,effective_fed_funds_rate,5.33
2024-09-09,DFF,effective_fed_funds_rate,5.33
2024-09-10,DFF,effective_fed_funds_rate,5.33
2024-09-11,DFF,effective_fed_funds_rate,5.33
2024-09-12,DFF,effective_fed_funds_rate,5.33
2024-09-13,DFF,effective_fed_funds_rate,5.33
2024-09-14,DFF,effective_fed_funds_rate,5.33
2024-09-15,DFF,effective_fed_funds_rate,5.33
2024-09-16,DFF,effective_fed_funds_rate,5.33
2024-09-17,DFF,effective_fed_funds_rate,5.33
2024-09-18,DFF,effective_fed_funds_rate,5.33
2024-09-19,DFF,effective_fed_funds_rate,4.83
2024-09-20,DFF,effective_fed_funds_rate,4.83
2024-09-21,DFF,effective_fed_funds_rate,4.83
2024-09-22,DFF,effective_fed_funds_rate,4.83
2024-09-23,DFF,effective_fed_funds_rate,4.83
2024-09-24,DFF,effective_fed_funds_rate,4.83
2024-09-25,DFF,effective_fed_funds_rate,4.83
2024-09-26,DFF,effective_fed_funds_rate,4.83
2024-09-27,DFF,effective_fed_funds_rate,4.83
2024-09-28,DFF,effective_fed_funds_rate,4.83
2024-09-29,DFF,effective_fed_funds_rate,4.83
2024-09-30,DFF,effective_fed_funds_rate,4.83
2024-10-01,DFF,effective_fed_funds_rate,4.83
2024-10-02,DFF,effective_fed_funds_rate,4.83
2024-10-03,DFF,effective_fed_funds_rate,4.83
2024-10-04,DFF,effective_fed_funds_rate,4.83
2024-10-05,DFF,effective_fed_funds_rate,4.83
2024-10-06,DFF,effective_fed_funds_rate,4.83
2024-10-07,DFF,effective_fed_funds_rate,4.83
2024-10-08,DFF,effective_fed_funds_rate,4.83
2024-10-09,DFF,effective_fed_funds_rate,4.83
2024-10-10,DFF,effective_fed_funds_rate,4.83
2024-10-11,DFF,effective_fed_funds_rate,4.83
2024-10-12,DFF,effective_fed_funds_rate,4.83
2024-10-13,DFF,effective_fed_funds_rate,4.83
2024-10-14,DFF,effective_fed_funds_rate,4.83
2024-10-15,DFF,effective_fed_funds_rate,4.83
2024-10-16,DFF,effective_fed_funds_rate,4.83
2024-10-17,DFF,effective_fed_funds_rate,4.83
2024-10-18,DFF,effective_fed_funds_rate,4.83
2024-10-19,DFF,effective_fed_funds_rate,4.83
2024-10-20,DFF,effective_fed_funds_rate,4.83
2024-10-21,DFF,effective_fed_funds_rate,4.83
2024-10-22,DFF,effective_fed_funds_rate,4.83
2024-10-23,DFF,effective_fed_funds_rate,4.83
2024-10-24,DFF,effective_fed_funds_rate,4.83
2024-10-25,DFF,effective_fed_funds_rate,4.83
2024-10-26,DFF,effective_fed_funds_rate,4.83
2024-10-27,DFF,effective_fed_funds_rate,4.83
2024-10-28,DFF,effective_fed_funds_rate,4.83
2024-10-29,DFF,effective_fed_funds_rate,4.83
2024-10-30,DFF,effective_fed_funds_rate,4.83
2024-10-31,DFF,effective_fed_funds_rate,4.83
2024-11-01,DFF,effective_fed_funds_rate,4.83
2024-11-02,DFF,effective_fed_funds_rate,4.83
2024-11-03,DFF,effective_fed_funds_rate,4.83
2024-11-04,DFF,effective_fed_funds_rate,4.83
2024-11-05,DFF,effective_fed_funds_rate,4.83
2024-11-06,DFF,effective_fed_funds_rate,4.83
2024-11-07,DFF,effective_fed_funds_rate,4.83
2024-11-08,DFF,effective_fed_funds_rate,4.58
2024-11-09,DFF,effective_fed_funds_rate,4.58
2024-11-10,DFF,effective_fed_funds_rate,4.58
2024-11-11,DFF,effective_fed_funds_rate,4.58
2024-11-12,DFF,effective_fed_funds_rate,4.58
2024-11-13,DFF,effective_fed_funds_rate,4.58
2024-11-14,DFF,effective_fed_funds_rate,4.58
2024-11-15,DFF,effective_fed_funds_rate,4.58
2024-11-16,DFF,effective_fed_funds_rate,4.58
2024-11-17,DFF,effective_fed_funds_rate,4.58
2024-11-18,DFF,effective_fed_funds_rate,4.58
2024-11-19,DFF,effective_fed_funds_rate,4.58
2024-11-20,DFF,effective_fed_funds_rate,4.58
2024-11-21,DFF,effective_fed_funds_rate,4.58
2024-11-22,DFF,effective_fed_funds_rate,4.58
2024-11-23,DFF,effective_fed_funds_rate,4.58
2024-11-24,DFF,effective_fed_funds_rate,4.58
2024-11-25,DFF,effective_fed_funds_rate,4.58
2024-11-26,DFF,effective_fed_funds_rate,4.58
2024-11-27,DFF,effective_fed_funds_rate,4.58
2024-11-28,DFF,effective_fed_funds_rate,4.58
2024-11-29,DFF,effective_fed_funds_rate,4.58
2024-11-30,DFF,effective_fed_funds_rate,4.58
2024-12-01,DFF,effective_fed_funds_rate,4.58
2024-12-02,DFF,effective_fed_funds_rate,4.58
2024-12-03,DFF,effective_fed_funds_rate,4.58
2024-12-04,DFF,effective_fed_funds_rate,4.58
2024-12-05,DFF,effective_fed_funds_rate,4.58
2024-12-06,DFF,effective_fed_funds_rate,4.58
2024-12-07,DFF,effective_fed_funds_rate,4.58
2024-12-08,DFF,effective_fed_funds_rate,4.58
2024-12-09,DFF,effective_fed_funds_rate,4.58
2024-12-10,DFF,effective_fed_funds_rate,4.58
2024-12-11,DFF,effective_fed_funds_rate,4.58
2024-12-12,DFF,effective_fed_funds_rate,4.58
2024-12-13,DFF,effective_fed_funds_rate,4.58
2024-12-14,DFF,effective_fed_funds_rate,4.58
2024-12-15,DFF,effective_fed_funds_rate,4.58
2024-12-16,DFF,effective_fed_funds_rate,4.58
2024-12-17,DFF,effective_fed_funds_rate,4.58
2024-12-18,DFF,effective_fed_funds_rate,4.58
2024-12-19,DFF,effective_fed_funds_rate,4.33
2024-12-20,DFF,effective_fed_funds_rate,4.33
2024-12-21,DFF,effective_fed_funds_rate,4.33
2024-12-22,DFF,effective_fed_funds_rate,4.33
2024-12-23,DFF,effective_fed_funds_rate,4.33
2024-12-24,DFF,effective_fed_funds_rate,4.33
2024-12-25,DFF,effective_fed_funds_rate,4.33
2024-12-26,DFF,effective_fed_funds_rate,4.33
2024-12-27,DFF,effective_fed_funds_rate,4.33
2024-12-28,DFF,effective_fed_funds_rate,4.33
2024-12-29,DFF,effective_fed_funds_rate,4.33
2024-12-30,DFF,effective_fed_funds_rate,4.33
2024-12-31,DFF,effective_fed_funds_rate,4.33
2025-01-01,DFF,effective_fed_funds_rate,4.33
2025-01-02,DFF,effective_fed_funds_rate,4.33
2025-01-03,DFF,effective_fed_funds_rate,4.33
2025-01-04,DFF,effective_fed_funds_rate,4.33
2025-01-05,DFF,effective_fed_funds_rate,4.33
2025-01-06,DFF,effective_fed_funds_rate,4.33
2025-01-07,DFF,effective_fed_funds_rate,4.33
2025-01-08,DFF,effective_fed_funds_rate,4.33
2025-01-09,DFF,effective_fed_funds_rate,4.33
2025-01-10,DFF,effective_fed_funds_rate,4.33
2025-01-11,DFF,effective_fed_funds_rate,4.33
2025-01-12,DFF,effective_fed_funds_rate,4.33
2025-01-13,DFF,effective_fed_funds_rate,4.33
2025-01-14,DFF,effective_fed_funds_rate,4.33
2025-01-15,DFF,effective_fed_funds_rate,4.33
2025-01-16,DFF,effective_fed_funds_rate,4.33
2025-01-17,DFF,effective_fed_funds_rate,4.33
2025-01-18,DFF,effective_fed_funds_rate,4.33
2025-01-19,DFF,effective_fed_funds_rate,4.33
2025-01-20,DFF,effective_fed_funds_rate,4.33
2025-01-21,DFF,effective_fed_funds_rate,4.33
2025-01-22,DFF,effective_fed_funds_rate,4.33
2025-01-23,DFF,effective_fed_funds_rate,4.33
2025-01-24,DFF,effective_fed_funds_rate,4.33
2025-01-25,DFF,effective_fed_funds_rate,4.33
2025-01-26,DFF,effective_fed_funds_rate,4.33
2025-01-27,DFF,effective_fed_funds_rate,4.33
2025-01-28,DFF,effective_fed_funds_rate,4.33
2025-01-29,DFF,effective_fed_funds_rate,4.33
2025-01-30,DFF,effective_fed_funds_rate,4.33
2025-01-31,DFF,effective_fed_funds_rate,4.33
2025-02-01,DFF,effective_fed_funds_rate,4.33
2025-02-02,DFF,effective_fed_funds_rate,4.33
2025-02-03,DFF,effective_fed_funds_rate,4.33
2025-02-04,DFF,effective_fed_funds_rate,4.33
2025-02-05,DFF,effective_fed_funds_rate,4.33
2025-02-06,DFF,effective_fed_funds_rate,4.33
2025-02-07,DFF,effective_fed_funds_rate,4.33
2025-02-08,DFF,effective_fed_funds_rate,4.33
2025-02-09,DFF,effective_fed_funds_rate,4.33
2025-02-10,DFF,effective_fed_funds_rate,4.33
2025-02-11,DFF,effective_fed_funds_rate,4.33
2025-02-12,DFF,effective_fed_funds_rate,4.33
2025-02-13,DFF,effective_fed_funds_rate,4.33
2025-02-14,DFF,effective_fed_funds_rate,4.33
2025-02-15,DFF,effective_fed_funds_rate,4.33
2025-02-16,DFF,effective_fed_funds_rate,4.33
2025-02-17,DFF,effective_fed_funds_rate,4.33
2025-02-18,DFF,effective_fed_funds_rate,4.33
2025-02-19,DFF,effective_fed_funds_rate,4.33
2025-02-20,DFF,effective_fed_funds_rate,4.33
2025-02-21,DFF,effective_fed_funds_rate,4.33
2025-02-22,DFF,effective_fed_funds_rate,4.33
2025-02-23,DFF,effective_fed_funds_rate,4.33
2025-02-24,DFF,effective_fed_funds_rate,4.33
2025-02-25,DFF,effective_fed_funds_rate,4.33
2025-02-26,DFF,effective_fed_funds_rate,4.33
2025-02-27,DFF,effective_fed_funds_rate,4.33
2025-02-28,DFF,effective_fed_funds_rate,4.33
2025-03-01,DFF,effective_fed_funds_rate,4.33
2025-03-02,DFF,effective_fed_funds_rate,4.33
2025-03-03,DFF,effective_fed_funds_rate,4.33
2025-03-04,DFF,effective_fed_funds_rate,4.33
2025-03-05,DFF,effective_fed_funds_rate,4.33
2025-03-06,DFF,effective_fed_funds_rate,4.33
2025-03-07,DFF,effective_fed_funds_rate,4.33
2025-03-08,DFF,effective_fed_funds_rate,4.33
2025-03-09,DFF,effective_fed_funds_rate,4.33
2025-03-10,DFF,effective_fed_funds_rate,4.33
2025-03-11,DFF,effective_fed_funds_rate,4.33
2025-03-12,DFF,effective_fed_funds_rate,4.33
2025-03-13,DFF,effective_fed_funds_rate,4.33
2025-03-14,DFF,effective_fed_funds_rate,4.33
2025-03-15,DFF,effective_fed_funds_rate,4.33
2025-03-16,DFF,effective_fed_funds_rate,4.33
2025-03-17,DFF,effective_fed_funds_rate,4.33
2025-03-18,DFF,effective_fed_funds_rate,4.33
2025-03-19,DFF,effective_fed_funds_rate,4.33
2025-03-20,DFF,effective_fed_funds_rate,4.33
2025-03-21,DFF,effective_fed_funds_rate,4.33
2025-03-22,DFF,effective_fed_funds_rate,4.33
2025-03-23,DFF,effective_fed_funds_rate,4.33
2025-03-24,DFF,effective_fed_funds_rate,4.33
2025-03-25,DFF,effective_fed_funds_rate,4.33
2025-03-26,DFF,effective_fed_funds_rate,4.33
2025-03-27,DFF,effective_fed_funds_rate,4.33
2025-03-28,DFF,effective_fed_funds_rate,4.33
2025-03-29,DFF,effective_fed_funds_rate,4.33
2025-03-30,DFF,effective_fed_funds_rate,4.33
2025-03-31,DFF,effective_fed_funds_rate,4.33
2025-04-01,DFF,effective_fed_funds_rate,4.33
2025-04-02,DFF,effective_fed_funds_rate,4.33
2025-04-03,DFF,effective_fed_funds_rate,4.33
2025-04-04,DFF,effective_fed_funds_rate,4.33
2025-04-05,DFF,effective_fed_funds_rate,4.33
2025-04-06,DFF,effective_fed_funds_rate,4.33
2025-04-07,DFF,effective_fed_funds_rate,4.33
2025-04-08,DFF,effective_fed_funds_rate,4.33
2025-04-09,DFF,effective_fed_funds_rate,4.33
2025-04-10,DFF,effective_fed_funds_rate,4.33
2025-04-11,DFF,effective_fed_funds_rate,4.33
2025-04-12,DFF,effective_fed_funds_rate,4.33
2025-04-13,DFF,effective_fed_funds_rate,4.33
2025-04-14,DFF,effective_fed_funds_rate,4.33
2025-04-15,DFF,effective_fed_funds_rate,4.33
2025-04-16,DFF,effective_fed_funds_rate,4.33
2025-04-17,DFF,effective_fed_funds_rate,4.33
2025-04-18,DFF,effective_fed_funds_rate,4.33
2025-04-19,DFF,effective_fed_funds_rate,4.33
2025-04-20,DFF,effective_fed_funds_rate,4.33
2025-04-21,DFF,effective_fed_funds_rate,4.33
2025-04-22,DFF,effective_fed_funds_rate,4.33
2025-04-23,DFF,effective_fed_funds_rate,4.33
2025-04-24,DFF,effective_fed_funds_rate,4.33
2025-04-25,DFF,effective_fed_funds_rate,4.33
2025-04-26,DFF,effective_fed_funds_rate,4.33
2025-04-27,DFF,effective_fed_funds_rate,4.33
2025-04-28,DFF,effective_fed_funds_rate,4.33
2025-04-29,DFF,effective_fed_funds_rate,4.33
2025-04-30,DFF,effective_fed_funds_rate,4.33
2025-05-01,DFF,effective_fed_funds_rate,4.33
2025-05-02,DFF,effective_fed_funds_rate,4.33
2025-05-03,DFF,effective_fed_funds_rate,4.33
2025-05-04,DFF,effective_fed_funds_rate,4.33
2025-05-05,DFF,effective_fed_funds_rate,4.33
2025-05-06,DFF,effective_fed_funds_rate,4.33
2025-05-07,DFF,effective_fed_funds_rate,4.33
2025-05-08,DFF,effective_fed_funds_rate,4.33
2025-05-09,DFF,effective_fed_funds_rate,4.33
2025-05-10,DFF,effective_fed_funds_rate,4.33
2025-05-11,DFF,effective_fed_funds_rate,4.33
2025-05-12,DFF,effective_fed_funds_rate,4.33
2025-05-13,DFF,effective_fed_funds_rate,4.33
2025-05-14,DFF,effective_fed_funds_rate,4.33
2025-05-15,DFF,effective_fed_funds_rate,4.33
2025-05-16,DFF,effective_fed_funds_rate,4.33
2025-05-17,DFF,effective_fed_funds_rate,4.33
2025-05-18,DFF,effective_fed_funds_rate,4.33
2025-05-19,DFF,effective_fed_funds_rate,4.33
2025-05-20,DFF,effective_fed_funds_rate,4.33
2025-05-21,DFF,effective_fed_funds_rate,4.33
2025-05-22,DFF,effective_fed_funds_rate,4.33
2025-05-23,DFF,effective_fed_funds_rate,4.33
2025-05-24,DFF,effective_fed_funds_rate,4.33
2025-05-25,DFF,effective_fed_funds_rate,4.33
2025-05-26,DFF,effective_fed_funds_rate,4.33
2025-05-27,DFF,effective_fed_funds_rate,4.33
2025-05-28,DFF,effective_fed_funds_rate,4.33
2025-05-29,DFF,effective_fed_funds_rate,4.33
2025-05-30,DFF,effective_fed_funds_rate,4.33
2025-05-31,DFF,effective_fed_funds_rate,4.33
2025-06-01,DFF,effective_fed_funds_rate,4.33
2025-06-02,DFF,effective_fed_funds_rate,4.33
2025-06-03,DFF,effective_fed_funds_rate,4.33
2025-06-04,DFF,effective_fed_funds_rate,4.33
2025-06-05,DFF,effective_fed_funds_rate,4.33
2025-06-06,DFF,effective_fed_funds_rate,4.33
2025-06-07,DFF,effective_fed_funds_rate,4.33
2025-06-08,DFF,effective_fed_funds_rate,4.33
2025-06-09,DFF,effective_fed_funds_rate,4.33
2025-06-10,DFF,effective_fed_funds_rate,4.33
2025-06-11,DFF,effective_fed_funds_rate,4.33
2025-06-12,DFF,effective_fed_funds_rate,4.33
2025-06-13,DFF,effective_fed_funds_rate,4.33
2025-06-14,DFF,effective_fed_funds_rate,4.33
2025-06-15,DFF,effective_fed_funds_rate,4.33
2025-06-16,DFF,effective_fed_funds_rate,4.33
2025-06-17,DFF,effective_fed_funds_rate,4.33
2025-06-18,DFF,effective_fed_funds_rate,4.33
2025-06-19,DFF,effective_fed_funds_rate,4.33
2025-06-20,DFF,effective_fed_funds_rate,4.33
2025-06-21,DFF,effective_fed_funds_rate,4.33
2025-06-22,DFF,effective_fed_funds_rate,4.33
2025-06-23,DFF,effective_fed_funds_rate,4.33
2025-06-24,DFF,effective_fed_funds_rate,4.33
2025-06-25,DFF,effective_fed_funds_rate,4.33
2025-06-26,DFF,effective_fed_funds_rate,4.33
2025-06-27,DFF,effective_fed_funds_rate,4.33
2025-06-28,DFF,effective_fed_funds_rate,4.33
2025-06-29,DFF,effective_fed_funds_rate,4.33
2025-06-30,DFF,effective_fed_funds_rate,4.33
2025-07-01,DFF,effective_fed_funds_rate,4.33
2025-07-02,DFF,effective_fed_funds_rate,4.33
2025-07-03,DFF,effective_fed_funds_rate,4.33
2025-07-04,DFF,effective_fed_funds_rate,4.33
2025-07-05,DFF,effective_fed_funds_rate,4.33
2025-07-06,DFF,effective_fed_funds_rate,4.33
2025-07-07,DFF,effective_fed_funds_rate,4.33
2025-07-08,DFF,effective_fed_funds_rate,4.33
2025-07-09,DFF,effective_fed_funds_rate,4.33
2025-07-10,DFF,effective_fed_funds_rate,4.33
2025-07-11,DFF,effective_fed_funds_rate,4.33
2025-07-12,DFF,effective_fed_funds_rate,4.33
2025-07-13,DFF,effective_fed_funds_rate,4.33
2025-07-14,DFF,effective_fed_funds_rate,4.33
2025-07-15,DFF,effective_fed_funds_rate,4.33
2025-07-16,DFF,effective_fed_funds_rate,4.33
2025-07-17,DFF,effective_fed_funds_rate,4.33
2025-07-18,DFF,effective_fed_funds_rate,4.33
2025-07-19,DFF,effective_fed_funds_rate,4.33
2025-07-20,DFF,effective_fed_funds_rate,4.33
2025-07-21,DFF,effective_fed_funds_rate,4.33
2025-07-22,DFF,effective_fed_funds_rate,4.33
2025-07-23,DFF,effective_fed_funds_rate,4.33
2025-07-24,DFF,effective_fed_funds_rate,4.33
2025-07-25,DFF,effective_fed_funds_rate,4.33
2025-07-26,DFF,effective_fed_funds_rate,4.33
2025-07-27,DFF,effective_fed_funds_rate,4.33
2025-07-28,DFF,effective_fed_funds_rate,4.33
2025-07-29,DFF,effective_fed_funds_rate,4.33
2025-07-30,DFF,effective_fed_funds_rate,4.33
2025-07-31,DFF,effective_fed_funds_rate,4.33
2025-08-01,DFF,effective_fed_funds_rate,4.33
2025-08-02,DFF,effective_fed_funds_rate,4.33
2025-08-03,DFF,effective_fed_funds_rate,4.33
2025-08-04,DFF,effective_fed_funds_rate,4.33
2025-08-05,DFF,effective_fed_funds_rate,4.33
2025-08-06,DFF,effective_fed_funds_rate,4.33
2025-08-07,DFF,effective_fed_funds_rate,4.33
2025-08-08,DFF,effective_fed_funds_rate,4.33
2025-08-09,DFF,effective_fed_funds_rate,4.33
2025-08-10,DFF,effective_fed_funds_rate,4.33
2025-08-11,DFF,effective_fed_funds_rate,4.33
2025-08-12,DFF,effective_fed_funds_rate,4.33
2025-08-13,DFF,effective_fed_funds_rate,4.33
2025-08-14,DFF,effective_fed_funds_rate,4.33
2025-08-15,DFF,effective_fed_funds_rate,4.33
2025-08-16,DFF,effective_fed_funds_rate,4.33
2025-08-17,DFF,effective_fed_funds_rate,4.33
2025-08-18,DFF,effective_fed_funds_rate,4.33
2025-08-19,DFF,effective_fed_funds_rate,4.33
2025-08-20,DFF,effective_fed_funds_rate,4.33
2025-08-21,DFF,effective_fed_funds_rate,4.33
2025-08-22,DFF,effective_fed_funds_rate,4.33
2025-08-23,DFF,effective_fed_funds_rate,4.33
2025-08-24,DFF,effective_fed_funds_rate,4.33
2025-08-25,DFF,effective_fed_funds_rate,4.33
2025-08-26,DFF,effective_fed_funds_rate,4.33
2025-08-27,DFF,effective_fed_funds_rate,4.33
2025-08-28,DFF,effective_fed_funds_rate,4.33
2025-08-29,DFF,effective_fed_funds_rate,4.33
2025-08-30,DFF,effective_fed_funds_rate,4.33
2025-08-31,DFF,effective_fed_funds_rate,4.33
2025-09-01,DFF,effective_fed_funds_rate,4.33
2025-09-02,DFF,effective_fed_funds_rate,4.33
2025-09-03,DFF,effective_fed_funds_rate,4.33
2025-09-04,DFF,effective_fed_funds_rate,4.33
2025-09-05,DFF,effective_fed_funds_rate,4.33
2025-09-06,DFF,effective_fed_funds_rate,4.33
2025-09-07,DFF,effective_fed_funds_rate,4.33
2025-09-08,DFF,effective_fed_funds_rate,4.33
2025-09-09,DFF,effective_fed_funds_rate,4.33
2025-09-10,DFF,effective_fed_funds_rate,4.33
2025-09-11,DFF,effective_fed_funds_rate,4.33
2025-09-12,DFF,effective_fed_funds_rate,4.33
2025-09-13,DFF,effective_fed_funds_rate,4.33
2025-09-14,DFF,effective_fed_funds_rate,4.33
2025-09-15,DFF,effective_fed_funds_rate,4.33
2025-09-16,DFF,effective_fed_funds_rate,4.33
2025-09-17,DFF,effective_fed_funds_rate,4.33
2025-09-18,DFF,effective_fed_funds_rate,4.08
2025-09-19,DFF,effective_fed_funds_rate,4.08
2025-09-20,DFF,effective_fed_funds_rate,4.08
2025-09-21,DFF,effective_fed_funds_rate,4.08
2025-09-22,DFF,effective_fed_funds_rate,4.09
2025-09-23,DFF,effective_fed_funds_rate,4.09
2025-09-24,DFF,effective_fed_funds_rate,4.09
2025-09-25,DFF,effective_fed_funds_rate,4.09
2025-09-26,DFF,effective_fed_funds_rate,4.09
2025-09-27,DFF,effective_fed_funds_rate,4.09
2025-09-28,DFF,effective_fed_funds_rate,4.09
2025-09-29,DFF,effective_fed_funds_rate,4.09
2025-09-30,DFF,effective_fed_funds_rate,4.09
2025-10-01,DFF,effective_fed_funds_rate,4.09
2025-10-02,DFF,effective_fed_funds_rate,4.09
2025-10-03,DFF,effective_fed_funds_rate,4.09
2025-10-04,DFF,effective_fed_funds_rate,4.09
2025-10-05,DFF,effective_fed_funds_rate,4.09
2025-10-06,DFF,effective_fed_funds_rate,4.09
2025-10-07,DFF,effective_fed_funds_rate,4.09
2025-10-08,DFF,effective_fed_funds_rate,4.10
2025-10-09,DFF,effective_fed_funds_rate,4.10
2025-10-10,DFF,effective_fed_funds_rate,4.10
2025-10-11,DFF,effective_fed_funds_rate,4.10
2025-10-12,DFF,effective_fed_funds_rate,4.10
2025-10-13,DFF,effective_fed_funds_rate,4.10
2025-10-14,DFF,effective_fed_funds_rate,4.10
2025-10-15,DFF,effective_fed_funds_rate,4.10
2025-10-16,DFF,effective_fed_funds_rate,4.11
2025-10-17,DFF,effective_fed_funds_rate,4.11
2025-10-18,DFF,effective_fed_funds_rate,4.11
2025-10-19,DFF,effective_fed_funds_rate,4.11
2025-10-20,DFF,effective_fed_funds_rate,4.11
2025-10-21,DFF,effective_fed_funds_rate,4.11
2025-10-22,DFF,effective_fed_funds_rate,4.11
2025-10-23,DFF,effective_fed_funds_rate,4.11
2025-10-24,DFF,effective_fed_funds_rate,4.11
2025-10-25,DFF,effective_fed_funds_rate,4.11
2025-10-26,DFF,effective_fed_funds_rate,4.11
2025-10-27,DFF,effective_fed_funds_rate,4.12
2025-10-28,DFF,effective_fed_funds_rate,4.12
2025-10-29,DFF,effective_fed_funds_rate,4.12
2025-10-30,DFF,effective_fed_funds_rate,3.87
2025-10-31,DFF,effective_fed_funds_rate,3.86
2025-11-01,DFF,effective_fed_funds_rate,3.86
2025-11-02,DFF,effective_fed_funds_rate,3.86
2025-11-03,DFF,effective_fed_funds_rate,3.87
2025-11-04,DFF,effective_fed_funds_rate,3.87
2025-11-05,DFF,effective_fed_funds_rate,3.87
2025-11-06,DFF,effective_fed_funds_rate,3.87
2025-11-07,DFF,effective_fed_funds_rate,3.87
2025-11-08,DFF,effective_fed_funds_rate,3.87
2025-11-09,DFF,effective_fed_funds_rate,3.87
2025-11-10,DFF,effective_fed_funds_rate,3.87
2025-11-11,DFF,effective_fed_funds_rate,3.87
2025-11-12,DFF,effective_fed_funds_rate,3.87
2025-11-13,DFF,effective_fed_funds_rate,3.88
2025-11-14,DFF,effective_fed_funds_rate,3.88
2025-11-15,DFF,effective_fed_funds_rate,3.88
2025-11-16,DFF,effective_fed_funds_rate,3.88
2025-11-17,DFF,effective_fed_funds_rate,3.88
2025-11-18,DFF,effective_fed_funds_rate,3.88
2025-11-19,DFF,effective_fed_funds_rate,3.88
2025-11-20,DFF,effective_fed_funds_rate,3.88
2025-11-21,DFF,effective_fed_funds_rate,3.88
2025-11-22,DFF,effective_fed_funds_rate,3.88
2025-11-23,DFF,effective_fed_funds_rate,3.88
2025-11-24,DFF,effective_fed_funds_rate,3.88
2025-11-25,DFF,effective_fed_funds_rate,3.88
2025-11-26,DFF,effective_fed_funds_rate,3.88
2025-11-27,DFF,effective_fed_funds_rate,3.88
2025-11-28,DFF,effective_fed_funds_rate,3.89
2025-11-29,DFF,effective_fed_funds_rate,3.89
2025-11-30,DFF,effective_fed_funds_rate,3.89
2025-12-01,DFF,effective_fed_funds_rate,3.89
2025-12-02,DFF,effective_fed_funds_rate,3.89
2025-12-03,DFF,effective_fed_funds_rate,3.89
2025-12-04,DFF,effective_fed_funds_rate,3.89
2025-12-05,DFF,effective_fed_funds_rate,3.89
2025-12-06,DFF,effective_fed_funds_rate,3.89
2025-12-07,DFF,effective_fed_funds_rate,3.89
2025-12-08,DFF,effective_fed_funds_rate,3.89
2025-12-09,DFF,effective_fed_funds_rate,3.89
2025-12-10,DFF,effective_fed_funds_rate,3.89
2025-12-11,DFF,effective_fed_funds_rate,3.64
2025-12-12,DFF,effective_fed_funds_rate,3.64
2025-12-13,DFF,effective_fed_funds_rate,3.64
2025-12-14,DFF,effective_fed_funds_rate,3.64
2025-12-15,DFF,effective_fed_funds_rate,3.64
2025-12-16,DFF,effective_fed_funds_rate,3.64
2025-12-17,DFF,effective_fed_funds_rate,3.64
2025-12-18,DFF,effective_fed_funds_rate,3.64
2025-12-19,DFF,effective_fed_funds_rate,3.64
2025-12-20,DFF,effective_fed_funds_rate,3.64
2025-12-21,DFF,effective_fed_funds_rate,3.64
2025-12-22,DFF,effective_fed_funds_rate,3.64
2025-12-23,DFF,effective_fed_funds_rate,3.64
2025-12-24,DFF,effective_fed_funds_rate,3.64
2025-12-25,DFF,effective_fed_funds_rate,3.64
2025-12-26,DFF,effective_fed_funds_rate,3.64
2025-12-27,DFF,effective_fed_funds_rate,3.64
2025-12-28,DFF,effective_fed_funds_rate,3.64
2025-12-29,DFF,effective_fed_funds_rate,3.64
2025-12-30,DFF,effective_fed_funds_rate,3.64
2025-12-31,DFF,effective_fed_funds_rate,3.64
2026-01-01,DFF,effective_fed_funds_rate,3.64
2026-01-02,DFF,effective_fed_funds_rate,3.64
2026-01-03,DFF,effective_fed_funds_rate,3.64
2026-01-04,DFF,effective_fed_funds_rate,3.64
2026-01-05,DFF,effective_fed_funds_rate,3.64
2026-01-06,DFF,effective_fed_funds_rate,3.64
2026-01-07,DFF,effective_fed_funds_rate,3.64
2026-01-08,DFF,effective_fed_funds_rate,3.64
2026-01-09,DFF,effective_fed_funds_rate,3.64
2026-01-10,DFF,effective_fed_funds_rate,3.64
2026-01-11,DFF,effective_fed_funds_rate,3.64
2026-01-12,DFF,effective_fed_funds_rate,3.64
2026-01-13,DFF,effective_fed_funds_rate,3.64
2026-01-14,DFF,effective_fed_funds_rate,3.64
2026-01-15,DFF,effective_fed_funds_rate,3.64
2026-01-16,DFF,effective_fed_funds_rate,3.64
2026-01-17,DFF,effective_fed_funds_rate,3.64
2026-01-18,DFF,effective_fed_funds_rate,3.64
2026-01-19,DFF,effective_fed_funds_rate,3.64
2026-01-20,DFF,effective_fed_funds_rate,3.64
2026-01-21,DFF,effective_fed_funds_rate,3.64
2026-01-22,DFF,effective_fed_funds_rate,3.64
2026-01-23,DFF,effective_fed_funds_rate,3.64
2026-01-24,DFF,effective_fed_funds_rate,3.64
2026-01-25,DFF,effective_fed_funds_rate,3.64
2026-01-26,DFF,effective_fed_funds_rate,3.64
2026-01-27,DFF,effective_fed_funds_rate,3.64
2026-01-28,DFF,effective_fed_funds_rate,3.64
2026-01-29,DFF,effective_fed_funds_rate,3.64
2026-01-30,DFF,effective_fed_funds_rate,3.64
2026-01-31,DFF,effective_fed_funds_rate,3.64
2026-02-01,DFF,effective_fed_funds_rate,3.64
2026-02-02,DFF,effective_fed_funds_rate,3.64
2026-02-03,DFF,effective_fed_funds_rate,3.64
2026-02-04,DFF,effective_fed_funds_rate,3.64
2026-02-05,DFF,effective_fed_funds_rate,3.64
2026-02-06,DFF,effective_fed_funds_rate,3.64
2026-02-07,DFF,effective_fed_funds_rate,3.64
2026-02-08,DFF,effective_fed_funds_rate,3.64
2026-02-09,DFF,effective_fed_funds_rate,3.64
2026-02-10,DFF,effective_fed_funds_rate,3.64
2026-02-11,DFF,effective_fed_funds_rate,3.64
2026-02-12,DFF,effective_fed_funds_rate,3.64
2026-02-13,DFF,effective_fed_funds_rate,3.64
2026-02-14,DFF,effective_fed_funds_rate,3.64
2026-02-15,DFF,effective_fed_funds_rate,3.64
2026-02-16,DFF,effective_fed_funds_rate,3.64
2026-02-17,DFF,effective_fed_funds_rate,3.64
2026-02-18,DFF,effective_fed_funds_rate,3.64
2026-02-19,DFF,effective_fed_funds_rate,3.64
2026-02-20,DFF,effective_fed_funds_rate,3.64
2026-02-21,DFF,effective_fed_funds_rate,3.64
2026-02-22,DFF,effective_fed_funds_rate,3.64
2026-02-23,DFF,effective_fed_funds_rate,3.64
2026-02-24,DFF,effective_fed_funds_rate,3.64
2026-02-25,DFF,effective_fed_funds_rate,3.64
2026-02-26,DFF,effective_fed_funds_rate,3.64
2026-02-27,DFF,effective_fed_funds_rate,3.64
2026-02-28,DFF,effective_fed_funds_rate,3.64
2026-03-01,DFF,effective_fed_funds_rate,3.64
2026-03-02,DFF,effective_fed_funds_rate,3.64
2026-03-03,DFF,effective_fed_funds_rate,3.64
2026-03-04,DFF,effective_fed_funds_rate,3.64
2026-03-05,DFF,effective_fed_funds_rate,3.64
2026-03-06,DFF,effective_fed_funds_rate,3.64
2026-03-07,DFF,effective_fed_funds_rate,3.64
2026-03-08,DFF,effective_fed_funds_rate,3.64
2026-03-09,DFF,effective_fed_funds_rate,3.64
2026-03-10,DFF,effective_fed_funds_rate,3.64
2026-03-11,DFF,effective_fed_funds_rate,3.64
2026-03-12,DFF,effective_fed_funds_rate,3.64
2026-03-13,DFF,effective_fed_funds_rate,3.64
2026-03-14,DFF,effective_fed_funds_rate,3.64
2026-03-15,DFF,effective_fed_funds_rate,3.64
2026-03-16,DFF,effective_fed_funds_rate,3.64
2026-03-17,DFF,effective_fed_funds_rate,3.64
2026-03-18,DFF,effective_fed_funds_rate,3.64
2026-03-19,DFF,effective_fed_funds_rate,3.64
2026-03-20,DFF,effective_fed_funds_rate,3.64
2026-03-21,DFF,effective_fed_funds_rate,3.64
2026-03-22,DFF,effective_fed_funds_rate,3.64
2026-03-23,DFF,effective_fed_funds_rate,3.64
2026-03-24,DFF,effective_fed_funds_rate,3.64
2026-03-25,DFF,effective_fed_funds_rate,3.64
2026-03-26,DFF,effective_fed_funds_rate,3.64
2026-03-27,DFF,effective_fed_funds_rate,3.64
2026-03-28,DFF,effective_fed_funds_rate,3.64
2026-03-29,DFF,effective_fed_funds_rate,3.64
2026-03-30,DFF,effective_fed_funds_rate,3.64
2026-03-31,DFF,effective_fed_funds_rate,3.64
2026-04-01,DFF,effective_fed_funds_rate,3.64
2026-04-02,DFF,effective_fed_funds_rate,3.64
2026-04-03,DFF,effective_fed_funds_rate,3.64
2026-04-04,DFF,effective_fed_funds_rate,3.64
2026-04-05,DFF,effective_fed_funds_rate,3.64
2026-04-06,DFF,effective_fed_funds_rate,3.64
2026-04-07,DFF,effective_fed_funds_rate,3.64
2026-04-08,DFF,effective_fed_funds_rate,3.64
2026-04-09,DFF,effective_fed_funds_rate,3.64
2026-04-10,DFF,effective_fed_funds_rate,3.64
2026-04-11,DFF,effective_fed_funds_rate,3.64
2026-04-12,DFF,effective_fed_funds_rate,3.64
2026-04-13,DFF,effective_fed_funds_rate,3.64
2026-04-14,DFF,effective_fed_funds_rate,3.64
2026-04-15,DFF,effective_fed_funds_rate,3.64
2026-04-16,DFF,effective_fed_funds_rate,3.64
2026-04-17,DFF,effective_fed_funds_rate,3.64
2026-04-18,DFF,effective_fed_funds_rate,3.64
2026-04-19,DFF,effective_fed_funds_rate,3.64
2026-04-20,DFF,effective_fed_funds_rate,3.64
2026-04-21,DFF,effective_fed_funds_rate,3.64
2026-04-22,DFF,effective_fed_funds_rate,3.64
2026-04-23,DFF,effective_fed_funds_rate,3.64
2026-04-24,DFF,effective_fed_funds_rate,3.64
2026-04-25,DFF,effective_fed_funds_rate,3.64
2026-04-26,DFF,effective_fed_funds_rate,3.64
2026-04-27,DFF,effective_fed_funds_rate,3.64
2026-04-28,DFF,effective_fed_funds_rate,3.64
2026-04-29,DFF,effective_fed_funds_rate,3.64
2026-04-30,DFF,effective_fed_funds_rate,3.64
2026-05-01,DFF,effective_fed_funds_rate,3.64
2026-05-02,DFF,effective_fed_funds_rate,3.64
2026-05-03,DFF,effective_fed_funds_rate,3.64
2026-05-04,DFF,effective_fed_funds_rate,3.64
2026-05-05,DFF,effective_fed_funds_rate,3.64
2026-05-06,DFF,effective_fed_funds_rate,3.64
2023-05-01,DTWEXBGS,broad_us_dollar_index,119.4435
2023-05-02,DTWEXBGS,broad_us_dollar_index,119.6105
2023-05-03,DTWEXBGS,broad_us_dollar_index,119.1233
2023-05-04,DTWEXBGS,broad_us_dollar_index,119.0465
2023-05-05,DTWEXBGS,broad_us_dollar_index,118.5548
2023-05-08,DTWEXBGS,broad_us_dollar_index,118.5759
2023-05-09,DTWEXBGS,broad_us_dollar_index,118.8239
2023-05-10,DTWEXBGS,broad_us_dollar_index,118.5864
2023-05-11,DTWEXBGS,broad_us_dollar_index,119.0303
2023-05-12,DTWEXBGS,broad_us_dollar_index,119.3671
2023-05-15,DTWEXBGS,broad_us_dollar_index,119.1608
2023-05-16,DTWEXBGS,broad_us_dollar_index,119.1743
2023-05-17,DTWEXBGS,broad_us_dollar_index,119.6070
2023-05-18,DTWEXBGS,broad_us_dollar_index,120.0886
2023-05-19,DTWEXBGS,broad_us_dollar_index,119.7751
2023-05-22,DTWEXBGS,broad_us_dollar_index,120.0875
2023-05-23,DTWEXBGS,broad_us_dollar_index,120.3204
2023-05-24,DTWEXBGS,broad_us_dollar_index,120.4752
2023-05-25,DTWEXBGS,broad_us_dollar_index,120.8413
2023-05-26,DTWEXBGS,broad_us_dollar_index,120.6304
2023-05-30,DTWEXBGS,broad_us_dollar_index,120.5546
2023-05-31,DTWEXBGS,broad_us_dollar_index,120.9662
2023-06-01,DTWEXBGS,broad_us_dollar_index,120.0491
2023-06-02,DTWEXBGS,broad_us_dollar_index,120.0049
2023-06-05,DTWEXBGS,broad_us_dollar_index,120.0048
2023-06-06,DTWEXBGS,broad_us_dollar_index,119.9718
2023-06-07,DTWEXBGS,broad_us_dollar_index,119.8590
2023-06-08,DTWEXBGS,broad_us_dollar_index,119.5712
2023-06-09,DTWEXBGS,broad_us_dollar_index,119.4322
2023-06-12,DTWEXBGS,broad_us_dollar_index,119.6376
2023-06-13,DTWEXBGS,broad_us_dollar_index,119.1899
2023-06-14,DTWEXBGS,broad_us_dollar_index,118.7760
2023-06-15,DTWEXBGS,broad_us_dollar_index,118.5521
2023-06-16,DTWEXBGS,broad_us_dollar_index,118.4184
2023-06-20,DTWEXBGS,broad_us_dollar_index,118.9380
2023-06-21,DTWEXBGS,broad_us_dollar_index,118.7270
2023-06-22,DTWEXBGS,broad_us_dollar_index,118.7552
2023-06-23,DTWEXBGS,broad_us_dollar_index,119.1520
2023-06-26,DTWEXBGS,broad_us_dollar_index,119.0761
2023-06-27,DTWEXBGS,broad_us_dollar_index,118.8949
2023-06-28,DTWEXBGS,broad_us_dollar_index,119.3382
2023-06-29,DTWEXBGS,broad_us_dollar_index,119.5270
2023-06-30,DTWEXBGS,broad_us_dollar_index,119.3606
2023-07-03,DTWEXBGS,broad_us_dollar_index,119.2119
2023-07-05,DTWEXBGS,broad_us_dollar_index,119.3483
2023-07-06,DTWEXBGS,broad_us_dollar_index,119.8193
2023-07-07,DTWEXBGS,broad_us_dollar_index,119.0761
2023-07-10,DTWEXBGS,broad_us_dollar_index,118.9548
2023-07-11,DTWEXBGS,broad_us_dollar_index,118.7344
2023-07-12,DTWEXBGS,broad_us_dollar_index,117.6385
2023-07-13,DTWEXBGS,broad_us_dollar_index,117.1831
2023-07-14,DTWEXBGS,broad_us_dollar_index,117.0463
2023-07-17,DTWEXBGS,broad_us_dollar_index,117.1267
2023-07-18,DTWEXBGS,broad_us_dollar_index,117.0264
2023-07-19,DTWEXBGS,broad_us_dollar_index,117.3462
2023-07-20,DTWEXBGS,broad_us_dollar_index,117.5947
2023-07-21,DTWEXBGS,broad_us_dollar_index,117.9418
2023-07-24,DTWEXBGS,broad_us_dollar_index,117.8124
2023-07-25,DTWEXBGS,broad_us_dollar_index,117.8565
2023-07-26,DTWEXBGS,broad_us_dollar_index,117.7600
2023-07-27,DTWEXBGS,broad_us_dollar_index,117.8938
2023-07-28,DTWEXBGS,broad_us_dollar_index,117.7880
2023-07-31,DTWEXBGS,broad_us_dollar_index,117.8241
2023-08-01,DTWEXBGS,broad_us_dollar_index,118.5738
2023-08-02,DTWEXBGS,broad_us_dollar_index,119.1268
2023-08-03,DTWEXBGS,broad_us_dollar_index,119.3963
2023-08-04,DTWEXBGS,broad_us_dollar_index,118.8210
2023-08-07,DTWEXBGS,broad_us_dollar_index,119.0809
2023-08-08,DTWEXBGS,broad_us_dollar_index,119.6407
2023-08-09,DTWEXBGS,broad_us_dollar_index,119.4760
2023-08-10,DTWEXBGS,broad_us_dollar_index,119.1581
2023-08-11,DTWEXBGS,broad_us_dollar_index,119.6268
2023-08-14,DTWEXBGS,broad_us_dollar_index,120.0725
2023-08-15,DTWEXBGS,broad_us_dollar_index,120.2127
2023-08-16,DTWEXBGS,broad_us_dollar_index,120.3551
2023-08-17,DTWEXBGS,broad_us_dollar_index,120.5242
2023-08-18,DTWEXBGS,broad_us_dollar_index,120.4321
2023-08-21,DTWEXBGS,broad_us_dollar_index,120.4627
2023-08-22,DTWEXBGS,broad_us_dollar_index,120.3554
2023-08-23,DTWEXBGS,broad_us_dollar_index,120.0307
2023-08-24,DTWEXBGS,broad_us_dollar_index,120.2354
2023-08-25,DTWEXBGS,broad_us_dollar_index,120.5137
2023-08-28,DTWEXBGS,broad_us_dollar_index,120.3155
2023-08-29,DTWEXBGS,broad_us_dollar_index,120.2669
2023-08-30,DTWEXBGS,broad_us_dollar_index,119.7937
2023-08-31,DTWEXBGS,broad_us_dollar_index,120.2250
2023-09-01,DTWEXBGS,broad_us_dollar_index,120.7590
2023-09-05,DTWEXBGS,broad_us_dollar_index,121.4345
2023-09-06,DTWEXBGS,broad_us_dollar_index,121.8671
2023-09-07,DTWEXBGS,broad_us_dollar_index,121.9528
2023-09-08,DTWEXBGS,broad_us_dollar_index,121.9475
2023-09-11,DTWEXBGS,broad_us_dollar_index,121.3386
2023-09-12,DTWEXBGS,broad_us_dollar_index,121.2913
2023-09-13,DTWEXBGS,broad_us_dollar_index,121.0549
2023-09-14,DTWEXBGS,broad_us_dollar_index,121.2395
2023-09-15,DTWEXBGS,broad_us_dollar_index,121.1990
2023-09-18,DTWEXBGS,broad_us_dollar_index,121.1938
2023-09-19,DTWEXBGS,broad_us_dollar_index,121.1645
2023-09-20,DTWEXBGS,broad_us_dollar_index,120.9648
2023-09-21,DTWEXBGS,broad_us_dollar_index,121.5528
2023-09-22,DTWEXBGS,broad_us_dollar_index,121.5306
2023-09-25,DTWEXBGS,broad_us_dollar_index,122.1143
2023-09-26,DTWEXBGS,broad_us_dollar_index,122.4742
2023-09-27,DTWEXBGS,broad_us_dollar_index,122.9895
2023-09-28,DTWEXBGS,broad_us_dollar_index,122.5342
2023-09-29,DTWEXBGS,broad_us_dollar_index,122.3077
2023-10-02,DTWEXBGS,broad_us_dollar_index,123.0545
2023-10-03,DTWEXBGS,broad_us_dollar_index,123.7848
2023-10-04,DTWEXBGS,broad_us_dollar_index,123.5946
2023-10-05,DTWEXBGS,broad_us_dollar_index,123.8993
2023-10-06,DTWEXBGS,broad_us_dollar_index,123.3563
2023-10-10,DTWEXBGS,broad_us_dollar_index,122.9282
2023-10-11,DTWEXBGS,broad_us_dollar_index,122.7697
2023-10-12,DTWEXBGS,broad_us_dollar_index,123.2101
2023-10-13,DTWEXBGS,broad_us_dollar_index,123.5954
2023-10-16,DTWEXBGS,broad_us_dollar_index,123.3185
2023-10-17,DTWEXBGS,broad_us_dollar_index,123.1202
2023-10-18,DTWEXBGS,broad_us_dollar_index,123.8148
2023-10-19,DTWEXBGS,broad_us_dollar_index,123.7980
2023-10-20,DTWEXBGS,broad_us_dollar_index,123.6120
2023-10-23,DTWEXBGS,broad_us_dollar_index,123.2846
2023-10-24,DTWEXBGS,broad_us_dollar_index,123.6416
2023-10-25,DTWEXBGS,broad_us_dollar_index,123.7871
2023-10-26,DTWEXBGS,broad_us_dollar_index,124.0064
2023-10-27,DTWEXBGS,broad_us_dollar_index,123.6200
2023-10-30,DTWEXBGS,broad_us_dollar_index,123.4076
2023-10-31,DTWEXBGS,broad_us_dollar_index,123.8364
2023-11-01,DTWEXBGS,broad_us_dollar_index,123.7922
2023-11-02,DTWEXBGS,broad_us_dollar_index,122.8818
2023-11-03,DTWEXBGS,broad_us_dollar_index,121.7564
2023-11-06,DTWEXBGS,broad_us_dollar_index,121.6484
2023-11-07,DTWEXBGS,broad_us_dollar_index,122.0777
2023-11-08,DTWEXBGS,broad_us_dollar_index,122.0926
2023-11-09,DTWEXBGS,broad_us_dollar_index,122.1281
2023-11-13,DTWEXBGS,broad_us_dollar_index,122.4264
2023-11-14,DTWEXBGS,broad_us_dollar_index,121.3500
2023-11-15,DTWEXBGS,broad_us_dollar_index,121.0749
2023-11-16,DTWEXBGS,broad_us_dollar_index,121.1754
2023-11-17,DTWEXBGS,broad_us_dollar_index,120.8477
2023-11-20,DTWEXBGS,broad_us_dollar_index,120.2533
2023-11-21,DTWEXBGS,broad_us_dollar_index,120.2241
2023-11-22,DTWEXBGS,broad_us_dollar_index,120.6802
2023-11-24,DTWEXBGS,broad_us_dollar_index,120.2105
2023-11-27,DTWEXBGS,broad_us_dollar_index,120.1730
2023-11-28,DTWEXBGS,broad_us_dollar_index,119.5904
2023-11-29,DTWEXBGS,broad_us_dollar_index,119.8159
2023-11-30,DTWEXBGS,broad_us_dollar_index,120.2434
2023-12-01,DTWEXBGS,broad_us_dollar_index,119.9424
2023-12-04,DTWEXBGS,broad_us_dollar_index,120.4727
2023-12-05,DTWEXBGS,broad_us_dollar_index,120.7913
2023-12-06,DTWEXBGS,broad_us_dollar_index,120.5334
2023-12-07,DTWEXBGS,broad_us_dollar_index,120.6013
2023-12-08,DTWEXBGS,broad_us_dollar_index,120.7607
2023-12-11,DTWEXBGS,broad_us_dollar_index,120.9279
2023-12-12,DTWEXBGS,broad_us_dollar_index,120.6817
2023-12-13,DTWEXBGS,broad_us_dollar_index,121.1571
2023-12-14,DTWEXBGS,broad_us_dollar_index,119.5683
2023-12-15,DTWEXBGS,broad_us_dollar_index,119.7382
2023-12-18,DTWEXBGS,broad_us_dollar_index,119.9102
2023-12-19,DTWEXBGS,broad_us_dollar_index,119.4632
2023-12-20,DTWEXBGS,broad_us_dollar_index,119.5435
2023-12-21,DTWEXBGS,broad_us_dollar_index,119.3168
2023-12-22,DTWEXBGS,broad_us_dollar_index,119.0625
2023-12-26,DTWEXBGS,broad_us_dollar_index,118.8875
2023-12-27,DTWEXBGS,broad_us_dollar_index,118.4729
2023-12-28,DTWEXBGS,broad_us_dollar_index,118.4104
2023-12-29,DTWEXBGS,broad_us_dollar_index,118.4208
2024-01-02,DTWEXBGS,broad_us_dollar_index,119.2686
2024-01-03,DTWEXBGS,broad_us_dollar_index,119.6958
2024-01-04,DTWEXBGS,broad_us_dollar_index,119.6208
2024-01-05,DTWEXBGS,broad_us_dollar_index,119.3880
2024-01-08,DTWEXBGS,broad_us_dollar_index,119.2506
2024-01-09,DTWEXBGS,broad_us_dollar_index,119.6666
2024-01-10,DTWEXBGS,broad_us_dollar_index,119.7614
2024-01-11,DTWEXBGS,broad_us_dollar_index,119.8916
2024-01-12,DTWEXBGS,broad_us_dollar_index,119.5340
2024-01-16,DTWEXBGS,broad_us_dollar_index,120.5759
2024-01-17,DTWEXBGS,broad_us_dollar_index,121.0402
2024-01-18,DTWEXBGS,broad_us_dollar_index,120.8895
2024-01-19,DTWEXBGS,broad_us_dollar_index,120.6442
2024-01-22,DTWEXBGS,broad_us_dollar_index,120.6178
2024-01-23,DTWEXBGS,broad_us_dollar_index,121.1001
2024-01-24,DTWEXBGS,broad_us_dollar_index,120.4916
2024-01-25,DTWEXBGS,broad_us_dollar_index,120.8311
2024-01-26,DTWEXBGS,broad_us_dollar_index,120.6173
2024-01-29,DTWEXBGS,broad_us_dollar_index,120.8538
2024-01-30,DTWEXBGS,broad_us_dollar_index,120.6025
2024-01-31,DTWEXBGS,broad_us_dollar_index,120.4331
2024-02-01,DTWEXBGS,broad_us_dollar_index,120.3335
2024-02-02,DTWEXBGS,broad_us_dollar_index,120.9020
2024-02-05,DTWEXBGS,broad_us_dollar_index,121.3490
2024-02-06,DTWEXBGS,broad_us_dollar_index,120.9588
2024-02-07,DTWEXBGS,broad_us_dollar_index,120.9049
2024-02-08,DTWEXBGS,broad_us_dollar_index,121.0798
2024-02-09,DTWEXBGS,broad_us_dollar_index,121.0390
2024-02-12,DTWEXBGS,broad_us_dollar_index,120.9378
2024-02-13,DTWEXBGS,broad_us_dollar_index,121.5202
2024-02-14,DTWEXBGS,broad_us_dollar_index,121.4002
2024-02-15,DTWEXBGS,broad_us_dollar_index,121.2121
2024-02-16,DTWEXBGS,broad_us_dollar_index,121.1505
2024-02-20,DTWEXBGS,broad_us_dollar_index,121.0199
2024-02-21,DTWEXBGS,broad_us_dollar_index,121.0379
2024-02-22,DTWEXBGS,broad_us_dollar_index,121.1020
2024-02-23,DTWEXBGS,broad_us_dollar_index,121.0369
2024-02-26,DTWEXBGS,broad_us_dollar_index,121.0592
2024-02-27,DTWEXBGS,broad_us_dollar_index,120.9647
2024-02-28,DTWEXBGS,broad_us_dollar_index,121.1280
2024-02-29,DTWEXBGS,broad_us_dollar_index,121.1824
2024-03-01,DTWEXBGS,broad_us_dollar_index,121.0111
2024-03-04,DTWEXBGS,broad_us_dollar_index,120.8720
2024-03-05,DTWEXBGS,broad_us_dollar_index,120.8846
2024-03-06,DTWEXBGS,broad_us_dollar_index,120.4649
2024-03-07,DTWEXBGS,broad_us_dollar_index,120.1909
2024-03-08,DTWEXBGS,broad_us_dollar_index,119.9750
2024-03-11,DTWEXBGS,broad_us_dollar_index,120.0394
2024-03-12,DTWEXBGS,broad_us_dollar_index,120.1668
2024-03-13,DTWEXBGS,broad_us_dollar_index,119.9642
2024-03-14,DTWEXBGS,broad_us_dollar_index,120.2410
2024-03-15,DTWEXBGS,broad_us_dollar_index,120.4003
2024-03-18,DTWEXBGS,broad_us_dollar_index,120.5752
2024-03-19,DTWEXBGS,broad_us_dollar_index,120.9332
2024-03-20,DTWEXBGS,broad_us_dollar_index,120.9289
2024-03-21,DTWEXBGS,broad_us_dollar_index,120.8086
2024-03-22,DTWEXBGS,broad_us_dollar_index,121.1842
2024-03-25,DTWEXBGS,broad_us_dollar_index,121.0295
2024-03-26,DTWEXBGS,broad_us_dollar_index,121.0742
2024-03-27,DTWEXBGS,broad_us_dollar_index,121.0089
2024-03-28,DTWEXBGS,broad_us_dollar_index,121.0635
2024-03-29,DTWEXBGS,broad_us_dollar_index,121.0191
2024-04-01,DTWEXBGS,broad_us_dollar_index,121.5151
2024-04-02,DTWEXBGS,broad_us_dollar_index,121.3035
2024-04-03,DTWEXBGS,broad_us_dollar_index,121.0198
2024-04-04,DTWEXBGS,broad_us_dollar_index,120.7613
2024-04-05,DTWEXBGS,broad_us_dollar_index,120.9646
2024-04-08,DTWEXBGS,broad_us_dollar_index,120.7359
2024-04-09,DTWEXBGS,broad_us_dollar_index,120.7048
2024-04-10,DTWEXBGS,broad_us_dollar_index,121.5727
2024-04-11,DTWEXBGS,broad_us_dollar_index,121.6081
2024-04-12,DTWEXBGS,broad_us_dollar_index,122.2885
2024-04-15,DTWEXBGS,broad_us_dollar_index,122.4250
2024-04-16,DTWEXBGS,broad_us_dollar_index,123.1234
2024-04-17,DTWEXBGS,broad_us_dollar_index,123.0207
2024-04-18,DTWEXBGS,broad_us_dollar_index,123.0017
2024-04-19,DTWEXBGS,broad_us_dollar_index,123.1075
2024-04-22,DTWEXBGS,broad_us_dollar_index,123.0609
2024-04-23,DTWEXBGS,broad_us_dollar_index,122.7227
2024-04-24,DTWEXBGS,broad_us_dollar_index,122.8900
2024-04-25,DTWEXBGS,broad_us_dollar_index,122.8384
2024-04-26,DTWEXBGS,broad_us_dollar_index,122.9471
2024-04-29,DTWEXBGS,broad_us_dollar_index,122.5449
2024-04-30,DTWEXBGS,broad_us_dollar_index,122.9853
2024-05-01,DTWEXBGS,broad_us_dollar_index,123.0168
2024-05-02,DTWEXBGS,broad_us_dollar_index,122.4384
2024-05-03,DTWEXBGS,broad_us_dollar_index,122.1375
2024-05-06,DTWEXBGS,broad_us_dollar_index,121.8913
2024-05-07,DTWEXBGS,broad_us_dollar_index,122.0930
2024-05-08,DTWEXBGS,broad_us_dollar_index,122.1926
2024-05-09,DTWEXBGS,broad_us_dollar_index,122.1634
2024-05-10,DTWEXBGS,broad_us_dollar_index,122.0140
2024-05-13,DTWEXBGS,broad_us_dollar_index,122.0261
2024-05-14,DTWEXBGS,broad_us_dollar_index,121.9256
2024-05-15,DTWEXBGS,broad_us_dollar_index,121.3543
2024-05-16,DTWEXBGS,broad_us_dollar_index,121.2236
2024-05-17,DTWEXBGS,broad_us_dollar_index,121.2354
2024-05-20,DTWEXBGS,broad_us_dollar_index,121.2289
2024-05-21,DTWEXBGS,broad_us_dollar_index,121.3793
2024-05-22,DTWEXBGS,broad_us_dollar_index,121.5462
2024-05-23,DTWEXBGS,broad_us_dollar_index,121.7477
2024-05-24,DTWEXBGS,broad_us_dollar_index,121.6172
2024-05-28,DTWEXBGS,broad_us_dollar_index,121.4300
2024-05-29,DTWEXBGS,broad_us_dollar_index,122.1641
2024-05-30,DTWEXBGS,broad_us_dollar_index,121.9601
2024-05-31,DTWEXBGS,broad_us_dollar_index,122.0980
2024-06-03,DTWEXBGS,broad_us_dollar_index,122.3509
2024-06-04,DTWEXBGS,broad_us_dollar_index,122.7256
2024-06-05,DTWEXBGS,broad_us_dollar_index,122.5339
2024-06-06,DTWEXBGS,broad_us_dollar_index,122.3713
2024-06-07,DTWEXBGS,broad_us_dollar_index,123.5490
2024-06-10,DTWEXBGS,broad_us_dollar_index,123.9125
2024-06-11,DTWEXBGS,broad_us_dollar_index,124.0349
2024-06-12,DTWEXBGS,broad_us_dollar_index,123.8295
2024-06-13,DTWEXBGS,broad_us_dollar_index,124.0235
2024-06-14,DTWEXBGS,broad_us_dollar_index,124.1694
2024-06-17,DTWEXBGS,broad_us_dollar_index,124.2390
2024-06-18,DTWEXBGS,broad_us_dollar_index,123.9776
2024-06-20,DTWEXBGS,broad_us_dollar_index,124.1920
2024-06-21,DTWEXBGS,broad_us_dollar_index,124.1086
2024-06-24,DTWEXBGS,broad_us_dollar_index,123.7125
2024-06-25,DTWEXBGS,broad_us_dollar_index,123.9417
2024-06-26,DTWEXBGS,broad_us_dollar_index,124.2600
2024-06-27,DTWEXBGS,broad_us_dollar_index,124.3379
2024-06-28,DTWEXBGS,broad_us_dollar_index,124.2103
2024-07-01,DTWEXBGS,broad_us_dollar_index,124.4667
2024-07-02,DTWEXBGS,broad_us_dollar_index,124.2917
2024-07-03,DTWEXBGS,broad_us_dollar_index,123.7768
2024-07-05,DTWEXBGS,broad_us_dollar_index,123.4762
2024-07-08,DTWEXBGS,broad_us_dollar_index,123.3576
2024-07-09,DTWEXBGS,broad_us_dollar_index,123.4071
2024-07-10,DTWEXBGS,broad_us_dollar_index,123.1895
2024-07-11,DTWEXBGS,broad_us_dollar_index,122.7690
2024-07-12,DTWEXBGS,broad_us_dollar_index,122.4404
2024-07-15,DTWEXBGS,broad_us_dollar_index,122.6347
2024-07-16,DTWEXBGS,broad_us_dollar_index,122.7264
2024-07-17,DTWEXBGS,broad_us_dollar_index,122.5180
2024-07-18,DTWEXBGS,broad_us_dollar_index,122.7909
2024-07-19,DTWEXBGS,broad_us_dollar_index,123.1470
2024-07-22,DTWEXBGS,broad_us_dollar_index,123.2172
2024-07-23,DTWEXBGS,broad_us_dollar_index,123.3843
2024-07-24,DTWEXBGS,broad_us_dollar_index,123.5575
2024-07-25,DTWEXBGS,broad_us_dollar_index,123.5286
2024-07-26,DTWEXBGS,broad_us_dollar_index,123.6720
2024-07-29,DTWEXBGS,broad_us_dollar_index,124.1392
2024-07-30,DTWEXBGS,broad_us_dollar_index,124.2855
2024-07-31,DTWEXBGS,broad_us_dollar_index,123.6373
2024-08-01,DTWEXBGS,broad_us_dollar_index,123.8693
2024-08-02,DTWEXBGS,broad_us_dollar_index,123.4681
2024-08-05,DTWEXBGS,broad_us_dollar_index,123.5787
2024-08-06,DTWEXBGS,broad_us_dollar_index,123.6532
2024-08-07,DTWEXBGS,broad_us_dollar_index,123.5698
2024-08-08,DTWEXBGS,broad_us_dollar_index,123.4466
2024-08-09,DTWEXBGS,broad_us_dollar_index,122.9276
2024-08-12,DTWEXBGS,broad_us_dollar_index,123.2204
2024-08-13,DTWEXBGS,broad_us_dollar_index,123.0146
2024-08-14,DTWEXBGS,broad_us_dollar_index,122.4297
2024-08-15,DTWEXBGS,broad_us_dollar_index,122.5844
2024-08-16,DTWEXBGS,broad_us_dollar_index,122.3972
2024-08-19,DTWEXBGS,broad_us_dollar_index,121.8788
2024-08-20,DTWEXBGS,broad_us_dollar_index,121.7728
2024-08-21,DTWEXBGS,broad_us_dollar_index,121.8535
2024-08-22,DTWEXBGS,broad_us_dollar_index,122.3626
2024-08-23,DTWEXBGS,broad_us_dollar_index,121.4597
2024-08-26,DTWEXBGS,broad_us_dollar_index,121.6943
2024-08-27,DTWEXBGS,broad_us_dollar_index,121.8672
2024-08-28,DTWEXBGS,broad_us_dollar_index,121.8943
2024-08-29,DTWEXBGS,broad_us_dollar_index,122.2333
2024-08-30,DTWEXBGS,broad_us_dollar_index,122.3262
2024-09-03,DTWEXBGS,broad_us_dollar_index,122.7811
2024-09-04,DTWEXBGS,broad_us_dollar_index,122.5144
2024-09-05,DTWEXBGS,broad_us_dollar_index,122.4533
2024-09-06,DTWEXBGS,broad_us_dollar_index,122.4991
2024-09-09,DTWEXBGS,broad_us_dollar_index,122.7156
2024-09-10,DTWEXBGS,broad_us_dollar_index,123.0071
2024-09-11,DTWEXBGS,broad_us_dollar_index,122.7754
2024-09-12,DTWEXBGS,broad_us_dollar_index,122.4423
2024-09-13,DTWEXBGS,broad_us_dollar_index,121.6551
2024-09-16,DTWEXBGS,broad_us_dollar_index,121.4976
2024-09-17,DTWEXBGS,broad_us_dollar_index,121.6031
2024-09-18,DTWEXBGS,broad_us_dollar_index,121.5618
2024-09-19,DTWEXBGS,broad_us_dollar_index,121.3059
2024-09-20,DTWEXBGS,broad_us_dollar_index,121.4052
2024-09-23,DTWEXBGS,broad_us_dollar_index,121.4303
2024-09-24,DTWEXBGS,broad_us_dollar_index,121.1291
2024-09-25,DTWEXBGS,broad_us_dollar_index,121.4447
2024-09-26,DTWEXBGS,broad_us_dollar_index,121.0785
2024-09-27,DTWEXBGS,broad_us_dollar_index,121.1111
2024-09-30,DTWEXBGS,broad_us_dollar_index,121.2864
2024-10-01,DTWEXBGS,broad_us_dollar_index,121.6881
2024-10-02,DTWEXBGS,broad_us_dollar_index,121.5724
2024-10-03,DTWEXBGS,broad_us_dollar_index,122.1197
2024-10-04,DTWEXBGS,broad_us_dollar_index,122.2197
2024-10-07,DTWEXBGS,broad_us_dollar_index,122.4241
2024-10-08,DTWEXBGS,broad_us_dollar_index,122.6625
2024-10-09,DTWEXBGS,broad_us_dollar_index,122.8821
2024-10-10,DTWEXBGS,broad_us_dollar_index,123.0951
2024-10-11,DTWEXBGS,broad_us_dollar_index,122.9805
2024-10-15,DTWEXBGS,broad_us_dollar_index,123.5124
2024-10-16,DTWEXBGS,broad_us_dollar_index,123.9235
2024-10-17,DTWEXBGS,broad_us_dollar_index,124.1122
2024-10-18,DTWEXBGS,broad_us_dollar_index,123.9185
2024-10-21,DTWEXBGS,broad_us_dollar_index,124.4757
2024-10-22,DTWEXBGS,broad_us_dollar_index,124.4107
2024-10-23,DTWEXBGS,broad_us_dollar_index,124.6931
2024-10-24,DTWEXBGS,broad_us_dollar_index,124.5127
2024-10-25,DTWEXBGS,broad_us_dollar_index,124.6105
2024-10-28,DTWEXBGS,broad_us_dollar_index,124.8076
2024-10-29,DTWEXBGS,broad_us_dollar_index,124.8612
2024-10-30,DTWEXBGS,broad_us_dollar_index,124.8153
2024-10-31,DTWEXBGS,broad_us_dollar_index,124.7988
2024-11-01,DTWEXBGS,broad_us_dollar_index,124.8076
2024-11-04,DTWEXBGS,broad_us_dollar_index,124.5903
2024-11-05,DTWEXBGS,broad_us_dollar_index,124.5532
2024-11-06,DTWEXBGS,broad_us_dollar_index,125.7035
2024-11-07,DTWEXBGS,broad_us_dollar_index,124.7750
2024-11-08,DTWEXBGS,broad_us_dollar_index,125.5811
2024-11-12,DTWEXBGS,broad_us_dollar_index,126.7762
2024-11-13,DTWEXBGS,broad_us_dollar_index,126.9572
2024-11-14,DTWEXBGS,broad_us_dollar_index,127.0015
2024-11-15,DTWEXBGS,broad_us_dollar_index,126.8848
2024-11-18,DTWEXBGS,broad_us_dollar_index,126.6045
2024-11-19,DTWEXBGS,broad_us_dollar_index,126.3994
2024-11-20,DTWEXBGS,broad_us_dollar_index,126.8800
2024-11-21,DTWEXBGS,broad_us_dollar_index,127.1047
2024-11-22,DTWEXBGS,broad_us_dollar_index,127.4712
2024-11-25,DTWEXBGS,broad_us_dollar_index,126.9948
2024-11-26,DTWEXBGS,broad_us_dollar_index,127.4301
2024-11-27,DTWEXBGS,broad_us_dollar_index,126.8205
2024-11-29,DTWEXBGS,broad_us_dollar_index,126.5798
2024-12-02,DTWEXBGS,broad_us_dollar_index,127.1272
2024-12-03,DTWEXBGS,broad_us_dollar_index,126.9565
2024-12-04,DTWEXBGS,broad_us_dollar_index,126.7574
2024-12-05,DTWEXBGS,broad_us_dollar_index,126.4286
2024-12-06,DTWEXBGS,broad_us_dollar_index,126.6880
2024-12-09,DTWEXBGS,broad_us_dollar_index,126.5981
2024-12-10,DTWEXBGS,broad_us_dollar_index,126.9570
2024-12-11,DTWEXBGS,broad_us_dollar_index,126.8483
2024-12-12,DTWEXBGS,broad_us_dollar_index,126.9556
2024-12-13,DTWEXBGS,broad_us_dollar_index,127.3096
2024-12-16,DTWEXBGS,broad_us_dollar_index,127.2687
2024-12-17,DTWEXBGS,broad_us_dollar_index,127.5043
2024-12-18,DTWEXBGS,broad_us_dollar_index,127.6418
2024-12-19,DTWEXBGS,broad_us_dollar_index,128.6366
2024-12-20,DTWEXBGS,broad_us_dollar_index,127.8930
2024-12-23,DTWEXBGS,broad_us_dollar_index,128.3021
2024-12-24,DTWEXBGS,broad_us_dollar_index,128.3377
2024-12-26,DTWEXBGS,broad_us_dollar_index,128.3329
2024-12-27,DTWEXBGS,broad_us_dollar_index,128.4500
2024-12-30,DTWEXBGS,broad_us_dollar_index,128.8205
2024-12-31,DTWEXBGS,broad_us_dollar_index,129.2775
2025-01-02,DTWEXBGS,broad_us_dollar_index,129.4598
2025-01-03,DTWEXBGS,broad_us_dollar_index,129.4535
2025-01-06,DTWEXBGS,broad_us_dollar_index,128.5380
2025-01-07,DTWEXBGS,broad_us_dollar_index,128.6130
2025-01-08,DTWEXBGS,broad_us_dollar_index,129.0785
2025-01-09,DTWEXBGS,broad_us_dollar_index,129.2827
2025-01-10,DTWEXBGS,broad_us_dollar_index,129.8664
2025-01-13,DTWEXBGS,broad_us_dollar_index,130.0413
2025-01-14,DTWEXBGS,broad_us_dollar_index,129.3812
2025-01-15,DTWEXBGS,broad_us_dollar_index,129.2092
2025-01-16,DTWEXBGS,broad_us_dollar_index,129.4360
2025-01-17,DTWEXBGS,broad_us_dollar_index,129.4859
2025-01-21,DTWEXBGS,broad_us_dollar_index,128.4151
2025-01-22,DTWEXBGS,broad_us_dollar_index,128.3402
2025-01-23,DTWEXBGS,broad_us_dollar_index,128.2162
2025-01-24,DTWEXBGS,broad_us_dollar_index,127.4611
2025-01-27,DTWEXBGS,broad_us_dollar_index,128.0912
2025-01-28,DTWEXBGS,broad_us_dollar_index,128.2817
2025-01-29,DTWEXBGS,broad_us_dollar_index,128.3418
2025-01-30,DTWEXBGS,broad_us_dollar_index,128.1004
2025-01-31,DTWEXBGS,broad_us_dollar_index,128.4828
2025-02-03,DTWEXBGS,broad_us_dollar_index,129.1090
2025-02-04,DTWEXBGS,broad_us_dollar_index,128.1083
2025-02-05,DTWEXBGS,broad_us_dollar_index,127.9751
2025-02-06,DTWEXBGS,broad_us_dollar_index,128.2017
2025-02-07,DTWEXBGS,broad_us_dollar_index,128.4292
2025-02-10,DTWEXBGS,broad_us_dollar_index,128.6382
2025-02-11,DTWEXBGS,broad_us_dollar_index,128.4322
2025-02-12,DTWEXBGS,broad_us_dollar_index,128.3288
2025-02-13,DTWEXBGS,broad_us_dollar_index,127.8931
2025-02-14,DTWEXBGS,broad_us_dollar_index,127.1491
2025-02-18,DTWEXBGS,broad_us_dollar_index,127.2906
2025-02-19,DTWEXBGS,broad_us_dollar_index,127.7317
2025-02-20,DTWEXBGS,broad_us_dollar_index,127.1126
2025-02-21,DTWEXBGS,broad_us_dollar_index,127.1408
2025-02-24,DTWEXBGS,broad_us_dollar_index,127.1921
2025-02-25,DTWEXBGS,broad_us_dollar_index,127.3752
2025-02-26,DTWEXBGS,broad_us_dollar_index,127.2822
2025-02-27,DTWEXBGS,broad_us_dollar_index,127.9704
2025-02-28,DTWEXBGS,broad_us_dollar_index,128.2805
2025-03-03,DTWEXBGS,broad_us_dollar_index,127.7500
2025-03-04,DTWEXBGS,broad_us_dollar_index,127.9966
2025-03-05,DTWEXBGS,broad_us_dollar_index,126.5040
2025-03-06,DTWEXBGS,broad_us_dollar_index,126.1099
2025-03-07,DTWEXBGS,broad_us_dollar_index,125.9814
2025-03-10,DTWEXBGS,broad_us_dollar_index,126.2680
2025-03-11,DTWEXBGS,broad_us_dollar_index,126.0457
2025-03-12,DTWEXBGS,broad_us_dollar_index,125.8664
2025-03-13,DTWEXBGS,broad_us_dollar_index,126.0031
2025-03-14,DTWEXBGS,broad_us_dollar_index,125.6942
2025-03-17,DTWEXBGS,broad_us_dollar_index,125.3688
2025-03-18,DTWEXBGS,broad_us_dollar_index,125.4880
2025-03-19,DTWEXBGS,broad_us_dollar_index,125.8006
2025-03-20,DTWEXBGS,broad_us_dollar_index,125.9850
2025-03-21,DTWEXBGS,broad_us_dollar_index,126.2679
2025-03-24,DTWEXBGS,broad_us_dollar_index,126.1956
2025-03-25,DTWEXBGS,broad_us_dollar_index,126.0535
2025-03-26,DTWEXBGS,broad_us_dollar_index,126.2364
2025-03-27,DTWEXBGS,broad_us_dollar_index,126.3626
2025-03-28,DTWEXBGS,broad_us_dollar_index,126.4187
2025-03-31,DTWEXBGS,broad_us_dollar_index,126.7075
2025-04-01,DTWEXBGS,broad_us_dollar_index,126.4338
2025-04-02,DTWEXBGS,broad_us_dollar_index,126.3811
2025-04-03,DTWEXBGS,broad_us_dollar_index,124.7316
2025-04-04,DTWEXBGS,broad_us_dollar_index,125.8129
2025-04-07,DTWEXBGS,broad_us_dollar_index,126.8282
2025-04-08,DTWEXBGS,broad_us_dollar_index,126.8668
2025-04-09,DTWEXBGS,broad_us_dollar_index,126.6280
2025-04-10,DTWEXBGS,broad_us_dollar_index,125.0890
2025-04-11,DTWEXBGS,broad_us_dollar_index,124.0163
2025-04-14,DTWEXBGS,broad_us_dollar_index,123.6598
2025-04-15,DTWEXBGS,broad_us_dollar_index,123.7760
2025-04-16,DTWEXBGS,broad_us_dollar_index,123.2724
2025-04-17,DTWEXBGS,broad_us_dollar_index,123.1298
2025-04-18,DTWEXBGS,broad_us_dollar_index,122.9865
2025-04-21,DTWEXBGS,broad_us_dollar_index,122.3145
2025-04-22,DTWEXBGS,broad_us_dollar_index,122.4175
2025-04-23,DTWEXBGS,broad_us_dollar_index,123.0252
2025-04-24,DTWEXBGS,broad_us_dollar_index,122.9251
2025-04-25,DTWEXBGS,broad_us_dollar_index,122.8858
2025-04-28,DTWEXBGS,broad_us_dollar_index,122.7176
2025-04-29,DTWEXBGS,broad_us_dollar_index,122.5944
2025-04-30,DTWEXBGS,broad_us_dollar_index,122.5921
2025-05-01,DTWEXBGS,broad_us_dollar_index,123.1405
2025-05-02,DTWEXBGS,broad_us_dollar_index,122.4962
2025-05-05,DTWEXBGS,broad_us_dollar_index,122.2613
2025-05-06,DTWEXBGS,broad_us_dollar_index,122.0417
2025-05-07,DTWEXBGS,broad_us_dollar_index,122.1170
2025-05-08,DTWEXBGS,broad_us_dollar_index,122.7568
2025-05-09,DTWEXBGS,broad_us_dollar_index,122.5191
2025-05-12,DTWEXBGS,broad_us_dollar_index,123.4863
2025-05-13,DTWEXBGS,broad_us_dollar_index,122.9583
2025-05-14,DTWEXBGS,broad_us_dollar_index,122.6746
2025-05-15,DTWEXBGS,broad_us_dollar_index,122.8174
2025-05-16,DTWEXBGS,broad_us_dollar_index,123.0737
2025-05-19,DTWEXBGS,broad_us_dollar_index,122.4186
2025-05-20,DTWEXBGS,broad_us_dollar_index,122.3199
2025-05-21,DTWEXBGS,broad_us_dollar_index,121.7496
2025-05-22,DTWEXBGS,broad_us_dollar_index,122.0429
2025-05-23,DTWEXBGS,broad_us_dollar_index,121.3837
2025-05-27,DTWEXBGS,broad_us_dollar_index,121.6099
2025-05-28,DTWEXBGS,broad_us_dollar_index,121.9888
2025-05-29,DTWEXBGS,broad_us_dollar_index,121.5617
2025-05-30,DTWEXBGS,broad_us_dollar_index,121.7674
2025-06-02,DTWEXBGS,broad_us_dollar_index,121.1881
2025-06-03,DTWEXBGS,broad_us_dollar_index,121.4592
2025-06-04,DTWEXBGS,broad_us_dollar_index,121.0539
2025-06-05,DTWEXBGS,broad_us_dollar_index,120.9596
2025-06-06,DTWEXBGS,broad_us_dollar_index,121.1610
2025-06-09,DTWEXBGS,broad_us_dollar_index,120.9103
2025-06-10,DTWEXBGS,broad_us_dollar_index,121.0485
2025-06-11,DTWEXBGS,broad_us_dollar_index,120.5870
2025-06-12,DTWEXBGS,broad_us_dollar_index,120.1723
2025-06-13,DTWEXBGS,broad_us_dollar_index,120.3245
2025-06-16,DTWEXBGS,broad_us_dollar_index,120.1565
2025-06-17,DTWEXBGS,broad_us_dollar_index,120.5048
2025-06-18,DTWEXBGS,broad_us_dollar_index,120.7305
2025-06-20,DTWEXBGS,broad_us_dollar_index,121.0408
2025-06-23,DTWEXBGS,broad_us_dollar_index,121.1694
2025-06-24,DTWEXBGS,broad_us_dollar_index,120.3645
2025-06-25,DTWEXBGS,broad_us_dollar_index,120.3336
2025-06-26,DTWEXBGS,broad_us_dollar_index,119.6451
2025-06-27,DTWEXBGS,broad_us_dollar_index,119.6590
2025-06-30,DTWEXBGS,broad_us_dollar_index,119.4088
2025-07-01,DTWEXBGS,broad_us_dollar_index,119.3436
2025-07-02,DTWEXBGS,broad_us_dollar_index,119.3037
2025-07-03,DTWEXBGS,broad_us_dollar_index,119.2382
2025-07-07,DTWEXBGS,broad_us_dollar_index,119.6201
2025-07-08,DTWEXBGS,broad_us_dollar_index,119.8371
2025-07-09,DTWEXBGS,broad_us_dollar_index,119.7311
2025-07-10,DTWEXBGS,broad_us_dollar_index,119.8343
2025-07-11,DTWEXBGS,broad_us_dollar_index,119.9214
2025-07-14,DTWEXBGS,broad_us_dollar_index,120.2209
2025-07-15,DTWEXBGS,broad_us_dollar_index,120.5105
2025-07-16,DTWEXBGS,broad_us_dollar_index,120.4175
2025-07-17,DTWEXBGS,broad_us_dollar_index,120.6384
2025-07-18,DTWEXBGS,broad_us_dollar_index,120.3560
2025-07-21,DTWEXBGS,broad_us_dollar_index,119.9961
2025-07-22,DTWEXBGS,broad_us_dollar_index,119.6810
2025-07-23,DTWEXBGS,broad_us_dollar_index,119.5697
2025-07-24,DTWEXBGS,broad_us_dollar_index,119.5664
2025-07-25,DTWEXBGS,broad_us_dollar_index,119.9857
2025-07-28,DTWEXBGS,broad_us_dollar_index,120.6149
2025-07-29,DTWEXBGS,broad_us_dollar_index,120.9674
2025-07-30,DTWEXBGS,broad_us_dollar_index,121.4042
2025-07-31,DTWEXBGS,broad_us_dollar_index,121.7210
2025-08-01,DTWEXBGS,broad_us_dollar_index,121.2122
2025-08-04,DTWEXBGS,broad_us_dollar_index,120.9859
2025-08-05,DTWEXBGS,broad_us_dollar_index,120.9082
2025-08-06,DTWEXBGS,broad_us_dollar_index,120.5082
2025-08-07,DTWEXBGS,broad_us_dollar_index,120.5043
2025-08-08,DTWEXBGS,broad_us_dollar_index,120.3329
2025-08-11,DTWEXBGS,broad_us_dollar_index,120.6892
2025-08-12,DTWEXBGS,broad_us_dollar_index,120.2736
2025-08-13,DTWEXBGS,broad_us_dollar_index,120.1300
2025-08-14,DTWEXBGS,broad_us_dollar_index,120.6446
2025-08-15,DTWEXBGS,broad_us_dollar_index,120.3377
2025-08-18,DTWEXBGS,broad_us_dollar_index,120.5622
2025-08-19,DTWEXBGS,broad_us_dollar_index,120.7224
2025-08-20,DTWEXBGS,broad_us_dollar_index,120.7757
2025-08-21,DTWEXBGS,broad_us_dollar_index,121.0843
2025-08-22,DTWEXBGS,broad_us_dollar_index,120.2774
2025-08-25,DTWEXBGS,broad_us_dollar_index,120.4214
2025-08-26,DTWEXBGS,broad_us_dollar_index,120.5274
2025-08-27,DTWEXBGS,broad_us_dollar_index,120.7274
2025-08-28,DTWEXBGS,broad_us_dollar_index,120.2595
2025-08-29,DTWEXBGS,broad_us_dollar_index,120.2082
2025-09-02,DTWEXBGS,broad_us_dollar_index,120.6837
2025-09-03,DTWEXBGS,broad_us_dollar_index,120.5052
2025-09-04,DTWEXBGS,broad_us_dollar_index,120.7629
2025-09-05,DTWEXBGS,broad_us_dollar_index,120.1282
2025-09-08,DTWEXBGS,broad_us_dollar_index,120.0971
2025-09-09,DTWEXBGS,broad_us_dollar_index,120.1569
2025-09-10,DTWEXBGS,broad_us_dollar_index,120.1223
2025-09-11,DTWEXBGS,broad_us_dollar_index,119.9534
2025-09-12,DTWEXBGS,broad_us_dollar_index,120.0611
2025-09-15,DTWEXBGS,broad_us_dollar_index,119.5644
2025-09-16,DTWEXBGS,broad_us_dollar_index,119.1348
2025-09-17,DTWEXBGS,broad_us_dollar_index,119.1582
2025-09-18,DTWEXBGS,broad_us_dollar_index,119.6616
2025-09-19,DTWEXBGS,broad_us_dollar_index,119.7858
2025-09-22,DTWEXBGS,broad_us_dollar_index,119.8152
2025-09-23,DTWEXBGS,broad_us_dollar_index,119.6202
2025-09-24,DTWEXBGS,broad_us_dollar_index,120.1707
2025-09-25,DTWEXBGS,broad_us_dollar_index,120.5419
2025-09-26,DTWEXBGS,broad_us_dollar_index,120.4349
2025-09-29,DTWEXBGS,broad_us_dollar_index,120.1150
2025-09-30,DTWEXBGS,broad_us_dollar_index,120.1368
2025-10-01,DTWEXBGS,broad_us_dollar_index,120.1502
2025-10-02,DTWEXBGS,broad_us_dollar_index,120.4296
2025-10-03,DTWEXBGS,broad_us_dollar_index,120.0881
2025-10-06,DTWEXBGS,broad_us_dollar_index,120.2722
2025-10-07,DTWEXBGS,broad_us_dollar_index,120.4884
2025-10-08,DTWEXBGS,broad_us_dollar_index,120.7766
2025-10-09,DTWEXBGS,broad_us_dollar_index,121.0902
2025-10-10,DTWEXBGS,broad_us_dollar_index,121.1163
2025-10-14,DTWEXBGS,broad_us_dollar_index,121.1822
2025-10-15,DTWEXBGS,broad_us_dollar_index,120.8642
2025-10-16,DTWEXBGS,broad_us_dollar_index,120.6698
2025-10-17,DTWEXBGS,broad_us_dollar_index,120.7028
2025-10-20,DTWEXBGS,broad_us_dollar_index,120.6209
2025-10-21,DTWEXBGS,broad_us_dollar_index,120.8895
2025-10-22,DTWEXBGS,broad_us_dollar_index,120.8958
2025-10-23,DTWEXBGS,broad_us_dollar_index,120.9531
2025-10-24,DTWEXBGS,broad_us_dollar_index,120.9345
2025-10-27,DTWEXBGS,broad_us_dollar_index,120.7988
2025-10-28,DTWEXBGS,broad_us_dollar_index,120.6361
2025-10-29,DTWEXBGS,broad_us_dollar_index,120.5312
2025-10-30,DTWEXBGS,broad_us_dollar_index,121.2832
2025-10-31,DTWEXBGS,broad_us_dollar_index,121.3859
2025-11-03,DTWEXBGS,broad_us_dollar_index,121.4512
2025-11-04,DTWEXBGS,broad_us_dollar_index,121.8271
2025-11-05,DTWEXBGS,broad_us_dollar_index,121.8482
2025-11-06,DTWEXBGS,broad_us_dollar_index,121.6948
2025-11-07,DTWEXBGS,broad_us_dollar_index,121.3880
2025-11-10,DTWEXBGS,broad_us_dollar_index,121.2984
2025-11-12,DTWEXBGS,broad_us_dollar_index,121.0458
2025-11-13,DTWEXBGS,broad_us_dollar_index,120.7725
2025-11-14,DTWEXBGS,broad_us_dollar_index,120.9666
2025-11-17,DTWEXBGS,broad_us_dollar_index,121.1146
2025-11-18,DTWEXBGS,broad_us_dollar_index,121.2127
2025-11-19,DTWEXBGS,broad_us_dollar_index,121.4978
2025-11-20,DTWEXBGS,broad_us_dollar_index,121.6889
2025-11-21,DTWEXBGS,broad_us_dollar_index,121.8653
2025-11-24,DTWEXBGS,broad_us_dollar_index,121.9171
2025-11-25,DTWEXBGS,broad_us_dollar_index,121.6335
2025-11-26,DTWEXBGS,broad_us_dollar_index,121.2437
2025-11-28,DTWEXBGS,broad_us_dollar_index,121.0527
2025-12-01,DTWEXBGS,broad_us_dollar_index,120.9862
2025-12-02,DTWEXBGS,broad_us_dollar_index,121.1467
2025-12-03,DTWEXBGS,broad_us_dollar_index,120.7336
2025-12-04,DTWEXBGS,broad_us_dollar_index,120.6766
2025-12-05,DTWEXBGS,broad_us_dollar_index,120.6863
2025-12-08,DTWEXBGS,broad_us_dollar_index,120.7760
2025-12-09,DTWEXBGS,broad_us_dollar_index,120.6832
2025-12-10,DTWEXBGS,broad_us_dollar_index,120.6752
2025-12-11,DTWEXBGS,broad_us_dollar_index,119.9800
2025-12-12,DTWEXBGS,broad_us_dollar_index,120.1442
2025-12-15,DTWEXBGS,broad_us_dollar_index,119.9561
2025-12-16,DTWEXBGS,broad_us_dollar_index,119.8902
2025-12-17,DTWEXBGS,broad_us_dollar_index,120.1550
2025-12-18,DTWEXBGS,broad_us_dollar_index,120.0528
2025-12-19,DTWEXBGS,broad_us_dollar_index,120.1652
2025-12-22,DTWEXBGS,broad_us_dollar_index,119.9912
2025-12-23,DTWEXBGS,broad_us_dollar_index,119.7057
2025-12-24,DTWEXBGS,broad_us_dollar_index,119.4372
2025-12-26,DTWEXBGS,broad_us_dollar_index,119.4723
2025-12-29,DTWEXBGS,broad_us_dollar_index,119.5899
2025-12-30,DTWEXBGS,broad_us_dollar_index,119.4939
2025-12-31,DTWEXBGS,broad_us_dollar_index,119.7456
2026-01-02,DTWEXBGS,broad_us_dollar_index,119.6059
2026-01-05,DTWEXBGS,broad_us_dollar_index,119.6192
2026-01-06,DTWEXBGS,broad_us_dollar_index,119.7807
2026-01-07,DTWEXBGS,broad_us_dollar_index,119.8719
2026-01-08,DTWEXBGS,broad_us_dollar_index,120.0904
2026-01-09,DTWEXBGS,broad_us_dollar_index,120.2215
2026-01-12,DTWEXBGS,broad_us_dollar_index,119.9958
2026-01-13,DTWEXBGS,broad_us_dollar_index,120.1401
2026-01-14,DTWEXBGS,broad_us_dollar_index,119.9537
2026-01-15,DTWEXBGS,broad_us_dollar_index,119.9951
2026-01-16,DTWEXBGS,broad_us_dollar_index,120.0838
2026-01-20,DTWEXBGS,broad_us_dollar_index,119.4455
2026-01-21,DTWEXBGS,broad_us_dollar_index,119.3431
2026-01-22,DTWEXBGS,broad_us_dollar_index,119.1962
2026-01-23,DTWEXBGS,broad_us_dollar_index,118.8976
2026-01-26,DTWEXBGS,broad_us_dollar_index,118.0525
2026-01-27,DTWEXBGS,broad_us_dollar_index,117.4523
2026-01-28,DTWEXBGS,broad_us_dollar_index,117.5117
2026-01-29,DTWEXBGS,broad_us_dollar_index,117.4396
2026-01-30,DTWEXBGS,broad_us_dollar_index,117.8996
2026-02-02,DTWEXBGS,broad_us_dollar_index,118.3609
2026-02-03,DTWEXBGS,broad_us_dollar_index,117.9764
2026-02-04,DTWEXBGS,broad_us_dollar_index,118.2602
2026-02-05,DTWEXBGS,broad_us_dollar_index,118.5034
2026-02-06,DTWEXBGS,broad_us_dollar_index,118.2407
2026-02-09,DTWEXBGS,broad_us_dollar_index,117.6392
2026-02-10,DTWEXBGS,broad_us_dollar_index,117.5216
2026-02-11,DTWEXBGS,broad_us_dollar_index,117.4601
2026-02-12,DTWEXBGS,broad_us_dollar_index,117.5376
2026-02-13,DTWEXBGS,broad_us_dollar_index,117.5258
2026-02-17,DTWEXBGS,broad_us_dollar_index,117.7375
2026-02-18,DTWEXBGS,broad_us_dollar_index,117.8426
2026-02-19,DTWEXBGS,broad_us_dollar_index,118.2354
2026-02-20,DTWEXBGS,broad_us_dollar_index,117.9917
2026-02-23,DTWEXBGS,broad_us_dollar_index,117.9395
2026-02-24,DTWEXBGS,broad_us_dollar_index,117.9463
2026-02-25,DTWEXBGS,broad_us_dollar_index,117.7690
2026-02-26,DTWEXBGS,broad_us_dollar_index,117.9042
2026-02-27,DTWEXBGS,broad_us_dollar_index,117.8223
2026-03-02,DTWEXBGS,broad_us_dollar_index,118.6670
2026-03-03,DTWEXBGS,broad_us_dollar_index,119.4341
2026-03-04,DTWEXBGS,broad_us_dollar_index,119.0705
2026-03-05,DTWEXBGS,broad_us_dollar_index,119.5683
2026-03-06,DTWEXBGS,broad_us_dollar_index,119.4910
2026-03-09,DTWEXBGS,broad_us_dollar_index,119.5151
2026-03-10,DTWEXBGS,broad_us_dollar_index,118.7255
2026-03-11,DTWEXBGS,broad_us_dollar_index,119.2885
2026-03-12,DTWEXBGS,broad_us_dollar_index,119.8227
2026-03-13,DTWEXBGS,broad_us_dollar_index,120.5518
2026-03-16,DTWEXBGS,broad_us_dollar_index,120.0970
2026-03-17,DTWEXBGS,broad_us_dollar_index,119.8328
2026-03-18,DTWEXBGS,broad_us_dollar_index,119.9276
2026-03-19,DTWEXBGS,broad_us_dollar_index,120.1802
2026-03-20,DTWEXBGS,broad_us_dollar_index,120.2757
2026-03-23,DTWEXBGS,broad_us_dollar_index,119.9371
2026-03-24,DTWEXBGS,broad_us_dollar_index,120.1295
2026-03-25,DTWEXBGS,broad_us_dollar_index,120.1282
2026-03-26,DTWEXBGS,broad_us_dollar_index,120.3890
2026-03-27,DTWEXBGS,broad_us_dollar_index,120.8851
2026-03-30,DTWEXBGS,broad_us_dollar_index,121.2851
2026-03-31,DTWEXBGS,broad_us_dollar_index,121.0350
2026-04-01,DTWEXBGS,broad_us_dollar_index,120.1198
2026-04-02,DTWEXBGS,broad_us_dollar_index,120.5030
2026-04-03,DTWEXBGS,broad_us_dollar_index,120.6565
2026-04-06,DTWEXBGS,broad_us_dollar_index,120.4302
2026-04-07,DTWEXBGS,broad_us_dollar_index,120.3200
2026-04-08,DTWEXBGS,broad_us_dollar_index,119.0596
2026-04-09,DTWEXBGS,broad_us_dollar_index,118.8998
2026-04-10,DTWEXBGS,broad_us_dollar_index,118.8552
2026-04-13,DTWEXBGS,broad_us_dollar_index,118.9916
2026-04-14,DTWEXBGS,broad_us_dollar_index,118.3581
2026-04-15,DTWEXBGS,broad_us_dollar_index,118.3623
2026-04-16,DTWEXBGS,broad_us_dollar_index,118.3616
2026-04-17,DTWEXBGS,broad_us_dollar_index,118.0795
2026-04-20,DTWEXBGS,broad_us_dollar_index,118.2374
2026-04-21,DTWEXBGS,broad_us_dollar_index,118.4331
2026-04-22,DTWEXBGS,broad_us_dollar_index,118.6004
2026-04-23,DTWEXBGS,broad_us_dollar_index,118.7155
2026-04-24,DTWEXBGS,broad_us_dollar_index,118.7294
2026-04-27,DTWEXBGS,broad_us_dollar_index,118.5458
2026-04-28,DTWEXBGS,broad_us_dollar_index,118.7717
2026-04-29,DTWEXBGS,broad_us_dollar_index,119.0975
2026-04-30,DTWEXBGS,broad_us_dollar_index,118.6710
2026-05-01,DTWEXBGS,broad_us_dollar_index,118.3926
2023-05-08,BAMLH0A0HYM2,high_yield_spread,4.72
2023-05-09,BAMLH0A0HYM2,high_yield_spread,4.74
2023-05-10,BAMLH0A0HYM2,high_yield_spread,4.78
2023-05-11,BAMLH0A0HYM2,high_yield_spread,4.81
2023-05-12,BAMLH0A0HYM2,high_yield_spread,4.76
2023-05-15,BAMLH0A0HYM2,high_yield_spread,4.77
2023-05-16,BAMLH0A0HYM2,high_yield_spread,4.79
2023-05-17,BAMLH0A0HYM2,high_yield_spread,4.75
2023-05-18,BAMLH0A0HYM2,high_yield_spread,4.69
2023-05-19,BAMLH0A0HYM2,high_yield_spread,4.62
2023-05-22,BAMLH0A0HYM2,high_yield_spread,4.54
2023-05-23,BAMLH0A0HYM2,high_yield_spread,4.60
2023-05-24,BAMLH0A0HYM2,high_yield_spread,4.68
2023-05-25,BAMLH0A0HYM2,high_yield_spread,4.58
2023-05-26,BAMLH0A0HYM2,high_yield_spread,4.53
2023-05-29,BAMLH0A0HYM2,high_yield_spread,4.54
2023-05-30,BAMLH0A0HYM2,high_yield_spread,4.58
2023-05-31,BAMLH0A0HYM2,high_yield_spread,4.69
2023-06-01,BAMLH0A0HYM2,high_yield_spread,4.65
2023-06-02,BAMLH0A0HYM2,high_yield_spread,4.37
2023-06-05,BAMLH0A0HYM2,high_yield_spread,4.39
2023-06-06,BAMLH0A0HYM2,high_yield_spread,4.39
2023-06-07,BAMLH0A0HYM2,high_yield_spread,4.33
2023-06-08,BAMLH0A0HYM2,high_yield_spread,4.39
2023-06-09,BAMLH0A0HYM2,high_yield_spread,4.29
2023-06-12,BAMLH0A0HYM2,high_yield_spread,4.34
2023-06-13,BAMLH0A0HYM2,high_yield_spread,4.18
2023-06-14,BAMLH0A0HYM2,high_yield_spread,4.18
2023-06-15,BAMLH0A0HYM2,high_yield_spread,4.21
2023-06-16,BAMLH0A0HYM2,high_yield_spread,4.15
2023-06-19,BAMLH0A0HYM2,high_yield_spread,4.15
2023-06-20,BAMLH0A0HYM2,high_yield_spread,4.22
2023-06-21,BAMLH0A0HYM2,high_yield_spread,4.32
2023-06-22,BAMLH0A0HYM2,high_yield_spread,4.30
2023-06-23,BAMLH0A0HYM2,high_yield_spread,4.40
2023-06-26,BAMLH0A0HYM2,high_yield_spread,4.45
2023-06-27,BAMLH0A0HYM2,high_yield_spread,4.30
2023-06-28,BAMLH0A0HYM2,high_yield_spread,4.27
2023-06-29,BAMLH0A0HYM2,high_yield_spread,4.14
2023-06-30,BAMLH0A0HYM2,high_yield_spread,4.05
2023-07-03,BAMLH0A0HYM2,high_yield_spread,3.99
2023-07-04,BAMLH0A0HYM2,high_yield_spread,3.99
2023-07-05,BAMLH0A0HYM2,high_yield_spread,4.01
2023-07-06,BAMLH0A0HYM2,high_yield_spread,4.10
2023-07-07,BAMLH0A0HYM2,high_yield_spread,4.08
2023-07-10,BAMLH0A0HYM2,high_yield_spread,4.13
2023-07-11,BAMLH0A0HYM2,high_yield_spread,4.05
2023-07-12,BAMLH0A0HYM2,high_yield_spread,3.95
2023-07-13,BAMLH0A0HYM2,high_yield_spread,3.97
2023-07-14,BAMLH0A0HYM2,high_yield_spread,3.90
2023-07-17,BAMLH0A0HYM2,high_yield_spread,3.97
2023-07-18,BAMLH0A0HYM2,high_yield_spread,3.90
2023-07-19,BAMLH0A0HYM2,high_yield_spread,3.89
2023-07-20,BAMLH0A0HYM2,high_yield_spread,3.90
2023-07-21,BAMLH0A0HYM2,high_yield_spread,3.89
2023-07-24,BAMLH0A0HYM2,high_yield_spread,3.82
2023-07-25,BAMLH0A0HYM2,high_yield_spread,3.84
2023-07-26,BAMLH0A0HYM2,high_yield_spread,3.91
2023-07-27,BAMLH0A0HYM2,high_yield_spread,3.78
2023-07-28,BAMLH0A0HYM2,high_yield_spread,3.82
2023-07-31,BAMLH0A0HYM2,high_yield_spread,3.79
2023-08-01,BAMLH0A0HYM2,high_yield_spread,3.82
2023-08-02,BAMLH0A0HYM2,high_yield_spread,3.96
2023-08-03,BAMLH0A0HYM2,high_yield_spread,3.98
2023-08-04,BAMLH0A0HYM2,high_yield_spread,4.01
2023-08-07,BAMLH0A0HYM2,high_yield_spread,3.97
2023-08-08,BAMLH0A0HYM2,high_yield_spread,4.00
2023-08-09,BAMLH0A0HYM2,high_yield_spread,3.94
2023-08-10,BAMLH0A0HYM2,high_yield_spread,3.83
2023-08-11,BAMLH0A0HYM2,high_yield_spread,3.83
2023-08-14,BAMLH0A0HYM2,high_yield_spread,3.79
2023-08-15,BAMLH0A0HYM2,high_yield_spread,3.85
2023-08-16,BAMLH0A0HYM2,high_yield_spread,3.81
2023-08-17,BAMLH0A0HYM2,high_yield_spread,3.95
2023-08-18,BAMLH0A0HYM2,high_yield_spread,4.02
2023-08-21,BAMLH0A0HYM2,high_yield_spread,3.97
2023-08-22,BAMLH0A0HYM2,high_yield_spread,3.93
2023-08-23,BAMLH0A0HYM2,high_yield_spread,3.92
2023-08-24,BAMLH0A0HYM2,high_yield_spread,3.91
2023-08-25,BAMLH0A0HYM2,high_yield_spread,3.90
2023-08-28,BAMLH0A0HYM2,high_yield_spread,3.86
2023-08-29,BAMLH0A0HYM2,high_yield_spread,3.87
2023-08-30,BAMLH0A0HYM2,high_yield_spread,3.80
2023-08-31,BAMLH0A0HYM2,high_yield_spread,3.85
2023-09-01,BAMLH0A0HYM2,high_yield_spread,3.81
2023-09-04,BAMLH0A0HYM2,high_yield_spread,3.81
2023-09-05,BAMLH0A0HYM2,high_yield_spread,3.83
2023-09-06,BAMLH0A0HYM2,high_yield_spread,3.86
2023-09-07,BAMLH0A0HYM2,high_yield_spread,3.90
2023-09-08,BAMLH0A0HYM2,high_yield_spread,3.85
2023-09-11,BAMLH0A0HYM2,high_yield_spread,3.82
2023-09-12,BAMLH0A0HYM2,high_yield_spread,3.84
2023-09-13,BAMLH0A0HYM2,high_yield_spread,3.85
2023-09-14,BAMLH0A0HYM2,high_yield_spread,3.78
2023-09-15,BAMLH0A0HYM2,high_yield_spread,3.79
2023-09-18,BAMLH0A0HYM2,high_yield_spread,3.82
2023-09-19,BAMLH0A0HYM2,high_yield_spread,3.82
2023-09-20,BAMLH0A0HYM2,high_yield_spread,3.77
2023-09-21,BAMLH0A0HYM2,high_yield_spread,3.89
2023-09-22,BAMLH0A0HYM2,high_yield_spread,3.93
2023-09-25,BAMLH0A0HYM2,high_yield_spread,3.97
2023-09-26,BAMLH0A0HYM2,high_yield_spread,4.04
2023-09-27,BAMLH0A0HYM2,high_yield_spread,4.03
2023-09-28,BAMLH0A0HYM2,high_yield_spread,4.09
2023-09-29,BAMLH0A0HYM2,high_yield_spread,4.03
2023-09-30,BAMLH0A0HYM2,high_yield_spread,4.03
2023-10-02,BAMLH0A0HYM2,high_yield_spread,4.11
2023-10-03,BAMLH0A0HYM2,high_yield_spread,4.26
2023-10-04,BAMLH0A0HYM2,high_yield_spread,4.37
2023-10-05,BAMLH0A0HYM2,high_yield_spread,4.38
2023-10-06,BAMLH0A0HYM2,high_yield_spread,4.33
2023-10-09,BAMLH0A0HYM2,high_yield_spread,4.34
2023-10-10,BAMLH0A0HYM2,high_yield_spread,4.26
2023-10-11,BAMLH0A0HYM2,high_yield_spread,4.25
2023-10-12,BAMLH0A0HYM2,high_yield_spread,4.25
2023-10-13,BAMLH0A0HYM2,high_yield_spread,4.30
2023-10-16,BAMLH0A0HYM2,high_yield_spread,4.27
2023-10-17,BAMLH0A0HYM2,high_yield_spread,4.25
2023-10-18,BAMLH0A0HYM2,high_yield_spread,4.32
2023-10-19,BAMLH0A0HYM2,high_yield_spread,4.37
2023-10-20,BAMLH0A0HYM2,high_yield_spread,4.52
2023-10-23,BAMLH0A0HYM2,high_yield_spread,4.51
2023-10-24,BAMLH0A0HYM2,high_yield_spread,4.41
2023-10-25,BAMLH0A0HYM2,high_yield_spread,4.37
2023-10-26,BAMLH0A0HYM2,high_yield_spread,4.50
2023-10-27,BAMLH0A0HYM2,high_yield_spread,4.53
2023-10-30,BAMLH0A0HYM2,high_yield_spread,4.50
2023-10-31,BAMLH0A0HYM2,high_yield_spread,4.42
2023-11-01,BAMLH0A0HYM2,high_yield_spread,4.47
2023-11-02,BAMLH0A0HYM2,high_yield_spread,4.15
2023-11-03,BAMLH0A0HYM2,high_yield_spread,4.04
2023-11-06,BAMLH0A0HYM2,high_yield_spread,4.00
2023-11-07,BAMLH0A0HYM2,high_yield_spread,4.08
2023-11-08,BAMLH0A0HYM2,high_yield_spread,4.08
2023-11-09,BAMLH0A0HYM2,high_yield_spread,4.04
2023-11-10,BAMLH0A0HYM2,high_yield_spread,4.03
2023-11-13,BAMLH0A0HYM2,high_yield_spread,4.03
2023-11-14,BAMLH0A0HYM2,high_yield_spread,3.92
2023-11-15,BAMLH0A0HYM2,high_yield_spread,3.89
2023-11-16,BAMLH0A0HYM2,high_yield_spread,4.02
2023-11-17,BAMLH0A0HYM2,high_yield_spread,3.99
2023-11-20,BAMLH0A0HYM2,high_yield_spread,3.92
2023-11-21,BAMLH0A0HYM2,high_yield_spread,3.95
2023-11-22,BAMLH0A0HYM2,high_yield_spread,3.90
2023-11-23,BAMLH0A0HYM2,high_yield_spread,3.90
2023-11-24,BAMLH0A0HYM2,high_yield_spread,3.85
2023-11-27,BAMLH0A0HYM2,high_yield_spread,3.89
2023-11-28,BAMLH0A0HYM2,high_yield_spread,3.90
2023-11-29,BAMLH0A0HYM2,high_yield_spread,3.80
2023-11-30,BAMLH0A0HYM2,high_yield_spread,3.84
2023-12-01,BAMLH0A0HYM2,high_yield_spread,3.87
2023-12-04,BAMLH0A0HYM2,high_yield_spread,3.80
2023-12-05,BAMLH0A0HYM2,high_yield_spread,3.80
2023-12-06,BAMLH0A0HYM2,high_yield_spread,3.79
2023-12-07,BAMLH0A0HYM2,high_yield_spread,3.77
2023-12-08,BAMLH0A0HYM2,high_yield_spread,3.75
2023-12-11,BAMLH0A0HYM2,high_yield_spread,3.79
2023-12-12,BAMLH0A0HYM2,high_yield_spread,3.76
2023-12-13,BAMLH0A0HYM2,high_yield_spread,3.79
2023-12-14,BAMLH0A0HYM2,high_yield_spread,3.47
2023-12-15,BAMLH0A0HYM2,high_yield_spread,3.51
2023-12-18,BAMLH0A0HYM2,high_yield_spread,3.51
2023-12-19,BAMLH0A0HYM2,high_yield_spread,3.46
2023-12-20,BAMLH0A0HYM2,high_yield_spread,3.43
2023-12-21,BAMLH0A0HYM2,high_yield_spread,3.41
2023-12-22,BAMLH0A0HYM2,high_yield_spread,3.39
2023-12-26,BAMLH0A0HYM2,high_yield_spread,3.37
2023-12-27,BAMLH0A0HYM2,high_yield_spread,3.34
2023-12-28,BAMLH0A0HYM2,high_yield_spread,3.32
2023-12-29,BAMLH0A0HYM2,high_yield_spread,3.34
2023-12-31,BAMLH0A0HYM2,high_yield_spread,3.39
2024-01-02,BAMLH0A0HYM2,high_yield_spread,3.54
2024-01-03,BAMLH0A0HYM2,high_yield_spread,3.71
2024-01-04,BAMLH0A0HYM2,high_yield_spread,3.69
2024-01-05,BAMLH0A0HYM2,high_yield_spread,3.68
2024-01-08,BAMLH0A0HYM2,high_yield_spread,3.63
2024-01-09,BAMLH0A0HYM2,high_yield_spread,3.59
2024-01-10,BAMLH0A0HYM2,high_yield_spread,3.50
2024-01-11,BAMLH0A0HYM2,high_yield_spread,3.55
2024-01-12,BAMLH0A0HYM2,high_yield_spread,3.56
2024-01-15,BAMLH0A0HYM2,high_yield_spread,3.54
2024-01-16,BAMLH0A0HYM2,high_yield_spread,3.58
2024-01-17,BAMLH0A0HYM2,high_yield_spread,3.62
2024-01-18,BAMLH0A0HYM2,high_yield_spread,3.58
2024-01-19,BAMLH0A0HYM2,high_yield_spread,3.54
2024-01-22,BAMLH0A0HYM2,high_yield_spread,3.49
2024-01-23,BAMLH0A0HYM2,high_yield_spread,3.51
2024-01-24,BAMLH0A0HYM2,high_yield_spread,3.44
2024-01-25,BAMLH0A0HYM2,high_yield_spread,3.45
2024-01-26,BAMLH0A0HYM2,high_yield_spread,3.39
2024-01-29,BAMLH0A0HYM2,high_yield_spread,3.41
2024-01-30,BAMLH0A0HYM2,high_yield_spread,3.42
2024-01-31,BAMLH0A0HYM2,high_yield_spread,3.59
2024-02-01,BAMLH0A0HYM2,high_yield_spread,3.56
2024-02-02,BAMLH0A0HYM2,high_yield_spread,3.47
2024-02-05,BAMLH0A0HYM2,high_yield_spread,3.50
2024-02-06,BAMLH0A0HYM2,high_yield_spread,3.52
2024-02-07,BAMLH0A0HYM2,high_yield_spread,3.43
2024-02-08,BAMLH0A0HYM2,high_yield_spread,3.38
2024-02-09,BAMLH0A0HYM2,high_yield_spread,3.33
2024-02-12,BAMLH0A0HYM2,high_yield_spread,3.35
2024-02-13,BAMLH0A0HYM2,high_yield_spread,3.36
2024-02-14,BAMLH0A0HYM2,high_yield_spread,3.38
2024-02-15,BAMLH0A0HYM2,high_yield_spread,3.35
2024-02-16,BAMLH0A0HYM2,high_yield_spread,3.34
2024-02-19,BAMLH0A0HYM2,high_yield_spread,3.34
2024-02-20,BAMLH0A0HYM2,high_yield_spread,3.37
2024-02-21,BAMLH0A0HYM2,high_yield_spread,3.34
2024-02-22,BAMLH0A0HYM2,high_yield_spread,3.22
2024-02-23,BAMLH0A0HYM2,high_yield_spread,3.23
2024-02-26,BAMLH0A0HYM2,high_yield_spread,3.23
2024-02-27,BAMLH0A0HYM2,high_yield_spread,3.26
2024-02-28,BAMLH0A0HYM2,high_yield_spread,3.31
2024-02-29,BAMLH0A0HYM2,high_yield_spread,3.29
2024-03-01,BAMLH0A0HYM2,high_yield_spread,3.32
2024-03-04,BAMLH0A0HYM2,high_yield_spread,3.26
2024-03-05,BAMLH0A0HYM2,high_yield_spread,3.31
2024-03-06,BAMLH0A0HYM2,high_yield_spread,3.27
2024-03-07,BAMLH0A0HYM2,high_yield_spread,3.27
2024-03-08,BAMLH0A0HYM2,high_yield_spread,3.26
2024-03-11,BAMLH0A0HYM2,high_yield_spread,3.26
2024-03-12,BAMLH0A0HYM2,high_yield_spread,3.20
2024-03-13,BAMLH0A0HYM2,high_yield_spread,3.15
2024-03-14,BAMLH0A0HYM2,high_yield_spread,3.15
2024-03-15,BAMLH0A0HYM2,high_yield_spread,3.16
2024-03-18,BAMLH0A0HYM2,high_yield_spread,3.13
2024-03-19,BAMLH0A0HYM2,high_yield_spread,3.10
2024-03-20,BAMLH0A0HYM2,high_yield_spread,3.14
2024-03-21,BAMLH0A0HYM2,high_yield_spread,3.05
2024-03-22,BAMLH0A0HYM2,high_yield_spread,3.08
2024-03-25,BAMLH0A0HYM2,high_yield_spread,3.11
2024-03-26,BAMLH0A0HYM2,high_yield_spread,3.15
2024-03-27,BAMLH0A0HYM2,high_yield_spread,3.15
2024-03-28,BAMLH0A0HYM2,high_yield_spread,3.12
2024-03-31,BAMLH0A0HYM2,high_yield_spread,3.15
2024-04-01,BAMLH0A0HYM2,high_yield_spread,3.12
2024-04-02,BAMLH0A0HYM2,high_yield_spread,3.23
2024-04-03,BAMLH0A0HYM2,high_yield_spread,3.23
2024-04-04,BAMLH0A0HYM2,high_yield_spread,3.24
2024-04-05,BAMLH0A0HYM2,high_yield_spread,3.18
2024-04-08,BAMLH0A0HYM2,high_yield_spread,3.15
2024-04-09,BAMLH0A0HYM2,high_yield_spread,3.14
2024-04-10,BAMLH0A0HYM2,high_yield_spread,3.10
2024-04-11,BAMLH0A0HYM2,high_yield_spread,3.16
2024-04-12,BAMLH0A0HYM2,high_yield_spread,3.25
2024-04-15,BAMLH0A0HYM2,high_yield_spread,3.28
2024-04-16,BAMLH0A0HYM2,high_yield_spread,3.36
2024-04-17,BAMLH0A0HYM2,high_yield_spread,3.42
2024-04-18,BAMLH0A0HYM2,high_yield_spread,3.39
2024-04-19,BAMLH0A0HYM2,high_yield_spread,3.37
2024-04-22,BAMLH0A0HYM2,high_yield_spread,3.29
2024-04-23,BAMLH0A0HYM2,high_yield_spread,3.20
2024-04-24,BAMLH0A0HYM2,high_yield_spread,3.19
2024-04-25,BAMLH0A0HYM2,high_yield_spread,3.24
2024-04-26,BAMLH0A0HYM2,high_yield_spread,3.16
2024-04-29,BAMLH0A0HYM2,high_yield_spread,3.12
2024-04-30,BAMLH0A0HYM2,high_yield_spread,3.18
2024-05-01,BAMLH0A0HYM2,high_yield_spread,3.21
2024-05-02,BAMLH0A0HYM2,high_yield_spread,3.16
2024-05-03,BAMLH0A0HYM2,high_yield_spread,3.08
2024-05-06,BAMLH0A0HYM2,high_yield_spread,3.03
2024-05-07,BAMLH0A0HYM2,high_yield_spread,3.06
2024-05-08,BAMLH0A0HYM2,high_yield_spread,3.10
2024-05-09,BAMLH0A0HYM2,high_yield_spread,3.14
2024-05-10,BAMLH0A0HYM2,high_yield_spread,3.12
2024-05-13,BAMLH0A0HYM2,high_yield_spread,3.14
2024-05-14,BAMLH0A0HYM2,high_yield_spread,3.14
2024-05-15,BAMLH0A0HYM2,high_yield_spread,3.13
2024-05-16,BAMLH0A0HYM2,high_yield_spread,3.08
2024-05-17,BAMLH0A0HYM2,high_yield_spread,3.09
2024-05-20,BAMLH0A0HYM2,high_yield_spread,3.07
2024-05-21,BAMLH0A0HYM2,high_yield_spread,3.07
2024-05-22,BAMLH0A0HYM2,high_yield_spread,3.11
2024-05-23,BAMLH0A0HYM2,high_yield_spread,3.10
2024-05-24,BAMLH0A0HYM2,high_yield_spread,3.11
2024-05-27,BAMLH0A0HYM2,high_yield_spread,3.12
2024-05-28,BAMLH0A0HYM2,high_yield_spread,3.09
2024-05-29,BAMLH0A0HYM2,high_yield_spread,3.15
2024-05-30,BAMLH0A0HYM2,high_yield_spread,3.19
2024-05-31,BAMLH0A0HYM2,high_yield_spread,3.20
2024-06-03,BAMLH0A0HYM2,high_yield_spread,3.17
2024-06-04,BAMLH0A0HYM2,high_yield_spread,3.22
2024-06-05,BAMLH0A0HYM2,high_yield_spread,3.20
2024-06-06,BAMLH0A0HYM2,high_yield_spread,3.20
2024-06-07,BAMLH0A0HYM2,high_yield_spread,3.15
2024-06-10,BAMLH0A0HYM2,high_yield_spread,3.15
2024-06-11,BAMLH0A0HYM2,high_yield_spread,3.19
2024-06-12,BAMLH0A0HYM2,high_yield_spread,3.09
2024-06-13,BAMLH0A0HYM2,high_yield_spread,3.20
2024-06-14,BAMLH0A0HYM2,high_yield_spread,3.29
2024-06-17,BAMLH0A0HYM2,high_yield_spread,3.26
2024-06-18,BAMLH0A0HYM2,high_yield_spread,3.24
2024-06-19,BAMLH0A0HYM2,high_yield_spread,3.24
2024-06-20,BAMLH0A0HYM2,high_yield_spread,3.23
2024-06-21,BAMLH0A0HYM2,high_yield_spread,3.21
2024-06-24,BAMLH0A0HYM2,high_yield_spread,3.19
2024-06-25,BAMLH0A0HYM2,high_yield_spread,3.19
2024-06-26,BAMLH0A0HYM2,high_yield_spread,3.18
2024-06-27,BAMLH0A0HYM2,high_yield_spread,3.21
2024-06-28,BAMLH0A0HYM2,high_yield_spread,3.18
2024-06-30,BAMLH0A0HYM2,high_yield_spread,3.21
2024-07-01,BAMLH0A0HYM2,high_yield_spread,3.21
2024-07-02,BAMLH0A0HYM2,high_yield_spread,3.23
2024-07-03,BAMLH0A0HYM2,high_yield_spread,3.25
2024-07-04,BAMLH0A0HYM2,high_yield_spread,3.25
2024-07-05,BAMLH0A0HYM2,high_yield_spread,3.27
2024-07-08,BAMLH0A0HYM2,high_yield_spread,3.20
2024-07-09,BAMLH0A0HYM2,high_yield_spread,3.21
2024-07-10,BAMLH0A0HYM2,high_yield_spread,3.17
2024-07-11,BAMLH0A0HYM2,high_yield_spread,3.18
2024-07-12,BAMLH0A0HYM2,high_yield_spread,3.19
2024-07-15,BAMLH0A0HYM2,high_yield_spread,3.13
2024-07-16,BAMLH0A0HYM2,high_yield_spread,3.08
2024-07-17,BAMLH0A0HYM2,high_yield_spread,3.09
2024-07-18,BAMLH0A0HYM2,high_yield_spread,3.09
2024-07-19,BAMLH0A0HYM2,high_yield_spread,3.09
2024-07-22,BAMLH0A0HYM2,high_yield_spread,3.05
2024-07-23,BAMLH0A0HYM2,high_yield_spread,3.02
2024-07-24,BAMLH0A0HYM2,high_yield_spread,3.10
2024-07-25,BAMLH0A0HYM2,high_yield_spread,3.08
2024-07-26,BAMLH0A0HYM2,high_yield_spread,3.10
2024-07-29,BAMLH0A0HYM2,high_yield_spread,3.13
2024-07-30,BAMLH0A0HYM2,high_yield_spread,3.20
2024-07-31,BAMLH0A0HYM2,high_yield_spread,3.25
2024-08-01,BAMLH0A0HYM2,high_yield_spread,3.35
2024-08-02,BAMLH0A0HYM2,high_yield_spread,3.72
2024-08-05,BAMLH0A0HYM2,high_yield_spread,3.93
2024-08-06,BAMLH0A0HYM2,high_yield_spread,3.67
2024-08-07,BAMLH0A0HYM2,high_yield_spread,3.57
2024-08-08,BAMLH0A0HYM2,high_yield_spread,3.48
2024-08-09,BAMLH0A0HYM2,high_yield_spread,3.49
2024-08-12,BAMLH0A0HYM2,high_yield_spread,3.52
2024-08-13,BAMLH0A0HYM2,high_yield_spread,3.54
2024-08-14,BAMLH0A0HYM2,high_yield_spread,3.46
2024-08-15,BAMLH0A0HYM2,high_yield_spread,3.31
2024-08-16,BAMLH0A0HYM2,high_yield_spread,3.29
2024-08-19,BAMLH0A0HYM2,high_yield_spread,3.21
2024-08-20,BAMLH0A0HYM2,high_yield_spread,3.25
2024-08-21,BAMLH0A0HYM2,high_yield_spread,3.27
2024-08-22,BAMLH0A0HYM2,high_yield_spread,3.21
2024-08-23,BAMLH0A0HYM2,high_yield_spread,3.19
2024-08-26,BAMLH0A0HYM2,high_yield_spread,3.15
2024-08-27,BAMLH0A0HYM2,high_yield_spread,3.17
2024-08-28,BAMLH0A0HYM2,high_yield_spread,3.19
2024-08-29,BAMLH0A0HYM2,high_yield_spread,3.15
2024-08-30,BAMLH0A0HYM2,high_yield_spread,3.13
2024-08-31,BAMLH0A0HYM2,high_yield_spread,3.17
2024-09-02,BAMLH0A0HYM2,high_yield_spread,3.17
2024-09-03,BAMLH0A0HYM2,high_yield_spread,3.31
2024-09-04,BAMLH0A0HYM2,high_yield_spread,3.35
2024-09-05,BAMLH0A0HYM2,high_yield_spread,3.29
2024-09-06,BAMLH0A0HYM2,high_yield_spread,3.39
2024-09-09,BAMLH0A0HYM2,high_yield_spread,3.36
2024-09-10,BAMLH0A0HYM2,high_yield_spread,3.46
2024-09-11,BAMLH0A0HYM2,high_yield_spread,3.44
2024-09-12,BAMLH0A0HYM2,high_yield_spread,3.39
2024-09-13,BAMLH0A0HYM2,high_yield_spread,3.37
2024-09-16,BAMLH0A0HYM2,high_yield_spread,3.32
2024-09-17,BAMLH0A0HYM2,high_yield_spread,3.25
2024-09-18,BAMLH0A0HYM2,high_yield_spread,3.21
2024-09-19,BAMLH0A0HYM2,high_yield_spread,3.10
2024-09-20,BAMLH0A0HYM2,high_yield_spread,3.15
2024-09-23,BAMLH0A0HYM2,high_yield_spread,3.15
2024-09-24,BAMLH0A0HYM2,high_yield_spread,3.21
2024-09-25,BAMLH0A0HYM2,high_yield_spread,3.19
2024-09-26,BAMLH0A0HYM2,high_yield_spread,3.14
2024-09-27,BAMLH0A0HYM2,high_yield_spread,3.14
2024-09-30,BAMLH0A0HYM2,high_yield_spread,3.03
2024-10-01,BAMLH0A0HYM2,high_yield_spread,3.07
2024-10-02,BAMLH0A0HYM2,high_yield_spread,3.06
2024-10-03,BAMLH0A0HYM2,high_yield_spread,3.04
2024-10-04,BAMLH0A0HYM2,high_yield_spread,2.89
2024-10-07,BAMLH0A0HYM2,high_yield_spread,2.95
2024-10-08,BAMLH0A0HYM2,high_yield_spread,2.99
2024-10-09,BAMLH0A0HYM2,high_yield_spread,2.94
2024-10-10,BAMLH0A0HYM2,high_yield_spread,2.99
2024-10-11,BAMLH0A0HYM2,high_yield_spread,2.98
2024-10-14,BAMLH0A0HYM2,high_yield_spread,2.97
2024-10-15,BAMLH0A0HYM2,high_yield_spread,2.93
2024-10-16,BAMLH0A0HYM2,high_yield_spread,2.90
2024-10-17,BAMLH0A0HYM2,high_yield_spread,2.89
2024-10-18,BAMLH0A0HYM2,high_yield_spread,2.88
2024-10-21,BAMLH0A0HYM2,high_yield_spread,2.88
2024-10-22,BAMLH0A0HYM2,high_yield_spread,2.92
2024-10-23,BAMLH0A0HYM2,high_yield_spread,2.95
2024-10-24,BAMLH0A0HYM2,high_yield_spread,2.93
2024-10-25,BAMLH0A0HYM2,high_yield_spread,2.89
2024-10-28,BAMLH0A0HYM2,high_yield_spread,2.82
2024-10-29,BAMLH0A0HYM2,high_yield_spread,2.85
2024-10-30,BAMLH0A0HYM2,high_yield_spread,2.80
2024-10-31,BAMLH0A0HYM2,high_yield_spread,2.88
2024-11-01,BAMLH0A0HYM2,high_yield_spread,2.83
2024-11-04,BAMLH0A0HYM2,high_yield_spread,2.87
2024-11-05,BAMLH0A0HYM2,high_yield_spread,2.86
2024-11-06,BAMLH0A0HYM2,high_yield_spread,2.74
2024-11-07,BAMLH0A0HYM2,high_yield_spread,2.73
2024-11-08,BAMLH0A0HYM2,high_yield_spread,2.63
2024-11-11,BAMLH0A0HYM2,high_yield_spread,2.63
2024-11-12,BAMLH0A0HYM2,high_yield_spread,2.61
2024-11-13,BAMLH0A0HYM2,high_yield_spread,2.64
2024-11-14,BAMLH0A0HYM2,high_yield_spread,2.60
2024-11-15,BAMLH0A0HYM2,high_yield_spread,2.72
2024-11-18,BAMLH0A0HYM2,high_yield_spread,2.72
2024-11-19,BAMLH0A0HYM2,high_yield_spread,2.69
2024-11-20,BAMLH0A0HYM2,high_yield_spread,2.67
2024-11-21,BAMLH0A0HYM2,high_yield_spread,2.61
2024-11-22,BAMLH0A0HYM2,high_yield_spread,2.61
2024-11-25,BAMLH0A0HYM2,high_yield_spread,2.64
2024-11-26,BAMLH0A0HYM2,high_yield_spread,2.68
2024-11-27,BAMLH0A0HYM2,high_yield_spread,2.69
2024-11-28,BAMLH0A0HYM2,high_yield_spread,2.69
2024-11-29,BAMLH0A0HYM2,high_yield_spread,2.72
2024-11-30,BAMLH0A0HYM2,high_yield_spread,2.74
2024-12-02,BAMLH0A0HYM2,high_yield_spread,2.68
2024-12-03,BAMLH0A0HYM2,high_yield_spread,2.66
2024-12-04,BAMLH0A0HYM2,high_yield_spread,2.66
2024-12-05,BAMLH0A0HYM2,high_yield_spread,2.66
2024-12-06,BAMLH0A0HYM2,high_yield_spread,2.67
2024-12-09,BAMLH0A0HYM2,high_yield_spread,2.67
2024-12-10,BAMLH0A0HYM2,high_yield_spread,2.67
2024-12-11,BAMLH0A0HYM2,high_yield_spread,2.64
2024-12-12,BAMLH0A0HYM2,high_yield_spread,2.66
2024-12-13,BAMLH0A0HYM2,high_yield_spread,2.68
2024-12-16,BAMLH0A0HYM2,high_yield_spread,2.69
2024-12-17,BAMLH0A0HYM2,high_yield_spread,2.75
2024-12-18,BAMLH0A0HYM2,high_yield_spread,2.73
2024-12-19,BAMLH0A0HYM2,high_yield_spread,2.91
2024-12-20,BAMLH0A0HYM2,high_yield_spread,2.86
2024-12-23,BAMLH0A0HYM2,high_yield_spread,2.85
2024-12-24,BAMLH0A0HYM2,high_yield_spread,2.86
2024-12-26,BAMLH0A0HYM2,high_yield_spread,2.86
2024-12-27,BAMLH0A0HYM2,high_yield_spread,2.84
2024-12-30,BAMLH0A0HYM2,high_yield_spread,2.94
2024-12-31,BAMLH0A0HYM2,high_yield_spread,2.92
2025-01-02,BAMLH0A0HYM2,high_yield_spread,2.88
2025-01-03,BAMLH0A0HYM2,high_yield_spread,2.81
2025-01-06,BAMLH0A0HYM2,high_yield_spread,2.76
2025-01-07,BAMLH0A0HYM2,high_yield_spread,2.79
2025-01-08,BAMLH0A0HYM2,high_yield_spread,2.84
2025-01-09,BAMLH0A0HYM2,high_yield_spread,2.82
2025-01-10,BAMLH0A0HYM2,high_yield_spread,2.81
2025-01-13,BAMLH0A0HYM2,high_yield_spread,2.85
2025-01-14,BAMLH0A0HYM2,high_yield_spread,2.80
2025-01-15,BAMLH0A0HYM2,high_yield_spread,2.72
2025-01-16,BAMLH0A0HYM2,high_yield_spread,2.73
2025-01-17,BAMLH0A0HYM2,high_yield_spread,2.64
2025-01-20,BAMLH0A0HYM2,high_yield_spread,2.64
2025-01-21,BAMLH0A0HYM2,high_yield_spread,2.61
2025-01-22,BAMLH0A0HYM2,high_yield_spread,2.59
2025-01-23,BAMLH0A0HYM2,high_yield_spread,2.61
2025-01-24,BAMLH0A0HYM2,high_yield_spread,2.60
2025-01-27,BAMLH0A0HYM2,high_yield_spread,2.66
2025-01-28,BAMLH0A0HYM2,high_yield_spread,2.66
2025-01-29,BAMLH0A0HYM2,high_yield_spread,2.68
2025-01-30,BAMLH0A0HYM2,high_yield_spread,2.67
2025-01-31,BAMLH0A0HYM2,high_yield_spread,2.68
2025-02-03,BAMLH0A0HYM2,high_yield_spread,2.73
2025-02-04,BAMLH0A0HYM2,high_yield_spread,2.71
2025-02-05,BAMLH0A0HYM2,high_yield_spread,2.69
2025-02-06,BAMLH0A0HYM2,high_yield_spread,2.66
2025-02-07,BAMLH0A0HYM2,high_yield_spread,2.67
2025-02-10,BAMLH0A0HYM2,high_yield_spread,2.66
2025-02-11,BAMLH0A0HYM2,high_yield_spread,2.66
2025-02-12,BAMLH0A0HYM2,high_yield_spread,2.65
2025-02-13,BAMLH0A0HYM2,high_yield_spread,2.65
2025-02-14,BAMLH0A0HYM2,high_yield_spread,2.62
2025-02-17,BAMLH0A0HYM2,high_yield_spread,2.62
2025-02-18,BAMLH0A0HYM2,high_yield_spread,2.62
2025-02-19,BAMLH0A0HYM2,high_yield_spread,2.68
2025-02-20,BAMLH0A0HYM2,high_yield_spread,2.66
2025-02-21,BAMLH0A0HYM2,high_yield_spread,2.78
2025-02-24,BAMLH0A0HYM2,high_yield_spread,2.78
2025-02-25,BAMLH0A0HYM2,high_yield_spread,2.84
2025-02-26,BAMLH0A0HYM2,high_yield_spread,2.81
2025-02-27,BAMLH0A0HYM2,high_yield_spread,2.81
2025-02-28,BAMLH0A0HYM2,high_yield_spread,2.87
2025-03-03,BAMLH0A0HYM2,high_yield_spread,2.94
2025-03-04,BAMLH0A0HYM2,high_yield_spread,2.99
2025-03-05,BAMLH0A0HYM2,high_yield_spread,2.88
2025-03-06,BAMLH0A0HYM2,high_yield_spread,2.99
2025-03-07,BAMLH0A0HYM2,high_yield_spread,2.97
2025-03-10,BAMLH0A0HYM2,high_yield_spread,3.16
2025-03-11,BAMLH0A0HYM2,high_yield_spread,3.22
2025-03-12,BAMLH0A0HYM2,high_yield_spread,3.20
2025-03-13,BAMLH0A0HYM2,high_yield_spread,3.40
2025-03-14,BAMLH0A0HYM2,high_yield_spread,3.25
2025-03-17,BAMLH0A0HYM2,high_yield_spread,3.18
2025-03-18,BAMLH0A0HYM2,high_yield_spread,3.23
2025-03-19,BAMLH0A0HYM2,high_yield_spread,3.19
2025-03-20,BAMLH0A0HYM2,high_yield_spread,3.17
2025-03-21,BAMLH0A0HYM2,high_yield_spread,3.21
2025-03-24,BAMLH0A0HYM2,high_yield_spread,3.05
2025-03-25,BAMLH0A0HYM2,high_yield_spread,3.09
2025-03-26,BAMLH0A0HYM2,high_yield_spread,3.19
2025-03-27,BAMLH0A0HYM2,high_yield_spread,3.27
2025-03-28,BAMLH0A0HYM2,high_yield_spread,3.47
2025-03-31,BAMLH0A0HYM2,high_yield_spread,3.55
2025-04-01,BAMLH0A0HYM2,high_yield_spread,3.50
2025-04-02,BAMLH0A0HYM2,high_yield_spread,3.42
2025-04-03,BAMLH0A0HYM2,high_yield_spread,4.01
2025-04-04,BAMLH0A0HYM2,high_yield_spread,4.45
2025-04-07,BAMLH0A0HYM2,high_yield_spread,4.61
2025-04-08,BAMLH0A0HYM2,high_yield_spread,4.57
2025-04-09,BAMLH0A0HYM2,high_yield_spread,4.37
2025-04-10,BAMLH0A0HYM2,high_yield_spread,4.42
2025-04-11,BAMLH0A0HYM2,high_yield_spread,4.26
2025-04-14,BAMLH0A0HYM2,high_yield_spread,4.14
2025-04-15,BAMLH0A0HYM2,high_yield_spread,4.09
2025-04-16,BAMLH0A0HYM2,high_yield_spread,4.16
2025-04-17,BAMLH0A0HYM2,high_yield_spread,4.02
2025-04-21,BAMLH0A0HYM2,high_yield_spread,4.16
2025-04-22,BAMLH0A0HYM2,high_yield_spread,3.99
2025-04-23,BAMLH0A0HYM2,high_yield_spread,3.75
2025-04-24,BAMLH0A0HYM2,high_yield_spread,3.73
2025-04-25,BAMLH0A0HYM2,high_yield_spread,3.67
2025-04-28,BAMLH0A0HYM2,high_yield_spread,3.73
2025-04-29,BAMLH0A0HYM2,high_yield_spread,3.74
2025-04-30,BAMLH0A0HYM2,high_yield_spread,3.94
2025-05-01,BAMLH0A0HYM2,high_yield_spread,3.78
2025-05-02,BAMLH0A0HYM2,high_yield_spread,3.60
2025-05-05,BAMLH0A0HYM2,high_yield_spread,3.60
2025-05-06,BAMLH0A0HYM2,high_yield_spread,3.66
2025-05-07,BAMLH0A0HYM2,high_yield_spread,3.67
2025-05-08,BAMLH0A0HYM2,high_yield_spread,3.51
2025-05-09,BAMLH0A0HYM2,high_yield_spread,3.53
2025-05-12,BAMLH0A0HYM2,high_yield_spread,3.15
2025-05-13,BAMLH0A0HYM2,high_yield_spread,3.09
2025-05-14,BAMLH0A0HYM2,high_yield_spread,3.10
2025-05-15,BAMLH0A0HYM2,high_yield_spread,3.20
2025-05-16,BAMLH0A0HYM2,high_yield_spread,3.16
2025-05-19,BAMLH0A0HYM2,high_yield_spread,3.21
2025-05-20,BAMLH0A0HYM2,high_yield_spread,3.20
2025-05-21,BAMLH0A0HYM2,high_yield_spread,3.25
2025-05-22,BAMLH0A0HYM2,high_yield_spread,3.32
2025-05-23,BAMLH0A0HYM2,high_yield_spread,3.40
2025-05-26,BAMLH0A0HYM2,high_yield_spread,3.40
2025-05-27,BAMLH0A0HYM2,high_yield_spread,3.24
2025-05-28,BAMLH0A0HYM2,high_yield_spread,3.23
2025-05-29,BAMLH0A0HYM2,high_yield_spread,3.22
2025-05-30,BAMLH0A0HYM2,high_yield_spread,3.31
2025-05-31,BAMLH0A0HYM2,high_yield_spread,3.32
2025-06-02,BAMLH0A0HYM2,high_yield_spread,3.27
2025-06-03,BAMLH0A0HYM2,high_yield_spread,3.19
2025-06-04,BAMLH0A0HYM2,high_yield_spread,3.23
2025-06-05,BAMLH0A0HYM2,high_yield_spread,3.18
2025-06-06,BAMLH0A0HYM2,high_yield_spread,3.09
2025-06-09,BAMLH0A0HYM2,high_yield_spread,3.12
2025-06-10,BAMLH0A0HYM2,high_yield_spread,3.12
2025-06-11,BAMLH0A0HYM2,high_yield_spread,3.12
2025-06-12,BAMLH0A0HYM2,high_yield_spread,3.17
2025-06-13,BAMLH0A0HYM2,high_yield_spread,3.18
2025-06-16,BAMLH0A0HYM2,high_yield_spread,3.10
2025-06-17,BAMLH0A0HYM2,high_yield_spread,3.17
2025-06-18,BAMLH0A0HYM2,high_yield_spread,3.16
2025-06-19,BAMLH0A0HYM2,high_yield_spread,3.16
2025-06-20,BAMLH0A0HYM2,high_yield_spread,3.13
2025-06-23,BAMLH0A0HYM2,high_yield_spread,3.12
2025-06-24,BAMLH0A0HYM2,high_yield_spread,3.06
2025-06-25,BAMLH0A0HYM2,high_yield_spread,3.04
2025-06-26,BAMLH0A0HYM2,high_yield_spread,3.04
2025-06-27,BAMLH0A0HYM2,high_yield_spread,3.02
2025-06-30,BAMLH0A0HYM2,high_yield_spread,2.96
2025-07-01,BAMLH0A0HYM2,high_yield_spread,2.91
2025-07-02,BAMLH0A0HYM2,high_yield_spread,2.88
2025-07-03,BAMLH0A0HYM2,high_yield_spread,2.80
2025-07-04,BAMLH0A0HYM2,high_yield_spread,2.80
2025-07-07,BAMLH0A0HYM2,high_yield_spread,2.86
2025-07-08,BAMLH0A0HYM2,high_yield_spread,2.92
2025-07-09,BAMLH0A0HYM2,high_yield_spread,2.94
2025-07-10,BAMLH0A0HYM2,high_yield_spread,2.92
2025-07-11,BAMLH0A0HYM2,high_yield_spread,2.97
2025-07-14,BAMLH0A0HYM2,high_yield_spread,2.95
2025-07-15,BAMLH0A0HYM2,high_yield_spread,2.95
2025-07-16,BAMLH0A0HYM2,high_yield_spread,3.00
2025-07-17,BAMLH0A0HYM2,high_yield_spread,2.91
2025-07-18,BAMLH0A0HYM2,high_yield_spread,2.93
2025-07-21,BAMLH0A0HYM2,high_yield_spread,2.89
2025-07-22,BAMLH0A0HYM2,high_yield_spread,2.90
2025-07-23,BAMLH0A0HYM2,high_yield_spread,2.83
2025-07-24,BAMLH0A0HYM2,high_yield_spread,2.82
2025-07-25,BAMLH0A0HYM2,high_yield_spread,2.84
2025-07-28,BAMLH0A0HYM2,high_yield_spread,2.82
2025-07-29,BAMLH0A0HYM2,high_yield_spread,2.86
2025-07-30,BAMLH0A0HYM2,high_yield_spread,2.89
2025-07-31,BAMLH0A0HYM2,high_yield_spread,2.86
2025-08-01,BAMLH0A0HYM2,high_yield_spread,3.13
2025-08-04,BAMLH0A0HYM2,high_yield_spread,3.02
2025-08-05,BAMLH0A0HYM2,high_yield_spread,2.98
2025-08-06,BAMLH0A0HYM2,high_yield_spread,2.98
2025-08-07,BAMLH0A0HYM2,high_yield_spread,2.95
2025-08-08,BAMLH0A0HYM2,high_yield_spread,2.94
2025-08-11,BAMLH0A0HYM2,high_yield_spread,2.94
2025-08-12,BAMLH0A0HYM2,high_yield_spread,2.93
2025-08-13,BAMLH0A0HYM2,high_yield_spread,2.90
2025-08-14,BAMLH0A0HYM2,high_yield_spread,2.89
2025-08-15,BAMLH0A0HYM2,high_yield_spread,2.88
2025-08-18,BAMLH0A0HYM2,high_yield_spread,2.88
2025-08-19,BAMLH0A0HYM2,high_yield_spread,2.90
2025-08-20,BAMLH0A0HYM2,high_yield_spread,2.94
2025-08-21,BAMLH0A0HYM2,high_yield_spread,2.95
2025-08-22,BAMLH0A0HYM2,high_yield_spread,2.88
2025-08-25,BAMLH0A0HYM2,high_yield_spread,2.80
2025-08-26,BAMLH0A0HYM2,high_yield_spread,2.78
2025-08-27,BAMLH0A0HYM2,high_yield_spread,2.78
2025-08-28,BAMLH0A0HYM2,high_yield_spread,2.75
2025-08-29,BAMLH0A0HYM2,high_yield_spread,2.82
2025-08-31,BAMLH0A0HYM2,high_yield_spread,2.84
2025-09-01,BAMLH0A0HYM2,high_yield_spread,2.84
2025-09-02,BAMLH0A0HYM2,high_yield_spread,2.92
2025-09-03,BAMLH0A0HYM2,high_yield_spread,2.88
2025-09-04,BAMLH0A0HYM2,high_yield_spread,2.84
2025-09-05,BAMLH0A0HYM2,high_yield_spread,2.83
2025-09-08,BAMLH0A0HYM2,high_yield_spread,2.84
2025-09-09,BAMLH0A0HYM2,high_yield_spread,2.87
2025-09-10,BAMLH0A0HYM2,high_yield_spread,2.84
2025-09-11,BAMLH0A0HYM2,high_yield_spread,2.78
2025-09-12,BAMLH0A0HYM2,high_yield_spread,2.79
2025-09-15,BAMLH0A0HYM2,high_yield_spread,2.75
2025-09-16,BAMLH0A0HYM2,high_yield_spread,2.79
2025-09-17,BAMLH0A0HYM2,high_yield_spread,2.79
2025-09-18,BAMLH0A0HYM2,high_yield_spread,2.71
2025-09-19,BAMLH0A0HYM2,high_yield_spread,2.72
2025-09-22,BAMLH0A0HYM2,high_yield_spread,2.69
2025-09-23,BAMLH0A0HYM2,high_yield_spread,2.71
2025-09-24,BAMLH0A0HYM2,high_yield_spread,2.70
2025-09-25,BAMLH0A0HYM2,high_yield_spread,2.76
2025-09-26,BAMLH0A0HYM2,high_yield_spread,2.75
2025-09-29,BAMLH0A0HYM2,high_yield_spread,2.74
2025-09-30,BAMLH0A0HYM2,high_yield_spread,2.80
2025-10-01,BAMLH0A0HYM2,high_yield_spread,2.81
2025-10-02,BAMLH0A0HYM2,high_yield_spread,2.81
2025-10-03,BAMLH0A0HYM2,high_yield_spread,2.80
2025-10-06,BAMLH0A0HYM2,high_yield_spread,2.76
2025-10-07,BAMLH0A0HYM2,high_yield_spread,2.82
2025-10-08,BAMLH0A0HYM2,high_yield_spread,2.84
2025-10-09,BAMLH0A0HYM2,high_yield_spread,2.95
2025-10-10,BAMLH0A0HYM2,high_yield_spread,3.18
2025-10-13,BAMLH0A0HYM2,high_yield_spread,3.18
2025-10-14,BAMLH0A0HYM2,high_yield_spread,3.11
2025-10-15,BAMLH0A0HYM2,high_yield_spread,2.95
2025-10-16,BAMLH0A0HYM2,high_yield_spread,3.04
2025-10-17,BAMLH0A0HYM2,high_yield_spread,3.04
2025-10-20,BAMLH0A0HYM2,high_yield_spread,2.99
2025-10-21,BAMLH0A0HYM2,high_yield_spread,2.97
2025-10-22,BAMLH0A0HYM2,high_yield_spread,3.01
2025-10-23,BAMLH0A0HYM2,high_yield_spread,2.96
2025-10-24,BAMLH0A0HYM2,high_yield_spread,2.88
2025-10-27,BAMLH0A0HYM2,high_yield_spread,2.80
2025-10-28,BAMLH0A0HYM2,high_yield_spread,2.82
2025-10-29,BAMLH0A0HYM2,high_yield_spread,2.76
2025-10-30,BAMLH0A0HYM2,high_yield_spread,2.85
2025-10-31,BAMLH0A0HYM2,high_yield_spread,2.94
2025-11-03,BAMLH0A0HYM2,high_yield_spread,3.04
2025-11-04,BAMLH0A0HYM2,high_yield_spread,3.13
2025-11-05,BAMLH0A0HYM2,high_yield_spread,3.05
2025-11-06,BAMLH0A0HYM2,high_yield_spread,3.13
2025-11-07,BAMLH0A0HYM2,high_yield_spread,3.15
2025-11-10,BAMLH0A0HYM2,high_yield_spread,3.02
2025-11-11,BAMLH0A0HYM2,high_yield_spread,3.02
2025-11-12,BAMLH0A0HYM2,high_yield_spread,3.02
2025-11-13,BAMLH0A0HYM2,high_yield_spread,3.09
2025-11-14,BAMLH0A0HYM2,high_yield_spread,3.07
2025-11-17,BAMLH0A0HYM2,high_yield_spread,3.13
2025-11-18,BAMLH0A0HYM2,high_yield_spread,3.20
2025-11-19,BAMLH0A0HYM2,high_yield_spread,3.17
2025-11-20,BAMLH0A0HYM2,high_yield_spread,3.17
2025-11-21,BAMLH0A0HYM2,high_yield_spread,3.19
2025-11-24,BAMLH0A0HYM2,high_yield_spread,3.15
2025-11-25,BAMLH0A0HYM2,high_yield_spread,3.10
2025-11-26,BAMLH0A0HYM2,high_yield_spread,3.00
2025-11-27,BAMLH0A0HYM2,high_yield_spread,3.00
2025-11-28,BAMLH0A0HYM2,high_yield_spread,2.95
2025-11-30,BAMLH0A0HYM2,high_yield_spread,2.92
2025-12-01,BAMLH0A0HYM2,high_yield_spread,2.94
2025-12-02,BAMLH0A0HYM2,high_yield_spread,2.92
2025-12-03,BAMLH0A0HYM2,high_yield_spread,2.89
2025-12-04,BAMLH0A0HYM2,high_yield_spread,2.88
2025-12-05,BAMLH0A0HYM2,high_yield_spread,2.85
2025-12-08,BAMLH0A0HYM2,high_yield_spread,2.89
2025-12-09,BAMLH0A0HYM2,high_yield_spread,2.89
2025-12-10,BAMLH0A0HYM2,high_yield_spread,2.91
2025-12-11,BAMLH0A0HYM2,high_yield_spread,2.88
2025-12-12,BAMLH0A0HYM2,high_yield_spread,2.91
2025-12-15,BAMLH0A0HYM2,high_yield_spread,2.91
2025-12-16,BAMLH0A0HYM2,high_yield_spread,2.98
2025-12-17,BAMLH0A0HYM2,high_yield_spread,2.99
2025-12-18,BAMLH0A0HYM2,high_yield_spread,2.95
2025-12-19,BAMLH0A0HYM2,high_yield_spread,2.90
2025-12-22,BAMLH0A0HYM2,high_yield_spread,2.88
2025-12-23,BAMLH0A0HYM2,high_yield_spread,2.83
2025-12-24,BAMLH0A0HYM2,high_yield_spread,2.84
2025-12-26,BAMLH0A0HYM2,high_yield_spread,2.86
2025-12-29,BAMLH0A0HYM2,high_yield_spread,2.87
2025-12-30,BAMLH0A0HYM2,high_yield_spread,2.84
2025-12-31,BAMLH0A0HYM2,high_yield_spread,2.81
2026-01-02,BAMLH0A0HYM2,high_yield_spread,2.83
2026-01-05,BAMLH0A0HYM2,high_yield_spread,2.81
2026-01-06,BAMLH0A0HYM2,high_yield_spread,2.79
2026-01-07,BAMLH0A0HYM2,high_yield_spread,2.79
2026-01-08,BAMLH0A0HYM2,high_yield_spread,2.76
2026-01-09,BAMLH0A0HYM2,high_yield_spread,2.74
2026-01-12,BAMLH0A0HYM2,high_yield_spread,2.74
2026-01-13,BAMLH0A0HYM2,high_yield_spread,2.75
2026-01-14,BAMLH0A0HYM2,high_yield_spread,2.76
2026-01-15,BAMLH0A0HYM2,high_yield_spread,2.71
2026-01-16,BAMLH0A0HYM2,high_yield_spread,2.65
2026-01-19,BAMLH0A0HYM2,high_yield_spread,2.65
2026-01-20,BAMLH0A0HYM2,high_yield_spread,2.73
2026-01-21,BAMLH0A0HYM2,high_yield_spread,2.69
2026-01-22,BAMLH0A0HYM2,high_yield_spread,2.64
2026-01-23,BAMLH0A0HYM2,high_yield_spread,2.68
2026-01-26,BAMLH0A0HYM2,high_yield_spread,2.69
2026-01-27,BAMLH0A0HYM2,high_yield_spread,2.71
2026-01-28,BAMLH0A0HYM2,high_yield_spread,2.72
2026-01-29,BAMLH0A0HYM2,high_yield_spread,2.77
2026-01-30,BAMLH0A0HYM2,high_yield_spread,2.80
2026-01-31,BAMLH0A0HYM2,high_yield_spread,2.88
2026-02-02,BAMLH0A0HYM2,high_yield_spread,2.81
2026-02-03,BAMLH0A0HYM2,high_yield_spread,2.85
2026-02-04,BAMLH0A0HYM2,high_yield_spread,2.86
2026-02-05,BAMLH0A0HYM2,high_yield_spread,2.97
2026-02-06,BAMLH0A0HYM2,high_yield_spread,2.87
2026-02-09,BAMLH0A0HYM2,high_yield_spread,2.84
2026-02-10,BAMLH0A0HYM2,high_yield_spread,2.86
2026-02-11,BAMLH0A0HYM2,high_yield_spread,2.84
2026-02-12,BAMLH0A0HYM2,high_yield_spread,2.92
2026-02-13,BAMLH0A0HYM2,high_yield_spread,2.95
2026-02-16,BAMLH0A0HYM2,high_yield_spread,2.94
2026-02-17,BAMLH0A0HYM2,high_yield_spread,2.94
2026-02-18,BAMLH0A0HYM2,high_yield_spread,2.86
2026-02-19,BAMLH0A0HYM2,high_yield_spread,2.88
2026-02-20,BAMLH0A0HYM2,high_yield_spread,2.86
2026-02-23,BAMLH0A0HYM2,high_yield_spread,2.95
2026-02-24,BAMLH0A0HYM2,high_yield_spread,2.97
2026-02-25,BAMLH0A0HYM2,high_yield_spread,2.94
2026-02-26,BAMLH0A0HYM2,high_yield_spread,2.98
2026-02-27,BAMLH0A0HYM2,high_yield_spread,3.10
2026-02-28,BAMLH0A0HYM2,high_yield_spread,3.12
2026-03-02,BAMLH0A0HYM2,high_yield_spread,3.03
2026-03-03,BAMLH0A0HYM2,high_yield_spread,3.08
2026-03-04,BAMLH0A0HYM2,high_yield_spread,2.97
2026-03-05,BAMLH0A0HYM2,high_yield_spread,3.00
2026-03-06,BAMLH0A0HYM2,high_yield_spread,3.13
2026-03-09,BAMLH0A0HYM2,high_yield_spread,3.19
2026-03-10,BAMLH0A0HYM2,high_yield_spread,3.06
2026-03-11,BAMLH0A0HYM2,high_yield_spread,3.09
2026-03-12,BAMLH0A0HYM2,high_yield_spread,3.17
2026-03-13,BAMLH0A0HYM2,high_yield_spread,3.28
2026-03-16,BAMLH0A0HYM2,high_yield_spread,3.27
2026-03-17,BAMLH0A0HYM2,high_yield_spread,3.22
2026-03-18,BAMLH0A0HYM2,high_yield_spread,3.20
2026-03-19,BAMLH0A0HYM2,high_yield_spread,3.27
2026-03-20,BAMLH0A0HYM2,high_yield_spread,3.24
2026-03-23,BAMLH0A0HYM2,high_yield_spread,3.19
2026-03-24,BAMLH0A0HYM2,high_yield_spread,3.19
2026-03-25,BAMLH0A0HYM2,high_yield_spread,3.17
2026-03-26,BAMLH0A0HYM2,high_yield_spread,3.21
2026-03-27,BAMLH0A0HYM2,high_yield_spread,3.42
2026-03-30,BAMLH0A0HYM2,high_yield_spread,3.46
2026-03-31,BAMLH0A0HYM2,high_yield_spread,3.28
2026-04-01,BAMLH0A0HYM2,high_yield_spread,3.16
2026-04-02,BAMLH0A0HYM2,high_yield_spread,3.17
2026-04-03,BAMLH0A0HYM2,high_yield_spread,3.13
2026-04-06,BAMLH0A0HYM2,high_yield_spread,3.05
2026-04-07,BAMLH0A0HYM2,high_yield_spread,3.12
2026-04-08,BAMLH0A0HYM2,high_yield_spread,2.94
2026-04-09,BAMLH0A0HYM2,high_yield_spread,2.90
2026-04-10,BAMLH0A0HYM2,high_yield_spread,2.94
2026-04-13,BAMLH0A0HYM2,high_yield_spread,2.95
2026-04-14,BAMLH0A0HYM2,high_yield_spread,2.84
2026-04-15,BAMLH0A0HYM2,high_yield_spread,2.85
2026-04-16,BAMLH0A0HYM2,high_yield_spread,2.86
2026-04-17,BAMLH0A0HYM2,high_yield_spread,2.83
2026-04-20,BAMLH0A0HYM2,high_yield_spread,2.87
2026-04-21,BAMLH0A0HYM2,high_yield_spread,2.85
2026-04-22,BAMLH0A0HYM2,high_yield_spread,2.84
2026-04-23,BAMLH0A0HYM2,high_yield_spread,2.86
2026-04-24,BAMLH0A0HYM2,high_yield_spread,2.86
2026-04-27,BAMLH0A0HYM2,high_yield_spread,2.84
2026-04-28,BAMLH0A0HYM2,high_yield_spread,2.85
2026-04-29,BAMLH0A0HYM2,high_yield_spread,2.82
2026-04-30,BAMLH0A0HYM2,high_yield_spread,2.83
2026-05-01,BAMLH0A0HYM2,high_yield_spread,2.77
2026-05-04,BAMLH0A0HYM2,high_yield_spread,2.78
2026-05-05,BAMLH0A0HYM2,high_yield_spread,2.77
2026-05-06,BAMLH0A0HYM2,high_yield_spread,2.75
