timestamp,PEPE_SMA12,PEPE_SMA26,PEPE_RSI_14d_lag1,PEPE_BB_percent_b_20d_lag1
2023-06-07 00:00:00+00:00,-0.014612740623155126,-0.014069225065989732,29.89690721649484,0.1946233161413477
2023-06-08 00:00:00+00:00,-0.024550209608029575,-0.01812155259129074,31.18279569892472,0.07944666907778776
2023-06-09 00:00:00+00:00,-0.02716099621548174,-0.02116919741655765,31.91489361702125,0.13920536568835193
2023-06-10 00:00:00+00:00,-0.022869737141813368,-0.017137888534522677,34.020618556701024,0.22472971242926437
2023-06-11 00:00:00+00:00,-0.037335393543913374,-0.024288577594182258,23.893805309734503,-0.011671808907762236
2023-06-12 00:00:00+00:00,-0.029079408153735182,-0.023351319457688664,23.893805309734503,0.04319523969375715
2023-06-13 00:00:00+00:00,-0.027118533369552347,-0.020976396108902236,25.233644859813083,0.08656707281373385
2023-06-14 00:00:00+00:00,-0.02578517159068225,-0.021220597173466034,29.347826086956516,0.13275524940097938
2023-06-15 00:00:00+00:00,-0.031224454120117557,-0.021523684151362417,29.347826086956516,0.13920981547774533
2023-06-16 00:00:00+00:00,-0.030000227835950587,-0.024686687929707494,31.52173913043478,0.19451071968557357
2023-06-17 00:00:00+00:00,-0.020464215591804495,-0.019488207172349243,33.684210526315795,0.2980014712151395
2023-06-18 00:00:00+00:00,-0.003268392762773445,-0.016356451361705545,35.05154639175257,0.3546780457321554
2023-06-19 00:00:00+00:00,-0.02124102080239916,-0.02062710419488368,34.34343434343434,0.26774320749305364
2023-06-20 00:00:00+00:00,-0.010687861293639902,-0.015729528409975636,44.44444444444444,0.31995709201723144
2023-06-21 00:00:00+00:00,-0.0015432539806031129,-0.011154453684538511,41.55844155844156,0.5399552253885447
2023-06-22 00:00:00+00:00,0.015921269730225767,-0.001903079125514227,65.625,1.0292960977036376
2023-06-23 00:00:00+00:00,0.043469711655850535,0.0010055876963200887,70.53571428571429,1.156497609604641
2023-06-24 00:00:00+00:00,0.049590497281977564,0.00366577614632019,71.7948717948718,1.1396998405088485
2023-06-25 00:00:00+00:00,0.04384109132473161,0.002582280878370334,79.24528301886792,0.9559231184469835
2023-06-26 00:00:00+00:00,0.0475454048723011,0.008522767716261193,81.25,0.9523164761886566
2023-06-27 00:00:00+00:00,0.044441539968170775,0.006705899505568378,73.98373983739839,0.8197487965826399
2023-06-28 00:00:00+00:00,0.048982222075176586,0.010281337293359507,76.2962962962963,0.8776059206040585
2023-06-29 00:00:00+00:00,0.031759673258156484,0.003992184372370907,67.76315789473685,0.6924953820003465
2023-06-30 00:00:00+00:00,0.036521244244262945,0.007062027406060562,69.93865030674847,0.7739550571164489
2023-07-01 00:00:00+00:00,0.04573373931926727,0.010043184591516395,69.75308641975309,0.7901832698317363
2023-07-02 00:00:00+00:00,0.04079568544322548,0.015347469914533615,66.66666666666666,0.7195961295878115
2023-07-03 00:00:00+00:00,0.03352874839766007,0.01106469509429927,70.5521472392638,0.7352427843316759
2023-07-04 00:00:00+00:00,0.023519372307018033,0.020282881758353903,73.91304347826086,0.8771257870323885
2023-07-05 00:00:00+00:00,0.008672446657850543,0.017544099791704217,67.75956284153006,0.7655565116250443
2023-07-06 00:00:00+00:00,-0.0005065871730318602,0.013987229978065504,58.12499999999999,0.6807310274637457
2023-07-07 00:00:00+00:00,-8.0953762212251e-18,0.019814000975561116,49.673202614379086,0.5731880970011002
2023-07-08 00:00:00+00:00,-0.0020965466363462534,0.020976396108902236,47.26027397260274,0.5817389103052448
2023-07-09 00:00:00+00:00,0.0027324852352492318,0.02048329270778449,50.36496350364963,0.5342809690624402
2023-07-10 00:00:00+00:00,-0.003680934859428117,0.02048329270778449,47.692307692307686,0.4957921608372849
2023-07-11 00:00:00+00:00,0.005121064934471965,0.020767039320642996,50.40650406504064,0.33363441319302717
2023-07-12 00:00:00+00:00,-0.0027324852352492417,0.019647139375615033,44.642857142857146,0.2700207490715876
2023-07-13 00:00:00+00:00,-0.005343710680794905,0.017021879165828518,54.83870967741936,0.30691339069235296
2023-07-14 00:00:00+00:00,0.008186536631951093,0.020634360404406478,58.0,0.8484931029244682
2023-07-15 00:00:00+00:00,0.0010352099998797621,0.021346032387658778,50.48543689320388,0.5937269813874088
2023-07-16 00:00:00+00:00,-0.009134977084768544,0.020999597547063757,54.54545454545455,0.6429571863797243
2023-07-17 00:00:00+00:00,-0.007074953648873859,0.014991007637117722,49.0,0.46959031400284307
2023-07-18 00:00:00+00:00,-0.0041675350478884345,0.004715473926628179,32.91139240506328,0.42257857696486456
2023-07-19 00:00:00+00:00,-0.0016393971332254026,-0.001005587696320084,35.616438356164366,0.2532753152939257
2023-07-20 00:00:00+00:00,-0.002150656996322707,-0.002904136634928658,41.7910447761194,0.31750187861290996
2023-07-21 00:00:00+00:00,-0.002732485235249224,-0.0010122041660528202,46.66666666666666,0.2515475222903329
2023-07-22 00:00:00+00:00,-0.0016287163394141633,-0.0022124555437764,45.76271186440678,0.3156041302513912
2023-07-23 00:00:00+00:00,-0.0011111275724554144,-0.0002572687750306349,44.99999999999999,0.25235905701797406
2023-07-24 00:00:00+00:00,0.0005537118932223915,-0.002704480708363828,46.774193548387096,0.30750335065541584
2023-07-25 00:00:00+00:00,-0.00933375486470789,-0.001944318429339656,39.189189189189186,-0.15756560867912447
2023-07-26 00:00:00+00:00,-0.022844092170589764,-0.006765025633217846,37.17948717948718,-0.14273689538278436
2023-07-27 00:00:00+00:00,-0.01643726725088585,-0.0073482783370272765,38.75,0.026761436596334107
2023-07-28 00:00:00+00:00,-0.016835552322773912,-0.005599435268012889,19.672131147540995,0.10765312562569612
2023-07-29 00:00:00+00:00,-0.013729602756337939,-0.006820539049342899,23.076923076923094,0.15119951206484766
2023-07-30 00:00:00+00:00,-0.012048435734258976,-0.011700437477038132,21.568627450980387,0.2060681063854491
2023-07-31 00:00:00+00:00,-0.013122286037771025,-0.01106469509429927,21.568627450980387,0.12472745880660549
2023-08-01 00:00:00+00:00,-0.018187797168334827,-0.01106469509429926,20.0,0.06966679414565158
2023-08-02 00:00:00+00:00,-0.011925070303389454,-0.006516082767617179,31.578947368421055,0.22824735054177606
2023-08-03 00:00:00+00:00,-0.018321623009418343,-0.009700952331348135,25.396825396825406,0.11314816476422528
2023-08-04 00:00:00+00:00,-0.018037880263617776,-0.009843591312969255,25.806451612903217,0.11742076746129979
2023-08-05 00:00:00+00:00,-0.022695642370972866,-0.01148049955984602,21.538461538461533,0.06799617775286819
2023-08-06 00:00:00+00:00,-0.013361887506264958,-0.010474911863525931,22.58064516129032,0.11048820746278845
2023-08-07 00:00:00+00:00,-0.010216860174361046,-0.010219352528192525,20.0,0.1458935585266359
2023-08-08 00:00:00+00:00,-0.015068243909118312,-0.011836524442407313,24.999999999999986,0.11638747398037078
2023-08-09 00:00:00+00:00,-0.010596264623770566,-0.014268420462961348,37.99999999999998,0.26681040989794985
2023-08-10 00:00:00+00:00,-0.007137953714874498,-0.010592768456152556,40.384615384615394,0.3823246439899038
2023-08-11 00:00:00+00:00,-0.007757535255500996,-0.011064695094299266,39.2156862745098,0.40200848854185667
2023-08-12 00:00:00+00:00,-0.0026248889216142356,-0.009010819066333288,41.509433962264154,0.47254556884518906
2023-08-13 00:00:00+00:00,0.007137953714874495,-0.005846777203793291,49.18032786885247,0.7811721388480373
2023-08-14 00:00:00+00:00,0.0037600362733724592,-0.004024036579956628,56.140350877192986,0.8404828781086048
2023-08-15 00:00:00+00:00,0.011468448156337324,-0.003415211491658889,65.45454545454544,0.9189650741935479
2023-08-16 00:00:00+00:00,0.004065847014119349,-0.006705899505568375,46.774193548387096,0.5180043974003777
2023-08-17 00:00:00+00:00,0.0007215052285928896,-0.010395781913073535,45.31249999999999,0.244763460757835
2023-08-18 00:00:00+00:00,-0.005233408436585849,-0.012377503031586131,41.42857142857144,0.0672750443400597
2023-08-19 00:00:00+00:00,-0.005233408436585849,-0.012890331141950175,44.61538461538461,0.1129507504196085
2023-08-20 00:00:00+00:00,0.002222353923513463,-0.006502935770920534,49.29577464788733,0.3015359097193145
2023-08-21 00:00:00+00:00,-0.0043488127642141725,-0.005732137660018765,47.94520547945206,0.26655646462464144
2023-08-22 00:00:00+00:00,-0.010069706095272824,-0.007653894076638852,48.61111111111111,0.21527877411300714
2023-08-23 00:00:00+00:00,-0.01161296007587595,-0.008654267903423283,41.791044776119406,0.19424692482440387
2023-08-24 00:00:00+00:00,-0.01065278095915708,-0.0075907474676344296,39.99999999999999,0.28948254782646093
2023-08-25 00:00:00+00:00,-0.029545418140075635,-0.013922307544939443,32.09876543209876,-0.018309678342096375
2023-08-26 00:00:00+00:00,-0.03627650593815379,-0.01471059961090252,28.235294117647058,-0.03729058590344311
2023-08-27 00:00:00+00:00,-0.03964452532956005,-0.01331831679683976,19.480519480519476,0.02602358620755368
2023-08-28 00:00:00+00:00,-0.028039353051767763,-0.014143260774050672,20.512820512820525,0.12183638499325924
2023-08-29 00:00:00+00:00,-0.02591157788467069,-0.013898838009343847,15.189873417721529,0.09874894407477695
2023-08-30 00:00:00+00:00,-0.015193463066162899,-0.01106469509429926,24.285714285714292,0.20651016360416916
2023-08-31 00:00:00+00:00,-0.01801859237246967,-0.010731692681102543,26.984126984127002,0.19710228770487404
2023-09-01 00:00:00+00:00,-0.028479107810171395,-0.013480114372723504,27.868852459016395,0.15379319011371456
2023-09-02 00:00:00+00:00,-0.0301491703837919,-0.01493166544898685,26.562500000000014,0.1468918617877182
2023-09-03 00:00:00+00:00,-0.02682500248017684,-0.013080090340204324,20.338983050847432,0.1835182156098425
2023-09-04 00:00:00+00:00,-0.024233516649002033,-0.014948384222760881,22.41379310344827,0.2040676597608921
2023-09-05 00:00:00+00:00,-0.026537810926544544,-0.016544527719174452,23.636363636363626,0.22144036514375728
2023-09-06 00:00:00+00:00,-0.013439012299676846,-0.016544527719174452,24.52830188679245,0.24452127855610467
2023-09-07 00:00:00+00:00,-0.00794251498369373,-0.017164888562631517,19.99999999999997,0.2685995969558508
2023-09-08 00:00:00+00:00,-0.005954913665178742,-0.019361178664556642,31.428571428571402,0.30877300757917914
2023-09-09 00:00:00+00:00,-0.009815252971365278,-0.020408778887006554,36.66666666666664,0.30602123770675943
2023-09-10 00:00:00+00:00,-0.006100283668607916,-0.022007483467010883,36.66666666666664,0.2994605871617629
2023-09-11 00:00:00+00:00,-0.019760816107412472,-0.022061616535006254,22.857142857142847,0.12387886585996553
2023-09-12 00:00:00+00:00,-0.021767958271968146,-0.021111445065976866,23.52941176470587,0.042484091783895186
2023-09-13 00:00:00+00:00,-0.017066201053834443,-0.018941403272992083,9.999999999999986,-0.019338523369308754
2023-09-14 00:00:00+00:00,-0.012668017274885486,-0.01836302337435591,14.285714285714278,0.06092555820457816
2023-09-15 00:00:00+00:00,-0.012495012274242925,-0.019872720893014964,21.739130434782567,0.13872164400721182
2023-09-16 00:00:00+00:00,-0.01232667750638522,-0.01863047564222444,28.571428571428527,0.2040317558803281
2023-09-17 00:00:00+00:00,-0.013543244124814615,-0.018147699117424507,23.809523809523796,0.19693271330663592
2023-09-18 00:00:00+00:00,-0.019907659023529114,-0.020372850310398986,15.999999999999986,0.0827611787507641
2023-09-19 00:00:00+00:00,-0.019907659023529114,-0.021436370746187837,15.999999999999986,0.11283550165012776
2023-09-20 00:00:00+00:00,-0.019630505942730612,-0.01478506534270509,19.230769230769212,0.17321382331888735
2023-09-21 00:00:00+00:00,-0.019907659023529107,-0.012853926464872082,18.518518518518505,0.17430040498501376
2023-09-22 00:00:00+00:00,-0.021547832357809216,-0.01365516363389511,14.285714285714278,0.14839446273589926
2023-09-23 00:00:00+00:00,-3.23815048849004e-17,-0.009120376664959611,37.83783783783784,0.49826739466998765
2023-09-24 00:00:00+00:00,-3.122502256758253e-17,-0.009152255273051947,35.0,0.3776346592604378
2023-09-25 00:00:00+00:00,0.0012531564470450154,-0.011350655805357665,43.750000000000014,0.3958402549365015
2023-09-26 00:00:00+00:00,0.004832271470862417,-0.007816470831279567,56.25,0.5690302064127654
2023-09-27 00:00:00+00:00,0.0012165666184293681,-0.006167025002891533,54.54545454545454,0.5111242743111423
2023-09-28 00:00:00+00:00,0.00469607804592763,-0.002548053290046197,58.33333333333333,0.735100487587312
2023-09-29 00:00:00+00:00,0.005912644664357027,-0.0030380158199473394,57.14285714285715,0.7920768872162813
2023-09-30 00:00:00+00:00,0.01885942717295738,-0.0004837993156484903,62.50000000000001,1.1425691518758176
2023-10-01 00:00:00+00:00,0.01990765902352906,-2.1884203850784335e-17,65.0,1.0751136885660122
2023-10-02 00:00:00+00:00,0.01963050594273056,0.0004777892307137131,75.0,1.0167155759120874
2023-10-03 00:00:00+00:00,0.01341086390105308,-0.0029985208257581695,62.7906976744186,0.6924451880550366
2023-10-04 00:00:00+00:00,0.013816021236895326,-0.00453011675601477,59.09090909090909,0.5952728236624443
2023-10-05 00:00:00+00:00,0.0011655201645616464,-0.0040523275253010315,60.46511627906977,0.5865569960469268
2023-10-06 00:00:00+00:00,0.0036502185548660583,-0.004652023477602421,60.46511627906977,0.49783428097636656
2023-10-07 00:00:00+00:00,0.005997791635424095,0.0005379323836438286,51.42857142857143,0.5758721223333553
2023-10-08 00:00:00+00:00,-1.0408340855860843e-17,0.0022302791403980334,56.25,0.5158842372542359
2023-10-09 00:00:00+00:00,0.002381114370337999,0.002808659039034209,56.25,0.49759893298147284
2023-10-10 00:00:00+00:00,-0.007147235146452089,-1.3610907273048794e-17,43.750000000000014,0.2913572538734838
2023-10-11 00:00:00+00:00,-0.010964696482393274,-0.0023317162237090397,42.42424242424243,0.13391799284385036
2023-10-12 00:00:00+00:00,-0.01754706409227913,-0.002893208509137988,34.48275862068965,0.10310220644717707
2023-10-13 00:00:00+00:00,-0.02124102080239917,-0.003552820005039047,32.25806451612904,0.06249452017866588
2023-10-14 00:00:00+00:00,-0.01963050594273057,0.0006057060372361161,22.222222222222243,0.17788139909950892
2023-10-15 00:00:00+00:00,-0.012098500820374827,0.0006057060372361161,19.230769230769255,0.19392259122515126
2023-10-16 00:00:00+00:00,-0.007250948082469145,0.0011835253333366768,22.222222222222243,0.30104439356145996
2023-10-17 00:00:00+00:00,-0.004763201153329052,0.0029374222609451495,36.36363636363635,0.3940810080161054
2023-10-18 00:00:00+00:00,-0.00878004297148552,0.0012408023930085138,32.0,0.20178498000842013
2023-10-19 00:00:00+00:00,-0.011127616052043557,-0.00459789040960703,32.0,0.2303526494750615
2023-10-20 00:00:00+00:00,-0.009962095887481896,-0.0023676112692089806,34.78260869565217,0.25162907452707334
2023-10-21 00:00:00+00:00,-0.006085427917907486,-0.0005783798986361763,37.5,0.4058554489684582
2023-10-22 00:00:00+00:00,0.0036502185548660704,-0.0005455628843060194,48.148148148148145,0.6745293762286824
2023-10-23 00:00:00+00:00,0.013217085848053207,0.0032069849591942704,56.250000000000014,0.9824693250765757
2023-10-24 00:00:00+00:00,0.038019786123465626,0.0124869644497257,81.48148148148148,1.4489791179451819
2023-10-25 00:00:00+00:00,0.03288784933366238,0.00889727445771727,73.33333333333333,1.0586579539136391
2023-10-26 00:00:00+00:00,0.053075621853089096,0.016397795889604598,82.02247191011236,1.302288256030091
2023-10-27 00:00:00+00:00,0.05710866692490993,0.017775401991719595,84.94623655913978,1.1664439637814872
2023-10-28 00:00:00+00:00,0.046994620756661575,0.01381311678592022,75.49019607843138,0.9500904430425601
2023-10-29 00:00:00+00:00,0.043057561934865735,0.01662051366116637,74.03846153846155,0.8765768992269742
2023-10-30 00:00:00+00:00,0.04942197683358023,0.01767432036070924,73.52941176470588,0.8357166492166793
2023-10-31 00:00:00+00:00,0.051586600700518605,0.018673377530065413,73.7864077669903,0.8278842616756681
2023-11-01 00:00:00+00:00,0.0501497834976431,0.019093726396688115,76.0,0.7774981342173761
2023-11-02 00:00:00+00:00,0.04912239592375864,0.019325283619056687,76.92307692307693,0.7861867487379581
2023-11-03 00:00:00+00:00,0.036904386681648714,0.01648723096876262,70.17543859649123,0.6685315804549943
2023-11-04 00:00:00+00:00,0.03038692613232576,0.01613274423395785,68.75,0.6403493094961114
2023-11-05 00:00:00+00:00,0.008614862871152913,0.019761778919389548,68.75,0.6622055202443187
2023-11-06 00:00:00+00:00,0.016392524520504517,0.021523684151362403,67.28971962616822,0.6436399938735757
2023-11-07 00:00:00+00:00,-0.0006915669012246007,0.024177256131629764,60.674157303370784,0.7107671926012206
2023-11-08 00:00:00+00:00,-0.0068344293050695845,0.024424598067410166,65.06024096385542,0.658096064111721
2023-11-09 00:00:00+00:00,0.0021277751670970633,0.02385540037507143,48.21428571428571,0.6676170539928269
2023-11-10 00:00:00+00:00,0.012845889985604847,0.02813330941777237,54.68750000000001,0.859577004057946
2023-11-11 00:00:00+00:00,0.01408969417032783,0.027523847554307836,67.2727272727273,0.8978876056739321
2023-11-12 00:00:00+00:00,0.0068344293050695976,0.02402613004932632,60.65573770491802,0.7646658960638324
2023-11-13 00:00:00+00:00,0.004924076364167219,0.02541870455160476,56.060606060606055,0.621078811380245
2023-11-14 00:00:00+00:00,-0.0021277751670970564,0.023479056335185836,49.27536231884057,0.4087968869498742
2023-11-15 00:00:00+00:00,0.004465353844508875,0.02314605392198912,50.0,0.38504896145658807
2023-11-16 00:00:00+00:00,0.012845889985604875,0.024870275574040476,54.66666666666667,0.7663838693571053
2023-11-17 00:00:00+00:00,0.0014749647582834417,0.0187578156286591,53.24675324675326,0.35564233137705487
2023-11-18 00:00:00+00:00,0.0022027714223463095,0.01644015441642075,54.54545454545455,0.38787839605293734
2023-11-19 00:00:00+00:00,-0.0035466345348996423,0.004992754289307327,52.05479452054794,0.3857202483196909
2023-11-20 00:00:00+00:00,0.0014124631928144513,0.009897496771634194,54.54545454545455,0.5207928409076236
2023-11-21 00:00:00+00:00,-0.0043113061999323875,-0.0026308741109384855,45.33333333333333,0.3179249146302952
2023-11-22 00:00:00+00:00,-0.020496519090031747,-0.007684468742969945,41.9753086419753,0.07356232352925485
2023-11-23 00:00:00+00:00,-0.016312048093841274,-0.0016946149920780973,45.34883720930232,0.2880102783675788
2023-11-24 00:00:00+00:00,-0.01427985433305709,-0.002437292843561138,32.89473684210526,0.164981896192347
2023-11-25 00:00:00+00:00,-0.00787423695174354,-0.0010257018108523696,34.61538461538461,0.29403394730384425
2023-11-26 00:00:00+00:00,0.0014245361132750108,0.00032733421799648136,44.15584415584416,0.50478172304434
2023-11-27 00:00:00+00:00,-0.0022027714223462834,-0.0010166637333905945,43.5897435897436,0.3281939533363368
2023-11-28 00:00:00+00:00,-0.012845889985604856,-0.003730471768742678,44.736842105263165,0.22587140905224115
2023-11-29 00:00:00+00:00,-0.003737547180446004,-3.06912614980512e-18,46.05263157894736,0.27631470240636474
2023-11-30 00:00:00+00:00,-0.007580981517143898,-0.0010834952679498638,34.78260869565216,0.17625964555466753
2023-12-01 00:00:00+00:00,-0.004465353844508864,-0.0010442688102288782,45.90163934426228,0.3106615289916589
2023-12-02 00:00:00+00:00,-0.005799440983266263,-0.00034494884549078034,46.774193548387096,0.40981373916257285
2023-12-03 00:00:00+00:00,0.0028988430071179828,-0.0009737618455496008,51.470588235294116,0.7035380856095058
2023-12-04 00:00:00+00:00,0.011925070303389457,0.0009737618455496135,50.74626865671642,0.824952173295994
2023-12-05 00:00:00+00:00,0.018745310984863157,0.005975016923813946,66.25,1.2802446262341625
2023-12-06 00:00:00+00:00,0.03456395839753985,0.007586431038870399,80.85106382978724,1.3750196543368465
2023-12-07 00:00:00+00:00,0.023973506037648435,0.003536057512526371,68.31683168316832,1.0070475500171587
2023-12-08 00:00:00+00:00,0.021099658031717653,0.006911285937987893,72.2772277227723,0.9837915644679517
2023-12-09 00:00:00+00:00,0.028145577837767805,0.009700952331348137,72.54901960784315,0.9728107221382318
2023-12-10 00:00:00+00:00,0.02902555785568466,0.010647989626387345,67.67676767676768,0.8717835988723678
2023-12-11 00:00:00+00:00,0.03198549441705696,0.012701603341176038,74.0,0.9011165910431022
2023-12-12 00:00:00+00:00,0.02456662835172044,0.004326076285641938,64.34782608695653,0.6604464283852618
2023-12-13 00:00:00+00:00,0.020260504241795697,0.007625980182161393,62.931034482758626,0.6213378568101161
2023-12-14 00:00:00+00:00,0.019935807422152854,0.007839529308266088,65.78947368421053,0.6280208677865132
2023-12-15 00:00:00+00:00,0.019586528247196578,0.009703082515417885,66.66666666666669,0.6932725489878511
2023-12-16 00:00:00+00:00,0.007942514983693744,0.003987631902878518,58.015267175572525,0.4854990483970282
2023-12-17 00:00:00+00:00,0.0011904964372897048,0.00851431044868568,58.95522388059702,0.5831162190810708
2023-12-18 00:00:00+00:00,-0.016437267250885863,0.009459931887706963,54.67625899280576,0.46088578465363733
2023-12-19 00:00:00+00:00,-0.010167912546913637,0.0063718123803391275,46.721311475409834,0.41322354472771966
2023-12-20 00:00:00+00:00,-0.01629723196199793,0.0059801885707844275,32.38095238095238,0.2938259047468789
2023-12-21 00:00:00+00:00,-0.017671559907476413,0.005179110967163734,38.709677419354826,0.29454989001375553
2023-12-22 00:00:00+00:00,-0.013575289244737753,0.0037249933073045293,38.04347826086956,0.31224465128966883
2023-12-23 00:00:00+00:00,-0.0010482318505716862,0.013234467758918159,50.43478260869564,0.8233378092080818
2023-12-24 00:00:00+00:00,0.003472724700047315,0.011857744602096786,47.540983606557376,0.5832329442725777
2023-12-25 00:00:00+00:00,-0.0006016873311239362,0.009073300112617734,41.12903225806451,0.38740990964656097
2023-12-26 00:00:00+00:00,1.1564823173178713e-18,0.011338443854640196,50.0,0.47391546485431496
2023-12-27 00:00:00+00:00,-0.008281039484433634,0.007941996835452606,47.78761061946902,0.3253882508513928
2023-12-28 00:00:00+00:00,0.007250948082469154,0.010010888394756402,51.2396694214876,0.5726662602277992
2023-12-29 00:00:00+00:00,-0.004243340868938062,0.0052179178905059674,44.354838709677416,0.34934642262136617
2023-12-30 00:00:00+00:00,0.0006242226440964881,0.0042441560449563605,50.92592592592594,0.36789676792525566
2023-12-31 00:00:00+00:00,1.5323390704461797e-17,-0.0022798696126746297,45.09803921568626,0.29785064778194914
2024-01-01 00:00:00+00:00,0.0026248889216142503,-0.008760920418104308,47.916666666666664,0.2590613750211344
2024-01-02 00:00:00+00:00,0.008714400326631446,-0.0018635532071517992,54.71698113207548,0.6236989917156794
2024-01-03 00:00:00+00:00,0.0025254457912774315,-0.004847720034437112,54.205607476635514,0.42026979687826993
2024-01-04 00:00:00+00:00,-0.02432586738010849,-0.010983122341640129,46.28099173553719,0.007882701213308505
2024-01-05 00:00:00+00:00,-0.012845889985604838,-0.007467539016959905,48.41269841269841,0.25282623295852064
2024-01-06 00:00:00+00:00,-0.011646828531263214,-0.011064695094299273,31.73076923076924,0.13265386647170774
2024-01-07 00:00:00+00:00,-0.016264141605983634,-0.00750652689506938,34.02061855670104,0.08441976347873559
2024-01-08 00:00:00+00:00,-0.015692466553214764,-0.00865168199301376,35.48387096774195,0.03700813633107346
2024-01-09 00:00:00+00:00,-0.015890817205372578,-0.006524476817947646,38.775510204081634,0.22738845772760535
2024-01-10 00:00:00+00:00,-0.009195671430738765,-0.008066174268541114,42.39130434782608,0.2617511334240992
2024-01-11 00:00:00+00:00,-0.0006242226440964458,0.0002902771398224262,44.21052631578948,0.5338775666154248
2024-01-12 00:00:00+00:00,0.0037319668855811407,-0.0011068832519247362,51.685393258426956,0.6640816107506959
2024-01-13 00:00:00+00:00,-0.003294236563052909,-0.0026949062544891,45.09803921568626,0.3620451830071455
2024-01-14 00:00:00+00:00,-0.0107065270644276,-0.0021121445229274755,46.46464646464647,0.37842744432318404
2024-01-15 00:00:00+00:00,-0.009893025569948482,-0.0018919324688758282,45.09803921568628,0.26649971268773615
2024-01-16 00:00:00+00:00,0.0014005931930317946,-0.002180590141405573,38.46153846153846,0.3138404980635473
2024-01-17 00:00:00+00:00,-0.0013333617788700639,-0.001817418648097894,44.31818181818181,0.44709641844406783
2024-01-18 00:00:00+00:00,0.0006915669012246278,-0.010261711055008668,52.000000000000014,0.37102585518340736
2024-01-19 00:00:00+00:00,-0.0014493118926557226,-0.00977823609170155,41.891891891891895,0.18291788223273872
2024-01-20 00:00:00+00:00,0.0014881347833338935,-0.007687148709417838,44.92753623188406,0.18722479232751568
2024-01-21 00:00:00+00:00,-0.002127775167097046,-0.00750652689506936,50.0,0.30037390988687757
2024-01-22 00:00:00+00:00,-0.005749405957245923,-0.006897728025223708,50.74626865671643,0.1857622937048013
2024-01-23 00:00:00+00:00,-0.01969906483868585,-0.012148190362249114,39.39393939393938,0.004935767689595627
2024-01-24 00:00:00+00:00,-0.022965835557229322,-0.009748034646520704,37.87878787878788,0.04326541141261361
2024-01-25 00:00:00+00:00,-0.014657555538638655,-0.009748034646520704,22.641509433962256,0.09968523226677654
2024-01-26 00:00:00+00:00,-0.015462714781283382,-0.009248782114289044,15.999999999999986,0.12125231572602112
2024-01-27 00:00:00+00:00,-0.00808268883227577,-0.006833891432209684,30.95238095238095,0.2731536380921122
2024-01-28 00:00:00+00:00,-0.007250948082469101,-0.009549212484067364,34.09090909090909,0.3281563548585088
2024-01-29 00:00:00+00:00,-0.012287727595260868,-0.008654267903423263,35.714285714285694,0.2698506302370195
2024-01-30 00:00:00+00:00,-0.0110292876237228,-0.004124828090522962,33.33333333333333,0.2667360225991177
2024-01-31 00:00:00+00:00,-0.010089827629436311,-0.00850620731193146,23.255813953488357,0.16508905969748414
2024-02-01 00:00:00+00:00,-0.018044026016290852,-0.010639701394815208,19.999999999999986,-0.06403550586715193
2024-02-02 00:00:00+00:00,-0.019316801171443677,-0.008915446694512457,24.999999999999986,0.031946327466437906
2024-02-03 00:00:00+00:00,-0.015491614845153205,-0.006805027236887606,27.272727272727266,0.10245019316177992
2024-02-04 00:00:00+00:00,-0.011014314425706903,-0.009897496771634182,21.42857142857143,0.12311345372426755
2024-02-05 00:00:00+00:00,-0.012979544117436063,-0.011494437424996378,21.951219512195124,0.0964752090479596
2024-02-06 00:00:00+00:00,-0.01204843573425896,-0.015020748380441862,28.571428571428584,0.14692464254906393
2024-02-07 00:00:00+00:00,-0.011243276491614232,-0.01616043290376383,29.411764705882348,0.17101998829524215
2024-02-08 00:00:00+00:00,-0.00895168738506973,-0.009445022580832832,41.463414634146346,0.38109553011009056
2024-02-09 00:00:00+00:00,-0.011344347860381668,-0.009843591312969243,41.46341463414633,0.3709391232501152
2024-02-10 00:00:00+00:00,-0.003988001764802913,-0.005928872301048384,42.857142857142854,0.5801482473152609
2024-02-11 00:00:00+00:00,-0.004026548105900627,-0.006629662536184079,39.024390243902445,0.5705601910358538
2024-02-12 00:00:00+00:00,-0.0008291942377640035,-0.00827351460065174,41.02564102564104,0.5443036106582209
2024-02-13 00:00:00+00:00,0.014272643383947488,-0.004371512248943119,52.17391304347826,0.8219477027031812
2024-02-14 00:00:00+00:00,0.01336188750626497,-0.0020795085103952134,58.53658536585364,0.8058289166863148
2024-02-15 00:00:00+00:00,0.024642853679087116,0.0038817660996138823,85.41666666666664,1.1707703406953183
2024-02-16 00:00:00+00:00,0.024874415712999722,0.0025650528653335556,83.33333333333329,1.0445820542147282
2024-02-17 00:00:00+00:00,0.02279479708880137,0.0016798101347177572,72.2222222222222,0.8555849868371792
2024-02-18 00:00:00+00:00,0.023276151898438697,0.004813967036692546,74.54545454545453,0.8664278311722539
2024-02-19 00:00:00+00:00,0.025350947866915958,0.006139620984303225,79.99999999999997,0.8868103225229095
2024-02-20 00:00:00+00:00,0.019789448072419554,0.006453594470424804,79.99999999999999,0.8619788146605138
2024-02-21 00:00:00+00:00,0.017897941803641095,0.005553634803149748,74.57627118644066,0.7586012438108888
2024-02-22 00:00:00+00:00,0.009996609589914916,0.002415419278424241,66.07142857142856,0.6638190551421006
2024-02-23 00:00:00+00:00,0.01505583572962347,0.0036657761463201846,70.49180327868852,0.7529174828342905
2024-02-24 00:00:00+00:00,0.01519346306616289,0.004410111858466918,66.07142857142856,0.7114703623762472
2024-02-25 00:00:00+00:00,0.016088841339744326,0.008144547272657093,72.72727272727269,0.8892529627439126
2024-02-26 00:00:00+00:00,0.019820808225325445,0.011725400345648675,76.056338028169,0.9552150202174631
2024-02-27 00:00:00+00:00,0.030848607830293733,0.026447597105729845,84.11214953271026,1.3383558049673776
2024-02-28 00:00:00+00:00,0.06328735503176547,0.040690048036045465,91.09947643979056,1.429342882769705
2024-02-29 00:00:00+00:00,0.08332312066520174,0.04728661113949696,92.51101321585902,1.305118548223056
2024-03-01 00:00:00+00:00,0.06919569183945255,0.041833969928304605,77.49077490774908,1.003878807021208
2024-03-02 00:00:00+00:00,0.0987450310130506,0.057704809506066296,86.15384615384615,1.2121355179300375
2024-03-03 00:00:00+00:00,0.10583621291700239,0.06086189384793005,87.35362997658079,1.1339936347420936
2024-03-04 00:00:00+00:00,0.133839242157183,0.07251479725644078,90.67357512953367,1.2144870065378242
2024-03-05 00:00:00+00:00,0.1507501063052134,0.07612393944317031,92.13973799126637,1.1735614067155655
2024-03-06 00:00:00+00:00,0.13775823737917633,0.07248235394919311,84.06374501992032,0.9831871026752182
2024-03-07 00:00:00+00:00,0.14942894954190858,0.07521793553848762,86.15751789976133,1.0001843103123123
2024-03-08 00:00:00+00:00,0.1376081280308032,0.07351439779728963,82.29885057471265,0.8994959504445532
2024-03-09 00:00:00+00:00,0.15732950148931674,0.08472172145045519,85.97616865261229,1.0293946957211184
2024-03-10 00:00:00+00:00,0.13159579686410758,0.08059674486580373,83.739837398374,0.9357353045904764
2024-03-11 00:00:00+00:00,0.09771171251295997,0.07962073650067393,82.01246660730187,0.8689389296866085
2024-03-12 00:00:00+00:00,0.08715696340997908,0.0761392771691394,82.09219858156028,0.866084470231931
2024-03-13 00:00:00+00:00,0.09246177993335832,0.07302813803000857,75.11150758251561,0.7733097298882053
2024-03-14 00:00:00+00:00,0.06797109193106333,0.07855540712557182,75.569176882662,0.8045842873663708
2024-03-15 00:00:00+00:00,0.06837698556517885,0.08167766323257936,80.33613445378151,0.8478408951987612
2024-03-16 00:00:00+00:00,0.03402264446519031,0.07651711876333665,71.12253641816623,0.7383104046028321
2024-03-17 00:00:00+00:00,0.004730220057662329,0.06917352651328236,61.942051683633515,0.5854634291531996
2024-03-18 00:00:00+00:00,0.017959968850295854,0.07251098181687993,58.211521926053315,0.6062018739876543
2024-03-19 00:00:00+00:00,-0.004878861592899737,0.06835233345411161,49.050086355785844,0.46855676084148934
2024-03-20 00:00:00+00:00,-0.002854585379193251,0.06524804959322038,51.263537906137195,0.4161168957404763
2024-03-21 00:00:00+00:00,-0.006509239434204253,0.0747050895272088,54.84949832775921,0.6351611368688183
2024-03-22 00:00:00+00:00,-0.008801137347837473,0.06910906239461213,54.43983402489627,0.534981484408235
2024-03-23 00:00:00+00:00,-0.011910094414530148,0.06497570451304827,42.09505334626576,0.39871414218360923
2024-03-24 00:00:00+00:00,-0.01756577015110623,0.05379417963926251,42.84304047384007,0.3500463407489956
2024-03-25 00:00:00+00:00,-0.004656704866204744,0.041669341154022314,46.493756003842456,0.46329940078381315
2024-03-26 00:00:00+00:00,-0.008965022699678287,0.03596087941870412,45.338567222767416,0.5100935224410691
2024-03-27 00:00:00+00:00,-0.017761955664968892,0.04154336438438484,48.73417721518987,0.4815670721990167
2024-03-28 00:00:00+00:00,-0.013017341774629375,0.024934485169022805,42.40437158469945,0.3463123651020036
2024-03-29 00:00:00+00:00,0.0063677135957296025,0.023264988365002605,38.79210220673635,0.47732568472712533
2024-03-30 00:00:00+00:00,-0.0010697622300567145,0.010245287484307745,42.49363867684479,0.40545982287781235
2024-03-31 00:00:00+00:00,0.014783961832627132,0.0055987283129179475,55.111111111111114,0.5318748483873241
2024-04-01 00:00:00+00:00,0.023973506037648418,0.012732019743284407,56.83760683760684,0.7565115878898162
2024-04-02 00:00:00+00:00,-0.004395050770194958,0.0037093970754687056,58.33333333333334,0.4837722108924503
2024-04-03 00:00:00+00:00,-0.007040244219689267,0.0023482752020771414,54.50819672131147,0.2850224075602549
2024-04-04 00:00:00+00:00,-0.00727137041643567,-0.010993928674222078,36.938435940099836,0.11412492032607967
2024-04-05 00:00:00+00:00,-0.004917156509915131,-0.009211798841055665,41.23893805309734,0.1794685512618087
2024-04-06 00:00:00+00:00,-0.01449398038879048,-0.010117901723708661,42.36363636363636,0.08735994418793204
2024-04-07 00:00:00+00:00,-0.014946914562850772,-0.011163987337986587,45.00000000000001,0.197492197202863
2024-04-08 00:00:00+00:00,-0.006239472414600446,-0.004011059776211508,46.80483592400691,0.4511339471432398
2024-04-09 00:00:00+00:00,0.001515193256932552,-0.0057374680651914,47.16981132075472,0.5567209844282371
2024-04-10 00:00:00+00:00,-0.010860854309039325,-0.013306322346175018,42.30769230769231,0.26333738710496285
2024-04-11 00:00:00+00:00,-0.006840871097952605,-0.008614796621758214,45.95469255663431,0.32127711138675447
2024-04-12 00:00:00+00:00,-0.008643318850030527,-0.0005736742598633716,44.14715719063546,0.4076807791715934
2024-04-13 00:00:00+00:00,-0.032893959039543896,-0.010739023898180093,37.23554301833568,-0.07048175354075954
2024-04-14 00:00:00+00:00,-0.037875599431313925,-0.011519866542260922,29.73684210526315,-0.1672933227230211
2024-04-15 00:00:00+00:00,-0.02420339124090506,-0.007505019811020615,26.949384404924757,0.028361197434603875
2024-04-16 00:00:00+00:00,-0.023973506037648404,-0.019054359414273223,29.056047197640112,0.02337563789405098
2024-04-17 00:00:00+00:00,-0.020547557017445806,-0.014633223303951818,35.468749999999986,0.1429990239719139
2024-04-18 00:00:00+00:00,-0.024396733627566374,-0.015880965975879232,35.30326594090201,0.08699895436864152
2024-04-19 00:00:00+00:00,-0.02376860469681268,-0.014026834051389565,36.0,0.16677878205501676
2024-04-20 00:00:00+00:00,-0.031204146252749258,-0.016263725031539746,38.32528180354268,0.2054626510551139
2024-04-21 00:00:00+00:00,-0.024367687235598515,-0.012846390158693047,42.75037369207773,0.3683941061027853
2024-04-22 00:00:00+00:00,-0.013738436897120029,-0.011449313684090929,37.92544570502431,0.4289719390034871
2024-04-23 00:00:00+00:00,-0.002974381873412683,-0.003979584359658204,43.42688330871492,0.6747880852508258
2024-04-24 00:00:00+00:00,0.004000768265530033,-0.0016661105661093278,54.678362573099406,0.8577094405888117
2024-04-25 00:00:00+00:00,0.016633082782332578,-0.0025684800463081146,50.76495132127955,0.7387667729849525
2024-04-26 00:00:00+00:00,0.03617918800891859,-0.001645146768587939,53.05039787798409,0.8404899597404205
2024-04-27 00:00:00+00:00,0.02545654768795011,-0.00682053904934291,60.97560975609756,0.7315671787300271
2024-04-28 00:00:00+00:00,0.02873670719097746,-0.003762778816809031,68.4931506849315,0.6973432988812062
2024-04-29 00:00:00+00:00,0.024089166477219082,-0.0002658029823018105,66.3003663003663,0.7127119020180201
2024-04-30 00:00:00+00:00,0.0337321659111963,0.0030437430984124516,71.40151515151516,0.7419239732214162
2024-05-01 00:00:00+00:00,0.022653346415510246,-0.0013019865473470834,61.30742049469965,0.5857290768459142
2024-05-02 00:00:00+00:00,0.025661938132633576,0.0022697758245021253,68.92138939670933,0.6648181124822935
2024-05-03 00:00:00+00:00,0.021974137142379956,0.004194095243721135,70.98976109215018,0.7761924539451708
2024-05-04 00:00:00+00:00,0.02522041209404111,0.003070633012205176,73.22834645669292,0.8612974757466179
2024-05-05 00:00:00+00:00,0.01927084490393318,0.004215331785111318,72.88676236044658,0.934735582981919
2024-05-06 00:00:00+00:00,0.008747484528667263,0.007383891974370637,70.51282051282053,0.8645567671504646
2024-05-07 00:00:00+00:00,0.011686854148427196,0.005982777759713333,63.11030741410489,0.7911438146417268
2024-05-08 00:00:00+00:00,0.0012755351068896297,0.002932785826913672,52.13178294573645,0.6782662282703967
2024-05-09 00:00:00+00:00,0.0063128518720829445,0.011274912140638705,57.44234800838575,0.6747991520948586
2024-05-10 00:00:00+00:00,0.014125694623464845,0.020237818439242713,57.79625779625779,0.8313382571077431
2024-05-11 00:00:00+00:00,0.0128293768906666,0.01682624384765434,61.504424778761084,0.781049800085475
2024-05-12 00:00:00+00:00,0.01209850082037484,0.019692361648269336,64.71910112359552,0.8103043033899638
2024-05-13 00:00:00+00:00,0.02258982644997883,0.01860757505300275,66.52452025586356,0.8703791929386597
2024-05-14 00:00:00+00:00,0.02912382003052194,0.026971569820542884,72.35915492957749,1.1308811331421025
2024-05-15 00:00:00+00:00,0.027723396907079256,0.02795963444551741,84.19182948490233,1.1389984865312106
2024-05-16 00:00:00+00:00,0.02199052789804665,0.02762202108180329,83.14606741573033,1.0238653389497916
2024-05-17 00:00:00+00:00,0.012391531156595241,0.021181124889200747,73.99617590822182,0.869397258056983
2024-05-18 00:00:00+00:00,0.014736304134899106,0.020526080142994854,71.78423236514524,0.8531496243283183
2024-05-19 00:00:00+00:00,0.011389808192823994,0.012612403944130261,59.053497942386834,0.6968612461983176
2024-05-20 00:00:00+00:00,0.012240926651204543,0.006735935851071142,56.05468750000001,0.5928900158116117
2024-05-21 00:00:00+00:00,0.030109852933978654,0.0174949599029369,71.44846796657382,1.029795001336678
2024-05-22 00:00:00+00:00,0.040451469354847475,0.022209640598902198,82.3913043478261,1.2581505560422963
2024-05-23 00:00:00+00:00,0.038757223809852054,0.022965017442378315,78.27442827442829,1.0586424889157193
2024-05-24 00:00:00+00:00,0.04667660586384423,0.027972314881900155,80.18957345971565,1.1119173587936109
2024-05-25 00:00:00+00:00,0.039959893261745545,0.02593252587663035,75.67084078711986,0.9455166509924813
2024-05-26 00:00:00+00:00,0.03440376795048227,0.027281539992521024,77.12363330529857,0.9593224776260625
2024-05-27 00:00:00+00:00,0.03455027893468208,0.03345052637744288,78.44690966719493,0.9774547073878563
2024-05-28 00:00:00+00:00,0.0384609608636817,0.033529262342287036,77.7596075224857,0.9719647146567651
2024-05-29 00:00:00+00:00,0.03861636351452251,0.028862152445574232,72.1951219512195,0.8664948528724379
2024-05-30 00:00:00+00:00,0.03078843494601352,0.0230959368439052,65.5350553505535,0.7328769499982046
2024-05-31 00:00:00+00:00,0.03416603053388648,0.01948710500410871,66.12062546537602,0.6827200251072436
2024-06-01 00:00:00+00:00,0.04343856417038288,0.02274720337801681,68.24842986741103,0.7512589208989265
2024-06-02 00:00:00+00:00,0.021903006155437537,0.022210106983095522,68.5353889278206,0.6783235465781242
2024-06-03 00:00:00+00:00,0.004448621713322964,0.023674142109563735,69.41092973740241,0.6382530226377288
2024-06-04 00:00:00+00:00,0.006291164480133261,0.022955007876863075,62.61448792672773,0.6031207040564959
2024-06-05 00:00:00+00:00,-0.0031923648149949136,0.0199793643718418,52.484472049689444,0.5756167938457746
2024-06-06 00:00:00+00:00,0.002551811537120649,0.021189034174993755,56.35593220338983,0.5839169331596219
2024-06-07 00:00:00+00:00,-0.0037600362733724545,0.019962215180022277,46.35036496350365,0.5280274539526059
2024-06-08 00:00:00+00:00,-0.018412518701056677,0.01452636707696495,42.38042269187986,0.279070073391033
2024-06-09 00:00:00+00:00,-0.026662729752714623,0.007781623980793243,33.9366515837104,0.04986290746820834
2024-06-10 00:00:00+00:00,-0.0188040207441016,0.007387959683490759,31.294117647058826,0.12141469632171528
2024-06-11 00:00:00+00:00,-0.016666003264624966,0.005254460922672144,22.603550295857985,0.03401891738009296
2024-06-12 00:00:00+00:00,-0.010083520774570125,0.009114004112801612,30.805687203791464,0.1883197498575026
2024-06-13 00:00:00+00:00,-0.012899984978308278,0.009991993018074937,39.9737876802097,0.29606795574905165
2024-06-14 00:00:00+00:00,-0.01846904391971202,0.008429098315771207,35.465116279069775,0.0967955939238675
2024-06-15 00:00:00+00:00,-0.02073142491009859,0.008456133696654596,25.15489467162331,0.07513102608002883
2024-06-16 00:00:00+00:00,-0.016684093457227354,0.0013578018501526098,30.934343434343447,0.17829842025371512
2024-06-17 00:00:00+00:00,-0.012720074581259363,-0.004561348214053658,35.8974358974359,0.2756828783781779
2024-06-18 00:00:00+00:00,-0.022184157900645114,-0.006937757383697244,32.166301969365435,0.10394035915050337
2024-06-19 00:00:00+00:00,-0.022243340083612676,-0.011846990641880918,31.715210355987068,0.11163484937554438
2024-06-20 00:00:00+00:00,-0.009888642085164776,-0.00848064923699366,32.802547770700656,0.21479422994048397
2024-06-21 00:00:00+00:00,-0.008231795379981997,-0.01189632832557488,32.5263157894737,0.17471317565943217
2024-06-22 00:00:00+00:00,-0.009391826876349511,-0.012893012229293054,41.78571428571429,0.27359213530902876
2024-06-23 00:00:00+00:00,-0.004543998922597923,-0.01459398205561076,45.489690721649495,0.29717530733843195
2024-06-24 00:00:00+00:00,-0.013064040197444742,-0.014738489908106346,37.82722513089007,0.21301105540284243
2024-06-25 00:00:00+00:00,-0.012951175322835845,-0.010195519413701695,44.82288828337876,0.31719315051399716
2024-06-26 00:00:00+00:00,0.006340705660404583,-0.004413359318143514,50.488997555012226,0.7352908792559144
2024-06-27 00:00:00+00:00,0.007809500855958588,-0.007988049371541229,45.77114427860696,0.7141307070080997
2024-06-28 00:00:00+00:00,0.0048610630775020956,-0.006507710339663749,54.74777448071217,0.7261842837712306
2024-06-29 00:00:00+00:00,-0.0052384230793441995,-0.009032291964515427,51.10803324099723,0.3967920576059583
2024-06-30 00:00:00+00:00,0.0008896881659451933,-0.009430746451784046,46.31728045325779,0.3258792057290286
2024-07-01 00:00:00+00:00,0.006863187870015085,-0.007205966325722455,47.067039106145245,0.5420155644445671
2024-07-02 00:00:00+00:00,0.00021997373089779546,-0.009556882070634976,51.52905198776757,0.3758320387015852
2024-07-03 00:00:00+00:00,0.0024676545038870806,-0.009022009505301251,52.82131661442006,0.3650162640122881
2024-07-04 00:00:00+00:00,-0.00894264464909064,-0.008522301128385652,42.12765957446809,-0.010317240687007415
2024-07-05 00:00:00+00:00,-0.020776243957480834,-0.011877142457810548,37.03241895261846,-0.22523574731468654
2024-07-06 00:00:00+00:00,-0.017173999409467487,-0.013986172369044446,33.42070773263434,-0.08197155488909703
2024-07-07 00:00:00+00:00,-0.012380134005320927,-0.008217425909407524,40.0943396226415,0.16861356121971707
2024-07-08 00:00:00+00:00,-0.03529620606485644,-0.01604998329827566,36.559139784946225,-0.03433640694156094
2024-07-09 00:00:00+00:00,-0.025767619108696405,-0.013926957431720365,39.112487100103195,0.16492782567919226
2024-07-10 00:00:00+00:00,-0.026837631357897934,-0.010370135311134173,27.32769044740023,0.18004471967802566
2024-07-11 00:00:00+00:00,-0.018847985472977426,-0.008163012224305658,29.629629629629633,0.23162048691735534
2024-07-12 00:00:00+00:00,-0.019802373686298103,-0.010869952711355161,28.452380952380963,0.2075311456028095
2024-07-13 00:00:00+00:00,-0.026223015169202658,-0.013438092750927052,31.20104438642298,0.2007578551096197
2024-07-14 00:00:00+00:00,-0.02237786691980392,-0.009646286233323654,32.47978436657682,0.2311750714616199
2024-07-15 00:00:00+00:00,-0.017206983839419564,-0.006697537392596736,31.650750341064125,0.3313102715319787
2024-07-16 00:00:00+00:00,0.008355787763639575,-0.00010179504432210543,49.664429530201346,0.7075743424109526
2024-07-17 00:00:00+00:00,0.027232895144928954,0.004491176245994508,55.20728008088979,0.8939676067889546
2024-07-18 00:00:00+00:00,0.022719281974185105,0.0008343394081253772,57.413249211356465,0.7924186525296212
2024-07-19 00:00:00+00:00,0.014850527054070665,0.000733893772131825,66.7481662591687,0.788756178551313
2024-07-20 00:00:00+00:00,0.0344475239679398,0.00587843093190182,70.79261672095548,0.9413042610023574
2024-07-21 00:00:00+00:00,0.023746501447987785,0.0030104318471213132,64.05895691609976,0.8492727299767195
2024-07-22 00:00:00+00:00,0.026637870974587783,-0.0010022128584342305,76.41752577319588,0.870349410850235
2024-07-23 00:00:00+00:00,0.02119355609451565,-0.0019857559603562443,67.81002638522426,0.7610452183105832
2024-07-24 00:00:00+00:00,0.028279506916341807,-6.144017035221598e-05,71.19901112484548,0.8260922725544345
2024-07-25 00:00:00+00:00,0.028367868588912663,0.0020725034036530384,68.03874092009684,0.751883197211879
2024-07-26 00:00:00+00:00,0.022961640468837946,0.0005407686757037705,64.67203682393556,0.6221136110977437
2024-07-27 00:00:00+00:00,0.02241924631880668,0.0004821818914609233,68.58407079646017,0.6932716182489562
2024-07-28 00:00:00+00:00,0.004093886493971113,0.0016861646924809643,67.39367502726282,0.6510404060809647
2024-07-29 00:00:00+00:00,-0.0040827314905895005,0.0014679211716207012,64.472190692395,0.6108342055204211
2024-07-30 00:00:00+00:00,0.001136704183130097,0.0054863465614580255,53.62962962962963,0.602874001108842
2024-07-31 00:00:00+00:00,-0.002396679347938583,0.009216769745766708,41.733547351524884,0.4950896565960038
2024-08-01 00:00:00+00:00,-0.011597630458398673,0.008452139678548963,44.827586206896555,0.4179758959946214
2024-08-02 00:00:00+00:00,-0.012641558048330984,0.0028897745965012858,41.00946372239748,0.25022194039481144
2024-08-03 00:00:00+00:00,-0.02446383463422964,0.003997343186470446,23.83900928792572,-0.08986828192930518
2024-08-04 00:00:00+00:00,-0.02680105216892406,-0.002462725065076704,23.05389221556888,-0.2058962636111179
2024-08-05 00:00:00+00:00,-0.03622202190003556,-0.004392697343646506,18.208092485549145,-0.13582512051670126
2024-08-06 00:00:00+00:00,-0.04581898179743832,-0.010375648746098145,17.096336499321595,-0.14041926378356054
2024-08-07 00:00:00+00:00,-0.03259748899344482,-0.005364669158363948,18.096514745308312,0.04790220470959758
2024-08-08 00:00:00+00:00,-0.04124129977118757,-0.006449334078685961,17.85714285714286,0.0608921298251579
2024-08-09 00:00:00+00:00,-0.025363408693216554,0.0003082223355212861,33.6969696969697,0.2717285334917966
2024-08-10 00:00:00+00:00,-0.026786408312411965,-0.0029533516620681,27.777777777777786,0.2636920608341275
2024-08-11 00:00:00+00:00,-0.02829376301870118,-0.011428830722699247,27.918781725888337,0.272860868319518
2024-08-12 00:00:00+00:00,-0.03171486896072486,-0.0179898906106889,26.128266033254164,0.2134892383381167
2024-08-13 00:00:00+00:00,-0.02445250700353177,-0.013319455234243441,29.87598647125141,0.30149408287527124
2024-08-14 00:00:00+00:00,-0.02080692554573516,-0.013567511218793711,31.435349940688027,0.3135766083904668
2024-08-15 00:00:00+00:00,-0.012518683901589727,-0.017679368137927795,31.812725090036025,0.31155600803878003
2024-08-16 00:00:00+00:00,-0.012267852985883435,-0.019084734803786498,31.69856459330144,0.2496310245068243
2024-08-17 00:00:00+00:00,-0.010163200588905337,-0.021377807296027947,35.57046979865771,0.23030529911576883
2024-08-18 00:00:00+00:00,0.005052051818036247,-0.01782557379678095,41.926345609065166,0.29721245275232183
2024-08-19 00:00:00+00:00,-0.005213498429721749,-0.02082297931808559,43.91691394658754,0.273085710836362
2024-08-20 00:00:00+00:00,0.003990123852767857,-0.017700600879983562,55.40983606557377,0.37355233386280506
2024-08-21 00:00:00+00:00,-0.010303663584903,-0.015044994920051458,50.0,0.40333933359518076
2024-08-22 00:00:00+00:00,-0.006190713255138467,-0.01615794838850432,55.49132947976879,0.48793608481156825
2024-08-23 00:00:00+00:00,-0.004373588543594927,-0.015336896124652803,39.686684073107045,0.5549434537819141
2024-08-24 00:00:00+00:00,0.013321950127309572,-0.009956960633197018,55.888650963597435,1.0465954381787173
2024-08-25 00:00:00+00:00,0.011857621223759595,-0.008371339677029827,60.921843687374746,1.0941771569239471
2024-08-26 00:00:00+00:00,0.009064804455965404,-0.008277595616991871,64.818763326226,0.9002900403238907
2024-08-27 00:00:00+00:00,0.005235215493504644,-0.009910362313972422,53.15126050420166,0.6636678789136706
2024-08-28 00:00:00+00:00,0.00231956658278702,-0.012179600358655115,45.259391771019686,0.31670544567686054
2024-08-29 00:00:00+00:00,0.005726157712337668,-0.007443964674535342,46.88644688644688,0.3466944541795764
2024-08-30 00:00:00+00:00,0.001872737987671563,-0.004591516801429122,52.138492871690424,0.3513716894596017
2024-08-31 00:00:00+00:00,0.0055354563318088384,-0.0015502970572343296,56.39412997903564,0.41476967451198954
2024-09-01 00:00:00+00:00,-0.0009797630821702953,0.002994423142447834,51.403887688984874,0.35007186345181157
2024-09-02 00:00:00+00:00,-0.006831672251146858,-0.0031530795005293216,48.57142857142858,0.19697771984561604
2024-09-03 00:00:00+00:00,-0.0033316278739397424,0.0013388232563792885,48.98785425101214,0.38418431427728594
2024-09-04 00:00:00+00:00,-0.007994745216261147,-0.00732058990451954,45.22900763358779,0.2706514243663486
2024-09-05 00:00:00+00:00,-0.017749729019040417,-0.005786185574717846,44.37984496124031,0.3037394296655306
2024-09-06 00:00:00+00:00,-0.02426641787993546,-0.006512564997599494,41.72932330827068,0.221412467023018
2024-09-07 00:00:00+00:00,-0.02644648671649148,-0.005846034581191849,24.093816631130068,0.0963831408321711
2024-09-08 00:00:00+00:00,-0.019478176478800485,-0.007614517456404137,18.7214611872146,0.16005190828749874
2024-09-09 00:00:00+00:00,-0.0064526450110680075,-0.00555454780419335,26.388888888888886,0.2808583203052884
2024-09-10 00:00:00+00:00,-0.0033204923789333144,-0.003198645510232382,35.64356435643565,0.3846414669031889
2024-09-11 00:00:00+00:00,-0.001984220724476552,0.00015477501152790172,47.22222222222223,0.4207948237864088
2024-09-12 00:00:00+00:00,-0.005879572443643083,0.0004267620867328641,43.73177842565598,0.36255706857592135
2024-09-13 00:00:00+00:00,-0.0022193943804665823,-0.0003616289491688567,46.62921348314608,0.43432039621473906
2024-09-14 00:00:00+00:00,0.008534583785672453,0.0031921892142680024,51.65394402035624,0.6749595085178205
2024-09-15 00:00:00+00:00,0.0016287163394141807,0.00024894286560066844,51.78571428571429,0.6787145335037097
2024-09-16 00:00:00+00:00,0.001368019777888475,-0.0019336591216927055,53.00261096605743,0.4846431164984532
2024-09-17 00:00:00+00:00,-0.0016070286804670722,-0.003670638847946432,44.225352112676056,0.36583068217393677
2024-09-18 00:00:00+00:00,0.0024290408095347933,-0.0033728899115396233,50.90361445783132,0.46977555660186354
2024-09-19 00:00:00+00:00,0.01048192319362166,-0.007156816242893962,52.89017341040462,0.6471173630762714
2024-09-20 00:00:00+00:00,0.013407532100347647,-0.006899173974901958,61.53846153846154,0.9447443142045868
2024-09-21 00:00:00+00:00,0.012643869684646009,-0.0039026715448023013,72.98850574712644,1.059817850456121
2024-09-22 00:00:00+00:00,0.010986349136821219,-0.0005442761363939625,73.44632768361582,1.0498864780185941
2024-09-23 00:00:00+00:00,0.005816313494628509,0.0017686582016085894,62.80991735537189,0.795586236580553
2024-09-24 00:00:00+00:00,0.009546621224427997,0.002190052938466862,60.869565217391305,0.8230021791114588
2024-09-25 00:00:00+00:00,0.012314024724014055,0.004457426467604602,64.65968586387436,0.9758611736522641
2024-09-26 00:00:00+00:00,0.0055032216324600106,0.0031773116607223904,66.04278074866309,0.8638046064512529
2024-09-27 00:00:00+00:00,0.017054252766003617,0.008572334795527091,72.62931034482756,1.1670526397859389
2024-09-28 00:00:00+00:00,0.03106883627221794,0.015558883273706433,76.17260787992493,1.2748463487081418
2024-09-29 00:00:00+00:00,0.03826385474710247,0.015527276207919206,81.025641025641,1.2019084005070528
2024-09-30 00:00:00+00:00,0.036443983251112484,0.01713729245801744,85.7142857142857,1.0573417517251236
2024-10-01 00:00:00+00:00,0.027468248589220274,0.013713019576303283,76.4516129032258,0.8510938983744165
2024-10-02 00:00:00+00:00,0.016770250587015773,0.01204082685599861,67.5438596491228,0.6917944813205651
2024-10-03 00:00:00+00:00,0.009454892049448368,0.012667195577939164,61.97183098591549,0.5886161107029253
2024-10-04 00:00:00+00:00,0.002052889736758425,0.009393139040017843,54.73251028806584,0.4688711859094455
2024-10-05 00:00:00+00:00,0.013246211011658645,0.010860437904405506,57.41935483870967,0.5988746718006241
2024-10-06 00:00:00+00:00,0.01165128497840637,0.009100104026469795,56.11038107752956,0.5747929448146593
2024-10-07 00:00:00+00:00,0.014560486997280927,0.012093445416108054,63.73762376237624,0.728052808372777
2024-10-08 00:00:00+00:00,0.01235132869228698,0.011591573723459342,59.952324195470794,0.620461195149242
2024-10-09 00:00:00+00:00,1.3010426069826053e-17,0.00959667066343475,55.59610705596108,0.5374611191720056
2024-10-10 00:00:00+00:00,-0.013405919182999456,0.005432497288165554,53.891509433962256,0.4262663032177895
2024-10-11 00:00:00+00:00,-0.016999656825006305,0.006929565516648213,48.48484848484848,0.45366856135783834
2024-10-12 00:00:00+00:00,-0.012527496260049417,0.010723977363584564,43.00291545189505,0.556244975677555
2024-10-13 00:00:00+00:00,-0.004749156603985392,0.012262806688525597,38.230647709320706,0.5764969710679262
2024-10-14 00:00:00+00:00,-0.0002578650845623213,0.010800716443338406,37.345679012345684,0.4942621052581053
2024-10-15 00:00:00+00:00,0.013858645060028105,0.014225682593203682,53.138686131386876,0.8375412693221376
2024-10-16 00:00:00+00:00,0.015466608334649953,0.010343481917388141,55.151515151515156,0.6605093090167079
2024-10-17 00:00:00+00:00,0.008833274102860082,0.009101701482042772,59.805510534846036,0.6611058421006746
2024-10-18 00:00:00+00:00,0.004594680704931722,0.006150103211751566,60.19575856443719,0.4874673761323633
2024-10-19 00:00:00+00:00,0.0021708897666618504,0.01041094215704652,59.26544240400667,0.738324102797338
2024-10-20 00:00:00+00:00,0.005670003060973275,0.009802365340326394,59.56375838926173,0.7820209625021378
2024-10-21 00:00:00+00:00,0.009512878515033272,0.008303833951597466,54.09523809523809,0.8434450393795071
2024-10-22 00:00:00+00:00,0.009254358320875808,0.00716379114435746,53.58490566037737,0.6315870459641395
2024-10-23 00:00:00+00:00,0.006808263327696798,0.0022006473143527583,55.46875,0.570349930538536
2024-10-24 00:00:00+00:00,0.000596762993568966,-0.0033400564573303477,57.028112449799195,0.42262126740850525
2024-10-25 00:00:00+00:00,0.0008383705854867483,-0.005010493693758583,57.11422845691382,0.4974074446923181
2024-10-26 00:00:00+00:00,-0.007942514983693761,-0.009685359665033708,41.78321678321678,-0.046793819802215364
2024-10-27 00:00:00+00:00,-0.015407805765017525,-0.005563265570290687,42.88164665523155,0.12540645111010978
2024-10-28 00:00:00+00:00,-0.010590827151975511,-0.002284707808300145,45.359019264448335,0.1928372807032533
2024-10-29 00:00:00+00:00,-0.010899866980704479,-0.000292802685720081,30.666666666666657,0.21242587057571075
2024-10-30 00:00:00+00:00,-0.0017903501912144536,0.004376300168071777,41.99999999999999,0.4070699895692969
2024-10-31 00:00:00+00:00,-0.007034778484381912,0.0010504854665662623,41.16331096196869,0.38778210655905526
2024-11-01 00:00:00+00:00,-0.011754142594694907,-0.0010001396934126562,41.34831460674156,0.1793490414665105
2024-11-02 00:00:00+00:00,-0.015130947434323782,-0.005399905016835476,30.12345679012347,0.13224037988527687
2024-11-03 00:00:00+00:00,-0.0130918321218199,-0.004579206154461101,28.841607565011827,0.10631119793363025
2024-11-04 00:00:00+00:00,-0.017220567405457746,-0.005747306872781592,22.97592997811816,-0.006291485533642292
2024-11-05 00:00:00+00:00,-0.018044959508691318,-0.005481151992265052,23.972602739726014,-0.010469320602517478
2024-11-06 00:00:00+00:00,-0.01297110914264944,-0.0031511639942092625,34.55284552845528,0.22365227412688238
2024-11-07 00:00:00+00:00,0.009983433317718374,0.0007043001400898869,50.91210613598673,0.6576797406927315
2024-11-08 00:00:00+00:00,0.016093054030053493,0.004056216260804182,57.225433526011564,0.9644695669679233
2024-11-09 00:00:00+00:00,0.013816021236895319,0.00421093203237261,66.89189189189189,0.891732503494438
2024-11-10 00:00:00+00:00,0.016606690753409505,0.0009755260958405631,67.54966887417218,0.9705395103067491
2024-11-11 00:00:00+00:00,0.02025058397592082,0.006584288925581406,72.3943661971831,1.1251758059916017
2024-11-12 00:00:00+00:00,0.024960726785794047,0.008493925166381937,74.80719794344473,1.1143739692523265
2024-11-13 00:00:00+00:00,0.03681286186922684,0.01386979007472355,76.72209026128266,1.1334651779474623
2024-11-14 00:00:00+00:00,0.0709155844717508,0.026328415616282495,87.10963455149502,1.3766907173900556
2024-11-15 00:00:00+00:00,0.07195194178521853,0.02601245787211363,89.18367346938777,1.148033824618748
2024-11-16 00:00:00+00:00,0.08737827089048238,0.030190566531271834,92.04413472706156,1.13510340216794
2024-11-17 00:00:00+00:00,0.08253623914493083,0.028341254541914183,82.85415577626765,0.9457628816703886
2024-11-18 00:00:00+00:00,0.07571179046899351,0.028650463917158454,84.85010706638114,0.8884870855950435
2024-11-19 00:00:00+00:00,0.06032656993555826,0.02827190334408494,82.8108672936259,0.8160564658522133
2024-11-20 00:00:00+00:00,0.04863607227736774,0.026116693964749256,78.96103896103897,0.7543655470081371
2024-11-21 00:00:00+00:00,0.046148223274600005,0.029175888151585117,73.60298030867483,0.6926194961152979
2024-11-22 00:00:00+00:00,0.051374183973378305,0.0317979828981771,74.74541751527495,0.7531241278926857
2024-11-23 00:00:00+00:00,0.043013678876269945,0.031324830169387,75.28205128205128,0.7272895701767752
2024-11-24 00:00:00+00:00,0.03786882794198882,0.03100255359224038,74.2086144265698,0.6995477803961644
2024-11-25 00:00:00+00:00,0.029587539809411728,0.02835189315193563,71.38979370249729,0.6662996178518499
2024-11-26 00:00:00+00:00,-0.0077106891670867365,0.0260164568396495,65.71729957805908,0.5834939501473687
2024-11-27 00:00:00+00:00,-0.010078230088096359,0.026785955952082188,61.10210696920584,0.5228802325060135
2024-11-28 00:00:00+00:00,-0.013940625947353411,0.030739945679104316,46.067415730337075,0.5943147308764405
2024-11-29 00:00:00+00:00,-0.005631952331976477,0.03178427598338038,47.17407686510927,0.5808287280429515
2024-11-30 00:00:00+00:00,-0.0030000840044258664,0.035213763948403934,36.9036903690369,0.6054416916988147
2024-12-01 00:00:00+00:00,-0.0010245190923292187,0.03612749122855975,44.276457883369325,0.5594895965295199
2024-12-02 00:00:00+00:00,0.010255898276261716,0.03683685123501594,54.74711623779947,0.7997678312507094
2024-12-03 00:00:00+00:00,0.0070140793258441575,0.027805417078412394,49.919093851132686,0.5017614725330937
2024-12-04 00:00:00+00:00,-0.0017073767974807644,0.023582399439315133,52.51063829787234,0.4744934317728115
2024-12-05 00:00:00+00:00,0.004552293059452725,0.027049263318259652,62.247372675828615,0.7883120234767953
2024-12-06 00:00:00+00:00,0.002875225302572979,0.024664954153392756,52.35507246376811,0.7230676634495967
2024-12-07 00:00:00+00:00,0.0055429819395491605,0.02156376913514871,54.137323943661976,0.8075761232083452
2024-12-08 00:00:00+00:00,0.022690408394789238,0.024968617582262667,65.17549896765314,1.269459634964094
2024-12-09 00:00:00+00:00,0.030724346882516185,0.023975872112061883,69.75857687420583,1.2216002653739932
2024-12-10 00:00:00+00:00,0.02450921091392692,0.009321619421647139,75.8384668035592,1.0829156260849813
2024-12-11 00:00:00+00:00,0.014259057682596327,0.005156791012939361,65.7566765578635,0.7366267323588603
2024-12-12 00:00:00+00:00,0.017132549252668387,0.0027926616540282475,65.85798816568047,0.860201123903087
2024-12-13 00:00:00+00:00,0.013063555093530662,0.004063175512528911,60.28446389496718,0.6879209405349007
2024-12-14 00:00:00+00:00,0.008795002729776015,0.005952179970761709,61.4240170031881,0.7737827694357259
2024-12-15 00:00:00+00:00,0.010949057309346838,0.005015795866314819,57.742257742257735,0.6142826928173961
2024-12-16 00:00:00+00:00,0.01451301885507153,0.007833297859793802,54.97605109100585,0.6789477357207293
2024-12-17 00:00:00+00:00,0.006181120062099029,0.008602907989413046,58.693181818181806,0.5915084814721334
2024-12-18 00:00:00+00:00,0.004656278206091553,0.0031028437992604067,55.83783783783783,0.4543106013029607
2024-12-19 00:00:00+00:00,-0.008651541275500912,-0.0022817170887455343,44.11027568922306,0.1055223009418436
2024-12-20 00:00:00+00:00,-0.03167559770984022,-0.007128809641658438,40.38549793483249,-0.07569246675076811
2024-12-21 00:00:00+00:00,-0.03359979445336531,-0.005187512932296751,41.06170598911071,0.037887545564987836
2024-12-22 00:00:00+00:00,-0.03519840331528803,-0.0033650178775226913,30.17377567140602,0.07430905983125934
2024-12-23 00:00:00+00:00,-0.0234218996765011,-0.001001825720170522,25.92178770949721,0.14063439330779617
2024-12-24 00:00:00+00:00,-0.025749831755747035,-0.0026577410267688097,28.09110629067247,0.20976433112443274
2024-12-25 00:00:00+00:00,-0.01716239560836141,-0.0012585675381102898,36.64825046040515,0.2882831387653038
2024-12-26 00:00:00+00:00,-0.024153200626593898,-0.003810796931777382,28.654592496765858,0.24969255118881864
2024-12-27 00:00:00+00:00,-0.024463527767534965,-0.005802208137626295,29.298941798941797,0.19127604763049655
2024-12-28 00:00:00+00:00,-0.025190072656077794,-0.008526381032055202,26.123013130615078,0.2520250763963164
2024-12-29 00:00:00+00:00,-0.018906158724509677,-0.0033602788030579565,33.5251798561151,0.3359813258206151
2024-12-30 00:00:00+00:00,-0.01901394041807722,-0.0048848009487071865,27.44252873563218,0.2870504876953941
2024-12-31 00:00:00+00:00,-0.004619815713078967,-0.006514998060683238,31.62083936324167,0.35175428864810143
2025-01-01 00:00:00+00:00,0.012971549722911271,-0.0024689676015023023,41.093969144460026,0.5030186233722668
2025-01-02 00:00:00+00:00,0.00757277457077785,-0.004250685564037356,49.45147679324895,0.46768794637614935
2025-01-03 00:00:00+00:00,0.013507296176884905,-0.007603377362709306,66.19183285849954,0.6136657613621586
2025-01-04 00:00:00+00:00,0.016039178935428812,-0.007779595541903153,67.78280542986427,0.7683477489894788
2025-01-05 00:00:00+00:00,0.011302455095119077,-0.008753166789295504,66.63701067615658,0.766428712608713
2025-01-06 00:00:00+00:00,0.006095187919480245,-0.0050265074287792495,62.84444444444444,0.7645166146795298
2025-01-07 00:00:00+00:00,0.009590088464387749,-0.007291932680214597,60.93457943925233,0.8252882790319414
2025-01-08 00:00:00+00:00,0.005608640158008884,-0.009242938107867114,47.316267547481424,0.4361060606773975
2025-01-09 00:00:00+00:00,-0.00014017384858207825,-0.012650308683605092,47.08299096138044,0.2826090620083555
2025-01-10 00:00:00+00:00,-0.008027092504018877,-0.012118501793842131,48.436179205409985,0.14803773149222563
2025-01-11 00:00:00+00:00,-0.0011267777301298312,-0.012103168603415508,49.08180300500834,0.255984825580855
2025-01-12 00:00:00+00:00,-0.0019221060775830212,-0.010254948586690337,46.81778552746295,0.32100304400522034
2025-01-13 00:00:00+00:00,-0.009569716846223356,-0.009034811471801489,49.4475138121547,0.2850325283247701
2025-01-14 00:00:00+00:00,-0.011485402768898145,-0.005558621637913,42.99732381801962,0.1617268951895685
2025-01-15 00:00:00+00:00,-0.013124813195237136,0.0009585231824921212,38.20116054158608,0.2819690441317246
2025-01-16 00:00:00+00:00,-0.010342818742865724,0.002954393247558198,48.81266490765171,0.538229987923469
2025-01-17 00:00:00+00:00,-0.012760483905100484,0.0016027960154064436,39.64285714285715,0.3727978534677719
2025-01-18 00:00:00+00:00,-0.0015850270565858453,0.005052049165027794,44.77124183006536,0.7319643603688935
2025-01-19 00:00:00+00:00,-0.01004102751568247,-4.1715338646336264e-05,40.11713030746706,0.4075386619439343
2025-01-20 00:00:00+00:00,-0.012346819592657586,-0.007020364562157657,35.060780550223924,0.05865941910903724
2025-01-21 00:00:00+00:00,-0.010078716147926036,-0.006154392770373769,34.15716096324461,0.08392929396316237
2025-01-22 00:00:00+00:00,-0.005571130338172918,-0.003398933749521184,40.21897810218977,0.14614844148117292
2025-01-23 00:00:00+00:00,-0.012688479033372986,-0.006333202316013285,40.21897810218978,0.09488216933343832
2025-01-24 00:00:00+00:00,-0.013380005417703478,-0.0077044162912413205,43.57798165137614,0.14779794464216997
2025-01-25 00:00:00+00:00,-0.014361944684729457,-0.0068877365179486755,39.53307392996109,0.12568860922857836
2025-01-26 00:00:00+00:00,-0.009525204419457284,-0.007822647194702994,38.18615751789976,0.16472749697500944
2025-01-27 00:00:00+00:00,-0.018392813649754116,-0.013517336835661134,35.98200899550224,0.04885582188615706
2025-01-28 00:00:00+00:00,-0.031228426819726585,-0.01495385354805923,35.98200899550224,0.002932484619057528
2025-01-29 00:00:00+00:00,-0.0383710032345923,-0.022341034482198423,29.047949965253636,-0.08002601352467859
2025-01-30 00:00:00+00:00,-0.04111807524844185,-0.021328221996758663,25.74545454545455,0.09267535153444356
2025-01-31 00:00:00+00:00,-0.029471373550748126,-0.018860405482892736,30.561797752808985,0.1876617574941613
2025-02-01 00:00:00+00:00,-0.012061144357893466,-0.01540021022863783,23.388429752066116,0.3064167413648561
2025-02-02 00:00:00+00:00,-0.021154240939734576,-0.020344083264584072,23.902027027027017,0.17331670518161713
2025-02-03 00:00:00+00:00,-0.03251527926511654,-0.020994588867886764,25.915750915750905,0.0839921707520507
2025-02-04 00:00:00+00:00,-0.026544691439559547,-0.018519902742618274,28.11355311355311,0.15012708056527052
2025-02-05 00:00:00+00:00,-0.03427943756111561,-0.019820883240670585,25.32188841201716,0.11168840655418222
2025-02-06 00:00:00+00:00,-0.03337146553146186,-0.021769900118563452,26.745240253853126,0.13705102924539642
2025-02-07 00:00:00+00:00,-0.040722763849698425,-0.02573064308952549,23.731728288907988,0.07658744254650458
2025-02-08 00:00:00+00:00,-0.03762295114641651,-0.026464983435750284,23.916811091854413,0.07565800973945187
2025-02-09 00:00:00+00:00,-0.026315630892691583,-0.021798574220579285,27.37799834574028,0.17717504878677914
2025-02-10 00:00:00+00:00,-0.015135208374288105,-0.023268909180221946,29.84670874661856,0.20422907956756206
2025-02-11 00:00:00+00:00,-0.021241020802399205,-0.026358161408851038,32.94346978557503,0.23511531813855555
2025-02-12 00:00:00+00:00,-0.024966866681450664,-0.02449412061043897,39.25667828106852,0.256164177240329
2025-02-13 00:00:00+00:00,-0.026515283330101908,-0.02690648235487601,35.828220858895705,0.3328646534976009
2025-02-14 00:00:00+00:00,-0.019535959257338444,-0.024726359453040685,29.712858926342065,0.30095107981574587
2025-02-15 00:00:00+00:00,-0.0037183829943922765,-0.017012233514841237,26.78803641092327,0.40328095019009197
2025-02-16 00:00:00+00:00,-0.008519744172175504,-0.017800377215348797,32.037325038880255,0.3656489864712728
2025-02-17 00:00:00+00:00,-0.003861046386749893,-0.01903161372462919,39.691714836223504,0.3430762774979593
2025-02-18 00:00:00+00:00,0.0009107558776824965,-0.015493330159614772,41.71322160148976,0.4320688027217314
2025-02-19 00:00:00+00:00,0.0003607509241321076,-0.01938875554713983,41.635687732342,0.2928207308344314
2025-02-20 00:00:00+00:00,0.003923366392389796,-0.018025609092464475,43.796992481203,0.3261234653873387
2025-02-21 00:00:00+00:00,0.000607958228893673,-0.01712172992134038,54.261954261954266,0.39723356937679205
2025-02-22 00:00:00+00:00,-0.0036606492377765074,-0.016469448682386124,52.09580838323354,0.19339335399317492
2025-02-23 00:00:00+00:00,0.00017325023565274884,-0.011865079690983656,50.71868583162217,0.4512091316545146
2025-02-24 00:00:00+00:00,-0.0022012197212163014,-0.007800374373496207,48.054474708171206,0.30008701973708435
2025-02-25 00:00:00+00:00,-0.020495724958977887,-0.01738847452896957,36.809815950920246,-0.28199449373108715
2025-02-26 00:00:00+00:00,-0.013609034267808027,-0.017405279783991402,40.05847953216374,-0.01652162770111544
2025-02-27 00:00:00+00:00,-0.01779013670020607,-0.019656383826677823,36.236391912908225,0.07749049463224181
2025-02-28 00:00:00+00:00,-0.016036072199856265,-0.015438145489251114,37.88617886178859,0.07574975282352137
2025-03-01 00:00:00+00:00,-0.016894556640250216,-0.011822049436229347,29.553264604810977,0.0489868514740427
2025-03-02 00:00:00+00:00,-0.0239735060376484,-0.014306629204886548,29.70639032815197,0.02554372417055428
2025-03-03 00:00:00+00:00,-0.0038680976673779754,-0.00535275251926092,43.6764705882353,0.41052834878224675
2025-03-04 00:00:00+00:00,-0.021658949333644817,-0.012619832385779685,31.835205992509344,0.013263406474857228
2025-03-05 00:00:00+00:00,-0.026819525752979398,-0.010704850799777751,34.55284552845528,0.028253387789586245
2025-03-06 00:00:00+00:00,-0.02130876789153296,-0.008939825641670639,34.552845528455265,0.10578812104543209
2025-03-07 00:00:00+00:00,-0.02862987935227794,-0.012933194364638894,30.926430517711168,0.0953529726636476
2025-03-08 00:00:00+00:00,-0.02415214133291935,-0.011962035739018322,34.714285714285694,0.1682317068079421
2025-03-09 00:00:00+00:00,-0.013998022910854205,-0.014045552425179568,28.299120234604104,0.1364443094649642
2025-03-10 00:00:00+00:00,-0.028303034258338102,-0.018945049434862526,26.2942779291553,0.014602616269436909
2025-03-11 00:00:00+00:00,-0.031662667224573136,-0.022032099470279922,31.84818481848184,0.04774191292748873
2025-03-12 00:00:00+00:00,-0.021701245509286773,-0.01643750837476573,34.96062992125984,0.20862491426319626
2025-03-13 00:00:00+00:00,-0.010887462187469471,-0.01513085521764959,40.05805515239478,0.35880431631649223
2025-03-14 00:00:00+00:00,-0.010393672084218167,-0.015171519010444702,39.31623931623932,0.32291254167212796
2025-03-15 00:00:00+00:00,-0.018736818762033446,-0.012218493615545637,43.943661971830984,0.4280304422481634
2025-03-16 00:00:00+00:00,-0.0008130145787803895,-0.013415418750301018,46.715328467153284,0.4747724302342335
2025-03-17 00:00:00+00:00,-0.004917847619754611,-0.013141127050802393,31.65584415584415,0.32366478192163184
2025-03-18 00:00:00+00:00,0.0036889379209690772,-0.009048023397710972,51.68539325842697,0.5878073894738626
2025-03-19 00:00:00+00:00,0.005431572703155661,-0.010706910761133363,52.97504798464491,0.5773713597874515
2025-03-20 00:00:00+00:00,0.005422904830829197,-0.007769626168892612,53.686200378071824,0.6575391994355144
2025-03-21 00:00:00+00:00,0.011205665447402749,-0.008953668481294957,57.66283524904214,0.7303608244211612
2025-03-22 00:00:00+00:00,0.017276612308994677,-0.009955280805534383,52.007299270072984,0.5822331559583765
2025-03-23 00:00:00+00:00,0.018095852647520137,-0.004220602113434686,53.77358490566038,0.5831974023572467
2025-03-24 00:00:00+00:00,0.01246830287230484,-0.004401814310098252,65.54621848739495,0.7138888328011779
2025-03-25 00:00:00+00:00,0.01172499017526124,-0.0015084889674339098,71.99999999999999,0.9656862355252608
2025-03-26 00:00:00+00:00,0.014985907956791868,-0.0008536820150686409,68.31896551724137,0.9173156193052074
2025-03-27 00:00:00+00:00,0.015762025833203065,0.002853775218355877,67.47787610619469,1.018684764208753
2025-03-28 00:00:00+00:00,0.014037805418132447,0.004128263460059372,70.11494252873564,0.9249499592921642
2025-03-29 00:00:00+00:00,0.013960132737756184,-0.0049127130176635486,57.72532188841201,0.68391373909349
2025-03-30 00:00:00+00:00,-0.0020548986386044175,-1.9749159572659035e-17,50.679611650485434,0.470450060043658
2025-03-31 00:00:00+00:00,-0.004100147625154485,-0.00022104393290648026,53.70370370370371,0.3219462053178709
2025-04-01 00:00:00+00:00,-0.00295619901613833,0.0007007902351356781,47.79582366589326,0.40670032345782964
2025-04-02 00:00:00+00:00,0.0009772098950266105,0.004711141940537913,54.54545454545455,0.6357783947112463
2025-04-03 00:00:00+00:00,-0.00175199164930891,0.0003832498176704373,46.16858237547893,0.3037931379850789
2025-04-04 00:00:00+00:00,-0.004479412792630089,0.00017260255651490634,41.40480591497227,0.14812359680465909
2025-04-05 00:00:00+00:00,-0.001143136352399943,0.00813352318495013,50.27124773960217,0.40344034637335396
2025-04-06 00:00:00+00:00,-0.010416374181223768,0.008297492437188875,49.910233393177734,0.2928216491563699
2025-04-07 00:00:00+00:00,-0.019719848810194854,6.080876912763051e-05,41.6252072968491,0.008899892928122986
2025-04-08 00:00:00+00:00,-0.023421735115610454,-0.002931273825401502,35.76642335766425,0.10745340960392064
2025-04-09 00:00:00+00:00,-0.02798020245186325,-0.003988596709622975,33.10580204778158,0.024450547477420502
2025-04-10 00:00:00+00:00,-0.009161759451488971,-0.0004934548743353296,37.57961783439492,0.388179556335798
2025-04-11 00:00:00+00:00,-0.005989166692772265,-0.002388993283380884,36.53250773993808,0.3027080293094118
2025-04-12 00:00:00+00:00,-5.782411586589357e-19,0.0020487318915956487,43.02325581395349,0.3910444162684169
2025-04-13 00:00:00+00:00,0.0028444171974548824,0.0003110114396675891,52.01342281879195,0.5778541298115155
2025-04-14 00:00:00+00:00,-0.004890291819007529,-5.2795531229711775e-05,52.901023890784984,0.5293301368428582
2025-04-15 00:00:00+00:00,0.003241149260106119,-0.0006237142918940601,51.23674911660778,0.568267087052369
2025-04-16 00:00:00+00:00,0.0036502185548660704,-0.0033145267785020206,43.43065693430656,0.45666041878122665
2025-04-17 00:00:00+00:00,-0.0011590358371776747,-0.00037523749789864934,50.80645161290322,0.5651306312887694
2025-04-18 00:00:00+00:00,0.002098012907706176,0.0009138740957362787,55.744680851063826,0.6504992413788195
2025-04-19 00:00:00+00:00,0.012222939978539599,-5.243564337940376e-05,51.05882352941177,0.7011560763465156
2025-04-20 00:00:00+00:00,0.012697873368833533,-0.00248225081298352,55.18867924528301,0.7794659402474079
2025-04-21 00:00:00+00:00,0.018484847506095074,-0.0023737015330214948,67.04225352112675,0.783851894557243
2025-04-22 00:00:00+00:00,0.008732205235766913,-0.0037379874577673994,67.85714285714286,0.8979531372005345
2025-04-23 00:00:00+00:00,0.022785243252925774,0.0016482857172929605,82.17592592592592,1.217127609127786
2025-04-24 00:00:00+00:00,0.020165425177569897,0.004912713017663514,77.41935483870967,1.0791519764419892
2025-04-25 00:00:00+00:00,0.013498489379735976,0.007489498217363156,81.73374613003098,0.9687834274308668
2025-04-26 00:00:00+00:00,0.01822818815385776,0.010252590212929787,82.12121212121212,0.9783851401320126
2025-04-27 00:00:00+00:00,0.01854987030349577,0.009302163855629372,79.65517241379311,0.9463053787677959
2025-04-28 00:00:00+00:00,0.018785554777398197,0.004904709321054097,73.80191693290737,0.8035016373060743
2025-04-29 00:00:00+00:00,0.019014408309934304,0.009209254790982837,74.92354740061164,0.8349243693866598
2025-04-30 00:00:00+00:00,0.01682712985161371,0.010747663008464189,80.5921052631579,0.7734559134754377
2025-05-01 00:00:00+00:00,0.016172980069961155,0.007939618090018027,79.93197278911566,0.7603355411296743
2025-05-02 00:00:00+00:00,0.01275059742709827,0.008210197621626652,75.0,0.6916278312342673
2025-05-03 00:00:00+00:00,0.01192507030338945,0.01223164575017126,73.22033898305085,0.6611104951777351
2025-05-04 00:00:00+00:00,0.0045056017725229785,0.009151552644448033,60.12084592145015,0.4806907250548341
2025-05-05 00:00:00+00:00,-0.007199428245691634,0.011239412273987556,58.20895522388062,0.44040631960929383
2025-05-06 00:00:00+00:00,-0.00894780011587564,0.005011463480254284,53.03030303030303,0.3636397465762244
2025-05-07 00:00:00+00:00,-0.007667095430843076,0.006715069569022783,31.718061674008766,0.35535308656352077
2025-05-08 00:00:00+00:00,-0.007703711043500094,0.006697031269775897,38.4920634920635,0.43613587823870237
2025-05-09 00:00:00+00:00,0.01599235978193042,0.015370445048464234,72.2117202268431,1.298632006431485
2025-05-10 00:00:00+00:00,0.02866144833502539,0.020390127853684676,76.48,1.2916084353688404
2025-05-11 00:00:00+00:00,0.03523166360247104,0.023974107564382032,80.29490616621985,1.2500545686560534
2025-05-12 00:00:00+00:00,0.03577150433719875,0.025572871831079272,83.8935574229692,1.087658896161182
2025-05-13 00:00:00+00:00,0.035457335331939344,0.02483948170653357,83.45323741007195,0.9933777706745631
2025-05-14 00:00:00+00:00,0.041840995316436334,0.02655311257950211,86.4229765013055,0.9979859978142721
2025-05-15 00:00:00+00:00,0.039047151206342334,0.02461205093223406,80.6372549019608,0.8846388760005164
2025-05-16 00:00:00+00:00,0.038898790188736855,0.021244283484403416,74.18263810597522,0.7660460123611345
2025-05-17 00:00:00+00:00,0.03692234024058599,0.019749024305291053,71.05831533477323,0.7025083633347315
2025-05-18 00:00:00+00:00,0.03558838597836595,0.017406623822992302,71.83406113537119,0.6429624579883197
2025-05-19 00:00:00+00:00,0.04590135283196448,0.0173840432208868,76.78737233054781,0.7829989484801564
2025-05-20 00:00:00+00:00,0.039569546376283404,0.015652779515335977,73.83928571428572,0.7039905928971721
2025-05-21 00:00:00+00:00,0.014111360187136027,0.015653308498033487,72.93700088731146,0.6727988742231804
2025-05-22 00:00:00+00:00,0.008205444602214354,0.01576424621446464,73.45517841601392,0.7003693267542889
2025-05-23 00:00:00+00:00,0.010455322954559606,0.020238162634103805,70.98001902949572,0.8507067254584532
2025-05-24 00:00:00+00:00,0.0012156792298188338,0.017463698501427257,56.569343065693424,0.6601834954046847
2025-05-25 00:00:00+00:00,0.0009732470720121776,0.016512791904415666,50.46535677352638,0.638596347104018
2025-05-26 00:00:00+00:00,-0.004933109733442133,0.01650992507870711,50.0,0.5992853453266015
2025-05-27 00:00:00+00:00,-0.00024015386457409046,0.01703675834706395,51.199999999999996,0.6182540059791993
2025-05-28 00:00:00+00:00,0.005386204083324346,0.01784533271035391,47.071583514099785,0.6241143903383782
2025-05-29 00:00:00+00:00,0.008720497893329788,0.01826999088526352,50.51311288483466,0.6361336663885205
2025-05-30 00:00:00+00:00,0.008271785674630642,0.01914486254704199,52.426035502958584,0.4234343797222259
2025-05-31 00:00:00+00:00,-0.014689936861499317,0.01392688539820633,45.020325203252035,-0.09292024075264152
2025-06-01 00:00:00+00:00,-0.01091274700304818,0.014745880952025574,47.24576271186441,0.009116179064046818
2025-06-02 00:00:00+00:00,-0.009019607973991671,0.015029071939657216,37.04171934260431,0.1071853022000298
2025-06-03 00:00:00+00:00,-0.008340288213081873,0.015470441366965359,44.09148665819569,0.2686844793259569
2025-06-04 00:00:00+00:00,-0.019581021336021052,0.003819679041203123,44.31673052362707,0.27162140957240993
2025-06-05 00:00:00+00:00,-0.012896190785908769,-0.001716750323619278,38.303341902313626,0.18905071704249252
2025-06-06 00:00:00+00:00,-0.021471531119173198,-0.009657913351727828,15.655853314527505,-0.007870073011299038
2025-06-07 00:00:00+00:00,-0.017213839161902417,-0.00794484884395497,26.3793103448276,0.11614279037037124
2025-06-08 00:00:00+00:00,-0.015482564252330485,-0.006473964537983664,31.723027375201283,0.2342173921785469
2025-06-09 00:00:00+00:00,-0.014572282819848454,-0.008191564891008302,34.35483870967742,0.28606782265038583
2025-06-10 00:00:00+00:00,-0.0083246143301133,-0.00359390090079293,41.354466858789635,0.48569935538476233
2025-06-11 00:00:00+00:00,-0.0019446372316915632,0.0002940498914596433,44.77611940298507,0.5845064368557534
2025-06-12 00:00:00+00:00,0.005883167355681648,-0.00039888670251874857,40.42821158690176,0.48025804318832527
2025-06-13 00:00:00+00:00,-0.001007496439826527,-0.002144526317909414,38.44311377245509,0.2777410462616277
2025-06-14 00:00:00+00:00,-0.004196488454909938,-0.008093008654284823,47.13656387665198,0.23702831898722893
2025-06-15 00:00:00+00:00,-0.01002638390095637,-0.007419987991760691,45.04249291784703,0.19989024742436365
2025-06-16 00:00:00+00:00,-0.00820099749169865,-0.006478332195182112,45.120226308345124,0.26209479781967715
2025-06-17 00:00:00+00:00,-0.00922737653141504,-0.009762667769909767,37.53541076487253,0.1487884516859207
2025-06-18 00:00:00+00:00,-0.004171547824570187,-0.01640877678824927,35.61827956989248,0.04370572194976162
2025-06-19 00:00:00+00:00,-0.0056849064700218895,-0.011129734551573763,39.66712898751732,0.12615731388956003
2025-06-20 00:00:00+00:00,-0.00925602729151677,-0.01119516809038164,47.1169686985173,0.15413983556191166
2025-06-21 00:00:00+00:00,-0.014213811269525208,-0.012474965599969719,39.93453355155482,0.08061749486432472
2025-06-22 00:00:00+00:00,-0.025972003094855544,-0.015470139007076675,32.051282051282044,0.015684988088638583
2025-06-23 00:00:00+00:00,-0.03259151094255218,-0.017234126274329523,28.438948995363205,0.007522226708027807
2025-06-24 00:00:00+00:00,-0.019148450945837368,-0.01326147847444205,28.878648233486928,0.26370377035941894
2025-06-25 00:00:00+00:00,-0.0112207548385165,-0.01114108347782348,25.201938610662367,0.3172294150376022
2025-06-26 00:00:00+00:00,-0.014204988462697058,-0.00786918631637609,25.49019607843138,0.2079791912208338
2025-06-27 00:00:00+00:00,-0.014783514166178027,-0.009206495913205236,28.571428571428584,0.1784808361902957
2025-06-28 00:00:00+00:00,-0.016067333546171892,-0.009731128613111446,30.11583011583012,0.21055065295277256
2025-06-29 00:00:00+00:00,-0.008526869379167093,-0.00984878215425679,36.86200378071834,0.3102660416958976
2025-06-30 00:00:00+00:00,0.002111873904212009,-0.006396671292757087,43.865546218487395,0.5034885780499735
2025-07-01 00:00:00+00:00,-0.004896048672543947,-0.007437361268482306,43.069306930693074,0.374600928576198
2025-07-02 00:00:00+00:00,-0.008960028642604702,-0.005420628485811563,42.786885245901644,0.23817964818073084
2025-07-03 00:00:00+00:00,0.0018426211339525687,-0.0036796762326520337,47.910447761194035,0.5325447985107626
2025-07-04 00:00:00+00:00,0.007310857023462965,-0.00495009841824893,48.660714285714285,0.5834597694220834
2025-07-05 00:00:00+00:00,0.00692969652890132,-0.007310135805675779,48.588410104011885,0.4101956492774484
2025-07-06 00:00:00+00:00,-0.0018708268699351577,-0.010282807338975214,53.38709677419356,0.45266648480942495
2025-07-07 00:00:00+00:00,-0.00024888022481242496,-0.010358426397725414,59.34959349593497,0.6578361612395055
2025-07-08 00:00:00+00:00,0.003700487495213098,-0.008876577021207728,49.904761904761905,0.5921158797888643
2025-07-09 00:00:00+00:00,0.008870869501820982,-0.004647250093983308,51.296296296296305,0.7752479519664467
2025-07-10 00:00:00+00:00,0.015541095141282345,-0.0006214746456380837,63.95759717314486,1.1364801979509145
2025-07-11 00:00:00+00:00,0.021742906012767155,0.004813967036692527,74.10714285714286,1.3093912943434143
2025-07-12 00:00:00+00:00,0.014468470576534052,0.004066160123350315,73.55982274741507,1.1166776963765284
2025-07-13 00:00:00+00:00,0.018953499339535357,0.005569196825802491,70.61538461538461,0.9987487249377308
2025-07-14 00:00:00+00:00,0.023815699056002365,0.0074965623821450006,66.72473867595819,0.9431938337441983
2025-07-15 00:00:00+00:00,0.016208899089321344,0.006425157102429461,73.79576107899807,0.8737756589274805
2025-07-16 00:00:00+00:00,0.01990251229015912,0.008507689080986099,83.83458646616542,0.9376585807024165
2025-07-17 00:00:00+00:00,0.02828571933123461,0.012305032163905678,83.49328214971209,0.9899122860274009
2025-07-18 00:00:00+00:00,0.02682658043426474,0.01408576967446492,80.48780487804879,0.904472529792397
2025-07-19 00:00:00+00:00,0.02154993572572198,0.014629933603016506,81.87022900763355,0.8046575060832779
2025-07-20 00:00:00+00:00,0.025475048162871588,0.011718884105888715,83.18584070796457,0.8401892409259799
2025-07-21 00:00:00+00:00,0.026567514485345334,0.012793489593952925,83.89830508474573,0.8868341513875173
2025-07-22 00:00:00+00:00,0.020371111491746734,0.015336725333335976,85.98290598290596,0.8620569434007493
2025-07-23 00:00:00+00:00,0.011052037873839432,0.016738067978239048,85.38324420677358,0.8336722351521586
2025-07-24 00:00:00+00:00,0.002457996711647533,0.012616312550036205,63.548387096774185,0.5916625174922491
2025-07-25 00:00:00+00:00,0.0010150348797392532,0.009973152637605422,49.80694980694981,0.5154614869487358
2025-07-26 00:00:00+00:00,0.0016090604484525553,0.007264494633332947,51.79584120982986,0.5204526646025065
2025-07-27 00:00:00+00:00,0.00128572045608887,0.009278281315644609,51.60075329566855,0.4665589690066789
2025-07-28 00:00:00+00:00,-0.00039001631253981404,0.012463079387169894,54.27046263345194,0.5210980290086223
2025-07-29 00:00:00+00:00,-0.010750680329875128,0.006492739180600587,47.581903276131044,0.2209697099669344
2025-07-30 00:00:00+00:00,-0.012410727987175582,0.004983499669554822,39.222042139384115,0.06343454271048207
2025-07-31 00:00:00+00:00,-0.011320294365241864,0.0062068608826427295,30.442477876106196,0.060197018139102394
2025-08-01 00:00:00+00:00,-0.018378564134512724,0.004099928445314453,28.524046434494196,-0.01741053863485977
2025-08-02 00:00:00+00:00,-0.02519007265607782,0.0012821700102919734,28.38283828382839,-0.027217935533532155
2025-08-03 00:00:00+00:00,-0.027615203967010917,0.0008833292738479686,21.709401709401703,0.005039772728980664
2025-08-04 00:00:00+00:00,-0.02537708960764745,0.0009313176200228485,17.921146953405028,0.11785978383060478
2025-08-05 00:00:00+00:00,-0.014010488152973085,-0.0010228797396201468,21.170395869191054,0.20974842849740513
2025-08-06 00:00:00+00:00,-0.016208497945902157,-0.0075428799587034905,18.54199683042789,0.14693482535899788
2025-08-07 00:00:00+00:00,-0.014387282274973127,-0.00605354514428575,29.254302103250495,0.2406652866357932
2025-08-08 00:00:00+00:00,-0.009221416297081435,-0.0037255259012554482,38.23529411764706,0.35728371495370886
2025-08-09 00:00:00+00:00,-0.006572550301066585,-0.0015622664699388525,43.906510851419036,0.5025723409364706
2025-08-10 00:00:00+00:00,0.003359840770315219,0.000562404571828529,49.922239502332815,0.6390515306174032
2025-08-11 00:00:00+00:00,0.0038865316534745964,-0.0024084913935303416,44.357366771159874,0.6033700761717646
2025-08-12 00:00:00+00:00,-0.0008122941291045007,-0.007222991483667628,44.63722397476341,0.4317784601680675
2025-08-13 00:00:00+00:00,0.009901101679208458,-0.0037118309800961394,54.51895043731779,0.6999056419783235
2025-08-14 00:00:00+00:00,0.013952075688885795,-0.002224534622093957,56.76470588235294,0.7382890173432521
2025-08-15 00:00:00+00:00,0.0072440924752641715,-0.007530957966586222,51.812080536912745,0.40431515641899257
2025-08-16 00:00:00+00:00,0.0029765068835066293,-0.009956839734671938,53.16804407713497,0.3561876375354288
2025-08-17 00:00:00+00:00,0.0025924627987208558,-0.009228409905632088,56.65294924554184,0.4642436759444996
2025-08-18 00:00:00+00:00,0.00727137041643568,-0.009287803400582145,54.85714285714286,0.48822182166995187
2025-08-19 00:00:00+00:00,0.000941629604494444,-0.006753406886048714,49.43977591036414,0.34097234029277684
2025-08-20 00:00:00+00:00,-0.007121490280109423,-0.007480845205800991,50.0,0.2001105033317791
2025-08-21 00:00:00+00:00,-0.008607882770021147,-0.006277778724619021,50.69832402234636,0.3625194999149056
2025-08-22 00:00:00+00:00,-0.01465755553863868,-0.0067960305026611096,44.832605531295485,0.2716112074110914
2025-08-23 00:00:00+00:00,-0.003525624491987923,-0.003855695168660238,48.29467939972714,0.6578818033796233
2025-08-24 00:00:00+00:00,0.00014827999167311024,-0.002192702104491519,41.86704384724187,0.5291873561405475
2025-08-25 00:00:00+00:00,-0.009438565801654359,-0.002340063817547883,41.3986013986014,0.3758041002150747
2025-08-26 00:00:00+00:00,-0.019089553791525805,-0.005810346664994238,39.99999999999999,0.009527010193228347
2025-08-27 00:00:00+00:00,-0.0075737994665203605,-0.002544143504435901,34.992679355783295,0.15019775704028543
2025-08-28 00:00:00+00:00,-0.0064780804463483825,-0.0013205356378737352,33.48082595870207,0.16328532702609708
2025-08-29 00:00:00+00:00,-0.006964789678476198,0.0003025505352300887,42.708333333333336,0.2503227895824629
2025-08-30 00:00:00+00:00,-0.010775390103393977,-0.0025485574755420783,41.20603015075376,0.14191842893779405
2025-08-31 00:00:00+00:00,-0.006911158281081145,-0.003476793099021664,38.95652173913044,0.18608420041373974
2025-09-01 00:00:00+00:00,-0.0046191504116109275,-0.0021319155745896544,37.45762711864407,0.16541743034790574
2025-09-02 00:00:00+00:00,-0.009952169639492655,-0.004230803662089573,39.184397163120565,0.1291594055674716
2025-09-03 00:00:00+00:00,-0.005037029133742356,-0.004864774888812304,46.26593806921675,0.2485311897317893
2025-09-04 00:00:00+00:00,-0.013158585787150727,-0.006895403854545226,42.38281250000001,0.305838338620692
2025-09-05 00:00:00+00:00,-0.01452944892873149,-0.010449297350205385,41.02079395085065,0.16997117626121402
2025-09-06 00:00:00+00:00,-0.008831309250145358,-0.008209836542295556,29.411764705882376,0.30898705939274285
2025-09-07 00:00:00+00:00,-0.0010320049333101325,-0.005911751651550682,30.80568720379148,0.2814355590834148
2025-09-08 00:00:00+00:00,-0.0016683907275747267,-0.007883909230643525,38.32923832923836,0.40685642136421246
2025-09-09 00:00:00+00:00,0.002377600197679156,-0.006662601249199875,58.23529411764704,0.5862081636369875
2025-09-10 00:00:00+00:00,0.000812222154357873,-0.0026660049974958954,53.59477124183005,0.5958129915517936
2025-09-11 00:00:00+00:00,0.006236504922207558,-0.00104394299614165,58.07453416149067,0.6926286098576876
2025-09-12 00:00:00+00:00,0.0069891492398232455,-0.0014475532031282524,57.547169811320714,0.8314722395741677
2025-09-13 00:00:00+00:00,0.014905112144088281,0.001391349838173085,74.4444444444444,1.2079321479817327
2025-09-14 00:00:00+00:00,0.019262106547784777,0.004224801080967503,76.59033078880402,1.1967054199658227
2025-09-15 00:00:00+00:00,0.013776998368781995,0.0047806814106760446,73.05825242718443,0.9692970025599212
2025-09-16 00:00:00+00:00,0.00718766495071009,0.0003948489396384226,63.90658174097664,0.6807367348583295
2025-09-17 00:00:00+00:00,0.013260578317790558,0.0024359951989158034,63.75266524520256,0.7621858446976815
2025-09-18 00:00:00+00:00,0.013174909934842377,-0.0005018975760661836,65.58704453441295,0.8379421820563616
2025-09-19 00:00:00+00:00,0.014425542015851221,0.0006777538980699845,72.02643171806169,0.8115491481179419
2025-09-20 00:00:00+00:00,0.007103362127806372,-0.00024917326320010857,60.36585365853659,0.5871970098673178
2025-09-21 00:00:00+00:00,0.003327438217811547,0.0036837027551096723,61.36363636363638,0.5594457355177367
2025-09-22 00:00:00+00:00,0.0008043820498340775,0.0012008480100523077,55.30612244897959,0.43693389631839663
2025-09-23 00:00:00+00:00,-0.007265324574065813,-0.0014072864397035403,43.785850860420666,0.185580384488962
2025-09-24 00:00:00+00:00,-0.009222959964340924,-0.002489785642758125,43.04511278195489,0.16871387707227029
2025-09-25 00:00:00+00:00,-0.014991512704791625,-0.000554552900933521,41.27906976744185,0.18294269368170332
2025-09-26 00:00:00+00:00,-0.022678622418666833,-0.0030524900594566594,35.547576301615806,0.03843098275346909
2025-09-27 00:00:00+00:00,-0.017342139495805774,-0.0010914673974138833,28.486055776892428,0.14428177945537385
2025-09-28 00:00:00+00:00,-0.012678411636996964,-0.0008634165976712589,22.0125786163522,0.13156708029709632
2025-09-29 00:00:00+00:00,-0.013437132056147646,-0.0014409753806558683,26.85589519650655,0.20859882814713115
2025-09-30 00:00:00+00:00,-0.01631007591730773,-0.0019564314822924918,32.03125,0.22030050241250634
2025-10-01 00:00:00+00:00,-0.017152258441895732,-0.0005327735695442812,25.555555555555543,0.22716442716655233
2025-10-02 00:00:00+00:00,-0.007950252885489855,0.0001574681358716623,28.150134048257343,0.3638986077390749
2025-10-03 00:00:00+00:00,-0.004058080988920721,0.0022870522679047855,35.10895883777239,0.49406237199962694
2025-10-04 00:00:00+00:00,-0.0024368207995414466,0.0008461879768368988,40.73033707865167,0.487416184012729
2025-10-05 00:00:00+00:00,0.0009435681525220638,-0.0020691473836221977,37.56476683937822,0.4024291032978924
2025-10-06 00:00:00+00:00,0.0019790983509719445,-0.0019512273981670146,41.45658263305321,0.42699435492897303
2025-10-07 00:00:00+00:00,0.004705550972314266,-0.0012611470316535019,58.38509316770186,0.5836598415662314
2025-10-08 00:00:00+00:00,0.0035045595487320862,-0.004660762224575656,48.70466321243525,0.3340684517107622
2025-10-09 00:00:00+00:00,0.0015839970037646982,-0.007239674385255537,48.969072164948464,0.3869891686724513
2025-10-10 00:00:00+00:00,9.004142781282645e-05,-0.009712062037658313,52.486187845303874,0.2449836390361801
2025-10-11 00:00:00+00:00,-0.028358095471814657,-0.020887941768623554,27.257240204429294,-0.4317694740672664
2025-10-12 00:00:00+00:00,-0.027755845796961276,-0.01808420567352543,28.125,-0.18718881616488062
2025-10-13 00:00:00+00:00,-0.018216152597364334,-0.015060495530385,34.700315457413254,0.07929731877257816
2025-10-14 00:00:00+00:00,-0.018403993729008517,-0.014417410478213367,38.43843843843843,0.2001135902160869
2025-10-15 00:00:00+00:00,-0.025565037234484184,-0.01617013815532694,36.994219653179194,0.16328796563702955
2025-10-16 00:00:00+00:00,-0.028402821774952087,-0.015541281516743926,30.825958702064895,0.1341191761977093
2025-10-17 00:00:00+00:00,-0.029224817842453274,-0.017093265565282886,24.924924924924923,0.12023048099377313
2025-10-18 00:00:00+00:00,-0.0323137942507303,-0.017236539536889035,24.48377581120944,0.12483495366645178
2025-10-19 00:00:00+00:00,-0.03440376795048227,-0.013786582436153407,26.911314984709477,0.1808254765850071
2025-10-20 00:00:00+00:00,-0.02530402924602236,-0.01208279420073632,29.18518518518519,0.24981319885307476
2025-10-21 00:00:00+00:00,-0.024206280863116155,-0.011492644304482243,26.574500768049134,0.29842408192465153
2025-10-22 00:00:00+00:00,-0.024274023252375838,-0.010448400883985545,28.785357737104803,0.2813427401518863
2025-10-23 00:00:00+00:00,0.00012410029595562194,-0.01282660032627214,26.797385620915037,0.2683764561562129
2025-10-24 00:00:00+00:00,0.002680542993338674,-0.010995457382601288,30.909090909090907,0.32963150250714307
2025-10-25 00:00:00+00:00,-0.0035224512057496337,-0.010484488984047453,56.30026809651474,0.39293722221959
2025-10-26 00:00:00+00:00,-0.007666962568480249,-0.01042828124029299,55.76407506702413,0.4083816513331944
2025-10-27 00:00:00+00:00,-0.0022463174990440494,-0.009290473104780006,47.284345047923324,0.472152085127425
2025-10-28 00:00:00+00:00,-0.0006983281088959173,-0.012194239312162108,37.837837837837846,0.44410594099798606
2025-10-29 00:00:00+00:00,0.0013218253583721854,-0.01461023186653231,40.43321299638989,0.41941054611176326
2025-10-30 00:00:00+00:00,0.004512196947496379,-0.014029300576717732,46.558704453441294,0.46373747088720024
2025-10-31 00:00:00+00:00,-0.003917830397348041,-0.016030304843785762,41.97080291970803,0.03902648355022347
2025-11-01 00:00:00+00:00,-0.005290829440810132,-0.015438145489251124,48.28897338403042,0.14725538495905885
2025-11-02 00:00:00+00:00,-0.005417069192416341,-0.016164622842050214,49.06367041198503,0.27247972503570067
2025-11-03 00:00:00+00:00,-0.002568068220498983,-0.013251152162092189,44.26229508196722,0.2835474646062889
2025-11-04 00:00:00+00:00,-0.013426612428612638,-0.019754573910446292,28.134556574923536,-0.2943078543622513
2025-11-05 00:00:00+00:00,-0.01814686436747442,-0.019412490826580017,29.02208201892745,-0.1636357060012304
2025-11-06 00:00:00+00:00,-0.01836349236269441,-0.005871595241376571,34.71337579617834,0.020037638615442048
2025-11-07 00:00:00+00:00,-0.021376290017780148,-0.00748387088067093,27.476038338658142,0.002925902299069114
2025-11-08 00:00:00+00:00,-0.01397293677305963,-0.0073320658012547574,36.05633802816901,0.30570698808751606
2025-11-09 00:00:00+00:00,-0.013138596058699915,-0.00976405577201968,35.26170798898072,0.2840917446125219
2025-11-10 00:00:00+00:00,-0.011760162597859334,-0.008238751265013151,32.091690544412614,0.29717362658690977
2025-11-11 00:00:00+00:00,-0.010216860174361036,-0.005635779837983399,36.62790697674417,0.3725916152159827
2025-11-12 00:00:00+00:00,-0.008292628312821773,-0.006369294291648144,34.239130434782595,0.2341036613509371
2025-11-13 00:00:00+00:00,-0.011418483130357593,-0.005794155741386795,32.712765957446805,0.21835251139820872
2025-11-14 00:00:00+00:00,-0.017667642578780476,-0.008440257285880153,35.34482758620689,0.13498072263882446
2025-11-15 00:00:00+00:00,-0.026196978822250815,-0.01366328273573609,28.608247422680407,0.0020964258482290892
2025-11-16 00:00:00+00:00,-0.011377741302356631,-0.013833709497788052,27.67624020887726,0.07929132038384322
2025-11-17 00:00:00+00:00,-0.011661737437883797,-0.013591435835276,26.582278481012636,0.0761990286313621
2025-11-18 00:00:00+00:00,-0.016770797223289478,-0.013669240250258926,33.76205787781349,0.06944752765849341
2025-11-19 00:00:00+00:00,-0.010570773407844744,-0.013599863065832508,38.73015873015872,0.16042531150335
2025-11-20 00:00:00+00:00,-0.02189061820443135,-0.01580968133910786,33.87096774193549,0.1539424483836448
2025-11-21 00:00:00+00:00,-0.026332808773139375,-0.018379061712631584,32.812499999999986,0.08334953823372361
2025-11-22 00:00:00+00:00,-0.03229212014249767,-0.022106044792760977,13.937282229965135,0.023385620311117156
2025-11-23 00:00:00+00:00,-0.03399029074770384,-0.021001301055894754,14.748201438848909,0.06666404303997481
2025-11-24 00:00:00+00:00,-0.027925080379307604,-0.01986786617057728,16.071428571428555,0.13056976922563723
2025-11-25 00:00:00+00:00,-0.01870463337379945,-0.016509615889677177,23.202614379084977,0.2919012883984755
2025-11-26 00:00:00+00:00,-0.014215217545453471,-0.01319289750808266,26.492537313432834,0.3119954705388725
2025-11-27 00:00:00+00:00,-0.0036502185548661025,-0.012906077711454233,30.85501858736059,0.3684095184956935
2025-11-28 00:00:00+00:00,-0.00481233347792511,-0.013554600706484407,35.26970954356845,0.39427926390103424
2025-11-29 00:00:00+00:00,-0.004040130817855015,-0.014270849341748014,43.147208121827404,0.38318253162643
2025-11-30 00:00:00+00:00,-0.0025145585935177806,-0.008632907710984376,39.175257731958766,0.3776177595570904
2025-12-01 00:00:00+00:00,-0.006201940030842797,-0.00808682106431022,41.081081081081074,0.37536527157673755
2025-12-02 00:00:00+00:00,-0.013460898927073436,-0.013546945907282794,34.862385321100916,0.12432198449739396
2025-12-03 00:00:00+00:00,0.0024049023718316445,-0.007403126763579985,43.873517786561266,0.4671985150419591
2025-12-04 00:00:00+00:00,0.012730229546034153,-0.00978150649164077,50.75757575757576,0.6965881555290558
2025-12-05 00:00:00+00:00,0.011830855105865583,-0.009476938979941443,56.77966101694916,0.6709447533995861
2025-12-06 00:00:00+00:00,0.004284432606364152,-0.01246266838401259,55.601659751037346,0.3470791909503402
2025-12-07 00:00:00+00:00,-0.001101337615960542,-0.012302451631953874,57.53968253968254,0.4814995208326709
2025-12-08 00:00:00+00:00,-0.0025928017374224318,-0.01056220831943681,55.07812500000001,0.4125910036651761
2025-12-09 00:00:00+00:00,0.0010593362990301604,-0.0071470841286598846,53.62903225806451,0.7619662466783457
2025-12-10 00:00:00+00:00,0.004141639046022722,-0.0034887784181137018,57.089552238805965,0.9404207900234351
2025-12-11 00:00:00+00:00,0.00035919595842686644,-0.002014153289127547,49.30069930069931,0.6240840183564561
2025-12-12 00:00:00+00:00,0.0005452582157446581,-0.003129984856476089,48.09688581314879,0.5532510662202358
2025-12-13 00:00:00+00:00,-0.0039555447699103075,-0.0045301167560147645,44.98381877022654,0.21667051498302503
2025-12-14 00:00:00+00:00,0.006527653605825586,-0.0027938147553835326,46.92556634304207,0.2568946199898625
2025-12-15 00:00:00+00:00,-0.007633097424616944,-0.006047276309782541,44.47852760736197,0.05934071106940555
2025-12-16 00:00:00+00:00,-0.013952745358350326,-0.006117872870372604,50.173010380622834,0.019794149449802255
2025-12-17 00:00:00+00:00,-0.012641891515718191,-0.0031580540919008966,39.99999999999998,0.10639676713515747
2025-12-18 00:00:00+00:00,-0.009862722829289938,-0.0021106388548397925,30.93220338983052,0.012216487195236703
2025-12-19 00:00:00+00:00,-0.01604779043579431,-0.004021297641841783,29.19999999999999,-0.030462044905720707
2025-12-20 00:00:00+00:00,-0.006248046295741758,-0.000557423357791037,44.44444444444443,0.2898425166635235
2025-12-21 00:00:00+00:00,-0.012670635802539956,-0.004362162172693964,41.15226337448559,0.28740821675095146
2025-12-22 00:00:00+00:00,-0.017342139495805764,-0.004931973164430144,41.493775933609946,0.24487467203913216
2025-12-23 00:00:00+00:00,-0.012339664856732255,-0.006024666966911925,32.380952380952365,0.26190047421188234
2025-12-24 00:00:00+00:00,-0.01311807313448994,-0.006963403159506011,24.242424242424235,0.2296005118374286
2025-12-25 00:00:00+00:00,-0.007040775629743302,-0.0059150297461170506,30.232558139534888,0.28134008541032995
2025-12-26 00:00:00+00:00,-0.009672680937729492,-0.006097563529635092,29.885057471264375,0.2518264624261387
2025-12-27 00:00:00+00:00,-0.0028458049876765134,-0.0044982909052442566,40.8805031446541,0.3668294516011454
2025-12-28 00:00:00+00:00,0.002825129306306787,0.0013987555450336515,44.70588235294115,0.5062242680332711
2025-12-29 00:00:00+00:00,0.0016142554796666573,-0.003522968042130891,50.0,0.5059674139501775
2025-12-30 00:00:00+00:00,0.0035555371932419204,-0.006345112248436208,50.33112582781457,0.44618697765451015
2025-12-31 00:00:00+00:00,0.008914343296014001,-0.005367380015619437,51.61290322580647,0.5609997294099113
2026-01-01 00:00:00+00:00,-0.0016380543791292695,-0.003290878889557233,54.42176870748301,0.44123900732172644
2026-01-02 00:00:00+00:00,0.01560096184067889,0.00334659142267808,77.52293577981652,1.369402679362955
2026-01-03 00:00:00+00:00,0.03323412579136905,0.011603531848858232,82.86713286713288,1.4373859075441315
2026-01-04 00:00:00+00:00,0.034821403366944004,0.009557825525971385,84.30034129692834,1.2036894856691762
2026-01-05 00:00:00+00:00,0.05022166309824692,0.014304300249212849,89.89898989898991,1.253207776307671
2026-01-06 00:00:00+00:00,0.04738096719561664,0.015787326209508998,86.40776699029126,1.0662337387947143
2026-01-07 00:00:00+00:00,0.04521853315399913,0.014520871057251592,82.02764976958527,0.9290221284981993
2026-01-08 00:00:00+00:00,0.040602018916450495,0.01606673848846073,79.10112359550563,0.8526867628707886
2026-01-09 00:00:00+00:00,0.03082668089072943,0.012613691214989271,72.42798353909467,0.7298720433868985
2026-01-10 00:00:00+00:00,0.03169772794737962,0.014629720591098292,71.78947368421053,0.7120534639782724
2026-01-11 00:00:00+00:00,0.031505511160004156,0.01463562152926586,68.35443037974684,0.6614145511761752
2026-01-12 00:00:00+00:00,0.028096844142929216,0.01343511336529475,66.80412371134021,0.6165986685961318
2026-01-13 00:00:00+00:00,0.029183535786092892,0.01473047124061946,67.08074534161491,0.5838157242387987
2026-01-14 00:00:00+00:00,0.024227184569417397,0.021935041425083488,71.70818505338079,0.7438102861330951
2026-01-15 00:00:00+00:00,0.003407397521164842,0.016059890533584358,68.8888888888889,0.6507146362606477
2026-01-16 00:00:00+00:00,-0.0025001875253165837,0.01425187857699756,59.35727788279774,0.5573547244379414
2026-01-17 00:00:00+00:00,-0.016080244513684883,0.014886713317884027,49.17257683215129,0.541386541467113
2026-01-18 00:00:00+00:00,-0.015789981957843757,0.01419487216284215,46.58823529411765,0.48908152662268456
2026-01-19 00:00:00+00:00,-0.017179180102231403,0.012646513995217072,25.428571428571416,0.36137682250512854
2026-01-20 00:00:00+00:00,-0.018246686700227232,0.010894779532852764,25.284090909090907,0.2563161613563168
2026-01-21 00:00:00+00:00,-0.016464065517887375,0.00947920602414717,25.428571428571416,0.07331251013066845
2026-01-22 00:00:00+00:00,-0.014269640976015976,0.009357180904172386,29.714285714285708,0.1189256927303028
2026-01-23 00:00:00+00:00,-0.01536198351456019,0.006241569458096485,32.29813664596273,0.08982896601560969
2026-01-24 00:00:00+00:00,-0.012035665320727992,0.007135149918958759,33.536585365853654,0.16121215657111237
2026-01-25 00:00:00+00:00,-0.01121090774646718,0.00791518896075372,35.03184713375795,0.17499837897076875
2026-01-26 00:00:00+00:00,-0.028039353051767735,0.004879489264568835,33.33333333333333,0.087341247152456
2026-01-27 00:00:00+00:00,-0.01829535560704691,0.008371905351468522,39.94334277620396,0.23745247042191578
2026-01-28 00:00:00+00:00,-0.013767493026769452,0.0006972070997137105,20.59925093632961,0.2580194557850379
2026-01-29 00:00:00+00:00,-0.014576384065614753,-0.00717967584687773,23.206751054852333,0.2642010027703897
2026-01-30 00:00:00+00:00,-0.01699439292071103,-0.009720110739152478,24.122807017543877,0.18637584730762982
2026-01-31 00:00:00+00:00,-0.013921173721930533,-0.01695787222948021,22.689075630252105,0.17328106874747495
2026-02-01 00:00:00+00:00,-0.019910169025888682,-0.020162667953995846,19.780219780219795,0.03873797990873137
2026-02-02 00:00:00+00:00,-0.015160069624187948,-0.018387841411939176,22.91666666666667,0.1000287734828677
2026-02-03 00:00:00+00:00,-0.01604081751860063,-0.016785666681235826,27.510917030567697,0.14485203387705295
2026-02-04 00:00:00+00:00,-0.015328525224307353,-0.015060833364228183,29.439252336448604,0.11292554905376018
2026-02-05 00:00:00+00:00,-0.014862117367859617,-0.014354009457305502,27.40384615384616,0.1792717451371657
2026-02-06 00:00:00+00:00,-0.03164978011329889,-0.021233407011539997,21.428571428571445,-0.09480034604412302
2026-02-07 00:00:00+00:00,-0.015335427893228214,-0.015166174752119212,31.92182410423453,0.14932611814567112
2026-02-08 00:00:00+00:00,-0.02173072763500283,-0.015126985458267964,31.61290322580645,0.15858557486133493
2026-02-09 00:00:00+00:00,-0.023475992122106434,-0.021319643680989597,34.027777777777786,0.15696161259297006
2026-02-10 00:00:00+00:00,-0.022149220914160647,-0.018975038201643344,26.92307692307692,0.2040462279155766
2026-02-11 00:00:00+00:00,-0.021828460071266025,-0.01864085191420607,25.270758122743686,0.16043757460063687
2026-02-12 00:00:00+00:00,-0.021485759108508317,-0.01945272511939872,25.000000000000014,0.16601075495134687
2026-02-13 00:00:00+00:00,-0.009115388829795996,-0.017082086510281494,31.36531365313654,0.2589268317376278
2026-02-14 00:00:00+00:00,-0.007982588720139657,-0.014143260774050682,34.21052631578948,0.3074961811170393
2026-02-15 00:00:00+00:00,0.0108569332017179,-0.0033532267264919187,60.49382716049383,0.8182279389218198
2026-02-16 00:00:00+00:00,0.00587097174588428,-0.004752354627102804,53.424657534246585,0.6378297298808298
2026-02-17 00:00:00+00:00,0.005378210094797583,-0.005285770501545399,53.296703296703306,0.7040187477422681
2026-02-18 00:00:00+00:00,0.020807389667713835,-0.004539850158182753,53.88888888888889,0.6871661064124873
2026-02-19 00:00:00+00:00,0.006555384921742659,-0.006585690024825064,50.40871934604905,0.610354008821661
2026-02-20 00:00:00+00:00,0.007627900798453892,-0.006432150745227469,64.01384083044982,0.6307789589870196
2026-02-21 00:00:00+00:00,0.009766247775402402,-0.003870904837680301,57.02479338842975,0.6405374314586133
2026-02-22 00:00:00+00:00,0.007123262091999751,-0.007243368494391037,55.87044534412954,0.5702995027509815
2026-02-23 00:00:00+00:00,0.008894433289149855,-0.008181501306858695,55.421686746987966,0.5064097621740499
2026-02-24 00:00:00+00:00,0.00863986912290343,-0.008737531340082635,52.94117647058823,0.4476611534354878
2026-02-25 00:00:00+00:00,0.004788087918732263,-0.0070286338151538215,56.250000000000014,0.44240086397056416
2026-02-26 00:00:00+00:00,0.007580981517143878,-0.004219189125247108,61.26482213438735,0.5652066472907715
2026-02-27 00:00:00+00:00,-0.01933180537266059,-0.0030862896557712627,52.044609665427515,0.3275480122903826
2026-02-28 00:00:00+00:00,-0.014854019283859923,-0.004611100623874487,48.375451263537904,0.23185576162672292
2026-03-01 00:00:00+00:00,-0.016846658251134922,-0.005657696993484305,16.57142857142857,0.2188611216769708
2026-03-02 00:00:00+00:00,-0.020079583003650984,-0.006732646056341354,18.83116883116881,0.10186406507572088
2026-03-03 00:00:00+00:00,-0.015311750287348424,-0.006793212910742976,18.83116883116881,0.16215097429072928
2026-03-04 00:00:00+00:00,-0.016744450332379493,0.00044723223058148434,19.205298013245013,0.13269237799594163
2026-03-05 00:00:00+00:00,-0.012454652960254227,-0.002541316407076923,31.61290322580645,0.27027716003534025
2026-03-06 00:00:00+00:00,-0.014673003371352003,-0.003985957295782964,28.323699421965316,0.17371441827143272
2026-03-07 00:00:00+00:00,-0.014823913310507414,-0.004188234163043765,26.111111111111114,0.13273657536511815
2026-03-08 00:00:00+00:00,-0.016465752410395273,-0.006114392030652464,25.543478260869563,0.08718206282949173
2026-03-09 00:00:00+00:00,-0.01785829387647977,-0.005196249417560166,25.966850828729278,0.0833837893396093
2026-03-10 00:00:00+00:00,-0.019658816910671756,-0.0033759850339379277,30.939226519337012,0.17326062667836978
2026-03-11 00:00:00+00:00,-0.012411861226676674,-0.004607738454331576,32.41758241758242,0.22129732766290808
2026-03-12 00:00:00+00:00,-0.008554512838340288,-0.004875065601505548,25.454545454545453,0.2644390702407887
2026-03-13 00:00:00+00:00,-0.0073752334646916586,-0.014072543147211793,32.35294117647061,0.29730216101196083
2026-03-14 00:00:00+00:00,-0.0017082101290284174,-0.010230729998608754,37.6,0.3395869852266475
2026-03-15 00:00:00+00:00,-0.003876667969574397,-0.011064695094299274,37.903225806451616,0.3407480583970156
2026-03-16 00:00:00+00:00,-0.00024119650219703854,-0.00926749984783892,50.0,0.4448980140927934
2026-03-17 00:00:00+00:00,0.007402601142217979,-0.0021502935360883154,65.0,0.9864193628844609
2026-03-18 00:00:00+00:00,0.0044299473566746655,-0.005461935807373377,55.614973262032095,0.7221215455025572
2026-03-19 00:00:00+00:00,0.003135922351470578,-0.007248384358704608,46.15384615384615,0.5666287416524456
2026-03-20 00:00:00+00:00,0.0042487962277389804,-0.0074410685833882035,48.27586206896551,0.45302041266226334
2026-03-21 00:00:00+00:00,0.0060632795235357,-0.006502935770920546,50.9090909090909,0.4680508842909959
2026-03-22 00:00:00+00:00,0.0012645665016029325,-0.006779970859153542,52.17391304347827,0.3400105275659985
2026-03-23 00:00:00+00:00,-0.0005065871730318448,-0.0070514346505303966,53.164556962025316,0.30382562587420664
2026-03-24 00:00:00+00:00,0.002950160587576331,-0.007012367568998263,55.42168674698796,0.535314669771185
2026-03-25 00:00:00+00:00,0.004361460425685858,-0.003137189701821127,56.7251461988304,0.6584829736425235
2026-03-26 00:00:00+00:00,0.0038542514708963,-0.0015961434964135736,56.2130177514793,0.6668287544365522
2026-03-27 00:00:00+00:00,0.0009862048039168934,-0.0028341429150445917,51.38121546961325,0.47067041515056474
2026-03-28 00:00:00+00:00,-0.0042109007206013365,-0.0019434926402775445,47.36842105263158,0.2994224319826262
2026-03-29 00:00:00+00:00,-0.016537578226986527,-0.0027160602774597485,47.87234042553191,0.2852815054603127
2026-03-30 00:00:00+00:00,-0.00961680642977642,-0.002172254006171958,45.00000000000001,0.27072431938982555
2026-03-31 00:00:00+00:00,-0.005126066685086195,-0.0038659599240116697,23.255813953488385,0.3278476912529575
2026-04-01 00:00:00+00:00,-0.0004887599543665164,-0.0008944946986256727,37.14285714285714,0.4536661327048655
2026-04-02 00:00:00+00:00,-0.0004887599543665164,0.0001132888549906377,43.33333333333333,0.44972364066951037
2026-04-03 00:00:00+00:00,0.0005005020050176468,0.0010506081018062659,45.348837209302346,0.3646837015765052
2026-04-04 00:00:00+00:00,0.003483094056538443,0.0027984367031703167,50.0,0.47783190358206984
2026-04-05 00:00:00+00:00,-0.0012165666184293894,0.0014994402581905212,54.651162790697676,0.4520077269265617
2026-04-06 00:00:00+00:00,-0.0009496778942391417,0.002153048759303888,61.538461538461554,0.6960598572458447
2026-04-07 00:00:00+00:00,-0.005096201929444223,-5.07073016054759e-18,43.333333333333314,0.32757961262123136
2026-04-08 00:00:00+00:00,0.007495686388578293,0.004029358555695386,57.85123966942149,1.2211814278078792
2026-04-09 00:00:00+00:00,0.006356942062469232,0.0017788852942598322,50.0,0.7907235387636989
2026-04-10 00:00:00+00:00,0.005647717923476839,0.001679810134717745,54.33070866141731,0.7116310429385501
2026-04-11 00:00:00+00:00,0.008703555280633123,0.0019560929705188844,63.77952755905512,0.907447960308359
2026-04-12 00:00:00+00:00,0.00791962435497314,-0.0036273338258169803,64.0625,0.8801450559366402
2026-04-13 00:00:00+00:00,0.0014577631206264309,-0.002266272038340243,56.55172413793103,0.5300522595725948
2026-04-14 00:00:00+00:00,0.008165034030016977,0.002434417322012051,62.94117647058824,1.007745910511782
2026-04-15 00:00:00+00:00,0.005549565733578211,0.0016509632583474475,54.74860335195531,0.6933938538917126
2026-04-16 00:00:00+00:00,0.007006926434211764,0.003233966046559268,58.24742268041237,0.8942015361964339
2026-04-17 00:00:00+00:00,0.013125532306185857,0.006973732167998023,64.95327102803738,1.1323933848077672
2026-04-18 00:00:00+00:00,0.010528524087671099,0.007246177033474478,62.98076923076924,1.0122497192631044
2026-04-19 00:00:00+00:00,0.010341891455630562,0.0034115680929481004,58.222222222222214,0.7543833999125023
2026-04-20 00:00:00+00:00,-0.0015830417242212725,0.00128574217881517,53.50877192982456,0.5865035137246001
2026-04-21 00:00:00+00:00,0.005024352521343316,0.0023189319329276845,59.64125560538117,0.7085005390314706
2026-04-22 00:00:00+00:00,0.006834429305069584,0.004378990673711293,52.38095238095237,0.7485150896924658
2026-04-23 00:00:00+00:00,0.0038140348712983724,0.005659909397549518,57.55813953488372,0.7143232464597871
2026-04-24 00:00:00+00:00,0.004240093461992093,0.005962360799865459,59.30232558139535,0.7322971195387445
2026-04-25 00:00:00+00:00,0.009332159831004787,0.006479404697404929,57.31707317073172,0.7648161646756251
2026-04-26 00:00:00+00:00,0.002193109026447782,0.005812498419643117,56.36363636363639,0.7130653658918675
2026-04-27 00:00:00+00:00,0.007153630153233937,0.005178220231086118,64.23841059602651,0.7641341494412576
2026-04-28 00:00:00+00:00,0.003937740404212136,0.005276966212057107,56.09756097560975,0.7579641284077779
2026-04-29 00:00:00+00:00,-0.002120555471763676,0.00576401333256049,64.48598130841123,0.7036031224135765
2026-04-30 00:00:00+00:00,-0.002347573080558019,0.004555099893276109,56.84210526315793,0.6334168370571912
2026-05-01 00:00:00+00:00,0.0021816254651475975,0.004979964439214401,42.25352112676055,0.6520827416568923
2026-05-02 00:00:00+00:00,0.006159354857230798,0.004566834217955141,47.99999999999996,0.741896007921385
2026-05-03 00:00:00+00:00,0.005156283643173943,0.007050848351059146,68.25396825396831,0.8889731460333724
2026-05-04 00:00:00+00:00,0.0027959611809360643,0.0022098867317225717,75.4385964912282,0.7264618210099265
2026-05-05 00:00:00+00:00,0.0038567293803338284,0.004505965082717793,72.00000000000011,0.8197547098057457
2026-05-06 00:00:00+00:00,0.005879852109632354,0.006069499655014158,75.86206896551735,1.0632220139282595
2026-05-07 00:00:00+00:00,0.006021713935956764,0.005241631769092763,79.03225806451624,1.0740872030839141
2026-05-08 00:00:00+00:00,0.0062529321619094755,0.005043255868998347,76.6666666666668,0.9797989588727397
2026-05-09 00:00:00+00:00,0.008544062207108433,0.008448819809462426,80.55555555555567,1.1160270445595268
2026-05-10 00:00:00+00:00,0.007161869150060368,0.004813967036692518,76.31578947368425,0.9664166224098822
2026-05-11 00:00:00+00:00,0.010669961318631016,0.008127272833354092,79.5454545454546,1.0848382395956042
2026-05-12 00:00:00+00:00,0.00998343331771835,0.005928872301048379,73.40425531914897,0.9248995464885982
2026-05-13 00:00:00+00:00,0.005620106732961019,0.0015159218669567839,61.607142857142875,0.6442461980687259
