model,timestamp,actual_log_return,predicted_log_return,signal,trade_event,strategy_log_return,strategy_equity,strategy_cumulative_pnl,strategy_drawdown
OLS,2025-10-11 00:00:00+00:00,0.002976192673045955,-0.013631411625876062,-1.0,True,-0.002976192673045955,0.9970282317979198,-0.002971768202080227,0.0
OLS,2025-10-12 00:00:00+00:00,0.10699365387249171,-0.005710419230344648,-1.0,False,-0.10699365387249171,0.8958611481975968,-0.10413885180240323,-0.10146862483311081
OLS,2025-10-13 00:00:00+00:00,0.046944734265188866,-0.020252081832293913,-1.0,False,-0.046944734265188866,0.8547770700636943,-0.1452229299363057,-0.14267515923566876
OLS,2025-10-14 00:00:00+00:00,-0.04294739383256848,-0.018222886573029996,-1.0,False,0.04294739383256848,0.8922872340425532,-0.10771276595744683,-0.10505319148936176
OLS,2025-10-15 00:00:00+00:00,-0.04487496622879318,-0.010793834422748663,-1.0,False,0.04487496622879318,0.933240611961057,-0.06675938803894299,-0.06397774687065372
OLS,2025-10-16 00:00:00+00:00,-0.04407251978770297,0.0037454797115710732,1.0,True,-0.04407251978770297,0.8930035341157264,-0.10699646588427358,-0.10433475639361567
OLS,2025-10-17 00:00:00+00:00,-0.03400179727748958,0.0025228900331375256,1.0,False,-0.03400179727748958,0.8631502182949972,-0.13684978170500284,-0.1342770537816198
OLS,2025-10-18 00:00:00+00:00,0.014925650216675574,0.04692709230610875,1.0,False,0.014925650216675574,0.8761299208257488,-0.12387007917425119,-0.12125866361292259
OLS,2025-10-19 00:00:00+00:00,0.03493805136128044,0.013928729741295366,1.0,False,0.03493805136128044,0.9072812068995533,-0.09271879310044673,-0.0900145272080487
OLS,2025-10-20 00:00:00+00:00,0.022631800460197343,0.016686917949709525,1.0,False,0.022631800460197343,0.9280487309487562,-0.07195126905124383,-0.06918510293813274
OLS,2025-10-21 00:00:00+00:00,-0.03269658707633818,0.047168501520865054,1.0,False,-0.03269658707633818,0.8981954151280269,-0.10180458487197308,-0.09912740032613698
OLS,2025-10-22 00:00:00+00:00,-0.02932761509451995,0.022052989226173027,1.0,False,-0.02932761509451995,0.8722360100665233,-0.1277639899334767,-0.12516418066353174
OLS,2025-10-23 00:00:00+00:00,0.03365350504164258,0.020397989218040067,1.0,False,0.03365350504164258,0.9020893258872524,-0.09791067411274756,-0.09522188327552772
OLS,2025-10-24 00:00:00+00:00,0.03255772348343202,0.01978099557770411,1.0,False,0.03255772348343202,0.9319426417079817,-0.06805735829201831,-0.06527958588752358
OLS,2025-10-25 00:00:00+00:00,-0.0027894020875785254,-0.00977614918232364,-1.0,True,0.0027894020875785254,0.9345458334445961,-0.06545416655540393,-0.06266863501011455
OLS,2025-10-26 00:00:00+00:00,0.02210034700066592,-0.009115532068815116,-1.0,False,-0.02210034700066592,0.9141186021124739,-0.08588139788752613,-0.08315675227765285
OLS,2025-10-27 00:00:00+00:00,-0.026299093547015595,-0.008312817909530206,-1.0,False,0.026299093547015595,0.9384780038517964,-0.06152199614820364,-0.058724744273831675
OLS,2025-10-28 00:00:00+00:00,-0.019830678180485735,0.004509587284804695,1.0,True,-0.019830678180485735,0.9200506657677499,-0.07994933423225015,-0.07720700735961905
OLS,2025-10-29 00:00:00+00:00,0.004282661792000728,-0.005440928123128296,-1.0,True,-0.004282661792000728,0.9161188253157511,-0.08388117468424894,-0.08115056715722735
OLS,2025-10-30 00:00:00+00:00,-0.08623467792145746,0.004406888014971038,1.0,True,-0.08623467792145746,0.8404280961586093,-0.15957190384139075,-0.15706690206446494
OLS,2025-10-31 00:00:00+00:00,0.018462062839735352,0.009360987336600582,1.0,False,0.018462062839735352,0.8560882470187074,-0.14391175298129255,-0.14136007415262275
OLS,2025-11-01 00:00:00+00:00,0.02111692344092283,-0.03548881598066318,-1.0,True,-0.02111692344092283,0.8381998358869732,-0.16180016411302678,-0.15930180394644866
OLS,2025-11-02 00:00:00+00:00,0.00149142458667012,-0.013061319009904976,-1.0,False,-0.00149142458667012,0.836950655803684,-0.163049344196316,-0.16055470736828714
OLS,2025-11-03 00:00:00+00:00,-0.15963014559188382,-0.01565631519844866,-1.0,False,0.15963014559188382,0.9818075000773985,-0.018192499922601524,-0.0152660990281831
OLS,2025-11-04 00:00:00+00:00,-0.022989518224698833,-0.02164633788571484,-1.0,False,0.022989518224698833,1.004640232637338,0.004640232637338038,0.0
OLS,2025-11-05 00:00:00+00:00,0.029958187540792165,-0.004211222624559464,-1.0,False,-0.029958187540792165,0.9749893924379721,-0.025010607562027887,-0.02951388888888895
OLS,2025-11-06 00:00:00+00:00,-0.03894297394860741,-0.018025640999097224,-1.0,False,0.03894297394860741,1.0137073827513934,0.013707382751393382,0.0
OLS,2025-11-07 00:00:00+00:00,0.1109405859373122,-0.009903671794991539,-1.0,False,-0.1109405859373122,0.9072599192960775,-0.09274008070392248,-0.10500807754442643
OLS,2025-11-08 00:00:00+00:00,-0.01628700497469905,-0.008118341903665583,-1.0,False,0.01628700497469905,0.9221574549167028,-0.07784254508329724,-0.09031198686371089
OLS,2025-11-09 00:00:00+00:00,-0.0032894766503987574,-0.0009181133908769929,-1.0,False,0.0032894766503987574,0.9251958649823262,-0.0748041350176738,-0.08731466227347595
OLS,2025-11-10 00:00:00+00:00,0.022802290873980335,-0.012873665240824197,-1.0,False,-0.022802290873980335,0.904337987188844,-0.09566201281115605,-0.10789049919484672
OLS,2025-11-11 00:00:00+00:00,-0.06314389558298632,0.008295105720736455,1.0,True,-0.06314389558298632,0.8490000749293012,-0.15099992507069881,-0.16248013048405097
OLS,2025-11-12 00:00:00+00:00,-0.019048194970694474,0.0099344991516995,1.0,False,-0.019048194970694474,0.8329812055910125,-0.16701879440898748,-0.1782823921730311
OLS,2025-11-13 00:00:00+00:00,-0.05387298994015175,-0.011910416753345962,-1.0,True,0.05387298994015175,0.879087176380183,-0.12091282361981703,-0.1327998677545642
OLS,2025-11-14 00:00:00+00:00,-0.10086061033497395,0.004418306025146008,1.0,True,-0.10086061033497395,0.7947467092735971,-0.20525329072640286,-0.21599988044231822
OLS,2025-11-15 00:00:00+00:00,0.01820070464684637,0.018254484158502244,1.0,False,0.01820070464684637,0.8093440978112755,-0.19065590218872452,-0.20159987824636072
OLS,2025-11-16 00:00:00+00:00,-0.026397471851024812,-0.005178611901339006,-1.0,True,0.026397471851024812,0.8309932197691902,-0.16900678023080984,-0.18024349638875314
OLS,2025-11-17 00:00:00+00:00,-0.031350529884076044,-0.0001314531511637867,-1.0,False,0.031350529884076044,0.8574579719911389,-0.14254202800886107,-0.15413660136928664
OLS,2025-11-18 00:00:00+00:00,0.03545731183672942,-0.013647871944714379,-1.0,False,-0.03545731183672942,0.8275875098521033,-0.17241249014789672,-0.1836031541904387
OLS,2025-11-19 00:00:00+00:00,-0.024897551621727087,-0.025532356847069795,-1.0,False,0.024897551621727087,0.8484510605206437,-0.15154893947935633,-0.16302172110280266
OLS,2025-11-20 00:00:00+00:00,-0.06959329179919535,0.004401746041406144,1.0,True,-0.06959329179919535,0.7914123337629533,-0.20858766623704672,-0.21928916842362278
OLS,2025-11-21 00:00:00+00:00,-0.07480121308269828,0.02203328088895164,1.0,False,-0.07480121308269828,0.734373607005263,-0.265626392994737,-0.2755566157444427
OLS,2025-11-22 00:00:00+00:00,0.0024242436115062545,0.02115098383619791,1.0,False,0.0024242436115062545,0.7361560672164407,-0.26384393278355933,-0.27379825801566715
OLS,2025-11-23 00:00:00+00:00,0.009638628837768573,0.01849157313297346,1.0,False,0.009638628837768573,0.7432859080611519,-0.2567140919388481,-0.2667648271005647
OLS,2025-11-24 00:00:00+00:00,0.09159716909540332,0.0007792336467013688,1.0,False,0.09159716909540332,0.8145843165082648,-0.1854156834917352,-0.1964305179495398
OLS,2025-11-25 00:00:00+00:00,0.0,0.004510332270828289,1.0,False,0.0,0.8145843165082648,-0.1854156834917352,-0.1964305179495398
OLS,2025-11-26 00:00:00+00:00,0.025919377552074494,0.003292589646362704,1.0,False,0.025919377552074494,0.8359738390423985,-0.16402616095760147,-0.17533022520423247
OLS,2025-11-27 00:00:00+00:00,0.00425532557013827,-0.017964942262142243,-1.0,True,-0.00425532557013827,0.8324240562863799,-0.16757594371362006,-0.17883200768744156
OLS,2025-11-28 00:00:00+00:00,-0.01713103993018367,0.0018141810142376612,1.0,True,-0.01713103993018367,0.8182852188123013,-0.18171478118769868,-0.19277965936154018
OLS,2025-11-29 00:00:00+00:00,-0.013043663192029226,-0.013608889165896506,-1.0,True,0.013043663192029226,0.8290285696063358,-0.17097143039366425,-0.18218158049101352
OLS,2025-11-30 00:00:00+00:00,-0.00879126541117077,-0.0007770835569017604,-1.0,False,0.00879126541117077,0.8363489101768112,-0.16365108982318877,-0.17496022579336235
OLS,2025-12-01 00:00:00+00:00,-0.11200505837649474,0.000904082820708494,1.0,True,-0.11200505837649474,0.7477291581050962,-0.2522708418949038,-0.26238165882188014
OLS,2025-12-02 00:00:00+00:00,0.1207963237876656,0.003358059417815467,1.0,False,0.1207963237876656,0.8437338895161209,-0.15626611048387906,-0.16767510637431904
OLS,2025-12-03 00:00:00+00:00,0.04910271300773182,-0.02125721713749155,-1.0,True,-0.04910271300773182,0.8033049739768069,-0.1966950260231931,-0.20755734086054956
OLS,2025-12-04 00:00:00+00:00,-0.00836824967051658,-0.008159720152634786,-1.0,False,0.00836824967051658,0.8100554359429986,-0.18994456405700144,-0.20089815885097428
OLS,2025-12-05 00:00:00+00:00,-0.08091844115624859,0.01951442483450698,1.0,True,-0.08091844115624859,0.7470889419726394,-0.2529110580273606,-0.2630132179318859
OLS,2025-12-06 00:00:00+00:00,0.02696792642750697,-0.02432896422457519,-1.0,True,-0.02696792642750697,0.7272107439600637,-0.2727892560399363,-0.2826226223328113
OLS,2025-12-07 00:00:00+00:00,-0.017897569457542676,-0.003357598738849252,-1.0,False,0.017897569457542676,0.7403432178916224,-0.2596567821083776,-0.2696677261221172
OLS,2025-12-08 00:00:00+00:00,0.0697450339895056,-0.012060257851241821,-1.0,False,-0.0697450339895056,0.6904674642652394,-0.3095325357347606,-0.31886905825704825
OLS,2025-12-09 00:00:00+00:00,0.041242958534049,0.014385654847465006,1.0,True,0.041242958534049,0.7195397785500915,-0.28046022144990845,-0.29018986070997665
OLS,2025-12-10 00:00:00+00:00,-0.06252035698133393,-0.0064225268838337644,-1.0,True,0.06252035698133393,0.7659616997468716,-0.23403830025312844,-0.24439565817513653
OLS,2025-12-11 00:00:00+00:00,-0.01081091610421573,-0.0002807732751537508,-1.0,False,0.01081091610421573,0.7742873703962941,-0.22571262960370586,-0.23618256750312705
OLS,2025-12-12 00:00:00+00:00,-0.06280090123903036,0.00921757352926936,1.0,True,-0.06280090123903036,0.7271568348069546,-0.2728431651930454,-0.2826758025246757
OLS,2025-12-13 00:00:00+00:00,0.013793322132335988,0.02667519932696849,1.0,False,0.013793322132335988,0.7372562352903845,-0.26274376470961547,-0.27271296644862963
OLS,2025-12-14 00:00:00+00:00,-0.049132688577644766,-0.010714869229485712,-1.0,True,0.049132688577644766,0.7743842471395407,-0.22561575286045932,-0.23608700073021516
OLS,2025-12-15 00:00:00+00:00,-0.026733062197068752,-0.015877044809638526,-1.0,False,0.026733062197068752,0.7953651011260799,-0.20463489887392006,-0.21538985050369386
OLS,2025-12-16 00:00:00+00:00,0.00736199644106904,-0.04468401825211993,-1.0,False,-0.00736199644106904,0.7895311272791894,-0.2104688727208106,-0.22114493717481598
OLS,2025-12-17 00:00:00+00:00,-0.04756841691910957,-0.019016736005484865,-1.0,False,0.04756841691910957,0.8279954642492011,-0.17200453575079888,-0.18320071616538391
OLS,2025-12-18 00:00:00+00:00,-0.0472528848505455,-0.011157609886687852,-1.0,False,0.0472528848505455,0.8680597609064205,-0.13194023909357955,-0.14367817017338647
OLS,2025-12-19 00:00:00+00:00,0.09969936022308797,-0.00647047512648884,-1.0,False,-0.09969936022308797,0.7856891266598259,-0.21431087334017407,-0.2249349861423351
OLS,2025-12-20 00:00:00+00:00,-0.007326040092072786,-0.010251992635097898,-1.0,False,0.007326040092072786,0.7914662525911481,-0.2085337474088519,-0.21923597868749944
OLS,2025-12-21 00:00:00+00:00,-0.0148150857851407,-0.0035999406793664245,-1.0,False,0.0148150857851407,0.8032791817342996,-0.19672081826570043,-0.20758278433955157
OLS,2025-12-22 00:00:00+00:00,-0.002490661312451808,-0.008912570075967805,-1.0,False,0.002490661312451808,0.8052823717136868,-0.19471762828631323,-0.20560668155735606
OLS,2025-12-23 00:00:00+00:00,-0.02015181543730793,0.010186339506115466,1.0,True,-0.02015181543730793,0.7892168879887255,-0.21078311201127453,-0.2214549273118228
OLS,2025-12-24 00:00:00+00:00,0.010126668817929268,0.004935519435282546,1.0,False,0.010126668817929268,0.7972496298512063,-0.2027503701487937,-0.21353080443458927
OLS,2025-12-25 00:00:00+00:00,-0.0177895415634983,-7.590875186230865e-05,-1.0,True,0.0177895415634983,0.8115592385921253,-0.1884407614078747,-0.19941469066803064
OLS,2025-12-26 00:00:00+00:00,0.03278982282299097,0.009361051473883863,1.0,True,0.03278982282299097,0.8386112132118629,-0.16138878678813706,-0.17272851369029818
OLS,2025-12-27 00:00:00+00:00,0.04131814933073086,-0.03231458304535798,-1.0,True,-0.04131814933073086,0.8046674260104305,-0.1953325739895695,-0.2062133119456908
OLS,2025-12-28 00:00:00+00:00,-0.007168489478612516,0.004813150801815151,1.0,True,-0.007168489478612516,0.7989198015389274,-0.2010801984610726,-0.2118832168603645
OLS,2025-12-29 00:00:00+00:00,-0.02427303635620642,0.0010151321020870766,1.0,False,-0.02427303635620642,0.7797610533005839,-0.22023894669941613,-0.23078289990927658
OLS,2025-12-30 00:00:00+00:00,0.01705278838271948,0.00041754635010332863,1.0,False,0.01705278838271948,0.7931721770674245,-0.2068278229325755,-0.21755312177503794
OLS,2025-12-31 00:00:00+00:00,-0.026929411878631293,-0.01704397041058355,-1.0,True,0.026929411878631293,0.8148220379799347,-0.1851779620200653,-0.19619601095500194
OLS,2026-01-01 00:00:00+00:00,0.1995421545456251,0.02230610918070413,1.0,True,0.1995421545456251,0.9947703292459749,-0.00522967075402514,-0.018680986079059436
OLS,2026-01-02 00:00:00+00:00,0.19678288162314128,0.043824174390678865,1.0,False,0.19678288162314128,1.2111126569478434,0.21111265694784342,0.0
OLS,2026-01-03 00:00:00+00:00,0.01655666959444761,0.02814267632931199,1.0,False,0.01655666959444761,1.231331566078859,0.23133156607885907,0.0
OLS,2026-01-04 00:00:00+00:00,0.16465130133832706,0.006521435825824447,1.0,False,0.16465130133832706,1.4517176756069305,0.45171767560693055,0.0
OLS,2026-01-05 00:00:00+00:00,-0.023961682013634068,0.01612040754802652,1.0,False,-0.023961682013634068,1.417345530084204,0.41734553008420394,-0.02367688022284109
OLS,2026-01-06 00:00:00+00:00,-0.04373875006290827,-0.007734185901802154,-1.0,True,0.04373875006290827,1.4807141826960162,0.4807141826960162,0.0
OLS,2026-01-07 00:00:00+00:00,-0.022608348027592765,-0.027180847691903806,-1.0,False,0.022608348027592765,1.514571976507663,0.5145719765076631,0.0
OLS,2026-01-08 00:00:00+00:00,-0.07598590697792199,0.02046349728356123,1.0,True,-0.07598590697792199,1.4037496367631999,0.40374963676319986,-0.07317073170731714
OLS,2026-01-09 00:00:00+00:00,0.0032840752011897975,0.02077843480855701,1.0,False,0.0032840752011897975,1.4083672342525524,0.4083672342525524,-0.07012195121951226
OLS,2026-01-10 00:00:00+00:00,-0.026579637804712012,-0.01477119038277352,-1.0,True,0.026579637804712012,1.446303052010197,0.44630305201019693,-0.04507473105034088
OLS,2026-01-11 00:00:00+00:00,-0.0238512158221798,-0.004304377784917339,-1.0,False,0.0238512158221798,1.4812138153345809,0.48121381533458085,-0.022024810765349234
OLS,2026-01-12 00:00:00+00:00,-0.01388911216066715,-0.008726496717166313,-1.0,False,0.01388911216066715,1.5019300924721273,0.5019300924721273,-0.00834683609073883
OLS,2026-01-13 00:00:00+00:00,0.14006593994551916,-0.03136893270481734,-1.0,False,-0.14006593994551916,1.3056291989271382,0.30562919892713825,-0.13795500037067243
OLS,2026-01-14 00:00:00+00:00,-0.053054562955889395,-0.01413584166156525,-1.0,False,0.053054562955889395,1.3767692514327834,0.3767692514327834,-0.09098459974984385
OLS,2026-01-15 00:00:00+00:00,-0.0543343509633295,-0.03842284021443557,-1.0,False,0.0543343509633295,1.4536446918681165,0.4536446918681165,-0.04022739465973357
OLS,2026-01-16 00:00:00+00:00,0.001690617477907452,0.011046026248116248,1.0,True,0.001690617477907452,1.4561043275565566,0.4561043275565566,-0.038603413940037745
OLS,2026-01-17 00:00:00+00:00,-0.020478531343540562,0.02312638390332999,1.0,False,-0.020478531343540562,1.4265886992952752,0.4265886992952752,-0.058091182576388234
OLS,2026-01-18 00:00:00+00:00,-0.060409127795559986,0.014419896675576575,1.0,False,-0.060409127795559986,1.3429610858883108,0.34296108588831076,-0.11330652704604827
OLS,2026-01-19 00:00:00+00:00,-0.035418427203542706,0.012737417845794453,1.0,False,-0.035418427203542706,1.2962280078079482,0.2962280078079482,-0.1441621607202701
OLS,2026-01-20 00:00:00+00:00,-0.05459445278984375,-0.006388157928701617,-1.0,True,0.05459445278984375,1.3689622447190157,0.36896224471901573,-0.09613919579074592
OLS,2026-01-21 00:00:00+00:00,0.02961716970364658,0.02461968039637827,1.0,True,0.02961716970364658,1.4101134143999483,0.4101134143999483,-0.06896903133555787
OLS,2026-01-22 00:00:00+00:00,-0.03968774826724258,0.017867756393264024,1.0,False,-0.03968774826724258,1.355245188158705,0.3552451881587051,-0.10519591727580857
OLS,2026-01-23 00:00:00+00:00,0.016064602503806622,-0.008345367284264667,-1.0,True,-0.016064602503806622,1.3336476552796819,0.3336476552796819,-0.1194557432953176
OLS,2026-01-24 00:00:00+00:00,-0.00399202126953745,-0.03275404075476828,-1.0,False,0.00399202126953745,1.3389822459008007,0.3389822459008007,-0.11593356626849882
OLS,2026-01-25 00:00:00+00:00,-0.06187540371808753,-0.00571995018745578,-1.0,False,0.06187540371808753,1.4244491977668094,0.42444919776680945,-0.05950379390265814
OLS,2026-01-26 00:00:00+00:00,0.06387340638076057,0.006167013757227967,1.0,True,0.06387340638076057,1.5184022299599393,0.5184022299599393,0.0
OLS,2026-01-27 00:00:00+00:00,0.0,-0.04209157756737566,-1.0,True,-0.0,1.5184022299599393,0.5184022299599393,0.0
OLS,2026-01-28 00:00:00+00:00,-0.008016074988236173,0.007828720814788529,1.0,True,-0.008016074988236173,1.5062792580640514,0.5062792580640514,-0.007984031936127844
OLS,2026-01-29 00:00:00+00:00,-0.04949463760469586,0.026275298277100463,1.0,False,-0.04949463760469586,1.433541426688725,0.433541426688725,-0.055888223552894356
OLS,2026-01-30 00:00:00+00:00,-0.023530497410194046,0.02572837355943699,1.0,False,-0.023530497410194046,1.4002032539750338,0.40020325397503376,-0.07784431137724557
OLS,2026-01-31 00:00:00+00:00,-0.10728637085104048,0.09661221023739631,1.0,False,-0.10728637085104048,1.257758334198353,0.2577583341983529,-0.1716566866267465
OLS,2026-02-01 00:00:00+00:00,0.0024067400305650593,0.025215092741090343,1.0,False,0.0024067400305650593,1.260789077172325,0.2607890771723249,-0.1696606786427145
OLS,2026-02-02 00:00:00+00:00,0.01904819497069441,0.03165865849311629,1.0,False,0.01904819497069441,1.2850350209641004,0.2850350209641004,-0.15369261477045904
OLS,2026-02-03 00:00:00+00:00,-0.03114024073572329,-0.0003026409643215732,-1.0,True,0.03114024073572329,1.3256808975396073,0.3256808975396073,-0.1269237680357047
OLS,2026-02-04 00:00:00+00:00,0.021661496781179467,0.04234310711172412,1.0,True,0.021661496781179467,1.3547104062448543,0.3547104062448543,-0.10780531040144992
OLS,2026-02-05 00:00:00+00:00,-0.20544397421480884,0.016557692960027254,1.0,False,-0.20544397421480884,1.1031213307993815,0.10312133079938146,-0.2734986098983234
OLS,2026-02-06 00:00:00+00:00,0.13389682292276067,0.1319745532145055,1.0,False,0.13389682292276067,1.2611708781946145,0.2611708781946145,-0.16940922944515924
OLS,2026-02-07 00:00:00+00:00,-0.012870190520534796,-0.039526259164796324,-1.0,True,0.012870190520534796,1.2775072885339227,0.2775072885339227,-0.1586502816400449
OLS,2026-02-08 00:00:00+00:00,-0.02094317384524325,0.004384498403406051,1.0,True,-0.02094317384524325,1.251030453538401,0.2510304535384009,-0.17608758150242743
OLS,2026-02-09 00:00:00+00:00,0.007905179507113247,-0.011568470288301404,-1.0,True,-0.007905179507113247,1.2411798200459727,0.24117982004597271,-0.18257508086067598
OLS,2026-02-10 00:00:00+00:00,-0.04564550748996038,-0.023346187843810432,-1.0,False,0.04564550748996038,1.2991470094437243,0.2991470094437243,-0.14439864232944377
OLS,2026-02-11 00:00:00+00:00,-0.019418085857101513,0.020593064230400297,1.0,True,-0.019418085857101513,1.274163413108268,0.274163413108268,-0.16085251459233907
OLS,2026-02-12 00:00:00+00:00,0.041158072493507336,0.006774679967672452,1.0,False,0.041158072493507336,1.3276996909699599,0.3276996909699599,-0.12559421688613492
OLS,2026-02-13 00:00:00+00:00,0.01600034134644112,0.04653105482758943,1.0,False,0.01600034134644112,1.3491142021146365,0.3491142021146365,-0.11149089780365329
OLS,2026-02-14 00:00:00+00:00,0.2451224580329851,0.006444344860247033,1.0,False,0.2451224580329851,1.72386814714648,0.7238681471464801,0.0
OLS,2026-02-15 00:00:00+00:00,-0.09097177820572676,0.031770296543191724,1.0,False,-0.09097177820572676,1.5739665691337426,0.5739665691337426,-0.08695652173913049
OLS,2026-02-16 00:00:00+00:00,0.015748356968139112,0.019392181175743397,1.0,False,0.015748356968139112,1.5989501654691987,0.5989501654691987,-0.07246376811594213
OLS,2026-02-17 00:00:00+00:00,-0.020293819339813796,0.01660741376309158,1.0,False,-0.020293819339813796,1.5668283987521836,0.5668283987521836,-0.09109730848861297
OLS,2026-02-18 00:00:00+00:00,-0.03712723402889346,0.030035075141548226,1.0,False,-0.03712723402889346,1.509723035699712,0.509723035699712,-0.12422360248447228
OLS,2026-02-19 00:00:00+00:00,0.0,0.03253613283493315,1.0,False,0.0,1.509723035699712,0.509723035699712,-0.12422360248447228
OLS,2026-02-20 00:00:00+00:00,0.004716989878138867,-0.004334638033753592,-1.0,True,-0.004716989878138867,1.5026184567081842,0.5026184567081842,-0.12834490317866287
OLS,2026-02-21 00:00:00+00:00,-0.02381064869371856,-0.015365531573019004,-1.0,False,0.02381064869371856,1.5388261303638031,0.5388261303638031,-0.10734116590585951
OLS,2026-02-22 00:00:00+00:00,-0.024391453124159124,0.018816113798763735,1.0,True,-0.024391453124159124,1.5017459826441935,0.5017459826441935,-0.12885101732981463
OLS,2026-02-23 00:00:00+00:00,-0.02247285585205863,0.01977305811590533,1.0,False,-0.02247285585205863,1.4683738496965446,0.4683738496965446,-0.14820988361137444
OLS,2026-02-24 00:00:00+00:00,-0.005063301956546651,0.02648515534659982,1.0,False,-0.005063301956546651,1.4609578201526228,0.46095782015262277,-0.1525118538961654
OLS,2026-02-25 00:00:00+00:00,0.0495150645273805,0.016949179419027894,1.0,False,0.0495150645273805,1.535118115591842,0.5351181155918421,-0.10949215104825505
OLS,2026-02-26 00:00:00+00:00,-0.07783098464466852,-0.013771829210884158,-1.0,True,0.07783098464466852,1.6593704957050202,0.6593704957050202,-0.037414492255816056
OLS,2026-02-27 00:00:00+00:00,-0.03723834514011876,0.015314703588197911,1.0,True,-0.03723834514011876,1.5987146551309463,0.5987146551309463,-0.07260038548928482
OLS,2026-02-28 00:00:00+00:00,-0.00816331063916087,-0.010018414463266295,-1.0,True,0.00816331063916087,1.6118188736156263,0.6118188736156263,-0.06499874930477079
OLS,2026-03-01 00:00:00+00:00,-0.05908891637000656,0.024292058594223346,1.0,True,-0.05908891637000656,1.5193374628344016,0.5193374628344016,-0.11864636204957912
OLS,2026-03-02 00:00:00+00:00,0.020086758566737292,0.03172590454341544,1.0,False,0.020086758566737292,1.5501645997614764,0.5501645997614764,-0.10076382446797649
OLS,2026-03-03 00:00:00+00:00,-0.017192400540372875,0.04983433202519525,1.0,False,-0.017192400540372875,1.5237413395382693,0.5237413395382693,-0.11609171382363603
OLS,2026-03-04 00:00:00+00:00,0.05619455834364207,0.009586022915352023,1.0,False,0.05619455834364207,1.611818873615626,0.611818873615626,-0.0649987493047709
OLS,2026-03-05 00:00:00+00:00,-0.050430853626891856,-0.007510088417041403,-1.0,True,0.050430853626891856,1.6951888153543653,0.6951888153543653,-0.016636615648121134
OLS,2026-03-06 00:00:00+00:00,-0.026202372394024072,-0.0069800348603296465,-1.0,False,0.026202372394024072,1.7401938281513838,0.7401938281513838,0.0
OLS,2026-03-07 00:00:00+00:00,-0.04217492505071292,-0.006824821037982836,-1.0,False,0.04217492505071292,1.8151560238255977,0.8151560238255977,0.0
OLS,2026-03-08 00:00:00+00:00,-0.02177379954956062,-0.005189513776091667,-1.0,False,0.02177379954956062,1.8551122885010038,0.8551122885010038,0.0
OLS,2026-03-09 00:00:00+00:00,0.027908788117076658,-0.002286696547928715,-1.0,False,-0.027908788117076658,1.804054152120242,0.804054152120242,-0.027522935779816682
OLS,2026-03-10 00:00:00+00:00,0.009132483563272474,-0.04108421013519638,-1.0,False,-0.009132483563272474,1.78765365982824,0.78765365982824,-0.036363636363636376
OLS,2026-03-11 00:00:00+00:00,0.009049835519917856,-0.01348620105542296,-1.0,False,-0.009049835519917856,1.7715486719018596,0.7715486719018596,-0.04504504504504503
OLS,2026-03-12 00:00:00+00:00,0.005988041844622693,0.012802756582253324,1.0,True,0.005988041844622693,1.7821886038652341,0.7821886038652341,-0.03930957985012029
OLS,2026-03-13 00:00:00+00:00,0.008915363657952329,-0.008435785138079577,-1.0,True,-0.008915363657952329,1.7663703618190931,0.7663703618190931,-0.0478364178987879
OLS,2026-03-14 00:00:00+00:00,-0.005934735519814466,0.01579599927788053,1.0,True,-0.005934735519814466,1.7559184661870275,0.7559184661870275,-0.05347052193488966
OLS,2026-03-15 00:00:00+00:00,0.02643325706815543,-0.002517074682180245,-1.0,True,-0.02643325706815543,1.7101118975038878,0.7101118975038878,-0.07816259527571856
OLS,2026-03-16 00:00:00+00:00,0.14792013007662227,-0.019312344853838922,-1.0,False,-0.14792013007662227,1.4749715115971032,0.47497151159710316,-0.20491523842530734
OLS,2026-03-17 00:00:00+00:00,-0.08610269905341161,0.004494963157160747,1.0,True,-0.08610269905341161,1.3532863618903421,0.3532863618903421,-0.2705097312552195
OLS,2026-03-18 00:00:00+00:00,-0.04173067245647311,0.01069042895170455,1.0,False,-0.04173067245647311,1.2979749302054508,0.29797493020545085,-0.30032540981427036
OLS,2026-03-19 00:00:00+00:00,-0.028820438535492085,0.010921714891528357,1.0,False,-0.028820438535492085,1.261100642415523,0.2611006424155231,-0.32020252885363776
OLS,2026-03-20 00:00:00+00:00,0.0,-0.00867730936910701,-1.0,True,-0.0,1.261100642415523,0.2611006424155231,-0.32020252885363776
OLS,2026-03-21 00:00:00+00:00,-0.02967576814611655,0.011992469402661004,1.0,True,-0.02967576814611655,1.2242263546255956,0.2242263546255956,-0.34007964789300504
OLS,2026-03-22 00:00:00+00:00,-0.01212136053234485,-0.016627030935285104,-1.0,True,0.01212136053234485,1.2391559443161517,0.23915594431615173,-0.33203183872096853
OLS,2026-03-23 00:00:00+00:00,0.050530808647215965,-0.024783428890356653,-1.0,False,-0.050530808647215965,1.1780960861904284,0.17809608619042838,-0.3649462118854425
OLS,2026-03-24 00:00:00+00:00,0.022923639901937024,-0.05906364306179954,-1.0,False,-0.022923639901937024,1.1513970247470193,0.15139702474701933,-0.3793383657237327
OLS,2026-03-25 00:00:00+00:00,0.002828856200477623,0.007122320059953185,1.0,True,0.002828856200477623,1.1546587726924782,0.15465877269247819,-0.3775801174679926
OLS,2026-03-26 00:00:00+00:00,-0.040351295523567345,0.004315173931677698,1.0,False,-0.040351295523567345,1.1089943014560526,0.1089943014560526,-0.4021955930483544
OLS,2026-03-27 00:00:00+00:00,-0.03593200922606333,0.0191870272821691,1.0,False,-0.03593200922606333,1.0698533261105447,0.06985332611054473,-0.4232945721172361
OLS,2026-03-28 00:00:00+00:00,0.0,0.003947110725648885,1.0,False,0.0,1.0698533261105447,0.06985332611054473,-0.4232945721172361
OLS,2026-03-29 00:00:00+00:00,-0.003053437486890343,-0.0060605426677838485,-1.0,True,0.003053437486890343,1.073125048820363,0.07312504882036297,-0.4215309469555151
OLS,2026-03-30 00:00:00+00:00,0.012158204479809583,-0.006026751728165867,-1.0,False,-0.012158204479809583,1.0601567702847694,0.0601567702847694,-0.42852150953007084
OLS,2026-03-31 00:00:00+00:00,0.02682724223314406,0.0060835621053695514,1.0,True,0.02682724223314406,1.0889827851867722,0.08898278518677216,-0.4129828194568703
OLS,2026-04-01 00:00:00+00:00,0.0,-0.020456859637722195,-1.0,True,-0.0,1.0889827851867722,0.08898278518677216,-0.4129828194568703
OLS,2026-04-02 00:00:00+00:00,-0.017804624633506592,-0.005498615534845832,-1.0,False,0.017804624633506592,1.1085453501901272,0.10854535019012723,-0.40243760064471845
OLS,2026-04-03 00:00:00+00:00,0.023669744085904703,-0.010498821017644492,-1.0,False,-0.023669744085904703,1.082614464805563,0.08261446480556289,-0.4164156684658945
OLS,2026-04-04 00:00:00+00:00,-0.005865119452398022,-0.013002651794885446,-1.0,False,0.005865119452398022,1.088982785186772,0.08898278518677194,-0.41298281945687043
OLS,2026-04-05 00:00:00+00:00,0.026126304592219998,-0.02174177680076858,-1.0,False,-0.026126304592219998,1.0609001345659097,0.0609001345659097,-0.4281207983247448
OLS,2026-04-06 00:00:00+00:00,-0.046929432221983355,-0.02024794597647169,-1.0,False,0.046929432221983355,1.1118743152057131,0.11187431520571312,-0.40064311896497284
OLS,2026-04-07 00:00:00+00:00,0.11075136429270285,-0.02443246163638246,-1.0,False,-0.11075136429270285,0.9953068466760818,-0.0046931533239181755,-0.4634789210089677
OLS,2026-04-08 00:00:00+00:00,-0.04959694113937206,0.016484101174350747,1.0,True,-0.04959694113937206,0.9471468379659489,-0.052853162034051104,-0.48943961837950145
OLS,2026-04-09 00:00:00+00:00,-0.00851068966790873,-0.005739152370932619,-1.0,True,0.00851068966790873,0.9552421100853161,-0.04475788991468388,-0.485075854434027
OLS,2026-04-10 00:00:00+00:00,0.033616610798985064,-0.007273315147697051,-1.0,False,-0.033616610798985064,0.9236638585122477,-0.07633614148775225,-0.5020981402378609
OLS,2026-04-11 00:00:00+00:00,0.0027510333718897976,-0.015452246640809766,-1.0,False,-0.0027510333718897976,0.9211263204394119,-0.0788736795605881,-0.5034660024899547
OLS,2026-04-12 00:00:00+00:00,-0.05071509257901645,-0.004161565810345744,-1.0,False,0.05071509257901645,0.969046186820653,-0.03095381317934698,-0.47763475406457656
OLS,2026-04-13 00:00:00+00:00,0.08048725091268655,-0.014381238594635219,-1.0,False,-0.08048725091268655,0.8941066150398559,-0.10589338496014411,-0.5180309997502492
OLS,2026-04-14 00:00:00+00:00,-0.04919024419077178,-0.014808224724429293,-1.0,False,0.04919024419077178,0.9391876208401848,-0.06081237915981519,-0.49373004175446356
OLS,2026-04-15 00:00:00+00:00,0.041158072493507336,-0.019936972679943956,-1.0,False,-0.041158072493507336,0.9013171522579194,-0.09868284774208058,-0.5141441529740416
OLS,2026-04-16 00:00:00+00:00,0.06755815101129109,-0.009528694831549703,-1.0,False,-0.06755815101129109,0.8424371372862967,-0.15756286271370334,-0.5458834796641795
OLS,2026-04-17 00:00:00+00:00,-0.00503779402995707,0.012206475142788022,1.0,True,-0.00503779402995707,0.8382037848376218,-0.1617962151623782,-0.5481654722286811
OLS,2026-04-18 00:00:00+00:00,-0.049169023806469814,-0.011831606186374346,-1.0,True,0.049169023806469814,0.8804474769116665,-0.11955252308833353,-0.5253939708290656
OLS,2026-04-19 00:00:00+00:00,-0.03234783386551917,-0.006361150016977257,-1.0,False,0.03234783386551917,0.90939369533068,-0.09060630466931996,-0.5097904849385143
OLS,2026-04-20 00:00:00+00:00,0.029691789807403,-0.00440768096953215,-1.0,False,-0.029691789807403,0.8827890925417506,-0.11721090745824936,-0.5241317207514833
OLS,2026-04-21 00:00:00+00:00,0.013210231736806482,-0.01639877743517281,-1.0,False,-0.013210231736806482,0.8712039338469769,-0.12879606615302308,-0.5303767112928024
OLS,2026-04-22 00:00:00+00:00,-0.002628122406269469,0.0012553036968791934,1.0,True,-0.002628122406269469,0.8689173093486909,-0.13108269065130906,-0.5316093183497768
OLS,2026-04-23 00:00:00+00:00,0.007863736460214451,-0.02149842317535051,-1.0,True,-0.007863736460214451,0.8621111685443932,-0.13788883145560682,-0.5352781748640081
OLS,2026-04-24 00:00:00+00:00,0.010389703849135868,-0.0006708765396726477,-1.0,False,-0.010389703849135868,0.8532004587919962,-0.14679954120800376,-0.5400815012220029
OLS,2026-04-25 00:00:00+00:00,-0.005181358741997518,-0.012145737577751827,-1.0,False,0.005181358741997518,0.8576326689675391,-0.1423673310324609,-0.537692314215364
OLS,2026-04-26 00:00:00+00:00,0.010336009330662073,-0.004007974988904861,-1.0,False,-0.010336009330662073,0.848813824042423,-0.151186175957577,-0.5424461207529951
OLS,2026-04-27 00:00:00+00:00,0.0025673955052457334,-0.015754822361022002,-1.0,False,-0.0025673955052457334,0.8466373783397502,-0.15336262166024983,-0.5436193358279875
OLS,2026-04-28 00:00:00+00:00,-0.005141399500418652,0.002920427761662046,1.0,True,-0.005141399500418652,0.8422956481944182,-0.15770435180558184,-0.545959749490408
OLS,2026-04-29 00:00:00+00:00,-0.007762005335489189,-0.002318219662755593,-1.0,True,0.007762005335489189,0.8488589909076214,-0.1511410090923786,-0.5424217735124113
OLS,2026-04-30 00:00:00+00:00,0.0051813587419975845,0.0012918163315878142,1.0,True,0.0051813587419975845,0.8532686480032454,-0.14673135199675458,-0.5400447437644238
OLS,2026-05-01 00:00:00+00:00,0.015384918839479237,-0.002552833382983946,-1.0,True,-0.015384918839479237,0.840241645743654,-0.159758354256346,-0.5470669614168753
OLS,2026-05-02 00:00:00+00:00,0.017654935238720745,-0.021071494608421656,-1.0,False,-0.017654935238720745,0.8255374169431401,-0.1744625830568599,-0.5549932895920799
OLS,2026-05-03 00:00:00+00:00,-0.015113637810048071,-0.015822193229658006,-1.0,False,0.015113637810048071,0.8381090527341523,-0.16189094726584774,-0.548216537656934
OLS,2026-05-04 00:00:00+00:00,0.010101095986503699,-0.036673438809715166,-1.0,False,-0.010101095986503699,0.8296858461740102,-0.1703141538259898,-0.5527570749669144
OLS,2026-05-05 00:00:00+00:00,0.03214120921179677,-0.022741936597148387,-1.0,False,-0.03214120921179677,0.8034427415505014,-0.19655725844949856,-0.5669034448584719
OLS,2026-05-06 00:00:00+00:00,0.012092045765028772,-0.010088064392995758,-1.0,False,-0.012092045765028772,0.7937859778299424,-0.20621402217005758,-0.5721089323000768
OLS,2026-05-07 00:00:00+00:00,-0.0024067400305649764,-0.044055947746039284,-1.0,False,0.0024067400305649764,0.7956987151259183,-0.20430128487408172,-0.5710778694863421
OLS,2026-05-08 00:00:00+00:00,0.037829569873049564,-0.021816462089657842,-1.0,False,-0.037829569873049564,0.766160015724492,-0.233839984275508,-0.5870007328000741
OLS,2026-05-09 00:00:00+00:00,-0.014018921179331041,-0.027585155203226627,-1.0,False,0.014018921179331041,0.7769763924170732,-0.22302360758292683,-0.5811701549101929
OLS,2026-05-10 00:00:00+00:00,0.03695570652242912,-0.019241851325450265,-1.0,False,-0.03695570652242912,0.7487867727375421,-0.25121322726245787,-0.5963657955483718
OLS,2026-05-11 00:00:00+00:00,-0.01600034134644119,-0.015672401591221605,-1.0,False,0.01600034134644119,0.760863978749438,-0.239136021250562,-0.5898555664443133
OLS,2026-05-12 00:00:00+00:00,-0.04717856027509038,-0.04973516157059418,-1.0,False,0.04717856027509038,0.7976206926986862,-0.20237930730131382,-0.5700418256928308
OLS,2026-05-13 00:00:00+00:00,0.014388737452099452,-0.017210622067672928,-1.0,False,-0.014388737452099452,0.7862261113744193,-0.21377388862558067,-0.5761840853257902
Ridge,2025-10-11 00:00:00+00:00,0.002976192673045955,0.00486005290611221,1.0,True,0.002976192673045955,1.0029806259314455,0.0029806259314455463,0.0
Ridge,2025-10-12 00:00:00+00:00,0.10699365387249171,-0.0006081521915301457,-1.0,True,-0.10699365387249171,0.901209561083929,-0.09879043891607098,-0.10146862483311081
Ridge,2025-10-13 00:00:00+00:00,0.046944734265188866,3.401877695144049e-05,1.0,True,0.046944734265188866,0.9445253744337573,-0.05547462556624272,-0.058281536040042825
Ridge,2025-10-14 00:00:00+00:00,-0.04294739383256848,-0.0008430533954848778,-1.0,True,0.04294739383256848,0.9859739613437492,-0.01402603865625085,-0.01695612472265129
Ridge,2025-10-15 00:00:00+00:00,-0.04487496622879318,0.0007143176249406386,1.0,True,-0.04487496622879318,0.9427064869762708,-0.0572935130237292,-0.06009501818562002
Ridge,2025-10-16 00:00:00+00:00,-0.04407251978770297,-0.0006439252421399731,-1.0,True,0.04407251978770297,0.9851830874068875,-0.014816912593112463,-0.017744648365495386
Ridge,2025-10-17 00:00:00+00:00,-0.03400179727748958,-9.704656527148407e-05,-1.0,False,0.03400179727748958,1.0192570889262236,0.019257088926223576,0.0
Ridge,2025-10-18 00:00:00+00:00,0.014925650216675574,0.0021578252773764373,1.0,True,0.014925650216675574,1.0345842631957907,0.034584263195790665,0.0
Ridge,2025-10-19 00:00:00+00:00,0.03493805136128044,-0.0008782112751973777,-1.0,True,-0.03493805136128044,0.9990620567341327,-0.0009379432658672693,-0.03433476394849777
Ridge,2025-10-20 00:00:00+00:00,0.022631800460197343,0.0002104223928845769,1.0,True,0.022631800460197343,1.0219304299927108,0.021930429992710776,-0.012230838659765264
Ridge,2025-10-21 00:00:00+00:00,-0.03269658707633818,-0.001003243205605108,-1.0,True,0.03269658707633818,1.0558963257872662,0.05589632578726622,0.0
Ridge,2025-10-22 00:00:00+00:00,-0.02932761509451995,0.0038275226306181817,1.0,True,-0.02932761509451995,1.0253790909379235,0.025379090937923454,-0.028901734104046062
Ridge,2025-10-23 00:00:00+00:00,0.03365350504164258,0.0010406799437491486,1.0,False,0.03365350504164258,1.0604739110146677,0.0604739110146677,0.0
Ridge,2025-10-24 00:00:00+00:00,0.03255772348343202,0.0002215669860552434,1.0,False,0.03255772348343202,1.0955687310914122,0.09556873109141217,0.0
Ridge,2025-10-25 00:00:00+00:00,-0.0027894020875785254,0.00047004037418996083,1.0,False,-0.0027894020875785254,1.0925170076064779,0.09251700760647785,-0.002785515320334331
Ridge,2025-10-26 00:00:00+00:00,0.02210034700066592,0.00037690334846189003,1.0,False,0.02210034700066592,1.1169307954859522,0.1169307954859522,0.0
Ridge,2025-10-27 00:00:00+00:00,-0.026299093547015595,0.0003881654096413662,1.0,False,-0.026299093547015595,1.0879394223790764,0.08793942237907637,-0.025956284153005438
Ridge,2025-10-28 00:00:00+00:00,-0.019830678180485735,0.0010316153318380705,1.0,False,-0.019830678180485735,1.0665773579845363,0.06657735798453635,-0.04508196721311475
Ridge,2025-10-29 00:00:00+00:00,0.004282661792000728,0.0001542657555161104,1.0,False,0.004282661792000728,1.0711549432119376,0.0711549432119376,-0.040983606557377206
Ridge,2025-10-30 00:00:00+00:00,-0.08623467792145746,0.0008138705265176495,1.0,False,-0.08623467792145746,0.9826549621488431,-0.01734503785115693,-0.12021857923497281
Ridge,2025-10-31 00:00:00+00:00,0.018462062839735352,0.002013463308042054,1.0,False,0.018462062839735352,1.0009653030584489,0.0009653030584488853,-0.10382513661202197
Ridge,2025-11-01 00:00:00+00:00,0.02111692344092283,-0.0011820934409221108,-1.0,True,-0.02111692344092283,0.9800496101587199,-0.01995038984128006,-0.1225511785335619
Ridge,2025-11-02 00:00:00+00:00,0.00149142458667012,-0.0002786519464561877,-1.0,False,-0.00149142458667012,0.9785890295176487,-0.0214109704823513,-0.12385885188895163
Ridge,2025-11-03 00:00:00+00:00,-0.15963014559188382,-0.00012391896785821695,-1.0,False,0.15963014559188382,1.1479602077033955,0.14796020770339546,0.0
Ridge,2025-11-04 00:00:00+00:00,-0.022989518224698833,0.0005141108724887379,1.0,True,-0.022989518224698833,1.1218702029828638,0.12187020298286377,-0.022727272727272707
Ridge,2025-11-05 00:00:00+00:00,0.029958187540792165,0.002030267737351611,1.0,False,0.029958187540792165,1.1559879014635592,0.15598790146355923,0.0
Ridge,2025-11-06 00:00:00+00:00,-0.03894297394860741,-0.0011477616971823598,-1.0,True,0.03894297394860741,1.2018935582003791,0.20189355820037913,0.0
Ridge,2025-11-07 00:00:00+00:00,0.1109405859373122,0.0004966425396842335,1.0,True,0.1109405859373122,1.3429099504080046,0.34290995040800465,0.0
Ridge,2025-11-08 00:00:00+00:00,-0.01628700497469905,0.00013926465623060398,1.0,False,-0.01628700497469905,1.3212151208376008,0.32121512083760084,-0.016155088852988553
Ridge,2025-11-09 00:00:00+00:00,-0.0032894766503987574,0.0007696059592128355,1.0,False,-0.0032894766503987574,1.31687615492352,0.31687615492351995,-0.01938610662358642
Ridge,2025-11-10 00:00:00+00:00,0.022802290873980335,0.0003507483407503328,1.0,False,0.022802290873980335,1.3472489163220853,0.3472489163220853,0.0
Ridge,2025-11-11 00:00:00+00:00,-0.06314389558298632,-0.0014047076925978162,-1.0,True,0.06314389558298632,1.4350627393413635,0.4350627393413635,0.0
Ridge,2025-11-12 00:00:00+00:00,-0.019048194970694474,0.0015026733932184452,1.0,True,-0.019048194970694474,1.4079860838820926,0.40798608388209257,-0.018867924528301883
Ridge,2025-11-13 00:00:00+00:00,-0.05387298994015175,-0.0013308395415656824,-1.0,True,0.05387298994015175,1.4859188929530571,0.4859188929530571,0.0
Ridge,2025-11-14 00:00:00+00:00,-0.10086061033497395,0.002183913042293246,1.0,True,-0.10086061033497395,1.3433584087582988,0.3433584087582988,-0.09594095940959413
Ridge,2025-11-15 00:00:00+00:00,0.01820070464684637,0.0018003441201529182,1.0,False,0.01820070464684637,1.368032338715084,0.3680323387150839,-0.07933579335793361
Ridge,2025-11-16 00:00:00+00:00,-0.026397471851024812,-0.0012990073068727412,-1.0,True,0.026397471851024812,1.4046257963350346,0.4046257963350346,-0.05470897301565625
Ridge,2025-11-17 00:00:00+00:00,-0.031350529884076044,-0.00016249754476046954,-1.0,False,0.031350529884076044,1.4493591019508,0.4493591019508001,-0.024604163239084653
Ridge,2025-11-18 00:00:00+00:00,0.03545731183672942,0.000575843358596015,1.0,True,0.03545731183672942,1.5016714262250328,0.5016714262250328,0.0
Ridge,2025-11-19 00:00:00+00:00,-0.024897551621727087,-0.0007070409391943728,-1.0,True,0.024897551621727087,1.5395286890710418,0.5395286890710418,0.0
Ridge,2025-11-20 00:00:00+00:00,-0.06959329179919535,0.00016087296608845386,1.0,True,-0.06959329179919535,1.4360309620746692,0.4360309620746692,-0.0672268907563025
Ridge,2025-11-21 00:00:00+00:00,-0.07480121308269828,0.0018994002845516918,1.0,False,-0.07480121308269828,1.3325332350782966,0.3325332350782966,-0.13445378151260512
Ridge,2025-11-22 00:00:00+00:00,0.0024242436115062545,-0.0008140114940955452,-1.0,True,-0.0024242436115062545,1.3293067623541364,0.32930676235413636,-0.1365495350682645
Ridge,2025-11-23 00:00:00+00:00,0.009638628837768573,-0.0015214090141556,-1.0,False,-0.009638628837768573,1.3165556183507394,0.3165556183507394,-0.14483203353283747
Ridge,2025-11-24 00:00:00+00:00,0.09159716909540332,-0.0019698245232377338,-1.0,False,-0.09159716909540332,1.2013209909239788,0.20132099092397882,-0.219682621407425
Ridge,2025-11-25 00:00:00+00:00,0.0,-0.0018390180367242035,-1.0,False,-0.0,1.2013209909239788,0.20132099092397882,-0.219682621407425
Ridge,2025-11-26 00:00:00+00:00,0.025919377552074494,-0.0008668338830887055,-1.0,False,-0.025919377552074494,1.170583566849165,0.1705835668491651,-0.23964809804518794
Ridge,2025-11-27 00:00:00+00:00,0.00425532557013827,-0.0013380802351850986,-1.0,False,-0.00425532557013827,1.1656129359920562,0.16561293599205618,-0.24287676854181128
Ridge,2025-11-28 00:00:00+00:00,-0.01713103993018367,0.0005052844797284782,1.0,True,-0.01713103993018367,1.1458148394146965,0.14581483941469653,-0.2557366111143494
Ridge,2025-11-29 00:00:00+00:00,-0.013043663192029226,-0.0009138999189936569,-1.0,True,0.013043663192029226,1.1608583602822853,0.16085836028228528,-0.24596510053817044
Ridge,2025-11-30 00:00:00+00:00,-0.00879126541117077,4.114568870054779e-05,1.0,True,-0.00879126541117077,1.1506976744154818,0.15069767441548176,-0.25256496836715814
Ridge,2025-12-01 00:00:00+00:00,-0.11200505837649474,0.0003600731448724589,1.0,False,-0.11200505837649474,1.0287694440138415,0.028769444013841516,-0.3317633823150088
Ridge,2025-12-02 00:00:00+00:00,0.1207963237876656,0.0010686846959725347,1.0,False,0.1207963237876656,1.1608583602822855,0.1608583602822855,-0.24596510053817022
Ridge,2025-12-03 00:00:00+00:00,0.04910271300773182,0.0007814690035104709,1.0,False,0.04910271300773182,1.2192823040164047,0.2192823040164047,-0.2080158605214919
Ridge,2025-12-04 00:00:00+00:00,-0.00836824967051658,0.001105296173303523,1.0,False,-0.00836824967051658,1.2091216181496014,0.2091216181496014,-0.21461572835047937
Ridge,2025-12-05 00:00:00+00:00,-0.08091844115624859,0.0034334244448182257,1.0,False,-0.08091844115624859,1.1151352738816702,0.11513527388167022,-0.27566450576861445
Ridge,2025-12-06 00:00:00+00:00,0.02696792642750697,0.0010440300056876058,1.0,False,0.02696792642750697,1.1456173314820803,0.14561733148208034,-0.2558649022816517
Ridge,2025-12-07 00:00:00+00:00,-0.017897569457542676,0.0015188494480181246,1.0,False,-0.017897569457542676,1.1252959597484737,0.12529595974847374,-0.26906463793962676
Ridge,2025-12-08 00:00:00+00:00,0.0697450339895056,0.0014938282625246528,1.0,False,0.0697450339895056,1.2065814466829006,0.20658144668290057,-0.21626569530772632
Ridge,2025-12-09 00:00:00+00:00,0.041242958534049,0.0031489708100734554,1.0,False,0.041242958534049,1.2573848760169175,0.2573848760169175,-0.1832663561627884
Ridge,2025-12-10 00:00:00+00:00,-0.06252035698133393,0.0009005546234312981,1.0,False,-0.06252035698133393,1.181179732015892,0.1811797320158921,-0.23276536488019528
Ridge,2025-12-11 00:00:00+00:00,-0.01081091610421573,0.0008156521458531503,1.0,False,-0.01081091610421573,1.168478874682388,0.16847887468238798,-0.2410151996664296
Ridge,2025-12-12 00:00:00+00:00,-0.06280090123903036,0.0009401233217975812,1.0,False,-0.06280090123903036,1.0973540736147642,0.09735407361476422,-0.28721427446934267
Ridge,2025-12-13 00:00:00+00:00,0.013793322132335988,0.0030912197880082343,1.0,False,0.013793322132335988,1.1125951024149696,0.11259510241496962,-0.2773144727258612
Ridge,2025-12-14 00:00:00+00:00,-0.049132688577644766,0.0006046919627102499,1.0,False,-0.049132688577644766,1.0592515016142516,0.059251501614251634,-0.31196377882804605
Ridge,2025-12-15 00:00:00+00:00,-0.026733062197068752,0.0006003330609543856,1.0,False,-0.026733062197068752,1.0313096154805426,0.03130961548054256,-0.33011341535776173
Ridge,2025-12-16 00:00:00+00:00,0.00736199644106904,-0.0007096379016976713,-1.0,True,-0.00736199644106904,1.0237449972740837,0.023744997274083746,-0.33502700888814496
Ridge,2025-12-17 00:00:00+00:00,-0.04756841691910957,-0.0010092193772745723,-1.0,False,0.04756841691910957,1.073619753551539,0.07361975355153905,-0.30263088880833666
Ridge,2025-12-18 00:00:00+00:00,-0.0472528848505455,0.0002483753339191533,1.0,True,-0.0472528848505455,1.0240680726183913,0.02406807261839128,-0.33481715547872104
Ridge,2025-12-19 00:00:00+00:00,0.09969936022308797,-0.0009570718798498881,-1.0,True,-0.09969936022308797,0.9268937299611717,-0.0731062700388283,-0.39793669546979127
Ridge,2025-12-20 00:00:00+00:00,-0.007326040092072786,8.508126738929005e-05,1.0,True,-0.007326040092072786,0.9201280822972216,-0.07987191770277835,-0.40233131813059564
Ridge,2025-12-21 00:00:00+00:00,-0.0148150857851407,0.00042045916815042564,1.0,False,-0.0148150857851407,0.9065967869693212,-0.09340321303067878,-0.4111205634522046
Ridge,2025-12-22 00:00:00+00:00,-0.002490661312451808,0.00024198315063976312,1.0,False,-0.002490661312451808,0.904341571081338,-0.09565842891866205,-0.4125854376724727
Ridge,2025-12-23 00:00:00+00:00,-0.02015181543730793,-0.0010674741062753402,-1.0,True,0.02015181543730793,0.92275055980564,-0.07724944019435998,-0.40062788932992754
Ridge,2025-12-24 00:00:00+00:00,0.010126668817929268,-0.001176141699360892,-1.0,False,-0.010126668817929268,0.9134533249461372,-0.08654667505386282,-0.40666690303944975
Ridge,2025-12-25 00:00:00+00:00,-0.0177895415634983,-0.0002938171411359684,-1.0,False,0.0177895415634983,0.929848641034914,-0.07015135896508595,-0.3960173346324656
Ridge,2025-12-26 00:00:00+00:00,0.03278982282299097,0.00026499414150245857,1.0,True,0.03278982282299097,0.9608435957360779,-0.039156404263922084,-0.37588457912021433
Ridge,2025-12-27 00:00:00+00:00,0.04131814933073086,-0.00209803836978682,-1.0,True,-0.04131814933073086,0.9219523073372369,-0.07804769266276312,-0.40114639377487216
Ridge,2025-12-28 00:00:00+00:00,-0.007168489478612516,0.0006747593224426542,1.0,True,-0.007168489478612516,0.9153669337133995,-0.0846330662866005,-0.4054239195336231
Ridge,2025-12-29 00:00:00+00:00,-0.02427303635620642,0.0008040207322273277,1.0,False,-0.02427303635620642,0.8934156883006081,-0.10658431169939186,-0.4196823387294595
Ridge,2025-12-30 00:00:00+00:00,0.01705278838271948,0.003438616249597811,1.0,False,0.01705278838271948,0.9087815600895621,-0.09121843991043788,-0.40970144529237396
Ridge,2025-12-31 00:00:00+00:00,-0.026929411878631293,3.10849509524945e-05,1.0,False,-0.026929411878631293,0.8846351901354917,-0.11536480986450826,-0.42538570640779394
Ridge,2026-01-01 00:00:00+00:00,0.1995421545456251,0.002424849965312514,1.0,False,0.1995421545456251,1.0800012743093348,0.08000127430933479,-0.29848577556485023
Ridge,2026-01-02 00:00:00+00:00,0.19678288162314128,0.005124709633046207,1.0,False,0.19678288162314128,1.3148796002262024,0.3148796002262024,-0.1459206901694009
Ridge,2026-01-03 00:00:00+00:00,0.01655666959444761,0.006673533464725688,1.0,False,0.01655666959444761,1.3368308456389937,0.3368308456389937,-0.13166227097356453
Ridge,2026-01-04 00:00:00+00:00,0.16465130133832706,0.005950331116333406,1.0,False,0.16465130133832706,1.5760994206384193,0.5760994206384193,0.0
Ridge,2026-01-05 00:00:00+00:00,-0.023961682013634068,0.0072953118328819245,1.0,False,-0.023961682013634068,1.538782303436674,0.5387823034366741,-0.0236768802228412
Ridge,2026-01-06 00:00:00+00:00,-0.04373875006290827,0.0049159962622002265,1.0,False,-0.04373875006290827,1.4729285671983001,0.4729285671983001,-0.06545961002785505
Ridge,2026-01-07 00:00:00+00:00,-0.022608348027592765,0.004113649204803214,1.0,False,-0.022608348027592765,1.440001699079113,0.4400016990791129,-0.08635097493036215
Ridge,2026-01-08 00:00:00+00:00,-0.07598590697792199,0.006270577738582512,1.0,False,-0.07598590697792199,1.3346357210977144,0.33463572109771444,-0.15320334261838442
Ridge,2026-01-09 00:00:00+00:00,0.0032840752011897975,0.005330010140269421,1.0,False,0.0032840752011897975,1.3390259701802725,0.3390259701802725,-0.1504178272980503
Ridge,2026-01-10 00:00:00+00:00,-0.026579637804712012,0.001162406336152074,1.0,False,-0.026579637804712012,1.3039039775198065,0.30390397751980647,-0.1727019498607243
Ridge,2026-01-11 00:00:00+00:00,-0.0238512158221798,0.002138615248783064,1.0,False,-0.0238512158221798,1.2731722339418987,0.2731722339418987,-0.19220055710306405
Ridge,2026-01-12 00:00:00+00:00,-0.01388911216066715,0.0012957383823220356,1.0,False,-0.01388911216066715,1.2556112376116655,0.2556112376116655,-0.20334261838440115
Ridge,2026-01-13 00:00:00+00:00,0.14006593994551916,-0.0008529367525078957,-1.0,True,-0.14006593994551916,1.0915039937900801,0.09150399379008012,-0.3074650117262575
Ridge,2026-01-14 00:00:00+00:00,-0.053054562955889395,0.0034223194360664634,1.0,True,-0.053054562955889395,1.0351040913753953,0.035104091375395274,-0.3432494944030161
Ridge,2026-01-15 00:00:00+00:00,-0.0543343509633295,0.0009740827771607345,1.0,False,-0.0543343509633295,0.9803630096199658,-0.01963699038003419,-0.3779814922951642
Ridge,2026-01-16 00:00:00+00:00,0.001690617477907452,0.0022892973647979206,1.0,False,0.001690617477907452,0.9820218302792212,-0.017978169720778814,-0.3769290075105537
Ridge,2026-01-17 00:00:00+00:00,-0.020478531343540562,0.0019256764843478466,1.0,False,-0.020478531343540562,0.962115982368156,-0.037884017631844014,-0.38955882492588034
Ridge,2026-01-18 00:00:00+00:00,-0.060409127795559986,0.0013429553303263015,1.0,False,-0.060409127795559986,0.9057160799534709,-0.09428392004652908,-0.42534330760263905
Ridge,2026-01-19 00:00:00+00:00,-0.035418427203542706,0.0005570727319065408,1.0,False,-0.035418427203542706,0.8741984874276175,-0.12580151257238248,-0.4453405185102396
Ridge,2026-01-20 00:00:00+00:00,-0.05459445278984375,4.608794267446821e-05,1.0,False,-0.05459445278984375,0.8277515089684652,-0.17224849103153483,-0.47481009247933503
Ridge,2026-01-21 00:00:00+00:00,0.02961716970364658,-0.0008898703604681576,-1.0,True,-0.02961716970364658,0.8035953365277511,-0.19640466347224894,-0.49013664620075525
Ridge,2026-01-22 00:00:00+00:00,-0.03968774826724258,-0.0007135547358764435,-1.0,False,0.03968774826724258,0.8361295606786722,-0.16387043932132783,-0.4694944051562514
Ridge,2026-01-23 00:00:00+00:00,0.016064602503806622,-0.001912049250939087,-1.0,False,-0.016064602503806622,0.8228047868033149,-0.17719521319668508,-0.47794867758404014
Ridge,2026-01-24 00:00:00+00:00,-0.00399202126953745,-0.002118080173967139,-1.0,False,0.00399202126953745,0.8260960059505281,-0.17390399404947188,-0.47586047229437634
Ridge,2026-01-25 00:00:00+00:00,-0.06187540371808753,-0.0004542076777097194,-1.0,False,0.06187540371808753,0.8788255382452428,-0.12117446175475721,-0.4424047577599748
Ridge,2026-01-26 00:00:00+00:00,0.06387340638076057,0.0008451810531857431,1.0,True,0.06387340638076057,0.9367906269380142,-0.06320937306198582,-0.4056271992292497
Ridge,2026-01-27 00:00:00+00:00,0.0,-0.002789438118335941,-1.0,True,-0.0,0.9367906269380142,-0.06320937306198582,-0.4056271992292497
Ridge,2026-01-28 00:00:00+00:00,-0.008016074988236173,-0.0014497847059052609,-1.0,False,0.008016074988236173,0.9443301893278574,-0.055669810672142606,-0.4008435147160042
Ridge,2026-01-29 00:00:00+00:00,-0.04949463760469586,-0.001162336543266695,-1.0,False,0.04949463760469586,0.9922454632049581,-0.0077545367950419,-0.3704423399870065
Ridge,2026-01-30 00:00:00+00:00,-0.023530497410194046,0.0008154888485924141,1.0,True,-0.023530497410194046,0.9691699873164707,-0.03083001268352925,-0.38508321580126215
Ridge,2026-01-31 00:00:00+00:00,-0.10728637085104048,0.009773254099767249,1.0,False,-0.10728637085104048,0.8705747721565701,-0.1294252278434299,-0.4476396851894454
Ridge,2026-02-01 00:00:00+00:00,0.0024067400305650593,0.0014357095274404369,1.0,False,0.0024067400305650593,0.8726725426918872,-0.1273274573081128,-0.44630869647905846
Ridge,2026-02-02 00:00:00+00:00,0.01904819497069441,0.0004161845917556345,1.0,False,0.01904819497069441,0.8894547069744234,-0.11054529302557659,-0.43566078679596343
Ridge,2026-02-03 00:00:00+00:00,-0.03114024073572329,0.001305792503145937,1.0,False,-0.03114024073572329,0.8621836900153018,-0.13781630998469818,-0.452963640030993
Ridge,2026-02-04 00:00:00+00:00,0.021661496781179467,-0.00035520215258779547,-1.0,True,-0.021661496781179467,0.8437083252292596,-0.15629167477074035,-0.4646858477446145
Ridge,2026-02-05 00:00:00+00:00,-0.20544397421480884,0.0011125889257675883,1.0,True,-0.20544397421480884,0.6870196362581114,-0.31298036374188865,-0.5641013331634719
Ridge,2026-02-06 00:00:00+00:00,0.13389682292276067,0.01027577845409874,1.0,False,0.13389682292276067,0.7854522742015251,-0.21454772579847492,-0.5016480154003435
Ridge,2026-02-07 00:00:00+00:00,-0.012870190520534796,-0.00235276453146354,-1.0,True,0.012870190520534796,0.7956265264580215,-0.20437347354197855,-0.49519267881226514
Ridge,2026-02-08 00:00:00+00:00,-0.02094317384524325,0.0013672257390485716,1.0,True,-0.02094317384524325,0.7791368575158862,-0.22086314248411376,-0.505655006712529
Ridge,2026-02-09 00:00:00+00:00,0.007905179507113247,0.0017139180463376742,1.0,False,0.007905179507113247,0.7853204833691868,-0.2146795166308132,-0.5017316337499302
Ridge,2026-02-10 00:00:00+00:00,-0.04564550748996038,-0.0025708297802001833,-1.0,True,0.04564550748996038,0.8219975389111545,-0.17800246108884554,-0.47846085840308616
Ridge,2026-02-11 00:00:00+00:00,-0.019418085857101513,0.0027190711892708776,1.0,True,-0.019418085857101513,0.8061898939320938,-0.19381010606790616,-0.4884904572799499
Ridge,2026-02-12 00:00:00+00:00,0.041158072493507336,0.0005692596233835107,1.0,False,0.041158072493507336,0.8400634188872237,-0.1599365811127763,-0.46699845968667053
Ridge,2026-02-13 00:00:00+00:00,0.01600034134644112,0.005814358765393157,1.0,False,0.01600034134644112,0.8536128288692757,-0.1463871711307243,-0.4584016606493587
Ridge,2026-02-14 00:00:00+00:00,0.2451224580329851,4.099176009306031e-05,1.0,False,0.2451224580329851,1.0907275035551858,0.09072750355518577,-0.3079576774964028
Ridge,2026-02-15 00:00:00+00:00,-0.09097177820572676,0.006556086326162017,1.0,False,-0.09097177820572676,0.9958816336808217,-0.004118366319178279,-0.3681352707575851
Ridge,2026-02-16 00:00:00+00:00,0.015748356968139112,0.005867558304713697,1.0,False,0.015748356968139112,1.0116892786598823,0.01168927865988234,-0.3581056718807215
Ridge,2026-02-17 00:00:00+00:00,-0.020293819339813796,0.004442818398200008,1.0,False,-0.020293819339813796,0.9913651636868043,-0.008634836313195726,-0.37100087043668917
Ridge,2026-02-18 00:00:00+00:00,-0.03712723402889346,0.006179516874510727,1.0,False,-0.03712723402889346,0.9552334037346656,-0.04476659626533441,-0.39392566786952055
Ridge,2026-02-19 00:00:00+00:00,0.0,0.003852385734375972,1.0,False,0.0,0.9552334037346656,-0.04476659626533441,-0.39392566786952055
Ridge,2026-02-20 00:00:00+00:00,0.004716989878138867,0.0025251131022104184,1.0,False,0.004716989878138867,0.9597498737286829,-0.04025012627131708,-0.3910600681904166
Ridge,2026-02-21 00:00:00+00:00,-0.02381064869371856,0.0003937412745055825,1.0,False,-0.02381064869371856,0.9371675237585962,-0.06283247624140376,-0.4053880665859363
Ridge,2026-02-22 00:00:00+00:00,-0.024391453124159124,0.001573729123407831,1.0,False,-0.024391453124159124,0.9145851737885097,-0.08541482621149032,-0.41971606498145586
Ridge,2026-02-23 00:00:00+00:00,-0.02247285585205863,0.0012285510834011474,1.0,False,-0.02247285585205863,0.8942610588154316,-0.10573894118456839,-0.4326112635374235
Ridge,2026-02-24 00:00:00+00:00,-0.005063301956546651,0.0011749211226729454,1.0,False,-0.005063301956546651,0.8897445888214144,-0.11025541117858562,-0.43547686321652734
Ridge,2026-02-25 00:00:00+00:00,0.0495150645273805,0.0016447885535732295,1.0,False,0.0495150645273805,0.9349092887615876,-0.06509071123841237,-0.4068208664254882
Ridge,2026-02-26 00:00:00+00:00,-0.07783098464466852,0.0009539507287871104,1.0,False,-0.07783098464466852,0.8649040038543189,-0.13509599614568113,-0.45123766145159905
Ridge,2026-02-27 00:00:00+00:00,-0.03723834514011876,0.0016349879841935518,1.0,False,-0.03723834514011876,0.8332887138961975,-0.16671128610380248,-0.4712968592053265
Ridge,2026-02-28 00:00:00+00:00,-0.00816331063916087,-0.00039253889082519746,-1.0,True,0.00816331063916087,0.8401189492560024,-0.1598810507439976,-0.4669632269037308
Ridge,2026-03-01 00:00:00+00:00,-0.05908891637000656,-5.127179022886138e-05,-1.0,False,0.05908891637000656,0.8912566244281069,-0.10874337557189306,-0.4345175102804797
Ridge,2026-03-02 00:00:00+00:00,0.020086758566737292,0.0009305389442247946,1.0,True,0.020086758566737292,0.9093400921701265,-0.09065990782987354,-0.4230439525180546
Ridge,2026-03-03 00:00:00+00:00,-0.017192400540372875,0.0017841753100672018,1.0,False,-0.017192400540372875,0.8938399769626811,-0.10616002303731886,-0.4328784306001332
Ridge,2026-03-04 00:00:00+00:00,0.05619455834364207,0.003186600684739058,1.0,False,0.05619455834364207,0.9455070276541656,-0.05449297234583439,-0.40009683699320453
Ridge,2026-03-05 00:00:00+00:00,-0.050430853626891856,-0.0006726006827127212,-1.0,True,0.050430853626891856,0.9944125635673121,-0.005587436432687887,-0.3690673630445771
Ridge,2026-03-06 00:00:00+00:00,-0.026202372394024072,0.001260072669262689,1.0,True,-0.026202372394024072,0.9686949972681574,-0.03130500273184256,-0.385384586414114
Ridge,2026-03-07 00:00:00+00:00,-0.04217492505071292,0.00023793566794194014,1.0,False,-0.04217492505071292,0.928689894136139,-0.071310105863861,-0.410766933877838
Ridge,2026-03-08 00:00:00+00:00,-0.02177379954956062,-0.0006019897277728982,-1.0,True,0.02177379954956062,0.9491327534410225,-0.05086724655897745,-0.39779639468646966
Ridge,2026-03-09 00:00:00+00:00,0.027908788117076658,-0.00026836724361607505,-1.0,False,-0.027908788117076658,0.9230098336215448,-0.07699016637845524,-0.414370805841888
Ridge,2026-03-10 00:00:00+00:00,0.009132483563272474,-0.0026643144311175168,-1.0,False,-0.009132483563272474,0.9146188351340763,-0.08538116486592373,-0.4196947076069617
Ridge,2026-03-11 00:00:00+00:00,0.009049835519917856,-0.0010738137639815164,-1.0,False,-0.009049835519917856,0.906379025808544,-0.09362097419145599,-0.4249226832141062
Ridge,2026-03-12 00:00:00+00:00,0.005988041844622693,0.0006090716547419257,1.0,True,0.005988041844622693,0.9118227436812681,-0.08817725631873186,-0.4214687653955722
Ridge,2026-03-13 00:00:00+00:00,0.008915363657952329,0.001245184155552013,1.0,False,0.008915363657952329,0.9199883204903541,-0.08001167950964594,-0.41628788866777133
Ridge,2026-03-14 00:00:00+00:00,-0.005934735519814466,0.002867676368627998,1.0,False,-0.005934735519814466,0.9145446026176302,-0.08545539738236985,-0.4197418064863052
Ridge,2026-03-15 00:00:00+00:00,0.02643325706815543,-0.00035369142409471654,-1.0,True,-0.02643325706815543,0.8906869173319529,-0.10931308266804707,-0.4348789767518798
Ridge,2026-03-16 00:00:00+00:00,0.14792013007662227,-0.0001579886851009282,-1.0,False,-0.14792013007662227,0.7682174661988094,-0.23178253380119063,-0.5125831174484964
Ridge,2026-03-17 00:00:00+00:00,-0.08610269905341161,0.002220026068906109,1.0,True,-0.08610269905341161,0.7048395252374077,-0.29516047476259233,-0.5527950102589954
Ridge,2026-03-18 00:00:00+00:00,-0.04173067245647311,0.0026025569864821215,1.0,False,-0.04173067245647311,0.6760313702549524,-0.3239686297450476,-0.5710731433546767
Ridge,2026-03-19 00:00:00+00:00,-0.028820438535492085,0.0043952443192410515,1.0,False,-0.028820438535492085,0.6568259335999821,-0.3431740664000179,-0.5832585654184643
Ridge,2026-03-20 00:00:00+00:00,0.0,0.0028214803016001055,1.0,False,0.0,0.6568259335999821,-0.3431740664000179,-0.5832585654184643
Ridge,2026-03-21 00:00:00+00:00,-0.02967576814611655,0.004535124847105231,1.0,False,-0.02967576814611655,0.6376204969450119,-0.3623795030549881,-0.5954439874822519
Ridge,2026-03-22 00:00:00+00:00,-0.01212136053234485,0.0005601088563098415,1.0,False,-0.01212136053234485,0.6299383222830237,-0.3700616777169763,-0.6003181563077671
Ridge,2026-03-23 00:00:00+00:00,0.050530808647215965,0.000314103080114434,1.0,False,0.050530808647215965,0.662587564596473,-0.33741243540352694,-0.5796029387993281
Ridge,2026-03-24 00:00:00+00:00,0.022923639901937024,-0.001030647398772767,-1.0,True,-0.022923639901937024,0.6475714158237484,-0.35242858417625156,-0.5891303509511847
Ridge,2026-03-25 00:00:00+00:00,0.002828856200477623,0.0017936952928167974,1.0,True,0.002828856200477623,0.6494058957552605,-0.35059410424473947,-0.5879664142683269
Ridge,2026-03-26 00:00:00+00:00,-0.040351295523567345,-0.0008188115494054699,-1.0,True,0.040351295523567345,0.6761461385216535,-0.3238538614783465,-0.5710003254440816
Ridge,2026-03-27 00:00:00+00:00,-0.03593200922606333,0.004985410602505825,1.0,True,-0.03593200922606333,0.6522821571620658,-0.34771784283793417,-0.586141490428408
Ridge,2026-03-28 00:00:00+00:00,0.0,0.0007583841068246721,1.0,False,0.0,0.6522821571620658,-0.34771784283793417,-0.586141490428408
Ridge,2026-03-29 00:00:00+00:00,-0.003053437486890343,-0.00025573667133090526,-1.0,True,0.003053437486890343,0.6542769038200538,-0.34572309617994623,-0.5848758680749782
Ridge,2026-03-30 00:00:00+00:00,0.012158204479809583,0.0002688401309364596,1.0,True,0.012158204479809583,0.6622802910227457,-0.33771970897725434,-0.579797897042256
Ridge,2026-03-31 00:00:00+00:00,0.02682724223314406,-0.00042030139672525344,-1.0,True,-0.02682724223314406,0.6447493421427318,-0.35525065785726817,-0.5909208938852551
Ridge,2026-04-01 00:00:00+00:00,0.0,-0.004585662909744719,-1.0,False,-0.0,0.6447493421427318,-0.35525065785726817,-0.5909208938852551
Ridge,2026-04-02 00:00:00+00:00,-0.017804624633506592,-0.0013883582718108916,-1.0,False,0.017804624633506592,0.6563316656542779,-0.3436683343457221,-0.583572167428104
Ridge,2026-04-03 00:00:00+00:00,0.023669744085904703,0.0012989391826732013,1.0,True,0.023669744085904703,0.6720521845921049,-0.3279478154078951,-0.5735978480850646
Ridge,2026-04-04 00:00:00+00:00,-0.005865119452398022,5.648704117857772e-05,1.0,False,-0.005865119452398022,0.6681220548576482,-0.3318779451423518,-0.5760914279208245
Ridge,2026-04-05 00:00:00+00:00,0.026126304592219998,-7.898187327034199e-05,-1.0,True,-0.026126304592219998,0.6508925462796573,-0.3491074537203427,-0.5870231676019493
Ridge,2026-04-06 00:00:00+00:00,-0.046929432221983355,0.0005527364065785031,1.0,True,-0.046929432221983355,0.6210522003184122,-0.37894779968158776,-0.605956202898135
Ridge,2026-04-07 00:00:00+00:00,0.11075136429270285,-0.0003508833925999701,-1.0,True,-0.11075136429270285,0.5559418889947076,-0.44405811100529236,-0.6472672461426854
Ridge,2026-04-08 00:00:00+00:00,-0.04959694113937206,0.0020018897326207733,1.0,True,-0.04959694113937206,0.5290414750110928,-0.4709585249889072,-0.6643349600390072
Ridge,2026-04-09 00:00:00+00:00,-0.00851068966790873,-0.0014999194082292188,-1.0,True,0.00851068966790873,0.5335631970197346,-0.46643680298026535,-0.6614660280735285
Ridge,2026-04-10 00:00:00+00:00,0.033616610798985064,0.00034945584939610405,1.0,True,0.033616610798985064,0.5518046738409221,-0.44819532615907787,-0.6498922170674952
Ridge,2026-04-11 00:00:00+00:00,0.0027510333718897976,0.000412439609005855,1.0,False,0.0027510333718897976,0.5533247969093544,-0.44667520309064557,-0.6489277328169925
Ridge,2026-04-12 00:00:00+00:00,-0.05071509257901645,0.0014549441490267663,1.0,False,-0.05071509257901645,0.5259625816775731,-0.47403741832242685,-0.6662884493260424
Ridge,2026-04-13 00:00:00+00:00,0.08048725091268655,0.0005541220113241959,1.0,False,0.08048725091268655,0.5700461506621096,-0.4299538493378904,-0.6383184060614622
Ridge,2026-04-14 00:00:00+00:00,-0.04919024419077178,0.001134650002680787,1.0,False,-0.04919024419077178,0.5426839354303283,-0.45731606456967167,-0.6556791225705119
Ridge,2026-04-15 00:00:00+00:00,0.041158072493507336,-0.0018654740325219853,-1.0,True,-0.041158072493507336,0.5208015186791055,-0.4791984813208945,-0.6695630289184751
Ridge,2026-04-16 00:00:00+00:00,0.06755815101129109,0.0007982918425845636,1.0,True,0.06755815101129109,0.557201624823344,-0.442798375176656,-0.6464679717998739
Ridge,2026-04-17 00:00:00+00:00,-0.00503779402995707,0.0022035268530918024,1.0,False,-0.00503779402995707,0.5544016166584026,-0.4455983833415974,-0.648244514655151
Ridge,2026-04-18 00:00:00+00:00,-0.049169023806469814,0.00043030906784423915,1.0,False,-0.049169023806469814,0.527801539091459,-0.472198460908541,-0.6651216717802826
Ridge,2026-04-19 00:00:00+00:00,-0.03234783386551917,0.0009594040706895858,1.0,False,-0.03234783386551917,0.5110014901018105,-0.4889985098981895,-0.6757809289119447
Ridge,2026-04-20 00:00:00+00:00,0.029691789807403,0.000600337521707161,1.0,False,0.029691789807403,0.5264015350089883,-0.47359846499101166,-0.6660099432079212
Ridge,2026-04-21 00:00:00+00:00,0.013210231736806482,0.001375373394296775,1.0,False,0.013210231736806482,0.5334015554213419,-0.46659844457865807,-0.6615685860697285
Ridge,2026-04-22 00:00:00+00:00,-0.002628122406269469,0.0025649663112697714,1.0,False,-0.002628122406269469,0.5320015513388713,-0.4679984486611287,-0.662456857497367
Ridge,2026-04-23 00:00:00+00:00,0.007863736460214451,-0.0005572010117466304,-1.0,True,-0.007863736460214451,0.5278344373597156,-0.4721655626402844,-0.6651007985613564
Ridge,2026-04-24 00:00:00+00:00,0.010389703849135868,0.0013541157826782316,1.0,True,0.010389703849135868,0.5333470685592949,-0.4666529314407051,-0.6616031567708744
Ridge,2026-04-25 00:00:00+00:00,-0.005181358741997518,-0.00046536368027194023,-1.0,True,0.005181358741997518,0.5361177026816808,-0.4638822973183192,-0.6598452510917621
Ridge,2026-04-26 00:00:00+00:00,0.010336009330662073,7.226344737044942e-05,1.0,True,0.010336009330662073,0.5416877567355165,-0.4583122432644835,-0.6563111757784297
Ridge,2026-04-27 00:00:00+00:00,0.0025673955052457334,0.000388013630473814,1.0,False,0.0025673955052457334,0.5430802702489753,-0.4569197297510247,-0.6554276569500967
Ridge,2026-04-28 00:00:00+00:00,-0.005141399500418652,0.0008950334792487736,1.0,False,-0.005141399500418652,0.5402952432220576,-0.4597047567779424,-0.6571946946067628
Ridge,2026-04-29 00:00:00+00:00,-0.007762005335489189,0.0016567224417497798,1.0,False,-0.007762005335489189,0.5361177026816808,-0.4638822973183192,-0.6598452510917621
Ridge,2026-04-30 00:00:00+00:00,0.0051813587419975845,0.0016931883913445136,1.0,False,0.0051813587419975845,0.5389027297085985,-0.46109727029140146,-0.658078213435096
Ridge,2026-05-01 00:00:00+00:00,0.015384918839479237,-0.0022521504013235582,-1.0,True,-0.015384918839479237,0.5306752071176277,-0.4693247928823723,-0.6632983933826516
Ridge,2026-05-02 00:00:00+00:00,0.017654935238720745,-0.001457877669134815,-1.0,False,-0.017654935238720745,0.5213883909930692,-0.4786116090069308,-0.6691906714984552
Ridge,2026-05-03 00:00:00+00:00,-0.015113637810048071,3.0721267061130635e-05,1.0,True,-0.015113637810048071,0.5135675651281733,-0.48643243487182675,-0.6741528114259784
Ridge,2026-05-04 00:00:00+00:00,0.010101095986503699,-0.00015709054841689905,-1.0,True,-0.010101095986503699,0.5084060820615586,-0.4915939179384414,-0.6774276575423002
Ridge,2026-05-05 00:00:00+00:00,0.03214120921179677,0.0021181801686804753,1.0,True,0.03214120921179677,0.5250123108726145,-0.47498768912738554,-0.666891374999712
Ridge,2026-05-06 00:00:00+00:00,0.012092045765028772,-0.0002974566722697817,-1.0,True,-0.012092045765028772,0.5187020667515493,-0.4812979332484507,-0.6708950844348116
Ridge,2026-05-07 00:00:00+00:00,-0.0024067400305649764,-0.0029429459176254624,-1.0,False,0.0024067400305649764,0.5199519512497458,-0.4800480487502542,-0.6701020605418835
Ridge,2026-05-08 00:00:00+00:00,0.037829569873049564,0.0002123527553675958,1.0,True,0.037829569873049564,0.5399982915388927,-0.46000170846110733,-0.6573831038398839
Ridge,2026-05-09 00:00:00+00:00,-0.014018921179331041,-0.0004746868662724316,-1.0,True,0.014018921179331041,0.5476217968312065,-0.4523782031687935,-0.6525461594235056
Ridge,2026-05-10 00:00:00+00:00,0.03695570652242912,0.0005840095597072251,1.0,True,0.03695570652242912,0.5682381468295578,-0.43176185317044224,-0.6394655442488612
Ridge,2026-05-11 00:00:00+00:00,-0.01600034134644119,0.001508381979574892,1.0,False,-0.01600034134644119,0.559218493705279,-0.440781506294721,-0.6451883133877682
Ridge,2026-05-12 00:00:00+00:00,-0.04717856027509038,-0.0007233024537550894,-1.0,True,0.04717856027509038,0.5862338798746161,-0.41376612012538394,-0.6280476521987715
Ridge,2026-05-13 00:00:00+00:00,0.014388737452099452,0.0008320897670650942,1.0,True,0.014388737452099452,0.5947300230612046,-0.4052699769387954,-0.6226570384625219
ElasticNet,2025-10-11 00:00:00+00:00,0.002976192673045955,0.002008491708505993,1.0,True,0.002976192673045955,1.0029806259314455,0.0029806259314455463,0.0
ElasticNet,2025-10-12 00:00:00+00:00,0.10699365387249171,0.002008491708505993,1.0,False,0.10699365387249171,1.1162444113263785,0.11624441132637853,0.0
ElasticNet,2025-10-13 00:00:00+00:00,0.046944734265188866,0.002008491708505993,1.0,False,0.046944734265188866,1.1698956780923992,0.16989567809239925,0.0
ElasticNet,2025-10-14 00:00:00+00:00,-0.04294739383256848,0.002008491708505993,1.0,False,-0.04294739383256848,1.120715350223547,0.12071535022354696,-0.042038216560509434
ElasticNet,2025-10-15 00:00:00+00:00,-0.04487496622879318,0.002008491708505993,1.0,False,-0.04487496622879318,1.0715350223546944,0.07153502235469444,-0.08407643312101898
ElasticNet,2025-10-16 00:00:00+00:00,-0.04407251978770297,0.002008491708505993,1.0,False,-0.04407251978770297,1.0253353204172877,0.0253353204172877,-0.12356687898089158
ElasticNet,2025-10-17 00:00:00+00:00,-0.03400179727748958,0.002008491708505993,1.0,False,-0.03400179727748958,0.9910581222056631,-0.008941877794336861,-0.15286624203821653
ElasticNet,2025-10-18 00:00:00+00:00,0.014925650216675574,0.002008491708505993,1.0,False,0.014925650216675574,1.005961251862891,0.005961251862891093,-0.14012738853503182
ElasticNet,2025-10-19 00:00:00+00:00,0.03493805136128044,0.002008491708505993,1.0,False,0.03493805136128044,1.0417287630402383,0.041728763040238315,-0.10955414012738851
ElasticNet,2025-10-20 00:00:00+00:00,0.022631800460197343,0.002008491708505993,1.0,False,0.022631800460197343,1.0655737704918031,0.06557377049180313,-0.08917197452229297
ElasticNet,2025-10-21 00:00:00+00:00,-0.03269658707633818,0.002008491708505993,1.0,False,-0.03269658707633818,1.0312965722801786,0.03129657228017857,-0.11847133757961792
ElasticNet,2025-10-22 00:00:00+00:00,-0.02932761509451995,0.002008491708505993,1.0,False,-0.02932761509451995,1.0014903129657227,0.0014903129657226621,-0.14394904458598723
ElasticNet,2025-10-23 00:00:00+00:00,0.03365350504164258,0.002008491708505993,1.0,False,0.03365350504164258,1.035767511177347,0.035767511177347,-0.1146496815286625
ElasticNet,2025-10-24 00:00:00+00:00,0.03255772348343202,0.002008491708505993,1.0,False,0.03255772348343202,1.0700447093889713,0.07004470938897134,-0.08535031847133778
ElasticNet,2025-10-25 00:00:00+00:00,-0.0027894020875785254,0.002008491708505993,1.0,False,-0.0027894020875785254,1.0670640834575258,0.06706408345752579,-0.08789808917197461
ElasticNet,2025-10-26 00:00:00+00:00,0.02210034700066592,0.002008491708505993,1.0,False,0.02210034700066592,1.0909090909090906,0.0909090909090906,-0.06751592356687908
ElasticNet,2025-10-27 00:00:00+00:00,-0.026299093547015595,0.002008491708505993,1.0,False,-0.026299093547015595,1.0625931445603574,0.06259314456035736,-0.09171974522293014
ElasticNet,2025-10-28 00:00:00+00:00,-0.019830678180485735,0.002008491708505993,1.0,False,-0.019830678180485735,1.041728763040238,0.04172876304023809,-0.10955414012738873
ElasticNet,2025-10-29 00:00:00+00:00,0.004282661792000728,0.002008491708505993,1.0,False,0.004282661792000728,1.0461997019374065,0.04619970193740652,-0.10573248407643332
ElasticNet,2025-10-30 00:00:00+00:00,-0.08623467792145746,0.002008491708505993,1.0,False,-0.08623467792145746,0.959761549925484,-0.040238450074515986,-0.17961783439490464
ElasticNet,2025-10-31 00:00:00+00:00,0.018462062839735352,0.002008491708505993,1.0,False,0.018462062839735352,0.9776453055141575,-0.022354694485842486,-0.1643312101910831
ElasticNet,2025-11-01 00:00:00+00:00,0.02111692344092283,0.002008491708505993,1.0,False,0.02111692344092283,0.9985096870342769,-0.0014903129657231062,-0.1464968152866244
ElasticNet,2025-11-02 00:00:00+00:00,0.00149142458667012,0.002008491708505993,1.0,False,0.00149142458667012,0.9999999999999998,-2.220446049250313e-16,-0.1452229299363058
ElasticNet,2025-11-03 00:00:00+00:00,-0.15963014559188382,0.002008491708505993,1.0,False,-0.15963014559188382,0.8524590163934425,-0.14754098360655754,-0.27133757961783445
ElasticNet,2025-11-04 00:00:00+00:00,-0.022989518224698833,0.002008491708505993,1.0,False,-0.022989518224698833,0.833084947839046,-0.16691505216095404,-0.2878980891719747
ElasticNet,2025-11-05 00:00:00+00:00,0.029958187540792165,0.002008491708505993,1.0,False,0.029958187540792165,0.8584202682563337,-0.14157973174366634,-0.26624203821656056
ElasticNet,2025-11-06 00:00:00+00:00,-0.03894297394860741,0.002008491708505993,1.0,False,-0.03894297394860741,0.8256333830104321,-0.1743666169895679,-0.2942675159235668
ElasticNet,2025-11-07 00:00:00+00:00,0.1109405859373122,0.002008491708505993,1.0,False,0.1109405859373122,0.9225037257824141,-0.07749627421758587,-0.2114649681528663
ElasticNet,2025-11-08 00:00:00+00:00,-0.01628700497469905,0.002008491708505993,1.0,False,-0.01628700497469905,0.9076005961251861,-0.09239940387481393,-0.22420382165605102
ElasticNet,2025-11-09 00:00:00+00:00,-0.0032894766503987574,0.002008491708505993,1.0,False,-0.0032894766503987574,0.9046199701937405,-0.09538002980625948,-0.22675159235668796
ElasticNet,2025-11-10 00:00:00+00:00,0.022802290873980335,0.002008491708505993,1.0,False,0.022802290873980335,0.9254843517138596,-0.07451564828614043,-0.20891719745222948
ElasticNet,2025-11-11 00:00:00+00:00,-0.06314389558298632,0.002008491708505993,1.0,False,-0.06314389558298632,0.8688524590163932,-0.13114754098360681,-0.2573248407643314
ElasticNet,2025-11-12 00:00:00+00:00,-0.019048194970694474,0.002008491708505993,1.0,False,-0.019048194970694474,0.8524590163934423,-0.14754098360655765,-0.27133757961783456
ElasticNet,2025-11-13 00:00:00+00:00,-0.05387298994015175,0.002008491708505993,1.0,False,-0.05387298994015175,0.8077496274217583,-0.19225037257824173,-0.3095541401273887
ElasticNet,2025-11-14 00:00:00+00:00,-0.10086061033497395,0.002008491708505993,1.0,False,-0.10086061033497395,0.7302533532041726,-0.2697466467958274,-0.3757961783439492
ElasticNet,2025-11-15 00:00:00+00:00,0.01820070464684637,0.002008491708505993,1.0,False,0.01820070464684637,0.7436661698956778,-0.2563338301043222,-0.36433121019108294
ElasticNet,2025-11-16 00:00:00+00:00,-0.026397471851024812,0.002008491708505993,1.0,False,-0.026397471851024812,0.7242921013412814,-0.2757078986587186,-0.38089171974522307
ElasticNet,2025-11-17 00:00:00+00:00,-0.031350529884076044,0.002008491708505993,1.0,False,-0.031350529884076044,0.7019374068554394,-0.29806259314456063,-0.40000000000000013
ElasticNet,2025-11-18 00:00:00+00:00,0.03545731183672942,0.002008491708505993,1.0,False,0.03545731183672942,0.727272727272727,-0.27272727272727304,-0.3783439490445861
ElasticNet,2025-11-19 00:00:00+00:00,-0.024897551621727087,0.002008491708505993,1.0,False,-0.024897551621727087,0.7093889716840535,-0.29061102831594654,-0.3936305732484078
ElasticNet,2025-11-20 00:00:00+00:00,-0.06959329179919535,0.002008491708505993,1.0,False,-0.06959329179919535,0.6616989567809237,-0.3383010432190763,-0.43439490445859885
ElasticNet,2025-11-21 00:00:00+00:00,-0.07480121308269828,0.002008491708505993,1.0,False,-0.07480121308269828,0.6140089418777942,-0.3859910581222058,-0.4751592356687898
ElasticNet,2025-11-22 00:00:00+00:00,0.0024242436115062545,0.002008491708505993,1.0,False,0.0024242436115062545,0.6154992548435169,-0.38450074515648314,-0.47388535031847145
ElasticNet,2025-11-23 00:00:00+00:00,0.009638628837768573,0.002008491708505993,1.0,False,0.009638628837768573,0.621460506706408,-0.37853949329359204,-0.4687898089171977
ElasticNet,2025-11-24 00:00:00+00:00,0.09159716909540332,0.002008491708505993,1.0,False,0.09159716909540332,0.6810730253353201,-0.3189269746646799,-0.41783439490445884
ElasticNet,2025-11-25 00:00:00+00:00,0.0,0.002008491708505993,1.0,False,0.0,0.6810730253353201,-0.3189269746646799,-0.41783439490445884
ElasticNet,2025-11-26 00:00:00+00:00,0.025919377552074494,0.002008491708505993,1.0,False,0.025919377552074494,0.6989567809239936,-0.3010432190760064,-0.4025477707006372
ElasticNet,2025-11-27 00:00:00+00:00,0.00425532557013827,0.002008491708505993,1.0,False,0.00425532557013827,0.7019374068554391,-0.29806259314456085,-0.40000000000000036
ElasticNet,2025-11-28 00:00:00+00:00,-0.01713103993018367,0.002008491708505993,1.0,False,-0.01713103993018367,0.6900149031296567,-0.30998509687034326,-0.4101910828025481
ElasticNet,2025-11-29 00:00:00+00:00,-0.013043663192029226,0.002008491708505993,1.0,False,-0.013043663192029226,0.68107302533532,-0.31892697466468,-0.41783439490445884
ElasticNet,2025-11-30 00:00:00+00:00,-0.00879126541117077,0.002008491708505993,1.0,False,-0.00879126541117077,0.6751117734724288,-0.3248882265275712,-0.4229299363057327
ElasticNet,2025-12-01 00:00:00+00:00,-0.11200505837649474,0.002008491708505993,1.0,False,-0.11200505837649474,0.6035767511177345,-0.39642324888226554,-0.4840764331210192
ElasticNet,2025-12-02 00:00:00+00:00,0.1207963237876656,0.002008491708505993,1.0,False,0.1207963237876656,0.6810730253353201,-0.3189269746646799,-0.41783439490445884
ElasticNet,2025-12-03 00:00:00+00:00,0.04910271300773182,0.002008491708505993,1.0,False,0.04910271300773182,0.7153502235469444,-0.28464977645305556,-0.388535031847134
ElasticNet,2025-12-04 00:00:00+00:00,-0.00836824967051658,0.002008491708505993,1.0,False,-0.00836824967051658,0.7093889716840532,-0.29061102831594676,-0.3936305732484079
ElasticNet,2025-12-05 00:00:00+00:00,-0.08091844115624859,0.002008491708505993,1.0,False,-0.08091844115624859,0.6542473919523096,-0.34575260804769037,-0.4407643312101913
ElasticNet,2025-12-06 00:00:00+00:00,0.02696792642750697,0.002008491708505993,1.0,False,0.02696792642750697,0.6721311475409832,-0.32786885245901676,-0.42547770700636967
ElasticNet,2025-12-07 00:00:00+00:00,-0.017897569457542676,0.002008491708505993,1.0,False,-0.017897569457542676,0.6602086438152008,-0.33979135618479916,-0.43566878980891743
ElasticNet,2025-12-08 00:00:00+00:00,0.0697450339895056,0.002008491708505993,1.0,False,0.0697450339895056,0.7078986587183306,-0.2921013412816694,-0.39490445859872625
ElasticNet,2025-12-09 00:00:00+00:00,0.041242958534049,0.002008491708505993,1.0,False,0.041242958534049,0.7377049180327865,-0.2622950819672135,-0.36942675159235694
ElasticNet,2025-12-10 00:00:00+00:00,-0.06252035698133393,0.002008491708505993,1.0,False,-0.06252035698133393,0.6929955290611025,-0.3070044709388975,-0.40764331210191107
ElasticNet,2025-12-11 00:00:00+00:00,-0.01081091610421573,0.002008491708505993,1.0,False,-0.01081091610421573,0.6855439642324884,-0.3144560357675116,-0.4140127388535034
ElasticNet,2025-12-12 00:00:00+00:00,-0.06280090123903036,0.002008491708505993,1.0,False,-0.06280090123903036,0.64381520119225,-0.35618479880775,-0.4496815286624206
ElasticNet,2025-12-13 00:00:00+00:00,0.013793322132335988,0.002008491708505993,1.0,False,0.013793322132335988,0.652757078986587,-0.34724292101341303,-0.4420382165605097
ElasticNet,2025-12-14 00:00:00+00:00,-0.049132688577644766,0.002008491708505993,1.0,False,-0.049132688577644766,0.6214605067064081,-0.37853949329359193,-0.46878980891719757
ElasticNet,2025-12-15 00:00:00+00:00,-0.026733062197068752,0.002008491708505993,1.0,False,-0.026733062197068752,0.6050670640834572,-0.39493293591654277,-0.48280254777070086
ElasticNet,2025-12-16 00:00:00+00:00,0.00736199644106904,0.002008491708505993,1.0,False,0.00736199644106904,0.6095380029806257,-0.39046199701937434,-0.47898089171974534
ElasticNet,2025-12-17 00:00:00+00:00,-0.04756841691910957,0.002008491708505993,1.0,False,-0.04756841691910957,0.5812220566318925,-0.4187779433681075,-0.5031847133757963
ElasticNet,2025-12-18 00:00:00+00:00,-0.0472528848505455,0.002008491708505993,1.0,False,-0.0472528848505455,0.5543964232488822,-0.44560357675111784,-0.5261146496815288
ElasticNet,2025-12-19 00:00:00+00:00,0.09969936022308797,0.002008491708505993,1.0,False,0.09969936022308797,0.6125186289120713,-0.3874813710879287,-0.4764331210191084
ElasticNet,2025-12-20 00:00:00+00:00,-0.007326040092072786,0.002008491708505993,1.0,False,-0.007326040092072786,0.608047690014903,-0.391952309985097,-0.4802547770700637
ElasticNet,2025-12-21 00:00:00+00:00,-0.0148150857851407,0.002008491708505993,1.0,False,-0.0148150857851407,0.5991058122205661,-0.40089418777943386,-0.48789808917197464
ElasticNet,2025-12-22 00:00:00+00:00,-0.002490661312451808,0.002008491708505993,1.0,False,-0.002490661312451808,0.5976154992548434,-0.40238450074515664,-0.4891719745222931
ElasticNet,2025-12-23 00:00:00+00:00,-0.02015181543730793,0.002008491708505993,1.0,False,-0.02015181543730793,0.585692995529061,-0.41430700447093904,-0.4993630573248409
ElasticNet,2025-12-24 00:00:00+00:00,0.010126668817929268,0.002008491708505993,1.0,False,0.010126668817929268,0.5916542473919523,-0.40834575260804773,-0.4942675159235669
ElasticNet,2025-12-25 00:00:00+00:00,-0.0177895415634983,0.002008491708505993,1.0,False,-0.0177895415634983,0.5812220566318926,-0.41877794336810736,-0.5031847133757962
ElasticNet,2025-12-26 00:00:00+00:00,0.03278982282299097,0.002008491708505993,1.0,False,0.03278982282299097,0.600596125186289,-0.399403874813711,-0.48662420382165605
ElasticNet,2025-12-27 00:00:00+00:00,0.04131814933073086,0.002008491708505993,1.0,False,0.04131814933073086,0.6259314456035766,-0.3740685543964234,-0.46496815286624205
ElasticNet,2025-12-28 00:00:00+00:00,-0.007168489478612516,0.002008491708505993,1.0,False,-0.007168489478612516,0.6214605067064082,-0.3785394932935918,-0.46878980891719757
ElasticNet,2025-12-29 00:00:00+00:00,-0.02427303635620642,0.002008491708505993,1.0,False,-0.02427303635620642,0.6065573770491802,-0.3934426229508198,-0.48152866242038217
ElasticNet,2025-12-30 00:00:00+00:00,0.01705278838271948,0.002008491708505993,1.0,False,0.01705278838271948,0.6169895678092399,-0.38301043219076014,-0.4726114649681529
ElasticNet,2025-12-31 00:00:00+00:00,-0.026929411878631293,0.002008491708505993,1.0,False,-0.026929411878631293,0.6005961251862891,-0.39940387481371087,-0.48662420382165594
ElasticNet,2026-01-01 00:00:00+00:00,0.1995421545456251,0.002008491708505993,1.0,False,0.1995421545456251,0.7332339791356185,-0.2667660208643815,-0.373248407643312
ElasticNet,2026-01-02 00:00:00+00:00,0.19678288162314128,0.002008491708505993,1.0,False,0.19678288162314128,0.8926974664679582,-0.10730253353204178,-0.23694267515923562
ElasticNet,2026-01-03 00:00:00+00:00,0.01655666959444761,0.002008491708505993,1.0,False,0.01655666959444761,0.9076005961251863,-0.09239940387481371,-0.2242038216560509
ElasticNet,2026-01-04 00:00:00+00:00,0.16465130133832706,0.002008491708505993,1.0,False,0.16465130133832706,1.0700447093889716,0.07004470938897156,-0.08535031847133756
ElasticNet,2026-01-05 00:00:00+00:00,-0.023961682013634068,0.002008491708505993,1.0,False,-0.023961682013634068,1.0447093889716839,0.04470938897168386,-0.10700636942675168
ElasticNet,2026-01-06 00:00:00+00:00,-0.04373875006290827,0.002008491708505993,1.0,False,-0.04373875006290827,0.9999999999999999,-1.1102230246251565e-16,-0.1452229299363057
ElasticNet,2026-01-07 00:00:00+00:00,-0.022608348027592765,0.002008491708505993,1.0,False,-0.022608348027592765,0.9776453055141578,-0.022354694485842153,-0.16433121019108277
ElasticNet,2026-01-08 00:00:00+00:00,-0.07598590697792199,0.002008491708505993,1.0,False,-0.07598590697792199,0.9061102831594634,-0.0938897168405366,-0.22547770700636938
ElasticNet,2026-01-09 00:00:00+00:00,0.0032840752011897975,0.002008491708505993,1.0,False,0.0032840752011897975,0.909090909090909,-0.09090909090909105,-0.22292993630573255
ElasticNet,2026-01-10 00:00:00+00:00,-0.026579637804712012,0.002008491708505993,1.0,False,-0.026579637804712012,0.8852459016393441,-0.11475409836065587,-0.24331210191082808
ElasticNet,2026-01-11 00:00:00+00:00,-0.0238512158221798,0.002008491708505993,1.0,False,-0.0238512158221798,0.864381520119225,-0.13561847988077502,-0.26114649681528657
ElasticNet,2026-01-12 00:00:00+00:00,-0.01388911216066715,0.002008491708505993,1.0,False,-0.01388911216066715,0.8524590163934426,-0.14754098360655743,-0.27133757961783433
ElasticNet,2026-01-13 00:00:00+00:00,0.14006593994551916,0.002008491708505993,1.0,False,0.14006593994551916,0.9806259314456033,-0.019374068554396717,-0.16178343949044605
ElasticNet,2026-01-14 00:00:00+00:00,-0.053054562955889395,0.002008491708505993,1.0,False,-0.053054562955889395,0.9299552906110282,-0.07004470938897178,-0.20509554140127384
ElasticNet,2026-01-15 00:00:00+00:00,-0.0543343509633295,0.002008491708505993,1.0,False,-0.0543343509633295,0.8807749627421757,-0.1192250372578243,-0.2471337579617835
ElasticNet,2026-01-16 00:00:00+00:00,0.001690617477907452,0.002008491708505993,1.0,False,0.001690617477907452,0.8822652757078985,-0.11773472429210152,-0.24585987261146502
ElasticNet,2026-01-17 00:00:00+00:00,-0.020478531343540562,0.002008491708505993,1.0,False,-0.020478531343540562,0.864381520119225,-0.13561847988077502,-0.26114649681528657
ElasticNet,2026-01-18 00:00:00+00:00,-0.060409127795559986,0.002008491708505993,1.0,False,-0.060409127795559986,0.8137108792846497,-0.1862891207153503,-0.3044585987261146
ElasticNet,2026-01-19 00:00:00+00:00,-0.035418427203542706,0.002008491708505993,1.0,False,-0.035418427203542706,0.7853949329359164,-0.21460506706408355,-0.32866242038216564
ElasticNet,2026-01-20 00:00:00+00:00,-0.05459445278984375,0.002008491708505993,1.0,False,-0.05459445278984375,0.743666169895678,-0.256333830104322,-0.36433121019108283
ElasticNet,2026-01-21 00:00:00+00:00,0.02961716970364658,0.002008491708505993,1.0,False,0.02961716970364658,0.7660208643815201,-0.23397913561847994,-0.34522292993630566
ElasticNet,2026-01-22 00:00:00+00:00,-0.03968774826724258,0.002008491708505993,1.0,False,-0.03968774826724258,0.736214605067064,-0.26378539493293596,-0.3707006369426751
ElasticNet,2026-01-23 00:00:00+00:00,0.016064602503806622,0.002008491708505993,1.0,False,0.016064602503806622,0.7481371087928465,-0.25186289120715355,-0.3605095541401273
ElasticNet,2026-01-24 00:00:00+00:00,-0.00399202126953745,0.002008491708505993,1.0,False,-0.00399202126953745,0.7451564828614009,-0.2548435171385991,-0.36305732484076425
ElasticNet,2026-01-25 00:00:00+00:00,-0.06187540371808753,0.002008491708505993,1.0,False,-0.06187540371808753,0.7004470938897167,-0.2995529061102833,-0.4012738853503185
ElasticNet,2026-01-26 00:00:00+00:00,0.06387340638076057,0.002008491708505993,1.0,False,0.06387340638076057,0.7466467958271237,-0.2533532041728763,-0.3617834394904458
ElasticNet,2026-01-27 00:00:00+00:00,0.0,0.002008491708505993,1.0,False,0.0,0.7466467958271237,-0.2533532041728763,-0.3617834394904458
ElasticNet,2026-01-28 00:00:00+00:00,-0.008016074988236173,0.002008491708505993,1.0,False,-0.008016074988236173,0.7406855439642324,-0.25931445603576764,-0.3668789808917198
ElasticNet,2026-01-29 00:00:00+00:00,-0.04949463760469586,0.002008491708505993,1.0,False,-0.04949463760469586,0.704918032786885,-0.29508196721311497,-0.3974522292993632
ElasticNet,2026-01-30 00:00:00+00:00,-0.023530497410194046,0.002008491708505993,1.0,False,-0.023530497410194046,0.6885245901639343,-0.3114754098360657,-0.41146496815286626
ElasticNet,2026-01-31 00:00:00+00:00,-0.10728637085104048,0.002008491708505993,1.0,False,-0.10728637085104048,0.6184798807749626,-0.38152011922503737,-0.4713375796178344
ElasticNet,2026-02-01 00:00:00+00:00,0.0024067400305650593,0.002008491708505993,1.0,False,0.0024067400305650593,0.6199701937406855,-0.3800298062593145,-0.47006369426751593
ElasticNet,2026-02-02 00:00:00+00:00,0.01904819497069441,0.002008491708505993,1.0,False,0.01904819497069441,0.6318926974664679,-0.3681073025335321,-0.45987261146496816
ElasticNet,2026-02-03 00:00:00+00:00,-0.03114024073572329,0.002008491708505993,1.0,False,-0.03114024073572329,0.6125186289120714,-0.38748137108792857,-0.4764331210191083
ElasticNet,2026-02-04 00:00:00+00:00,0.021661496781179467,0.002008491708505993,1.0,False,0.021661496781179467,0.6259314456035766,-0.3740685543964234,-0.46496815286624205
ElasticNet,2026-02-05 00:00:00+00:00,-0.20544397421480884,0.002008491708505993,1.0,False,-0.20544397421480884,0.5096870342771981,-0.4903129657228019,-0.5643312101910829
ElasticNet,2026-02-06 00:00:00+00:00,0.13389682292276067,0.002008491708505993,1.0,False,0.13389682292276067,0.5827123695976154,-0.4172876304023846,-0.5019108280254777
ElasticNet,2026-02-07 00:00:00+00:00,-0.012870190520534796,0.002008491708505993,1.0,False,-0.012870190520534796,0.5752608047690014,-0.42473919523099857,-0.5082802547770701
ElasticNet,2026-02-08 00:00:00+00:00,-0.02094317384524325,0.002008491708505993,1.0,False,-0.02094317384524325,0.563338301043219,-0.436661698956781,-0.5184713375796178
ElasticNet,2026-02-09 00:00:00+00:00,0.007905179507113247,0.002008491708505993,1.0,False,0.007905179507113247,0.5678092399403873,-0.43219076005961266,-0.5146496815286625
ElasticNet,2026-02-10 00:00:00+00:00,-0.04564550748996038,0.002008491708505993,1.0,False,-0.04564550748996038,0.5424739195230996,-0.45752608047690035,-0.5363057324840765
ElasticNet,2026-02-11 00:00:00+00:00,-0.019418085857101513,0.002008491708505993,1.0,False,-0.019418085857101513,0.5320417287630401,-0.4679582712369599,-0.5452229299363058
ElasticNet,2026-02-12 00:00:00+00:00,0.041158072493507336,0.002008491708505993,1.0,False,0.041158072493507336,0.554396423248882,-0.44560357675111795,-0.5261146496815288
ElasticNet,2026-02-13 00:00:00+00:00,0.01600034134644112,0.002008491708505993,1.0,False,0.01600034134644112,0.5633383010432189,-0.4366616989567811,-0.5184713375796179
ElasticNet,2026-02-14 00:00:00+00:00,0.2451224580329851,0.002008491708505993,1.0,False,0.2451224580329851,0.7198211624441131,-0.2801788375558869,-0.38471337579617837
ElasticNet,2026-02-15 00:00:00+00:00,-0.09097177820572676,0.002008491708505993,1.0,False,-0.09097177820572676,0.6572280178837554,-0.3427719821162446,-0.43821656050955426
ElasticNet,2026-02-16 00:00:00+00:00,0.015748356968139112,0.002008491708505993,1.0,False,0.015748356968139112,0.6676602086438149,-0.3323397913561851,-0.42929936305732497
ElasticNet,2026-02-17 00:00:00+00:00,-0.020293819339813796,0.002008491708505993,1.0,False,-0.020293819339813796,0.6542473919523097,-0.34575260804769026,-0.4407643312101912
ElasticNet,2026-02-18 00:00:00+00:00,-0.03712723402889346,0.002008491708505993,1.0,False,-0.03712723402889346,0.6304023845007448,-0.3695976154992552,-0.46114649681528685
ElasticNet,2026-02-19 00:00:00+00:00,0.0,0.002008491708505993,1.0,False,0.0,0.6304023845007448,-0.3695976154992552,-0.46114649681528685
ElasticNet,2026-02-20 00:00:00+00:00,0.004716989878138867,0.002008491708505993,1.0,False,0.004716989878138867,0.6333830104321905,-0.3666169895678095,-0.4585987261146498
ElasticNet,2026-02-21 00:00:00+00:00,-0.02381064869371856,0.002008491708505993,1.0,False,-0.02381064869371856,0.6184798807749624,-0.3815201192250376,-0.4713375796178346
ElasticNet,2026-02-22 00:00:00+00:00,-0.024391453124159124,0.002008491708505993,1.0,False,-0.024391453124159124,0.6035767511177345,-0.39642324888226554,-0.4840764331210192
ElasticNet,2026-02-23 00:00:00+00:00,-0.02247285585205863,0.002008491708505993,1.0,False,-0.02247285585205863,0.5901639344262292,-0.40983606557377084,-0.4955414012738856
ElasticNet,2026-02-24 00:00:00+00:00,-0.005063301956546651,0.002008491708505993,1.0,False,-0.005063301956546651,0.5871833084947836,-0.4128166915052164,-0.4980891719745225
ElasticNet,2026-02-25 00:00:00+00:00,0.0495150645273805,0.002008491708505993,1.0,False,0.0495150645273805,0.6169895678092396,-0.38301043219076036,-0.4726114649681531
ElasticNet,2026-02-26 00:00:00+00:00,-0.07783098464466852,0.002008491708505993,1.0,False,-0.07783098464466852,0.5707898658718327,-0.42921013412816733,-0.5121019108280258
ElasticNet,2026-02-27 00:00:00+00:00,-0.03723834514011876,0.002008491708505993,1.0,False,-0.03723834514011876,0.5499254843517135,-0.4500745156482865,-0.5299363057324843
ElasticNet,2026-02-28 00:00:00+00:00,-0.00816331063916087,0.002008491708505993,1.0,False,-0.00816331063916087,0.5454545454545451,-0.4545454545454549,-0.5337579617834398
ElasticNet,2026-03-01 00:00:00+00:00,-0.05908891637000656,0.002008491708505993,1.0,False,-0.05908891637000656,0.5141579731743663,-0.4858420268256337,-0.5605095541401276
ElasticNet,2026-03-02 00:00:00+00:00,0.020086758566737292,0.002008491708505993,1.0,False,0.020086758566737292,0.5245901639344258,-0.4754098360655742,-0.5515923566878984
ElasticNet,2026-03-03 00:00:00+00:00,-0.017192400540372875,0.002008491708505993,1.0,False,-0.017192400540372875,0.5156482861400891,-0.48435171385991094,-0.5592356687898092
ElasticNet,2026-03-04 00:00:00+00:00,0.05619455834364207,0.002008491708505993,1.0,False,0.05619455834364207,0.5454545454545451,-0.4545454545454549,-0.5337579617834398
ElasticNet,2026-03-05 00:00:00+00:00,-0.050430853626891856,0.002008491708505993,1.0,False,-0.050430853626891856,0.5186289120715347,-0.4813710879284653,-0.5566878980891722
ElasticNet,2026-03-06 00:00:00+00:00,-0.026202372394024072,0.002008491708505993,1.0,False,-0.026202372394024072,0.5052160953800294,-0.49478390461997057,-0.5681528662420385
ElasticNet,2026-03-07 00:00:00+00:00,-0.04217492505071292,0.002008491708505993,1.0,False,-0.04217492505071292,0.48435171385991016,-0.5156482861400898,-0.5859872611464971
ElasticNet,2026-03-08 00:00:00+00:00,-0.02177379954956062,0.002008491708505993,1.0,False,-0.02177379954956062,0.4739195230998506,-0.5260804769001495,-0.5949044585987264
ElasticNet,2026-03-09 00:00:00+00:00,0.027908788117076658,0.002008491708505993,1.0,False,0.027908788117076658,0.4873323397913558,-0.5126676602086442,-0.5834394904458602
ElasticNet,2026-03-10 00:00:00+00:00,0.009132483563272474,0.002008491708505993,1.0,False,0.009132483563272474,0.4918032786885242,-0.5081967213114758,-0.5796178343949048
ElasticNet,2026-03-11 00:00:00+00:00,0.009049835519917856,0.002008491708505993,1.0,False,0.009049835519917856,0.49627421758569257,-0.5037257824143074,-0.5757961783439494
ElasticNet,2026-03-12 00:00:00+00:00,0.005988041844622693,0.002008491708505993,1.0,False,0.005988041844622693,0.4992548435171382,-0.5007451564828618,-0.5732484076433124
ElasticNet,2026-03-13 00:00:00+00:00,0.008915363657952329,0.002008491708505993,1.0,False,0.008915363657952329,0.5037257824143065,-0.49627421758569346,-0.569426751592357
ElasticNet,2026-03-14 00:00:00+00:00,-0.005934735519814466,0.002008491708505993,1.0,False,-0.005934735519814466,0.500745156482861,-0.499254843517139,-0.571974522292994
ElasticNet,2026-03-15 00:00:00+00:00,0.02643325706815543,0.002008491708505993,1.0,False,0.02643325706815543,0.5141579731743662,-0.4858420268256338,-0.5605095541401277
ElasticNet,2026-03-16 00:00:00+00:00,0.14792013007662227,0.002008491708505993,1.0,False,0.14792013007662227,0.5961251862891203,-0.40387481371087974,-0.4904458598726118
ElasticNet,2026-03-17 00:00:00+00:00,-0.08610269905341161,0.002008491708505993,1.0,False,-0.08610269905341161,0.546944858420268,-0.45305514157973203,-0.5324840764331211
ElasticNet,2026-03-18 00:00:00+00:00,-0.04173067245647311,0.002008491708505993,1.0,False,-0.04173067245647311,0.5245901639344259,-0.4754098360655741,-0.5515923566878983
ElasticNet,2026-03-19 00:00:00+00:00,-0.028820438535492085,0.002008491708505993,1.0,False,-0.028820438535492085,0.5096870342771979,-0.49031296572280214,-0.5643312101910831
ElasticNet,2026-03-20 00:00:00+00:00,0.0,0.002008491708505993,1.0,False,0.0,0.5096870342771979,-0.49031296572280214,-0.5643312101910831
ElasticNet,2026-03-21 00:00:00+00:00,-0.02967576814611655,0.002008491708505993,1.0,False,-0.02967576814611655,0.4947839046199699,-0.5052160953800301,-0.5770700636942677
ElasticNet,2026-03-22 00:00:00+00:00,-0.01212136053234485,0.002008491708505993,1.0,False,-0.01212136053234485,0.4888226527570787,-0.5111773472429213,-0.5821656050955416
ElasticNet,2026-03-23 00:00:00+00:00,0.050530808647215965,0.002008491708505993,1.0,False,0.050530808647215965,0.5141579731743663,-0.4858420268256337,-0.5605095541401276
ElasticNet,2026-03-24 00:00:00+00:00,0.022923639901937024,0.002008491708505993,1.0,False,0.022923639901937024,0.5260804769001487,-0.4739195230998513,-0.5503184713375798
ElasticNet,2026-03-25 00:00:00+00:00,0.002828856200477623,0.002008491708505993,1.0,False,0.002828856200477623,0.5275707898658714,-0.47242921013412864,-0.5490445859872615
ElasticNet,2026-03-26 00:00:00+00:00,-0.040351295523567345,0.002008491708505993,1.0,False,-0.040351295523567345,0.5067064083457522,-0.4932935916542478,-0.5668789808917201
ElasticNet,2026-03-27 00:00:00+00:00,-0.03593200922606333,0.002008491708505993,1.0,False,-0.03593200922606333,0.48882265275707865,-0.5111773472429213,-0.5821656050955417
ElasticNet,2026-03-28 00:00:00+00:00,0.0,0.002008491708505993,1.0,False,0.0,0.48882265275707865,-0.5111773472429213,-0.5821656050955417
ElasticNet,2026-03-29 00:00:00+00:00,-0.003053437486890343,0.002008491708505993,1.0,False,-0.003053437486890343,0.4873323397913558,-0.5126676602086442,-0.5834394904458602
ElasticNet,2026-03-30 00:00:00+00:00,0.012158204479809583,0.002008491708505993,1.0,False,0.012158204479809583,0.493293591654247,-0.506706408345753,-0.5783439490445863
ElasticNet,2026-03-31 00:00:00+00:00,0.02682724223314406,0.002008491708505993,1.0,False,0.02682724223314406,0.5067064083457522,-0.4932935916542478,-0.5668789808917201
ElasticNet,2026-04-01 00:00:00+00:00,0.0,0.002008491708505993,1.0,False,0.0,0.5067064083457522,-0.4932935916542478,-0.5668789808917201
ElasticNet,2026-04-02 00:00:00+00:00,-0.017804624633506592,0.002008491708505993,1.0,False,-0.017804624633506592,0.4977645305514154,-0.5022354694485847,-0.5745222929936309
ElasticNet,2026-04-03 00:00:00+00:00,0.023669744085904703,0.002008491708505993,1.0,False,0.023669744085904703,0.5096870342771977,-0.49031296572280225,-0.5643312101910831
ElasticNet,2026-04-04 00:00:00+00:00,-0.005865119452398022,0.002008491708505993,1.0,False,-0.005865119452398022,0.5067064083457522,-0.4932935916542478,-0.5668789808917201
ElasticNet,2026-04-05 00:00:00+00:00,0.026126304592219998,0.002008491708505993,1.0,False,0.026126304592219998,0.5201192250372574,-0.4798807749627426,-0.5554140127388538
ElasticNet,2026-04-06 00:00:00+00:00,-0.046929432221983355,0.002008491708505993,1.0,False,-0.046929432221983355,0.49627421758569257,-0.5037257824143074,-0.5757961783439494
ElasticNet,2026-04-07 00:00:00+00:00,0.11075136429270285,0.002008491708505993,1.0,False,0.11075136429270285,0.5543964232488818,-0.44560357675111817,-0.526114649681529
ElasticNet,2026-04-08 00:00:00+00:00,-0.04959694113937206,0.002008491708505993,1.0,False,-0.04959694113937206,0.5275707898658715,-0.47242921013412853,-0.5490445859872615
ElasticNet,2026-04-09 00:00:00+00:00,-0.00851068966790873,0.002008491708505993,1.0,False,-0.00851068966790873,0.523099850968703,-0.47690014903129696,-0.5528662420382169
ElasticNet,2026-04-10 00:00:00+00:00,0.033616610798985064,0.002008491708505993,1.0,False,0.033616610798985064,0.5409836065573767,-0.45901639344262335,-0.5375796178343952
ElasticNet,2026-04-11 00:00:00+00:00,0.0027510333718897976,0.002008491708505993,1.0,False,0.0027510333718897976,0.5424739195230994,-0.4575260804769006,-0.5363057324840768
ElasticNet,2026-04-12 00:00:00+00:00,-0.05071509257901645,0.002008491708505993,1.0,False,-0.05071509257901645,0.5156482861400891,-0.48435171385991094,-0.5592356687898092
ElasticNet,2026-04-13 00:00:00+00:00,0.08048725091268655,0.002008491708505993,1.0,False,0.08048725091268655,0.5588673621460502,-0.44113263785394985,-0.5222929936305736
ElasticNet,2026-04-14 00:00:00+00:00,-0.04919024419077178,0.002008491708505993,1.0,False,-0.04919024419077178,0.5320417287630398,-0.4679582712369602,-0.545222929936306
ElasticNet,2026-04-15 00:00:00+00:00,0.041158072493507336,0.002008491708505993,1.0,False,0.041158072493507336,0.5543964232488817,-0.4456035767511183,-0.526114649681529
ElasticNet,2026-04-16 00:00:00+00:00,0.06755815101129109,0.002008491708505993,1.0,False,0.06755815101129109,0.5931445603576744,-0.4068554396423256,-0.49299363057324896
ElasticNet,2026-04-17 00:00:00+00:00,-0.00503779402995707,0.002008491708505993,1.0,False,-0.00503779402995707,0.5901639344262288,-0.40983606557377117,-0.4955414012738859
ElasticNet,2026-04-18 00:00:00+00:00,-0.049169023806469814,0.002008491708505993,1.0,False,-0.049169023806469814,0.5618479880774957,-0.4381520119225043,-0.5197452229299367
ElasticNet,2026-04-19 00:00:00+00:00,-0.03234783386551917,0.002008491708505993,1.0,False,-0.03234783386551917,0.5439642324888221,-0.4560357675111779,-0.5350318471337584
ElasticNet,2026-04-20 00:00:00+00:00,0.029691789807403,0.002008491708505993,1.0,False,0.029691789807403,0.5603576751117728,-0.4396423248882272,-0.5210191082802553
ElasticNet,2026-04-21 00:00:00+00:00,0.013210231736806482,0.002008491708505993,1.0,False,0.013210231736806482,0.5678092399403869,-0.4321907600596131,-0.5146496815286629
ElasticNet,2026-04-22 00:00:00+00:00,-0.002628122406269469,0.002008491708505993,1.0,False,-0.002628122406269469,0.5663189269746641,-0.4336810730253359,-0.5159235668789812
ElasticNet,2026-04-23 00:00:00+00:00,0.007863736460214451,0.002008491708505993,1.0,False,0.007863736460214451,0.5707898658718324,-0.42921013412816755,-0.512101910828026
ElasticNet,2026-04-24 00:00:00+00:00,0.010389703849135868,0.002008491708505993,1.0,False,0.010389703849135868,0.5767511177347237,-0.42324888226527635,-0.5070063694267521
ElasticNet,2026-04-25 00:00:00+00:00,-0.005181358741997518,0.002008491708505993,1.0,False,-0.005181358741997518,0.5737704918032781,-0.4262295081967219,-0.509554140127389
ElasticNet,2026-04-26 00:00:00+00:00,0.010336009330662073,0.002008491708505993,1.0,False,0.010336009330662073,0.5797317436661693,-0.4202682563338307,-0.5044585987261151
ElasticNet,2026-04-27 00:00:00+00:00,0.0025673955052457334,0.002008491708505993,1.0,False,0.0025673955052457334,0.5812220566318921,-0.4187779433681079,-0.5031847133757966
ElasticNet,2026-04-28 00:00:00+00:00,-0.005141399500418652,0.002008491708505993,1.0,False,-0.005141399500418652,0.5782414307004464,-0.4217585692995536,-0.5057324840764337
ElasticNet,2026-04-29 00:00:00+00:00,-0.007762005335489189,0.002008491708505993,1.0,False,-0.007762005335489189,0.573770491803278,-0.426229508196722,-0.5095541401273891
ElasticNet,2026-04-30 00:00:00+00:00,0.0051813587419975845,0.002008491708505993,1.0,False,0.0051813587419975845,0.5767511177347237,-0.42324888226527635,-0.5070063694267521
ElasticNet,2026-05-01 00:00:00+00:00,0.015384918839479237,0.002008491708505993,1.0,False,0.015384918839479237,0.5856929955290603,-0.4143070044709397,-0.49936305732484143
ElasticNet,2026-05-02 00:00:00+00:00,0.017654935238720745,0.002008491708505993,1.0,False,0.017654935238720745,0.5961251862891199,-0.4038748137108801,-0.490445859872612
ElasticNet,2026-05-03 00:00:00+00:00,-0.015113637810048071,0.002008491708505993,1.0,False,-0.015113637810048071,0.5871833084947832,-0.4128166915052168,-0.49808917197452285
ElasticNet,2026-05-04 00:00:00+00:00,0.010101095986503699,0.002008491708505993,1.0,False,0.010101095986503699,0.5931445603576743,-0.40685543964232573,-0.4929936305732491
ElasticNet,2026-05-05 00:00:00+00:00,0.03214120921179677,0.002008491708505993,1.0,False,0.03214120921179677,0.6125186289120705,-0.38748137108792946,-0.47643312101910906
ElasticNet,2026-05-06 00:00:00+00:00,0.012092045765028772,0.002008491708505993,1.0,False,0.012092045765028772,0.6199701937406846,-0.3800298062593154,-0.4700636942675166
ElasticNet,2026-05-07 00:00:00+00:00,-0.0024067400305649764,0.002008491708505993,1.0,False,-0.0024067400305649764,0.6184798807749617,-0.38152011922503826,-0.4713375796178352
ElasticNet,2026-05-08 00:00:00+00:00,0.037829569873049564,0.002008491708505993,1.0,False,0.037829569873049564,0.6423248882265267,-0.35767511177347333,-0.45095541401273953
ElasticNet,2026-05-09 00:00:00+00:00,-0.014018921179331041,0.002008491708505993,1.0,False,-0.014018921179331041,0.6333830104321898,-0.3666169895678102,-0.45859872611465047
ElasticNet,2026-05-10 00:00:00+00:00,0.03695570652242912,0.002008491708505993,1.0,False,0.03695570652242912,0.6572280178837545,-0.3427719821162455,-0.43821656050955493
ElasticNet,2026-05-11 00:00:00+00:00,-0.01600034134644119,0.002008491708505993,1.0,False,-0.01600034134644119,0.6467958271236949,-0.3532041728763051,-0.44713375796178434
ElasticNet,2026-05-12 00:00:00+00:00,-0.04717856027509038,0.002008491708505993,1.0,False,-0.04717856027509038,0.616989567809239,-0.38301043219076103,-0.47261146496815365
ElasticNet,2026-05-13 00:00:00+00:00,0.014388737452099452,0.002008491708505993,1.0,False,0.014388737452099452,0.6259314456035757,-0.3740685543964243,-0.4649681528662428
