date,ticker,factor,open,high,low,close,adj_close,volume
2023-05-01,QQQ,nasdaq_100_etf,322.0899963378906,323.6300048828125,321.0899963378906,322.19000244140625,316.57464599609375,41013400
2023-05-02,QQQ,nasdaq_100_etf,322.1199951171875,322.45001220703125,317.6099853515625,319.3800048828125,313.8135986328125,56519400
2023-05-03,QQQ,nasdaq_100_etf,319.75,322.4700012207031,317.17999267578125,317.2900085449219,311.7600402832031,59882100
2023-05-04,QQQ,nasdaq_100_etf,317.05999755859375,318.2300109863281,315.1199951171875,316.1700134277344,310.6595458984375,50224500
2023-05-05,QQQ,nasdaq_100_etf,318.4700012207031,323.760009765625,316.2099914550781,322.8900146484375,317.2624816894531,51806100
2023-05-08,QQQ,nasdaq_100_etf,322.4200134277344,324.0400085449219,321.32000732421875,323.69000244140625,318.0484619140625,36465800
2023-05-09,QQQ,nasdaq_100_etf,322.0,322.8800048828125,321.32000732421875,321.6400146484375,316.0341491699219,31768800
2023-05-10,QQQ,nasdaq_100_etf,324.1199951171875,326.010009765625,321.6000061035156,325.1400146484375,319.4731750488281,60446600
2023-05-11,QQQ,nasdaq_100_etf,325.70001220703125,326.75,324.1199951171875,326.20001220703125,320.51470947265625,44278500
2023-05-12,QQQ,nasdaq_100_etf,326.739990234375,327.1700134277344,322.94000244140625,325.0299987792969,319.3651428222656,48432800
2023-05-15,QQQ,nasdaq_100_etf,325.510009765625,327.0299987792969,323.9599914550781,326.7900085449219,321.0943908691406,33375600
2023-05-16,QQQ,nasdaq_100_etf,326.05999755859375,328.8999938964844,326.0199890136719,327.1600036621094,321.4579772949219,40019200
2023-05-17,QQQ,nasdaq_100_etf,328.239990234375,331.7099914550781,327.0400085449219,331.1199951171875,325.3489074707031,47486100
2023-05-18,QQQ,nasdaq_100_etf,331.5199890136719,337.489990234375,331.5,337.2699890136719,331.3917541503906,64213500
2023-05-19,QQQ,nasdaq_100_etf,337.489990234375,338.2099914550781,335.42999267578125,336.510009765625,330.64508056640625,61554900
2023-05-22,QQQ,nasdaq_100_etf,336.25,338.6700134277344,336.239990234375,337.6400146484375,331.7553405761719,43015900
2023-05-23,QQQ,nasdaq_100_etf,335.8900146484375,337.05999755859375,333.0,333.3599853515625,327.5499267578125,48216700
2023-05-24,QQQ,nasdaq_100_etf,331.3699951171875,332.9100036621094,329.55999755859375,331.6499938964844,325.8697204589844,62891200
2023-05-25,QQQ,nasdaq_100_etf,339.1400146484375,341.010009765625,336.6700134277344,339.7200012207031,333.799072265625,66862800
2023-05-26,QQQ,nasdaq_100_etf,340.760009765625,349.25,340.6600036621094,348.3999938964844,342.3277587890625,63007000
2023-05-30,QQQ,nasdaq_100_etf,352.7099914550781,353.92999267578125,348.5299987792969,349.9800109863281,343.8802490234375,72652200
2023-05-31,QQQ,nasdaq_100_etf,348.3699951171875,350.6000061035156,346.510009765625,347.989990234375,341.9249267578125,65105400
2023-06-01,QQQ,nasdaq_100_etf,347.7300109863281,353.3599853515625,346.6600036621094,352.010009765625,345.8749084472656,50488600
2023-06-02,QQQ,nasdaq_100_etf,353.79998779296875,355.8299865722656,352.010009765625,354.6499938964844,348.46881103515625,53372100
2023-06-05,QQQ,nasdaq_100_etf,354.42999267578125,357.5,353.8500061035156,354.8999938964844,348.7144775390625,47266200
2023-06-06,QQQ,nasdaq_100_etf,354.2799987792969,355.82000732421875,352.92999267578125,354.8399963378906,348.655517578125,41390400
2023-06-07,QQQ,nasdaq_100_etf,355.1300048828125,357.1199951171875,348.17999267578125,348.82000732421875,342.740478515625,69225900
2023-06-08,QQQ,nasdaq_100_etf,349.1199951171875,353.6199951171875,348.8900146484375,353.1499938964844,346.9949951171875,47153900
2023-06-09,QQQ,nasdaq_100_etf,354.6300048828125,357.6600036621094,353.0299987792969,354.5,348.32147216796875,53196900
2023-06-12,QQQ,nasdaq_100_etf,356.19000244140625,360.5899963378906,355.20001220703125,360.489990234375,354.20709228515625,44606500
2023-06-13,QQQ,nasdaq_100_etf,363.2900085449219,364.1099853515625,360.0299987792969,363.260009765625,356.9288330078125,57097800
2023-06-14,QQQ,nasdaq_100_etf,363.2699890136719,366.19000244140625,360.4200134277344,365.8999938964844,359.5227355957031,69525600
2023-06-15,QQQ,nasdaq_100_etf,364.6099853515625,371.7699890136719,363.9800109863281,370.260009765625,363.8067932128906,71138800
2023-06-16,QQQ,nasdaq_100_etf,372.7200012207031,372.8500061035156,367.4800109863281,367.92999267578125,361.5173645019531,80932000
2023-06-20,QQQ,nasdaq_100_etf,365.95001220703125,368.32000732421875,363.8900146484375,366.8999938964844,360.9998474121094,49204700
2023-06-21,QQQ,nasdaq_100_etf,365.739990234375,366.17999267578125,360.9599914550781,361.8999938964844,356.08026123046875,53378300
2023-06-22,QQQ,nasdaq_100_etf,360.6300048828125,366.3299865722656,360.2200012207031,366.1700134277344,360.2815856933594,47603000
2023-06-23,QQQ,nasdaq_100_etf,362.2099914550781,364.8800048828125,360.82000732421875,362.5400085449219,356.7100524902344,48922900
2023-06-26,QQQ,nasdaq_100_etf,362.0,364.8399963378906,357.5899963378906,357.67999267578125,351.92816162109375,52685500
2023-06-27,QQQ,nasdaq_100_etf,359.25,364.57000732421875,358.510009765625,363.8299865722656,357.9792175292969,49428100
2023-06-28,QQQ,nasdaq_100_etf,361.9800109863281,366.5199890136719,361.8999938964844,364.5400085449219,358.6778259277344,46498000
2023-06-29,QQQ,nasdaq_100_etf,364.239990234375,364.8900146484375,362.1400146484375,363.80999755859375,357.95953369140625,46151000
2023-06-30,QQQ,nasdaq_100_etf,367.54998779296875,370.489990234375,367.2300109863281,369.4200134277344,363.4793395996094,58712500
2023-07-03,QQQ,nasdaq_100_etf,370.07000732421875,370.92999267578125,368.9700012207031,370.2900085449219,364.33538818359375,19432900
2023-07-05,QQQ,nasdaq_100_etf,368.70001220703125,372.010009765625,368.6600036621094,370.2799987792969,364.3255615234375,34460900
2023-07-06,QQQ,nasdaq_100_etf,366.510009765625,367.9100036621094,364.5199890136719,367.4599914550781,361.5509033203125,49374700
2023-07-07,QQQ,nasdaq_100_etf,367.2300109863281,370.4800109863281,366.010009765625,366.239990234375,360.3504943847656,47133700
2023-07-10,QQQ,nasdaq_100_etf,365.9599914550781,367.04998779296875,363.4100036621094,366.3599853515625,360.4685363769531,48498800
2023-07-11,QQQ,nasdaq_100_etf,366.7900085449219,368.6300048828125,364.6199951171875,368.1700134277344,362.24945068359375,38214100
2023-07-12,QQQ,nasdaq_100_etf,372.3399963378906,374.19000244140625,370.29998779296875,372.82000732421875,366.8246765136719,61975400
2023-07-13,QQQ,nasdaq_100_etf,376.04998779296875,379.989990234375,375.4599914550781,379.1499938964844,373.0528564453125,46960000
2023-07-14,QQQ,nasdaq_100_etf,379.5899963378906,382.8599853515625,378.17999267578125,379.07000732421875,372.9741516113281,55148500
2023-07-17,QQQ,nasdaq_100_etf,379.79998779296875,383.5,379.30999755859375,382.6099853515625,376.4571228027344,40868900
2023-07-18,QQQ,nasdaq_100_etf,381.9599914550781,387.1300048828125,380.0,385.739990234375,379.5368957519531,55262000
2023-07-19,QQQ,nasdaq_100_etf,386.82000732421875,387.9800109863281,384.29998779296875,385.6499938964844,379.4483337402344,54093000
2023-07-20,QQQ,nasdaq_100_etf,382.6099853515625,384.1000061035156,375.7200012207031,376.760009765625,370.7012939453125,71941700
2023-07-21,QQQ,nasdaq_100_etf,379.17999267578125,379.9200134277344,375.19000244140625,375.6300048828125,369.5895080566406,60499600
2023-07-24,QQQ,nasdaq_100_etf,376.6199951171875,377.5799865722656,374.3399963378906,376.2300109863281,370.1798095703125,40380100
2023-07-25,QQQ,nasdaq_100_etf,376.95001220703125,380.4700012207031,376.92999267578125,378.7799987792969,372.6888122558594,38894400
2023-07-26,QQQ,nasdaq_100_etf,377.7200012207031,379.239990234375,375.17999267578125,377.5199890136719,371.4490966796875,47075700
2023-07-27,QQQ,nasdaq_100_etf,383.07000732421875,384.7099914550781,375.30999755859375,376.6199951171875,370.56353759765625,63940200
2023-07-28,QQQ,nasdaq_100_etf,380.739990234375,384.5199890136719,380.2200012207031,383.4800109863281,377.313232421875,56902900
2023-07-31,QQQ,nasdaq_100_etf,383.7900085449219,384.8800048828125,382.3399963378906,383.67999267578125,377.5099792480469,44019900
2023-08-01,QQQ,nasdaq_100_etf,382.30999755859375,383.55999755859375,380.69000244140625,382.7900085449219,376.6343994140625,41060600
2023-08-02,QQQ,nasdaq_100_etf,379.260009765625,379.260009765625,373.1300048828125,374.3900146484375,368.36944580078125,72687100
2023-08-03,QQQ,nasdaq_100_etf,371.94000244140625,375.95001220703125,371.7699890136719,373.7900085449219,367.779052734375,47666400
2023-08-04,QQQ,nasdaq_100_etf,375.75,378.1000061035156,371.5299987792969,372.0400085449219,366.0572509765625,61702800
2023-08-07,QQQ,nasdaq_100_etf,373.8800048828125,375.2900085449219,371.510009765625,375.19000244140625,369.1566162109375,37230400
2023-08-08,QQQ,nasdaq_100_etf,372.6400146484375,372.6600036621094,368.82000732421875,372.0,366.017822265625,44726500
2023-08-09,QQQ,nasdaq_100_etf,372.2900085449219,372.45001220703125,367.1400146484375,367.9100036621094,361.99365234375,51150900
2023-08-10,QQQ,nasdaq_100_etf,370.9700012207031,374.3599853515625,367.0400085449219,368.5899963378906,362.66265869140625,72035300
2023-08-11,QQQ,nasdaq_100_etf,365.989990234375,368.0,364.69000244140625,366.239990234375,360.3504943847656,48707200
2023-08-14,QQQ,nasdaq_100_etf,365.42999267578125,370.4700012207031,364.70001220703125,370.3500061035156,364.3943786621094,42130800
2023-08-15,QQQ,nasdaq_100_etf,369.3599853515625,370.1700134277344,365.739990234375,366.4200134277344,360.52752685546875,45539900
2023-08-16,QQQ,nasdaq_100_etf,365.8699951171875,367.42999267578125,362.44000244140625,362.5400085449219,356.7100524902344,53190500
2023-08-17,QQQ,nasdaq_100_etf,363.9599914550781,364.30999755859375,358.1600036621094,358.5799865722656,352.8136291503906,62604300
2023-08-18,QQQ,nasdaq_100_etf,355.260009765625,359.4100036621094,354.7099914550781,358.1300048828125,352.3709411621094,61191400
2023-08-21,QQQ,nasdaq_100_etf,359.6199951171875,364.5899963378906,359.1499938964844,363.8999938964844,358.048095703125,50696500
2023-08-22,QQQ,nasdaq_100_etf,366.54998779296875,366.55999755859375,362.67999267578125,363.3800048828125,357.5364990234375,44530200
2023-08-23,QQQ,nasdaq_100_etf,364.5799865722656,370.2200012207031,364.3599853515625,369.1099853515625,363.1742858886719,51770600
2023-08-24,QQQ,nasdaq_100_etf,372.6400146484375,372.739990234375,361.010009765625,361.2200012207031,355.4111328125,66842500
2023-08-25,QQQ,nasdaq_100_etf,362.07000732421875,365.739990234375,358.5799865722656,364.0199890136719,358.1661682128906,69960500
2023-08-28,QQQ,nasdaq_100_etf,366.989990234375,367.7099914550781,364.25,366.760009765625,360.86212158203125,40910000
2023-08-29,QQQ,nasdaq_100_etf,366.55999755859375,375.1300048828125,366.2300109863281,374.7699890136719,368.7433166503906,58492400
2023-08-30,QQQ,nasdaq_100_etf,374.8800048828125,377.45001220703125,373.8599853515625,376.8599853515625,370.79974365234375,41731500
2023-08-31,QQQ,nasdaq_100_etf,376.94000244140625,379.7200012207031,376.8699951171875,377.989990234375,371.9115295410156,35730700
2023-09-01,QQQ,nasdaq_100_etf,380.3999938964844,380.8299865722656,376.0799865722656,377.5899963378906,371.5179138183594,39801200
2023-09-05,QQQ,nasdaq_100_etf,376.7699890136719,379.30999755859375,375.8299865722656,378.07000732421875,371.990234375,32344200
2023-09-06,QQQ,nasdaq_100_etf,377.2799987792969,377.6300048828125,372.70001220703125,374.739990234375,368.7137756347656,42998700
2023-09-07,QQQ,nasdaq_100_etf,370.2099914550781,372.8500061035156,369.1499938964844,372.05999755859375,366.0768737792969,52060700
2023-09-08,QQQ,nasdaq_100_etf,372.010009765625,374.8500061035156,371.6000061035156,372.5799865722656,366.5884704589844,35800100
2023-09-11,QQQ,nasdaq_100_etf,375.6600036621094,377.489990234375,373.6600036621094,376.9700012207031,370.9078674316406,39936600
2023-09-12,QQQ,nasdaq_100_etf,375.2699890136719,376.95001220703125,372.5,372.7900085449219,366.7951965332031,41391000
2023-09-13,QQQ,nasdaq_100_etf,373.0299987792969,375.8399963378906,371.8800048828125,374.2099914550781,368.1923522949219,46300700
2023-09-14,QQQ,nasdaq_100_etf,375.989990234375,378.2699890136719,373.8900146484375,377.2699890136719,371.203125,48039400
2023-09-15,QQQ,nasdaq_100_etf,375.9100036621094,376.32000732421875,369.8599853515625,370.80999755859375,364.84698486328125,69811200
2023-09-18,QQQ,nasdaq_100_etf,369.32000732421875,371.7900085449219,369.0299987792969,370.6600036621094,365.2273254394531,36903500
2023-09-19,QQQ,nasdaq_100_etf,369.32000732421875,370.67999267578125,366.79998779296875,369.8699951171875,364.4488525390625,37621700
2023-09-20,QQQ,nasdaq_100_etf,370.95001220703125,371.30999755859375,364.4599914550781,364.5400085449219,359.197021484375,45514200
2023-09-21,QQQ,nasdaq_100_etf,360.79998779296875,361.6000061035156,357.69000244140625,357.8599853515625,352.61492919921875,69734800
2023-09-22,QQQ,nasdaq_100_etf,359.6300048828125,361.79998779296875,357.5899963378906,357.9100036621094,352.6642150878906,51589700
2023-09-25,QQQ,nasdaq_100_etf,356.92999267578125,359.70001220703125,355.92999267578125,359.6099853515625,354.3392639160156,39168000
2023-09-26,QQQ,nasdaq_100_etf,356.989990234375,357.5400085449219,353.2099914550781,354.2099914550781,349.01837158203125,53657700
2023-09-27,QQQ,nasdaq_100_etf,355.3800048828125,356.9800109863281,351.3599853515625,355.0400085449219,349.8362731933594,56066000
2023-09-28,QQQ,nasdaq_100_etf,354.1099853515625,360.1700134277344,353.239990234375,358.010009765625,352.7627258300781,56453300
2023-09-29,QQQ,nasdaq_100_etf,361.5400085449219,362.95001220703125,357.0199890136719,358.2699890136719,353.0188903808594,64829600
2023-10-02,QQQ,nasdaq_100_etf,358.5400085449219,362.67999267578125,357.9200134277344,361.260009765625,355.9651184082031,51625100
2023-10-03,QQQ,nasdaq_100_etf,358.7799987792969,361.010009765625,353.2799987792969,354.9200134277344,349.718017578125,60478500
2023-10-04,QQQ,nasdaq_100_etf,355.7699890136719,360.6099853515625,355.29998779296875,359.75,354.4772033691406,54786700
2023-10-05,QQQ,nasdaq_100_etf,359.739990234375,360.1499938964844,355.1400146484375,358.69000244140625,353.4327392578125,45897400
2023-10-06,QQQ,nasdaq_100_etf,355.6499938964844,365.9100036621094,354.8500061035156,364.70001220703125,359.35467529296875,75049100
2023-10-09,QQQ,nasdaq_100_etf,362.29998779296875,367.1099853515625,360.7799987792969,366.55999755859375,361.18743896484375,45304800
2023-10-10,QQQ,nasdaq_100_etf,366.8999938964844,371.2799987792969,366.3900146484375,368.5899963378906,363.1876220703125,46968800
2023-10-11,QQQ,nasdaq_100_etf,369.94000244140625,371.4100036621094,368.19000244140625,371.2200012207031,365.77911376953125,38215100
2023-10-12,QQQ,nasdaq_100_etf,371.7300109863281,373.739990234375,367.5,369.92999267578125,364.5080261230469,49587900
2023-10-13,QQQ,nasdaq_100_etf,370.57000732421875,371.1600036621094,363.8599853515625,365.2799987792969,359.9261779785156,52469900
2023-10-16,QQQ,nasdaq_100_etf,366.6199951171875,370.4800109863281,366.4700012207031,369.4100036621094,363.9956359863281,44201100
2023-10-17,QQQ,nasdaq_100_etf,365.80999755859375,369.9200134277344,363.6600036621094,368.20001220703125,362.803466796875,50999100
2023-10-18,QQQ,nasdaq_100_etf,365.6700134277344,367.9100036621094,362.0199890136719,363.3699951171875,358.0441589355469,54280500
2023-10-19,QQQ,nasdaq_100_etf,364.80999755859375,366.0199890136719,359.1600036621094,359.9700012207031,354.69403076171875,72274200
2023-10-20,QQQ,nasdaq_100_etf,359.4599914550781,360.0400085449219,354.3699951171875,354.6000061035156,349.4027404785156,72559700
2023-10-23,QQQ,nasdaq_100_etf,353.260009765625,359.260009765625,351.1199951171875,355.6700134277344,350.4570617675781,60665200
2023-10-24,QQQ,nasdaq_100_etf,357.510009765625,359.9100036621094,355.7900085449219,359.1300048828125,353.8663024902344,47082100
2023-10-25,QQQ,nasdaq_100_etf,356.70001220703125,356.8800048828125,349.75,350.3399963378906,345.20513916015625,71190500
2023-10-26,QQQ,nasdaq_100_etf,349.1199951171875,350.07000732421875,342.3500061035156,343.6600036621094,338.6230773925781,78621400
2023-10-27,QQQ,nasdaq_100_etf,346.42999267578125,348.8399963378906,344.0799865722656,345.30999755859375,340.2489013671875,63476700
2023-10-30,QQQ,nasdaq_100_etf,347.8299865722656,350.5400085449219,346.45001220703125,349.20001220703125,344.0818176269531,55298500
2023-10-31,QQQ,nasdaq_100_etf,349.2300109863281,351.25,346.6199951171875,350.8699951171875,345.7273864746094,47671900
2023-11-01,QQQ,nasdaq_100_etf,351.7200012207031,357.5299987792969,351.6199951171875,356.9599914550781,351.7281494140625,58992700
2023-11-02,QQQ,nasdaq_100_etf,361.5400085449219,363.67999267578125,360.29998779296875,363.44000244140625,358.1131591796875,58162400
2023-11-03,QQQ,nasdaq_100_etf,364.75,369.0199890136719,364.5199890136719,367.7099914550781,362.320556640625,53280500
2023-11-06,QQQ,nasdaq_100_etf,368.489990234375,369.7799987792969,366.9100036621094,369.2099914550781,363.7985534667969,38848700
2023-11-07,QQQ,nasdaq_100_etf,370.2699890136719,373.5799865722656,369.04998779296875,372.70001220703125,367.2374572753906,50777400
2023-11-08,QQQ,nasdaq_100_etf,373.0799865722656,373.7900085449219,370.6199951171875,372.94000244140625,367.473876953125,35663400
2023-11-09,QQQ,nasdaq_100_etf,373.6400146484375,374.79998779296875,369.57000732421875,370.07000732421875,364.6460266113281,53859400
2023-11-10,QQQ,nasdaq_100_etf,371.82000732421875,378.5400085449219,371.2799987792969,378.3900146484375,372.843994140625,58309800
2023-11-13,QQQ,nasdaq_100_etf,376.7900085449219,378.2799987792969,375.239990234375,377.2099914550781,371.68133544921875,40733500
2023-11-14,QQQ,nasdaq_100_etf,383.7099914550781,386.260009765625,383.17999267578125,385.3299865722656,379.6822814941406,67792600
2023-11-15,QQQ,nasdaq_100_etf,387.25,387.75,384.239990234375,385.6199951171875,379.9680480957031,54141400
2023-11-16,QQQ,nasdaq_100_etf,384.8399963378906,386.19000244140625,383.55999755859375,385.95001220703125,380.293212890625,45343500
2023-11-17,QQQ,nasdaq_100_etf,385.2099914550781,387.07000732421875,384.2900085449219,386.0400085449219,380.3819580078125,46571900
2023-11-20,QQQ,nasdaq_100_etf,386.04998779296875,391.4100036621094,386.04998779296875,390.739990234375,385.01300048828125,44429600
2023-11-21,QQQ,nasdaq_100_etf,389.010009765625,389.2300109863281,386.70001220703125,388.4700012207031,382.7763366699219,43337000
2023-11-22,QQQ,nasdaq_100_etf,390.57000732421875,393.07000732421875,389.0400085449219,390.05999755859375,384.34295654296875,44121000
2023-11-24,QQQ,nasdaq_100_etf,389.6499938964844,390.25,388.5,389.510009765625,383.8010559082031,15718800
2023-11-27,QQQ,nasdaq_100_etf,389.010009765625,391.1499938964844,388.2799987792969,389.1700134277344,383.4660339355469,34139700
2023-11-28,QQQ,nasdaq_100_etf,388.4100036621094,390.7799987792969,388.04998779296875,390.19000244140625,384.47113037109375,35491100
2023-11-29,QQQ,nasdaq_100_etf,392.69000244140625,394.1400146484375,389.4599914550781,389.80999755859375,384.0966491699219,38811700
2023-11-30,QQQ,nasdaq_100_etf,390.0799865722656,390.54998779296875,385.82000732421875,388.8299865722656,383.1309814453125,52834400
2023-12-01,QQQ,nasdaq_100_etf,387.75,390.5400085449219,386.07000732421875,389.94000244140625,384.22479248046875,40490100
2023-12-04,QQQ,nasdaq_100_etf,386.0899963378906,386.6000061035156,382.6600036621094,386.32000732421875,380.6578063964844,51186900
2023-12-05,QQQ,nasdaq_100_etf,384.3900146484375,388.5,384.2099914550781,387.2900085449219,381.61358642578125,42933000
2023-12-06,QQQ,nasdaq_100_etf,390.2699890136719,390.3699951171875,384.70001220703125,385.04998779296875,379.406494140625,41994100
2023-12-07,QQQ,nasdaq_100_etf,388.07000732421875,391.2699890136719,386.9599914550781,390.42999267578125,384.7075500488281,49593500
2023-12-08,QQQ,nasdaq_100_etf,388.6700134277344,392.6199951171875,388.4800109863281,392.1700134277344,386.4220886230469,46687500
2023-12-11,QQQ,nasdaq_100_etf,391.739990234375,395.7900085449219,391.5299987792969,395.5199890136719,389.72296142578125,41198000
2023-12-12,QQQ,nasdaq_100_etf,395.55999755859375,398.7900085449219,394.4100036621094,398.6700134277344,392.8267822265625,39221200
2023-12-13,QQQ,nasdaq_100_etf,399.6199951171875,404.3599853515625,398.8399963378906,403.739990234375,397.8224182128906,55408100
2023-12-14,QQQ,nasdaq_100_etf,404.9800109863281,406.29998779296875,400.3399963378906,403.3900146484375,397.47760009765625,55447800
2023-12-15,QQQ,nasdaq_100_etf,404.17999267578125,406.5400085449219,403.57000732421875,405.3399963378906,399.3990478515625,62896600
2023-12-18,QQQ,nasdaq_100_etf,404.92999267578125,407.989990234375,404.6000061035156,407.0799865722656,401.9146423339844,46610000
2023-12-19,QQQ,nasdaq_100_etf,407.5400085449219,409.2799987792969,407.3500061035156,409.1600036621094,403.9682922363281,35711900
2023-12-20,QQQ,nasdaq_100_etf,408.3500061035156,410.4700012207031,402.8999938964844,403.0799865722656,397.9654235839844,54042400
2023-12-21,QQQ,nasdaq_100_etf,407.05999755859375,408.1400146484375,404.4700012207031,407.7699890136719,402.5959167480469,45568900
2023-12-22,QQQ,nasdaq_100_etf,409.0,409.9700012207031,406.4800109863281,408.3800048828125,403.1982727050781,34314000
2023-12-26,QQQ,nasdaq_100_etf,409.25,411.55999755859375,409.1499938964844,410.8800048828125,405.66650390625,22722500
2023-12-27,QQQ,nasdaq_100_etf,410.95001220703125,411.7900085449219,410.0799865722656,411.5,406.49224853515625,31980500
2023-12-28,QQQ,nasdaq_100_etf,412.6700134277344,412.9200134277344,410.94000244140625,411.29998779296875,406.29473876953125,27029200
2023-12-29,QQQ,nasdaq_100_etf,411.2799987792969,411.6400146484375,407.5799865722656,409.5199890136719,404.5364074707031,42662100
2024-01-02,QQQ,nasdaq_100_etf,405.8399963378906,406.0899963378906,400.239990234375,402.5899963378906,397.6907653808594,58026900
2024-01-03,QQQ,nasdaq_100_etf,399.92999267578125,401.0,397.8900146484375,398.3299865722656,393.48260498046875,47002800
2024-01-04,QQQ,nasdaq_100_etf,396.44000244140625,399.5899963378906,396.05999755859375,396.2799987792969,391.4575500488281,39432800
2024-01-05,QQQ,nasdaq_100_etf,396.45001220703125,399.55999755859375,395.3399963378906,396.75,391.92181396484375,44922800
2024-01-08,QQQ,nasdaq_100_etf,397.989990234375,405.239990234375,397.8399963378906,404.95001220703125,400.02203369140625,42473800
2024-01-09,QQQ,nasdaq_100_etf,401.9100036621094,406.69000244140625,401.7099914550781,405.75,400.8122863769531,39132900
2024-01-10,QQQ,nasdaq_100_etf,406.07000732421875,409.5199890136719,405.1700134277344,408.5,403.5288391113281,33962800
2024-01-11,QQQ,nasdaq_100_etf,409.7900085449219,411.20001220703125,404.239990234375,409.3500061035156,404.3685302734375,54536200
2024-01-12,QQQ,nasdaq_100_etf,410.3999938964844,411.25,408.1499938964844,409.55999755859375,404.575927734375,39595000
2024-01-16,QQQ,nasdaq_100_etf,408.30999755859375,411.1199951171875,406.8299865722656,409.5199890136719,404.5364074707031,43903000
2024-01-17,QQQ,nasdaq_100_etf,406.1700134277344,407.5899963378906,402.9200134277344,407.2099914550781,402.2545166015625,54386000
2024-01-18,QQQ,nasdaq_100_etf,410.5199890136719,413.5799865722656,409.1600036621094,412.989990234375,407.9642028808594,59562500
2024-01-19,QQQ,nasdaq_100_etf,415.2200012207031,421.3399963378906,414.6300048828125,421.17999267578125,416.0545349121094,70325100
2024-01-22,QQQ,nasdaq_100_etf,423.4100036621094,424.7300109863281,421.1199951171875,421.7300109863281,416.59783935546875,44880600
2024-01-23,QQQ,nasdaq_100_etf,422.42999267578125,423.70001220703125,420.57000732421875,423.4800109863281,418.3265380859375,33003800
2024-01-24,QQQ,nasdaq_100_etf,427.44000244140625,429.8500061035156,425.3299865722656,425.8299865722656,420.64794921875,46948000
2024-01-25,QQQ,nasdaq_100_etf,428.3599853515625,429.0400085449219,423.9800109863281,426.3500061035156,421.1615905761719,44367200
2024-01-26,QQQ,nasdaq_100_etf,424.44000244140625,426.2099914550781,423.1499938964844,423.80999755859375,418.65252685546875,37137000
2024-01-29,QQQ,nasdaq_100_etf,424.2699890136719,428.3500061035156,423.6099853515625,428.1499938964844,422.939697265625,38694700
2024-01-30,QQQ,nasdaq_100_etf,427.1000061035156,427.67999267578125,424.3800048828125,425.29998779296875,420.1243896484375,36739000
2024-01-31,QQQ,nasdaq_100_etf,420.8500061035156,422.8699951171875,416.7900085449219,416.9700012207031,411.8957824707031,64010600
2024-02-01,QQQ,nasdaq_100_etf,418.7900085449219,422.3800048828125,417.80999755859375,421.8800048828125,416.74603271484375,51008600
2024-02-02,QQQ,nasdaq_100_etf,423.79998779296875,430.239990234375,422.7900085449219,429.010009765625,423.7892761230469,59602400
2024-02-05,QQQ,nasdaq_100_etf,429.07000732421875,429.6099853515625,425.0,428.45001220703125,423.2360534667969,39889200
2024-02-06,QQQ,nasdaq_100_etf,429.6099853515625,430.2200012207031,425.2200012207031,427.5899963378906,422.38653564453125,35846100
2024-02-07,QQQ,nasdaq_100_etf,430.4100036621094,432.8299865722656,429.0899963378906,431.989990234375,426.7330017089844,37712700
2024-02-08,QQQ,nasdaq_100_etf,432.1099853515625,433.55999755859375,431.4200134277344,432.7900085449219,427.5232849121094,29889900
2024-02-09,QQQ,nasdaq_100_etf,433.94000244140625,437.8500061035156,433.1400146484375,437.04998779296875,431.7314453125,36943900
2024-02-12,QQQ,nasdaq_100_etf,436.94000244140625,439.1400146484375,434.6499938964844,435.3399963378906,430.042236328125,33203300
2024-02-13,QQQ,nasdaq_100_etf,427.2799987792969,431.2699890136719,425.3299865722656,428.54998779296875,423.3348388671875,64491700
2024-02-14,QQQ,nasdaq_100_etf,431.260009765625,433.6499938964844,428.8800048828125,433.2200012207031,427.9479675292969,45092700
2024-02-15,QQQ,nasdaq_100_etf,433.9200134277344,434.9800109863281,431.3299865722656,434.510009765625,429.22235107421875,38796100
2024-02-16,QQQ,nasdaq_100_etf,434.8900146484375,434.989990234375,429.8500061035156,430.57000732421875,425.33026123046875,53716500
2024-02-20,QQQ,nasdaq_100_etf,428.54998779296875,430.0799865722656,423.5,427.32000732421875,422.1197814941406,53999500
2024-02-21,QQQ,nasdaq_100_etf,424.54998779296875,425.70001220703125,421.6300048828125,425.6099853515625,420.43060302734375,49779000
2024-02-22,QQQ,nasdaq_100_etf,434.489990234375,439.1199951171875,433.7099914550781,438.07000732421875,432.7389831542969,53887800
2024-02-23,QQQ,nasdaq_100_etf,439.6499938964844,440.5899963378906,435.7900085449219,436.7799987792969,431.4646911621094,39853900
2024-02-26,QQQ,nasdaq_100_etf,437.6000061035156,438.6000061035156,436.3599853515625,436.54998779296875,431.2374267578125,33043200
2024-02-27,QQQ,nasdaq_100_etf,437.6700134277344,437.989990234375,435.0299987792969,437.6000061035156,432.2746887207031,33713200
2024-02-28,QQQ,nasdaq_100_etf,435.42999267578125,436.6700134277344,434.29998779296875,435.2699890136719,429.9729919433594,32938800
2024-02-29,QQQ,nasdaq_100_etf,438.2300109863281,440.0899963378906,435.0199890136719,439.0,433.6576232910156,42495200
2024-03-01,QQQ,nasdaq_100_etf,439.8999938964844,446.5799865722656,439.8399963378906,445.6099853515625,440.1872253417969,43853000
2024-03-04,QQQ,nasdaq_100_etf,445.6099853515625,446.0400085449219,443.7699890136719,444.0199890136719,438.6165466308594,34325700
2024-03-05,QQQ,nasdaq_100_etf,440.94000244140625,440.95001220703125,433.6499938964844,436.04998779296875,430.7435302734375,57917100
2024-03-06,QQQ,nasdaq_100_etf,440.32000732421875,441.989990234375,436.8900146484375,438.7900085449219,433.4502258300781,46234500
2024-03-07,QQQ,nasdaq_100_etf,442.4200134277344,446.7200012207031,440.8599853515625,445.45001220703125,440.0291442871094,44526700
2024-03-08,QQQ,nasdaq_100_etf,445.80999755859375,448.6400146484375,438.3399963378906,439.0199890136719,433.6774597167969,72096000
2024-03-11,QQQ,nasdaq_100_etf,437.510009765625,438.6600036621094,435.44000244140625,437.3900146484375,432.0672607421875,45860000
2024-03-12,QQQ,nasdaq_100_etf,439.7300109863281,444.0199890136719,436.4599914550781,443.6600036621094,438.260986328125,55300900
2024-03-13,QQQ,nasdaq_100_etf,442.6499938964844,442.6700134277344,439.1199951171875,440.25,434.8924560546875,37928700
2024-03-14,QQQ,nasdaq_100_etf,441.5,442.0299987792969,436.3900146484375,439.1400146484375,433.79595947265625,52195200
2024-03-15,QQQ,nasdaq_100_etf,436.07000732421875,438.8699951171875,432.739990234375,433.9200134277344,428.6395568847656,73069800
2024-03-18,QQQ,nasdaq_100_etf,438.7300109863281,441.0400085449219,437.239990234375,437.4800109863281,432.7276611328125,47323800
2024-03-19,QQQ,nasdaq_100_etf,435.45001220703125,438.9800109863281,433.3299865722656,438.57000732421875,433.8057861328125,43004100
2024-03-20,QQQ,nasdaq_100_etf,439.7799987792969,444.1099853515625,438.05999755859375,443.7699890136719,438.94927978515625,43653500
2024-03-21,QQQ,nasdaq_100_etf,448.8800048828125,449.3399963378906,445.6700134277344,445.8699951171875,441.0265197753906,39345700
2024-03-22,QQQ,nasdaq_100_etf,445.3500061035156,447.489990234375,444.489990234375,446.3800048828125,441.5308837890625,28253900
2024-03-25,QQQ,nasdaq_100_etf,443.54998779296875,446.260009765625,442.5400085449219,444.760009765625,439.92852783203125,27789200
2024-03-26,QQQ,nasdaq_100_etf,446.29998779296875,447.2300109863281,443.0899963378906,443.32000732421875,438.504150390625,34142000
2024-03-27,QQQ,nasdaq_100_etf,446.44000244140625,446.5400085449219,441.92999267578125,444.8299865722656,439.99774169921875,41359200
2024-03-28,QQQ,nasdaq_100_etf,444.7799987792969,445.6400146484375,443.6499938964844,444.010009765625,439.18670654296875,36839600
2024-04-01,QQQ,nasdaq_100_etf,444.9700012207031,447.5299987792969,443.0199890136719,444.95001220703125,440.1164855957031,38729000
2024-04-02,QQQ,nasdaq_100_etf,440.0799865722656,441.42999267578125,438.0299987792969,441.1099853515625,436.318115234375,44259700
2024-04-03,QQQ,nasdaq_100_etf,438.9599914550781,444.0,438.95001220703125,442.1000061035156,437.29742431640625,39949800
2024-04-04,QQQ,nasdaq_100_etf,446.3299865722656,446.95001220703125,435.1099853515625,435.3399963378906,430.6108703613281,57267700
2024-04-05,QQQ,nasdaq_100_etf,436.7799987792969,443.1700134277344,435.9599914550781,440.4700012207031,435.68505859375,54744600
2024-04-08,QQQ,nasdaq_100_etf,441.4100036621094,442.5,439.20001220703125,440.6000061035156,435.813720703125,28144900
2024-04-09,QQQ,nasdaq_100_etf,442.9599914550781,443.239990234375,437.44000244140625,442.2300109863281,437.4259948730469,39443600
2024-04-10,QQQ,nasdaq_100_etf,437.0,439.239990234375,436.2799987792969,438.3699951171875,433.60784912109375,61502200
2024-04-11,QQQ,nasdaq_100_etf,440.260009765625,446.3299865722656,437.9599914550781,445.3699951171875,440.53192138671875,45474600
2024-04-12,QQQ,nasdaq_100_etf,441.1000061035156,442.239990234375,436.8800048828125,438.2699890136719,433.5090026855469,53665000
2024-04-15,QQQ,nasdaq_100_etf,442.05999755859375,442.1499938964844,430.2099914550781,431.05999755859375,426.3773498535156,63453600
2024-04-16,QQQ,nasdaq_100_etf,430.8999938964844,433.760009765625,429.70001220703125,431.1000061035156,426.4169006347656,47619000
2024-04-17,QQQ,nasdaq_100_etf,433.1000061035156,433.1199951171875,424.8999938964844,425.8399963378906,421.21405029296875,56880500
2024-04-18,QQQ,nasdaq_100_etf,426.489990234375,428.239990234375,422.8299865722656,423.4100036621094,418.81048583984375,46549400
2024-04-19,QQQ,nasdaq_100_etf,422.2200012207031,422.75,413.07000732421875,414.6499938964844,410.1455993652344,75231000
2024-04-22,QQQ,nasdaq_100_etf,417.30999755859375,421.17999267578125,413.94000244140625,418.82000732421875,414.27032470703125,47807700
2024-04-23,QQQ,nasdaq_100_etf,420.7699890136719,426.2799987792969,418.8699951171875,425.07000732421875,420.4524230957031,44384700
2024-04-24,QQQ,nasdaq_100_etf,428.20001220703125,429.7300109863281,424.20001220703125,426.510009765625,421.8768005371094,48440300
2024-04-25,QQQ,nasdaq_100_etf,419.239990234375,425.32000732421875,418.1400146484375,424.45001220703125,419.8391418457031,57392200
2024-04-26,QQQ,nasdaq_100_etf,427.6199951171875,432.54998779296875,426.9200134277344,431.0,426.3180236816406,41874900
2024-04-29,QQQ,nasdaq_100_etf,433.1300048828125,433.760009765625,429.9800109863281,432.75,428.0489807128906,30022200
2024-04-30,QQQ,nasdaq_100_etf,431.1499938964844,432.55999755859375,424.510009765625,424.5899963378906,419.9776306152344,43665900
2024-05-01,QQQ,nasdaq_100_etf,423.1499938964844,430.1400146484375,420.6600036621094,421.5199890136719,416.9410095214844,52251700
2024-05-02,QQQ,nasdaq_100_etf,425.29998779296875,427.80999755859375,420.6300048828125,426.8999938964844,422.26251220703125,36559000
2024-05-03,QQQ,nasdaq_100_etf,434.44000244140625,436.4800109863281,432.6199951171875,435.4800109863281,430.74932861328125,48515300
2024-05-06,QQQ,nasdaq_100_etf,437.29998779296875,440.3399963378906,436.5199890136719,440.25,435.467529296875,30227200
2024-05-07,QQQ,nasdaq_100_etf,440.70001220703125,441.9700012207031,439.5799865722656,440.32000732421875,435.5367431640625,30996100
2024-05-08,QQQ,nasdaq_100_etf,437.6700134277344,441.4800109863281,437.54998779296875,440.05999755859375,435.27960205078125,24896700
2024-05-09,QQQ,nasdaq_100_etf,440.3299865722656,441.6000061035156,438.4599914550781,441.0199890136719,436.2291259765625,24580100
2024-05-10,QQQ,nasdaq_100_etf,442.5400085449219,444.30999755859375,440.5,442.05999755859375,437.2578430175781,27116600
2024-05-13,QQQ,nasdaq_100_etf,443.989990234375,444.0899963378906,441.6499938964844,443.0799865722656,438.2667541503906,22994200
2024-05-14,QQQ,nasdaq_100_etf,442.6499938964844,446.4700012207031,442.4599914550781,445.92999267578125,441.08575439453125,34478300
2024-05-15,QQQ,nasdaq_100_etf,448.42999267578125,453.1499938964844,446.8999938964844,452.8999938964844,447.9801025390625,41464700
2024-05-16,QQQ,nasdaq_100_etf,452.7099914550781,454.69000244140625,451.80999755859375,451.9800109863281,447.07012939453125,34780400
2024-05-17,QQQ,nasdaq_100_etf,452.1099853515625,452.7200012207031,449.5400085449219,451.760009765625,446.8525085449219,35803700
2024-05-20,QQQ,nasdaq_100_etf,451.9800109863281,455.5799865722656,451.7900085449219,454.9100036621094,449.9682922363281,24474200
2024-05-21,QQQ,nasdaq_100_etf,453.0400085449219,455.989990234375,452.8399963378906,455.79998779296875,450.8485412597656,23167700
2024-05-22,QQQ,nasdaq_100_etf,456.05999755859375,456.82000732421875,453.0799865722656,455.7099914550781,450.75958251953125,25120000
2024-05-23,QQQ,nasdaq_100_etf,460.54998779296875,460.5799865722656,451.8500061035156,453.6600036621094,448.7318115234375,40899200
2024-05-24,QQQ,nasdaq_100_etf,455.2900085449219,459.2300109863281,453.57000732421875,457.95001220703125,452.97528076171875,29669500
2024-05-28,QQQ,nasdaq_100_etf,459.17999267578125,459.739990234375,456.69000244140625,459.67999267578125,454.68646240234375,26216800
2024-05-29,QQQ,nasdaq_100_etf,455.4800109863281,458.239990234375,455.3399963378906,456.44000244140625,451.48162841796875,29739200
2024-05-30,QQQ,nasdaq_100_etf,455.5,455.6400146484375,450.2099914550781,451.54998779296875,446.6447448730469,30536800
2024-05-31,QQQ,nasdaq_100_etf,451.7799987792969,452.4800109863281,443.05999755859375,450.7099914550781,445.81390380859375,55941300
2024-06-03,QQQ,nasdaq_100_etf,454.57000732421875,455.5799865722656,447.8999938964844,453.1300048828125,448.20758056640625,32997500
2024-06-04,QQQ,nasdaq_100_etf,452.8699951171875,455.5799865722656,451.1300048828125,454.3699951171875,449.4341125488281,23767400
2024-06-05,QQQ,nasdaq_100_etf,457.9800109863281,463.6099853515625,454.4100036621094,463.5299987792969,458.49462890625,33817400
2024-06-06,QQQ,nasdaq_100_etf,464.2200012207031,464.5400085449219,462.19000244140625,463.3699951171875,458.3363342285156,21966800
2024-06-07,QQQ,nasdaq_100_etf,463.0,465.739990234375,461.8399963378906,462.9599914550781,457.9307556152344,25829700
2024-06-10,QQQ,nasdaq_100_etf,461.82000732421875,465.19000244140625,461.5299987792969,464.8299865722656,459.780517578125,20660800
2024-06-11,QQQ,nasdaq_100_etf,463.5400085449219,468.1400146484375,462.0299987792969,468.0199890136719,462.93585205078125,22053300
2024-06-12,QQQ,nasdaq_100_etf,471.989990234375,476.5,471.2900085449219,474.1499938964844,468.9992370605469,34532600
2024-06-13,QQQ,nasdaq_100_etf,477.7200012207031,478.3900146484375,474.4200134277344,476.7200012207031,471.5413513183594,25859000
2024-06-14,QQQ,nasdaq_100_etf,476.5199890136719,479.260009765625,476.04998779296875,479.19000244140625,473.9844970703125,23372600
2024-06-17,QQQ,nasdaq_100_etf,479.4599914550781,486.8599853515625,478.1400146484375,485.05999755859375,479.7907409667969,37054500
2024-06-18,QQQ,nasdaq_100_etf,485.010009765625,485.8999938964844,483.42999267578125,485.2099914550781,479.9391174316406,24438600
2024-06-20,QQQ,nasdaq_100_etf,486.4200134277344,486.8399963378906,479.6199951171875,481.4700012207031,476.2397766113281,33918700
2024-06-21,QQQ,nasdaq_100_etf,481.19000244140625,482.5400085449219,478.6700134277344,480.17999267578125,474.9637145996094,37456800
2024-06-24,QQQ,nasdaq_100_etf,478.17999267578125,479.92999267578125,473.82000732421875,473.9599914550781,469.5564270019531,37751000
2024-06-25,QQQ,nasdaq_100_etf,476.07000732421875,479.67999267578125,475.1199951171875,479.3800048828125,474.92608642578125,29014700
2024-06-26,QQQ,nasdaq_100_etf,478.54998779296875,480.9200134277344,478.1300048828125,480.3699951171875,475.9068908691406,22737100
2024-06-27,QQQ,nasdaq_100_etf,480.1199951171875,483.1000061035156,479.29998779296875,481.6099853515625,477.1353454589844,26222100
2024-06-28,QQQ,nasdaq_100_etf,482.4100036621094,487.20001220703125,478.4599914550781,479.1099853515625,474.6585693359375,34881600
2024-07-01,QQQ,nasdaq_100_etf,480.0400085449219,482.489990234375,476.260009765625,481.9200134277344,477.4425048828125,24898300
2024-07-02,QQQ,nasdaq_100_etf,480.4100036621094,487.0400085449219,480.2799987792969,486.9800109863281,482.4554748535156,26723600
2024-07-03,QQQ,nasdaq_100_etf,486.2200012207031,491.1700134277344,486.2200012207031,491.0400085449219,486.477783203125,18064900
2024-07-05,QQQ,nasdaq_100_etf,491.8900146484375,496.6000061035156,491.5899963378906,496.1600036621094,491.5502014160156,28495900
2024-07-08,QQQ,nasdaq_100_etf,496.5299987792969,497.8999938964844,495.5,497.3399963378906,492.71923828125,22109400
2024-07-09,QQQ,nasdaq_100_etf,498.8699951171875,500.0,496.239990234375,497.7699890136719,493.1452331542969,25614500
2024-07-10,QQQ,nasdaq_100_etf,499.7099914550781,503.5199890136719,498.3900146484375,502.9599914550781,498.2870178222656,28046900
2024-07-11,QQQ,nasdaq_100_etf,503.07000732421875,503.2799987792969,490.7300109863281,491.92999267578125,487.3594970703125,49966600
2024-07-12,QQQ,nasdaq_100_etf,492.510009765625,499.6199951171875,492.0400085449219,494.82000732421875,490.22265625,37109400
2024-07-15,QQQ,nasdaq_100_etf,496.6099853515625,501.010009765625,494.0899963378906,496.1499938964844,491.540283203125,31151400
2024-07-16,QQQ,nasdaq_100_etf,497.6199951171875,498.44000244140625,493.1499938964844,496.3399963378906,491.7285461425781,25950600
2024-07-17,QQQ,nasdaq_100_etf,488.2799987792969,488.79998779296875,481.70001220703125,481.7699890136719,477.29388427734375,56268800
2024-07-18,QQQ,nasdaq_100_etf,485.5299987792969,485.7099914550781,476.2699890136719,479.489990234375,475.03509521484375,49347400
2024-07-19,QQQ,nasdaq_100_etf,479.1499938964844,481.69000244140625,473.94000244140625,475.239990234375,470.8245544433594,42042900
2024-07-22,QQQ,nasdaq_100_etf,481.1600036621094,483.3500061035156,477.7099914550781,482.32000732421875,477.8387756347656,40300000
2024-07-23,QQQ,nasdaq_100_etf,481.4100036621094,484.42999267578125,480.1400146484375,480.6199951171875,476.1545715332031,23282500
2024-07-24,QQQ,nasdaq_100_etf,473.82000732421875,474.19000244140625,462.510009765625,463.3800048828125,459.07476806640625,58818600
2024-07-25,QQQ,nasdaq_100_etf,463.7200012207031,467.94000244140625,455.6300048828125,458.2699890136719,454.01220703125,59256800
2024-07-26,QQQ,nasdaq_100_etf,462.6499938964844,465.92999267578125,459.7699890136719,462.9700012207031,458.6685485839844,39992100
2024-07-29,QQQ,nasdaq_100_etf,465.7099914550781,467.9100036621094,461.6199951171875,463.8999938964844,459.5899658203125,28218500
2024-07-30,QQQ,nasdaq_100_etf,465.8500061035156,466.55999755859375,454.1499938964844,457.5299987792969,453.2790832519531,41317200
2024-07-31,QQQ,nasdaq_100_etf,467.8699951171875,472.7900085449219,466.4100036621094,471.07000732421875,466.693359375,44552100
2024-08-01,QQQ,nasdaq_100_etf,471.760009765625,475.54998779296875,455.9800109863281,459.6600036621094,455.38934326171875,56653900
2024-08-02,QQQ,nasdaq_100_etf,450.8900146484375,453.57000732421875,444.4700012207031,448.75,444.5807189941406,66323200
2024-08-05,QQQ,nasdaq_100_etf,424.7099914550781,442.2900085449219,423.45001220703125,435.3699951171875,431.32501220703125,87483500
2024-08-06,QQQ,nasdaq_100_etf,437.2300109863281,447.07000732421875,434.55999755859375,439.5299987792969,435.44635009765625,63164400
2024-08-07,QQQ,nasdaq_100_etf,446.489990234375,449.0,434.3699951171875,434.7699890136719,430.7305603027344,54929200
2024-08-08,QQQ,nasdaq_100_etf,441.05999755859375,448.989990234375,437.1499938964844,448.07000732421875,443.9070129394531,47890100
2024-08-09,QQQ,nasdaq_100_etf,446.739990234375,452.05999755859375,445.6099853515625,450.4100036621094,446.22528076171875,33574000
2024-08-12,QQQ,nasdaq_100_etf,451.3900146484375,454.3699951171875,448.54998779296875,451.3800048828125,447.186279296875,27795000
2024-08-13,QQQ,nasdaq_100_etf,455.82000732421875,462.8500061035156,455.67999267578125,462.5799865722656,458.28216552734375,40084500
2024-08-14,QQQ,nasdaq_100_etf,463.510009765625,465.1099853515625,458.3999938964844,462.7300109863281,458.4308166503906,34733700
2024-08-15,QQQ,nasdaq_100_etf,468.760009765625,474.82000732421875,468.3800048828125,474.4200134277344,470.0121765136719,38280600
2024-08-16,QQQ,nasdaq_100_etf,472.6199951171875,476.4100036621094,471.6499938964844,475.0299987792969,470.61651611328125,38383600
2024-08-19,QQQ,nasdaq_100_etf,475.1700134277344,481.30999755859375,473.3699951171875,481.2699890136719,476.79852294921875,23737700
2024-08-20,QQQ,nasdaq_100_etf,480.3500061035156,482.94000244140625,478.54998779296875,480.260009765625,475.7979431152344,29209300
2024-08-21,QQQ,nasdaq_100_etf,481.04998779296875,484.3699951171875,479.32000732421875,482.5,478.01708984375,25658800
2024-08-22,QQQ,nasdaq_100_etf,484.8399963378906,485.5400085449219,473.80999755859375,474.8500061035156,470.438232421875,37739600
2024-08-23,QQQ,nasdaq_100_etf,479.239990234375,482.739990234375,475.2799987792969,480.0,475.5403137207031,36061500
2024-08-26,QQQ,nasdaq_100_etf,479.45001220703125,480.3800048828125,473.239990234375,475.3399963378906,470.92364501953125,27452600
2024-08-27,QQQ,nasdaq_100_etf,473.69000244140625,477.8399963378906,471.7099914550781,476.760009765625,472.3304443359375,27510000
2024-08-28,QQQ,nasdaq_100_etf,476.2900085449219,477.0199890136719,467.8900146484375,471.3500061035156,466.970703125,37372400
2024-08-29,QQQ,nasdaq_100_etf,473.2799987792969,477.92999267578125,469.3699951171875,470.6600036621094,466.287109375,41081500
2024-08-30,QQQ,nasdaq_100_etf,475.0400085449219,476.8999938964844,470.510009765625,476.2699890136719,471.844970703125,33466500
2024-09-03,QQQ,nasdaq_100_etf,473.20001220703125,473.3299865722656,459.4100036621094,461.80999755859375,457.5193176269531,44985200
2024-09-04,QQQ,nasdaq_100_etf,458.6700134277344,464.45001220703125,457.7300109863281,460.6099853515625,456.3304748535156,32505100
2024-09-05,QQQ,nasdaq_100_etf,458.9700012207031,465.3599853515625,457.94000244140625,461.0400085449219,456.7565002441406,34452400
2024-09-06,QQQ,nasdaq_100_etf,460.3299865722656,461.2200012207031,448.19000244140625,448.69000244140625,444.5212707519531,50624400
2024-09-09,QQQ,nasdaq_100_etf,453.05999755859375,455.4599914550781,449.82000732421875,454.4599914550781,450.2375793457031,32981200
2024-09-10,QQQ,nasdaq_100_etf,456.239990234375,459.1700134277344,452.2300109863281,458.6600036621094,454.39862060546875,29680300
2024-09-11,QQQ,nasdaq_100_etf,459.9100036621094,469.3699951171875,451.2799987792969,468.6199951171875,464.26605224609375,57843000
2024-09-12,QQQ,nasdaq_100_etf,468.6499938964844,474.0400085449219,466.8500061035156,473.2200012207031,468.82330322265625,40067800
2024-09-13,QQQ,nasdaq_100_etf,472.4800109863281,476.5299987792969,472.25,475.3399963378906,470.92364501953125,29111800
2024-09-16,QQQ,nasdaq_100_etf,473.19000244140625,473.8599853515625,469.8900146484375,473.239990234375,468.8431091308594,22585600
2024-09-17,QQQ,nasdaq_100_etf,476.2900085449219,477.6000061035156,470.9700012207031,473.489990234375,469.0908203125,30084400
2024-09-18,QQQ,nasdaq_100_etf,474.70001220703125,478.8299865722656,470.8299865722656,471.44000244140625,467.0599060058594,39909200
2024-09-19,QQQ,nasdaq_100_etf,482.6099853515625,486.2300109863281,480.489990234375,483.3599853515625,478.8691101074219,52782500
2024-09-20,QQQ,nasdaq_100_etf,482.489990234375,483.69000244140625,478.29998779296875,482.44000244140625,477.9576721191406,34577700
2024-09-23,QQQ,nasdaq_100_etf,482.95001220703125,484.1400146484375,481.6000061035156,483.0400085449219,479.224609375,24843000
2024-09-24,QQQ,nasdaq_100_etf,484.4599914550781,486.3299865722656,480.1700134277344,485.3699951171875,481.53619384765625,25952600
2024-09-25,QQQ,nasdaq_100_etf,484.739990234375,487.7900085449219,484.55999755859375,485.82000732421875,481.9826354980469,26549900
2024-09-26,QQQ,nasdaq_100_etf,493.3699951171875,493.70001220703125,485.79998779296875,489.4700012207031,485.6037902832031,32020200
2024-09-27,QQQ,nasdaq_100_etf,490.5,490.6400146484375,485.55999755859375,486.75,482.9053039550781,22851100
2024-09-30,QQQ,nasdaq_100_etf,485.7799987792969,488.4100036621094,482.9200134277344,488.07000732421875,484.21484375,30281100
2024-10-01,QQQ,nasdaq_100_etf,487.70001220703125,488.0,477.3999938964844,481.2699890136719,477.4685363769531,42735400
2024-10-02,QQQ,nasdaq_100_etf,480.3599853515625,483.8800048828125,477.7200012207031,481.95001220703125,478.1432189941406,23744000
2024-10-03,QQQ,nasdaq_100_etf,479.739990234375,484.54998779296875,478.989990234375,481.5899963378906,477.7860412597656,25337200
2024-10-04,QQQ,nasdaq_100_etf,487.45001220703125,487.8800048828125,482.3900146484375,487.32000732421875,483.47076416015625,30686600
2024-10-07,QQQ,nasdaq_100_etf,485.3900146484375,486.57000732421875,480.8699951171875,482.1000061035156,478.2919921875,24975100
2024-10-08,QQQ,nasdaq_100_etf,484.6600036621094,489.989990234375,483.8500061035156,489.29998779296875,485.43511962890625,28272000
2024-10-09,QQQ,nasdaq_100_etf,489.0,493.7300109863281,487.95001220703125,493.1499938964844,489.2547302246094,24995000
2024-10-10,QQQ,nasdaq_100_etf,490.8500061035156,494.4700012207031,489.5299987792969,492.5899963378906,488.69915771484375,25750400
2024-10-11,QQQ,nasdaq_100_etf,490.739990234375,494.3900146484375,490.1700134277344,493.3599853515625,489.4630432128906,20644500
2024-10-14,QQQ,nasdaq_100_etf,495.7699890136719,498.8299865722656,495.260009765625,497.5,493.5703430175781,26060100
2024-10-15,QQQ,nasdaq_100_etf,497.8299865722656,498.5,488.67999267578125,490.8500061035156,486.972900390625,34784500
2024-10-16,QQQ,nasdaq_100_etf,491.17999267578125,491.69000244140625,487.57000732421875,490.9100036621094,487.03240966796875,22996800
2024-10-17,QQQ,nasdaq_100_etf,496.44000244140625,496.489990234375,491.19000244140625,491.25,487.3697204589844,27210700
2024-10-18,QQQ,nasdaq_100_etf,494.05999755859375,495.57000732421875,493.29998779296875,494.4700012207031,490.5643005371094,25335000
2024-10-21,QQQ,nasdaq_100_etf,493.25,496.2300109863281,491.30999755859375,495.4200134277344,491.5068054199219,30336500
2024-10-22,QQQ,nasdaq_100_etf,492.7300109863281,497.45001220703125,491.9700012207031,495.9599914550781,492.04254150390625,26685800
2024-10-23,QQQ,nasdaq_100_etf,493.5899963378906,494.25,485.04998779296875,488.3599853515625,484.5025634765625,39346600
2024-10-24,QQQ,nasdaq_100_etf,492.1099853515625,493.0,489.44000244140625,492.32000732421875,488.4312744140625,22024900
2024-10-25,QQQ,nasdaq_100_etf,495.1400146484375,500.2799987792969,494.42999267578125,495.32000732421875,491.4075622558594,38762100
2024-10-28,QQQ,nasdaq_100_etf,498.4599914550781,498.5199890136719,495.1000061035156,495.3999938964844,491.4869384765625,20477800
2024-10-29,QQQ,nasdaq_100_etf,495.7200012207031,501.3500061035156,493.8500061035156,500.1600036621094,496.2093505859375,28014100
2024-10-30,QQQ,nasdaq_100_etf,499.3900146484375,500.3500061035156,495.8900146484375,496.3800048828125,492.459228515625,29756000
2024-10-31,QQQ,nasdaq_100_etf,492.3800048828125,492.42999267578125,483.75,483.8500061035156,480.0281982421875,41245200
2024-11-01,QQQ,nasdaq_100_etf,485.5,490.75,485.20001220703125,487.42999267578125,483.57989501953125,33655800
2024-11-04,QQQ,nasdaq_100_etf,486.82000732421875,489.3800048828125,484.25,486.010009765625,482.171142578125,23291600
2024-11-05,QQQ,nasdaq_100_etf,487.6099853515625,492.8800048828125,487.5199890136719,492.2099914550781,488.3221740722656,24353600
2024-11-06,QQQ,nasdaq_100_etf,500.55999755859375,506.4100036621094,499.6000061035156,505.5799865722656,501.5865173339844,43082200
2024-11-07,QQQ,nasdaq_100_etf,508.3999938964844,514.3300170898438,508.3399963378906,513.5399780273438,509.4836120605469,32853100
2024-11-08,QQQ,nasdaq_100_etf,513.0399780273438,514.9199829101562,512.4099731445312,514.1400146484375,510.0789794921875,22924500
2024-11-11,QQQ,nasdaq_100_etf,515.3699951171875,515.5800170898438,510.9200134277344,513.8400268554688,509.7813415527344,24167500
2024-11-12,QQQ,nasdaq_100_etf,513.77001953125,514.6599731445312,509.8299865722656,512.9099731445312,508.85858154296875,25835300
2024-11-13,QQQ,nasdaq_100_etf,512.4000244140625,514.97998046875,509.95001220703125,512.25,508.2038879394531,24567400
2024-11-14,QQQ,nasdaq_100_etf,511.9100036621094,512.7899780273438,507.7699890136719,508.69000244140625,504.6719970703125,28679500
2024-11-15,QQQ,nasdaq_100_etf,502.94000244140625,503.3299865722656,494.489990234375,496.57000732421875,492.64776611328125,51461100
2024-11-18,QQQ,nasdaq_100_etf,498.1300048828125,502.1400146484375,496.7300109863281,500.0199890136719,496.07049560546875,27080800
2024-11-19,QQQ,nasdaq_100_etf,497.4200134277344,503.95001220703125,497.0799865722656,503.4599914550781,499.4832458496094,24523000
2024-11-20,QQQ,nasdaq_100_etf,503.1600036621094,503.4800109863281,496.55999755859375,503.1700134277344,499.195556640625,29565500
2024-11-21,QQQ,nasdaq_100_etf,506.239990234375,506.9599914550781,497.55999755859375,504.9800109863281,500.99127197265625,34526700
2024-11-22,QQQ,nasdaq_100_etf,504.4200134277344,506.5299987792969,502.7799987792969,505.7900085449219,501.7948913574219,23826600
2024-11-25,QQQ,nasdaq_100_etf,509.8999938964844,511.45001220703125,504.260009765625,506.5899963378906,502.58856201171875,26375200
2024-11-26,QQQ,nasdaq_100_etf,508.0799865722656,510.1400146484375,507.2300109863281,509.30999755859375,505.2870178222656,26557100
2024-11-27,QQQ,nasdaq_100_etf,508.1700134277344,508.239990234375,501.92999267578125,505.29998779296875,501.30877685546875,24957400
2024-11-29,QQQ,nasdaq_100_etf,505.92999267578125,510.3399963378906,505.30999755859375,509.739990234375,505.7136535644531,15334000
2024-12-02,QQQ,nasdaq_100_etf,511.010009765625,516.260009765625,510.6199951171875,515.2899780273438,511.2198486328125,25147200
2024-12-03,QQQ,nasdaq_100_etf,513.9500122070312,517.1500244140625,513.3699951171875,516.8699951171875,512.787353515625,18597900
2024-12-04,QQQ,nasdaq_100_etf,520.3200073242188,523.52001953125,519.5999755859375,523.260009765625,519.126953125,26086200
2024-12-05,QQQ,nasdaq_100_etf,523.3099975585938,524.0399780273438,521.4199829101562,521.8099975585938,517.6883544921875,18169600
2024-12-06,QQQ,nasdaq_100_etf,522.47998046875,526.719970703125,522.3499755859375,526.47998046875,522.3214721679688,23762600
2024-12-09,QQQ,nasdaq_100_etf,525.5499877929688,526.3499755859375,521.219970703125,522.3800048828125,518.2538452148438,20674400
2024-12-10,QQQ,nasdaq_100_etf,523.6199951171875,525.3800048828125,519.1599731445312,520.5999755859375,516.4878540039062,24350000
2024-12-11,QQQ,nasdaq_100_etf,525.0,530.6099853515625,524.5900268554688,529.9199829101562,525.7341918945312,32168600
2024-12-12,QQQ,nasdaq_100_etf,527.6799926757812,528.9600219726562,526.02001953125,526.5,522.34130859375,23577500
2024-12-13,QQQ,nasdaq_100_etf,530.4600219726562,533.1699829101562,527.2999877929688,530.530029296875,526.3395385742188,28780400
2024-12-16,QQQ,nasdaq_100_etf,533.0800170898438,539.1500244140625,533.0,538.1699829101562,533.9191284179688,31979900
2024-12-17,QQQ,nasdaq_100_etf,536.3599853515625,537.47998046875,534.1300048828125,535.7999877929688,531.5678100585938,28579100
2024-12-18,QQQ,nasdaq_100_etf,535.1500244140625,536.8800048828125,515.010009765625,516.469970703125,512.3905029296875,54703200
2024-12-19,QQQ,nasdaq_100_etf,521.1900024414062,521.760009765625,513.8300170898438,514.1699829101562,510.1086730957031,46441800
2024-12-20,QQQ,nasdaq_100_etf,510.44000244140625,524.8200073242188,509.2900085449219,518.6599731445312,514.5632934570312,60530000
2024-12-23,QQQ,nasdaq_100_etf,519.5499877929688,523.25,516.1300048828125,522.8699951171875,519.576416015625,29672800
2024-12-24,QQQ,nasdaq_100_etf,524.8300170898438,530.0499877929688,524.1900024414062,529.9600219726562,526.6218872070312,17558200
2024-12-26,QQQ,nasdaq_100_etf,528.3200073242188,531.239990234375,526.3099975585938,529.5999755859375,526.2639770507812,19090500
2024-12-27,QQQ,nasdaq_100_etf,526.010009765625,526.4500122070312,517.8599853515625,522.5599975585938,519.2684326171875,33839600
2024-12-30,QQQ,nasdaq_100_etf,515.510009765625,519.3599853515625,511.8299865722656,515.6099853515625,512.3621826171875,34584000
2024-12-31,QQQ,nasdaq_100_etf,516.9000244140625,517.6599731445312,510.260009765625,511.2300109863281,508.0097961425781,29117000
2025-01-02,QQQ,nasdaq_100_etf,514.2999877929688,516.6400146484375,505.7099914550781,510.2300109863281,507.01611328125,36389800
2025-01-03,QQQ,nasdaq_100_etf,513.3499755859375,519.6500244140625,512.530029296875,518.5800170898438,515.3135375976562,29059500
2025-01-06,QQQ,nasdaq_100_etf,524.02001953125,527.9199829101562,522.030029296875,524.5399780273438,521.2359008789062,36109700
2025-01-07,QQQ,nasdaq_100_etf,525.5900268554688,525.989990234375,513.280029296875,515.1799926757812,511.9348449707031,36690300
2025-01-08,QQQ,nasdaq_100_etf,515.0800170898438,516.9199829101562,510.57000732421875,515.27001953125,512.0243530273438,30777800
2025-01-10,QQQ,nasdaq_100_etf,511.4800109863281,511.5799865722656,503.9200134277344,507.19000244140625,503.9952087402344,40532500
2025-01-13,QQQ,nasdaq_100_etf,501.20001220703125,506.0199890136719,499.70001220703125,505.55999755859375,502.37548828125,31694200
2025-01-14,QQQ,nasdaq_100_etf,508.739990234375,510.1600036621094,501.5899963378906,505.0799865722656,501.89849853515625,33737200
2025-01-15,QQQ,nasdaq_100_etf,513.030029296875,517.8499755859375,511.4599914550781,516.7000122070312,513.4453125,34957600
2025-01-16,QQQ,nasdaq_100_etf,518.97998046875,519.0599975585938,512.9500122070312,513.0800170898438,509.84814453125,28229000
2025-01-17,QQQ,nasdaq_100_etf,522.8499755859375,524.0700073242188,513.1099853515625,521.739990234375,518.45361328125,51837900
2025-01-21,QQQ,nasdaq_100_etf,524.47998046875,525.969970703125,520.0599975585938,524.7999877929688,521.4942626953125,23628000
2025-01-22,QQQ,nasdaq_100_etf,529.5700073242188,533.8200073242188,529.260009765625,531.510009765625,528.1619873046875,33593000
2025-01-23,QQQ,nasdaq_100_etf,529.0399780273438,532.760009765625,528.4500122070312,532.6400146484375,529.2848510742188,23096600
2025-01-24,QQQ,nasdaq_100_etf,533.02001953125,533.7899780273438,528.1500244140625,529.6300048828125,526.2938842773438,19878300
2025-01-27,QQQ,nasdaq_100_etf,511.0,517.989990234375,510.1499938964844,514.2100219726562,510.9710388183594,60771700
2025-01-28,QQQ,nasdaq_100_etf,515.219970703125,523.0,511.7799987792969,521.8099975585938,518.5231323242188,33194200
2025-01-29,QQQ,nasdaq_100_etf,522.4600219726562,522.5900268554688,516.9000244140625,520.8300170898438,517.54931640625,26649000
2025-01-30,QQQ,nasdaq_100_etf,523.7100219726562,526.0999755859375,518.2100219726562,523.0499877929688,519.75537109375,27431300
2025-01-31,QQQ,nasdaq_100_etf,526.9199829101562,531.52001953125,521.1900024414062,522.2899780273438,519.0000610351562,38755200
2025-02-03,QQQ,nasdaq_100_etf,513.469970703125,520.8499755859375,511.04998779296875,518.1099853515625,514.8463745117188,40580800
2025-02-04,QQQ,nasdaq_100_etf,518.6300048828125,525.1099853515625,518.22998046875,524.469970703125,521.1663208007812,26046800
2025-02-05,QQQ,nasdaq_100_etf,521.8200073242188,527.010009765625,520.6199951171875,526.8499755859375,523.5313720703125,21134100
2025-02-06,QQQ,nasdaq_100_etf,527.3599853515625,529.8099975585938,525.739990234375,529.5999755859375,526.2639770507812,19434500
2025-02-07,QQQ,nasdaq_100_etf,530.1400146484375,532.0999755859375,522.1900024414062,522.9199829101562,519.6260986328125,29605500
2025-02-10,QQQ,nasdaq_100_etf,527.219970703125,530.3599853515625,526.75,529.25,525.916259765625,20852800
2025-02-11,QQQ,nasdaq_100_etf,525.9600219726562,529.9199829101562,525.8300170898438,527.989990234375,524.6642456054688,19325500
2025-02-12,QQQ,nasdaq_100_etf,522.2999877929688,529.1900024414062,521.9500122070312,528.2999877929688,524.9722290039062,25009400
2025-02-13,QQQ,nasdaq_100_etf,529.97998046875,536.219970703125,529.1900024414062,535.9000244140625,532.5244140625,28714800
2025-02-14,QQQ,nasdaq_100_etf,536.010009765625,538.8400268554688,535.6699829101562,538.1500244140625,534.7601928710938,17862600
2025-02-18,QQQ,nasdaq_100_etf,539.72998046875,540.0,536.0399780273438,539.3699951171875,535.9725341796875,20565000
2025-02-19,QQQ,nasdaq_100_etf,538.5700073242188,540.8099975585938,536.4600219726562,539.52001953125,536.12158203125,19666900
2025-02-20,QQQ,nasdaq_100_etf,538.72998046875,539.0999755859375,532.4600219726562,537.22998046875,533.845947265625,26550800
2025-02-21,QQQ,nasdaq_100_etf,538.3800048828125,538.4000244140625,525.7100219726562,526.0800170898438,522.7662353515625,47093800
2025-02-24,QQQ,nasdaq_100_etf,527.8800048828125,529.0700073242188,519.530029296875,519.8699951171875,516.5953369140625,39268400
2025-02-25,QQQ,nasdaq_100_etf,519.239990234375,519.3200073242188,509.44000244140625,513.3200073242188,510.08660888671875,48940000
2025-02-26,QQQ,nasdaq_100_etf,515.530029296875,519.6599731445312,511.3699951171875,514.5599975585938,511.3187255859375,34457600
2025-02-27,QQQ,nasdaq_100_etf,518.1300048828125,519.0700073242188,500.04998779296875,500.2699890136719,497.1187744140625,52448000
2025-02-28,QQQ,nasdaq_100_etf,500.1300048828125,508.7799987792969,496.92999267578125,508.1700134277344,504.96905517578125,47654000
2025-03-03,QQQ,nasdaq_100_etf,511.5199890136719,513.0399780273438,493.5799865722656,497.04998779296875,493.9190673828125,44587200
2025-03-04,QQQ,nasdaq_100_etf,494.17999267578125,503.739990234375,487.739990234375,495.54998779296875,492.42852783203125,67875400
2025-03-05,QQQ,nasdaq_100_etf,496.20001220703125,503.6300048828125,491.260009765625,502.010009765625,498.84783935546875,46323700
2025-03-06,QQQ,nasdaq_100_etf,493.69000244140625,498.5799865722656,486.20001220703125,488.20001220703125,485.12481689453125,57574300
2025-03-07,QQQ,nasdaq_100_etf,487.1600036621094,493.2799987792969,480.5299987792969,491.7900085449219,488.6922302246094,54714700
2025-03-10,QQQ,nasdaq_100_etf,483.45001220703125,483.9700012207031,468.6600036621094,472.7300109863281,469.7522888183594,76668000
2025-03-11,QQQ,nasdaq_100_etf,472.3500061035156,478.80999755859375,467.010009765625,471.6000061035156,468.62939453125,68760800
2025-03-12,QQQ,nasdaq_100_etf,479.1600036621094,481.05999755859375,471.7900085449219,476.9200134277344,473.9159240722656,46971100
2025-03-13,QQQ,nasdaq_100_etf,476.25,476.2799987792969,466.42999267578125,468.3399963378906,465.38995361328125,46563300
2025-03-14,QQQ,nasdaq_100_etf,473.7300109863281,480.55999755859375,473.1199951171875,479.6600036621094,476.638671875,43563000
2025-03-17,QQQ,nasdaq_100_etf,479.6099853515625,485.8399963378906,477.79998779296875,482.7699890136719,479.72900390625,41744400
2025-03-18,QQQ,nasdaq_100_etf,479.4100036621094,479.6099853515625,472.4100036621094,474.5400085449219,471.5509033203125,39072300
2025-03-19,QQQ,nasdaq_100_etf,476.80999755859375,485.3299865722656,474.8699951171875,480.8900146484375,477.86090087890625,40430300
2025-03-20,QQQ,nasdaq_100_etf,476.8800048828125,484.54998779296875,476.17999267578125,479.260009765625,476.2411804199219,36780500
2025-03-21,QQQ,nasdaq_100_etf,474.0799865722656,481.6099853515625,472.9100036621094,480.8399963378906,477.8111877441406,42234900
2025-03-24,QQQ,nasdaq_100_etf,487.739990234375,491.510009765625,484.3999938964844,490.6600036621094,488.29644775390625,34567200
2025-03-25,QQQ,nasdaq_100_etf,491.3900146484375,493.6199951171875,490.4200134277344,493.4599914550781,491.0829162597656,26035200
2025-03-26,QQQ,nasdaq_100_etf,492.29998779296875,493.1600036621094,482.82000732421875,484.3800048828125,482.04669189453125,34627100
2025-03-27,QQQ,nasdaq_100_etf,482.4100036621094,486.5799865722656,480.25,481.6199951171875,479.29998779296875,33469800
2025-03-28,QQQ,nasdaq_100_etf,479.80999755859375,480.5199890136719,468.04998779296875,468.94000244140625,466.68109130859375,46363800
2025-03-31,QQQ,nasdaq_100_etf,461.9200134277344,469.8599853515625,457.3299865722656,468.9200134277344,466.6611633300781,53000300
2025-04-01,QQQ,nasdaq_100_etf,467.29998779296875,473.6300048828125,464.4200134277344,472.70001220703125,470.4229736328125,41156200
2025-04-02,QQQ,nasdaq_100_etf,466.1199951171875,479.55999755859375,465.8599853515625,476.1499938964844,473.8562927246094,49894500
2025-04-03,QQQ,nasdaq_100_etf,456.44000244140625,460.07000732421875,450.1400146484375,450.6600036621094,448.4891357421875,70456300
2025-04-04,QQQ,nasdaq_100_etf,438.1400146484375,440.3699951171875,422.6700134277344,422.6700134277344,420.6339416503906,117088400
2025-04-07,QQQ,nasdaq_100_etf,408.6600036621094,443.1400146484375,402.3900146484375,423.69000244140625,421.6490478515625,161557000
2025-04-08,QQQ,nasdaq_100_etf,438.1600036621094,443.1400146484375,409.7900085449219,416.05999755859375,414.0557861328125,101248100
2025-04-09,QQQ,nasdaq_100_etf,415.57000732421875,467.8299865722656,415.42999267578125,466.0,463.7552185058594,142876900
2025-04-10,QQQ,nasdaq_100_etf,453.55999755859375,455.5899963378906,432.6300048828125,446.17999267578125,444.0306701660156,108384100
2025-04-11,QQQ,nasdaq_100_etf,444.6499938964844,455.7900085449219,441.3299865722656,454.3999938964844,452.2110900878906,52483800
2025-04-14,QQQ,nasdaq_100_etf,464.4599914550781,465.04998779296875,452.6300048828125,457.4800109863281,455.2762756347656,43941200
2025-04-15,QQQ,nasdaq_100_etf,458.5400085449219,462.3800048828125,456.1499938964844,457.989990234375,455.7838134765625,35404200
2025-04-16,QQQ,nasdaq_100_etf,449.0299987792969,452.6199951171875,437.760009765625,444.17999267578125,442.04034423828125,48980600
2025-04-17,QQQ,nasdaq_100_etf,447.1700134277344,447.75,441.3599853515625,444.1000061035156,441.9607238769531,44837000
2025-04-21,QQQ,nasdaq_100_etf,438.2300109863281,439.0799865722656,427.92999267578125,433.1099853515625,431.0236511230469,44149300
2025-04-22,QQQ,nasdaq_100_etf,438.82000732421875,447.5799865722656,437.6199951171875,444.4800109863281,442.33892822265625,52304400
2025-04-23,QQQ,nasdaq_100_etf,458.1700134277344,463.3800048828125,452.8800048828125,454.55999755859375,452.370361328125,55801100
2025-04-24,QQQ,nasdaq_100_etf,456.4800109863281,467.6600036621094,455.8299865722656,467.3500061035156,465.0987548828125,45956100
2025-04-25,QQQ,nasdaq_100_etf,466.9700012207031,473.0899963378906,465.3900146484375,472.55999755859375,470.28363037109375,38697100
2025-04-28,QQQ,nasdaq_100_etf,473.0299987792969,474.80999755859375,466.0299987792969,472.4100036621094,470.1343688964844,33550800
2025-04-29,QQQ,nasdaq_100_etf,470.1700134277344,476.4200134277344,469.5899963378906,475.5299987792969,473.23931884765625,30613100
2025-04-30,QQQ,nasdaq_100_etf,467.1300048828125,477.20001220703125,462.42999267578125,475.4700012207031,473.1795959472656,46810600
2025-05-01,QQQ,nasdaq_100_etf,483.4100036621094,487.17999267578125,480.739990234375,481.67999267578125,479.35968017578125,43316500
2025-05-02,QQQ,nasdaq_100_etf,486.5400085449219,490.9100036621094,484.8299865722656,488.8299865722656,486.4752197265625,39218100
2025-05-05,QQQ,nasdaq_100_etf,484.6000061035156,489.0299987792969,484.1000061035156,485.92999267578125,483.5892333984375,28309500
2025-05-06,QQQ,nasdaq_100_etf,479.55999755859375,485.04998779296875,478.19000244140625,481.4100036621094,479.09100341796875,32786300
2025-05-07,QQQ,nasdaq_100_etf,482.0799865722656,485.79998779296875,476.7799987792969,483.29998779296875,480.97186279296875,38006300
2025-05-08,QQQ,nasdaq_100_etf,488.5299987792969,492.70001220703125,484.1700134277344,488.2900085449219,485.9378662109375,39577600
2025-05-09,QQQ,nasdaq_100_etf,490.2099914550781,491.5400085449219,486.20001220703125,487.9700012207031,485.6194152832031,27767400
2025-05-12,QQQ,nasdaq_100_etf,506.989990234375,507.8900146484375,501.4800109863281,507.8500061035156,505.40362548828125,45090600
2025-05-13,QQQ,nasdaq_100_etf,509.1600036621094,517.3900146484375,508.4200134277344,515.5900268554688,513.1063232421875,53269600
2025-05-14,QQQ,nasdaq_100_etf,516.77001953125,519.22998046875,515.75,518.6799926757812,516.1814575195312,47014500
2025-05-15,QQQ,nasdaq_100_etf,516.52001953125,521.9299926757812,515.1699829101562,519.25,516.7486572265625,50153300
2025-05-16,QQQ,nasdaq_100_etf,520.6599731445312,521.7000122070312,517.0999755859375,521.510009765625,518.9978637695312,48394600
2025-05-19,QQQ,nasdaq_100_etf,514.239990234375,522.530029296875,514.239990234375,522.010009765625,519.4954223632812,52536200
2025-05-20,QQQ,nasdaq_100_etf,519.469970703125,520.9299926757812,516.6599731445312,520.27001953125,517.7638549804688,42517600
2025-05-21,QQQ,nasdaq_100_etf,516.27001953125,523.0,511.239990234375,513.0399780273438,510.56866455078125,71292800
2025-05-22,QQQ,nasdaq_100_etf,513.6599731445312,517.7100219726562,512.2999877929688,514.0,511.5240783691406,55607200
2025-05-23,QQQ,nasdaq_100_etf,506.17999267578125,511.8399963378906,505.5799865722656,509.239990234375,506.78692626953125,58368100
2025-05-27,QQQ,nasdaq_100_etf,516.1500244140625,521.7100219726562,514.5900268554688,521.219970703125,518.709228515625,47226300
2025-05-28,QQQ,nasdaq_100_etf,522.1799926757812,523.6799926757812,518.3900146484375,518.9099731445312,516.4102783203125,46637200
2025-05-29,QQQ,nasdaq_100_etf,526.3300170898438,526.47998046875,517.3200073242188,519.9299926757812,517.4254150390625,58513300
2025-05-30,QQQ,nasdaq_100_etf,519.4400024414062,520.6799926757812,511.92999267578125,519.1099853515625,516.609375,67662800
2025-06-02,QQQ,nasdaq_100_etf,517.239990234375,523.4500122070312,515.969970703125,523.2100219726562,520.689697265625,44762800
2025-06-03,QQQ,nasdaq_100_etf,523.5599975585938,528.739990234375,522.6900024414062,527.2999877929688,524.7598876953125,44070300
2025-06-04,QQQ,nasdaq_100_etf,528.010009765625,529.8400268554688,525.969970703125,528.77001953125,526.222900390625,41359300
2025-06-05,QQQ,nasdaq_100_etf,530.1799926757812,533.0499877929688,522.6599731445312,524.7899780273438,522.2620239257812,61031200
2025-06-06,QQQ,nasdaq_100_etf,530.0,531.7999877929688,528.2100219726562,529.9199829101562,527.3672485351562,42467000
2025-06-09,QQQ,nasdaq_100_etf,530.1400146484375,532.3499755859375,529.010009765625,530.7000122070312,528.1435546875,33688700
2025-06-10,QQQ,nasdaq_100_etf,531.1699829101562,534.9000244140625,528.8900146484375,534.2100219726562,531.63671875,40664800
2025-06-11,QQQ,nasdaq_100_etf,535.6199951171875,536.780029296875,530.1099853515625,532.4099731445312,529.8452758789062,53701000
2025-06-12,QQQ,nasdaq_100_etf,531.0900268554688,534.6400146484375,530.8400268554688,533.6599731445312,531.0892944335938,34104900
2025-06-13,QQQ,nasdaq_100_etf,527.6799926757812,531.8699951171875,525.72998046875,526.9600219726562,524.4215698242188,55814400
2025-06-16,QQQ,nasdaq_100_etf,530.5,535.3699951171875,530.4500122070312,534.2899780273438,531.7162475585938,37622100
2025-06-17,QQQ,nasdaq_100_etf,531.7100219726562,533.3300170898438,527.9099731445312,529.0800170898438,526.5313720703125,42180900
2025-06-18,QQQ,nasdaq_100_etf,530.0999755859375,532.5499877929688,527.4000244140625,528.989990234375,526.4417114257812,43983500
2025-06-20,QQQ,nasdaq_100_etf,532.260009765625,533.5599975585938,524.8800048828125,526.8300170898438,524.292236328125,61643500
2025-06-23,QQQ,nasdaq_100_etf,526.8099975585938,532.1699829101562,523.6500244140625,531.6500244140625,529.6832275390625,50666100
2025-06-24,QQQ,nasdaq_100_etf,536.8900146484375,540.7000122070312,536.27001953125,539.780029296875,537.783203125,45442000
2025-06-25,QQQ,nasdaq_100_etf,542.0599975585938,543.3099975585938,539.3800048828125,541.1599731445312,539.157958984375,44804200
2025-06-26,QQQ,nasdaq_100_etf,543.3499755859375,546.6699829101562,541.52001953125,546.219970703125,544.1992797851562,43811400
2025-06-27,QQQ,nasdaq_100_etf,547.260009765625,549.989990234375,544.5399780273438,548.0900268554688,546.0623779296875,57577100
2025-06-30,QQQ,nasdaq_100_etf,551.260009765625,552.7999877929688,549.010009765625,551.6400146484375,549.5992431640625,45548700
2025-07-01,QQQ,nasdaq_100_etf,549.72998046875,550.7100219726562,544.6599731445312,546.989990234375,544.9664306640625,56166700
2025-07-02,QQQ,nasdaq_100_etf,546.1599731445312,551.0,546.1199951171875,550.7999877929688,548.7623291015625,36538300
2025-07-03,QQQ,nasdaq_100_etf,553.1799926757812,557.2000122070312,553.1799926757812,556.219970703125,554.1622924804688,26443500
2025-07-07,QQQ,nasdaq_100_etf,553.52001953125,554.3400268554688,549.5800170898438,552.030029296875,549.9878540039062,45349300
2025-07-08,QQQ,nasdaq_100_etf,553.3800048828125,554.010009765625,551.0999755859375,552.3400268554688,550.2966918945312,36153300
2025-07-09,QQQ,nasdaq_100_etf,554.47998046875,557.6300048828125,553.0999755859375,556.25,554.1921997070312,43045500
2025-07-10,QQQ,nasdaq_100_etf,556.8900146484375,557.2999877929688,552.75,555.4500122070312,553.3952026367188,34710900
2025-07-11,QQQ,nasdaq_100_etf,553.2999877929688,555.7899780273438,552.0499877929688,554.2000122070312,552.1497802734375,39618600
2025-07-14,QQQ,nasdaq_100_etf,553.989990234375,556.9500122070312,551.6300048828125,556.2100219726562,554.1524047851562,36453300
2025-07-15,QQQ,nasdaq_100_etf,560.25,560.7999877929688,556.6599731445312,556.719970703125,554.660400390625,43277700
2025-07-16,QQQ,nasdaq_100_etf,557.280029296875,560.2100219726562,551.5599975585938,557.2899780273438,555.2283325195312,52314700
2025-07-17,QQQ,nasdaq_100_etf,558.02001953125,562.3099975585938,557.2100219726562,561.7999877929688,559.7216186523438,40423800
2025-07-18,QQQ,nasdaq_100_etf,563.1199951171875,564.72998046875,559.97998046875,561.260009765625,559.1836547851562,50484700
2025-07-21,QQQ,nasdaq_100_etf,562.0900268554688,566.0599975585938,562.0599975585938,564.1699829101562,562.0828857421875,39595200
2025-07-22,QQQ,nasdaq_100_etf,564.2999877929688,564.3499755859375,558.6099853515625,561.25,559.1737060546875,43270600
2025-07-23,QQQ,nasdaq_100_etf,562.3400268554688,563.8499755859375,559.5800170898438,563.8099975585938,561.7242431640625,40215300
2025-07-24,QQQ,nasdaq_100_etf,565.1300048828125,566.239990234375,563.2899780273438,565.010009765625,562.9197387695312,42275500
2025-07-25,QQQ,nasdaq_100_etf,564.9299926757812,567.7000122070312,564.27001953125,566.3699951171875,564.2747192382812,30630800
2025-07-28,QQQ,nasdaq_100_etf,567.739990234375,569.0399780273438,566.8699951171875,568.1400146484375,566.0382690429688,31498700
2025-07-29,QQQ,nasdaq_100_etf,570.760009765625,572.1099853515625,566.530029296875,567.260009765625,565.1614990234375,45463300
2025-07-30,QQQ,nasdaq_100_etf,568.1799926757812,570.6199951171875,565.0499877929688,568.02001953125,565.9186401367188,43433800
2025-07-31,QQQ,nasdaq_100_etf,574.5399780273438,574.6300048828125,563.8699951171875,565.010009765625,562.9197387695312,64613600
2025-08-01,QQQ,nasdaq_100_etf,558.8300170898438,559.02001953125,551.6799926757812,553.8800048828125,551.8309936523438,69400800
2025-08-04,QQQ,nasdaq_100_etf,559.0499877929688,564.3200073242188,558.9500122070312,564.0999755859375,562.0131225585938,47669800
2025-08-05,QQQ,nasdaq_100_etf,565.3900146484375,566.5599975585938,559.72998046875,560.27001953125,558.1973266601562,48666600
2025-08-06,QQQ,nasdaq_100_etf,561.1099853515625,567.760009765625,560.6300048828125,567.3200073242188,565.2212524414062,41823700
2025-08-07,QQQ,nasdaq_100_etf,571.6699829101562,573.3200073242188,565.1099853515625,569.239990234375,567.1340942382812,44463000
2025-08-08,QQQ,nasdaq_100_etf,570.4500122070312,574.77001953125,570.1500244140625,574.5499877929688,572.4244995117188,35255500
2025-08-11,QQQ,nasdaq_100_etf,574.6900024414062,576.7999877929688,571.5700073242188,572.8499755859375,570.730712890625,33112900
2025-08-12,QQQ,nasdaq_100_etf,575.1599731445312,580.3499755859375,572.489990234375,580.0499877929688,577.9041137695312,42143300
2025-08-13,QQQ,nasdaq_100_etf,582.760009765625,583.3200073242188,578.9400024414062,580.3400268554688,578.193115234375,41209300
2025-08-14,QQQ,nasdaq_100_etf,578.280029296875,581.8800048828125,577.9099731445312,579.8900146484375,577.7447509765625,45425000
2025-08-15,QQQ,nasdaq_100_etf,579.7999877929688,579.8400268554688,575.5700073242188,577.3400268554688,575.2042236328125,49480200
2025-08-18,QQQ,nasdaq_100_etf,576.4400024414062,577.77001953125,575.239990234375,577.1099853515625,574.9750366210938,29831000
2025-08-19,QQQ,nasdaq_100_etf,576.3900146484375,576.5599975585938,568.25,569.280029296875,567.1740112304688,53752600
2025-08-20,QQQ,nasdaq_100_etf,568.3300170898438,568.4500122070312,558.8400268554688,565.9000244140625,563.8065185546875,76781100
2025-08-21,QQQ,nasdaq_100_etf,564.3499755859375,566.489990234375,560.97998046875,563.280029296875,561.1962280273438,46436900
2025-08-22,QQQ,nasdaq_100_etf,564.6699829101562,573.989990234375,563.27001953125,571.969970703125,569.85400390625,51502100
2025-08-25,QQQ,nasdaq_100_etf,570.4000244140625,573.2899780273438,569.1599731445312,570.3200073242188,568.210205078125,34044700
2025-08-26,QQQ,nasdaq_100_etf,569.8300170898438,572.9199829101562,568.7999877929688,572.6099853515625,570.4915771484375,34103000
2025-08-27,QQQ,nasdaq_100_etf,571.5900268554688,574.4099731445312,570.3699951171875,573.489990234375,571.368408203125,36927100
2025-08-28,QQQ,nasdaq_100_etf,574.1099853515625,578.0,572.4600219726562,577.0800170898438,574.9451293945312,46787900
2025-08-29,QQQ,nasdaq_100_etf,574.6599731445312,575.030029296875,568.5399780273438,570.4000244140625,568.2898559570312,56030400
2025-09-02,QQQ,nasdaq_100_etf,561.3099975585938,565.969970703125,559.5399780273438,565.6199951171875,563.527587890625,65876800
2025-09-03,QQQ,nasdaq_100_etf,569.22998046875,571.7000122070312,566.72998046875,570.0700073242188,567.9610595703125,54230200
2025-09-04,QQQ,nasdaq_100_etf,570.739990234375,575.5999755859375,569.030029296875,575.22998046875,573.1019287109375,47526300
2025-09-05,QQQ,nasdaq_100_etf,580.489990234375,581.1199951171875,571.530029296875,576.0599975585938,573.9288940429688,68342500
2025-09-08,QQQ,nasdaq_100_etf,578.3699951171875,580.8400268554688,577.77001953125,578.8699951171875,576.728515625,46371400
2025-09-09,QQQ,nasdaq_100_etf,579.6699829101562,580.9400024414062,577.0399780273438,580.510009765625,578.3624267578125,44007600
2025-09-10,QQQ,nasdaq_100_etf,583.739990234375,583.77001953125,578.5499877929688,580.7000122070312,578.5517578125,49308000
2025-09-11,QQQ,nasdaq_100_etf,583.239990234375,584.8800048828125,581.6199951171875,584.0800170898438,581.9192504882812,44745800
2025-09-12,QQQ,nasdaq_100_etf,585.0399780273438,587.8599853515625,584.0999755859375,586.6599731445312,584.4896850585938,50745900
2025-09-15,QQQ,nasdaq_100_etf,588.4400024414062,591.7899780273438,588.2899780273438,591.6799926757812,589.4910888671875,44360300
2025-09-16,QQQ,nasdaq_100_etf,592.6099853515625,592.8599853515625,590.489990234375,591.1799926757812,588.992919921875,36942100
2025-09-17,QQQ,nasdaq_100_etf,591.0999755859375,591.75,584.3699951171875,590.0,587.8173217773438,69384800
2025-09-18,QQQ,nasdaq_100_etf,594.9099731445312,598.1400146484375,592.9600219726562,595.3200073242188,593.11767578125,61069300
2025-09-19,QQQ,nasdaq_100_etf,597.3300170898438,600.0499877929688,595.8499755859375,599.3499755859375,597.1326904296875,58196100
2025-09-22,QQQ,nasdaq_100_etf,597.739990234375,602.8699951171875,597.719970703125,602.2000122070312,600.667724609375,57154800
2025-09-23,QQQ,nasdaq_100_etf,602.3699951171875,602.5700073242188,596.97998046875,598.2000122070312,596.6779174804688,64635500
2025-09-24,QQQ,nasdaq_100_etf,599.5800170898438,599.9000244140625,593.3599853515625,596.0999755859375,594.583251953125,49850300
2025-09-25,QQQ,nasdaq_100_etf,592.2000122070312,595.1199951171875,588.5,593.530029296875,592.0198364257812,70920200
2025-09-26,QQQ,nasdaq_100_etf,594.3499755859375,596.2999877929688,591.0599975585938,595.969970703125,594.4535522460938,54337400
2025-09-29,QQQ,nasdaq_100_etf,599.1099853515625,602.0499877929688,597.4099731445312,598.72998046875,597.20654296875,48332900
2025-09-30,QQQ,nasdaq_100_etf,598.4299926757812,600.7100219726562,596.0999755859375,600.3699951171875,598.8424072265625,46533800
2025-10-01,QQQ,nasdaq_100_etf,597.1699829101562,603.7899780273438,596.3400268554688,603.25,601.7150268554688,46899600
2025-10-02,QQQ,nasdaq_100_etf,607.0599975585938,607.1599731445312,602.9299926757812,605.72998046875,604.188720703125,43765400
2025-10-03,QQQ,nasdaq_100_etf,606.510009765625,607.3300170898438,601.3900146484375,603.1799926757812,601.645263671875,46482100
2025-10-06,QQQ,nasdaq_100_etf,608.4500122070312,609.3599853515625,605.969970703125,607.7100219726562,606.1636962890625,41962100
2025-10-07,QQQ,nasdaq_100_etf,609.02001953125,609.7100219726562,603.030029296875,604.510009765625,602.9718627929688,58209500
2025-10-08,QQQ,nasdaq_100_etf,605.4099731445312,611.75,605.260009765625,611.4400024414062,609.8842163085938,50629800
2025-10-09,QQQ,nasdaq_100_etf,611.47998046875,611.6099853515625,607.47998046875,610.7000122070312,609.1461181640625,45551000
2025-10-10,QQQ,nasdaq_100_etf,611.4000244140625,613.1799926757812,589.0499877929688,589.5,588.0000610351562,97614800
2025-10-13,QQQ,nasdaq_100_etf,599.6799926757812,602.9500122070312,597.22998046875,602.010009765625,600.4782104492188,65872600
2025-10-14,QQQ,nasdaq_100_etf,595.3099975585938,602.6900024414062,590.1300048828125,598.0,596.4784545898438,69203200
2025-10-15,QQQ,nasdaq_100_etf,604.010009765625,606.7000122070312,595.9299926757812,602.219970703125,600.6876831054688,62805500
2025-10-16,QQQ,nasdaq_100_etf,605.1099853515625,608.3099975585938,595.5,599.989990234375,598.46337890625,70982000
2025-10-17,QQQ,nasdaq_100_etf,597.9500122070312,605.510009765625,596.3699951171875,603.9299926757812,602.393310546875,72024900
2025-10-20,QQQ,nasdaq_100_etf,607.1400146484375,612.7999877929688,607.0700073242188,611.5399780273438,609.9839477539062,45761700
2025-10-21,QQQ,nasdaq_100_etf,611.6400146484375,612.719970703125,609.3200073242188,611.3800048828125,609.8244018554688,44538200
2025-10-22,QQQ,nasdaq_100_etf,610.8200073242188,611.4099731445312,599.739990234375,605.489990234375,603.9493408203125,61478800
2025-10-23,QQQ,nasdaq_100_etf,604.9099731445312,611.3699951171875,604.52001953125,610.5800170898438,609.0264282226562,42844300
2025-10-24,QQQ,nasdaq_100_etf,615.989990234375,618.4199829101562,615.1300048828125,617.0999755859375,615.52978515625,47632500
2025-10-27,QQQ,nasdaq_100_etf,624.52001953125,628.5499877929688,624.030029296875,628.0900268554688,626.4918823242188,54098600
2025-10-28,QQQ,nasdaq_100_etf,630.3599853515625,634.6799926757812,629.25,632.9199829101562,631.3095703125,61195700
2025-10-29,QQQ,nasdaq_100_etf,635.5900268554688,637.010009765625,630.25,635.77001953125,634.15234375,67422800
2025-10-30,QQQ,nasdaq_100_etf,632.1699829101562,633.5,625.9400024414062,626.0499877929688,624.45703125,61628600
2025-10-31,QQQ,nasdaq_100_etf,634.1699829101562,634.2000122070312,626.6900024414062,629.0700073242188,627.4694213867188,66305100
2025-11-03,QQQ,nasdaq_100_etf,635.1099853515625,635.8200073242188,629.8499755859375,632.0800170898438,630.4716796875,37154300
2025-11-04,QQQ,nasdaq_100_etf,623.280029296875,626.9500122070312,618.4600219726562,619.25,617.67431640625,63830800
2025-11-05,QQQ,nasdaq_100_etf,618.489990234375,626.5999755859375,617.2100219726562,623.280029296875,621.6941528320312,48688500
2025-11-06,QQQ,nasdaq_100_etf,621.7899780273438,622.0399780273438,610.2999877929688,611.6699829101562,610.1136474609375,72115100
2025-11-07,QQQ,nasdaq_100_etf,608.3099975585938,609.9500122070312,598.6699829101562,609.739990234375,608.1885375976562,81835400
2025-11-10,QQQ,nasdaq_100_etf,618.9199829101562,624.3099975585938,616.8900146484375,623.22998046875,621.6442260742188,55919900
2025-11-11,QQQ,nasdaq_100_etf,620.5700073242188,622.719970703125,617.52001953125,621.5700073242188,619.9884643554688,44868800
2025-11-12,QQQ,nasdaq_100_etf,624.8400268554688,624.8599853515625,617.8099975585938,621.0800170898438,619.4996948242188,47444400
2025-11-13,QQQ,nasdaq_100_etf,617.5399780273438,618.1199951171875,606.0800170898438,608.4000244140625,606.8519897460938,71333600
2025-11-14,QQQ,nasdaq_100_etf,599.5499877929688,613.3499755859375,597.1699829101562,608.8599853515625,607.310791015625,80087300
2025-11-17,QQQ,nasdaq_100_etf,606.2999877929688,612.47998046875,599.8699951171875,603.6599731445312,602.1240234375,63850400
2025-11-18,QQQ,nasdaq_100_etf,599.6199951171875,602.3099975585938,591.3400268554688,596.3099975585938,594.7926635742188,83327300
2025-11-19,QQQ,nasdaq_100_etf,597.0700073242188,606.1599731445312,594.5900268554688,599.8699951171875,598.3436279296875,73111500
2025-11-20,QQQ,nasdaq_100_etf,611.6199951171875,614.030029296875,584.75,585.6699829101562,584.1797485351562,117743200
2025-11-21,QQQ,nasdaq_100_etf,587.469970703125,596.97998046875,580.739990234375,590.0700073242188,588.568603515625,103344200
2025-11-24,QQQ,nasdaq_100_etf,595.280029296875,606.6799926757812,595.1599731445312,605.1599731445312,603.6201782226562,60168100
2025-11-25,QQQ,nasdaq_100_etf,603.510009765625,610.260009765625,597.3200073242188,608.8900146484375,607.3407592773438,57560900
2025-11-26,QQQ,nasdaq_100_etf,612.510009765625,616.1900024414062,610.3900146484375,614.27001953125,612.70703125,42393600
2025-11-28,QQQ,nasdaq_100_etf,616.1099853515625,619.3200073242188,615.4199829101562,619.25,617.67431640625,23034400
2025-12-01,QQQ,nasdaq_100_etf,613.6300048828125,619.4400024414062,612.52001953125,617.1699829101562,615.599609375,40957600
2025-12-02,QQQ,nasdaq_100_etf,619.4600219726562,623.75,617.5900268554688,622.0,620.4172973632812,54541800
2025-12-03,QQQ,nasdaq_100_etf,619.6199951171875,624.219970703125,618.030029296875,623.52001953125,621.9334716796875,47841600
2025-12-04,QQQ,nasdaq_100_etf,624.9299926757812,624.9400024414062,619.5399780273438,622.9400024414062,621.35498046875,47067800
2025-12-05,QQQ,nasdaq_100_etf,624.3800048828125,628.9199829101562,623.7100219726562,625.47998046875,623.8884887695312,53614200
2025-12-08,QQQ,nasdaq_100_etf,627.2100219726562,628.8400268554688,621.6900024414062,624.280029296875,622.6915283203125,43462400
2025-12-09,QQQ,nasdaq_100_etf,623.010009765625,625.8699951171875,621.0,625.0499877929688,623.4595336914062,37156000
2025-12-10,QQQ,nasdaq_100_etf,623.8499755859375,629.2100219726562,620.989990234375,627.6099853515625,626.0130615234375,55031400
2025-12-11,QQQ,nasdaq_100_etf,623.8200073242188,625.780029296875,617.719970703125,625.5800170898438,623.98828125,58272800
2025-12-12,QQQ,nasdaq_100_etf,622.0800170898438,623.5399780273438,611.3599853515625,613.6199951171875,612.0586547851562,75158700
2025-12-15,QQQ,nasdaq_100_etf,618.3699951171875,618.4199829101562,609.3200073242188,610.5399780273438,608.9865112304688,49538200
2025-12-16,QQQ,nasdaq_100_etf,608.260009765625,613.510009765625,606.9099731445312,611.75,610.1934204101562,55152800
2025-12-17,QQQ,nasdaq_100_etf,613.0599975585938,613.6500244140625,600.280029296875,600.4099731445312,598.8822631835938,70654300
2025-12-18,QQQ,nasdaq_100_etf,609.7999877929688,612.9299926757812,606.9199829101562,609.1099853515625,607.5601196289062,78875800
2025-12-19,QQQ,nasdaq_100_etf,611.9500122070312,617.6199951171875,611.8699951171875,617.0499877929688,615.47998046875,60369800
2025-12-22,QQQ,nasdaq_100_etf,621.3499755859375,621.6500244140625,617.77001953125,619.2100219726562,618.4302368164062,43703100
2025-12-23,QQQ,nasdaq_100_etf,618.2000122070312,622.4099731445312,617.780029296875,622.1099853515625,621.3265380859375,41120400
2025-12-24,QQQ,nasdaq_100_etf,621.989990234375,624.280029296875,621.719970703125,623.9299926757812,623.144287109375,18468700
2025-12-26,QQQ,nasdaq_100_etf,624.6599731445312,625.52001953125,623.1400146484375,623.8900146484375,623.1043090820312,28959800
2025-12-29,QQQ,nasdaq_100_etf,620.0999755859375,622.780029296875,618.72998046875,620.8699951171875,620.088134765625,32458300
2025-12-30,QQQ,nasdaq_100_etf,619.8400268554688,622.1799926757812,619.219970703125,619.4299926757812,618.64990234375,31226800
2025-12-31,QQQ,nasdaq_100_etf,619.6500244140625,619.9600219726562,614.0499877929688,614.3099975585938,613.536376953125,40746500
2026-01-02,QQQ,nasdaq_100_etf,620.0599975585938,622.8499755859375,610.1500244140625,613.1199951171875,612.347900390625,61859200
2026-01-05,QQQ,nasdaq_100_etf,619.3200073242188,620.8099975585938,616.719970703125,617.989990234375,617.2117309570312,46828400
2026-01-06,QQQ,nasdaq_100_etf,619.22998046875,624.02001953125,618.5399780273438,623.4199829101562,622.6348876953125,43137500
2026-01-07,QQQ,nasdaq_100_etf,623.0399780273438,627.9400024414062,622.5599975585938,624.02001953125,623.2341918945312,44880300
2026-01-08,QQQ,nasdaq_100_etf,623.030029296875,623.4199829101562,617.7999877929688,620.469970703125,619.6885986328125,50435900
2026-01-09,QQQ,nasdaq_100_etf,621.4099731445312,627.8900146484375,619.0599975585938,626.6500244140625,625.86083984375,49688700
2026-01-12,QQQ,nasdaq_100_etf,622.3099975585938,628.8499755859375,622.260009765625,627.1699829101562,626.3801879882812,37388700
2026-01-13,QQQ,nasdaq_100_etf,627.27001953125,629.469970703125,623.7000122070312,626.239990234375,625.4513549804688,44481400
2026-01-14,QQQ,nasdaq_100_etf,622.239990234375,623.4500122070312,614.5599975585938,619.5499877929688,618.769775390625,72598700
2026-01-15,QQQ,nasdaq_100_etf,626.5999755859375,630.0,620.75,621.780029296875,620.9970092773438,53934900
2026-01-16,QQQ,nasdaq_100_etf,625.5,626.0800170898438,618.8800048828125,621.260009765625,620.4776611328125,61058100
2026-01-20,QQQ,nasdaq_100_etf,610.530029296875,615.0599975585938,607.0499877929688,608.0599975585938,607.2942504882812,81988900
2026-01-21,QQQ,nasdaq_100_etf,609.469970703125,620.4199829101562,607.8599853515625,616.280029296875,615.50390625,79837900
2026-01-22,QQQ,nasdaq_100_etf,622.3499755859375,622.4600219726562,617.780029296875,620.760009765625,619.978271484375,42254800
2026-01-23,QQQ,nasdaq_100_etf,619.72998046875,625.4000244140625,618.6500244140625,622.719970703125,621.935791015625,43645800
2026-01-26,QQQ,nasdaq_100_etf,623.2100219726562,627.6099853515625,622.1199951171875,625.4600219726562,624.67236328125,35983000
2026-01-27,QQQ,nasdaq_100_etf,628.9099731445312,632.0399780273438,627.3400268554688,631.1300048828125,630.335205078125,38997200
2026-01-28,QQQ,nasdaq_100_etf,635.4600219726562,636.5999755859375,631.8099975585938,633.219970703125,632.4225463867188,50691700
2026-01-29,QQQ,nasdaq_100_etf,632.6500244140625,633.6699829101562,618.27001953125,629.4299926757812,628.6373291015625,79944000
2026-01-30,QQQ,nasdaq_100_etf,625.7100219726562,628.260009765625,619.2999877929688,621.8699951171875,621.0868530273438,65650700
2026-02-02,QQQ,nasdaq_100_etf,618.7000122070312,628.489990234375,618.6599731445312,626.1400146484375,625.3515014648438,49020300
2026-02-03,QQQ,nasdaq_100_etf,628.2999877929688,629.97998046875,610.9600219726562,616.52001953125,615.7435913085938,81234000
2026-02-04,QQQ,nasdaq_100_etf,615.02001953125,615.0999755859375,600.469970703125,605.75,604.9871826171875,81850700
2026-02-05,QQQ,nasdaq_100_etf,600.2100219726562,604.8099975585938,594.760009765625,597.030029296875,596.2781982421875,89354500
2026-02-06,QQQ,nasdaq_100_etf,600.1900024414062,611.4099731445312,598.77001953125,609.6500244140625,608.8822631835938,78019300
2026-02-09,QQQ,nasdaq_100_etf,607.5399780273438,616.4600219726562,605.0700073242188,614.3200073242188,613.54638671875,56797600
2026-02-10,QQQ,nasdaq_100_etf,615.3099975585938,617.02001953125,611.010009765625,611.469970703125,610.699951171875,53938900
2026-02-11,QQQ,nasdaq_100_etf,616.3800048828125,617.52001953125,607.6900024414062,613.1099853515625,612.337890625,58575100
2026-02-12,QQQ,nasdaq_100_etf,614.7100219726562,615.8099975585938,599.5700073242188,600.6400146484375,599.8836059570312,81378900
2026-02-13,QQQ,nasdaq_100_etf,600.4299926757812,606.47998046875,596.4199829101562,601.9199829101562,601.1619873046875,69237500
2026-02-17,QQQ,nasdaq_100_etf,598.3800048828125,603.9500122070312,593.3400268554688,601.2999877929688,600.542724609375,69013800
2026-02-18,QQQ,nasdaq_100_etf,602.1099853515625,609.77001953125,600.719970703125,605.7899780273438,605.027099609375,64250700
2026-02-19,QQQ,nasdaq_100_etf,602.8099975585938,605.8200073242188,600.75,603.469970703125,602.7100219726562,60960800
2026-02-20,QQQ,nasdaq_100_etf,600.1199951171875,610.3499755859375,599.22998046875,608.8099975585938,608.0433349609375,74127300
2026-02-23,QQQ,nasdaq_100_etf,606.6099853515625,608.010009765625,599.0499877929688,601.4099731445312,600.652587890625,63859100
2026-02-24,QQQ,nasdaq_100_etf,602.4000244140625,608.989990234375,599.72998046875,607.8699951171875,607.1044921875,55023700
2026-02-25,QQQ,nasdaq_100_etf,611.0700073242188,616.8300170898438,611.0,616.6799926757812,615.9033813476562,55710700
2026-02-26,QQQ,nasdaq_100_etf,615.5900268554688,615.5900268554688,603.97998046875,609.239990234375,608.4727783203125,96178900
2026-02-27,QQQ,nasdaq_100_etf,602.97998046875,608.3200073242188,602.1900024414062,607.2899780273438,606.5252075195312,68125200
2026-03-02,QQQ,nasdaq_100_etf,598.8599853515625,609.9199829101562,597.989990234375,608.0900268554688,607.32421875,75264600
2026-03-03,QQQ,nasdaq_100_etf,596.3300170898438,603.9600219726562,591.8699951171875,601.5800170898438,600.8224487304688,97015500
2026-03-04,QQQ,nasdaq_100_etf,604.1599731445312,612.8800048828125,603.4299926757812,610.75,609.9808959960938,70943900
2026-03-05,QQQ,nasdaq_100_etf,607.4000244140625,612.760009765625,602.260009765625,608.9099731445312,608.1431274414062,89602400
2026-03-06,QQQ,nasdaq_100_etf,600.3099975585938,606.0,598.3300170898438,599.75,598.9946899414062,86302300
2026-03-09,QQQ,nasdaq_100_etf,594.22998046875,609.27001953125,591.3300170898438,607.760009765625,606.99462890625,93068200
2026-03-10,QQQ,nasdaq_100_etf,607.780029296875,613.2899780273438,605.4199829101562,607.77001953125,607.004638671875,64078900
2026-03-11,QQQ,nasdaq_100_etf,608.9500122070312,612.4299926757812,605.030029296875,607.6900024414062,606.9247436523438,60114800
2026-03-12,QQQ,nasdaq_100_etf,602.760009765625,604.1400146484375,597.0499877929688,597.260009765625,596.5078735351562,71836600
2026-03-13,QQQ,nasdaq_100_etf,599.72998046875,603.5999755859375,592.5700073242188,593.719970703125,592.9722900390625,63145500
2026-03-16,QQQ,nasdaq_100_etf,600.0399780273438,603.8599853515625,599.1099853515625,600.3800048828125,599.6239013671875,49077200
2026-03-17,QQQ,nasdaq_100_etf,603.1400146484375,605.9000244140625,601.8699951171875,603.3099975585938,602.5502319335938,47106600
2026-03-18,QQQ,nasdaq_100_etf,601.489990234375,603.1599731445312,594.5599975585938,594.9000244140625,594.15087890625,56128000
2026-03-19,QQQ,nasdaq_100_etf,589.510009765625,595.7999877929688,587.0800170898438,593.02001953125,592.273193359375,75597600
2026-03-20,QQQ,nasdaq_100_etf,591.0599975585938,591.1699829101562,578.5399780273438,582.0599975585938,581.3269653320312,91964700
2026-03-23,QQQ,nasdaq_100_etf,590.52001953125,595.0800170898438,585.9600219726562,588.0,588.0,89936100
2026-03-24,QQQ,nasdaq_100_etf,584.8099975585938,587.9299926757812,581.9299926757812,583.97998046875,583.97998046875,57750900
2026-03-25,QQQ,nasdaq_100_etf,589.1400146484375,591.3699951171875,585.6900024414062,587.8200073242188,587.8200073242188,60475500
2026-03-26,QQQ,nasdaq_100_etf,582.5999755859375,584.6300048828125,573.4299926757812,573.7899780273438,573.7899780273438,81492100
2026-03-27,QQQ,nasdaq_100_etf,570.8099975585938,571.02001953125,561.5700073242188,562.5800170898438,562.5800170898438,82702200
2026-03-30,QQQ,nasdaq_100_etf,567.3800048828125,568.0499877929688,555.5999755859375,558.280029296875,558.280029296875,70602600
2026-03-31,QQQ,nasdaq_100_etf,564.2899780273438,578.6400146484375,564.2100219726562,577.1799926757812,577.1799926757812,95878000
2026-04-01,QQQ,nasdaq_100_etf,581.47998046875,587.739990234375,580.4199829101562,584.3099975585938,584.3099975585938,79435100
2026-04-02,QQQ,nasdaq_100_etf,573.969970703125,586.0499877929688,571.9199829101562,584.97998046875,584.97998046875,50941700
2026-04-06,QQQ,nasdaq_100_etf,586.22998046875,590.6099853515625,584.6900024414062,588.5,588.5,35108500
2026-04-07,QQQ,nasdaq_100_etf,585.6400146484375,588.97998046875,578.4000244140625,588.5900268554688,588.5900268554688,49948200
2026-04-08,QQQ,nasdaq_100_etf,608.7100219726562,609.9000244140625,602.1199951171875,606.0900268554688,606.0900268554688,63086000
2026-04-09,QQQ,nasdaq_100_etf,605.9299926757812,610.5,603.030029296875,610.1900024414062,610.1900024414062,37837500
2026-04-10,QQQ,nasdaq_100_etf,611.8400268554688,613.6699829101562,609.5800170898438,611.0700073242188,611.0700073242188,34038500
2026-04-13,QQQ,nasdaq_100_etf,609.47998046875,626.739990234375,608.1099853515625,617.3900146484375,617.3900146484375,32972100
2026-04-14,QQQ,nasdaq_100_etf,620.219970703125,628.5999755859375,620.0999755859375,628.5999755859375,628.5999755859375,49921100
2026-04-15,QQQ,nasdaq_100_etf,629.0800170898438,637.8300170898438,628.2000122070312,637.4000244140625,637.4000244140625,50102400
2026-04-16,QQQ,nasdaq_100_etf,639.2100219726562,642.1799926757812,635.260009765625,640.469970703125,640.469970703125,42320600
2026-04-17,QQQ,nasdaq_100_etf,645.5900268554688,650.0,644.0700073242188,648.8499755859375,648.8499755859375,53488900
2026-04-20,QQQ,nasdaq_100_etf,648.0399780273438,648.760009765625,642.52001953125,646.7899780273438,646.7899780273438,37138500
2026-04-21,QQQ,nasdaq_100_etf,648.4099731445312,650.2000122070312,642.2100219726562,644.3300170898438,644.3300170898438,39580500
2026-04-22,QQQ,nasdaq_100_etf,650.1500244140625,655.3300170898438,648.52001953125,655.1099853515625,655.1099853515625,37368400
2026-04-23,QQQ,nasdaq_100_etf,653.5499877929688,656.9199829101562,645.52001953125,651.4199829101562,651.4199829101562,40099800
2026-04-24,QQQ,nasdaq_100_etf,658.510009765625,664.510009765625,656.530029296875,663.8800048828125,663.8800048828125,45563100
2026-04-27,QQQ,nasdaq_100_etf,663.4000244140625,664.4299926757812,660.6900024414062,664.22998046875,664.22998046875,32717000
2026-04-28,QQQ,nasdaq_100_etf,657.4099731445312,659.6400146484375,653.8099975585938,657.5499877929688,657.5499877929688,34147900
2026-04-29,QQQ,nasdaq_100_etf,658.6300048828125,661.719970703125,656.5900268554688,661.5700073242188,661.5700073242188,31724900
2026-04-30,QQQ,nasdaq_100_etf,665.3499755859375,668.9000244140625,657.5599975585938,667.739990234375,667.739990234375,40622200
2026-05-01,QQQ,nasdaq_100_etf,669.1599731445312,675.969970703125,668.7999877929688,674.1500244140625,674.1500244140625,39172600
2026-05-04,QQQ,nasdaq_100_etf,674.6599731445312,676.72998046875,668.9000244140625,672.8800048828125,672.8800048828125,34542000
2026-05-05,QQQ,nasdaq_100_etf,677.9600219726562,682.77001953125,677.510009765625,681.6099853515625,681.6099853515625,37101100
2026-05-06,QQQ,nasdaq_100_etf,687.780029296875,695.9299926757812,686.47998046875,695.77001953125,695.77001953125,38778500
2026-05-07,QQQ,nasdaq_100_etf,696.5800170898438,701.239990234375,691.77001953125,694.9400024414062,694.9400024414062,43475200
2023-05-01,SPY,sp500_etf,415.4700012207031,417.6199951171875,415.2699890136719,415.510009765625,399.8477783203125,62122300
2023-05-02,SPY,sp500_etf,414.7699890136719,414.82000732421875,407.82000732421875,410.8399963378906,395.3537902832031,103998500
2023-05-03,SPY,sp500_etf,411.3599853515625,413.8699951171875,407.7699890136719,408.0199890136719,392.64007568359375,91531800
2023-05-04,SPY,sp500_etf,406.92999267578125,407.2699890136719,403.739990234375,405.1300048828125,389.8590087890625,94901900
2023-05-05,SPY,sp500_etf,408.9100036621094,413.7200012207031,408.6400146484375,412.6300048828125,397.0763244628906,87891800
2023-05-08,SPY,sp500_etf,412.9700012207031,413.239990234375,411.2799987792969,412.739990234375,397.1820983886719,50046800
2023-05-09,SPY,sp500_etf,411.1300048828125,412.0899963378906,410.69000244140625,410.92999267578125,395.4403991699219,49220100
2023-05-10,SPY,sp500_etf,413.8800048828125,414.5400085449219,408.8699951171875,412.8500061035156,397.2879638671875,96142900
2023-05-11,SPY,sp500_etf,411.95001220703125,412.42999267578125,409.9700012207031,412.1300048828125,396.5951843261719,70157100
2023-05-12,SPY,sp500_etf,413.4200134277344,413.6400146484375,409.07000732421875,411.5899963378906,396.07550048828125,70481500
2023-05-15,SPY,sp500_etf,412.2200012207031,413.42999267578125,410.2300109863281,413.010009765625,397.4419860839844,54289400
2023-05-16,SPY,sp500_etf,411.8599853515625,412.82000732421875,410.239990234375,410.25,394.7860107421875,57705500
2023-05-17,SPY,sp500_etf,412.3500061035156,415.8599853515625,410.6400146484375,415.2300109863281,399.5783386230469,87287000
2023-05-18,SPY,sp500_etf,414.8999938964844,419.6700134277344,414.6700134277344,419.2300109863281,403.42755126953125,97177200
2023-05-19,SPY,sp500_etf,420.1700134277344,420.7200012207031,417.3500061035156,418.6199951171875,402.8405456542969,103793300
2023-05-22,SPY,sp500_etf,418.6400146484375,420.3900146484375,417.3500061035156,418.7900085449219,403.00408935546875,60745400
2023-05-23,SPY,sp500_etf,417.0799865722656,418.7200012207031,413.67999267578125,414.0899963378906,398.48126220703125,86383500
2023-05-24,SPY,sp500_etf,412.4200134277344,412.82000732421875,409.8800048828125,411.0899963378906,395.5943908691406,89213700
2023-05-25,SPY,sp500_etf,414.739990234375,416.1600036621094,412.4100036621094,414.6499938964844,399.0201721191406,90961600
2023-05-26,SPY,sp500_etf,415.3299865722656,420.7699890136719,415.25,420.0199890136719,404.187744140625,93830000
2023-05-30,SPY,sp500_etf,422.0299987792969,422.5799865722656,418.739990234375,420.17999267578125,404.3416748046875,72216000
2023-05-31,SPY,sp500_etf,418.2799987792969,419.2200012207031,416.2200012207031,417.8500061035156,402.099609375,110811800
2023-06-01,SPY,sp500_etf,418.0899963378906,422.9200134277344,416.7900085449219,421.82000732421875,405.919921875,88865000
2023-06-02,SPY,sp500_etf,424.5,428.739990234375,423.95001220703125,427.9200134277344,411.7900085449219,91426200
2023-06-05,SPY,sp500_etf,428.2799987792969,429.6199951171875,426.3699951171875,427.1000061035156,411.00091552734375,65460200
2023-06-06,SPY,sp500_etf,426.6700134277344,428.5799865722656,425.989990234375,428.0299987792969,411.8958435058594,64022200
2023-06-07,SPY,sp500_etf,428.44000244140625,429.6199951171875,426.1099853515625,426.54998779296875,410.4715576171875,85373300
2023-06-08,SPY,sp500_etf,426.6199951171875,429.6000061035156,425.82000732421875,429.1300048828125,412.954345703125,61952800
2023-06-09,SPY,sp500_etf,429.9599914550781,431.989990234375,428.8699951171875,429.8999938964844,413.69537353515625,85742800
2023-06-12,SPY,sp500_etf,430.9200134277344,433.8800048828125,430.1700134277344,433.79998779296875,417.44830322265625,76104300
2023-06-13,SPY,sp500_etf,435.32000732421875,437.3299865722656,434.6300048828125,436.6600036621094,420.200439453125,95899700
2023-06-14,SPY,sp500_etf,437.010009765625,439.05999755859375,433.5899963378906,437.17999267578125,420.7008972167969,100612100
2023-06-15,SPY,sp500_etf,436.3299865722656,443.8999938964844,436.2300109863281,442.6000061035156,425.9166564941406,110303100
2023-06-16,SPY,sp500_etf,443.0199890136719,443.6099853515625,438.9700012207031,439.4599914550781,424.4658508300781,114165800
2023-06-20,SPY,sp500_etf,437.45001220703125,438.3699951171875,435.0299987792969,437.17999267578125,422.26361083984375,76160400
2023-06-21,SPY,sp500_etf,436.1600036621094,436.989990234375,434.3299865722656,434.94000244140625,420.10009765625,76982300
2023-06-22,SPY,sp500_etf,433.95001220703125,436.6199951171875,433.6000061035156,436.510009765625,421.61651611328125,70637200
2023-06-23,SPY,sp500_etf,432.92999267578125,435.05999755859375,432.4700012207031,433.2099914550781,418.4290771484375,92074500
2023-06-26,SPY,sp500_etf,432.6199951171875,434.6099853515625,431.19000244140625,431.44000244140625,416.71954345703125,72823600
2023-06-27,SPY,sp500_etf,432.3500061035156,436.80999755859375,431.8800048828125,436.1700134277344,421.2880859375,72813700
2023-06-28,SPY,sp500_etf,435.04998779296875,437.44000244140625,434.4100036621094,436.3900146484375,421.5006103515625,75636000
2023-06-29,SPY,sp500_etf,435.9599914550781,438.2799987792969,435.5400085449219,438.1099853515625,423.1618957519531,67882300
2023-06-30,SPY,sp500_etf,441.44000244140625,444.29998779296875,441.1099853515625,443.2799987792969,428.1554870605469,104964000
2023-07-03,SPY,sp500_etf,442.9200134277344,444.0799865722656,442.6300048828125,443.7900085449219,428.6481628417969,32793400
2023-07-05,SPY,sp500_etf,441.9100036621094,443.8900146484375,441.8999938964844,443.1300048828125,428.0106201171875,58418400
2023-07-06,SPY,sp500_etf,439.4200134277344,440.1000061035156,437.05999755859375,439.6600036621094,424.65899658203125,80658300
2023-07-07,SPY,sp500_etf,438.6300048828125,442.6400146484375,438.29998779296875,438.54998779296875,423.5868835449219,86134200
2023-07-10,SPY,sp500_etf,438.17999267578125,439.8399963378906,437.5899963378906,439.6600036621094,424.65899658203125,62443500
2023-07-11,SPY,sp500_etf,440.45001220703125,442.9700012207031,439.44000244140625,442.4599914550781,427.3635559082031,64463800
2023-07-12,SPY,sp500_etf,446.3900146484375,447.4800109863281,444.9100036621094,446.0199890136719,430.8020324707031,91924500
2023-07-13,SPY,sp500_etf,447.8999938964844,450.3800048828125,447.45001220703125,449.55999755859375,434.2213134765625,72425200
2023-07-14,SPY,sp500_etf,450.4800109863281,451.3599853515625,448.489990234375,449.2799987792969,433.9508056640625,69815800
2023-07-17,SPY,sp500_etf,449.1300048828125,451.92999267578125,449.0799865722656,450.8399963378906,435.45751953125,52680200
2023-07-18,SPY,sp500_etf,450.5,454.8599853515625,450.04998779296875,454.19000244140625,438.6932678222656,80668200
2023-07-19,SPY,sp500_etf,455.010009765625,456.42999267578125,454.1099853515625,455.20001220703125,439.6688537597656,65891700
2023-07-20,SPY,sp500_etf,454.1700134277344,455.1000061035156,451.44000244140625,452.17999267578125,436.7518310546875,70591600
2023-07-21,SPY,sp500_etf,453.9599914550781,454.1700134277344,452.1700134277344,452.17999267578125,436.7518310546875,71275600
2023-07-24,SPY,sp500_etf,453.3699951171875,455.0400085449219,452.29998779296875,454.20001220703125,438.7029113769531,54023400
2023-07-25,SPY,sp500_etf,453.9200134277344,456.739990234375,453.8699951171875,455.44000244140625,439.9006652832031,55191200
2023-07-26,SPY,sp500_etf,454.4700012207031,456.989990234375,453.3800048828125,455.510009765625,439.9682312011719,71052900
2023-07-27,SPY,sp500_etf,459.0199890136719,459.44000244140625,451.54998779296875,452.489990234375,437.0513000488281,92194400
2023-07-28,SPY,sp500_etf,455.8800048828125,457.7799987792969,452.489990234375,456.9200134277344,441.3302001953125,80011800
2023-07-31,SPY,sp500_etf,457.4100036621094,458.1600036621094,456.04998779296875,457.7900085449219,442.17047119140625,62040400
2023-08-01,SPY,sp500_etf,456.2699890136719,457.25,455.489990234375,456.4800109863281,440.9051818847656,55291500
2023-08-02,SPY,sp500_etf,453.25,453.5199890136719,449.3500061035156,450.1300048828125,434.7718505859375,93933400
2023-08-03,SPY,sp500_etf,448.0400085449219,450.7900085449219,447.3699951171875,448.8399963378906,433.5257873535156,64276100
2023-08-04,SPY,sp500_etf,450.7200012207031,452.8999938964844,446.2699890136719,446.80999755859375,431.5650329589844,100128900
2023-08-07,SPY,sp500_etf,448.7099914550781,450.8699951171875,447.989990234375,450.7099914550781,435.3320007324219,58357500
2023-08-08,SPY,sp500_etf,448.0799865722656,450.70001220703125,445.2699890136719,448.75,433.4388732910156,71361300
2023-08-09,SPY,sp500_etf,449.0299987792969,449.20001220703125,444.9599914550781,445.75,430.5412902832031,78789600
2023-08-10,SPY,sp500_etf,448.19000244140625,451.70001220703125,444.70001220703125,445.9100036621094,430.6958312988281,93005500
2023-08-11,SPY,sp500_etf,443.9700012207031,446.70001220703125,443.3500061035156,445.6499938964844,430.4446716308594,68690900
2023-08-14,SPY,sp500_etf,444.70001220703125,448.1099853515625,444.3800048828125,448.1099853515625,432.82073974609375,47867400
2023-08-15,SPY,sp500_etf,446.2699890136719,446.6400146484375,442.29998779296875,442.8900146484375,427.77880859375,75707500
2023-08-16,SPY,sp500_etf,442.4599914550781,444.17999267578125,439.5299987792969,439.6400146484375,424.6397399902344,80107200
2023-08-17,SPY,sp500_etf,441.1600036621094,441.42999267578125,435.75,436.2900085449219,421.4040222167969,95711300
2023-08-18,SPY,sp500_etf,433.3699951171875,437.57000732421875,433.010009765625,436.5,421.6068420410156,98852000
2023-08-21,SPY,sp500_etf,437.54998779296875,440.1099853515625,435.32000732421875,439.3399963378906,424.3499450683594,68719000
2023-08-22,SPY,sp500_etf,441.17999267578125,441.17999267578125,437.57000732421875,438.1499938964844,423.2005615234375,64994200
2023-08-23,SPY,sp500_etf,439.25,443.6700134277344,439.1000061035156,443.0299987792969,427.9140625,68441000
2023-08-24,SPY,sp500_etf,444.69000244140625,445.2200012207031,436.8599853515625,436.8900146484375,421.98358154296875,88517300
2023-08-25,SPY,sp500_etf,438.67999267578125,441.29998779296875,435.0,439.9700012207031,424.9584655761719,102325100
2023-08-28,SPY,sp500_etf,442.239990234375,443.3999938964844,439.9700012207031,442.760009765625,427.6533203125,61595400
2023-08-29,SPY,sp500_etf,442.6499938964844,449.45001220703125,442.4599914550781,449.1600036621094,433.8349304199219,83081900
2023-08-30,SPY,sp500_etf,449.510009765625,451.6700134277344,448.7799987792969,451.010009765625,435.6217956542969,69053900
2023-08-31,SPY,sp500_etf,451.6499938964844,452.8299865722656,450.1600036621094,450.3500061035156,434.9842834472656,66084600
2023-09-01,SPY,sp500_etf,453.1700134277344,453.6700134277344,449.67999267578125,451.19000244140625,435.7956237792969,58944100
2023-09-05,SPY,sp500_etf,450.7300109863281,451.05999755859375,449.1700134277344,449.239990234375,433.9122009277344,55166200
2023-09-06,SPY,sp500_etf,448.3999938964844,448.510009765625,443.80999755859375,446.2200012207031,430.9952087402344,70758500
2023-09-07,SPY,sp500_etf,443.1099853515625,445.54998779296875,442.75,444.8500061035156,429.67193603515625,70355400
2023-09-08,SPY,sp500_etf,444.8999938964844,447.1099853515625,444.5299987792969,445.5199890136719,430.319091796875,61659700
2023-09-11,SPY,sp500_etf,448.239990234375,448.7699890136719,446.4700012207031,448.45001220703125,433.1491394042969,60180100
2023-09-12,SPY,sp500_etf,446.95001220703125,448.5299987792969,445.3900146484375,445.989990234375,430.7731018066406,67565400
2023-09-13,SPY,sp500_etf,446.2200012207031,447.7099914550781,445.0799865722656,446.510009765625,431.2752990722656,60199300
2023-09-14,SPY,sp500_etf,449.07000732421875,451.0799865722656,447.7200012207031,450.3599853515625,434.99395751953125,83430800
2023-09-15,SPY,sp500_etf,447.1400146484375,447.4800109863281,442.9200134277344,443.3699951171875,429.75299072265625,111848900
2023-09-18,SPY,sp500_etf,443.04998779296875,444.9700012207031,442.55999755859375,443.6300048828125,430.0050354003906,55752200
2023-09-19,SPY,sp500_etf,442.67999267578125,443.2900085449219,439.94000244140625,442.7099914550781,429.11328125,66514600
2023-09-20,SPY,sp500_etf,444.010009765625,444.44000244140625,438.42999267578125,438.6400146484375,425.1682434082031,82562600
2023-09-21,SPY,sp500_etf,435.70001220703125,435.9700012207031,431.2300109863281,431.3900146484375,418.1409606933594,104095800
2023-09-22,SPY,sp500_etf,432.45001220703125,434.1000061035156,429.989990234375,430.4200134277344,417.2007751464844,100829700
2023-09-25,SPY,sp500_etf,429.1700134277344,432.2699890136719,428.7200012207031,432.2300109863281,418.9551086425781,70874500
2023-09-26,SPY,sp500_etf,429.0899963378906,429.82000732421875,425.0199890136719,425.8800048828125,412.8001708984375,96168400
2023-09-27,SPY,sp500_etf,427.0899963378906,427.6700134277344,422.2900085449219,426.04998779296875,412.9649353027344,104705800
2023-09-28,SPY,sp500_etf,425.4800109863281,430.25,424.8699951171875,428.5199890136719,415.3591003417969,92258300
2023-09-29,SPY,sp500_etf,431.6700134277344,431.8500061035156,425.9100036621094,427.4800109863281,414.3509826660156,115111300
2023-10-02,SPY,sp500_etf,426.6199951171875,428.6000061035156,424.4599914550781,427.30999755859375,414.1862487792969,83798600
2023-10-03,SPY,sp500_etf,425.05999755859375,427.3699951171875,420.17999267578125,421.5899963378906,408.6419372558594,103760600
2023-10-04,SPY,sp500_etf,422.07000732421875,425.42999267578125,420.55999755859375,424.6600036621094,411.61767578125,87453000
2023-10-05,SPY,sp500_etf,424.3599853515625,425.3699951171875,421.1700134277344,424.5,411.4625549316406,70142700
2023-10-06,SPY,sp500_etf,421.9700012207031,431.1300048828125,420.6000061035156,429.5400085449219,416.3477783203125,113273300
2023-10-09,SPY,sp500_etf,427.5799865722656,432.8800048828125,427.010009765625,432.2900085449219,419.0132751464844,80374400
2023-10-10,SPY,sp500_etf,432.94000244140625,437.2200012207031,432.5299987792969,434.5400085449219,421.1942443847656,78607300
2023-10-11,SPY,sp500_etf,435.6400146484375,436.5799865722656,433.17999267578125,436.32000732421875,422.91949462890625,62451700
2023-10-12,SPY,sp500_etf,436.95001220703125,437.3399963378906,431.2300109863281,433.6600036621094,420.3412170410156,81154200
2023-10-13,SPY,sp500_etf,435.2099914550781,436.45001220703125,429.8800048828125,431.5,418.24761962890625,95143100
2023-10-16,SPY,sp500_etf,433.82000732421875,437.1400146484375,433.57000732421875,436.0400085449219,422.6481018066406,75433200
2023-10-17,SPY,sp500_etf,432.80999755859375,438.1400146484375,432.45001220703125,436.0199890136719,422.6287536621094,75324700
2023-10-18,SPY,sp500_etf,434.19000244140625,435.17999267578125,429.0899963378906,430.2099914550781,416.9971618652344,93559800
2023-10-19,SPY,sp500_etf,430.95001220703125,432.82000732421875,425.7300109863281,426.42999267578125,413.3332824707031,121323000
2023-10-20,SPY,sp500_etf,425.9800109863281,426.5400085449219,421.0799865722656,421.19000244140625,408.25421142578125,123919900
2023-10-23,SPY,sp500_etf,419.6099853515625,424.45001220703125,417.79998779296875,420.4599914550781,407.546630859375,92035100
2023-10-24,SPY,sp500_etf,422.6499938964844,424.82000732421875,420.739990234375,423.6300048828125,410.6192321777344,78564200
2023-10-25,SPY,sp500_etf,421.8900146484375,421.9200134277344,417.0199890136719,417.54998779296875,404.72601318359375,94223200
2023-10-26,SPY,sp500_etf,416.45001220703125,417.3299865722656,411.6000061035156,412.54998779296875,399.87957763671875,115156800
2023-10-27,SPY,sp500_etf,414.19000244140625,414.6000061035156,409.2099914550781,410.67999267578125,398.0670166015625,107367700
2023-10-30,SPY,sp500_etf,413.55999755859375,416.67999267578125,412.2200012207031,415.5899963378906,402.826171875,86562700
2023-10-31,SPY,sp500_etf,416.17999267578125,418.5299987792969,414.2099914550781,418.20001220703125,405.3559875488281,79665200
2023-11-01,SPY,sp500_etf,419.20001220703125,423.5,418.6499938964844,422.6600036621094,409.67901611328125,98068100
2023-11-02,SPY,sp500_etf,426.5799865722656,430.9200134277344,426.55999755859375,430.760009765625,417.5303649902344,94938900
2023-11-03,SPY,sp500_etf,433.1400146484375,436.2900085449219,433.010009765625,434.69000244140625,421.339599609375,100167800
2023-11-06,SPY,sp500_etf,435.4700012207031,436.1499938964844,433.67999267578125,435.69000244140625,422.30889892578125,67831700
2023-11-07,SPY,sp500_etf,435.69000244140625,437.5899963378906,434.510009765625,436.92999267578125,423.5107727050781,64256100
2023-11-08,SPY,sp500_etf,437.54998779296875,438.0899963378906,434.8699951171875,437.25,423.8209533691406,61746000
2023-11-09,SPY,sp500_etf,438.42999267578125,438.4700012207031,433.3999938964844,433.8399963378906,420.5156555175781,83174400
2023-11-10,SPY,sp500_etf,435.9800109863281,440.92999267578125,433.8299865722656,440.6099853515625,427.0777587890625,89462200
2023-11-13,SPY,sp500_etf,439.2300109863281,441.3299865722656,438.4200134277344,440.19000244140625,426.670654296875,52236100
2023-11-14,SPY,sp500_etf,446.32000732421875,450.05999755859375,446.0899963378906,448.7300109863281,434.9483947753906,97176900
2023-11-15,SPY,sp500_etf,450.1099853515625,451.3800048828125,448.79998779296875,449.67999267578125,435.8692321777344,77327600
2023-11-16,SPY,sp500_etf,449.2200012207031,450.55999755859375,448.1199951171875,450.2300109863281,436.40234375,66665800
2023-11-17,SPY,sp500_etf,450.239990234375,451.4200134277344,449.2900085449219,450.7900085449219,436.94512939453125,83133200
2023-11-20,SPY,sp500_etf,450.5299987792969,455.1300048828125,450.5199890136719,454.260009765625,440.3085632324219,69936200
2023-11-21,SPY,sp500_etf,453.17999267578125,454.1300048828125,451.9599914550781,453.2699890136719,439.3489685058594,49244600
2023-11-22,SPY,sp500_etf,454.9800109863281,456.3800048828125,453.8900146484375,455.0199890136719,441.04522705078125,59394900
2023-11-24,SPY,sp500_etf,455.07000732421875,455.5,454.7300109863281,455.29998779296875,441.3165588378906,29737400
2023-11-27,SPY,sp500_etf,454.6499938964844,455.489990234375,454.0799865722656,454.4800109863281,440.5218200683594,50506000
2023-11-28,SPY,sp500_etf,454.0799865722656,456.2699890136719,453.5,454.92999267578125,440.9580078125,62115000
2023-11-29,SPY,sp500_etf,457.1499938964844,458.32000732421875,454.20001220703125,454.6099853515625,440.6477966308594,63146000
2023-11-30,SPY,sp500_etf,455.4800109863281,456.760009765625,453.3399963378906,456.3999938964844,442.3828430175781,79752700
2023-12-01,SPY,sp500_etf,455.7699890136719,459.6499938964844,455.1600036621094,459.1000061035156,444.9999694824219,89183400
2023-12-04,SPY,sp500_etf,455.6000061035156,459.1199951171875,454.3399963378906,456.69000244140625,442.6639099121094,72430900
2023-12-05,SPY,sp500_etf,455.260009765625,457.5899963378906,454.8699951171875,456.6000061035156,442.57672119140625,69793500
2023-12-06,SPY,sp500_etf,458.80999755859375,458.8399963378906,454.30999755859375,454.760009765625,440.7931823730469,69124700
2023-12-07,SPY,sp500_etf,456.9100036621094,458.8999938964844,456.2900085449219,458.2300109863281,444.1566162109375,66995400
2023-12-08,SPY,sp500_etf,457.4599914550781,460.75,457.2099914550781,460.20001220703125,446.0661926269531,83194400
2023-12-11,SPY,sp500_etf,459.69000244140625,462.1700134277344,459.4700012207031,461.989990234375,447.8011474609375,65002200
2023-12-12,SPY,sp500_etf,461.6300048828125,464.20001220703125,460.6000061035156,464.1000061035156,449.8464050292969,68327600
2023-12-13,SPY,sp500_etf,464.489990234375,470.760009765625,464.1199951171875,470.5,456.0498352050781,93278000
2023-12-14,SPY,sp500_etf,472.5,473.7300109863281,469.25,472.010009765625,457.51348876953125,119026000
2023-12-15,SPY,sp500_etf,469.489990234375,470.70001220703125,467.42999267578125,469.3299865722656,456.7601623535156,141553700
2023-12-18,SPY,sp500_etf,470.9800109863281,472.9800109863281,469.8900146484375,471.9700012207031,459.3294372558594,70375300
2023-12-19,SPY,sp500_etf,472.5299987792969,474.9200134277344,472.45001220703125,474.8399963378906,462.12255859375,55761800
2023-12-20,SPY,sp500_etf,473.9599914550781,475.8999938964844,467.82000732421875,468.260009765625,455.71881103515625,102921000
2023-12-21,SPY,sp500_etf,471.3299865722656,472.9800109863281,468.8399963378906,472.70001220703125,460.0398864746094,86667500
2023-12-22,SPY,sp500_etf,473.8599853515625,475.3800048828125,471.70001220703125,473.6499938964844,460.96441650390625,67160400
2023-12-26,SPY,sp500_etf,474.07000732421875,476.5799865722656,473.989990234375,475.6499938964844,462.91082763671875,55387000
2023-12-27,SPY,sp500_etf,475.44000244140625,476.6600036621094,474.8900146484375,476.510009765625,463.74786376953125,68000300
2023-12-28,SPY,sp500_etf,476.8800048828125,477.54998779296875,476.260009765625,476.69000244140625,463.9230041503906,77158100
2023-12-29,SPY,sp500_etf,476.489990234375,477.0299987792969,473.29998779296875,475.30999755859375,462.5799560546875,122283100
2024-01-02,SPY,sp500_etf,472.1600036621094,473.6700134277344,470.489990234375,472.6499938964844,459.9912109375,123623700
2024-01-03,SPY,sp500_etf,470.42999267578125,471.19000244140625,468.1700134277344,468.7900085449219,456.2345886230469,103585900
2024-01-04,SPY,sp500_etf,468.29998779296875,470.9599914550781,467.04998779296875,467.2799987792969,454.7650451660156,84232200
2024-01-05,SPY,sp500_etf,467.489990234375,470.44000244140625,466.42999267578125,467.9200134277344,455.3879089355469,86118900
2024-01-08,SPY,sp500_etf,468.42999267578125,474.75,468.29998779296875,474.6000061035156,461.8890075683594,74879100
2024-01-09,SPY,sp500_etf,471.8699951171875,474.92999267578125,471.3500061035156,473.8800048828125,461.1882629394531,65931400
2024-01-10,SPY,sp500_etf,474.1600036621094,477.45001220703125,473.8699951171875,476.55999755859375,463.7964782714844,67310600
2024-01-11,SPY,sp500_etf,477.5899963378906,478.1199951171875,472.260009765625,476.3500061035156,463.5921325683594,77940700
2024-01-12,SPY,sp500_etf,477.8399963378906,478.6000061035156,475.2300109863281,476.67999267578125,463.9132385253906,58026400
2024-01-16,SPY,sp500_etf,475.260009765625,476.6099853515625,473.05999755859375,474.92999267578125,462.2101135253906,85014900
2024-01-17,SPY,sp500_etf,471.82000732421875,472.7900085449219,469.8699951171875,472.2900085449219,459.640869140625,68843900
2024-01-18,SPY,sp500_etf,474.010009765625,477.05999755859375,472.4200134277344,476.489990234375,463.7283630371094,91856200
2024-01-19,SPY,sp500_etf,477.6499938964844,482.7200012207031,476.5400085449219,482.42999267578125,469.50927734375,110834500
2024-01-22,SPY,sp500_etf,484.010009765625,485.2200012207031,482.7799987792969,483.45001220703125,470.5019836425781,75844900
2024-01-23,SPY,sp500_etf,484.010009765625,485.1099853515625,482.8900146484375,484.8599853515625,471.8741760253906,49945300
2024-01-24,SPY,sp500_etf,487.80999755859375,488.7699890136719,484.8800048828125,485.3900146484375,472.39007568359375,81765000
2024-01-25,SPY,sp500_etf,487.5799865722656,488.30999755859375,485.3900146484375,488.0299987792969,474.9593505859375,72525000
2024-01-26,SPY,sp500_etf,487.5899963378906,489.1199951171875,486.5400085449219,487.4100036621094,474.3558654785156,76641600
2024-01-29,SPY,sp500_etf,487.7300109863281,491.4200134277344,487.1700134277344,491.2699890136719,478.1125183105469,61322800
2024-01-30,SPY,sp500_etf,490.55999755859375,491.6199951171875,490.1099853515625,490.8900146484375,477.74267578125,58618400
2024-01-31,SPY,sp500_etf,488.6199951171875,489.0799865722656,482.8599853515625,482.8800048828125,469.94720458984375,126011100
2024-02-01,SPY,sp500_etf,484.6300048828125,489.2300109863281,483.79998779296875,489.20001220703125,476.0979919433594,91891600
2024-02-02,SPY,sp500_etf,489.6499938964844,496.04998779296875,489.29998779296875,494.3500061035156,481.1100158691406,99228200
2024-02-05,SPY,sp500_etf,493.70001220703125,494.3800048828125,490.2300109863281,492.54998779296875,479.3582458496094,75757100
2024-02-06,SPY,sp500_etf,493.5199890136719,494.32000732421875,492.04998779296875,493.9800109863281,480.74993896484375,55918600
2024-02-07,SPY,sp500_etf,496.2900085449219,498.5299987792969,495.3599853515625,498.1000061035156,484.7596435546875,70556500
2024-02-08,SPY,sp500_etf,498.1000061035156,498.7099914550781,497.260009765625,498.32000732421875,484.9737548828125,52343600
2024-02-09,SPY,sp500_etf,498.8399963378906,501.6499938964844,498.489990234375,501.20001220703125,487.776611328125,63979400
2024-02-12,SPY,sp500_etf,501.1700134277344,503.5,500.239990234375,500.9800109863281,487.5624694824219,56502300
2024-02-13,SPY,sp500_etf,494.5299987792969,497.0899963378906,490.7200012207031,494.0799865722656,480.8472595214844,113099200
2024-02-14,SPY,sp500_etf,496.7900085449219,499.07000732421875,494.3999938964844,498.57000732421875,485.2170104980469,68387800
2024-02-15,SPY,sp500_etf,499.2900085449219,502.20001220703125,498.79998779296875,502.010009765625,488.56488037109375,61683000
2024-02-16,SPY,sp500_etf,501.70001220703125,502.8699951171875,498.75,499.510009765625,486.1318664550781,75532900
2024-02-20,SPY,sp500_etf,497.7200012207031,498.4100036621094,494.45001220703125,496.760009765625,483.4554748535156,71736700
2024-02-21,SPY,sp500_etf,495.4200134277344,497.3699951171875,493.55999755859375,497.2099914550781,483.8934020996094,59293400
2024-02-22,SPY,sp500_etf,504.010009765625,508.489990234375,503.0199890136719,507.5,493.90789794921875,76402500
2024-02-23,SPY,sp500_etf,509.2699890136719,510.1300048828125,507.1000061035156,507.8500061035156,494.2485046386719,61321800
2024-02-26,SPY,sp500_etf,508.29998779296875,508.75,505.8599853515625,505.989990234375,492.4382629394531,50386700
2024-02-27,SPY,sp500_etf,506.70001220703125,507.1600036621094,504.75,506.92999267578125,493.3530578613281,48854500
2024-02-28,SPY,sp500_etf,505.3299865722656,506.8599853515625,504.9599914550781,506.260009765625,492.7010803222656,56506600
2024-02-29,SPY,sp500_etf,508.07000732421875,509.739990234375,505.3500061035156,508.0799865722656,494.4722900390625,83924800
2024-03-01,SPY,sp500_etf,508.9800109863281,513.2899780273438,508.55999755859375,512.8499755859375,499.11456298828125,76844800
2024-03-04,SPY,sp500_etf,512.030029296875,514.2000122070312,512.0,512.2999877929688,498.5792541503906,49799300
2024-03-05,SPY,sp500_etf,510.239990234375,510.70001220703125,504.9100036621094,507.17999267578125,493.59637451171875,72855600
2024-03-06,SPY,sp500_etf,510.54998779296875,512.0700073242188,508.4200134277344,509.75,496.09759521484375,68382400
2024-03-07,SPY,sp500_etf,513.1400146484375,515.8900146484375,509.80999755859375,514.8099975585938,501.02203369140625,58652100
2024-03-08,SPY,sp500_etf,515.4600219726562,518.219970703125,511.1300048828125,511.7200012207031,498.0148010253906,86532500
2024-03-11,SPY,sp500_etf,510.4800109863281,511.8800048828125,508.5,511.2799987792969,497.5865783691406,62557200
2024-03-12,SPY,sp500_etf,513.4500122070312,517.3800048828125,510.8599853515625,516.780029296875,502.9393310546875,73114400
2024-03-13,SPY,sp500_etf,517.1099853515625,517.2899780273438,514.489990234375,515.969970703125,502.1509704589844,55104100
2024-03-14,SPY,sp500_etf,516.969970703125,517.1300048828125,511.82000732421875,514.9500122070312,501.1583251953125,110171800
2024-03-15,SPY,sp500_etf,510.2099914550781,511.70001220703125,508.1199951171875,509.8299865722656,497.7170715332031,107646300
2024-03-18,SPY,sp500_etf,514.0,515.47998046875,512.4400024414062,512.8599853515625,500.6750793457031,88893300
2024-03-19,SPY,sp500_etf,512.1500244140625,516.0,511.1199951171875,515.7100219726562,503.45745849609375,60755300
2024-03-20,SPY,sp500_etf,515.77001953125,520.6199951171875,515.0800170898438,520.47998046875,508.114013671875,69594600
2024-03-21,SPY,sp500_etf,523.3900146484375,524.1099853515625,521.9099731445312,522.2000122070312,509.793212890625,60256100
2024-03-22,SPY,sp500_etf,522.1099853515625,522.6099853515625,520.969970703125,521.2100219726562,508.82672119140625,79070800
2024-03-25,SPY,sp500_etf,519.7999877929688,520.9500122070312,519.6099853515625,519.77001953125,507.4208679199219,48512100
2024-03-26,SPY,sp500_etf,521.22998046875,521.5800170898438,518.4000244140625,518.8099975585938,506.4837341308594,65463700
2024-03-27,SPY,sp500_etf,521.7100219726562,523.2100219726562,519.489990234375,523.1699829101562,510.7401123046875,82999800
2024-03-28,SPY,sp500_etf,523.2100219726562,524.6099853515625,522.780029296875,523.0700073242188,510.6424560546875,96294900
2024-04-01,SPY,sp500_etf,523.8300170898438,524.3800048828125,520.969970703125,522.1599731445312,509.75408935546875,62477500
2024-04-02,SPY,sp500_etf,518.239990234375,518.97998046875,516.47998046875,518.8400268554688,506.5130310058594,74230300
2024-04-03,SPY,sp500_etf,517.719970703125,520.9500122070312,517.6699829101562,519.4099731445312,507.0693664550781,59155800
2024-04-04,SPY,sp500_etf,523.52001953125,523.8699951171875,512.760009765625,513.0700073242188,500.88006591796875,96858100
2024-04-05,SPY,sp500_etf,514.4600219726562,520.4400024414062,514.010009765625,518.4299926757812,506.1127014160156,74546500
2024-04-08,SPY,sp500_etf,519.1500244140625,520.1799926757812,517.8900146484375,518.719970703125,506.39581298828125,48401800
2024-04-09,SPY,sp500_etf,520.5,520.75,514.3499755859375,519.3200073242188,506.9815979003906,68049200
2024-04-10,SPY,sp500_etf,513.47998046875,516.1599731445312,512.0900268554688,514.1199951171875,501.9051208496094,82652800
2024-04-11,SPY,sp500_etf,515.6799926757812,519.47998046875,512.0800170898438,518.0,505.6930236816406,70099000
2024-04-12,SPY,sp500_etf,514.3699951171875,515.8200073242188,509.0799865722656,510.8500061035156,498.7127990722656,92561100
2024-04-15,SPY,sp500_etf,515.1300048828125,515.2999877929688,503.5799865722656,504.45001220703125,492.4648742675781,92101400
2024-04-16,SPY,sp500_etf,504.94000244140625,506.5,502.2099914550781,503.5299987792969,491.5667419433594,73484000
2024-04-17,SPY,sp500_etf,506.04998779296875,506.2200012207031,499.1199951171875,500.54998779296875,488.6575622558594,75910300
2024-04-18,SPY,sp500_etf,501.9800109863281,504.1300048828125,498.55999755859375,499.5199890136719,487.6520080566406,74548100
2024-04-19,SPY,sp500_etf,499.44000244140625,500.4599914550781,493.8599853515625,495.1600036621094,483.3956604003906,102212600
2024-04-22,SPY,sp500_etf,497.8299865722656,502.3800048828125,495.42999267578125,499.7200012207031,487.8472595214844,67961000
2024-04-23,SPY,sp500_etf,501.7799987792969,506.0899963378906,499.5299987792969,505.6499938964844,493.6363830566406,64633600
2024-04-24,SPY,sp500_etf,506.55999755859375,507.3699951171875,503.1300048828125,505.4100036621094,493.4020690917969,55928100
2024-04-25,SPY,sp500_etf,499.17999267578125,504.2699890136719,497.489990234375,503.489990234375,491.52764892578125,69122400
2024-04-26,SPY,sp500_etf,506.3500061035156,509.8800048828125,505.70001220703125,508.260009765625,496.1843566894531,64306100
2024-04-29,SPY,sp500_etf,510.0899963378906,510.75,507.25,510.05999755859375,497.94158935546875,46415400
2024-04-30,SPY,sp500_etf,508.55999755859375,509.55999755859375,501.9800109863281,501.9800109863281,490.0535888671875,77483600
2024-05-01,SPY,sp500_etf,501.3800048828125,508.19000244140625,499.8699951171875,500.3500061035156,488.46234130859375,80242800
2024-05-02,SPY,sp500_etf,504.1499938964844,505.8900146484375,499.54998779296875,505.0299987792969,493.0310974121094,62550200
2024-05-03,SPY,sp500_etf,511.1600036621094,512.5499877929688,508.55999755859375,511.2900085449219,499.1423645019531,72756700
2024-05-06,SPY,sp500_etf,513.75,516.6099853515625,513.2999877929688,516.5700073242188,504.29693603515625,47264700
2024-05-07,SPY,sp500_etf,517.5599975585938,518.5700073242188,516.4500122070312,517.1400146484375,504.8533935546875,52561300
2024-05-08,SPY,sp500_etf,515.260009765625,517.739990234375,515.1400146484375,517.1900024414062,504.9021911621094,42047200
2024-05-09,SPY,sp500_etf,517.3800048828125,520.2100219726562,516.7100219726562,520.1699829101562,507.8113708496094,43643700
2024-05-10,SPY,sp500_etf,521.8099975585938,522.6400146484375,519.5900268554688,520.8400268554688,508.46551513671875,52233200
2024-05-13,SPY,sp500_etf,522.5599975585938,522.6699829101562,519.739990234375,520.9099731445312,508.53375244140625,36716400
2024-05-14,SPY,sp500_etf,521.1099853515625,523.8300170898438,520.5599975585938,523.2999877929688,510.8669738769531,57535900
2024-05-15,SPY,sp500_etf,525.8300170898438,530.0800170898438,525.1799926757812,529.780029296875,517.193115234375,59504900
2024-05-16,SPY,sp500_etf,529.8800048828125,531.52001953125,528.5399780273438,528.6900024414062,516.1289672851562,50244800
2024-05-17,SPY,sp500_etf,528.8099975585938,529.52001953125,527.3200073242188,529.4500122070312,516.870849609375,59187600
2024-05-20,SPY,sp500_etf,529.5700073242188,531.5599975585938,529.1699829101562,530.0599975585938,517.4664306640625,37764200
2024-05-21,SPY,sp500_etf,529.280029296875,531.52001953125,529.0700073242188,531.3599853515625,518.7355346679688,33437000
2024-05-22,SPY,sp500_etf,530.6500244140625,531.3800048828125,527.5999755859375,529.8300170898438,517.241943359375,48390000
2024-05-23,SPY,sp500_etf,532.9600219726562,533.0700073242188,524.719970703125,525.9600219726562,513.4638671875,57211200
2024-05-24,SPY,sp500_etf,527.8499755859375,530.27001953125,526.8800048828125,529.4400024414062,516.8612060546875,41291100
2024-05-28,SPY,sp500_etf,530.27001953125,530.510009765625,527.1099853515625,529.8099975585938,517.2223510742188,36269600
2024-05-29,SPY,sp500_etf,525.6799926757812,527.3099975585938,525.3699951171875,526.0999755859375,513.6004638671875,45190300
2024-05-30,SPY,sp500_etf,524.52001953125,525.2000122070312,521.3300170898438,522.6099853515625,510.19342041015625,46377600
2024-05-31,SPY,sp500_etf,523.5900268554688,527.5,518.3599853515625,527.3699951171875,514.84033203125,90785800
2024-06-03,SPY,sp500_etf,529.02001953125,529.3099975585938,522.5999755859375,527.7999877929688,515.2600708007812,46835700
2024-06-04,SPY,sp500_etf,526.4600219726562,529.1500244140625,524.9600219726562,528.3900146484375,515.8361206054688,34632700
2024-06-05,SPY,sp500_etf,530.77001953125,534.6900024414062,528.72998046875,534.6699829101562,521.9669799804688,47610400
2024-06-06,SPY,sp500_etf,534.97998046875,535.4199829101562,532.6799926757812,534.6599731445312,521.9570922851562,30808500
2024-06-07,SPY,sp500_etf,533.6599731445312,536.8900146484375,532.5399780273438,534.010009765625,521.3226318359375,43224500
2024-06-10,SPY,sp500_etf,533.1799926757812,535.989990234375,532.5700073242188,535.6599731445312,522.9334106445312,35686100
2024-06-11,SPY,sp500_etf,534.0700073242188,537.010009765625,532.0499877929688,536.9500122070312,524.1926879882812,36383400
2024-06-12,SPY,sp500_etf,541.6300048828125,544.1199951171875,540.2999877929688,541.3599853515625,528.4979248046875,63251300
2024-06-13,SPY,sp500_etf,543.1500244140625,543.3300170898438,539.5900268554688,542.4500122070312,529.5620727539062,44760900
2024-06-14,SPY,sp500_etf,540.8800048828125,542.8099975585938,539.8499755859375,542.780029296875,529.88427734375,40089900
2024-06-17,SPY,sp500_etf,542.0800170898438,548.530029296875,541.6099853515625,547.0999755859375,534.1015014648438,55839500
2024-06-18,SPY,sp500_etf,547.1599731445312,548.6199951171875,546.72998046875,548.489990234375,535.4585571289062,41376400
2024-06-20,SPY,sp500_etf,549.4400024414062,550.1199951171875,545.1799926757812,547.0,534.00390625,70328200
2024-06-21,SPY,sp500_etf,544.4000244140625,545.6500244140625,543.02001953125,544.510009765625,533.2880859375,64338600
2024-06-24,SPY,sp500_etf,544.3300170898438,546.9500122070312,542.6199951171875,542.739990234375,531.5545043945312,45528700
2024-06-25,SPY,sp500_etf,543.989990234375,545.2000122070312,542.4400024414062,544.8300170898438,533.6013793945312,37936200
2024-06-26,SPY,sp500_etf,543.6900024414062,546.239990234375,543.030029296875,545.510009765625,534.2673950195312,38550600
2024-06-27,SPY,sp500_etf,545.3699951171875,546.9600219726562,544.6099853515625,546.3699951171875,535.1096801757812,35041500
2024-06-28,SPY,sp500_etf,547.1599731445312,550.280029296875,542.9500122070312,544.219970703125,533.00390625,76144500
2024-07-01,SPY,sp500_etf,545.6300048828125,545.8800048828125,542.52001953125,545.3400268554688,534.1009521484375,40297800
2024-07-02,SPY,sp500_etf,543.7000122070312,549.010009765625,543.6500244140625,549.010009765625,537.6954345703125,40434800
2024-07-03,SPY,sp500_etf,548.6900024414062,551.8300170898438,548.6500244140625,551.4600219726562,540.0947875976562,32789900
2024-07-05,SPY,sp500_etf,551.77001953125,555.0499877929688,551.1199951171875,554.6400146484375,543.2092895507812,41488400
2024-07-08,SPY,sp500_etf,555.4400024414062,556.25,554.1900024414062,555.280029296875,543.8360595703125,36110500
2024-07-09,SPY,sp500_etf,556.260009765625,557.1799926757812,555.52001953125,555.8200073242188,544.3649291992188,27289700
2024-07-10,SPY,sp500_etf,557.0700073242188,561.6699829101562,556.77001953125,561.3200073242188,549.7515869140625,38701200
2024-07-11,SPY,sp500_etf,561.4400024414062,562.3300170898438,555.8300170898438,556.47998046875,545.01123046875,53054200
2024-07-12,SPY,sp500_etf,557.6300048828125,563.6699829101562,557.1500244140625,559.989990234375,548.4489135742188,53084400
2024-07-15,SPY,sp500_etf,562.030029296875,564.8400268554688,559.6300048828125,561.530029296875,549.9572143554688,40584300
2024-07-16,SPY,sp500_etf,562.8699951171875,565.1599731445312,562.0999755859375,564.8599853515625,553.2185668945312,36475300
2024-07-17,SPY,sp500_etf,558.7999877929688,560.510009765625,556.6099853515625,556.9400024414062,545.4618530273438,57119000
2024-07-18,SPY,sp500_etf,558.510009765625,559.52001953125,550.4299926757812,552.6599731445312,541.27001953125,56270400
2024-07-19,SPY,sp500_etf,552.4199829101562,554.0800170898438,547.9099731445312,548.989990234375,537.6758422851562,65509100
2024-07-22,SPY,sp500_etf,553.0,555.27001953125,551.02001953125,554.6500244140625,543.2190551757812,43346700
2024-07-23,SPY,sp500_etf,554.5399780273438,556.739990234375,553.280029296875,553.780029296875,542.3670043945312,34439600
2024-07-24,SPY,sp500_etf,548.8599853515625,549.1699829101562,540.2899780273438,541.22998046875,530.0756225585938,74515300
2024-07-25,SPY,sp500_etf,541.3499755859375,547.4600219726562,537.4500122070312,538.4099731445312,527.313720703125,61158300
2024-07-26,SPY,sp500_etf,542.280029296875,547.1900024414062,541.489990234375,544.4400024414062,533.219482421875,53763800
2024-07-29,SPY,sp500_etf,546.02001953125,547.0499877929688,542.719970703125,544.760009765625,533.532958984375,39515800
2024-07-30,SPY,sp500_etf,546.260009765625,547.3400268554688,538.52001953125,542.0,530.8297729492188,46853600
2024-07-31,SPY,sp500_etf,548.97998046875,553.5,547.5800170898438,550.8099975585938,539.4581909179688,65663400
2024-08-01,SPY,sp500_etf,552.5700073242188,554.8699951171875,539.4299926757812,543.010009765625,531.8189697265625,76428700
2024-08-02,SPY,sp500_etf,535.75,536.989990234375,528.5999755859375,532.9000244140625,521.9173583984375,82789100
2024-08-05,SPY,sp500_etf,511.6400146484375,523.5800170898438,510.2699890136719,517.3800048828125,506.71722412109375,146267400
2024-08-06,SPY,sp500_etf,519.219970703125,529.75,517.8699951171875,522.1500244140625,511.3888854980469,84826300
2024-08-07,SPY,sp500_etf,528.469970703125,531.5900268554688,518.0499877929688,518.6599731445312,507.9706726074219,70698300
2024-08-08,SPY,sp500_etf,523.9099731445312,531.2899780273438,521.8400268554688,530.6500244140625,519.7136840820312,63276600
2024-08-09,SPY,sp500_etf,529.8099975585938,534.510009765625,528.5599975585938,532.989990234375,522.0054931640625,45619600
2024-08-12,SPY,sp500_etf,534.2100219726562,535.72998046875,530.9500122070312,533.27001953125,522.2797241210938,42542100
2024-08-13,SPY,sp500_etf,536.530029296875,542.280029296875,536.280029296875,542.0399780273438,530.8689575195312,52333100
2024-08-14,SPY,sp500_etf,542.8499755859375,544.9600219726562,540.1199951171875,543.75,532.5436401367188,42446900
2024-08-15,SPY,sp500_etf,549.5,553.3599853515625,548.8800048828125,553.0700073242188,541.671630859375,60846800
2024-08-16,SPY,sp500_etf,551.4199829101562,555.02001953125,551.260009765625,554.3099975585938,542.8861083984375,44430700
2024-08-19,SPY,sp500_etf,554.72998046875,559.6099853515625,553.8599853515625,559.6099853515625,548.0767822265625,39121800
2024-08-20,SPY,sp500_etf,559.1500244140625,560.8400268554688,557.3300170898438,558.7000122070312,547.1856079101562,33732300
2024-08-21,SPY,sp500_etf,559.77001953125,562.1099853515625,554.72998046875,560.6199951171875,549.06591796875,41514600
2024-08-22,SPY,sp500_etf,562.5599975585938,563.1799926757812,554.97998046875,556.219970703125,544.7567138671875,56121500
2024-08-23,SPY,sp500_etf,559.530029296875,563.0900268554688,557.2899780273438,562.1300048828125,550.544921875,50639400
2024-08-26,SPY,sp500_etf,563.1799926757812,563.9099731445312,559.0499877929688,560.7899780273438,549.2325439453125,35788600
2024-08-27,SPY,sp500_etf,559.489990234375,562.0599975585938,558.3200073242188,561.5599975585938,549.9866943359375,32693900
2024-08-28,SPY,sp500_etf,561.2100219726562,561.6500244140625,555.0399780273438,558.2999877929688,546.7938232421875,41066000
2024-08-29,SPY,sp500_etf,560.3099975585938,563.6799926757812,557.1799926757812,558.3499755859375,546.8427734375,38715200
2024-08-30,SPY,sp500_etf,560.77001953125,564.2000122070312,557.1400146484375,563.6799926757812,552.0628662109375,62700100
2024-09-03,SPY,sp500_etf,560.469970703125,560.8099975585938,549.510009765625,552.0800170898438,540.7020874023438,60600100
2024-09-04,SPY,sp500_etf,550.2000122070312,554.4299926757812,549.4600219726562,550.9500122070312,539.5953369140625,47224900
2024-09-05,SPY,sp500_etf,550.8900146484375,553.7999877929688,547.0999755859375,549.6099853515625,538.2828979492188,44264300
2024-09-06,SPY,sp500_etf,549.9400024414062,551.5999755859375,539.4400024414062,540.3599853515625,529.2235107421875,68493800
2024-09-09,SPY,sp500_etf,544.6500244140625,547.7100219726562,542.6799926757812,546.4099731445312,535.1488037109375,40445800
2024-09-10,SPY,sp500_etf,548.3599853515625,549.1500244140625,543.3800048828125,548.7899780273438,537.4797973632812,36394600
2024-09-11,SPY,sp500_etf,548.7000122070312,555.3599853515625,539.9600219726562,554.4199829101562,542.9937133789062,75248600
2024-09-12,SPY,sp500_etf,555.010009765625,559.4000244140625,552.739990234375,559.0900268554688,547.5675659179688,51819600
2024-09-13,SPY,sp500_etf,559.7100219726562,563.030029296875,559.4500122070312,562.010009765625,550.4273681640625,39310500
2024-09-16,SPY,sp500_etf,561.739990234375,563.1099853515625,559.9000244140625,562.8400268554688,551.2402954101562,36656100
2024-09-17,SPY,sp500_etf,565.0999755859375,566.5800170898438,560.7899780273438,563.0700073242188,551.4655151367188,49321000
2024-09-18,SPY,sp500_etf,563.739990234375,568.6900024414062,560.8300170898438,561.4000244140625,549.8299560546875,59044900
2024-09-19,SPY,sp500_etf,571.010009765625,572.8800048828125,568.0800170898438,570.97998046875,559.2124633789062,75315500
2024-09-20,SPY,sp500_etf,567.8400268554688,569.3099975585938,565.1699829101562,568.25,558.2459106445312,77503100
2024-09-23,SPY,sp500_etf,569.3400268554688,570.3300170898438,568.0999755859375,569.6699829101562,559.6407470703125,44116900
2024-09-24,SPY,sp500_etf,570.47998046875,571.3599853515625,567.5999755859375,571.2999877929688,561.2420654296875,46805700
2024-09-25,SPY,sp500_etf,571.1400146484375,571.8900146484375,568.9099731445312,570.0399780273438,560.0043334960938,38428600
2024-09-26,SPY,sp500_etf,574.3800048828125,574.7100219726562,569.9000244140625,572.2999877929688,562.2244873046875,48336000
2024-09-27,SPY,sp500_etf,573.3900146484375,574.219970703125,570.4199829101562,571.469970703125,561.4091186523438,42100900
2024-09-30,SPY,sp500_etf,570.4199829101562,574.3800048828125,568.0800170898438,573.760009765625,563.6588134765625,63557400
2024-10-01,SPY,sp500_etf,573.4000244140625,574.0599975585938,566.0,568.6199951171875,558.6093139648438,72668800
2024-10-02,SPY,sp500_etf,567.7100219726562,569.9000244140625,565.27001953125,568.8599853515625,558.8450927734375,38097800
2024-10-03,SPY,sp500_etf,567.3599853515625,569.7999877929688,565.489990234375,567.8200073242188,557.8234252929688,40846500
2024-10-04,SPY,sp500_etf,572.3499755859375,573.3599853515625,568.0999755859375,572.97998046875,562.892578125,42939100
2024-10-07,SPY,sp500_etf,571.2999877929688,571.9600219726562,566.6300048828125,567.7999877929688,557.8037719726562,49964700
2024-10-08,SPY,sp500_etf,570.4199829101562,573.780029296875,569.530029296875,573.1699829101562,563.0792846679688,37398700
2024-10-09,SPY,sp500_etf,573.1599731445312,577.7100219726562,572.5499877929688,577.1400146484375,566.9793701171875,37912200
2024-10-10,SPY,sp500_etf,575.77001953125,577.5800170898438,574.489990234375,576.1300048828125,565.9871215820312,44138100
2024-10-11,SPY,sp500_etf,576.0499877929688,580.3300170898438,575.9099731445312,579.5800170898438,569.3764038085938,42268000
2024-10-14,SPY,sp500_etf,581.219970703125,585.27001953125,580.72998046875,584.3200073242188,574.0328979492188,36217200
2024-10-15,SPY,sp500_etf,584.5900268554688,584.9000244140625,578.5399780273438,579.780029296875,569.5728149414062,54203600
2024-10-16,SPY,sp500_etf,579.780029296875,582.8300170898438,578.9600219726562,582.2999877929688,572.0484619140625,30725400
2024-10-17,SPY,sp500_etf,585.9099731445312,586.1199951171875,582.1599731445312,582.3499755859375,572.0975952148438,34393700
2024-10-18,SPY,sp500_etf,584.0700073242188,585.3900146484375,582.5800170898438,584.5900268554688,574.2981567382812,37416800
2024-10-21,SPY,sp500_etf,583.8499755859375,584.8499755859375,580.5999755859375,583.6300048828125,573.3550415039062,36439000
2024-10-22,SPY,sp500_etf,581.0499877929688,584.5,580.3800048828125,583.3200073242188,573.050537109375,34183800
2024-10-23,SPY,sp500_etf,581.260009765625,581.7100219726562,574.4199829101562,577.989990234375,567.8143310546875,49314600
2024-10-24,SPY,sp500_etf,579.97998046875,580.0599975585938,576.5700073242188,579.239990234375,569.0422973632812,34979900
2024-10-25,SPY,sp500_etf,581.510009765625,584.4600219726562,578.0800170898438,579.0399780273438,568.8458251953125,47268200
2024-10-28,SPY,sp500_etf,582.5800170898438,582.7100219726562,580.52001953125,580.8300170898438,570.6044311523438,30174700
2024-10-29,SPY,sp500_etf,579.8499755859375,582.9099731445312,578.4299926757812,581.77001953125,571.52783203125,42899700
2024-10-30,SPY,sp500_etf,581.2899780273438,583.3200073242188,579.2899780273438,580.010009765625,569.7987670898438,41435800
2024-10-31,SPY,sp500_etf,575.5599975585938,575.6300048828125,568.4400024414062,568.6400146484375,558.6290283203125,60182500
2024-11-01,SPY,sp500_etf,571.3200073242188,575.5499877929688,570.6199951171875,571.0399780273438,560.9867553710938,45667500
2024-11-04,SPY,sp500_etf,571.1799926757812,572.5,567.8900146484375,569.8099975585938,559.7783203125,38217000
2024-11-05,SPY,sp500_etf,570.739990234375,576.739990234375,570.52001953125,576.7000122070312,566.547119140625,39478300
2024-11-06,SPY,sp500_etf,589.2000122070312,591.9299926757812,585.3900146484375,591.0399780273438,580.6347045898438,68182000
2024-11-07,SPY,sp500_etf,593.0800170898438,596.6500244140625,593.0,595.6099853515625,585.1241455078125,47233200
2024-11-08,SPY,sp500_etf,596.1699829101562,599.6400146484375,596.1699829101562,598.1900024414062,587.6587524414062,46444900
2024-11-11,SPY,sp500_etf,599.8099975585938,600.1699829101562,597.0,598.760009765625,588.2186279296875,37586800
2024-11-12,SPY,sp500_etf,598.6799926757812,599.2899780273438,594.3699951171875,596.9000244140625,586.3914794921875,43006100
2024-11-13,SPY,sp500_etf,597.3699951171875,599.22998046875,594.9600219726562,597.1900024414062,586.6763305664062,47388600
2024-11-14,SPY,sp500_etf,597.3200073242188,597.8099975585938,592.6500244140625,593.3499755859375,582.9038696289062,38904100
2024-11-15,SPY,sp500_etf,589.719970703125,590.2000122070312,583.8599853515625,585.75,575.4376831054688,75988800
2024-11-18,SPY,sp500_etf,586.219970703125,589.489990234375,585.3400268554688,588.1500244140625,577.7954711914062,37001700
2024-11-19,SPY,sp500_etf,584.7100219726562,591.0399780273438,584.030029296875,590.2999877929688,579.9075927734375,49412000
2024-11-20,SPY,sp500_etf,590.3800048828125,590.7899780273438,584.6300048828125,590.5,580.1040649414062,50032600
2024-11-21,SPY,sp500_etf,593.4000244140625,595.1199951171875,587.4500122070312,593.6699829101562,583.2183227539062,46750300
2024-11-22,SPY,sp500_etf,593.6599731445312,596.1500244140625,593.1500244140625,595.510009765625,585.0259399414062,38226400
2024-11-25,SPY,sp500_etf,599.52001953125,600.8599853515625,595.2000122070312,597.530029296875,587.0104370117188,42441400
2024-11-26,SPY,sp500_etf,598.7999877929688,601.3300170898438,598.0700073242188,600.6500244140625,590.0755004882812,45621300
2024-11-27,SPY,sp500_etf,600.4600219726562,600.8499755859375,597.280029296875,598.8300170898438,588.2874145507812,34000200
2024-11-29,SPY,sp500_etf,599.6599731445312,603.3499755859375,599.3800048828125,602.5499877929688,591.9420166015625,30177400
2024-12-02,SPY,sp500_etf,602.969970703125,604.3200073242188,602.469970703125,603.6300048828125,593.0029907226562,31746000
2024-12-03,SPY,sp500_etf,603.3900146484375,604.1599731445312,602.3400268554688,603.9099731445312,593.2780151367188,26906600
2024-12-04,SPY,sp500_etf,605.6300048828125,607.9099731445312,604.9500122070312,607.6599731445312,596.9619750976562,42787600
2024-12-05,SPY,sp500_etf,607.6599731445312,608.47998046875,606.2999877929688,606.6599731445312,595.9796142578125,28762200
2024-12-06,SPY,sp500_etf,607.4400024414062,609.0700073242188,607.02001953125,607.8099975585938,597.1093139648438,31241500
2024-12-09,SPY,sp500_etf,607.6900024414062,607.8599853515625,604.0800170898438,604.6799926757812,594.034423828125,34742700
2024-12-10,SPY,sp500_etf,605.3699951171875,605.7999877929688,602.1300048828125,602.7999877929688,592.1875610351562,37234500
2024-12-11,SPY,sp500_etf,605.780029296875,608.4299926757812,605.5,607.4600219726562,596.7655639648438,28677700
2024-12-12,SPY,sp500_etf,606.5800170898438,607.1599731445312,604.3300170898438,604.3300170898438,593.690673828125,31543800
2024-12-13,SPY,sp500_etf,606.4000244140625,607.1300048828125,602.8099975585938,604.2100219726562,593.57275390625,35904700
2024-12-16,SPY,sp500_etf,606.0,607.780029296875,605.2100219726562,606.7899780273438,596.1072998046875,43695200
2024-12-17,SPY,sp500_etf,604.1900024414062,605.1699829101562,602.8900146484375,604.2899780273438,593.6513061523438,55773500
2024-12-18,SPY,sp500_etf,603.97998046875,606.4099731445312,585.8900146484375,586.280029296875,575.9584350585938,108248700
2024-12-19,SPY,sp500_etf,591.3599853515625,593.0,585.8499755859375,586.0999755859375,575.7815551757812,85919500
2024-12-20,SPY,sp500_etf,581.77001953125,595.75,580.9099731445312,591.1500244140625,582.6973266601562,125716700
2024-12-23,SPY,sp500_etf,590.8900146484375,595.2999877929688,587.6599731445312,594.6900024414062,586.1867065429688,57635800
2024-12-24,SPY,sp500_etf,596.0599975585938,601.3400268554688,595.469970703125,601.2999877929688,592.7020874023438,33160100
2024-12-26,SPY,sp500_etf,599.5,602.47998046875,598.0800170898438,601.3400268554688,592.7416381835938,41219100
2024-12-27,SPY,sp500_etf,597.5399780273438,597.780029296875,590.760009765625,595.010009765625,586.5020751953125,64969300
2024-12-30,SPY,sp500_etf,587.8900146484375,591.739990234375,584.4099731445312,588.219970703125,579.8091430664062,56578800
2024-12-31,SPY,sp500_etf,589.9099731445312,590.6400146484375,584.4199829101562,586.0800170898438,577.6997680664062,57052700
2025-01-02,SPY,sp500_etf,589.3900146484375,591.1300048828125,580.5,584.6400146484375,576.2803344726562,50204000
2025-01-03,SPY,sp500_etf,587.530029296875,592.5999755859375,586.4299926757812,591.9500122070312,583.48583984375,37888500
2025-01-06,SPY,sp500_etf,596.27001953125,599.7000122070312,593.5999755859375,595.3599853515625,586.8471069335938,47679400
2025-01-07,SPY,sp500_etf,597.4199829101562,597.75,586.780029296875,588.6300048828125,580.21337890625,60393100
2025-01-08,SPY,sp500_etf,588.7000122070312,590.5800170898438,585.2000122070312,589.489990234375,581.0609130859375,47304700
2025-01-10,SPY,sp500_etf,585.8800048828125,585.9500122070312,578.5499877929688,580.489990234375,572.1896362304688,73105000
2025-01-13,SPY,sp500_etf,575.77001953125,581.75,575.3499755859375,581.3900146484375,573.0768432617188,47910100
2025-01-14,SPY,sp500_etf,584.3599853515625,585.0,578.3499755859375,582.1900024414062,573.8653564453125,48420600
2025-01-15,SPY,sp500_etf,590.3300170898438,593.9400024414062,589.2000122070312,592.780029296875,584.303955078125,56900200
2025-01-16,SPY,sp500_etf,594.1699829101562,594.3499755859375,590.9299926757812,591.6400146484375,583.1802978515625,43319700
2025-01-17,SPY,sp500_etf,596.9600219726562,599.3599853515625,595.6099853515625,597.5800170898438,589.0353393554688,58070600
2025-01-21,SPY,sp500_etf,600.6699829101562,603.0599975585938,598.6699829101562,603.0499877929688,594.4270629882812,42532900
2025-01-22,SPY,sp500_etf,605.9199829101562,607.8200073242188,605.3599853515625,606.4400024414062,597.7685546875,48196000
2025-01-23,SPY,sp500_etf,605.7999877929688,609.75,605.52001953125,609.75,601.0313110351562,41152100
2025-01-24,SPY,sp500_etf,609.8099975585938,610.780029296875,606.7999877929688,607.969970703125,599.2766723632812,34604700
2025-01-27,SPY,sp500_etf,594.8099975585938,599.6900024414062,594.6400146484375,599.3699951171875,590.7997436523438,70361100
2025-01-28,SPY,sp500_etf,600.6199951171875,605.3699951171875,597.25,604.52001953125,595.8760986328125,44433300
2025-01-29,SPY,sp500_etf,603.719970703125,604.1300048828125,599.219970703125,601.8099975585938,593.204833984375,37177400
2025-01-30,SPY,sp500_etf,603.9600219726562,606.5999755859375,600.719970703125,605.0399780273438,596.3886108398438,39281300
2025-01-31,SPY,sp500_etf,607.5,609.9600219726562,601.0499877929688,601.8200073242188,593.2146606445312,66566900
2025-02-03,SPY,sp500_etf,592.6699829101562,600.2899780273438,590.489990234375,597.77001953125,589.2225341796875,65857200
2025-02-04,SPY,sp500_etf,597.8300170898438,602.2999877929688,597.280029296875,601.780029296875,593.1752319335938,33457800
2025-02-05,SPY,sp500_etf,600.6400146484375,604.3699951171875,598.5800170898438,604.219970703125,595.580322265625,30653100
2025-02-06,SPY,sp500_etf,605.989990234375,606.4500122070312,602.6300048828125,606.3200073242188,597.6503295898438,35771500
2025-02-07,SPY,sp500_etf,606.8900146484375,608.1300048828125,600.0499877929688,600.77001953125,592.1797485351562,50788500
2025-02-10,SPY,sp500_etf,604.030029296875,605.5,602.739990234375,604.8499755859375,596.2012939453125,26048700
2025-02-11,SPY,sp500_etf,602.5499877929688,605.8599853515625,602.4299926757812,605.3099975585938,596.65478515625,30056700
2025-02-12,SPY,sp500_etf,599.2000122070312,604.5499877929688,598.510009765625,603.3599853515625,594.7326049804688,45076100
2025-02-13,SPY,sp500_etf,604.47998046875,609.9400024414062,603.2000122070312,609.72998046875,601.0115966796875,40921300
2025-02-14,SPY,sp500_etf,609.9400024414062,610.989990234375,609.0700073242188,609.7000122070312,600.9820556640625,26910400
2025-02-18,SPY,sp500_etf,610.8800048828125,611.489990234375,608.3800048828125,611.489990234375,602.746337890625,26749000
2025-02-19,SPY,sp500_etf,610.0800170898438,613.22998046875,609.5599975585938,612.9299926757812,604.1658325195312,31011100
2025-02-20,SPY,sp500_etf,611.5399780273438,611.6799926757812,607.02001953125,610.3800048828125,601.6522827148438,36554000
2025-02-21,SPY,sp500_etf,610.1599731445312,610.2999877929688,599.469970703125,599.9400024414062,591.361572265625,76519800
2025-02-24,SPY,sp500_etf,602.02001953125,603.030029296875,596.489990234375,597.2100219726562,588.670654296875,50737200
2025-02-25,SPY,sp500_etf,597.1500244140625,597.8900146484375,589.5599975585938,594.239990234375,585.7430419921875,58266500
2025-02-26,SPY,sp500_etf,595.9299926757812,599.5800170898438,591.8599853515625,594.5399780273438,586.0386962890625,43321600
2025-02-27,SPY,sp500_etf,596.8499755859375,598.02001953125,584.6500244140625,585.0499877929688,576.6844482421875,74196700
2025-02-28,SPY,sp500_etf,585.5599975585938,594.719970703125,582.4400024414062,594.1799926757812,585.6838989257812,88744100
2025-03-03,SPY,sp500_etf,596.1799926757812,597.3400268554688,579.9000244140625,583.77001953125,575.4227905273438,74249200
2025-03-04,SPY,sp500_etf,579.7100219726562,585.3900146484375,572.25,576.8599853515625,568.611572265625,109648200
2025-03-05,SPY,sp500_etf,576.6900024414062,584.8800048828125,573.0800170898438,583.0599975585938,574.7229614257812,71230500
2025-03-06,SPY,sp500_etf,575.47998046875,580.1699829101562,570.1199951171875,572.7100219726562,564.52099609375,80094900
2025-03-07,SPY,sp500_etf,570.9000244140625,577.3900146484375,565.6300048828125,575.9199829101562,567.68505859375,81158800
2025-03-10,SPY,sp500_etf,567.5900268554688,569.5399780273438,555.5900268554688,560.5800170898438,552.5643920898438,99326600
2025-03-11,SPY,sp500_etf,559.4000244140625,564.02001953125,552.02001953125,555.9199829101562,547.970947265625,88102100
2025-03-12,SPY,sp500_etf,562.1699829101562,563.1099853515625,553.6900024414062,558.8699951171875,550.8787841796875,69588200
2025-03-13,SPY,sp500_etf,558.489990234375,559.1099853515625,549.6799926757812,551.4199829101562,543.5353393554688,74079400
2025-03-14,SPY,sp500_etf,556.1099853515625,563.8300170898438,551.489990234375,562.8099975585938,554.762451171875,62660300
2025-03-17,SPY,sp500_etf,562.7899780273438,569.7100219726562,562.3499755859375,567.1500244140625,559.0404052734375,49008700
2025-03-18,SPY,sp500_etf,564.7999877929688,565.02001953125,559.0599975585938,561.02001953125,552.9981079101562,66041400
2025-03-19,SPY,sp500_etf,562.8300170898438,570.9500122070312,561.6300048828125,567.1300048828125,559.0206909179688,66556000
2025-03-20,SPY,sp500_etf,563.3300170898438,570.5700073242188,562.5999755859375,565.489990234375,557.4041748046875,62958200
2025-03-21,SPY,sp500_etf,559.280029296875,564.8900146484375,558.030029296875,563.97998046875,557.5880737304688,83763000
2025-03-24,SPY,sp500_etf,570.7999877929688,575.1500244140625,570.2000122070312,574.0800170898438,567.5736083984375,58766800
2025-03-25,SPY,sp500_etf,575.2999877929688,576.4099731445312,573.6900024414062,575.4600219726562,568.93798828125,38355700
2025-03-26,SPY,sp500_etf,575.1900024414062,576.3300170898438,567.1900024414062,568.5900268554688,562.1458740234375,51848300
2025-03-27,SPY,sp500_etf,567.1799926757812,570.9000244140625,564.9400024414062,567.0800170898438,560.6529541015625,42164200
2025-03-28,SPY,sp500_etf,565.530029296875,566.27001953125,555.0700073242188,555.6599731445312,549.3623657226562,71662700
2025-03-31,SPY,sp500_etf,549.8300170898438,560.7100219726562,546.8699951171875,559.3900146484375,553.050048828125,95328200
2025-04-01,SPY,sp500_etf,557.4500122070312,562.9400024414062,553.6799926757812,560.969970703125,554.6121215820312,54609600
2025-04-02,SPY,sp500_etf,555.0499877929688,567.4199829101562,554.8099975585938,564.52001953125,558.1220092773438,76014500
2025-04-03,SPY,sp500_etf,545.1099853515625,547.969970703125,536.7000122070312,536.7000122070312,530.6171875,125986000
2025-04-04,SPY,sp500_etf,523.6699829101562,525.8699951171875,505.05999755859375,505.2799987792969,499.5533447265625,217965100
2025-04-07,SPY,sp500_etf,489.19000244140625,523.1699829101562,481.79998779296875,504.3800048828125,498.6635437011719,256611400
2025-04-08,SPY,sp500_etf,521.8599853515625,524.97998046875,489.1600036621094,496.4800109863281,490.8531188964844,165816600
2025-04-09,SPY,sp500_etf,493.44000244140625,548.6199951171875,493.04998779296875,548.6199951171875,542.4021606445312,241867300
2025-04-10,SPY,sp500_etf,532.1699829101562,533.5,509.32000732421875,524.5800170898438,518.6345825195312,162331200
2025-04-11,SPY,sp500_etf,523.010009765625,536.4299926757812,520.0700073242188,533.9400024414062,527.8884887695312,97866300
2025-04-14,SPY,sp500_etf,544.0499877929688,544.280029296875,533.8599853515625,539.1199951171875,533.009765625,68034000
2025-04-15,SPY,sp500_etf,539.6699829101562,543.22998046875,536.8099975585938,537.6099853515625,531.5169067382812,56892900
2025-04-16,SPY,sp500_etf,531.6799926757812,537.8900146484375,520.2899780273438,525.6599731445312,519.702392578125,83484800
2025-04-17,SPY,sp500_etf,527.6400146484375,531.1699829101562,523.9099731445312,526.4099731445312,520.44384765625,79868100
2025-04-21,SPY,sp500_etf,521.1599731445312,521.7000122070312,508.4599914550781,513.8800048828125,508.05584716796875,69368100
2025-04-22,SPY,sp500_etf,520.1400146484375,529.2999877929688,519.1900024414062,527.25,521.2743530273438,75948100
2025-04-23,SPY,sp500_etf,540.4299926757812,545.4299926757812,533.8800048828125,535.4199829101562,529.3516845703125,90590700
2025-04-24,SPY,sp500_etf,536.719970703125,547.4299926757812,535.4500122070312,546.6900024414062,540.4940185546875,64150400
2025-04-25,SPY,sp500_etf,546.6500244140625,551.0499877929688,543.6900024414062,550.6400146484375,544.3992309570312,61119600
2025-04-28,SPY,sp500_etf,551.3900146484375,553.5499877929688,545.02001953125,550.8499755859375,544.6068725585938,47613800
2025-04-29,SPY,sp500_etf,548.9099731445312,555.4500122070312,548.5499877929688,554.3200073242188,548.0375366210938,47775100
2025-04-30,SPY,sp500_etf,547.5700073242188,556.52001953125,541.52001953125,554.5399780273438,548.2550659179688,93101500
2025-05-01,SPY,sp500_etf,560.3699951171875,564.0700073242188,557.8599853515625,558.469970703125,552.1405029296875,63186100
2025-05-02,SPY,sp500_etf,564.72998046875,568.3800048828125,562.3800048828125,566.760009765625,560.3364868164062,60717300
2025-05-05,SPY,sp500_etf,562.5700073242188,566.6500244140625,561.7000122070312,563.510009765625,557.1234130859375,38659200
2025-05-06,SPY,sp500_etf,557.9299926757812,563.3499755859375,556.9600219726562,558.7999877929688,552.4667358398438,48264700
2025-05-07,SPY,sp500_etf,560.1500244140625,563.8200073242188,556.0399780273438,561.1500244140625,554.7901611328125,55588000
2025-05-08,SPY,sp500_etf,565.239990234375,570.3099975585938,561.7000122070312,565.0599975585938,558.6558837890625,65130800
2025-05-09,SPY,sp500_etf,566.47998046875,567.5,562.760009765625,564.3400268554688,557.9439697265625,37603400
2025-05-12,SPY,sp500_etf,581.469970703125,583.0,577.0399780273438,582.989990234375,576.3826293945312,78993600
2025-05-13,SPY,sp500_etf,583.4099731445312,589.0800170898438,582.8400268554688,586.8400268554688,580.1890258789062,67947200
2025-05-14,SPY,sp500_etf,587.8099975585938,588.97998046875,585.5399780273438,587.5900268554688,580.9304809570312,66283500
2025-05-15,SPY,sp500_etf,585.5599975585938,590.969970703125,585.0999755859375,590.4600219726562,583.7680053710938,71268100
2025-05-16,SPY,sp500_etf,591.25,594.5,589.280029296875,594.2000122070312,587.4655151367188,76052100
2025-05-19,SPY,sp500_etf,588.0999755859375,595.5399780273438,588.0999755859375,594.8499755859375,588.108154296875,68168500
2025-05-20,SPY,sp500_etf,593.0900268554688,594.0499877929688,589.5999755859375,592.8499755859375,586.130859375,60614500
2025-05-21,SPY,sp500_etf,588.4400024414062,592.5800170898438,581.8200073242188,582.8599853515625,576.2540893554688,95197700
2025-05-22,SPY,sp500_etf,582.6599731445312,586.6199951171875,581.4099731445312,583.0900268554688,576.4815063476562,70860400
2025-05-23,SPY,sp500_etf,575.97998046875,581.8099975585938,575.5999755859375,579.1099853515625,572.5465698242188,76029000
2025-05-27,SPY,sp500_etf,586.0700073242188,591.3099975585938,578.4299926757812,591.1500244140625,584.4501953125,72588500
2025-05-28,SPY,sp500_etf,591.5599975585938,592.77001953125,586.989990234375,587.72998046875,581.0689086914062,68445500
2025-05-29,SPY,sp500_etf,593.0599975585938,593.2000122070312,586.0700073242188,590.0499877929688,583.3626098632812,69973300
2025-05-30,SPY,sp500_etf,588.9299926757812,591.1300048828125,583.239990234375,589.3900146484375,582.7100830078125,90601200
2025-06-02,SPY,sp500_etf,587.760009765625,592.7899780273438,585.0599975585938,592.7100219726562,585.992431640625,61630500
2025-06-03,SPY,sp500_etf,592.3400268554688,597.0800170898438,591.8499755859375,596.0900268554688,589.3341064453125,63606200
2025-06-04,SPY,sp500_etf,596.9600219726562,597.9500122070312,595.489990234375,595.9299926757812,589.1759643554688,57314200
2025-06-05,SPY,sp500_etf,597.6300048828125,599.0,591.0499877929688,593.0499877929688,586.3285522460938,92278700
2025-06-06,SPY,sp500_etf,598.6599731445312,600.8300170898438,596.8599853515625,599.1400146484375,592.3495483398438,66588700
2025-06-09,SPY,sp500_etf,599.719970703125,601.25,598.489990234375,599.6799926757812,592.8834838867188,53016400
2025-06-10,SPY,sp500_etf,600.219970703125,603.469970703125,599.0900268554688,603.0800170898438,596.244873046875,66247000
2025-06-11,SPY,sp500_etf,604.1900024414062,605.0599975585938,599.27001953125,601.3599853515625,594.54443359375,73658200
2025-06-12,SPY,sp500_etf,600.010009765625,603.75,599.52001953125,603.75,596.9072875976562,64129000
2025-06-13,SPY,sp500_etf,598.5,601.8499755859375,595.47998046875,597.0,590.2338256835938,89506000
2025-06-16,SPY,sp500_etf,600.4000244140625,604.4500122070312,600.219970703125,602.6799926757812,595.8494262695312,79984100
2025-06-17,SPY,sp500_etf,600.2100219726562,601.75,596.760009765625,597.530029296875,590.7578735351562,82209400
2025-06-18,SPY,sp500_etf,598.4400024414062,601.219970703125,596.469970703125,597.4400024414062,590.6688842773438,76605000
2025-06-20,SPY,sp500_etf,598.3800048828125,599.4600219726562,592.8599853515625,594.280029296875,589.2816162109375,94051400
2025-06-23,SPY,sp500_etf,595.0399780273438,600.5399780273438,591.8900146484375,600.1500244140625,595.1022338867188,87426000
2025-06-24,SPY,sp500_etf,604.3300170898438,607.8499755859375,603.4099731445312,606.780029296875,601.676513671875,67735300
2025-06-25,SPY,sp500_etf,607.9099731445312,608.6099853515625,605.5399780273438,607.1199951171875,602.0136108398438,62114800
2025-06-26,SPY,sp500_etf,608.989990234375,612.3099975585938,608.3699951171875,611.8699951171875,606.7236328125,78548400
2025-06-27,SPY,sp500_etf,612.8800048828125,616.3900146484375,610.8300170898438,614.9099731445312,609.7380981445312,86258400
2025-06-30,SPY,sp500_etf,617.3800048828125,619.219970703125,615.0399780273438,617.8499755859375,612.6533813476562,92502500
2025-07-01,SPY,sp500_etf,616.3599853515625,618.8300170898438,615.52001953125,617.6500244140625,612.455078125,70030100
2025-07-02,SPY,sp500_etf,617.239990234375,620.489990234375,616.6099853515625,620.4500122070312,615.2315063476562,66510400
2025-07-03,SPY,sp500_etf,622.4500122070312,626.280029296875,622.4299926757812,625.3400268554688,620.0803833007812,51065800
2025-07-07,SPY,sp500_etf,623.3599853515625,624.030029296875,617.8699951171875,620.6799926757812,615.4595336914062,74814500
2025-07-08,SPY,sp500_etf,621.3499755859375,622.1099853515625,619.52001953125,620.3400268554688,615.1224365234375,59024600
2025-07-09,SPY,sp500_etf,622.77001953125,624.719970703125,620.9099731445312,624.0599975585938,618.8110961914062,66113300
2025-07-10,SPY,sp500_etf,624.2000122070312,626.8699951171875,623.010009765625,625.8200073242188,620.5563354492188,57529000
2025-07-11,SPY,sp500_etf,622.739990234375,624.8599853515625,621.530029296875,623.6199951171875,618.3748168945312,63670200
2025-07-14,SPY,sp500_etf,623.1599731445312,625.1599731445312,621.7999877929688,624.8099975585938,619.5548095703125,51898500
2025-07-15,SPY,sp500_etf,627.52001953125,627.8599853515625,622.0599975585938,622.1400146484375,616.9072875976562,74317300
2025-07-16,SPY,sp500_etf,623.739990234375,624.72998046875,618.0499877929688,624.219970703125,618.9697265625,88987500
2025-07-17,SPY,sp500_etf,624.4000244140625,628.4000244140625,624.1799926757812,628.0399780273438,622.7576293945312,68885700
2025-07-18,SPY,sp500_etf,629.2999877929688,629.469970703125,626.4600219726562,627.5800170898438,622.3014526367188,65621600
2025-07-21,SPY,sp500_etf,628.77001953125,631.5399780273438,628.3400268554688,628.77001953125,623.4815063476562,63375000
2025-07-22,SPY,sp500_etf,629.0999755859375,629.72998046875,626.1900024414062,628.8599853515625,623.5707397460938,60046300
2025-07-23,SPY,sp500_etf,631.5499877929688,634.2100219726562,629.72998046875,634.2100219726562,628.8757934570312,70511000
2025-07-24,SPY,sp500_etf,634.5999755859375,636.1500244140625,633.989990234375,634.4199829101562,629.0839233398438,71307100
2025-07-25,SPY,sp500_etf,635.0900268554688,637.5800170898438,634.8400268554688,637.0999755859375,631.7413940429688,56865400
2025-07-28,SPY,sp500_etf,637.47998046875,638.0399780273438,635.5399780273438,636.9400024414062,631.5828247070312,54917100
2025-07-29,SPY,sp500_etf,638.3499755859375,638.6699829101562,634.3400268554688,635.260009765625,629.9169311523438,60556300
2025-07-30,SPY,sp500_etf,635.9199829101562,637.6799926757812,631.5399780273438,634.4600219726562,629.1236572265625,80418900
2025-07-31,SPY,sp500_etf,639.4600219726562,639.8499755859375,630.77001953125,632.0800170898438,626.763671875,103385200
2025-08-01,SPY,sp500_etf,626.2999877929688,626.3400268554688,619.2899780273438,621.719970703125,616.4907836914062,140103600
2025-08-04,SPY,sp500_etf,625.6699829101562,631.219970703125,625.5800170898438,631.1699829101562,625.8612670898438,73218000
2025-08-05,SPY,sp500_etf,631.7899780273438,632.6099853515625,627.0399780273438,627.969970703125,622.688232421875,68051400
2025-08-06,SPY,sp500_etf,629.0499877929688,633.4400024414062,628.1300048828125,632.780029296875,627.457763671875,64357500
2025-08-07,SPY,sp500_etf,636.239990234375,636.97998046875,629.1099853515625,632.25,626.9321899414062,74205800
2025-08-08,SPY,sp500_etf,634.0599975585938,637.6500244140625,633.739990234375,637.1799926757812,631.82080078125,64051600
2025-08-11,SPY,sp500_etf,637.4600219726562,638.9500122070312,634.6599731445312,635.9199829101562,630.5713500976562,58742300
2025-08-12,SPY,sp500_etf,638.2899780273438,642.8499755859375,636.7899780273438,642.6900024414062,637.284423828125,64730800
2025-08-13,SPY,sp500_etf,644.9099731445312,646.1900024414062,642.6799926757812,644.8900146484375,639.4658813476562,60092800
2025-08-14,SPY,sp500_etf,642.7899780273438,645.6199951171875,642.3400268554688,644.9500122070312,639.5254516601562,59327500
2025-08-15,SPY,sp500_etf,645.989990234375,646.0900268554688,642.52001953125,643.4400024414062,638.0281372070312,68592500
2025-08-18,SPY,sp500_etf,642.8599853515625,644.0,642.1799926757812,643.2999877929688,637.8892822265625,43804900
2025-08-19,SPY,sp500_etf,643.1199951171875,644.1099853515625,638.47998046875,639.8099975585938,634.4286499023438,69750700
2025-08-20,SPY,sp500_etf,639.4000244140625,639.6599731445312,632.9500122070312,638.1099853515625,632.7429809570312,88890300
2025-08-21,SPY,sp500_etf,636.280029296875,637.969970703125,633.8099975585938,635.5499877929688,630.2044677734375,54805800
2025-08-22,SPY,sp500_etf,637.760009765625,646.5,637.25,645.3099975585938,639.88232421875,84083200
2025-08-25,SPY,sp500_etf,644.0399780273438,645.2899780273438,642.3499755859375,642.469970703125,637.0662841796875,51274300
2025-08-26,SPY,sp500_etf,642.2000122070312,645.510009765625,641.5700073242188,645.1599731445312,639.7335815429688,51581600
2025-08-27,SPY,sp500_etf,644.5700073242188,647.3699951171875,644.4199829101562,646.6300048828125,641.1912841796875,48341100
2025-08-28,SPY,sp500_etf,647.239990234375,649.47998046875,645.3400268554688,648.9199829101562,643.4619750976562,61519500
2025-08-29,SPY,sp500_etf,647.469970703125,647.8400268554688,643.1400146484375,645.0499877929688,639.6245727539062,74522200
2025-09-02,SPY,sp500_etf,637.5,640.489990234375,634.9199829101562,640.27001953125,634.884765625,81983500
2025-09-03,SPY,sp500_etf,642.6699829101562,644.2100219726562,640.4600219726562,643.739990234375,638.3255615234375,70820900
2025-09-04,SPY,sp500_etf,644.4199829101562,649.1500244140625,643.510009765625,649.1199951171875,643.6602783203125,65219200
2025-09-05,SPY,sp500_etf,651.47998046875,652.2100219726562,643.3300170898438,647.239990234375,641.796142578125,85178900
2025-09-08,SPY,sp500_etf,648.6199951171875,649.8400268554688,647.22998046875,648.8300170898438,643.3727416992188,63133100
2025-09-09,SPY,sp500_etf,648.969970703125,650.8599853515625,647.219970703125,650.3300170898438,644.8601684570312,66133900
2025-09-10,SPY,sp500_etf,653.6199951171875,654.5499877929688,650.6300048828125,652.2100219726562,646.724365234375,78034500
2025-09-11,SPY,sp500_etf,654.1799926757812,658.3300170898438,653.5900268554688,657.6300048828125,652.0988159179688,69934400
2025-09-12,SPY,sp500_etf,657.5999755859375,659.1099853515625,656.9000244140625,657.4099731445312,651.8805541992188,72780100
2025-09-15,SPY,sp500_etf,659.6400146484375,661.0399780273438,659.3400268554688,660.9099731445312,655.3511352539062,63772400
2025-09-16,SPY,sp500_etf,661.469970703125,661.780029296875,659.2100219726562,660.0,654.4488525390625,61169000
2025-09-17,SPY,sp500_etf,660.010009765625,661.719970703125,654.2999877929688,659.1799926757812,653.6356811523438,101952200
2025-09-18,SPY,sp500_etf,661.8900146484375,664.8900146484375,660.27001953125,662.260009765625,656.6898803710938,90459200
2025-09-19,SPY,sp500_etf,662.3300170898438,664.5499877929688,660.3699951171875,663.7000122070312,659.9423217773438,97945600
2025-09-22,SPY,sp500_etf,662.2000122070312,667.2899780273438,662.1699829101562,666.8400268554688,663.0645751953125,69452200
2025-09-23,SPY,sp500_etf,666.719970703125,667.3400268554688,661.97998046875,663.2100219726562,659.4551391601562,81708900
2025-09-24,SPY,sp500_etf,664.510009765625,664.6099853515625,659.6699829101562,661.0999755859375,657.3569946289062,68082200
2025-09-25,SPY,sp500_etf,657.9400024414062,659.4099731445312,654.4099731445312,658.0499877929688,654.3242797851562,89622100
2025-09-26,SPY,sp500_etf,659.510009765625,662.3699951171875,657.8800048828125,661.8200073242188,658.072998046875,69179200
2025-09-29,SPY,sp500_etf,664.3599853515625,665.280029296875,661.8599853515625,663.6799926757812,659.9224243164062,73499000
2025-09-30,SPY,sp500_etf,662.9299926757812,666.6500244140625,661.6099853515625,666.1799926757812,662.4082641601562,86288000
2025-10-01,SPY,sp500_etf,663.1699829101562,669.3699951171875,663.0599975585938,668.4500122070312,664.6654052734375,72545400
2025-10-02,SPY,sp500_etf,670.4500122070312,670.5700073242188,666.780029296875,669.219970703125,665.4309692382812,56896000
2025-10-03,SPY,sp500_etf,669.989990234375,672.6799926757812,668.1599731445312,669.2100219726562,665.421142578125,70494400
2025-10-06,SPY,sp500_etf,671.6199951171875,672.510009765625,669.4600219726562,671.6099853515625,667.8074951171875,54623300
2025-10-07,SPY,sp500_etf,672.5399780273438,672.989990234375,667.6699829101562,669.1199951171875,665.3316040039062,72020100
2025-10-08,SPY,sp500_etf,670.25,673.2100219726562,669.4199829101562,673.1099853515625,669.2990112304688,60702200
2025-10-09,SPY,sp500_etf,673.530029296875,673.9400024414062,669.2100219726562,671.1599731445312,667.3600463867188,66501900
2025-10-10,SPY,sp500_etf,672.1300048828125,673.9500122070312,652.8400268554688,653.02001953125,649.32275390625,159422600
2025-10-13,SPY,sp500_etf,660.6500244140625,665.1300048828125,659.77001953125,663.0399780273438,659.2860107421875,79560500
2025-10-14,SPY,sp500_etf,657.1699829101562,665.8300170898438,653.1699829101562,662.22998046875,658.4805908203125,88779600
2025-10-15,SPY,sp500_etf,666.8200073242188,670.22998046875,658.9299926757812,665.1699829101562,661.4039306640625,81702600
2025-10-16,SPY,sp500_etf,666.8200073242188,668.7100219726562,657.1099853515625,660.6400146484375,656.8995971679688,110563300
2025-10-17,SPY,sp500_etf,659.5,665.760009765625,658.1400146484375,664.3900146484375,660.62841796875,96500900
2025-10-20,SPY,sp500_etf,667.3200073242188,672.2100219726562,667.27001953125,671.2999877929688,667.499267578125,60493400
2025-10-21,SPY,sp500_etf,671.4400024414062,672.989990234375,669.97998046875,671.2899780273438,667.4893188476562,56249000
2025-10-22,SPY,sp500_etf,672.0,672.0,663.2999877929688,667.7999877929688,664.0191040039062,80564000
2025-10-23,SPY,sp500_etf,668.1199951171875,672.7100219726562,667.7999877929688,671.760009765625,667.9566650390625,65604500
2025-10-24,SPY,sp500_etf,676.4600219726562,678.469970703125,675.6500244140625,677.25,673.4155883789062,74356500
2025-10-27,SPY,sp500_etf,682.72998046875,685.5399780273438,682.1199951171875,685.239990234375,681.3603515625,63339800
2025-10-28,SPY,sp500_etf,687.0499877929688,688.9099731445312,684.8300170898438,687.0599975585938,683.1700439453125,61738100
2025-10-29,SPY,sp500_etf,688.719970703125,689.7000122070312,682.8699951171875,687.3900146484375,683.4982299804688,85657100
2025-10-30,SPY,sp500_etf,683.9000244140625,685.9400024414062,679.8300170898438,679.8300170898438,675.9810180664062,76335800
2025-10-31,SPY,sp500_etf,685.0399780273438,685.0800170898438,679.239990234375,682.0599975585938,678.1983032226562,87164100
2025-11-03,SPY,sp500_etf,685.6699829101562,685.7999877929688,679.9400024414062,683.3400268554688,679.4711303710938,57315000
2025-11-04,SPY,sp500_etf,676.1099853515625,679.9600219726562,674.5800170898438,675.239990234375,671.4169921875,78427000
2025-11-05,SPY,sp500_etf,674.97998046875,680.8599853515625,674.1699829101562,677.5800170898438,673.7437133789062,74402400
2025-11-06,SPY,sp500_etf,676.469970703125,677.3800048828125,668.719970703125,670.3099975585938,666.514892578125,85035300
2025-11-07,SPY,sp500_etf,667.9099731445312,671.0800170898438,661.2100219726562,670.969970703125,667.1710815429688,100592400
2025-11-10,SPY,sp500_etf,677.239990234375,682.1799926757812,675.030029296875,681.4400024414062,677.5818481445312,75842900
2025-11-11,SPY,sp500_etf,679.9500122070312,683.5700073242188,678.72998046875,683.0,679.1329956054688,58953400
2025-11-12,SPY,sp500_etf,684.7899780273438,684.9600219726562,680.9500122070312,683.3800048828125,679.5109252929688,62312500
2025-11-13,SPY,sp500_etf,680.5,680.8599853515625,670.52001953125,672.0399780273438,668.235107421875,103457800
2025-11-14,SPY,sp500_etf,665.3800048828125,675.6599731445312,663.27001953125,671.9299926757812,668.1256713867188,96846700
2025-11-17,SPY,sp500_etf,669.7000122070312,673.7100219726562,662.1699829101562,665.6699829101562,661.901123046875,90456100
2025-11-18,SPY,sp500_etf,662.0999755859375,665.1199951171875,655.8599853515625,660.0800170898438,656.3427734375,114467500
2025-11-19,SPY,sp500_etf,660.780029296875,667.3400268554688,658.75,662.6300048828125,658.8783569335938,94703000
2025-11-20,SPY,sp500_etf,672.9099731445312,675.5599975585938,651.8900146484375,652.530029296875,648.8355712890625,165293500
2025-11-21,SPY,sp500_etf,655.0499877929688,664.5499877929688,650.8499755859375,659.030029296875,655.2987670898438,123956200
2025-11-24,SPY,sp500_etf,662.6900024414062,670.0599975585938,661.5900268554688,668.72998046875,664.9437866210938,80437900
2025-11-25,SPY,sp500_etf,668.6300048828125,676.2100219726562,664.47998046875,675.02001953125,671.1982421875,81077100
2025-11-26,SPY,sp500_etf,677.6300048828125,681.7000122070312,676.719970703125,679.6799926757812,675.8318481445312,71879600
2025-11-28,SPY,sp500_etf,680.8599853515625,683.6699829101562,680.5,683.3900146484375,679.5208129882812,49212000
2025-12-01,SPY,sp500_etf,678.8099975585938,682.989990234375,678.739990234375,680.27001953125,676.41845703125,61201200
2025-12-02,SPY,sp500_etf,681.9199829101562,683.8200073242188,679.3300170898438,681.530029296875,677.67138671875,62953800
2025-12-03,SPY,sp500_etf,680.5700073242188,684.9099731445312,679.6900024414062,683.8900146484375,680.0180053710938,57238500
2025-12-04,SPY,sp500_etf,685.2999877929688,685.3699951171875,681.3400268554688,684.3900146484375,680.51513671875,61970300
2025-12-05,SPY,sp500_etf,685.469970703125,688.3900146484375,684.5800170898438,685.6900024414062,681.8078002929688,79241000
2025-12-08,SPY,sp500_etf,686.5900268554688,686.6400146484375,681.5700073242188,683.6300048828125,679.7594604492188,55231500
2025-12-09,SPY,sp500_etf,683.1500244140625,685.3900146484375,682.5900268554688,683.0399780273438,679.1727905273438,58310100
2025-12-10,SPY,sp500_etf,682.5599975585938,688.969970703125,681.3099975585938,687.5700073242188,683.6771850585938,85671300
2025-12-11,SPY,sp500_etf,685.1400146484375,689.25,682.1699829101562,689.1699829101562,685.26806640625,86173700
2025-12-12,SPY,sp500_etf,688.1699829101562,688.8800048828125,679.1699829101562,681.760009765625,677.9000854492188,113160300
2025-12-15,SPY,sp500_etf,685.739990234375,685.760009765625,679.25,680.72998046875,676.8758544921875,90811000
2025-12-16,SPY,sp500_etf,679.22998046875,681.0800170898438,674.97998046875,678.8699951171875,675.0264282226562,122030600
2025-12-17,SPY,sp500_etf,679.8900146484375,680.4400024414062,671.2000122070312,671.4000244140625,667.5986938476562,110625200
2025-12-18,SPY,sp500_etf,677.5999755859375,680.739990234375,674.9000244140625,676.469970703125,672.6399536132812,108650100
2025-12-19,SPY,sp500_etf,676.5900268554688,681.0900268554688,676.469970703125,680.5900268554688,678.7363891601562,103599500
2025-12-22,SPY,sp500_etf,683.9400024414062,685.3599853515625,680.5900268554688,684.8300170898438,682.96484375,69556700
2025-12-23,SPY,sp500_etf,683.9199829101562,688.2000122070312,683.8699951171875,687.9600219726562,686.0863037109375,64840000
2025-12-24,SPY,sp500_etf,687.9500122070312,690.8300170898438,687.7999877929688,690.3800048828125,688.4996948242188,39445600
2025-12-26,SPY,sp500_etf,690.6400146484375,691.6599731445312,689.27001953125,690.3099975585938,688.4298706054688,41613300
2025-12-29,SPY,sp500_etf,687.5399780273438,689.2000122070312,686.0700073242188,687.8499755859375,685.9765625,62559500
2025-12-30,SPY,sp500_etf,687.4500122070312,688.5599975585938,686.5800170898438,687.010009765625,685.138916015625,47160700
2025-12-31,SPY,sp500_etf,687.1400146484375,687.3599853515625,681.7100219726562,681.9199829101562,680.062744140625,74144800
2026-01-02,SPY,sp500_etf,685.7100219726562,686.8699951171875,679.8200073242188,683.1699829101562,681.309326171875,89377200
2026-01-05,SPY,sp500_etf,686.5399780273438,689.4299926757812,686.3800048828125,687.719970703125,685.846923828125,71927200
2026-01-06,SPY,sp500_etf,687.9299926757812,692.3200073242188,687.780029296875,691.8099975585938,689.92578125,69273800
2026-01-07,SPY,sp500_etf,692.1900024414062,693.9600219726562,689.3200073242188,689.5800170898438,687.701904296875,75588300
2026-01-08,SPY,sp500_etf,688.8200073242188,690.6199951171875,687.489990234375,689.510009765625,687.632080078125,64019200
2026-01-09,SPY,sp500_etf,690.6300048828125,695.3099975585938,689.1799926757812,694.0700073242188,692.1796264648438,80125500
2026-01-12,SPY,sp500_etf,690.6799926757812,696.0900268554688,690.6300048828125,695.1599731445312,693.2666625976562,63976000
2026-01-13,SPY,sp500_etf,695.489990234375,696.0900268554688,691.3499755859375,693.77001953125,691.8804931640625,78309700
2026-01-14,SPY,sp500_etf,691.0,691.719970703125,686.0399780273438,690.3599853515625,688.479736328125,94676700
2026-01-15,SPY,sp500_etf,694.5700073242188,695.4500122070312,691.25,692.239990234375,690.3546142578125,77862000
2026-01-16,SPY,sp500_etf,693.6599731445312,694.25,690.0999755859375,691.6599731445312,689.7761840820312,79289200
2026-01-20,SPY,sp500_etf,681.489990234375,684.77001953125,676.5700073242188,677.5800170898438,675.7345581054688,111623300
2026-01-21,SPY,sp500_etf,679.6500244140625,688.739990234375,678.1300048828125,685.4000244140625,683.5332641601562,127844500
2026-01-22,SPY,sp500_etf,689.8499755859375,691.1300048828125,686.9199829101562,688.97998046875,687.103515625,77112200
2026-01-23,SPY,sp500_etf,688.1500244140625,690.9600219726562,687.1599731445312,689.22998046875,687.352783203125,63059600
2026-01-26,SPY,sp500_etf,690.489990234375,694.1300048828125,689.9199829101562,692.72998046875,690.84326171875,60473800
2026-01-27,SPY,sp500_etf,694.1799926757812,696.530029296875,693.5700073242188,695.489990234375,693.5957641601562,55506100
2026-01-28,SPY,sp500_etf,697.0499877929688,697.8400268554688,693.9400024414062,695.4199829101562,693.5259399414062,61172200
2026-01-29,SPY,sp500_etf,696.3900146484375,697.0599975585938,684.8300170898438,694.0399780273438,692.1497192382812,97486200
2026-01-30,SPY,sp500_etf,691.7899780273438,694.2100219726562,687.1199951171875,691.969970703125,690.0853271484375,101835100
2026-02-02,SPY,sp500_etf,689.5800170898438,696.9299926757812,689.4199829101562,695.4099731445312,693.5159912109375,79286500
2026-02-03,SPY,sp500_etf,696.2100219726562,696.9600219726562,684.030029296875,689.530029296875,687.6520385742188,107904600
2026-02-04,SPY,sp500_etf,690.3499755859375,691.4500122070312,681.760009765625,686.1900024414062,684.3211059570312,105204600
2026-02-05,SPY,sp500_etf,680.9400024414062,683.6900024414062,675.7899780273438,677.6199951171875,675.7744750976562,113610800
2026-02-06,SPY,sp500_etf,681.4600219726562,692.3099975585938,680.8499755859375,690.6199951171875,688.739013671875,89127600
2026-02-09,SPY,sp500_etf,689.4199829101562,695.8699951171875,688.3400268554688,693.9500122070312,692.0599975585938,73885200
2026-02-10,SPY,sp500_etf,694.9500122070312,696.5399780273438,691.6599731445312,692.1199951171875,690.2349243164062,65185700
2026-02-11,SPY,sp500_etf,696.3900146484375,697.1400146484375,689.1799926757812,691.9600219726562,690.075439453125,76353900
2026-02-12,SPY,sp500_etf,694.239990234375,695.3499755859375,680.3699951171875,681.27001953125,679.41455078125,118829000
2026-02-13,SPY,sp500_etf,681.6900024414062,686.280029296875,677.52001953125,681.75,679.8931884765625,96267500
2026-02-17,SPY,sp500_etf,680.1400146484375,684.9400024414062,675.780029296875,682.8499755859375,680.9901733398438,81354700
2026-02-18,SPY,sp500_etf,684.02001953125,689.1500244140625,682.8300170898438,686.2899780273438,684.4208374023438,73570300
2026-02-19,SPY,sp500_etf,683.8400268554688,686.1799926757812,681.5499877929688,684.47998046875,682.61572265625,58649400
2026-02-20,SPY,sp500_etf,682.3200073242188,690.0599975585938,681.72998046875,689.4299926757812,687.5523071289062,100034000
2026-02-23,SPY,sp500_etf,687.8300170898438,690.0,680.3699951171875,682.3900146484375,680.531494140625,90558100
2026-02-24,SPY,sp500_etf,681.9000244140625,688.3499755859375,680.0,687.3499755859375,685.4779052734375,73798700
2026-02-25,SPY,sp500_etf,690.1799926757812,693.6799926757812,690.0999755859375,693.1500244140625,691.26220703125,56369500
2026-02-26,SPY,sp500_etf,693.280029296875,693.2999877929688,684.3499755859375,689.2999877929688,687.422607421875,71671000
2026-02-27,SPY,sp500_etf,683.0900268554688,686.8599853515625,681.6400146484375,685.989990234375,684.1216430664062,83308900
2026-03-02,SPY,sp500_etf,678.7000122070312,688.6199951171875,678.02001953125,686.3800048828125,684.5106201171875,87477200
2026-03-03,SPY,sp500_etf,675.0599975585938,682.6099853515625,669.6599731445312,680.3300170898438,678.4771118164062,105003100
2026-03-04,SPY,sp500_etf,681.6300048828125,687.0900268554688,679.6199951171875,685.1300048828125,683.2639770507812,79182200
2026-03-05,SPY,sp500_etf,682.0800170898438,685.530029296875,675.6099853515625,681.3099975585938,679.4544067382812,106606500
2026-03-06,SPY,sp500_etf,673.4099731445312,676.1099853515625,669.760009765625,672.3800048828125,670.5487060546875,100687000
2026-03-09,SPY,sp500_etf,666.3900146484375,679.9199829101562,662.3900146484375,678.27001953125,676.4227294921875,102667700
2026-03-10,SPY,sp500_etf,677.719970703125,683.3599853515625,674.760009765625,677.1799926757812,675.3356323242188,81505300
2026-03-11,SPY,sp500_etf,677.5800170898438,680.0800170898438,673.3400268554688,676.3300170898438,674.4879760742188,68441700
2026-03-12,SPY,sp500_etf,671.1599731445312,671.6500244140625,665.8699951171875,666.0599975585938,664.2459106445312,108882200
2026-03-13,SPY,sp500_etf,669.27001953125,672.3400268554688,661.3599853515625,662.2899780273438,660.4862060546875,97200200
2026-03-16,SPY,sp500_etf,668.3800048828125,672.0700073242188,667.1199951171875,669.030029296875,667.2078857421875,82023100
2026-03-17,SPY,sp500_etf,672.3900146484375,674.4400024414062,669.7000122070312,670.7899780273438,668.9630126953125,87128000
2026-03-18,SPY,sp500_etf,668.3599853515625,669.719970703125,661.1900024414062,661.4299926757812,659.6285400390625,82062600
2026-03-19,SPY,sp500_etf,656.969970703125,662.97998046875,655.1699829101562,659.7999877929688,658.0029907226562,111272500
2026-03-20,SPY,sp500_etf,656.510009765625,656.6900024414062,644.719970703125,648.5700073242188,648.5700073242188,163617500
2026-03-23,SPY,sp500_etf,658.0700073242188,662.6199951171875,653.9400024414062,655.3800048828125,655.3800048828125,134802700
2026-03-24,SPY,sp500_etf,651.3200073242188,657.030029296875,649.8800048828125,653.1799926757812,653.1799926757812,96457500
2026-03-25,SPY,sp500_etf,658.6699829101562,660.8900146484375,654.239990234375,656.8200073242188,656.8200073242188,90653800
2026-03-26,SPY,sp500_etf,652.0599975585938,654.8499755859375,644.8200073242188,645.0900268554688,645.0900268554688,96494400
2026-03-27,SPY,sp500_etf,642.5,642.6599731445312,633.1099853515625,634.0900268554688,634.0900268554688,103649400
2026-03-30,SPY,sp500_etf,640.1099853515625,640.3699951171875,629.280029296875,631.969970703125,631.969970703125,99275900
2026-03-31,SPY,sp500_etf,638.9400024414062,651.5399780273438,637.97998046875,650.3400268554688,650.3400268554688,152534100
2026-04-01,SPY,sp500_etf,653.9000244140625,658.52001953125,653.0,655.239990234375,655.239990234375,97841500
2026-04-02,SPY,sp500_etf,646.4199829101562,658.2000122070312,645.1099853515625,655.8300170898438,655.8300170898438,68358700
2026-04-06,SPY,sp500_etf,655.8599853515625,659.719970703125,655.52001953125,658.9299926757812,658.9299926757812,39105800
2026-04-07,SPY,sp500_etf,656.6500244140625,659.6099853515625,651.0599975585938,659.219970703125,659.219970703125,69980400
2026-04-08,SPY,sp500_etf,676.3900146484375,677.0800170898438,671.4600219726562,676.010009765625,676.010009765625,93606100
2026-04-09,SPY,sp500_etf,674.8400268554688,681.1599731445312,673.77001953125,679.9099731445312,679.9099731445312,57134400
2026-04-10,SPY,sp500_etf,681.3200073242188,682.030029296875,678.4500122070312,679.4600219726562,679.4600219726562,42253500
2026-04-13,SPY,sp500_etf,677.4099731445312,686.2999877929688,676.5800170898438,686.0999755859375,686.0999755859375,54185800
2026-04-14,SPY,sp500_etf,687.6900024414062,694.5800170898438,687.6599731445312,694.4600219726562,694.4600219726562,63480500
2026-04-15,SPY,sp500_etf,695.260009765625,700.280029296875,694.2000122070312,699.9400024414062,699.9400024414062,58240400
2026-04-16,SPY,sp500_etf,701.0599975585938,702.780029296875,698.530029296875,701.6599731445312,701.6599731445312,49972400
2026-04-17,SPY,sp500_etf,706.1400146484375,712.3900146484375,705.760009765625,710.1400146484375,710.1400146484375,70661900
2026-04-20,SPY,sp500_etf,708.780029296875,709.9099731445312,706.1400146484375,708.719970703125,708.719970703125,43546800
2026-04-21,SPY,sp500_etf,710.280029296875,711.280029296875,702.6400146484375,704.0800170898438,704.0800170898438,58941400
2026-04-22,SPY,sp500_etf,709.1500244140625,711.4500122070312,708.219970703125,711.2100219726562,711.2100219726562,42518500
2026-04-23,SPY,sp500_etf,709.5,712.3599853515625,702.280029296875,708.4500122070312,708.4500122070312,56174000
2026-04-24,SPY,sp500_etf,710.75,714.469970703125,709.010009765625,713.9400024414062,713.9400024414062,45182000
2026-04-27,SPY,sp500_etf,713.1699829101562,715.6300048828125,712.2999877929688,715.1699829101562,715.1699829101562,33135900
2026-04-28,SPY,sp500_etf,711.8200073242188,712.8800048828125,709.25,711.6900024414062,711.6900024414062,43117400
2026-04-29,SPY,sp500_etf,711.0,712.2000122070312,708.3699951171875,711.5800170898438,711.5800170898438,41859200
2026-04-30,SPY,sp500_etf,714.6300048828125,719.7899780273438,710.4500122070312,718.6599731445312,718.6599731445312,67240900
2026-05-01,SPY,sp500_etf,721.25,724.8699951171875,720.469970703125,720.6500244140625,720.6500244140625,43049800
2026-05-04,SPY,sp500_etf,720.0700073242188,722.1199951171875,714.989990234375,718.010009765625,718.010009765625,51950600
2026-05-05,SPY,sp500_etf,721.77001953125,725.0399780273438,721.489990234375,723.77001953125,723.77001953125,36933200
2026-05-06,SPY,sp500_etf,728.1599731445312,734.5900268554688,727.8200073242188,733.8300170898438,733.8300170898438,53288900
2026-05-07,SPY,sp500_etf,735.0499877929688,736.1300048828125,729.75,731.5800170898438,731.5800170898438,51278600
2023-05-01,GLD,gold_etf,186.0500030517578,186.22000122070312,183.91000366210938,183.97000122070312,183.97000122070312,7997700
2023-05-02,GLD,gold_etf,184.64999389648438,187.63999938964844,184.52000427246094,187.52000427246094,187.52000427246094,14680600
2023-05-03,GLD,gold_etf,187.61000061035156,189.2100067138672,186.92999267578125,189.11000061035156,189.11000061035156,11133800
2023-05-04,GLD,gold_etf,188.86000061035156,191.36000061035156,188.80999755859375,190.44000244140625,190.44000244140625,14146800
2023-05-05,GLD,gold_etf,186.55999755859375,187.5800018310547,185.77000427246094,187.4600067138672,187.4600067138672,12508100
2023-05-08,GLD,gold_etf,187.82000732421875,188.6699981689453,187.49000549316406,187.69000244140625,187.69000244140625,6075400
2023-05-09,GLD,gold_etf,188.1199951171875,189.3300018310547,188.07000732421875,189.02000427246094,189.02000427246094,7098800
2023-05-10,GLD,gold_etf,188.97999572753906,189.63999938964844,187.82000732421875,188.75,188.75,9392100
2023-05-11,GLD,gold_etf,188.44000244140625,188.80999755859375,186.86000061035156,187.1300048828125,187.1300048828125,8245500
2023-05-12,GLD,gold_etf,187.42999267578125,187.9199981689453,186.5800018310547,186.80999755859375,186.80999755859375,7087500
2023-05-15,GLD,gold_etf,187.3000030517578,187.8800048828125,187.02999877929688,187.2100067138672,187.2100067138672,5518100
2023-05-16,GLD,gold_etf,186.5800018310547,186.82000732421875,184.4600067138672,184.8699951171875,184.8699951171875,9519500
2023-05-17,GLD,gold_etf,184.30999755859375,184.4499969482422,183.47999572753906,184.22999572753906,184.22999572753906,7474300
2023-05-18,GLD,gold_etf,182.10000610351562,182.27999877929688,181.33999633789062,181.83999633789062,181.83999633789062,8812600
2023-05-19,GLD,gold_etf,182.25,184.33999633789062,181.80999755859375,183.63999938964844,183.63999938964844,8435000
2023-05-22,GLD,gold_etf,183.22000122070312,183.83999633789062,182.91000366210938,183.2100067138672,183.2100067138672,4834300
2023-05-23,GLD,gold_etf,182.77999877929688,183.75999450683594,182.47999572753906,183.42999267578125,183.42999267578125,6345000
2023-05-24,GLD,gold_etf,183.5399932861328,183.5399932861328,181.77000427246094,181.9499969482422,181.9499969482422,6732900
2023-05-25,GLD,gold_etf,181.17999267578125,181.30999755859375,180.10000610351562,180.1999969482422,180.1999969482422,6919200
2023-05-26,GLD,gold_etf,181.00999450683594,181.3000030517578,180.08999633789062,180.9199981689453,180.9199981689453,5823700
2023-05-30,GLD,gold_etf,181.72000122070312,182.39999389648438,181.1699981689453,182.0399932861328,182.0399932861328,4906100
2023-05-31,GLD,gold_etf,182.38999938964844,183.4499969482422,182.10000610351562,182.32000732421875,182.32000732421875,8497900
2023-06-01,GLD,gold_etf,182.80999755859375,184.2100067138672,182.72000122070312,183.75999450683594,183.75999450683594,7300500
2023-06-02,GLD,gold_etf,183.52999877929688,183.55999755859375,180.9600067138672,181.0500030517578,181.0500030517578,8726100
2023-06-05,GLD,gold_etf,180.7899932861328,182.44000244140625,180.60000610351562,182.13999938964844,182.13999938964844,5748800
2023-06-06,GLD,gold_etf,182.36000061035156,182.64999389648438,181.52000427246094,182.33999633789062,182.33999633789062,4967200
2023-06-07,GLD,gold_etf,181.94000244140625,183.0,180.14999389648438,180.14999389648438,180.14999389648438,9066500
2023-06-08,GLD,gold_etf,182.0,183.0399932861328,181.9600067138672,182.52999877929688,182.52999877929688,6394100
2023-06-09,GLD,gold_etf,182.36000061035156,182.7899932861328,181.72000122070312,182.0399932861328,182.0399932861328,4379200
2023-06-12,GLD,gold_etf,181.8000030517578,181.94000244140625,181.0399932861328,181.8800048828125,181.8800048828125,4873600
2023-06-13,GLD,gold_etf,182.10000610351562,182.42999267578125,180.1699981689453,180.5399932861328,180.5399932861328,5126700
2023-06-14,GLD,gold_etf,181.69000244140625,181.9600067138672,180.13999938964844,180.63999938964844,180.63999938964844,6807000
2023-06-15,GLD,gold_etf,180.27999877929688,182.0500030517578,180.17999267578125,181.91000366210938,181.91000366210938,6739000
2023-06-16,GLD,gold_etf,181.92999267578125,182.6199951171875,181.41000366210938,181.6300048828125,181.6300048828125,8779100
2023-06-20,GLD,gold_etf,180.05999755859375,180.08999633789062,179.22000122070312,179.75,179.75,7584200
2023-06-21,GLD,gold_etf,179.14999389648438,179.9499969482422,178.19000244140625,179.49000549316406,179.49000549316406,6702300
2023-06-22,GLD,gold_etf,178.36000061035156,178.99000549316406,177.6300048828125,177.7100067138672,177.7100067138672,7945000
2023-06-23,GLD,gold_etf,179.60000610351562,179.9499969482422,178.08999633789062,178.1999969482422,178.1999969482422,5419800
2023-06-26,GLD,gold_etf,179.0500030517578,179.0800018310547,178.4199981689453,178.50999450683594,178.50999450683594,3222100
2023-06-27,GLD,gold_etf,179.07000732421875,179.2899932861328,177.42999267578125,177.69000244140625,177.69000244140625,5036900
2023-06-28,GLD,gold_etf,177.22999572753906,177.69000244140625,176.6999969482422,177.27999877929688,177.27999877929688,5866700
2023-06-29,GLD,gold_etf,175.8300018310547,177.6300048828125,175.7899932861328,177.08999633789062,177.08999633789062,6862500
2023-06-30,GLD,gold_etf,177.69000244140625,178.52999877929688,177.32000732421875,178.27000427246094,178.27000427246094,6420900
2023-07-03,GLD,gold_etf,178.61000061035156,179.33999633789062,178.4600067138672,178.47000122070312,178.47000122070312,4085700
2023-07-05,GLD,gold_etf,179.41000366210938,179.4199981689453,177.8300018310547,177.83999633789062,177.83999633789062,5650600
2023-07-06,GLD,gold_etf,177.50999450683594,177.8000030517578,176.66000366210938,177.30999755859375,177.30999755859375,5133000
2023-07-07,GLD,gold_etf,178.3800048828125,179.64999389648438,178.35000610351562,178.63999938964844,178.63999938964844,5201100
2023-07-10,GLD,gold_etf,178.3699951171875,178.9199981689453,178.25999450683594,178.77999877929688,178.77999877929688,3320500
2023-07-11,GLD,gold_etf,179.42999267578125,179.7100067138672,179.1300048828125,179.4499969482422,179.4499969482422,2818800
2023-07-12,GLD,gold_etf,181.17999267578125,181.9499969482422,181.10000610351562,181.8800048828125,181.8800048828125,7062000
2023-07-13,GLD,gold_etf,181.9600067138672,182.14999389648438,181.49000549316406,182.00999450683594,182.00999450683594,4527900
2023-07-14,GLD,gold_etf,181.58999633789062,182.1699981689453,181.11000061035156,181.42999267578125,181.42999267578125,5390000
2023-07-17,GLD,gold_etf,180.99000549316406,181.6300048828125,180.63999938964844,181.55999755859375,181.55999755859375,4152400
2023-07-18,GLD,gold_etf,182.7899932861328,184.22999572753906,182.32000732421875,183.63999938964844,183.63999938964844,8238000
2023-07-19,GLD,gold_etf,183.4499969482422,183.83999633789062,182.8699951171875,183.6699981689453,183.6699981689453,3911600
2023-07-20,GLD,gold_etf,183.72999572753906,183.77000427246094,182.47000122070312,182.74000549316406,182.74000549316406,4972900
2023-07-21,GLD,gold_etf,182.05999755859375,182.4600067138672,181.67999267578125,182.17999267578125,182.17999267578125,3845400
2023-07-24,GLD,gold_etf,182.22000122070312,182.5399932861328,181.33999633789062,181.39999389648438,181.39999389648438,4370000
2023-07-25,GLD,gold_etf,181.72000122070312,182.47000122070312,181.10000610351562,182.41000366210938,182.41000366210938,4090100
2023-07-26,GLD,gold_etf,182.66000366210938,183.63999938964844,182.30999755859375,183.3000030517578,183.3000030517578,6158400
2023-07-27,GLD,gold_etf,181.63999938964844,181.63999938964844,180.32000732421875,180.4199981689453,180.4199981689453,7592800
2023-07-28,GLD,gold_etf,181.47999572753906,182.27000427246094,181.25,181.86000061035156,181.86000061035156,3828800
2023-07-31,GLD,gold_etf,182.42999267578125,183.08999633789062,182.30999755859375,182.35000610351562,182.35000610351562,5494800
2023-08-01,GLD,gold_etf,180.85000610351562,181.3800048828125,180.19000244140625,180.4600067138672,180.4600067138672,6239700
2023-08-02,GLD,gold_etf,180.57000732421875,180.7899932861328,179.41000366210938,179.60000610351562,179.60000610351562,6339700
2023-08-03,GLD,gold_etf,179.44000244140625,179.9499969482422,179.27999877929688,179.5399932861328,179.5399932861328,4636300
2023-08-04,GLD,gold_etf,180.25,180.77000427246094,179.85000610351562,180.19000244140625,180.19000244140625,5326200
2023-08-07,GLD,gold_etf,180.14999389648438,180.14999389648438,179.27000427246094,179.77999877929688,179.77999877929688,4510400
2023-08-08,GLD,gold_etf,178.63999938964844,179.3300018310547,178.4600067138672,178.63999938964844,178.63999938964844,6162900
2023-08-09,GLD,gold_etf,178.67999267578125,178.9199981689453,177.77999877929688,177.7899932861328,177.7899932861328,4644000
2023-08-10,GLD,gold_etf,178.22000122070312,178.6999969482422,177.5399932861328,177.60000610351562,177.60000610351562,5934600
2023-08-11,GLD,gold_etf,177.6999969482422,178.36000061035156,177.49000549316406,177.60000610351562,177.60000610351562,5289700
2023-08-14,GLD,gold_etf,176.86000061035156,177.5800018310547,176.5800018310547,177.05999755859375,177.05999755859375,9554500
2023-08-15,GLD,gold_etf,176.75,177.42999267578125,176.3300018310547,176.58999633789062,176.58999633789062,7582700
2023-08-16,GLD,gold_etf,176.6199951171875,176.9499969482422,175.55999755859375,175.57000732421875,175.57000732421875,6559400
2023-08-17,GLD,gold_etf,176.52999877929688,176.55999755859375,174.92999267578125,175.3000030517578,175.3000030517578,7937700
2023-08-18,GLD,gold_etf,175.8300018310547,176.05999755859375,175.10000610351562,175.3300018310547,175.3300018310547,6253000
2023-08-21,GLD,gold_etf,175.89999389648438,175.94000244140625,174.9600067138672,175.80999755859375,175.80999755859375,4206400
2023-08-22,GLD,gold_etf,175.8300018310547,176.25,175.30999755859375,176.10000610351562,176.10000610351562,5892200
2023-08-23,GLD,gold_etf,177.32000732421875,178.22000122070312,177.07000732421875,177.88999938964844,177.88999938964844,7949100
2023-08-24,GLD,gold_etf,177.66000366210938,178.49000549316406,177.41000366210938,177.85000610351562,177.85000610351562,5526400
2023-08-25,GLD,gold_etf,177.5800018310547,178.3800048828125,176.6300048828125,177.6199951171875,177.6199951171875,6132800
2023-08-28,GLD,gold_etf,177.64999389648438,178.72999572753906,177.50999450683594,178.1300048828125,178.1300048828125,4740700
2023-08-29,GLD,gold_etf,178.02999877929688,179.8800048828125,177.89999389648438,179.8699951171875,179.8699951171875,7576600
2023-08-30,GLD,gold_etf,180.5800018310547,180.8800048828125,180.2899932861328,180.32000732421875,180.32000732421875,6593700
2023-08-31,GLD,gold_etf,180.3699951171875,180.49000549316406,179.94000244140625,180.02000427246094,180.02000427246094,4795600
2023-09-01,GLD,gold_etf,180.8000030517578,181.1199951171875,179.50999450683594,180.11000061035156,180.11000061035156,4970700
2023-09-05,GLD,gold_etf,179.3300018310547,179.44000244140625,178.63999938964844,178.63999938964844,178.63999938964844,7056800
2023-09-06,GLD,gold_etf,178.3300018310547,179.00999450683594,177.6999969482422,177.8300018310547,177.8300018310547,6427200
2023-09-07,GLD,gold_etf,178.30999755859375,178.3699951171875,177.89999389648438,178.02000427246094,178.02000427246094,3257200
2023-09-08,GLD,gold_etf,178.36000061035156,179.0500030517578,177.89999389648438,178.0800018310547,178.0800018310547,3292700
2023-09-11,GLD,gold_etf,178.97000122070312,179.07000732421875,178.25999450683594,178.41000366210938,178.41000366210938,3689100
2023-09-12,GLD,gold_etf,177.11000061035156,177.6999969482422,177.0500030517578,177.49000549316406,177.49000549316406,4445400
2023-09-13,GLD,gold_etf,177.52999877929688,177.75,177.0399932861328,177.0800018310547,177.0800018310547,3874800
2023-09-14,GLD,gold_etf,176.5,177.38999938964844,176.36000061035156,177.1699981689453,177.1699981689453,6184400
2023-09-15,GLD,gold_etf,178.5500030517578,179.11000061035156,178.33999633789062,178.33999633789062,178.33999633789062,5620900
2023-09-18,GLD,gold_etf,178.82000732421875,179.41000366210938,178.3800048828125,179.38999938964844,179.38999938964844,5049300
2023-09-19,GLD,gold_etf,179.5399932861328,179.64999389648438,179.02999877929688,179.22000122070312,179.22000122070312,4224700
2023-09-20,GLD,gold_etf,179.33999633789062,180.66000366210938,179.32000732421875,179.35000610351562,179.35000610351562,9328000
2023-09-21,GLD,gold_etf,177.86000061035156,178.49000549316406,177.69000244140625,178.0500030517578,178.0500030517578,7571900
2023-09-22,GLD,gold_etf,178.64999389648438,178.9499969482422,178.50999450683594,178.6199951171875,178.6199951171875,3634800
2023-09-25,GLD,gold_etf,178.41000366210938,178.7100067138672,177.63999938964844,177.6999969482422,177.6999969482422,5582100
2023-09-26,GLD,gold_etf,176.8300018310547,177.13999938964844,176.16000366210938,176.27999877929688,176.27999877929688,7181100
2023-09-27,GLD,gold_etf,175.27000427246094,175.32000732421875,173.6999969482422,174.10000610351562,174.10000610351562,10919600
2023-09-28,GLD,gold_etf,173.91000366210938,174.13999938964844,172.32000732421875,173.22999572753906,173.22999572753906,10061900
2023-09-29,GLD,gold_etf,173.9199981689453,174.02999877929688,171.27000427246094,171.4499969482422,171.4499969482422,10427400
2023-10-02,GLD,gold_etf,170.22999572753906,170.4600067138672,169.5,169.64999389648438,169.64999389648438,12706000
2023-10-03,GLD,gold_etf,169.13999938964844,170.0800018310547,168.75,169.16000366210938,169.16000366210938,11459800
2023-10-04,GLD,gold_etf,169.2100067138672,169.41000366210938,168.5,169.13999938964844,169.13999938964844,10034600
2023-10-05,GLD,gold_etf,168.74000549316406,169.0,168.3000030517578,168.8300018310547,168.8300018310547,6970200
2023-10-06,GLD,gold_etf,169.1699981689453,170.22999572753906,168.5,169.6999969482422,169.6999969482422,9948400
2023-10-09,GLD,gold_etf,171.17999267578125,172.86000061035156,171.0800018310547,172.82000732421875,172.82000732421875,10201500
2023-10-10,GLD,gold_etf,172.0800018310547,172.8000030517578,171.89999389648438,172.52999877929688,172.52999877929688,5844000
2023-10-11,GLD,gold_etf,173.60000610351562,174.1300048828125,173.25999450683594,173.7899932861328,173.7899932861328,7128000
2023-10-12,GLD,gold_etf,174.05999755859375,174.22999572753906,173.24000549316406,173.25999450683594,173.25999450683594,5912700
2023-10-13,GLD,gold_etf,176.88999938964844,179.10000610351562,176.72000122070312,178.8300018310547,178.8300018310547,18796500
2023-10-16,GLD,gold_etf,177.83999633789062,178.3300018310547,177.5399932861328,177.9600067138672,177.9600067138672,8385400
2023-10-17,GLD,gold_etf,178.3699951171875,179.1300048828125,177.97999572753906,178.2899932861328,178.2899932861328,8231900
2023-10-18,GLD,gold_etf,180.88999938964844,182.02000427246094,179.75,180.8699951171875,180.8699951171875,13920800
2023-10-19,GLD,gold_etf,181.0399932861328,183.42999267578125,180.82000732421875,183.08999633789062,183.08999633789062,13406600
2023-10-20,GLD,gold_etf,183.42999267578125,185.22999572753906,183.08999633789062,183.58999633789062,183.58999633789062,12785700
2023-10-23,GLD,gold_etf,183.50999450683594,183.55999755859375,182.7100067138672,182.97000122070312,182.97000122070312,9479800
2023-10-24,GLD,gold_etf,182.07000732421875,183.39999389648438,181.67999267578125,182.9499969482422,182.9499969482422,6594000
2023-10-25,GLD,gold_etf,183.4199981689453,184.3000030517578,182.0399932861328,183.72000122070312,183.72000122070312,10087000
2023-10-26,GLD,gold_etf,183.39999389648438,184.49000549316406,182.8699951171875,184.00999450683594,184.00999450683594,7671400
2023-10-27,GLD,gold_etf,183.75999450683594,186.36000061035156,183.47000122070312,186.14999389648438,186.14999389648438,14102800
2023-10-30,GLD,gold_etf,185.5399932861328,185.6999969482422,184.72999572753906,185.10000610351562,185.10000610351562,8756400
2023-10-31,GLD,gold_etf,185.0800018310547,186.2100067138672,183.5,184.08999633789062,184.08999633789062,10104600
2023-11-01,GLD,gold_etf,183.91000366210938,185.0,182.6699981689453,183.50999450683594,183.50999450683594,9048600
2023-11-02,GLD,gold_etf,184.1300048828125,184.27999877929688,183.5,184.1199951171875,184.1199951171875,7343700
2023-11-03,GLD,gold_etf,184.47999572753906,185.47000122070312,184.35000610351562,184.7899932861328,184.7899932861328,8530400
2023-11-06,GLD,gold_etf,184.13999938964844,184.22999572753906,183.33999633789062,183.35000610351562,183.35000610351562,8274700
2023-11-07,GLD,gold_etf,182.25,182.64999389648438,181.75,182.58999633789062,182.58999633789062,6795800
2023-11-08,GLD,gold_etf,182.00999450683594,182.07000732421875,180.57000732421875,180.77000427246094,180.77000427246094,6738300
2023-11-09,GLD,gold_etf,180.97999572753906,182.27999877929688,180.88999938964844,181.49000549316406,181.49000549316406,6486300
2023-11-10,GLD,gold_etf,180.50999450683594,180.58999633789062,179.25,179.50999450683594,179.50999450683594,7606600
2023-11-13,GLD,gold_etf,179.39999389648438,180.72999572753906,179.11000061035156,180.50999450683594,180.50999450683594,5385900
2023-11-14,GLD,gold_etf,181.6999969482422,182.75,181.6199951171875,182.1199951171875,182.1199951171875,6831600
2023-11-15,GLD,gold_etf,182.02999877929688,182.17999267578125,181.30999755859375,181.63999938964844,181.63999938964844,4909400
2023-11-16,GLD,gold_etf,182.85000610351562,184.32000732421875,182.8000030517578,183.69000244140625,183.69000244140625,8253300
2023-11-17,GLD,gold_etf,183.9600067138672,184.1300048828125,183.4499969482422,183.6699981689453,183.6699981689453,4871100
2023-11-20,GLD,gold_etf,182.32000732421875,183.47999572753906,182.22999572753906,183.3699951171875,183.3699951171875,5389300
2023-11-21,GLD,gold_etf,185.57000732421875,186.1199951171875,185.07000732421875,185.35000610351562,185.35000610351562,7322400
2023-11-22,GLD,gold_etf,185.47000122070312,185.72000122070312,184.27000427246094,184.55999755859375,184.55999755859375,4337700
2023-11-24,GLD,gold_etf,185.47000122070312,185.75,185.16000366210938,185.52000427246094,185.52000427246094,2445100
2023-11-27,GLD,gold_etf,186.55999755859375,186.8000030517578,185.92999267578125,186.77000427246094,186.77000427246094,6320400
2023-11-28,GLD,gold_etf,187.89999389648438,189.39999389648438,187.52000427246094,189.25999450683594,189.25999450683594,10901900
2023-11-29,GLD,gold_etf,189.16000366210938,189.99000549316406,189.02000427246094,189.5399932861328,189.5399932861328,8407300
2023-11-30,GLD,gold_etf,188.88999938964844,189.24000549316406,188.27999877929688,188.75,188.75,7558100
2023-12-01,GLD,gold_etf,188.80999755859375,192.39999389648438,188.69000244140625,192.00999450683594,192.00999450683594,16727600
2023-12-04,GLD,gold_etf,189.60000610351562,190.3800048828125,187.25999450683594,187.86000061035156,187.86000061035156,18460500
2023-12-05,GLD,gold_etf,187.5500030517578,187.8800048828125,186.3000030517578,187.14999389648438,187.14999389648438,7027700
2023-12-06,GLD,gold_etf,188.32000732421875,188.4600067138672,187.5,187.83999633789062,187.83999633789062,5778600
2023-12-07,GLD,gold_etf,188.4499969482422,188.58999633789062,187.25999450683594,188.14999389648438,188.14999389648438,5802000
2023-12-08,GLD,gold_etf,185.92999267578125,186.77999877929688,184.89999389648438,185.63999938964844,185.63999938964844,7883200
2023-12-11,GLD,gold_etf,184.5,184.52999877929688,183.14999389648438,183.58999633789062,183.58999633789062,8519500
2023-12-12,GLD,gold_etf,183.83999633789062,183.97999572753906,183.25999450683594,183.49000549316406,183.49000549316406,5056900
2023-12-13,GLD,gold_etf,183.82000732421875,187.66000366210938,183.3800048828125,187.6300048828125,187.6300048828125,10635500
2023-12-14,GLD,gold_etf,188.86000061035156,189.82000732421875,188.0800018310547,188.72999572753906,188.72999572753906,9107200
2023-12-15,GLD,gold_etf,188.52000427246094,188.9600067138672,186.82000732421875,187.0,187.0,8324800
2023-12-18,GLD,gold_etf,187.5,188.49000549316406,187.24000549316406,187.85000610351562,187.85000610351562,5358000
2023-12-19,GLD,gold_etf,188.22999572753906,189.72000122070312,188.1300048828125,189.1300048828125,189.1300048828125,6025600
2023-12-20,GLD,gold_etf,188.69000244140625,188.9600067138672,188.08999633789062,188.10000610351562,188.10000610351562,6002400
2023-12-21,GLD,gold_etf,189.2100067138672,189.6199951171875,188.75,189.42999267578125,189.42999267578125,4620000
2023-12-22,GLD,gold_etf,191.60000610351562,191.8800048828125,190.07000732421875,190.27000427246094,190.27000427246094,7176300
2023-12-26,GLD,gold_etf,190.97000122070312,191.74000549316406,190.39999389648438,191.72000122070312,191.72000122070312,4502700
2023-12-27,GLD,gold_etf,191.77000427246094,193.17999267578125,191.5399932861328,192.58999633789062,192.58999633789062,5813300
2023-12-28,GLD,gold_etf,192.33999633789062,192.88999938964844,191.44000244140625,191.47000122070312,191.47000122070312,6171500
2023-12-29,GLD,gold_etf,190.99000549316406,191.63999938964844,190.74000549316406,191.1699981689453,191.1699981689453,4612300
2024-01-02,GLD,gold_etf,191.44000244140625,191.88999938964844,190.5,190.72000122070312,190.72000122070312,6025600
2024-01-03,GLD,gold_etf,188.77000427246094,189.86000061035156,188.16000366210938,189.1300048828125,189.1300048828125,8661600
2024-01-04,GLD,gold_etf,189.0800018310547,189.75,188.69000244140625,189.32000732421875,189.32000732421875,4416700
2024-01-05,GLD,gold_etf,189.67999267578125,191.25999450683594,189.0800018310547,189.35000610351562,189.35000610351562,7481900
2024-01-08,GLD,gold_etf,187.2100067138672,188.74000549316406,187.11000061035156,187.8699951171875,187.8699951171875,6215000
2024-01-09,GLD,gold_etf,188.67999267578125,188.77999877929688,187.72999572753906,187.92999267578125,187.92999267578125,4437300
2024-01-10,GLD,gold_etf,188.13999938964844,188.44000244140625,187.2100067138672,187.5,187.5,4504700
2024-01-11,GLD,gold_etf,188.02000427246094,188.5500030517578,186.55999755859375,187.8699951171875,187.8699951171875,6831100
2024-01-12,GLD,gold_etf,190.6699981689453,191.0800018310547,189.16000366210938,189.7100067138672,189.7100067138672,6833700
2024-01-16,GLD,gold_etf,189.14999389648438,189.25999450683594,187.5399932861328,187.91000366210938,187.91000366210938,6548100
2024-01-17,GLD,gold_etf,187.30999755859375,187.4199981689453,185.4499969482422,185.83999633789062,185.83999633789062,8643200
2024-01-18,GLD,gold_etf,186.36000061035156,187.39999389648438,186.3000030517578,187.3699951171875,187.3699951171875,4685200
2024-01-19,GLD,gold_etf,188.25999450683594,188.3000030517578,187.44000244140625,187.92999267578125,187.92999267578125,5719700
2024-01-22,GLD,gold_etf,187.22999572753906,187.75999450683594,186.85000610351562,187.22000122070312,187.22000122070312,4397500
2024-01-23,GLD,gold_etf,187.4499969482422,188.14999389648438,187.27999877929688,187.9499969482422,187.9499969482422,5040800
2024-01-24,GLD,gold_etf,188.3300018310547,188.3699951171875,186.32000732421875,186.39999389648438,186.39999389648438,6085400
2024-01-25,GLD,gold_etf,187.33999633789062,187.63999938964844,186.4600067138672,187.13999938964844,187.13999938964844,4651000
2024-01-26,GLD,gold_etf,187.27000427246094,187.3800048828125,186.75999450683594,187.00999450683594,187.00999450683594,5064800
2024-01-29,GLD,gold_etf,188.30999755859375,188.5399932861328,187.19000244140625,188.3300018310547,188.3300018310547,5629700
2024-01-30,GLD,gold_etf,189.6999969482422,189.8300018310547,187.97999572753906,188.58999633789062,188.58999633789062,4976500
2024-01-31,GLD,gold_etf,189.3699951171875,190.4600067138672,188.1300048828125,188.4499969482422,188.4499969482422,7886100
2024-02-01,GLD,gold_etf,189.7100067138672,191.36000061035156,188.99000549316406,190.41000366210938,190.41000366210938,10278100
2024-02-02,GLD,gold_etf,188.07000732421875,188.8699951171875,187.85000610351562,188.61000061035156,188.61000061035156,7337600
2024-02-05,GLD,gold_etf,186.8800048828125,187.82000732421875,186.6999969482422,187.57000732421875,187.57000732421875,5436100
2024-02-06,GLD,gold_etf,187.94000244140625,188.85000610351562,187.74000549316406,188.5500030517578,188.5500030517578,4866100
2024-02-07,GLD,gold_etf,188.4499969482422,189.38999938964844,188.27999877929688,188.5,188.5,6276900
2024-02-08,GLD,gold_etf,187.91000366210938,188.52999877929688,187.82000732421875,188.3300018310547,188.3300018310547,3873300
2024-02-09,GLD,gold_etf,187.55999755859375,187.77000427246094,187.13999938964844,187.60000610351562,187.60000610351562,4412600
2024-02-12,GLD,gold_etf,186.60000610351562,187.27000427246094,186.36000061035156,187.11000061035156,187.11000061035156,4706300
2024-02-13,GLD,gold_etf,185.35000610351562,185.3800048828125,184.3300018310547,184.52999877929688,184.52999877929688,9525800
2024-02-14,GLD,gold_etf,184.27000427246094,184.8800048828125,183.77999877929688,184.4199981689453,184.4199981689453,7031600
2024-02-15,GLD,gold_etf,185.60000610351562,186.02000427246094,185.10000610351562,185.66000366210938,185.66000366210938,6228900
2024-02-16,GLD,gold_etf,185.0800018310547,186.6699981689453,184.83999633789062,186.33999633789062,186.33999633789062,6518500
2024-02-20,GLD,gold_etf,187.9600067138672,188.02999877929688,187.39999389648438,187.47000122070312,187.47000122070312,5531200
2024-02-21,GLD,gold_etf,187.8800048828125,188.0399932861328,187.10000610351562,187.47999572753906,187.47999572753906,5789200
2024-02-22,GLD,gold_etf,187.55999755859375,187.63999938964844,187.0500030517578,187.55999755859375,187.55999755859375,4550800
2024-02-23,GLD,gold_etf,187.55999755859375,189.17999267578125,187.4600067138672,188.6199951171875,188.6199951171875,6827300
2024-02-26,GLD,gold_etf,187.7899932861328,188.36000061035156,187.52999877929688,188.1999969482422,188.1999969482422,4491900
2024-02-27,GLD,gold_etf,188.5800018310547,188.72000122070312,187.8800048828125,188.0,188.0,5165400
2024-02-28,GLD,gold_etf,188.33999633789062,188.52000427246094,188.02999877929688,188.33999633789062,188.33999633789062,2824100
2024-02-29,GLD,gold_etf,189.63999938964844,189.9199981689453,189.22999572753906,189.30999755859375,189.30999755859375,6848600
2024-03-01,GLD,gold_etf,190.27000427246094,193.39999389648438,189.44000244140625,192.88999938964844,192.88999938964844,13411000
2024-03-04,GLD,gold_etf,194.14999389648438,196.3300018310547,193.8800048828125,196.00999450683594,196.00999450683594,12216300
2024-03-05,GLD,gold_etf,197.44000244140625,198.13999938964844,196.64999389648438,197.19000244140625,197.19000244140625,9672200
2024-03-06,GLD,gold_etf,198.0800018310547,199.3000030517578,197.44000244140625,198.80999755859375,198.80999755859375,10459300
2024-03-07,GLD,gold_etf,199.5399932861328,200.11000061035156,198.91000366210938,199.94000244140625,199.94000244140625,8403700
2024-03-08,GLD,gold_etf,200.88999938964844,203.3000030517578,200.4499969482422,201.6300048828125,201.6300048828125,13540100
2024-03-11,GLD,gold_etf,201.7100067138672,202.41000366210938,201.4600067138672,202.0,202.0,7329600
2024-03-12,GLD,gold_etf,200.4199981689453,200.6300048828125,199.16000366210938,199.7899932861328,199.7899932861328,9436600
2024-03-13,GLD,gold_etf,200.44000244140625,201.86000061035156,200.35000610351562,201.19000244140625,201.19000244140625,5930000
2024-03-14,GLD,gold_etf,200.3699951171875,200.47000122070312,199.33999633789062,200.35000610351562,200.35000610351562,6865000
2024-03-15,GLD,gold_etf,199.94000244140625,200.6300048828125,199.57000732421875,199.7100067138672,199.7100067138672,4556700
2024-03-18,GLD,gold_etf,199.66000366210938,200.14999389648438,199.50999450683594,200.02999877929688,200.02999877929688,7206800
2024-03-19,GLD,gold_etf,199.6199951171875,199.80999755859375,198.94000244140625,199.8000030517578,199.8000030517578,4657500
2024-03-20,GLD,gold_etf,199.16000366210938,202.66000366210938,199.1199951171875,202.17999267578125,202.17999267578125,9593800
2024-03-21,GLD,gold_etf,203.8800048828125,203.9199981689453,200.60000610351562,201.97000122070312,201.97000122070312,7396500
2024-03-22,GLD,gold_etf,201.32000732421875,201.86000061035156,199.72000122070312,200.35000610351562,200.35000610351562,6918500
2024-03-25,GLD,gold_etf,201.19000244140625,201.9499969482422,200.97000122070312,200.99000549316406,200.99000549316406,4034800
2024-03-26,GLD,gold_etf,202.64999389648438,202.75999450683594,201.07000732421875,201.63999938964844,201.63999938964844,5752700
2024-03-27,GLD,gold_etf,202.32000732421875,203.22000122070312,202.32000732421875,203.10000610351562,203.10000610351562,6041000
2024-03-28,GLD,gold_etf,204.5399932861328,206.0500030517578,203.8699951171875,205.72000122070312,205.72000122070312,9194500
2024-04-01,GLD,gold_etf,208.67999267578125,208.72999572753906,206.2899932861328,207.82000732421875,207.82000732421875,13677100
2024-04-02,GLD,gold_etf,209.07000732421875,211.02999877929688,208.36000061035156,210.88999938964844,210.88999938964844,13421100
2024-04-03,GLD,gold_etf,210.57000732421875,212.8300018310547,210.3000030517578,212.74000549316406,212.74000549316406,11416200
2024-04-04,GLD,gold_etf,212.0,213.4499969482422,211.02000427246094,211.52000427246094,211.52000427246094,12307300
2024-04-05,GLD,gold_etf,212.49000549316406,215.74000549316406,212.22000122070312,215.13999938964844,215.13999938964844,13382700
2024-04-08,GLD,gold_etf,215.97999572753906,216.80999755859375,214.61000061035156,216.47999572753906,216.47999572753906,10331400
2024-04-09,GLD,gold_etf,217.80999755859375,218.86000061035156,216.4499969482422,217.6699981689453,217.6699981689453,13069900
2024-04-10,GLD,gold_etf,215.3699951171875,217.77999877929688,214.67999267578125,215.61000061035156,215.61000061035156,13317500
2024-04-11,GLD,gold_etf,216.85000610351562,219.83999633789062,215.88999938964844,219.8000030517578,219.8000030517578,11415200
2024-04-12,GLD,gold_etf,221.8699951171875,225.08999633789062,216.02000427246094,216.88999938964844,216.88999938964844,30898800
2024-04-15,GLD,gold_etf,217.94000244140625,221.02999877929688,215.16000366210938,220.9499969482422,220.9499969482422,13239000
2024-04-16,GLD,gold_etf,220.17999267578125,221.99000549316406,218.77999877929688,221.22000122070312,221.22000122070312,10746100
2024-04-17,GLD,gold_etf,221.0500030517578,221.75999450683594,218.52000427246094,219.58999633789062,219.58999633789062,11521100
2024-04-18,GLD,gold_etf,221.30999755859375,221.4600067138672,219.30999755859375,220.33999633789062,220.33999633789062,6496900
2024-04-19,GLD,gold_etf,220.49000549316406,222.36000061035156,220.0800018310547,221.02999877929688,221.02999877929688,8689000
2024-04-22,GLD,gold_etf,216.35000610351562,216.9600067138672,215.13999938964844,215.57000732421875,215.57000732421875,13404300
2024-04-23,GLD,gold_etf,213.9600067138672,215.86000061035156,213.8699951171875,215.0399932861328,215.0399932861328,10730300
2024-04-24,GLD,gold_etf,214.75999450683594,216.35000610351562,214.36000061035156,214.63999938964844,214.63999938964844,5741100
2024-04-25,GLD,gold_etf,214.47000122070312,217.0500030517578,214.33999633789062,215.9199981689453,215.9199981689453,6606500
2024-04-26,GLD,gold_etf,216.77000427246094,217.07000732421875,215.52999877929688,216.6199951171875,216.6199951171875,6268500
2024-04-29,GLD,gold_etf,216.02000427246094,217.22000122070312,215.25,216.17999267578125,216.17999267578125,6409900
2024-04-30,GLD,gold_etf,213.3800048828125,214.1300048828125,211.8000030517578,211.8699951171875,211.8699951171875,11248600
2024-05-01,GLD,gold_etf,212.9600067138672,215.5,212.41000366210938,213.7899932861328,213.7899932861328,10373900
2024-05-02,GLD,gold_etf,211.89999389648438,213.7100067138672,211.49000549316406,213.1300048828125,213.1300048828125,6287000
2024-05-03,GLD,gold_etf,212.88999938964844,213.22999572753906,210.7100067138672,212.9600067138672,212.9600067138672,8679900
2024-05-06,GLD,gold_etf,215.13999938964844,215.91000366210938,214.47000122070312,215.1999969482422,215.1999969482422,6840500
2024-05-07,GLD,gold_etf,214.52000427246094,214.92999267578125,213.8800048828125,214.2100067138672,214.2100067138672,5660700
2024-05-08,GLD,gold_etf,213.6199951171875,214.8000030517578,213.5,213.5800018310547,213.5800018310547,4462700
2024-05-09,GLD,gold_etf,214.47999572753906,216.9499969482422,214.44000244140625,216.9499969482422,216.9499969482422,7732500
2024-05-10,GLD,gold_etf,219.22000122070312,219.60000610351562,218.0800018310547,218.7100067138672,218.7100067138672,8700900
2024-05-13,GLD,gold_etf,217.05999755859375,217.30999755859375,215.8000030517578,216.25999450683594,216.25999450683594,4896300
2024-05-14,GLD,gold_etf,217.30999755859375,218.3800048828125,216.97999572753906,218.08999633789062,218.08999633789062,4662700
2024-05-15,GLD,gold_etf,219.05999755859375,221.19000244140625,217.64999389648438,220.88999938964844,220.88999938964844,9297700
2024-05-16,GLD,gold_etf,220.13999938964844,220.58999633789062,219.41000366210938,220.02999877929688,220.02999877929688,4301700
2024-05-17,GLD,gold_etf,222.17999267578125,223.85000610351562,221.6699981689453,223.66000366210938,223.66000366210938,10481900
2024-05-20,GLD,gold_etf,223.7899932861328,225.66000366210938,223.02000427246094,224.55999755859375,224.55999755859375,5990900
2024-05-21,GLD,gold_etf,224.77000427246094,225.2100067138672,223.6999969482422,224.22999572753906,224.22999572753906,4002600
2024-05-22,GLD,gold_etf,223.08999633789062,223.24000549316406,219.74000549316406,220.11000061035156,220.11000061035156,8903100
2024-05-23,GLD,gold_etf,218.77999877929688,219.22999572753906,215.66000366210938,215.72000122070312,215.72000122070312,9537900
2024-05-24,GLD,gold_etf,216.9600067138672,217.2100067138672,215.74000549316406,215.9199981689453,215.9199981689453,4212400
2024-05-28,GLD,gold_etf,218.42999267578125,218.58999633789062,217.2100067138672,218.19000244140625,218.19000244140625,3809700
2024-05-29,GLD,gold_etf,216.9199981689453,217.16000366210938,216.1199951171875,216.16000366210938,216.16000366210938,4185000
2024-05-30,GLD,gold_etf,216.69000244140625,217.50999450683594,216.41000366210938,216.57000732421875,216.57000732421875,3068800
2024-05-31,GLD,gold_etf,217.77000427246094,217.9600067138672,214.64999389648438,215.3000030517578,215.3000030517578,5617200
2024-06-03,GLD,gold_etf,215.9199981689453,217.82000732421875,215.5399932861328,217.22000122070312,217.22000122070312,6172600
2024-06-04,GLD,gold_etf,216.24000549316406,216.24000549316406,214.1999969482422,215.27000427246094,215.27000427246094,5509400
2024-06-05,GLD,gold_etf,216.69000244140625,218.0800018310547,215.92999267578125,217.82000732421875,217.82000732421875,5479200
2024-06-06,GLD,gold_etf,218.36000061035156,219.97000122070312,218.10000610351562,219.42999267578125,219.42999267578125,5283900
2024-06-07,GLD,gold_etf,215.07000732421875,215.19000244140625,211.5399932861328,211.60000610351562,211.60000610351562,12195100
2024-06-10,GLD,gold_etf,213.1300048828125,214.02000427246094,212.75999450683594,213.5399932861328,213.5399932861328,4215300
2024-06-11,GLD,gold_etf,213.9499969482422,214.3800048828125,213.24000549316406,214.14999389648438,214.14999389648438,4004100
2024-06-12,GLD,gold_etf,216.47000122070312,216.5500030517578,214.1999969482422,214.72000122070312,214.72000122070312,5911900
2024-06-13,GLD,gold_etf,214.44000244140625,214.9600067138672,212.25999450683594,212.97000122070312,212.97000122070312,5861100
2024-06-14,GLD,gold_etf,215.33999633789062,216.0399932861328,214.97999572753906,215.72999572753906,215.72999572753906,7076500
2024-06-17,GLD,gold_etf,214.89999389648438,215.24000549316406,213.60000610351562,214.61000061035156,214.61000061035156,3877700
2024-06-18,GLD,gold_etf,214.3800048828125,215.8300018310547,214.0399932861328,215.47000122070312,215.47000122070312,4921400
2024-06-20,GLD,gold_etf,216.32000732421875,218.74000549316406,216.14999389648438,218.16000366210938,218.16000366210938,7290500
2024-06-21,GLD,gold_etf,217.8300018310547,217.89999389648438,214.25999450683594,214.77999877929688,214.77999877929688,8865600
2024-06-24,GLD,gold_etf,215.5500030517578,215.94000244140625,215.1999969482422,215.6300048828125,215.6300048828125,4626900
2024-06-25,GLD,gold_etf,214.9600067138672,215.30999755859375,214.1199951171875,214.55999755859375,214.55999755859375,3820900
2024-06-26,GLD,gold_etf,212.38999938964844,213.11000061035156,212.1199951171875,212.5800018310547,212.5800018310547,4690300
2024-06-27,GLD,gold_etf,214.7100067138672,215.5,214.4499969482422,214.99000549316406,214.99000549316406,4977800
2024-06-28,GLD,gold_etf,215.63999938964844,215.80999755859375,214.82000732421875,215.00999450683594,215.00999450683594,3955100
2024-07-01,GLD,gold_etf,215.25,216.0,214.49000549316406,215.57000732421875,215.57000732421875,3797900
2024-07-02,GLD,gold_etf,215.3300018310547,216.0800018310547,214.6199951171875,215.55999755859375,215.55999755859375,4921700
2024-07-03,GLD,gold_etf,217.33999633789062,218.74000549316406,217.3300018310547,217.99000549316406,217.99000549316406,5055300
2024-07-05,GLD,gold_etf,219.5800018310547,221.27999877929688,219.5800018310547,220.92999267578125,220.92999267578125,5950600
2024-07-08,GLD,gold_etf,219.63999938964844,220.0399932861328,217.41000366210938,218.19000244140625,218.19000244140625,5790800
2024-07-09,GLD,gold_etf,218.57000732421875,219.2899932861328,217.27000427246094,218.55999755859375,218.55999755859375,3901500
2024-07-10,GLD,gold_etf,220.13999938964844,220.7100067138672,219.16000366210938,219.36000061035156,219.36000061035156,5556200
2024-07-11,GLD,gold_etf,222.64999389648438,224.14999389648438,221.47999572753906,223.25,223.25,9322000
2024-07-12,GLD,gold_etf,222.02999877929688,223.6199951171875,221.86000061035156,223.11000061035156,223.11000061035156,5179300
2024-07-15,GLD,gold_etf,223.38999938964844,225.58999633789062,223.02000427246094,223.8300018310547,223.8300018310547,5719300
2024-07-16,GLD,gold_etf,225.4499969482422,228.2899932861328,225.3000030517578,228.2899932861328,228.2899932861328,11070700
2024-07-17,GLD,gold_etf,228.7899932861328,229.64999389648438,226.6699981689453,227.22999572753906,227.22999572753906,8620500
2024-07-18,GLD,gold_etf,227.7100067138672,228.32000732421875,225.57000732421875,225.77999877929688,225.77999877929688,5485500
2024-07-19,GLD,gold_etf,221.52000427246094,222.67999267578125,221.41000366210938,221.72999572753906,221.72999572753906,8666000
2024-07-22,GLD,gold_etf,221.5800018310547,221.9199981689453,220.39999389648438,221.8000030517578,221.8000030517578,5334100
2024-07-23,GLD,gold_etf,222.33999633789062,222.75,221.86000061035156,222.5800018310547,222.5800018310547,4435700
2024-07-24,GLD,gold_etf,223.47000122070312,224.8800048828125,221.74000549316406,221.8000030517578,221.8000030517578,6838800
2024-07-25,GLD,gold_etf,219.02000427246094,219.25999450683594,217.52000427246094,218.3300018310547,218.3300018310547,9777100
2024-07-26,GLD,gold_etf,219.9600067138672,221.0399932861328,219.6999969482422,220.6300048828125,220.6300048828125,6328800
2024-07-29,GLD,gold_etf,221.25999450683594,221.5500030517578,219.0500030517578,220.32000732421875,220.32000732421875,4665100
2024-07-30,GLD,gold_etf,221.41000366210938,222.9199981689453,220.36000061035156,222.52000427246094,222.52000427246094,4939500
2024-07-31,GLD,gold_etf,223.72999572753906,226.60000610351562,223.63999938964844,226.5500030517578,226.5500030517578,7316600
2024-08-01,GLD,gold_etf,226.74000549316406,227.57000732421875,225.0500030517578,225.77000427246094,225.77000427246094,7217200
2024-08-02,GLD,gold_etf,227.9499969482422,228.75999450683594,222.8699951171875,225.33999633789062,225.33999633789062,11109400
2024-08-05,GLD,gold_etf,220.55999755859375,223.10000610351562,220.24000549316406,222.47999572753906,222.47999572753906,8939000
2024-08-06,GLD,gold_etf,221.5,222.13999938964844,220.11000061035156,220.6999969482422,220.6999969482422,14362300
2024-08-07,GLD,gold_etf,221.94000244140625,222.30999755859375,220.35000610351562,220.5500030517578,220.5500030517578,5287800
2024-08-08,GLD,gold_etf,222.72999572753906,224.25,222.52000427246094,224.00999450683594,224.00999450683594,6327100
2024-08-09,GLD,gold_etf,224.82000732421875,225.27999877929688,223.82000732421875,224.55999755859375,224.55999755859375,4441000
2024-08-12,GLD,gold_etf,226.13999938964844,228.5399932861328,225.97000122070312,228.41000366210938,228.41000366210938,5561300
2024-08-13,GLD,gold_etf,228.07000732421875,228.8699951171875,227.58999633789062,228.05999755859375,228.05999755859375,6740200
2024-08-14,GLD,gold_etf,226.5500030517578,227.47999572753906,225.35000610351562,226.1999969482422,226.1999969482422,5462500
2024-08-15,GLD,gold_etf,226.50999450683594,227.5,225.1199951171875,226.91000366210938,226.91000366210938,5273300
2024-08-16,GLD,gold_etf,229.99000549316406,232.02000427246094,229.00999450683594,231.99000549316406,231.99000549316406,11924500
2024-08-19,GLD,gold_etf,230.14999389648438,231.77999877929688,229.74000549316406,231.61000061035156,231.61000061035156,5164800
2024-08-20,GLD,gold_etf,233.7100067138672,234.00999450683594,231.1300048828125,232.4600067138672,232.4600067138672,9073600
2024-08-21,GLD,gold_etf,231.69000244140625,232.8699951171875,230.47999572753906,232.14999389648438,232.14999389648438,5337400
2024-08-22,GLD,gold_etf,230.35000610351562,230.3800048828125,228.25999450683594,229.3699951171875,229.3699951171875,5765400
2024-08-23,GLD,gold_etf,231.0399932861328,232.72999572753906,230.52000427246094,232.02000427246094,232.02000427246094,5418200
2024-08-26,GLD,gold_etf,233.4499969482422,233.5,232.05999755859375,232.75999450683594,232.75999450683594,3151400
2024-08-27,GLD,gold_etf,231.69000244140625,233.47000122070312,231.57000732421875,233.38999938964844,233.38999938964844,4435600
2024-08-28,GLD,gold_etf,232.0,232.02000427246094,230.72999572753906,231.75,231.75,4961500
2024-08-29,GLD,gold_etf,231.9499969482422,233.61000061035156,231.9199981689453,232.9499969482422,232.9499969482422,5524200
2024-08-30,GLD,gold_etf,232.52999877929688,232.86000061035156,230.5500030517578,231.2899932861328,231.2899932861328,5743000
2024-09-03,GLD,gold_etf,230.3800048828125,230.5399932861328,228.52000427246094,230.2899932861328,230.2899932861328,6417900
2024-09-04,GLD,gold_etf,229.7899932861328,231.05999755859375,229.3800048828125,230.42999267578125,230.42999267578125,4696000
2024-09-05,GLD,gold_etf,232.72000122070312,232.88999938964844,231.3300018310547,232.35000610351562,232.35000610351562,4838100
2024-09-06,GLD,gold_etf,231.8300018310547,232.75999450683594,229.6199951171875,230.6300048828125,230.6300048828125,6315800
2024-09-09,GLD,gold_etf,231.25999450683594,231.6199951171875,230.38999938964844,231.60000610351562,231.60000610351562,3548800
2024-09-10,GLD,gold_etf,232.38999938964844,232.74000549316406,231.1199951171875,232.6199951171875,232.6199951171875,4378300
2024-09-11,GLD,gold_etf,231.72000122070312,232.8699951171875,231.08999633789062,232.25,232.25,4637300
2024-09-12,GLD,gold_etf,234.6300048828125,236.4499969482422,234.4199981689453,236.3300018310547,236.3300018310547,9930200
2024-09-13,GLD,gold_etf,238.1300048828125,238.97999572753906,237.75999450683594,238.67999267578125,238.67999267578125,7455100
2024-09-16,GLD,gold_etf,238.72999572753906,239.27999877929688,238.0500030517578,238.66000366210938,238.66000366210938,4713500
2024-09-17,GLD,gold_etf,238.0800018310547,238.60000610351562,236.61000061035156,237.33999633789062,237.33999633789062,5257100
2024-09-18,GLD,gold_etf,238.19000244140625,240.2899932861328,235.3000030517578,235.50999450683594,235.50999450683594,11081100
2024-09-19,GLD,gold_etf,238.24000549316406,239.52000427246094,237.38999938964844,239.1699981689453,239.1699981689453,6108200
2024-09-20,GLD,gold_etf,241.11000061035156,242.6300048828125,240.47000122070312,242.2100067138672,242.2100067138672,7737400
2024-09-23,GLD,gold_etf,242.97000122070312,243.4600067138672,242.58999633789062,242.67999267578125,242.67999267578125,5426200
2024-09-24,GLD,gold_etf,243.38999938964844,246.19000244140625,243.14999389648438,246.07000732421875,246.07000732421875,8386300
2024-09-25,GLD,gold_etf,246.19000244140625,246.47000122070312,244.7899932861328,245.72999572753906,245.72999572753906,7393400
2024-09-26,GLD,gold_etf,246.44000244140625,247.3699951171875,245.19000244140625,246.97999572753906,246.97999572753906,7041100
2024-09-27,GLD,gold_etf,246.30999755859375,246.75,244.19000244140625,245.02000427246094,245.02000427246094,8329600
2024-09-30,GLD,gold_etf,243.97000122070312,244.0800018310547,242.5,243.05999755859375,243.05999755859375,6916700
2024-10-01,GLD,gold_etf,245.1999969482422,246.97999572753906,245.05999755859375,245.61000061035156,245.61000061035156,10605500
2024-10-02,GLD,gold_etf,245.61000061035156,246.07000732421875,243.99000549316406,245.66000366210938,245.66000366210938,6798800
2024-10-03,GLD,gold_etf,244.72000122070312,245.91000366210938,243.69000244140625,245.49000549316406,245.49000549316406,5674500
2024-10-04,GLD,gold_etf,245.0,246.69000244140625,244.0500030517578,245.0,245.0,5947800
2024-10-07,GLD,gold_etf,244.5800018310547,244.82000732421875,243.80999755859375,244.1699981689453,244.1699981689453,3849000
2024-10-08,GLD,gold_etf,243.7899932861328,244.0399932861328,240.6300048828125,242.3699951171875,242.3699951171875,7669800
2024-10-09,GLD,gold_etf,241.16000366210938,241.83999633789062,240.63999938964844,241.0500030517578,241.0500030517578,4120500
2024-10-10,GLD,gold_etf,241.77000427246094,243.02000427246094,241.50999450683594,242.82000732421875,242.82000732421875,4792700
2024-10-11,GLD,gold_etf,244.5,245.9199981689453,244.47000122070312,245.47000122070312,245.47000122070312,5789500
2024-10-14,GLD,gold_etf,245.16000366210938,245.86000061035156,244.25999450683594,245.07000732421875,245.07000732421875,3922900
2024-10-15,GLD,gold_etf,244.99000549316406,246.5500030517578,244.52999877929688,245.9199981689453,245.9199981689453,5640800
2024-10-16,GLD,gold_etf,247.6199951171875,248.08999633789062,246.36000061035156,247.14999389648438,247.14999389648438,5431900
2024-10-17,GLD,gold_etf,247.75,249.05999755859375,247.6199951171875,248.6300048828125,248.6300048828125,5176200
2024-10-18,GLD,gold_etf,250.0,251.3699951171875,249.89999389648438,251.27000427246094,251.27000427246094,7833600
2024-10-21,GLD,gold_etf,252.74000549316406,253.13999938964844,250.72999572753906,251.22000122070312,251.22000122070312,9258600
2024-10-22,GLD,gold_etf,253.05999755859375,253.94000244140625,252.52000427246094,253.92999267578125,253.92999267578125,5756300
2024-10-23,GLD,gold_etf,253.0800018310547,253.17999267578125,250.1999969482422,250.8699951171875,250.8699951171875,8081000
2024-10-24,GLD,gold_etf,253.27000427246094,253.32000732421875,251.39999389648438,252.8000030517578,252.8000030517578,5962200
2024-10-25,GLD,gold_etf,252.0,253.5500030517578,251.77000427246094,253.32000732421875,253.32000732421875,4424500
2024-10-28,GLD,gold_etf,253.00999450683594,253.6300048828125,252.9499969482422,253.3300018310547,253.3300018310547,4029100
2024-10-29,GLD,gold_etf,254.49000549316406,256.2900085449219,254.22999572753906,256.0899963378906,256.0899963378906,8875500
2024-10-30,GLD,gold_etf,256.760009765625,257.7099914550781,255.91000366210938,257.5,257.5,6386200
2024-10-31,GLD,gold_etf,255.52000427246094,255.60000610351562,252.1999969482422,253.50999450683594,253.50999450683594,9930800
2024-11-01,GLD,gold_etf,254.3300018310547,254.86000061035156,252.44000244140625,252.47000122070312,252.47000122070312,6473000
2024-11-04,GLD,gold_etf,253.32000732421875,253.5800018310547,252.27000427246094,252.8300018310547,252.8300018310547,4581400
2024-11-05,GLD,gold_etf,253.77999877929688,253.99000549316406,252.41000366210938,253.39999389648438,253.39999389648438,6029900
2024-11-06,GLD,gold_etf,245.63999938964844,247.35000610351562,244.9499969482422,245.6999969482422,245.6999969482422,14600200
2024-11-07,GLD,gold_etf,248.2899932861328,250.24000549316406,248.1199951171875,249.64999389648438,249.64999389648438,8821400
2024-11-08,GLD,gold_etf,249.07000732421875,249.35000610351562,247.77999877929688,247.9600067138672,247.9600067138672,6267900
2024-11-11,GLD,gold_etf,242.72999572753906,242.72999572753906,241.05999755859375,242.13999938964844,242.13999938964844,11653800
2024-11-12,GLD,gold_etf,241.2899932861328,241.66000366210938,239.38999938964844,240.0500030517578,240.0500030517578,10145500
2024-11-13,GLD,gold_etf,241.30999755859375,241.47000122070312,237.58999633789062,237.6300048828125,237.6300048828125,8431700
2024-11-14,GLD,gold_etf,236.57000732421875,237.99000549316406,236.1300048828125,237.00999450683594,237.00999450683594,8262400
2024-11-15,GLD,gold_etf,237.57000732421875,237.8800048828125,236.3300018310547,236.58999633789062,236.58999633789062,7299500
2024-11-18,GLD,gold_etf,240.4600067138672,241.5,240.4499969482422,241.08999633789062,241.08999633789062,6323400
2024-11-19,GLD,gold_etf,242.75,243.30999755859375,242.02999877929688,243.25,243.25,6579100
2024-11-20,GLD,gold_etf,243.74000549316406,245.2100067138672,243.50999450683594,244.6199951171875,244.6199951171875,6630700
2024-11-21,GLD,gold_etf,246.22999572753906,246.80999755859375,245.69000244140625,246.66000366210938,246.66000366210938,7646400
2024-11-22,GLD,gold_etf,248.1999969482422,250.38999938964844,247.86000061035156,249.83999633789062,249.83999633789062,7503000
2024-11-25,GLD,gold_etf,244.27000427246094,244.39999389648438,241.47999572753906,242.47999572753906,242.47999572753906,10733100
2024-11-26,GLD,gold_etf,242.7100067138672,243.08999633789062,241.5800018310547,242.9499969482422,242.9499969482422,4945900
2024-11-27,GLD,gold_etf,244.85000610351562,245.17999267578125,243.1999969482422,243.49000549316406,243.49000549316406,6930600
2024-11-29,GLD,gold_etf,245.25,245.80999755859375,244.72999572753906,245.58999633789062,245.58999633789062,2708500
2024-12-02,GLD,gold_etf,244.4600067138672,244.5800018310547,243.13999938964844,243.44000244140625,243.44000244140625,4765000
2024-12-03,GLD,gold_etf,244.9600067138672,245.17999267578125,243.3000030517578,243.92999267578125,243.92999267578125,3557800
2024-12-04,GLD,gold_etf,244.92999267578125,245.33999633789062,244.3699951171875,244.6699981689453,244.6699981689453,4608600
2024-12-05,GLD,gold_etf,244.16000366210938,244.3800048828125,242.14999389648438,242.86000061035156,242.86000061035156,4806200
2024-12-06,GLD,gold_etf,242.7899932861328,243.86000061035156,242.44000244140625,242.9499969482422,242.9499969482422,3540700
2024-12-09,GLD,gold_etf,246.27999877929688,247.11000061035156,245.25999450683594,245.36000061035156,245.36000061035156,4711500
2024-12-10,GLD,gold_etf,247.86000061035156,248.86000061035156,247.8300018310547,248.58999633789062,248.58999633789062,4642000
2024-12-11,GLD,gold_etf,249.35000610351562,251.25999450683594,248.97000122070312,250.9600067138672,250.9600067138672,11033800
2024-12-12,GLD,gold_etf,247.80999755859375,248.24000549316406,246.8699951171875,247.27999877929688,247.27999877929688,10149600
2024-12-13,GLD,gold_etf,245.6699981689453,245.94000244140625,244.27000427246094,244.2899932861328,244.2899932861328,6602600
2024-12-16,GLD,gold_etf,245.41000366210938,245.5399932861328,244.2899932861328,244.8800048828125,244.8800048828125,3310000
2024-12-17,GLD,gold_etf,243.8000030517578,244.5500030517578,243.22999572753906,243.94000244140625,243.94000244140625,4421300
2024-12-18,GLD,gold_etf,243.57000732421875,243.7100067138672,238.82000732421875,239.25999450683594,239.25999450683594,8015800
2024-12-19,GLD,gold_etf,239.6699981689453,240.0500030517578,238.72999572753906,239.60000610351562,239.60000610351562,8111400
2024-12-20,GLD,gold_etf,241.41000366210938,242.9600067138672,241.1699981689453,242.10000610351562,242.10000610351562,9527800
2024-12-23,GLD,gold_etf,241.60000610351562,241.6699981689453,240.64999389648438,240.9600067138672,240.9600067138672,5835500
2024-12-24,GLD,gold_etf,241.49000549316406,241.66000366210938,240.82000732421875,241.44000244140625,241.44000244140625,2421000
2024-12-26,GLD,gold_etf,242.38999938964844,243.55999755859375,242.1999969482422,243.07000732421875,243.07000732421875,4645100
2024-12-27,GLD,gold_etf,241.1999969482422,241.9499969482422,241.0500030517578,241.39999389648438,241.39999389648438,4728100
2024-12-30,GLD,gold_etf,241.0800018310547,241.0800018310547,239.5800018310547,240.6300048828125,240.6300048828125,3522500
2024-12-31,GLD,gold_etf,241.0500030517578,242.52000427246094,241.0500030517578,242.1300048828125,242.1300048828125,2522100
2025-01-02,GLD,gold_etf,244.22000122070312,245.52999877929688,244.0800018310547,245.4199981689453,245.4199981689453,6241900
2025-01-03,GLD,gold_etf,244.55999755859375,244.82000732421875,243.36000061035156,243.49000549316406,243.49000549316406,4872100
2025-01-06,GLD,gold_etf,242.3300018310547,243.7899932861328,242.0500030517578,243.19000244140625,243.19000244140625,3758900
2025-01-07,GLD,gold_etf,245.52000427246094,245.77000427246094,243.80999755859375,244.55999755859375,244.55999755859375,5090300
2025-01-08,GLD,gold_etf,245.72000122070312,246.4499969482422,244.50999450683594,245.86000061035156,245.86000061035156,6303300
2025-01-10,GLD,gold_etf,248.00999450683594,249.0399932861328,247.5500030517578,248.2100067138672,248.2100067138672,12380100
2025-01-13,GLD,gold_etf,246.33999633789062,246.7899932861328,245.14999389648438,245.74000549316406,245.74000549316406,8448600
2025-01-14,GLD,gold_etf,245.6199951171875,247.0399932861328,245.52000427246094,247.02999877929688,247.02999877929688,4914800
2025-01-15,GLD,gold_etf,248.2100067138672,248.89999389648438,247.00999450683594,248.8800048828125,248.8800048828125,6345000
2025-01-16,GLD,gold_etf,250.55999755859375,251.38999938964844,250.27000427246094,250.60000610351562,250.60000610351562,9236000
2025-01-17,GLD,gold_etf,249.6999969482422,250.80999755859375,249.14999389648438,249.27000427246094,249.27000427246094,8312900
2025-01-21,GLD,gold_etf,251.9499969482422,253.36000061035156,251.8300018310547,253.1300048828125,253.1300048828125,7668100
2025-01-22,GLD,gold_etf,254.2899932861328,254.67999267578125,253.77999877929688,254.42999267578125,254.42999267578125,5213800
2025-01-23,GLD,gold_etf,253.19000244140625,254.5399932861328,252.82000732421875,254.07000732421875,254.07000732421875,6511500
2025-01-24,GLD,gold_etf,255.9600067138672,257.07000732421875,255.61000061035156,255.64999389648438,255.64999389648438,7341300
2025-01-27,GLD,gold_etf,253.86000061035156,254.25999450683594,251.9199981689453,252.99000549316406,252.99000549316406,5799800
2025-01-28,GLD,gold_etf,254.22999572753906,255.25,253.88999938964844,255.17999267578125,255.17999267578125,5332000
2025-01-29,GLD,gold_etf,254.5500030517578,254.82000732421875,253.3000030517578,254.1999969482422,254.1999969482422,5671800
2025-01-30,GLD,gold_etf,257.20001220703125,258.2900085449219,256.45001220703125,258.04998779296875,258.04998779296875,12981200
2025-01-31,GLD,gold_etf,259.0799865722656,259.989990234375,257.8599853515625,258.55999755859375,258.55999755859375,8961100
2025-02-03,GLD,gold_etf,259.75,261.3900146484375,259.5199890136719,259.94000244140625,259.94000244140625,11521100
2025-02-04,GLD,gold_etf,261.8299865722656,262.5400085449219,261.3500061035156,262.5,262.5,9850400
2025-02-05,GLD,gold_etf,264.45001220703125,265.989990234375,263.8900146484375,264.1300048828125,264.1300048828125,12681100
2025-02-06,GLD,gold_etf,263.6600036621094,263.7200012207031,261.489990234375,263.42999267578125,263.42999267578125,8731400
2025-02-07,GLD,gold_etf,265.2200012207031,266.3500061035156,263.260009765625,263.8999938964844,263.8999938964844,9154000
2025-02-10,GLD,gold_etf,268.0,268.6600036621094,267.239990234375,268.3699951171875,268.3699951171875,13250300
2025-02-11,GLD,gold_etf,267.70001220703125,268.3599853515625,266.7099914550781,267.3900146484375,267.3900146484375,7169500
2025-02-12,GLD,gold_etf,267.1499938964844,268.42999267578125,266.3500061035156,267.6700134277344,267.6700134277344,9328600
2025-02-13,GLD,gold_etf,268.3999938964844,270.3900146484375,268.2200012207031,270.30999755859375,270.30999755859375,8347500
2025-02-14,GLD,gold_etf,270.07000732421875,270.2099914550781,265.45001220703125,266.2900085449219,266.2900085449219,11546700
2025-02-18,GLD,gold_etf,269.67999267578125,271.010009765625,269.6000061035156,270.70001220703125,270.70001220703125,8185900
2025-02-19,GLD,gold_etf,270.67999267578125,271.3299865722656,269.239990234375,270.8500061035156,270.8500061035156,9342500
2025-02-20,GLD,gold_etf,270.2300109863281,271.8399963378906,270.1700134277344,270.989990234375,270.989990234375,7356900
2025-02-21,GLD,gold_etf,270.79998779296875,271.510009765625,269.510009765625,270.739990234375,270.739990234375,8917400
2025-02-24,GLD,gold_etf,271.45001220703125,272.32000732421875,270.3800048828125,272.2099914550781,272.2099914550781,5374400
2025-02-25,GLD,gold_etf,271.4599914550781,271.67999267578125,266.45001220703125,268.6199951171875,268.6199951171875,10079800
2025-02-26,GLD,gold_etf,267.0799865722656,269.0799865722656,266.6600036621094,269.0299987792969,269.0299987792969,7276000
2025-02-27,GLD,gold_etf,266.489990234375,266.6700134277344,264.45001220703125,264.92999267578125,264.92999267578125,9374600
2025-02-28,GLD,gold_etf,262.55999755859375,263.3999938964844,261.25,263.2699890136719,263.2699890136719,11504500
2025-03-03,GLD,gold_etf,265.07000732421875,266.8800048828125,265.07000732421875,266.739990234375,266.739990234375,7725600
2025-03-04,GLD,gold_etf,269.010009765625,269.3999938964844,267.5199890136719,269.05999755859375,269.05999755859375,8481300
2025-03-05,GLD,gold_etf,267.9700012207031,270.260009765625,267.9599914550781,269.6199951171875,269.6199951171875,6990400
2025-03-06,GLD,gold_etf,268.25,269.510009765625,268.1600036621094,268.25,268.25,6136400
2025-03-07,GLD,gold_etf,269.0899963378906,270.3399963378906,267.6400146484375,268.3900146484375,268.3900146484375,10431200
2025-03-10,GLD,gold_etf,267.6199951171875,268.44000244140625,265.6400146484375,266.0400085449219,266.0400085449219,7593900
2025-03-11,GLD,gold_etf,268.4700012207031,269.7300109863281,268.44000244140625,269.1600036621094,269.1600036621094,8436600
2025-03-12,GLD,gold_etf,268.4700012207031,271.2300109863281,268.3599853515625,270.3299865722656,270.3299865722656,7236200
2025-03-13,GLD,gold_etf,271.57000732421875,275.3500061035156,271.54998779296875,275.1300048828125,275.1300048828125,13741500
2025-03-14,GLD,gold_etf,276.2699890136719,276.29998779296875,274.6600036621094,275.239990234375,275.239990234375,13365000
2025-03-17,GLD,gold_etf,275.5400085449219,276.7900085449219,275.3900146484375,276.7300109863281,276.7300109863281,8583400
2025-03-18,GLD,gold_etf,279.8999938964844,280.2099914550781,278.9700012207031,279.9599914550781,279.9599914550781,9596500
2025-03-19,GLD,gold_etf,279.8500061035156,281.4800109863281,279.05999755859375,281.1099853515625,281.1099853515625,8822200
2025-03-20,GLD,gold_etf,279.489990234375,280.8999938964844,279.42999267578125,280.75,280.75,5863300
2025-03-21,GLD,gold_etf,279.4599914550781,279.4599914550781,276.5899963378906,278.489990234375,278.489990234375,9359300
2025-03-24,GLD,gold_etf,278.9100036621094,279.0899963378906,276.8599853515625,277.25,277.25,7870100
2025-03-25,GLD,gold_etf,278.7799987792969,279.9599914550781,278.2699890136719,278.4700012207031,278.4700012207031,5090200
2025-03-26,GLD,gold_etf,278.92999267578125,279.0199890136719,277.7799987792969,278.239990234375,278.239990234375,3717500
2025-03-27,GLD,gold_etf,280.54998779296875,282.07000732421875,279.5899963378906,281.9700012207031,281.9700012207031,8476300
2025-03-28,GLD,gold_etf,283.82000732421875,284.6400146484375,282.8599853515625,284.05999755859375,284.05999755859375,9563700
2025-03-31,GLD,gold_etf,287.5299987792969,288.3900146484375,285.8500061035156,288.1400146484375,288.1400146484375,13925100
2025-04-01,GLD,gold_etf,288.5400085449219,289.1300048828125,285.9100036621094,287.57000732421875,287.57000732421875,15923600
2025-04-02,GLD,gold_etf,288.2799987792969,289.0299987792969,287.3599853515625,288.1600036621094,288.1600036621094,11074800
2025-04-03,GLD,gold_etf,282.7799987792969,289.0899963378906,282.45001220703125,286.4200134277344,286.4200134277344,20524400
2025-04-04,GLD,gold_etf,283.6400146484375,284.0299987792969,278.0199890136719,279.7200012207031,279.7200012207031,21517200
2025-04-07,GLD,gold_etf,278.8599853515625,280.1400146484375,272.5799865722656,273.7099914550781,273.7099914550781,19807000
2025-04-08,GLD,gold_etf,277.8699951171875,278.32000732421875,274.239990234375,275.20001220703125,275.20001220703125,12639500
2025-04-09,GLD,gold_etf,282.2200012207031,285.8699951171875,281.0400085449219,285.3800048828125,285.3800048828125,25342200
2025-04-10,GLD,gold_etf,288.80999755859375,292.8599853515625,287.2300109863281,292.3500061035156,292.3500061035156,19837800
2025-04-11,GLD,gold_etf,297.9599914550781,299.2699890136719,296.80999755859375,297.92999267578125,297.92999267578125,21080100
2025-04-14,GLD,gold_etf,295.5400085449219,296.5799865722656,294.5299987792969,296.2300109863281,296.2300109863281,12427600
2025-04-15,GLD,gold_etf,296.92999267578125,298.0199890136719,296.0899963378906,297.7799987792969,297.7799987792969,7924100
2025-04-16,GLD,gold_etf,304.6499938964844,308.05999755859375,303.79998779296875,307.4700012207031,307.4700012207031,20778100
2025-04-17,GLD,gold_etf,306.30999755859375,307.1300048828125,302.7300109863281,306.1199951171875,306.1199951171875,18287800
2025-04-21,GLD,gold_etf,315.0199890136719,316.4100036621094,313.95001220703125,315.5899963378906,315.5899963378906,20372300
2025-04-22,GLD,gold_etf,317.489990234375,317.6300048828125,310.3599853515625,311.1099853515625,311.1099853515625,35242300
2025-04-23,GLD,gold_etf,304.17999267578125,304.739990234375,300.5899963378906,303.6499938964844,303.6499938964844,25421500
2025-04-24,GLD,gold_etf,306.9800109863281,308.5,304.7099914550781,308.07000732421875,308.07000732421875,10845000
2025-04-25,GLD,gold_etf,301.7799987792969,305.3699951171875,301.010009765625,304.7300109863281,304.7300109863281,10691600
2025-04-28,GLD,gold_etf,304.1499938964844,309.1099853515625,302.9700012207031,309.07000732421875,309.07000732421875,9375500
2025-04-29,GLD,gold_etf,305.80999755859375,306.95001220703125,304.0,306.05999755859375,306.05999755859375,6852100
2025-04-30,GLD,gold_etf,304.6099853515625,306.07000732421875,303.44000244140625,303.7699890136719,303.7699890136719,8331900
2025-05-01,GLD,gold_etf,297.4100036621094,297.94000244140625,295.32000732421875,297.4599914550781,297.4599914550781,14969100
2025-05-02,GLD,gold_etf,300.1700134277344,300.8500061035156,297.0299987792969,297.9800109863281,297.9800109863281,8678400
2025-05-05,GLD,gold_etf,305.9200134277344,307.6499938964844,304.67999267578125,306.8800048828125,306.8800048828125,8924000
2025-05-06,GLD,gold_etf,313.1199951171875,315.6199951171875,311.3999938964844,315.4800109863281,315.4800109863281,11445300
2025-05-07,GLD,gold_etf,312.1000061035156,313.260009765625,310.0799865722656,310.75,310.75,7888300
2025-05-08,GLD,gold_etf,309.760009765625,310.4800109863281,303.04998779296875,304.6300048828125,304.6300048828125,11927600
2025-05-09,GLD,gold_etf,307.7900085449219,308.57000732421875,306.010009765625,306.8399963378906,306.8399963378906,6913100
2025-05-12,GLD,gold_etf,298.3299865722656,299.4700012207031,296.82000732421875,298.19000244140625,298.19000244140625,14375900
2025-05-13,GLD,gold_etf,299.0199890136719,300.29998779296875,297.239990234375,299.4599914550781,299.4599914550781,10233600
2025-05-14,GLD,gold_etf,293.6700134277344,294.79998779296875,291.9599914550781,293.1600036621094,293.1600036621094,14800600
2025-05-15,GLD,gold_etf,294.1000061035156,297.8999938964844,293.75,297.8399963378906,297.8399963378906,13497700
2025-05-16,GLD,gold_etf,292.6199951171875,294.5799865722656,291.7799987792969,294.239990234375,294.239990234375,14173000
2025-05-19,GLD,gold_etf,297.8500061035156,298.5799865722656,296.4800109863281,298.0299987792969,298.0299987792969,11656300
2025-05-20,GLD,gold_etf,298.3500061035156,303.67999267578125,298.29998779296875,303.5799865722656,303.5799865722656,12851000
2025-05-21,GLD,gold_etf,304.54998779296875,306.4599914550781,303.6700134277344,305.82000732421875,305.82000732421875,12414500
2025-05-22,GLD,gold_etf,305.0899963378906,305.2799987792969,302.1000061035156,303.1099853515625,303.1099853515625,9704200
2025-05-23,GLD,gold_etf,308.8599853515625,310.25,307.4700012207031,309.75,309.75,13339500
2025-05-27,GLD,gold_etf,303.80999755859375,304.8800048828125,302.739990234375,304.5,304.5,9578500
2025-05-28,GLD,gold_etf,304.6400146484375,304.989990234375,303.05999755859375,303.80999755859375,303.80999755859375,8803300
2025-05-29,GLD,gold_etf,305.739990234375,306.8900146484375,304.4599914550781,305.6099853515625,305.6099853515625,9487900
2025-05-30,GLD,gold_etf,303.6400146484375,304.0199890136719,301.5,303.6000061035156,303.6000061035156,9553300
2025-06-02,GLD,gold_etf,309.2099914550781,311.7200012207031,308.7200012207031,311.6700134277344,311.6700134277344,13593200
2025-06-03,GLD,gold_etf,309.55999755859375,309.55999755859375,307.1499938964844,308.9100036621094,308.9100036621094,9315100
2025-06-04,GLD,gold_etf,309.4100036621094,311.8800048828125,308.739990234375,310.8999938964844,310.8999938964844,7462500
2025-06-05,GLD,gold_etf,311.239990234375,312.20001220703125,307.6499938964844,309.3299865722656,309.3299865722656,10817800
2025-06-06,GLD,gold_etf,309.0899963378906,309.20001220703125,305.1000061035156,305.17999267578125,305.17999267578125,7787500
2025-06-09,GLD,gold_etf,305.3900146484375,307.6099853515625,305.05999755859375,306.6199951171875,306.6199951171875,7159000
2025-06-10,GLD,gold_etf,308.30999755859375,308.6000061035156,305.8699951171875,306.7099914550781,306.7099914550781,7071700
2025-06-11,GLD,gold_etf,307.5,308.6199951171875,305.8500061035156,308.3699951171875,308.3699951171875,9248800
2025-06-12,GLD,gold_etf,311.739990234375,313.1000061035156,311.1499938964844,312.20001220703125,312.20001220703125,11531400
2025-06-13,GLD,gold_etf,317.260009765625,317.6000061035156,315.0400085449219,316.2900085449219,316.2900085449219,16592900
2025-06-16,GLD,gold_etf,314.79998779296875,314.8699951171875,311.6499938964844,311.7799987792969,311.7799987792969,12848400
2025-06-17,GLD,gold_etf,312.6600036621094,313.0,310.1199951171875,311.94000244140625,311.94000244140625,8234100
2025-06-18,GLD,gold_etf,312.8900146484375,312.9800109863281,309.8599853515625,310.260009765625,310.260009765625,9370800
2025-06-20,GLD,gold_etf,309.3299865722656,310.8900146484375,309.25,310.1300048828125,310.1300048828125,8794700
2025-06-23,GLD,gold_etf,310.3399963378906,312.6700134277344,310.30999755859375,311.0799865722656,311.0799865722656,12687900
2025-06-24,GLD,gold_etf,305.07000732421875,306.3399963378906,303.5400085449219,306.19000244140625,306.19000244140625,12035200
2025-06-25,GLD,gold_etf,305.30999755859375,307.3599853515625,305.1199951171875,307.1199951171875,307.1199951171875,6733200
2025-06-26,GLD,gold_etf,305.7699890136719,307.2799987792969,304.8599853515625,306.7799987792969,306.7799987792969,6787500
2025-06-27,GLD,gold_etf,300.0299987792969,302.3599853515625,299.8900146484375,301.2200012207031,301.2200012207031,13301300
2025-06-30,GLD,gold_etf,302.3900146484375,304.9200134277344,301.95001220703125,304.8299865722656,304.8299865722656,8192100
2025-07-01,GLD,gold_etf,308.55999755859375,309.0,307.3599853515625,307.54998779296875,307.54998779296875,9335600
2025-07-02,GLD,gold_etf,308.0400085449219,309.3999938964844,306.9599914550781,309.25,309.25,8316400
2025-07-03,GLD,gold_etf,307.04998779296875,307.57000732421875,306.1499938964844,307.1400146484375,307.1400146484375,5275800
2025-07-07,GLD,gold_etf,305.07000732421875,307.7099914550781,304.5299987792969,307.3699951171875,307.3699951171875,7351600
2025-07-08,GLD,gold_etf,306.29998779296875,306.45001220703125,302.7699890136719,304.1600036621094,304.1600036621094,11840500
2025-07-09,GLD,gold_etf,303.5799865722656,305.5400085449219,303.2300109863281,305.5199890136719,305.5199890136719,10644100
2025-07-10,GLD,gold_etf,306.1099853515625,306.510009765625,304.82000732421875,306.20001220703125,306.20001220703125,7053700
2025-07-11,GLD,gold_etf,308.8599853515625,310.2799987792969,308.5199890136719,309.1400146484375,309.1400146484375,9187300
2025-07-14,GLD,gold_etf,309.07000732421875,309.3800048828125,307.7300109863281,308.010009765625,308.010009765625,5772900
2025-07-15,GLD,gold_etf,307.7300109863281,308.739990234375,305.7900085449219,306.7300109863281,306.7300109863281,8149000
2025-07-16,GLD,gold_etf,307.1099853515625,311.0899963378906,305.7300109863281,308.260009765625,308.260009765625,17693100
2025-07-17,GLD,gold_etf,305.5,307.6700134277344,305.1199951171875,307.5899963378906,307.5899963378906,6642300
2025-07-18,GLD,gold_etf,309.239990234375,309.3699951171875,308.32000732421875,308.3900146484375,308.3900146484375,5574300
2025-07-21,GLD,gold_etf,311.8800048828125,313.30999755859375,311.6099853515625,313.1300048828125,313.1300048828125,10995800
2025-07-22,GLD,gold_etf,314.4800109863281,316.239990234375,313.6199951171875,316.1000061035156,316.1000061035156,13691800
2025-07-23,GLD,gold_etf,314.0,314.9599914550781,311.4200134277344,312.17999267578125,312.17999267578125,10547500
2025-07-24,GLD,gold_etf,309.2900085449219,310.989990234375,309.05999755859375,310.2699890136719,310.2699890136719,7698800
2025-07-25,GLD,gold_etf,307.82000732421875,308.30999755859375,306.20001220703125,307.3999938964844,307.3999938964844,9376400
2025-07-28,GLD,gold_etf,306.44000244140625,306.5799865722656,304.04998779296875,305.4100036621094,305.4100036621094,9275400
2025-07-29,GLD,gold_etf,305.79998779296875,307.0299987792969,304.989990234375,306.25,306.25,5741100
2025-07-30,GLD,gold_etf,304.4200134277344,304.6499938964844,300.9599914550781,300.9599914550781,300.9599914550781,13459600
2025-07-31,GLD,gold_etf,304.5899963378906,304.6099853515625,302.8599853515625,302.9599914550781,302.9599914550781,8981000
2025-08-01,GLD,gold_etf,308.6099853515625,309.54998779296875,307.45001220703125,309.1099853515625,309.1099853515625,12843400
2025-08-04,GLD,gold_etf,310.79998779296875,311.739990234375,310.3699951171875,310.9100036621094,310.9100036621094,7639000
2025-08-05,GLD,gold_etf,310.3699951171875,312.239990234375,310.2200012207031,311.1600036621094,311.1600036621094,6997700
2025-08-06,GLD,gold_etf,310.32000732421875,311.239990234375,309.8399963378906,310.5,310.5,7418200
2025-08-07,GLD,gold_etf,311.7200012207031,313.1400146484375,310.70001220703125,313.1199951171875,313.1199951171875,10891500
2025-08-08,GLD,gold_etf,312.3500061035156,313.5299987792969,311.0,313.04998779296875,313.04998779296875,19886800
2025-08-11,GLD,gold_etf,308.6199951171875,309.6600036621094,307.6300048828125,308.54998779296875,308.54998779296875,10326700
2025-08-12,GLD,gold_etf,308.2200012207031,309.30999755859375,306.7099914550781,308.2699890136719,308.2699890136719,9697400
2025-08-13,GLD,gold_etf,309.1000061035156,310.3900146484375,308.45001220703125,309.2099914550781,309.2099914550781,4718600
2025-08-14,GLD,gold_etf,307.92999267578125,308.3399963378906,306.5199890136719,307.25,307.25,5817700
2025-08-15,GLD,gold_etf,307.3399963378906,308.0,306.8699951171875,307.42999267578125,307.42999267578125,5990100
2025-08-18,GLD,gold_etf,307.7900085449219,307.8900146484375,306.6300048828125,306.95001220703125,306.95001220703125,6150100
2025-08-19,GLD,gold_etf,306.760009765625,307.4800109863281,305.19000244140625,305.2699890136719,305.2699890136719,5029900
2025-08-20,GLD,gold_etf,307.5400085449219,308.4700012207031,307.3999938964844,308.3599853515625,308.3599853515625,6515400
2025-08-21,GLD,gold_etf,307.8599853515625,308.1499938964844,307.0299987792969,307.2900085449219,307.2900085449219,4809000
2025-08-22,GLD,gold_etf,306.5199890136719,311.0199890136719,306.42999267578125,310.5799865722656,310.5799865722656,8526500
2025-08-25,GLD,gold_etf,309.6700134277344,310.8399963378906,309.6700134277344,309.8299865722656,309.8299865722656,4044400
2025-08-26,GLD,gold_etf,310.6199951171875,312.2099914550781,310.30999755859375,312.0799865722656,312.0799865722656,11698500
2025-08-27,GLD,gold_etf,311.3900146484375,312.9100036621094,310.7699890136719,312.7099914550781,312.7099914550781,4320100
2025-08-28,GLD,gold_etf,313.32000732421875,315.0799865722656,313.07000732421875,315.0299987792969,315.0299987792969,9610200
2025-08-29,GLD,gold_etf,314.7200012207031,318.0899963378906,314.6400146484375,318.07000732421875,318.07000732421875,15642600
2025-09-02,GLD,gold_etf,320.82000732421875,325.9200134277344,320.239990234375,325.5899963378906,325.5899963378906,21247500
2025-09-03,GLD,gold_etf,327.760009765625,329.45001220703125,326.7300109863281,328.1400146484375,328.1400146484375,16062200
2025-09-04,GLD,gold_etf,327.0299987792969,327.55999755859375,325.3500061035156,326.69000244140625,326.69000244140625,11703100
2025-09-05,GLD,gold_etf,329.5299987792969,331.44000244140625,328.92999267578125,331.04998779296875,331.04998779296875,16065200
2025-09-08,GLD,gold_etf,333.6600036621094,335.6700134277344,333.2300109863281,334.82000732421875,334.82000732421875,18617300
2025-09-09,GLD,gold_etf,337.0299987792969,338.30999755859375,333.8500061035156,334.05999755859375,334.05999755859375,21641900
2025-09-10,GLD,gold_etf,335.7300109863281,336.5,326.19000244140625,335.260009765625,335.260009765625,11945700
2025-09-11,GLD,gold_etf,333.3699951171875,335.1600036621094,332.9700012207031,334.760009765625,334.760009765625,9082600
2025-09-12,GLD,gold_etf,335.8800048828125,336.3900146484375,335.2300109863281,335.4200134277344,335.4200134277344,9619700
2025-09-15,GLD,gold_etf,336.30999755859375,339.2799987792969,336.2300109863281,338.9100036621094,338.9100036621094,10569900
2025-09-16,GLD,gold_etf,340.0899963378906,340.8800048828125,338.6199951171875,339.5899963378906,339.5899963378906,12161500
2025-09-17,GLD,gold_etf,338.5299987792969,341.239990234375,335.5199890136719,336.9700012207031,336.9700012207031,16535300
2025-09-18,GLD,gold_etf,336.2200012207031,336.32000732421875,333.80999755859375,335.6199951171875,335.6199951171875,14913300
2025-09-19,GLD,gold_etf,336.510009765625,339.2300109863281,336.30999755859375,339.17999267578125,339.17999267578125,14982600
2025-09-22,GLD,gold_etf,342.75,345.07000732421875,341.8399963378906,345.04998779296875,345.04998779296875,12386400
2025-09-23,GLD,gold_etf,348.2300109863281,348.75,345.32000732421875,346.4599914550781,346.4599914550781,18384000
2025-09-24,GLD,gold_etf,346.70001220703125,346.8299865722656,342.1400146484375,343.32000732421875,343.32000732421875,12709100
2025-09-25,GLD,gold_etf,344.3900146484375,345.8299865722656,342.4700012207031,344.75,344.75,12639600
2025-09-26,GLD,gold_etf,345.8299865722656,348.25,345.30999755859375,346.739990234375,346.739990234375,11698200
2025-09-29,GLD,gold_etf,351.7900085449219,352.8299865722656,351.2799987792969,352.4599914550781,352.4599914550781,15719600
2025-09-30,GLD,gold_etf,351.1300048828125,355.57000732421875,350.8699951171875,355.4700012207031,355.4700012207031,13312400
2025-10-01,GLD,gold_etf,356.1700134277344,356.9700012207031,354.7900085449219,356.0299987792969,356.0299987792969,15573600
2025-10-02,GLD,gold_etf,358.260009765625,358.6700134277344,351.3999938964844,354.7900085449219,354.7900085449219,16162100
2025-10-03,GLD,gold_etf,357.1199951171875,358.1400146484375,355.79998779296875,357.6400146484375,357.6400146484375,14464000
2025-10-06,GLD,gold_etf,362.1600036621094,365.29998779296875,361.3699951171875,364.3800048828125,364.3800048828125,17093700
2025-10-07,GLD,gold_etf,366.510009765625,367.2699890136719,364.54998779296875,366.260009765625,366.260009765625,16836800
2025-10-08,GLD,gold_etf,371.6499938964844,373.57000732421875,370.5,372.29998779296875,372.29998779296875,28052300
2025-10-09,GLD,gold_etf,373.1400146484375,373.2200012207031,362.8299865722656,365.42999267578125,365.42999267578125,33674800
2025-10-10,GLD,gold_etf,367.5400085449219,370.30999755859375,365.44000244140625,369.1199951171875,369.1199951171875,24192800
2025-10-13,GLD,gold_etf,376.5,378.8599853515625,375.5799865722656,378.0899963378906,378.0899963378906,18514400
2025-10-14,GLD,gold_etf,378.2099914550781,382.3800048828125,377.8999938964844,380.7900085449219,380.7900085449219,18409600
2025-10-15,GLD,gold_etf,385.92999267578125,387.760009765625,384.5899963378906,387.3900146484375,387.3900146484375,20598300
2025-10-16,GLD,gold_etf,391.1499938964844,396.8699951171875,390.3999938964844,396.45001220703125,396.45001220703125,33621400
2025-10-17,GLD,gold_etf,397.1400146484375,397.2799987792969,385.2200012207031,388.989990234375,388.989990234375,62025000
2025-10-20,GLD,gold_etf,397.45001220703125,403.29998779296875,394.20001220703125,403.1499938964844,403.1499938964844,34523000
2025-10-21,GLD,gold_etf,386.5400085449219,388.8900146484375,375.6499938964844,377.239990234375,377.239990234375,54101400
2025-10-22,GLD,gold_etf,372.75,378.4700012207031,368.92999267578125,377.2799987792969,377.2799987792969,30524100
2025-10-23,GLD,gold_etf,381.4599914550781,382.25,378.6499938964844,378.7900085449219,378.7900085449219,13695500
2025-10-24,GLD,gold_etf,378.510009765625,380.7699890136719,376.80999755859375,377.5199890136719,377.5199890136719,13263800
2025-10-27,GLD,gold_etf,371.1300048828125,371.5899963378906,365.3399963378906,367.010009765625,367.010009765625,23657600
2025-10-28,GLD,gold_etf,361.80999755859375,365.29998779296875,360.1199951171875,364.3800048828125,364.3800048828125,19257600
2025-10-29,GLD,gold_etf,369.6499938964844,370.0799865722656,361.3599853515625,363.0,363.0,18891800
2025-10-30,GLD,gold_etf,365.0899963378906,370.3599853515625,364.5,370.1300048828125,370.1300048828125,14812800
2025-10-31,GLD,gold_etf,370.4700012207031,370.6600036621094,365.5,368.1199951171875,368.1199951171875,11077900
2025-11-03,GLD,gold_etf,368.9100036621094,370.8399963378906,367.5400085449219,368.7799987792969,368.7799987792969,7254300
2025-11-04,GLD,gold_etf,363.4800109863281,365.739990234375,361.3900146484375,362.32000732421875,362.32000732421875,11540100
2025-11-05,GLD,gold_etf,366.3900146484375,367.1000061035156,364.6499938964844,366.510009765625,366.510009765625,8357300
2025-11-06,GLD,gold_etf,367.1600036621094,368.17999267578125,364.70001220703125,366.07000732421875,366.07000732421875,6891100
2025-11-07,GLD,gold_etf,367.94000244140625,370.4200134277344,366.4200134277344,368.30999755859375,368.30999755859375,11060400
2025-11-10,GLD,gold_etf,375.92999267578125,378.6600036621094,374.7799987792969,378.3800048828125,378.3800048828125,13456200
2025-11-11,GLD,gold_etf,379.9800109863281,380.3999938964844,376.8699951171875,379.8699951171875,379.8699951171875,10753200
2025-11-12,GLD,gold_etf,380.07000732421875,387.4599914550781,379.44000244140625,385.989990234375,385.989990234375,16203700
2025-11-13,GLD,gold_etf,387.2900085449219,388.17999267578125,381.2099914550781,382.8699951171875,382.8699951171875,15867900
2025-11-14,GLD,gold_etf,372.8699951171875,378.20001220703125,370.8900146484375,375.9599914550781,375.9599914550781,15198000
2025-11-17,GLD,gold_etf,374.0400085449219,375.4599914550781,368.5199890136719,371.6499938964844,371.6499938964844,13295200
2025-11-18,GLD,gold_etf,374.8299865722656,375.5400085449219,371.6199951171875,374.3500061035156,374.3500061035156,7818800
2025-11-19,GLD,gold_etf,377.7799987792969,380.1700134277344,373.0299987792969,374.9599914550781,374.9599914550781,10980400
2025-11-20,GLD,gold_etf,375.2900085449219,377.69000244140625,371.8500061035156,374.8500061035156,374.8500061035156,10506500
2025-11-21,GLD,gold_etf,374.0299987792969,377.2300109863281,372.94000244140625,374.2699890136719,374.2699890136719,13194600
2025-11-24,GLD,gold_etf,374.8800048828125,380.2799987792969,374.19000244140625,380.20001220703125,380.20001220703125,10085300
2025-11-25,GLD,gold_etf,380.260009765625,382.5199890136719,378.05999755859375,380.0799865722656,380.0799865722656,10462800
2025-11-26,GLD,gold_etf,381.05999755859375,383.7799987792969,380.4599914550781,383.1199951171875,383.1199951171875,9184100
2025-11-28,GLD,gold_etf,385.9800109863281,388.0,384.989990234375,387.8800048828125,387.8800048828125,7175400
2025-12-01,GLD,gold_etf,390.6099853515625,390.70001220703125,388.05999755859375,389.75,389.75,11177100
2025-12-02,GLD,gold_etf,388.8699951171875,388.9800109863281,382.9100036621094,387.239990234375,387.239990234375,8103900
2025-12-03,GLD,gold_etf,388.4599914550781,390.1300048828125,385.8299865722656,386.8800048828125,386.8800048828125,7886800
2025-12-04,GLD,gold_etf,386.9200134277344,388.0,385.3999938964844,387.1300048828125,387.1300048828125,6754400
2025-12-05,GLD,gold_etf,389.1199951171875,391.739990234375,386.17999267578125,386.44000244140625,386.44000244140625,9449800
2025-12-08,GLD,gold_etf,387.0199890136719,387.239990234375,384.010009765625,385.4200134277344,385.4200134277344,6822100
2025-12-09,GLD,gold_etf,385.6199951171875,388.2099914550781,385.2699890136719,387.3999938964844,387.3999938964844,6358700
2025-12-10,GLD,gold_etf,385.95001220703125,389.760009765625,384.5,389.04998779296875,389.04998779296875,9120500
2025-12-11,GLD,gold_etf,389.0199890136719,394.0899963378906,388.5,393.239990234375,393.239990234375,11240600
2025-12-12,GLD,gold_etf,399.1600036621094,400.3900146484375,391.4700012207031,395.44000244140625,395.44000244140625,16792100
2025-12-15,GLD,gold_etf,397.760009765625,398.7099914550781,394.07000732421875,395.79998779296875,395.79998779296875,11345000
2025-12-16,GLD,gold_etf,397.75,398.7099914550781,394.5899963378906,395.8900146484375,395.8900146484375,9201600
2025-12-17,GLD,gold_etf,398.0799865722656,399.9800109863281,397.25,399.2900085449219,399.2900085449219,10456900
2025-12-18,GLD,gold_etf,398.2799987792969,402.2099914550781,396.04998779296875,398.57000732421875,398.57000732421875,11837600
2025-12-19,GLD,gold_etf,397.9200134277344,400.6300048828125,397.1700134277344,399.0199890136719,399.0199890136719,9894800
2025-12-22,GLD,gold_etf,406.9800109863281,408.5199890136719,405.7200012207031,408.2300109863281,408.2300109863281,14202100
2025-12-23,GLD,gold_etf,410.29998779296875,413.760009765625,407.1000061035156,413.6400146484375,413.6400146484375,13193300
2025-12-24,GLD,gold_etf,412.25,412.6300048828125,408.8299865722656,411.92999267578125,411.92999267578125,6718400
2025-12-26,GLD,gold_etf,416.4800109863281,418.45001220703125,414.75,416.739990234375,416.739990234375,10476200
2025-12-29,GLD,gold_etf,403.6600036621094,403.760009765625,395.3299865722656,398.6000061035156,398.6000061035156,20679200
2025-12-30,GLD,gold_etf,403.6000061035156,403.79998779296875,398.55999755859375,398.8900146484375,398.8900146484375,10179000
2025-12-31,GLD,gold_etf,398.6000061035156,400.1300048828125,395.5899963378906,396.30999755859375,396.30999755859375,10194700
2026-01-02,GLD,gold_etf,401.6199951171875,401.82000732421875,396.25,398.2799987792969,398.2799987792969,10372600
2026-01-05,GLD,gold_etf,406.3900146484375,409.7200012207031,406.1499938964844,408.760009765625,408.760009765625,13410600
2026-01-06,GLD,gold_etf,410.6700134277344,413.4800109863281,410.30999755859375,413.17999267578125,413.17999267578125,11640900
2026-01-07,GLD,gold_etf,408.6300048828125,410.80999755859375,406.6499938964844,409.2300109863281,409.2300109863281,10589500
2026-01-08,GLD,gold_etf,406.9700012207031,411.6400146484375,406.3999938964844,411.489990234375,411.489990234375,8705900
2026-01-09,GLD,gold_etf,413.2200012207031,415.2900085449219,411.79998779296875,414.4700012207031,414.4700012207031,14011200
2026-01-12,GLD,gold_etf,421.5199890136719,425.739990234375,421.5199890136719,422.2300109863281,422.2300109863281,20904100
2026-01-13,GLD,gold_etf,424.5899963378906,426.1199951171875,420.07000732421875,421.6300048828125,421.6300048828125,16681200
2026-01-14,GLD,gold_etf,426.0299987792969,426.8599853515625,422.8399963378906,425.94000244140625,425.94000244140625,18305500
2026-01-15,GLD,gold_etf,423.0199890136719,425.05999755859375,422.7900085449219,423.3299865722656,423.3299865722656,14253200
2026-01-16,GLD,gold_etf,422.79998779296875,424.79998779296875,417.0400085449219,421.2900085449219,421.2900085449219,20951600
2026-01-20,GLD,gold_etf,436.69000244140625,438.1400146484375,434.1000061035156,437.2300109863281,437.2300109863281,21308100
2026-01-21,GLD,gold_etf,446.8699951171875,448.0,437.1099853515625,443.6000061035156,443.6000061035156,38830200
2026-01-22,GLD,gold_etf,443.8399963378906,452.9800109863281,443.55999755859375,451.7900085449219,451.7900085449219,19251200
2026-01-23,GLD,gold_etf,454.1099853515625,458.75,453.45001220703125,458.0,458.0,21531900
2026-01-26,GLD,gold_etf,466.7799987792969,469.2799987792969,460.3599853515625,464.70001220703125,464.70001220703125,34156000
2026-01-27,GLD,gold_etf,465.07000732421875,476.489990234375,463.95001220703125,476.1000061035156,476.1000061035156,28386200
2026-01-28,GLD,gold_etf,483.3900146484375,495.8800048828125,481.25,494.55999755859375,494.55999755859375,44154600
2026-01-29,GLD,gold_etf,509.510009765625,509.70001220703125,468.510009765625,495.8999938964844,495.8999938964844,69970900
2026-01-30,GLD,gold_etf,466.25,470.05999755859375,430.79998779296875,444.95001220703125,444.95001220703125,86593500
2026-02-02,GLD,gold_etf,434.010009765625,440.7799987792969,422.54998779296875,427.1300048828125,427.1300048828125,41626200
2026-02-03,GLD,gold_etf,452.6300048828125,459.0,448.30999755859375,454.2900085449219,454.2900085449219,28703500
2026-02-04,GLD,gold_etf,462.4700012207031,463.1000061035156,445.7099914550781,453.9700012207031,453.9700012207031,24427900
2026-02-05,GLD,gold_etf,444.2900085449219,450.8999938964844,440.3500061035156,441.8800048828125,441.8800048828125,17718100
2026-02-06,GLD,gold_etf,450.7300109863281,456.92999267578125,450.0299987792969,455.4599914550781,455.4599914550781,12663900
2026-02-09,GLD,gold_etf,461.3900146484375,467.55999755859375,460.8500061035156,467.0299987792969,467.0299987792969,12330900
2026-02-10,GLD,gold_etf,465.9599914550781,466.75,459.5199890136719,462.3999938964844,462.3999938964844,7861600
2026-02-11,GLD,gold_etf,466.0,468.6099853515625,462.82000732421875,467.6300048828125,467.6300048828125,11209600
2026-02-12,GLD,gold_etf,464.8999938964844,466.3800048828125,448.05999755859375,451.3900146484375,451.3900146484375,20488800
2026-02-13,GLD,gold_etf,459.7300109863281,463.8399963378906,456.25,462.6199951171875,462.6199951171875,12359300
2026-02-17,GLD,gold_etf,450.260009765625,451.3699951171875,445.5299987792969,448.20001220703125,448.20001220703125,10976100
2026-02-18,GLD,gold_etf,455.80999755859375,460.510009765625,455.32000732421875,458.2799987792969,458.2799987792969,10226300
2026-02-19,GLD,gold_etf,457.3399963378906,461.510009765625,456.0299987792969,459.55999755859375,459.55999755859375,8411400
2026-02-20,GLD,gold_etf,463.25,468.6199951171875,458.3399963378906,468.6199951171875,468.6199951171875,14316300
2026-02-23,GLD,gold_etf,474.6499938964844,481.4599914550781,474.6099853515625,481.2799987792969,481.2799987792969,17441600
2026-02-24,GLD,gold_etf,470.0899963378906,475.44000244140625,469.54998779296875,474.6099853515625,474.6099853515625,14147100
2026-02-25,GLD,gold_etf,475.739990234375,479.5299987792969,472.8999938964844,473.4200134277344,473.4200134277344,12954300
2026-02-26,GLD,gold_etf,474.95001220703125,477.8299865722656,442.0400085449219,477.4800109863281,477.4800109863281,12375000
2026-02-27,GLD,gold_etf,480.75,483.8999938964844,479.1099853515625,483.75,483.75,16795100
2026-03-02,GLD,gold_etf,490.1000061035156,492.1499938964844,483.2799987792969,490.0,490.0,19916600
2026-03-03,GLD,gold_etf,472.8299865722656,473.20001220703125,458.92999267578125,468.1400146484375,468.1400146484375,22591500
2026-03-04,GLD,gold_etf,474.82000732421875,476.4200134277344,469.3900146484375,471.79998779296875,471.79998779296875,9985900
2026-03-05,GLD,gold_etf,470.45001220703125,470.6700134277344,463.9100036621094,466.1300048828125,466.1300048828125,11674800
2026-03-06,GLD,gold_etf,469.0400085449219,475.4599914550781,467.07000732421875,473.510009765625,473.510009765625,10489800
2026-03-09,GLD,gold_etf,468.0899963378906,472.67999267578125,464.7900085449219,472.5299987792969,472.5299987792969,8829800
2026-03-10,GLD,gold_etf,479.739990234375,481.30999755859375,474.2099914550781,477.8599853515625,477.8599853515625,9616800
2026-03-11,GLD,gold_etf,476.1300048828125,477.45001220703125,473.1300048828125,476.239990234375,476.239990234375,7522900
2026-03-12,GLD,gold_etf,475.0199890136719,475.0199890136719,466.6000061035156,466.8800048828125,466.8800048828125,11900600
2026-03-13,GLD,gold_etf,469.30999755859375,470.1000061035156,460.2200012207031,460.8399963378906,460.8399963378906,11741600
2026-03-16,GLD,gold_etf,461.2699890136719,462.79998779296875,456.9100036621094,460.42999267578125,460.42999267578125,8964100
2026-03-17,GLD,gold_etf,460.510009765625,462.2099914550781,456.8699951171875,459.2699890136719,459.2699890136719,7610100
2026-03-18,GLD,gold_etf,446.6600036621094,450.05999755859375,444.3900146484375,444.739990234375,444.739990234375,18375600
2026-03-19,GLD,gold_etf,420.3599853515625,428.2699890136719,416.79998779296875,426.4100036621094,426.4100036621094,30206000
2026-03-20,GLD,gold_etf,428.0899963378906,428.5899963378906,411.2300109863281,413.3800048828125,413.3800048828125,27204900
2026-03-23,GLD,gold_etf,405.1199951171875,414.5400085449219,399.6400146484375,404.0400085449219,404.0400085449219,36796800
2026-03-24,GLD,gold_etf,400.239990234375,407.2900085449219,399.20001220703125,404.1300048828125,404.1300048828125,17478500
2026-03-25,GLD,gold_etf,419.7099914550781,420.6600036621094,412.25,416.2900085449219,416.2900085449219,15713200
2026-03-26,GLD,gold_etf,408.5299987792969,411.3699951171875,400.260009765625,400.6400146484375,400.6400146484375,15756300
2026-03-27,GLD,gold_etf,406.20001220703125,418.3999938964844,405.4100036621094,414.70001220703125,414.70001220703125,16580700
2026-03-30,GLD,gold_etf,419.5400085449219,420.1000061035156,412.6600036621094,414.5799865722656,414.5799865722656,13172100
2026-03-31,GLD,gold_etf,420.0799865722656,430.57000732421875,419.5899963378906,430.2900085449219,430.2900085449219,14534300
2026-04-01,GLD,gold_etf,435.0,440.19000244140625,433.760009765625,437.82000732421875,437.82000732421875,14133100
2026-04-02,GLD,gold_etf,422.2900085449219,431.6700134277344,421.1700134277344,429.4100036621094,429.4100036621094,10838600
2026-04-06,GLD,gold_etf,428.8699951171875,431.489990234375,426.7099914550781,427.6499938964844,427.6499938964844,5417300
2026-04-07,GLD,gold_etf,427.8999938964844,433.42999267578125,423.1000061035156,431.80999755859375,431.80999755859375,7263500
2026-04-08,GLD,gold_etf,439.9800109863281,440.44000244140625,431.30999755859375,434.5299987792969,434.5299987792969,9689700
2026-04-09,GLD,gold_etf,436.4700012207031,440.9100036621094,435.8699951171875,437.9100036621094,437.9100036621094,6748500
2026-04-10,GLD,gold_etf,438.5899963378906,440.3500061035156,436.0,437.1300048828125,437.1300048828125,6193300
2026-04-13,GLD,gold_etf,434.7799987792969,436.2200012207031,431.6300048828125,435.3599853515625,435.3599853515625,5549400
2026-04-14,GLD,gold_etf,439.32000732421875,445.17999267578125,439.0199890136719,445.0899963378906,445.0899963378906,8731700
2026-04-15,GLD,gold_etf,442.8800048828125,443.739990234375,439.6000061035156,440.4599914550781,440.4599914550781,6455900
2026-04-16,GLD,gold_etf,442.1499938964844,442.9800109863281,438.17999267578125,440.0799865722656,440.0799865722656,5350100
2026-04-17,GLD,gold_etf,445.6499938964844,448.70001220703125,445.32000732421875,445.92999267578125,445.92999267578125,9712000
2026-04-20,GLD,gold_etf,443.1300048828125,443.4200134277344,440.04998779296875,442.0899963378906,442.0899963378906,8473000
2026-04-21,GLD,gold_etf,438.54998779296875,440.25,428.7099914550781,429.57000732421875,429.57000732421875,9480000
2026-04-22,GLD,gold_etf,436.2699890136719,437.1700134277344,433.7799987792969,435.260009765625,435.260009765625,5178100
2026-04-23,GLD,gold_etf,433.9599914550781,435.2900085449219,428.2200012207031,431.0400085449219,431.0400085449219,4976400
2026-04-24,GLD,gold_etf,431.3399963378906,435.2799987792969,430.6499938964844,433.25,433.25,5924100
2026-04-27,GLD,gold_etf,431.6600036621094,431.79998779296875,428.5199890136719,429.8900146484375,429.8900146484375,6105200
2026-04-28,GLD,gold_etf,420.7200012207031,422.5199890136719,418.3999938964844,421.9100036621094,421.9100036621094,7723400
2026-04-29,GLD,gold_etf,416.739990234375,419.1700134277344,414.1600036621094,417.4100036621094,417.4100036621094,6452600
2026-04-30,GLD,gold_etf,425.3399963378906,425.4599914550781,422.739990234375,423.6600036621094,423.6600036621094,6732800
2026-05-01,GLD,gold_etf,421.4100036621094,427.92999267578125,421.0799865722656,423.17999267578125,423.17999267578125,5911500
2026-05-04,GLD,gold_etf,418.8399963378906,420.8599853515625,413.2799987792969,414.7099914550781,414.7099914550781,7285700
2026-05-05,GLD,gold_etf,420.1499938964844,421.1600036621094,417.9100036621094,418.2699890136719,418.2699890136719,4279900
2026-05-06,GLD,gold_etf,430.1499938964844,433.19000244140625,429.6000061035156,430.9599914550781,430.9599914550781,7013900
2026-05-07,GLD,gold_etf,435.6099853515625,437.4200134277344,430.25,431.67999267578125,431.67999267578125,6790600
2023-05-01,SLV,silver_etf,23.690000534057617,23.709999084472656,22.860000610351562,22.889999389648438,22.889999389648438,30354800
2023-05-02,SLV,silver_etf,22.670000076293945,23.40999984741211,22.639999389648438,23.350000381469727,23.350000381469727,27235300
2023-05-03,SLV,silver_etf,23.290000915527344,23.530000686645508,23.15999984741211,23.43000030517578,23.43000030517578,20545300
2023-05-04,SLV,silver_etf,23.420000076293945,23.940000534057617,23.420000076293945,23.940000534057617,23.940000534057617,31012600
2023-05-05,SLV,silver_etf,23.3799991607666,23.59000015258789,23.1200008392334,23.56999969482422,23.56999969482422,26200200
2023-05-08,SLV,silver_etf,23.5,23.600000381469727,23.43000030517578,23.489999771118164,23.489999771118164,11445900
2023-05-09,SLV,silver_etf,23.399999618530273,23.579999923706055,23.3700008392334,23.479999542236328,23.479999542236328,11470300
2023-05-10,SLV,silver_etf,23.600000381469727,23.65999984741211,23.170000076293945,23.309999465942383,23.309999465942383,18265600
2023-05-11,SLV,silver_etf,22.6299991607666,22.719999313354492,22.170000076293945,22.200000762939453,22.200000762939453,29635300
2023-05-12,SLV,silver_etf,22.059999465942383,22.190000534057617,21.90999984741211,22.020000457763672,22.020000457763672,18629900
2023-05-15,SLV,silver_etf,22.139999389648438,22.239999771118164,22.020000457763672,22.100000381469727,22.100000381469727,11308600
2023-05-16,SLV,silver_etf,22.0,22.110000610351562,21.700000762939453,21.809999465942383,21.809999465942383,17266300
2023-05-17,SLV,silver_etf,21.920000076293945,21.920000076293945,21.6200008392334,21.81999969482422,21.81999969482422,14587600
2023-05-18,SLV,silver_etf,21.610000610351562,21.6299991607666,21.420000076293945,21.559999465942383,21.559999465942383,17283500
2023-05-19,SLV,silver_etf,21.700000762939453,22.059999465942383,21.579999923706055,21.860000610351562,21.860000610351562,20547900
2023-05-22,SLV,silver_etf,21.860000610351562,21.950000762939453,21.670000076293945,21.670000076293945,21.670000076293945,12665500
2023-05-23,SLV,silver_etf,21.559999465942383,21.709999084472656,21.469999313354492,21.510000228881836,21.510000228881836,15236300
2023-05-24,SLV,silver_etf,21.40999984741211,21.440000534057617,21.139999389648438,21.15999984741211,21.15999984741211,19508500
2023-05-25,SLV,silver_etf,21.18000030517578,21.190000534057617,20.84000015258789,20.860000610351562,20.860000610351562,14846600
2023-05-26,SLV,silver_etf,21.260000228881836,21.43000030517578,21.139999389648438,21.3799991607666,21.3799991607666,13685100
2023-05-30,SLV,silver_etf,21.25,21.3700008392334,21.1299991607666,21.299999237060547,21.299999237060547,9121100
2023-05-31,SLV,silver_etf,21.399999618530273,21.690000534057617,21.190000534057617,21.610000610351562,21.610000610351562,18058500
2023-06-01,SLV,silver_etf,21.59000015258789,21.969999313354492,21.579999923706055,21.950000762939453,21.950000762939453,17940600
2023-06-02,SLV,silver_etf,21.969999313354492,22.0,21.649999618530273,21.690000534057617,21.690000534057617,13007000
2023-06-05,SLV,silver_etf,21.520000457763672,21.75,21.459999084472656,21.639999389648438,21.639999389648438,10411300
2023-06-06,SLV,silver_etf,21.6299991607666,21.709999084472656,21.43000030517578,21.649999618530273,21.649999618530273,9406900
2023-06-07,SLV,silver_etf,21.700000762939453,22.09000015258789,21.5,21.510000228881836,21.510000228881836,16744500
2023-06-08,SLV,silver_etf,22.010000228881836,22.360000610351562,22.010000228881836,22.299999237060547,22.299999237060547,20397100
2023-06-09,SLV,silver_etf,22.260000228881836,22.520000457763672,22.209999084472656,22.270000457763672,22.270000457763672,10972800
2023-06-12,SLV,silver_etf,22.059999465942383,22.1200008392334,21.920000076293945,22.079999923706055,22.079999923706055,12277700
2023-06-13,SLV,silver_etf,22.110000610351562,22.209999084472656,21.65999984741211,21.739999771118164,21.739999771118164,14921900
2023-06-14,SLV,silver_etf,21.959999084472656,22.110000610351562,21.889999389648438,21.969999313354492,21.969999313354492,11298600
2023-06-15,SLV,silver_etf,21.670000076293945,21.950000762939453,21.670000076293945,21.940000534057617,21.940000534057617,11361000
2023-06-16,SLV,silver_etf,22.079999923706055,22.219999313354492,21.920000076293945,22.18000030517578,22.18000030517578,10974100
2023-06-20,SLV,silver_etf,21.40999984741211,21.450000762939453,21.170000076293945,21.260000228881836,21.260000228881836,24042200
2023-06-21,SLV,silver_etf,20.950000762939453,20.969999313354492,20.649999618530273,20.84000015258789,20.84000015258789,19678000
2023-06-22,SLV,silver_etf,20.6299991607666,20.709999084472656,20.459999084472656,20.530000686645508,20.530000686645508,17066500
2023-06-23,SLV,silver_etf,20.649999618530273,20.829999923706055,20.459999084472656,20.579999923706055,20.579999923706055,13003800
2023-06-26,SLV,silver_etf,20.850000381469727,21.0,20.739999771118164,20.899999618530273,20.899999618530273,12880100
2023-06-27,SLV,silver_etf,21.170000076293945,21.200000762939453,20.889999389648438,20.979999542236328,20.979999542236328,14341700
2023-06-28,SLV,silver_etf,20.860000610351562,20.989999771118164,20.709999084472656,20.84000015258789,20.84000015258789,8188400
2023-06-29,SLV,silver_etf,20.559999465942383,20.81999969482422,20.450000762939453,20.719999313354492,20.719999313354492,13780900
2023-06-30,SLV,silver_etf,20.649999618530273,20.969999313354492,20.56999969482422,20.889999389648438,20.889999389648438,10504600
2023-07-03,SLV,silver_etf,21.049999237060547,21.18000030517578,21.0,21.010000228881836,21.010000228881836,9135000
2023-07-05,SLV,silver_etf,21.31999969482422,21.350000381469727,21.100000381469727,21.209999084472656,21.209999084472656,13299400
2023-07-06,SLV,silver_etf,21.020000457763672,21.030000686645508,20.670000076293945,20.829999923706055,20.829999923706055,12544400
2023-07-07,SLV,silver_etf,20.920000076293945,21.239999771118164,20.920000076293945,21.18000030517578,21.18000030517578,10657900
2023-07-10,SLV,silver_etf,21.049999237060547,21.25,21.049999237060547,21.239999771118164,21.239999771118164,8670800
2023-07-11,SLV,silver_etf,21.25,21.299999237060547,21.1200008392334,21.200000762939453,21.200000762939453,6763100
2023-07-12,SLV,silver_etf,21.90999984741211,22.15999984741211,21.8799991607666,22.149999618530273,22.149999618530273,24114700
2023-07-13,SLV,silver_etf,22.489999771118164,22.780000686645508,22.40999984741211,22.780000686645508,22.780000686645508,22406700
2023-07-14,SLV,silver_etf,22.790000915527344,22.959999084472656,22.709999084472656,22.860000610351562,22.860000610351562,16802400
2023-07-17,SLV,silver_etf,22.690000534057617,22.81999969482422,22.56999969482422,22.790000915527344,22.790000915527344,9095900
2023-07-18,SLV,silver_etf,22.809999465942383,23.100000381469727,22.729999542236328,22.989999771118164,22.989999771118164,14763800
2023-07-19,SLV,silver_etf,23.0,23.15999984741211,22.920000076293945,23.100000381469727,23.100000381469727,12889300
2023-07-20,SLV,silver_etf,23.100000381469727,23.1299991607666,22.670000076293945,22.68000030517578,22.68000030517578,16215100
2023-07-21,SLV,silver_etf,22.68000030517578,22.709999084472656,22.559999465942383,22.56999969482422,22.56999969482422,11279000
2023-07-24,SLV,silver_etf,22.399999618530273,22.459999084472656,22.260000228881836,22.329999923706055,22.329999923706055,15105400
2023-07-25,SLV,silver_etf,22.56999969482422,22.690000534057617,22.459999084472656,22.6200008392334,22.6200008392334,10753400
2023-07-26,SLV,silver_etf,22.579999923706055,22.969999313354492,22.5,22.90999984741211,22.90999984741211,24549800
2023-07-27,SLV,silver_etf,22.5,22.520000457763672,22.059999465942383,22.110000610351562,22.110000610351562,27325200
2023-07-28,SLV,silver_etf,22.260000228881836,22.389999389648438,22.190000534057617,22.31999969482422,22.31999969482422,10628300
2023-07-31,SLV,silver_etf,22.479999542236328,22.790000915527344,22.479999542236328,22.690000534057617,22.690000534057617,14038900
2023-08-01,SLV,silver_etf,22.309999465942383,22.440000534057617,22.139999389648438,22.290000915527344,22.290000915527344,11580400
2023-08-02,SLV,silver_etf,22.190000534057617,22.219999313354492,21.700000762939453,21.75,21.75,16396700
2023-08-03,SLV,silver_etf,21.649999618530273,21.75,21.579999923706055,21.6299991607666,21.6299991607666,16330500
2023-08-04,SLV,silver_etf,21.68000030517578,21.829999923706055,21.59000015258789,21.65999984741211,21.65999984741211,12397000
2023-08-07,SLV,silver_etf,21.59000015258789,21.600000381469727,21.15999984741211,21.209999084472656,21.209999084472656,11803100
2023-08-08,SLV,silver_etf,20.8700008392334,20.989999771118164,20.799999237060547,20.899999618530273,20.899999618530273,16557900
2023-08-09,SLV,silver_etf,20.850000381469727,21.0,20.75,20.799999237060547,20.799999237060547,11966200
2023-08-10,SLV,silver_etf,20.8799991607666,21.100000381469727,20.770000457763672,20.829999923706055,20.829999923706055,13574900
2023-08-11,SLV,silver_etf,20.81999969482422,20.959999084472656,20.760000228881836,20.799999237060547,20.799999237060547,8428800
2023-08-14,SLV,silver_etf,20.700000762939453,20.809999465942383,20.520000457763672,20.719999313354492,20.719999313354492,10036200
2023-08-15,SLV,silver_etf,20.6299991607666,20.829999923706055,20.520000457763672,20.670000076293945,20.670000076293945,11894800
2023-08-16,SLV,silver_etf,20.739999771118164,20.84000015258789,20.549999237060547,20.559999465942383,20.559999465942383,13151800
2023-08-17,SLV,silver_etf,21.059999465942383,21.079999923706055,20.709999084472656,20.799999237060547,20.799999237060547,16299600
2023-08-18,SLV,silver_etf,20.84000015258789,20.940000534057617,20.780000686645508,20.8700008392334,20.8700008392334,10430300
2023-08-21,SLV,silver_etf,21.309999465942383,21.3799991607666,21.010000228881836,21.360000610351562,21.360000610351562,12346300
2023-08-22,SLV,silver_etf,21.3700008392334,21.489999771118164,21.280000686645508,21.459999084472656,21.459999084472656,12962900
2023-08-23,SLV,silver_etf,22.049999237060547,22.34000015258789,22.030000686645508,22.290000915527344,22.290000915527344,25176900
2023-08-24,SLV,silver_etf,22.200000762939453,22.309999465942383,22.059999465942383,22.110000610351562,22.110000610351562,13804100
2023-08-25,SLV,silver_etf,22.110000610351562,22.360000610351562,21.93000030517578,22.219999313354492,22.219999313354492,22742100
2023-08-28,SLV,silver_etf,22.079999923706055,22.34000015258789,22.040000915527344,22.219999313354492,22.219999313354492,7536600
2023-08-29,SLV,silver_etf,22.239999771118164,22.739999771118164,22.190000534057617,22.709999084472656,22.709999084472656,19726900
2023-08-30,SLV,silver_etf,22.850000381469727,22.940000534057617,22.549999237060547,22.56999969482422,22.56999969482422,13091200
2023-08-31,SLV,silver_etf,22.530000686645508,22.6200008392334,22.34000015258789,22.389999389648438,22.389999389648438,10536600
2023-09-01,SLV,silver_etf,22.610000610351562,22.700000762939453,22.149999618530273,22.170000076293945,22.170000076293945,12818500
2023-09-05,SLV,silver_etf,21.81999969482422,21.889999389648438,21.559999465942383,21.59000015258789,21.59000015258789,15054100
2023-09-06,SLV,silver_etf,21.15999984741211,21.40999984741211,21.100000381469727,21.239999771118164,21.239999771118164,14534100
2023-09-07,SLV,silver_etf,21.079999923706055,21.170000076293945,21.010000228881836,21.049999237060547,21.049999237060547,10926900
2023-09-08,SLV,silver_etf,21.059999465942383,21.239999771118164,20.959999084472656,21.010000228881836,21.010000228881836,11661200
2023-09-11,SLV,silver_etf,21.239999771118164,21.270000457763672,21.040000915527344,21.15999984741211,21.15999984741211,8858900
2023-09-12,SLV,silver_etf,21.0,21.219999313354492,20.969999313354492,21.1299991607666,21.1299991607666,8738500
2023-09-13,SLV,silver_etf,21.010000228881836,21.110000610351562,20.90999984741211,20.93000030517578,20.93000030517578,11886100
2023-09-14,SLV,silver_etf,20.600000381469727,20.860000610351562,20.450000762939453,20.729999542236328,20.729999542236328,26204900
2023-09-15,SLV,silver_etf,21.190000534057617,21.350000381469727,21.100000381469727,21.110000610351562,21.110000610351562,22811300
2023-09-18,SLV,silver_etf,21.219999313354492,21.31999969482422,21.049999237060547,21.299999237060547,21.299999237060547,11481300
2023-09-19,SLV,silver_etf,21.3700008392334,21.399999618530273,21.170000076293945,21.270000457763672,21.270000457763672,10111200
2023-09-20,SLV,silver_etf,21.31999969482422,21.6299991607666,21.299999237060547,21.34000015258789,21.34000015258789,17354000
2023-09-21,SLV,silver_etf,21.040000915527344,21.520000457763672,21.0,21.440000534057617,21.440000534057617,12395300
2023-09-22,SLV,silver_etf,21.649999618530273,21.75,21.559999465942383,21.579999923706055,21.579999923706055,11348500
2023-09-25,SLV,silver_etf,21.479999542236328,21.559999465942383,21.1299991607666,21.200000762939453,21.200000762939453,14549100
2023-09-26,SLV,silver_etf,21.0,21.15999984741211,20.940000534057617,20.959999084472656,20.959999084472656,18268200
2023-09-27,SLV,silver_etf,20.709999084472656,20.799999237060547,20.540000915527344,20.700000762939453,20.700000762939453,15643800
2023-09-28,SLV,silver_etf,20.639999389648438,20.84000015258789,20.530000686645508,20.739999771118164,20.739999771118164,14007700
2023-09-29,SLV,silver_etf,21.389999389648438,21.43000030517578,20.270000457763672,20.34000015258789,20.34000015258789,36658600
2023-10-02,SLV,silver_etf,19.690000534057617,19.739999771118164,19.399999618530273,19.420000076293945,19.420000076293945,41002700
2023-10-03,SLV,silver_etf,19.260000228881836,19.6200008392334,19.209999084472656,19.440000534057617,19.440000534057617,32235800
2023-10-04,SLV,silver_etf,19.40999984741211,19.420000076293945,18.969999313354492,19.309999465942383,19.309999465942383,25141000
2023-10-05,SLV,silver_etf,19.31999969482422,19.399999618530273,18.979999542236328,19.25,19.25,16430500
2023-10-06,SLV,silver_etf,19.65999984741211,19.81999969482422,19.260000228881836,19.729999542236328,19.729999542236328,28298500
2023-10-09,SLV,silver_etf,19.84000015258789,20.079999923706055,19.799999237060547,20.059999465942383,20.059999465942383,13077400
2023-10-10,SLV,silver_etf,19.969999313354492,20.079999923706055,19.8799991607666,19.979999542236328,19.979999542236328,12115000
2023-10-11,SLV,silver_etf,20.190000534057617,20.270000457763672,20.06999969482422,20.18000030517578,20.18000030517578,20080500
2023-10-12,SLV,silver_etf,20.239999771118164,20.31999969482422,19.93000030517578,19.959999084472656,19.959999084472656,16915500
2023-10-13,SLV,silver_etf,20.489999771118164,20.90999984741211,20.469999313354492,20.780000686645508,20.780000686645508,28957500
2023-10-16,SLV,silver_etf,20.719999313354492,20.829999923706055,20.65999984741211,20.68000030517578,20.68000030517578,11982500
2023-10-17,SLV,silver_etf,20.790000915527344,21.09000015258789,20.729999542236328,20.920000076293945,20.920000076293945,16482000
2023-10-18,SLV,silver_etf,21.209999084472656,21.329999923706055,20.780000686645508,20.950000762939453,20.950000762939453,20065700
2023-10-19,SLV,silver_etf,20.940000534057617,21.15999984741211,20.75,21.110000610351562,21.110000610351562,20356700
2023-10-20,SLV,silver_etf,21.15999984741211,21.719999313354492,21.15999984741211,21.399999618530273,21.399999618530273,35245700
2023-10-23,SLV,silver_etf,21.200000762939453,21.270000457763672,21.0,21.049999237060547,21.049999237060547,14074100
2023-10-24,SLV,silver_etf,20.920000076293945,21.09000015258789,20.860000610351562,21.020000457763672,21.020000457763672,11491700
2023-10-25,SLV,silver_etf,20.90999984741211,21.079999923706055,20.670000076293945,20.940000534057617,20.940000534057617,17639800
2023-10-26,SLV,silver_etf,20.90999984741211,20.969999313354492,20.56999969482422,20.850000381469727,20.850000381469727,14326600
2023-10-27,SLV,silver_etf,20.920000076293945,21.190000534057617,20.760000228881836,21.18000030517578,21.18000030517578,18630000
2023-10-30,SLV,silver_etf,21.59000015258789,21.610000610351562,21.229999542236328,21.34000015258789,21.34000015258789,15304600
2023-10-31,SLV,silver_etf,21.139999389648438,21.360000610351562,20.84000015258789,20.979999542236328,20.979999542236328,17624900
2023-11-01,SLV,silver_etf,20.81999969482422,21.09000015258789,20.65999984741211,20.969999313354492,20.969999313354492,25224400
2023-11-02,SLV,silver_etf,21.06999969482422,21.100000381469727,20.770000457763672,20.8700008392334,20.8700008392334,12232500
2023-11-03,SLV,silver_etf,21.030000686645508,21.350000381469727,20.989999771118164,21.219999313354492,21.219999313354492,21259900
2023-11-06,SLV,silver_etf,21.219999313354492,21.229999542236328,21.06999969482422,21.079999923706055,21.079999923706055,10278200
2023-11-07,SLV,silver_etf,20.729999542236328,20.760000228881836,20.56999969482422,20.729999542236328,20.729999542236328,16082200
2023-11-08,SLV,silver_etf,20.809999465942383,20.940000534057617,20.6200008392334,20.649999618530273,20.649999618530273,14361200
2023-11-09,SLV,silver_etf,20.75,21.06999969482422,20.649999618530273,20.690000534057617,20.690000534057617,18732000
2023-11-10,SLV,silver_etf,20.549999237060547,20.600000381469727,20.34000015258789,20.34000015258789,20.34000015258789,14049800
2023-11-13,SLV,silver_etf,20.18000030517578,20.489999771118164,20.100000381469727,20.43000030517578,20.43000030517578,11091100
2023-11-14,SLV,silver_etf,20.920000076293945,21.239999771118164,20.8700008392334,21.170000076293945,21.170000076293945,21723900
2023-11-15,SLV,silver_etf,21.360000610351562,21.520000457763672,21.239999771118164,21.450000762939453,21.450000762939453,18585600
2023-11-16,SLV,silver_etf,21.8799991607666,22.059999465942383,21.729999542236328,21.760000228881836,21.760000228881836,20259200
2023-11-17,SLV,silver_etf,21.790000915527344,21.860000610351562,21.68000030517578,21.75,21.75,12296000
2023-11-20,SLV,silver_etf,21.420000076293945,21.610000610351562,21.3799991607666,21.479999542236328,21.479999542236328,9559600
2023-11-21,SLV,silver_etf,21.8799991607666,22.0,21.739999771118164,21.770000457763672,21.770000457763672,15213000
2023-11-22,SLV,silver_etf,21.700000762939453,21.81999969482422,21.56999969482422,21.670000076293945,21.670000076293945,11143900
2023-11-24,SLV,silver_etf,22.020000457763672,22.290000915527344,22.0,22.270000457763672,22.270000457763672,10803300
2023-11-27,SLV,silver_etf,22.670000076293945,22.709999084472656,22.5,22.559999465942383,22.559999465942383,19785600
2023-11-28,SLV,silver_etf,22.68000030517578,22.920000076293945,22.59000015258789,22.920000076293945,22.920000076293945,17064400
2023-11-29,SLV,silver_etf,22.959999084472656,23.1299991607666,22.81999969482422,22.8799991607666,22.8799991607666,16675200
2023-11-30,SLV,silver_etf,22.969999313354492,23.149999618530273,22.850000381469727,23.1299991607666,23.1299991607666,14364300
2023-12-01,SLV,silver_etf,23.09000015258789,23.3700008392334,23.049999237060547,23.329999923706055,23.329999923706055,22107800
2023-12-04,SLV,silver_etf,22.75,22.920000076293945,22.360000610351562,22.459999084472656,22.459999084472656,30668300
2023-12-05,SLV,silver_etf,22.280000686645508,22.3799991607666,21.950000762939453,22.1200008392334,22.1200008392334,27205100
2023-12-06,SLV,silver_etf,22.170000076293945,22.200000762939453,21.8700008392334,21.93000030517578,21.93000030517578,13374500
2023-12-07,SLV,silver_etf,21.889999389648438,21.90999984741211,21.600000381469727,21.790000915527344,21.790000915527344,16758500
2023-12-08,SLV,silver_etf,21.350000381469727,21.559999465942383,21.020000457763672,21.100000381469727,21.100000381469727,28746500
2023-12-11,SLV,silver_etf,20.969999313354492,21.0,20.809999465942383,20.90999984741211,20.90999984741211,22883700
2023-12-12,SLV,silver_etf,20.969999313354492,20.979999542236328,20.780000686645508,20.84000015258789,20.84000015258789,12118700
2023-12-13,SLV,silver_etf,20.75,21.780000686645508,20.610000610351562,21.770000457763672,21.770000457763672,35068000
2023-12-14,SLV,silver_etf,21.989999771118164,22.18000030517578,21.989999771118164,22.149999618530273,22.149999618530273,21384100
2023-12-15,SLV,silver_etf,21.979999542236328,22.030000686645508,21.75,21.829999923706055,21.829999923706055,13078000
2023-12-18,SLV,silver_etf,21.8799991607666,21.8799991607666,21.65999984741211,21.799999237060547,21.799999237060547,12927400
2023-12-19,SLV,silver_etf,21.90999984741211,22.1299991607666,21.889999389648438,22.030000686645508,22.030000686645508,12752700
2023-12-20,SLV,silver_etf,22.260000228881836,22.309999465942383,22.040000915527344,22.040000915527344,22.040000915527344,12523600
2023-12-21,SLV,silver_etf,22.280000686645508,22.420000076293945,22.200000762939453,22.309999465942383,22.309999465942383,17063600
2023-12-22,SLV,silver_etf,22.40999984741211,22.530000686645508,22.049999237060547,22.1200008392334,22.1200008392334,17235800
2023-12-26,SLV,silver_etf,22.209999084472656,22.219999313354492,22.040000915527344,22.200000762939453,22.200000762939453,11861700
2023-12-27,SLV,silver_etf,22.100000381469727,22.399999618530273,22.09000015258789,22.229999542236328,22.229999542236328,13898400
2023-12-28,SLV,silver_etf,22.170000076293945,22.25,21.959999084472656,21.989999771118164,21.989999771118164,11257800
2023-12-29,SLV,silver_etf,21.6200008392334,21.950000762939453,21.559999465942383,21.780000686645508,21.780000686645508,13161200
2024-01-02,SLV,silver_etf,21.889999389648438,21.989999771118164,21.639999389648438,21.649999618530273,21.649999618530273,13277800
2024-01-03,SLV,silver_etf,21.079999923706055,21.219999313354492,20.90999984741211,21.059999465942383,21.059999465942383,26373800
2024-01-04,SLV,silver_etf,20.920000076293945,21.100000381469727,20.770000457763672,21.079999923706055,21.079999923706055,11972000
2024-01-05,SLV,silver_etf,21.149999618530273,21.530000686645508,21.030000686645508,21.209999084472656,21.209999084472656,21401800
2024-01-08,SLV,silver_etf,21.06999969482422,21.25,21.0,21.1299991607666,21.1299991607666,9527900
2024-01-09,SLV,silver_etf,21.219999313354492,21.25,20.959999084472656,21.0,21.0,10772300
2024-01-10,SLV,silver_etf,20.93000030517578,21.020000457763672,20.850000381469727,20.940000534057617,20.940000534057617,12093700
2024-01-11,SLV,silver_etf,20.969999313354492,21.06999969482422,20.56999969482422,20.81999969482422,20.81999969482422,21816100
2024-01-12,SLV,silver_etf,21.389999389648438,21.540000915527344,21.110000610351562,21.190000534057617,21.190000534057617,18914500
2024-01-16,SLV,silver_etf,21.139999389648438,21.170000076293945,20.920000076293945,20.959999084472656,20.959999084472656,16953000
2024-01-17,SLV,silver_etf,20.780000686645508,20.799999237060547,20.610000610351562,20.649999618530273,20.649999618530273,18249100
2024-01-18,SLV,silver_etf,20.559999465942383,20.84000015258789,20.540000915527344,20.809999465942383,20.809999465942383,10585900
2024-01-19,SLV,silver_etf,20.770000457763672,20.770000457763672,20.559999465942383,20.670000076293945,20.670000076293945,12574500
2024-01-22,SLV,silver_etf,20.1200008392334,20.40999984741211,20.06999969482422,20.219999313354492,20.219999313354492,18292200
2024-01-23,SLV,silver_etf,20.440000534057617,20.559999465942383,20.399999618530273,20.530000686645508,20.530000686645508,13096700
2024-01-24,SLV,silver_etf,20.979999542236328,21.0,20.700000762939453,20.709999084472656,20.709999084472656,24238800
2024-01-25,SLV,silver_etf,20.950000762939453,21.06999969482422,20.790000915527344,20.940000534057617,20.940000534057617,15755400
2024-01-26,SLV,silver_etf,20.809999465942383,20.920000076293945,20.770000457763672,20.860000610351562,20.860000610351562,7980600
2024-01-29,SLV,silver_etf,21.030000686645508,21.25,20.84000015258789,21.209999084472656,21.209999084472656,14309400
2024-01-30,SLV,silver_etf,21.290000915527344,21.329999923706055,20.989999771118164,21.190000534057617,21.190000534057617,10734400
2024-01-31,SLV,silver_etf,21.200000762939453,21.350000381469727,20.84000015258789,20.90999984741211,20.90999984741211,19870400
2024-02-01,SLV,silver_etf,20.940000534057617,21.280000686645508,20.8799991607666,21.209999084472656,21.209999084472656,28714400
2024-02-02,SLV,silver_etf,20.610000610351562,20.790000915527344,20.5,20.75,20.75,24324400
2024-02-05,SLV,silver_etf,20.440000534057617,20.549999237060547,20.3799991607666,20.469999313354492,20.469999313354492,16531700
2024-02-06,SLV,silver_etf,20.43000030517578,20.579999923706055,20.389999389648438,20.510000228881836,20.510000228881836,9007500
2024-02-07,SLV,silver_etf,20.43000030517578,20.540000915527344,20.31999969482422,20.329999923706055,20.329999923706055,12084100
2024-02-08,SLV,silver_etf,20.440000534057617,20.709999084472656,20.3799991607666,20.649999618530273,20.649999618530273,16547600
2024-02-09,SLV,silver_etf,20.559999465942383,20.719999313354492,20.459999084472656,20.68000030517578,20.68000030517578,10620900
2024-02-12,SLV,silver_etf,20.6299991607666,20.84000015258789,20.600000381469727,20.760000228881836,20.760000228881836,11006500
2024-02-13,SLV,silver_etf,20.43000030517578,20.440000534057617,20.110000610351562,20.200000762939453,20.200000762939453,22824200
2024-02-14,SLV,silver_etf,20.229999542236328,20.549999237060547,20.209999084472656,20.440000534057617,20.440000534057617,13085100
2024-02-15,SLV,silver_etf,20.84000015258789,21.079999923706055,20.829999923706055,20.940000534057617,20.940000534057617,26720400
2024-02-16,SLV,silver_etf,21.06999969482422,21.5,20.90999984741211,21.389999389648438,21.389999389648438,20251800
2024-02-20,SLV,silver_etf,21.170000076293945,21.190000534057617,21.030000686645508,21.06999969482422,21.06999969482422,9047200
2024-02-21,SLV,silver_etf,21.09000015258789,21.100000381469727,20.81999969482422,20.959999084472656,20.959999084472656,9408700
2024-02-22,SLV,silver_etf,20.920000076293945,20.969999313354492,20.799999237060547,20.81999969482422,20.81999969482422,16728600
2024-02-23,SLV,silver_etf,20.799999237060547,21.040000915527344,20.690000534057617,20.989999771118164,20.989999771118164,15186500
2024-02-26,SLV,silver_etf,20.610000610351562,20.690000534057617,20.540000915527344,20.6200008392334,20.6200008392334,14409300
2024-02-27,SLV,silver_etf,20.719999313354492,20.739999771118164,20.510000228881836,20.56999969482422,20.56999969482422,10175100
2024-02-28,SLV,silver_etf,20.510000228881836,20.559999465942383,20.450000762939453,20.549999237060547,20.549999237060547,8303800
2024-02-29,SLV,silver_etf,20.75,20.790000915527344,20.6200008392334,20.729999542236328,20.729999542236328,10459600
2024-03-01,SLV,silver_etf,20.799999237060547,21.280000686645508,20.639999389648438,21.170000076293945,21.170000076293945,23570200
2024-03-04,SLV,silver_etf,21.43000030517578,21.899999618530273,21.389999389648438,21.860000610351562,21.860000610351562,26016600
2024-03-05,SLV,silver_etf,21.959999084472656,22.059999465942383,21.639999389648438,21.670000076293945,21.670000076293945,22277000
2024-03-06,SLV,silver_etf,21.860000610351562,22.229999542236328,21.860000610351562,22.100000381469727,22.100000381469727,31037700
2024-03-07,SLV,silver_etf,22.139999389648438,22.40999984741211,22.1200008392334,22.239999771118164,22.239999771118164,18890500
2024-03-08,SLV,silver_etf,22.229999542236328,22.450000762939453,22.1200008392334,22.229999542236328,22.229999542236328,27245900
2024-03-11,SLV,silver_etf,22.329999923706055,22.440000534057617,22.239999771118164,22.350000381469727,22.350000381469727,15364500
2024-03-12,SLV,silver_etf,22.209999084472656,22.219999313354492,21.969999313354492,22.09000015258789,22.09000015258789,16339600
2024-03-13,SLV,silver_etf,22.309999465942383,22.8799991607666,22.260000228881836,22.790000915527344,22.790000915527344,27121500
2024-03-14,SLV,silver_etf,22.90999984741211,22.940000534057617,22.6200008392334,22.729999542236328,22.729999542236328,14705300
2024-03-15,SLV,silver_etf,23.049999237060547,23.280000686645508,22.969999313354492,23.030000686645508,23.030000686645508,28077900
2024-03-18,SLV,silver_etf,23.1299991607666,23.1299991607666,22.850000381469727,22.90999984741211,22.90999984741211,11920400
2024-03-19,SLV,silver_etf,22.790000915527344,22.84000015258789,22.6200008392334,22.790000915527344,22.790000915527344,13406900
2024-03-20,SLV,silver_etf,22.709999084472656,23.450000762939453,22.700000762939453,23.290000915527344,23.290000915527344,31945100
2024-03-21,SLV,silver_etf,23.139999389648438,23.15999984741211,22.530000686645508,22.649999618530273,22.649999618530273,31163600
2024-03-22,SLV,silver_etf,22.649999618530273,22.81999969482422,22.520000457763672,22.559999465942383,22.559999465942383,17183600
2024-03-25,SLV,silver_etf,22.600000381469727,22.729999542236328,22.549999237060547,22.579999923706055,22.579999923706055,10066700
2024-03-26,SLV,silver_etf,22.610000610351562,22.6200008392334,22.290000915527344,22.34000015258789,22.34000015258789,18183600
2024-03-27,SLV,silver_etf,22.34000015258789,22.559999465942383,22.34000015258789,22.510000228881836,22.510000228881836,12551800
2024-03-28,SLV,silver_etf,22.479999542236328,22.799999237060547,22.420000076293945,22.75,22.75,29105400
2024-04-01,SLV,silver_etf,23.190000534057617,23.200000762939453,22.6299991607666,22.860000610351562,22.860000610351562,22490700
2024-04-02,SLV,silver_etf,23.329999923706055,23.899999618530273,23.239999771118164,23.84000015258789,23.84000015258789,58416700
2024-04-03,SLV,silver_etf,24.270000457763672,24.760000228881836,24.170000076293945,24.729999542236328,24.729999542236328,61360100
2024-04-04,SLV,silver_etf,24.56999969482422,24.950000762939453,24.389999389648438,24.489999771118164,24.489999771118164,54231400
2024-04-05,SLV,silver_etf,24.489999771118164,25.139999389648438,24.389999389648438,25.030000686645508,25.030000686645508,43238200
2024-04-08,SLV,silver_etf,25.360000610351562,25.489999771118164,24.899999618530273,25.399999618530273,25.399999618530273,40708900
2024-04-09,SLV,silver_etf,25.75,25.899999618530273,25.260000228881836,25.719999313354492,25.719999313354492,40950600
2024-04-10,SLV,silver_etf,25.329999923706055,26.079999923706055,25.170000076293945,25.450000762939453,25.450000762939453,50614100
2024-04-11,SLV,silver_etf,25.690000534057617,26.040000915527344,25.3799991607666,26.010000228881836,26.010000228881836,28595200
2024-04-12,SLV,silver_etf,26.799999237060547,27.239999771118164,25.520000457763672,25.6299991607666,25.6299991607666,117678300
2024-04-15,SLV,silver_etf,26.209999084472656,26.420000076293945,25.690000534057617,26.40999984741211,26.40999984741211,51965100
2024-04-16,SLV,silver_etf,26.06999969482422,26.06999969482422,25.549999237060547,25.799999237060547,25.799999237060547,56256200
2024-04-17,SLV,silver_etf,26.1299991607666,26.34000015258789,25.709999084472656,25.850000381469727,25.850000381469727,46667300
2024-04-18,SLV,silver_etf,26.110000610351562,26.15999984741211,25.739999771118164,25.860000610351562,25.860000610351562,26818200
2024-04-19,SLV,silver_etf,25.93000030517578,26.31999969482422,25.899999618530273,26.200000762939453,26.200000762939453,29321200
2024-04-22,SLV,silver_etf,24.950000762939453,25.190000534057617,24.790000915527344,24.93000030517578,24.93000030517578,37156900
2024-04-23,SLV,silver_etf,24.65999984741211,25.040000915527344,24.6299991607666,24.989999771118164,24.989999771118164,37046800
2024-04-24,SLV,silver_etf,24.8799991607666,25.049999237060547,24.780000686645508,24.899999618530273,24.899999618530273,19783600
2024-04-25,SLV,silver_etf,24.860000610351562,25.219999313354492,24.809999465942383,25.059999465942383,25.059999465942383,32678400
2024-04-26,SLV,silver_etf,25.190000534057617,25.219999313354492,24.75,24.889999389648438,24.889999389648438,26821300
2024-04-29,SLV,silver_etf,24.8700008392334,25.079999923706055,24.68000030517578,24.829999923706055,24.829999923706055,23922200
2024-04-30,SLV,silver_etf,24.239999771118164,24.3700008392334,24.020000457763672,24.049999237060547,24.049999237060547,32400100
2024-05-01,SLV,silver_etf,24.18000030517578,24.649999618530273,24.09000015258789,24.270000457763672,24.270000457763672,42815400
2024-05-02,SLV,silver_etf,23.950000762939453,24.469999313354492,23.920000076293945,24.360000610351562,24.360000610351562,24968800
2024-05-03,SLV,silver_etf,24.209999084472656,24.299999237060547,23.8700008392334,24.219999313354492,24.219999313354492,26859100
2024-05-06,SLV,silver_etf,24.989999771118164,25.1299991607666,24.829999923706055,25.06999969482422,25.06999969482422,27627400
2024-05-07,SLV,silver_etf,25.030000686645508,25.100000381469727,24.8799991607666,24.920000076293945,24.920000076293945,14811500
2024-05-08,SLV,silver_etf,24.889999389648438,25.1200008392334,24.81999969482422,24.950000762939453,24.950000762939453,16967400
2024-05-09,SLV,silver_etf,25.31999969482422,25.8799991607666,25.299999237060547,25.860000610351562,25.860000610351562,32734900
2024-05-10,SLV,silver_etf,25.979999542236328,26.049999237060547,25.6200008392334,25.770000457763672,25.770000457763672,24489700
2024-05-13,SLV,silver_etf,25.829999923706055,25.93000030517578,25.649999618530273,25.799999237060547,25.799999237060547,15222900
2024-05-14,SLV,silver_etf,26.0,26.270000457763672,25.860000610351562,26.1299991607666,26.1299991607666,20065000
2024-05-15,SLV,silver_etf,26.579999923706055,27.18000030517578,26.06999969482422,27.1200008392334,27.1200008392334,39872400
2024-05-16,SLV,silver_etf,26.979999542236328,27.170000076293945,26.790000915527344,27.059999465942383,27.059999465942383,19821300
2024-05-17,SLV,silver_etf,27.860000610351562,28.84000015258789,27.549999237060547,28.790000915527344,28.790000915527344,52708100
2024-05-20,SLV,silver_etf,28.93000030517578,29.559999465942383,28.40999984741211,28.979999542236328,28.979999542236328,58184700
2024-05-21,SLV,silver_etf,29.100000381469727,29.510000228881836,28.81999969482422,29.270000457763672,29.270000457763672,30700300
2024-05-22,SLV,silver_etf,29.059999465942383,29.059999465942383,28.110000610351562,28.219999313354492,28.219999313354492,48609700
2024-05-23,SLV,silver_etf,28.110000610351562,28.280000686645508,27.469999313354492,27.549999237060547,27.549999237060547,39911200
2024-05-24,SLV,silver_etf,27.93000030517578,27.989999771118164,27.610000610351562,27.739999771118164,27.739999771118164,14534600
2024-05-28,SLV,silver_etf,29.299999237060547,29.34000015258789,28.690000534057617,29.239999771118164,29.239999771118164,31041700
2024-05-29,SLV,silver_etf,29.06999969482422,29.469999313354492,28.979999542236328,29.170000076293945,29.170000076293945,20708400
2024-05-30,SLV,silver_etf,28.829999923706055,29.049999237060547,28.31999969482422,28.420000076293945,28.420000076293945,22224700
2024-05-31,SLV,silver_etf,28.770000457763672,28.860000610351562,27.579999923706055,27.760000228881836,27.760000228881836,31957600
2024-06-03,SLV,silver_etf,27.81999969482422,28.149999618530273,27.559999465942383,27.889999389648438,27.889999389648438,18156000
2024-06-04,SLV,silver_etf,27.309999465942383,27.309999465942383,26.84000015258789,27.020000457763672,27.020000457763672,28858400
2024-06-05,SLV,silver_etf,27.1200008392334,27.459999084472656,26.899999618530273,27.399999618530273,27.399999618530273,18175300
2024-06-06,SLV,silver_etf,27.81999969482422,28.6299991607666,27.690000534057617,28.530000686645508,28.530000686645508,27650000
2024-06-07,SLV,silver_etf,27.290000915527344,27.299999237060547,26.610000610351562,26.670000076293945,26.670000076293945,43868900
2024-06-10,SLV,silver_etf,27.06999969482422,27.239999771118164,26.850000381469727,27.1200008392334,27.1200008392334,17066900
2024-06-11,SLV,silver_etf,26.729999542236328,26.809999465942383,26.559999465942383,26.709999084472656,26.709999084472656,13338900
2024-06-12,SLV,silver_etf,27.5,27.56999969482422,26.940000534057617,27.030000686645508,27.030000686645508,27934800
2024-06-13,SLV,silver_etf,26.790000915527344,26.93000030517578,26.170000076293945,26.43000030517578,26.43000030517578,21680300
2024-06-14,SLV,silver_etf,26.6299991607666,27.030000686645508,26.5,27.010000228881836,27.010000228881836,25973300
2024-06-17,SLV,silver_etf,26.899999618530273,26.940000534057617,26.559999465942383,26.920000076293945,26.920000076293945,15016000
2024-06-18,SLV,silver_etf,26.649999618530273,27.010000228881836,26.649999618530273,26.959999084472656,26.959999084472656,12033500
2024-06-20,SLV,silver_etf,27.510000228881836,28.1200008392334,27.40999984741211,28.0,28.0,22898000
2024-06-21,SLV,silver_etf,27.549999237060547,27.56999969482422,26.90999984741211,26.979999542236328,26.979999542236328,26827500
2024-06-24,SLV,silver_etf,27.059999465942383,27.139999389648438,26.8799991607666,27.0,27.0,12836300
2024-06-25,SLV,silver_etf,26.780000686645508,26.790000915527344,26.34000015258789,26.399999618530273,26.399999618530273,14711300
2024-06-26,SLV,silver_etf,26.15999984741211,26.450000762939453,26.09000015258789,26.309999465942383,26.309999465942383,13855700
2024-06-27,SLV,silver_etf,26.559999465942383,26.65999984741211,26.350000381469727,26.450000762939453,26.450000762939453,11124600
2024-06-28,SLV,silver_etf,26.8799991607666,26.889999389648438,26.540000915527344,26.56999969482422,26.56999969482422,10426500
2024-07-01,SLV,silver_etf,26.719999313354492,26.920000076293945,26.600000381469727,26.850000381469727,26.850000381469727,12587300
2024-07-02,SLV,silver_etf,26.850000381469727,27.229999542236328,26.780000686645508,26.969999313354492,26.969999313354492,12172000
2024-07-03,SLV,silver_etf,27.709999084472656,28.010000228881836,27.68000030517578,27.84000015258789,27.84000015258789,16834200
2024-07-05,SLV,silver_etf,28.15999984741211,28.75,28.079999923706055,28.479999542236328,28.479999542236328,23018600
2024-07-08,SLV,silver_etf,28.350000381469727,28.510000228881836,27.790000915527344,28.1299991607666,28.1299991607666,19742900
2024-07-09,SLV,silver_etf,28.31999969482422,28.43000030517578,27.8700008392334,28.1200008392334,28.1200008392334,14005300
2024-07-10,SLV,silver_etf,28.290000915527344,28.459999084472656,27.989999771118164,28.15999984741211,28.15999984741211,13142600
2024-07-11,SLV,silver_etf,28.75,28.90999984741211,28.479999542236328,28.68000030517578,28.68000030517578,20141500
2024-07-12,SLV,silver_etf,28.0,28.309999465942383,27.940000534057617,28.1200008392334,28.1200008392334,15380000
2024-07-15,SLV,silver_etf,28.09000015258789,28.389999389648438,27.8700008392334,28.030000686645508,28.030000686645508,13426700
2024-07-16,SLV,silver_etf,28.030000686645508,28.68000030517578,27.979999542236328,28.610000610351562,28.610000610351562,17280200
2024-07-17,SLV,silver_etf,28.25,28.360000610351562,27.43000030517578,27.670000076293945,27.670000076293945,34443400
2024-07-18,SLV,silver_etf,27.760000228881836,27.790000915527344,27.139999389648438,27.200000762939453,27.200000762939453,15566200
2024-07-19,SLV,silver_etf,26.399999618530273,26.739999771118164,26.3700008392334,26.690000534057617,26.690000534057617,20111200
2024-07-22,SLV,silver_etf,26.440000534057617,26.65999984741211,26.309999465942383,26.6299991607666,26.6299991607666,12069800
2024-07-23,SLV,silver_etf,26.489999771118164,26.68000030517578,26.420000076293945,26.68000030517578,26.68000030517578,10184500
2024-07-24,SLV,silver_etf,26.729999542236328,26.889999389648438,26.40999984741211,26.43000030517578,26.43000030517578,12474500
2024-07-25,SLV,silver_etf,25.239999771118164,25.540000915527344,25.170000076293945,25.40999984741211,25.40999984741211,31711400
2024-07-26,SLV,silver_etf,25.389999389648438,25.530000686645508,25.209999084472656,25.479999542236328,25.479999542236328,12442400
2024-07-29,SLV,silver_etf,25.540000915527344,25.579999923706055,24.93000030517578,25.440000534057617,25.440000534057617,16616700
2024-07-30,SLV,silver_etf,25.56999969482422,25.940000534057617,25.329999923706055,25.829999923706055,25.829999923706055,14896300
2024-07-31,SLV,silver_etf,26.229999542236328,26.5,26.059999465942383,26.389999389648438,26.389999389648438,23227900
2024-08-01,SLV,silver_etf,26.530000686645508,26.559999465942383,25.75,26.030000686645508,26.030000686645508,19796800
2024-08-02,SLV,silver_etf,26.440000534057617,26.5,25.5,26.040000915527344,26.040000915527344,25325000
2024-08-05,SLV,silver_etf,24.6299991607666,25.040000915527344,24.540000915527344,24.860000610351562,24.860000610351562,36392900
2024-08-06,SLV,silver_etf,24.530000686645508,24.889999389648438,24.479999542236328,24.639999389648438,24.639999389648438,18308000
2024-08-07,SLV,silver_etf,24.68000030517578,24.770000457763672,24.25,24.329999923706055,24.329999923706055,12709900
2024-08-08,SLV,silver_etf,24.719999313354492,25.18000030517578,24.639999389648438,25.010000228881836,25.010000228881836,17704400
2024-08-09,SLV,silver_etf,25.100000381469727,25.25,24.8799991607666,25.0,25.0,15934000
2024-08-12,SLV,silver_etf,25.3799991607666,25.600000381469727,25.1200008392334,25.489999771118164,25.489999771118164,15323100
2024-08-13,SLV,silver_etf,25.209999084472656,25.440000534057617,25.110000610351562,25.420000076293945,25.420000076293945,11860500
2024-08-14,SLV,silver_etf,25.260000228881836,25.40999984741211,24.799999237060547,25.1299991607666,25.1299991607666,14114400
2024-08-15,SLV,silver_etf,25.799999237060547,26.020000457763672,25.459999084472656,25.860000610351562,25.860000610351562,17206000
2024-08-16,SLV,silver_etf,25.860000610351562,26.440000534057617,25.770000457763672,26.43000030517578,26.43000030517578,19315700
2024-08-19,SLV,silver_etf,26.450000762939453,26.899999618530273,26.3700008392334,26.829999923706055,26.829999923706055,20102800
2024-08-20,SLV,silver_etf,27.299999237060547,27.360000610351562,26.729999542236328,26.8700008392334,26.8700008392334,20454500
2024-08-21,SLV,silver_etf,26.920000076293945,27.139999389648438,26.65999984741211,26.950000762939453,26.950000762939453,18449500
2024-08-22,SLV,silver_etf,26.920000076293945,26.93000030517578,26.260000228881836,26.389999389648438,26.389999389648438,23972700
2024-08-23,SLV,silver_etf,26.709999084472656,27.270000457763672,26.6299991607666,27.200000762939453,27.200000762939453,21713300
2024-08-26,SLV,silver_etf,27.399999618530273,27.420000076293945,27.1299991607666,27.31999969482422,27.31999969482422,8812400
2024-08-27,SLV,silver_etf,27.25,27.459999084472656,27.100000381469727,27.360000610351562,27.360000610351562,10591700
2024-08-28,SLV,silver_etf,26.860000610351562,26.860000610351562,26.530000686645508,26.690000534057617,26.690000534057617,11564200
2024-08-29,SLV,silver_etf,26.709999084472656,27.049999237060547,26.6299991607666,26.809999465942383,26.809999465942383,11793800
2024-08-30,SLV,silver_etf,26.68000030517578,26.799999237060547,26.190000534057617,26.350000381469727,26.350000381469727,15762100
2024-09-03,SLV,silver_etf,25.829999923706055,25.850000381469727,25.270000457763672,25.579999923706055,25.579999923706055,17149100
2024-09-04,SLV,silver_etf,25.6200008392334,25.8799991607666,25.579999923706055,25.68000030517578,25.68000030517578,11322400
2024-09-05,SLV,silver_etf,26.3799991607666,26.610000610351562,26.149999618530273,26.229999542236328,26.229999542236328,14573600
2024-09-06,SLV,silver_etf,26.25,26.350000381469727,25.270000457763672,25.479999542236328,25.479999542236328,23805400
2024-09-09,SLV,silver_etf,25.719999313354492,25.8799991607666,25.59000015258789,25.850000381469727,25.850000381469727,8774800
2024-09-10,SLV,silver_etf,25.959999084472656,25.959999084472656,25.579999923706055,25.940000534057617,25.940000534057617,9395400
2024-09-11,SLV,silver_etf,26.049999237060547,26.219999313354492,25.6200008392334,26.1200008392334,26.1200008392334,11052200
2024-09-12,SLV,silver_etf,26.639999389648438,27.280000686645508,26.56999969482422,27.270000457763672,27.270000457763672,22524200
2024-09-13,SLV,silver_etf,27.8700008392334,28.209999084472656,27.760000228881836,28.020000457763672,28.020000457763672,28629400
2024-09-16,SLV,silver_etf,28.270000457763672,28.290000915527344,27.899999618530273,28.06999969482422,28.06999969482422,14701600
2024-09-17,SLV,silver_etf,28.020000457763672,28.270000457763672,27.84000015258789,27.959999084472656,27.959999084472656,15504300
2024-09-18,SLV,silver_etf,27.950000762939453,28.5,27.09000015258789,27.239999771118164,27.239999771118164,35165900
2024-09-19,SLV,silver_etf,28.25,28.389999389648438,27.920000076293945,28.09000015258789,28.09000015258789,18852800
2024-09-20,SLV,silver_etf,28.399999618530273,28.600000381469727,28.18000030517578,28.40999984741211,28.40999984741211,21649400
2024-09-23,SLV,silver_etf,28.229999542236328,28.299999237060547,27.93000030517578,27.979999542236328,27.979999542236328,24206300
2024-09-24,SLV,silver_etf,28.270000457763672,29.440000534057617,28.170000076293945,29.3799991607666,29.3799991607666,41629900
2024-09-25,SLV,silver_etf,29.100000381469727,29.420000076293945,28.799999237060547,29.059999465942383,29.059999465942383,26627000
2024-09-26,SLV,silver_etf,29.31999969482422,29.459999084472656,28.940000534057617,29.260000228881836,29.260000228881836,23692000
2024-09-27,SLV,silver_etf,29.34000015258789,29.469999313354492,28.59000015258789,28.860000610351562,28.860000610351562,27109600
2024-09-30,SLV,silver_etf,28.510000228881836,28.540000915527344,28.170000076293945,28.40999984741211,28.40999984741211,16578100
2024-10-01,SLV,silver_etf,28.780000686645508,29.059999465942383,28.549999237060547,28.579999923706055,28.579999923706055,23796400
2024-10-02,SLV,silver_etf,29.1299991607666,29.459999084472656,28.68000030517578,29.0,29.0,21103100
2024-10-03,SLV,silver_etf,28.90999984741211,29.3700008392334,28.790000915527344,29.229999542236328,29.229999542236328,18907400
2024-10-04,SLV,silver_etf,29.229999542236328,30.06999969482422,28.979999542236328,29.360000610351562,29.360000610351562,39083200
2024-10-07,SLV,silver_etf,29.010000228881836,29.079999923706055,28.709999084472656,28.93000030517578,28.93000030517578,20872000
2024-10-08,SLV,silver_etf,28.40999984741211,28.530000686645508,27.469999313354492,28.010000228881836,28.010000228881836,39037200
2024-10-09,SLV,silver_etf,27.6200008392334,27.989999771118164,27.559999465942383,27.860000610351562,27.860000610351562,20157900
2024-10-10,SLV,silver_etf,27.969999313354492,28.43000030517578,27.920000076293945,28.3799991607666,28.3799991607666,18329100
2024-10-11,SLV,silver_etf,28.600000381469727,28.8700008392334,28.59000015258789,28.799999237060547,28.799999237060547,17096600
2024-10-14,SLV,silver_etf,28.469999313354492,28.760000228881836,28.299999237060547,28.540000915527344,28.540000915527344,13515700
2024-10-15,SLV,silver_etf,28.520000457763672,28.899999618530273,28.420000076293945,28.709999084472656,28.709999084472656,16871700
2024-10-16,SLV,silver_etf,29.1200008392334,29.350000381469727,28.770000457763672,28.90999984741211,28.90999984741211,17789700
2024-10-17,SLV,silver_etf,28.920000076293945,29.200000762939453,28.549999237060547,28.889999389648438,28.889999389648438,15369500
2024-10-18,SLV,silver_etf,29.469999313354492,30.719999313354492,29.420000076293945,30.639999389648438,30.639999389648438,45090400
2024-10-21,SLV,silver_etf,31.1299991607666,31.229999542236328,30.510000228881836,30.850000381469727,30.850000381469727,36669700
2024-10-22,SLV,silver_etf,31.399999618530273,31.799999237060547,31.239999771118164,31.739999771118164,31.739999771118164,37066100
2024-10-23,SLV,silver_etf,31.100000381469727,31.110000610351562,30.479999542236328,30.709999084472656,30.709999084472656,37351700
2024-10-24,SLV,silver_etf,31.190000534057617,31.229999542236328,30.299999237060547,30.690000534057617,30.690000534057617,29251500
2024-10-25,SLV,silver_etf,30.579999923706055,31.020000457763672,30.469999313354492,30.6299991607666,30.6299991607666,19517500
2024-10-28,SLV,silver_etf,30.709999084472656,30.989999771118164,30.6200008392334,30.729999542236328,30.729999542236328,16296900
2024-10-29,SLV,silver_etf,31.170000076293945,31.510000228881836,31.059999465942383,31.389999389648438,31.389999389648438,22508800
2024-10-30,SLV,silver_etf,30.739999771118164,30.979999542236328,30.450000762939453,30.809999465942383,30.809999465942383,20900100
2024-10-31,SLV,silver_etf,30.34000015258789,30.360000610351562,29.6200008392334,29.809999465942383,29.809999465942383,33075000
2024-11-01,SLV,silver_etf,30.059999465942383,30.190000534057617,29.479999542236328,29.540000915527344,29.540000915527344,22164900
2024-11-04,SLV,silver_etf,29.799999237060547,29.889999389648438,29.43000030517578,29.6299991607666,29.6299991607666,13044500
2024-11-05,SLV,silver_etf,29.950000762939453,30.020000457763672,29.690000534057617,29.75,29.75,12188500
2024-11-06,SLV,silver_etf,28.190000534057617,28.649999618530273,28.110000610351562,28.43000030517578,28.43000030517578,33038000
2024-11-07,SLV,silver_etf,28.920000076293945,29.299999237060547,28.790000915527344,29.110000610351562,29.110000610351562,21432200
2024-11-08,SLV,silver_etf,28.969999313354492,29.030000686645508,28.43000030517578,28.479999542236328,28.479999542236328,20235200
2024-11-11,SLV,silver_etf,27.969999313354492,28.020000457763672,27.719999313354492,27.969999313354492,27.969999313354492,24582600
2024-11-12,SLV,silver_etf,28.0,28.09000015258789,27.790000915527344,28.06999969482422,28.06999969482422,16561200
2024-11-13,SLV,silver_etf,28.25,28.280000686645508,27.600000381469727,27.610000610351562,27.610000610351562,16530500
2024-11-14,SLV,silver_etf,27.59000015258789,27.940000534057617,27.510000228881836,27.809999465942383,27.809999465942383,18059900
2024-11-15,SLV,silver_etf,28.040000915527344,28.079999923706055,27.5,27.56999969482422,27.56999969482422,18838400
2024-11-18,SLV,silver_etf,28.18000030517578,28.5,28.15999984741211,28.3799991607666,28.3799991607666,15731300
2024-11-19,SLV,silver_etf,28.459999084472656,28.530000686645508,28.290000915527344,28.5,28.5,12751100
2024-11-20,SLV,silver_etf,28.389999389648438,28.450000762939453,28.049999237060547,28.100000381469727,28.100000381469727,11137900
2024-11-21,SLV,silver_etf,28.270000457763672,28.299999237060547,27.920000076293945,28.040000915527344,28.040000915527344,11030500
2024-11-22,SLV,silver_etf,28.270000457763672,28.549999237060547,28.200000762939453,28.469999313354492,28.469999313354492,13173900
2024-11-25,SLV,silver_etf,27.719999313354492,27.739999771118164,27.399999618530273,27.6299991607666,27.6299991607666,22478400
2024-11-26,SLV,silver_etf,27.799999237060547,27.829999923706055,27.600000381469727,27.799999237060547,27.799999237060547,10484700
2024-11-27,SLV,silver_etf,27.75,27.84000015258789,27.31999969482422,27.450000762939453,27.450000762939453,22858600
2024-11-29,SLV,silver_etf,27.969999313354492,28.020000457763672,27.81999969482422,27.920000076293945,27.920000076293945,9663900
2024-12-02,SLV,silver_etf,27.850000381469727,27.8700008392334,27.610000610351562,27.790000915527344,27.790000915527344,9925400
2024-12-03,SLV,silver_etf,28.229999542236328,28.329999923706055,27.989999771118164,28.280000686645508,28.280000686645508,14543600
2024-12-04,SLV,silver_etf,28.360000610351562,28.690000534057617,28.299999237060547,28.530000686645508,28.530000686645508,22762400
2024-12-05,SLV,silver_etf,28.489999771118164,28.59000015258789,28.260000228881836,28.559999465942383,28.559999465942383,16123000
2024-12-06,SLV,silver_etf,28.31999969482422,28.5,28.079999923706055,28.25,28.25,13195500
2024-12-09,SLV,silver_etf,29.209999084472656,29.43000030517578,28.950000762939453,28.979999542236328,28.979999542236328,37481100
2024-12-10,SLV,silver_etf,29.170000076293945,29.25,28.969999313354492,28.989999771118164,28.989999771118164,43997000
2024-12-11,SLV,silver_etf,28.950000762939453,29.34000015258789,28.899999618530273,29.040000915527344,29.040000915527344,23582300
2024-12-12,SLV,silver_etf,28.6200008392334,28.639999389648438,28.1200008392334,28.200000762939453,28.200000762939453,34794100
2024-12-13,SLV,silver_etf,27.84000015258789,27.8700008392334,27.59000015258789,27.75,27.75,20326700
2024-12-16,SLV,silver_etf,27.90999984741211,27.90999984741211,27.760000228881836,27.799999237060547,27.799999237060547,9124900
2024-12-17,SLV,silver_etf,27.709999084472656,27.84000015258789,27.469999313354492,27.809999465942383,27.809999465942383,17504700
2024-12-18,SLV,silver_etf,27.559999465942383,27.639999389648438,26.770000457763672,26.850000381469727,26.850000381469727,27794500
2024-12-19,SLV,silver_etf,26.56999969482422,26.649999618530273,26.190000534057617,26.520000457763672,26.520000457763672,31083900
2024-12-20,SLV,silver_etf,26.610000610351562,27.059999465942383,26.579999923706055,26.920000076293945,26.920000076293945,17487600
2024-12-23,SLV,silver_etf,26.93000030517578,27.06999969482422,26.790000915527344,26.989999771118164,26.989999771118164,14473900
2024-12-24,SLV,silver_etf,27.0,27.049999237060547,26.8799991607666,27.020000457763672,27.020000457763672,3967700
2024-12-26,SLV,silver_etf,27.1200008392334,27.209999084472656,26.93000030517578,27.139999389648438,27.139999389648438,8244000
2024-12-27,SLV,silver_etf,26.889999389648438,26.959999084472656,26.719999313354492,26.760000228881836,26.760000228881836,9643500
2024-12-30,SLV,silver_etf,26.600000381469727,26.610000610351562,26.239999771118164,26.43000030517578,26.43000030517578,18853900
2024-12-31,SLV,silver_etf,26.229999542236328,26.440000534057617,26.219999313354492,26.329999923706055,26.329999923706055,8008400
2025-01-02,SLV,silver_etf,26.719999313354492,26.959999084472656,26.700000762939453,26.93000030517578,26.93000030517578,12368000
2025-01-03,SLV,silver_etf,27.190000534057617,27.229999542236328,26.90999984741211,26.979999542236328,26.979999542236328,8637600
2025-01-06,SLV,silver_etf,27.1299991607666,27.489999771118164,27.06999969482422,27.239999771118164,27.239999771118164,13037000
2025-01-07,SLV,silver_etf,27.639999389648438,27.68000030517578,27.309999465942383,27.329999923706055,27.329999923706055,17407700
2025-01-08,SLV,silver_etf,27.610000610351562,27.649999618530273,27.149999618530273,27.399999618530273,27.399999618530273,12926300
2025-01-10,SLV,silver_etf,27.93000030517578,27.940000534057617,27.549999237060547,27.610000610351562,27.610000610351562,24079100
2025-01-13,SLV,silver_etf,27.0,27.190000534057617,26.8700008392334,26.959999084472656,26.959999084472656,16965400
2025-01-14,SLV,silver_etf,27.030000686645508,27.309999465942383,27.010000228881836,27.200000762939453,27.200000762939453,11798000
2025-01-15,SLV,silver_etf,27.690000534057617,27.979999542236328,27.469999313354492,27.959999084472656,27.959999084472656,19890700
2025-01-16,SLV,silver_etf,27.979999542236328,28.200000762939453,27.8799991607666,28.040000915527344,28.040000915527344,20900100
2025-01-17,SLV,silver_etf,27.5,27.760000228881836,27.440000534057617,27.610000610351562,27.610000610351562,18974600
2025-01-21,SLV,silver_etf,27.940000534057617,28.06999969482422,27.850000381469727,28.040000915527344,28.040000915527344,15214400
2025-01-22,SLV,silver_etf,27.959999084472656,28.15999984741211,27.81999969482422,28.049999237060547,28.049999237060547,21195100
2025-01-23,SLV,silver_etf,27.520000457763672,27.780000686645508,27.40999984741211,27.770000457763672,27.770000457763672,23481100
2025-01-24,SLV,silver_etf,27.940000534057617,28.079999923706055,27.809999465942383,27.90999984741211,27.90999984741211,13750100
2025-01-27,SLV,silver_etf,27.5,27.739999771118164,27.049999237060547,27.459999084472656,27.459999084472656,22691500
2025-01-28,SLV,silver_etf,27.530000686645508,27.760000228881836,27.389999389648438,27.6299991607666,27.6299991607666,15636500
2025-01-29,SLV,silver_etf,28.059999465942383,28.209999084472656,27.850000381469727,28.0,28.0,28857800
2025-01-30,SLV,silver_etf,28.649999618530273,28.899999618530273,28.530000686645508,28.719999313354492,28.719999313354492,38787700
2025-01-31,SLV,silver_etf,28.770000457763672,28.850000381469727,28.389999389648438,28.510000228881836,28.510000228881836,26107000
2025-02-03,SLV,silver_etf,28.549999237060547,28.850000381469727,28.200000762939453,28.670000076293945,28.670000076293945,31728900
2025-02-04,SLV,silver_etf,29.110000610351562,29.479999542236328,29.020000457763672,29.219999313354492,29.219999313354492,41977300
2025-02-05,SLV,silver_etf,29.360000610351562,29.6299991607666,29.309999465942383,29.350000381469727,29.350000381469727,34873700
2025-02-06,SLV,silver_etf,29.239999771118164,29.40999984741211,28.90999984741211,29.3799991607666,29.3799991607666,17723200
2025-02-07,SLV,silver_etf,29.56999969482422,29.739999771118164,28.940000534057617,29.030000686645508,29.030000686645508,26954000
2025-02-10,SLV,silver_etf,29.149999618530273,29.360000610351562,29.079999923706055,29.200000762939453,29.200000762939453,14171300
2025-02-11,SLV,silver_etf,28.860000610351562,29.110000610351562,28.81999969482422,29.0,29.0,13779100
2025-02-12,SLV,silver_etf,29.200000762939453,29.469999313354492,29.06999969482422,29.34000015258789,29.34000015258789,16716600
2025-02-13,SLV,silver_etf,29.190000534057617,29.479999542236328,29.1200008392334,29.459999084472656,29.459999084472656,17030700
2025-02-14,SLV,silver_etf,30.239999771118164,30.280000686645508,29.200000762939453,29.309999465942383,29.309999465942383,34965900
2025-02-18,SLV,silver_etf,29.6200008392334,29.959999084472656,29.56999969482422,29.90999984741211,29.90999984741211,20511100
2025-02-19,SLV,silver_etf,29.75,29.84000015258789,29.530000686645508,29.809999465942383,29.809999465942383,13660600
2025-02-20,SLV,silver_etf,29.979999542236328,30.1299991607666,29.8799991607666,29.950000762939453,29.950000762939453,15420400
2025-02-21,SLV,silver_etf,30.020000457763672,30.030000686645508,29.579999923706055,29.59000015258789,29.59000015258789,15515800
2025-02-24,SLV,silver_etf,29.56999969482422,29.6200008392334,29.209999084472656,29.440000534057617,29.440000534057617,13995200
2025-02-25,SLV,silver_etf,29.170000076293945,29.299999237060547,28.469999313354492,28.829999923706055,28.829999923706055,22142400
2025-02-26,SLV,silver_etf,28.780000686645508,29.100000381469727,28.65999984741211,28.940000534057617,28.940000534057617,10231000
2025-02-27,SLV,silver_etf,28.940000534057617,28.940000534057617,28.3799991607666,28.399999618530273,28.399999618530273,16680000
2025-02-28,SLV,silver_etf,28.18000030517578,28.399999618530273,28.040000915527344,28.309999465942383,28.309999465942383,13692000
2025-03-03,SLV,silver_etf,28.860000610351562,28.989999771118164,28.65999984741211,28.75,28.75,16522000
2025-03-04,SLV,silver_etf,29.040000915527344,29.139999389648438,28.639999389648438,29.0,29.0,13767900
2025-03-05,SLV,silver_etf,29.229999542236328,29.780000686645508,29.209999084472656,29.770000457763672,29.770000457763672,25486300
2025-03-06,SLV,silver_etf,29.5,29.829999923706055,29.469999313354492,29.690000534057617,29.690000534057617,16888500
2025-03-07,SLV,silver_etf,29.389999389648438,29.68000030517578,29.219999313354492,29.59000015258789,29.59000015258789,18786400
2025-03-10,SLV,silver_etf,29.559999465942383,29.579999923706055,29.059999465942383,29.110000610351562,29.110000610351562,15889000
2025-03-11,SLV,silver_etf,29.59000015258789,30.020000457763672,29.579999923706055,29.959999084472656,29.959999084472656,23227800
2025-03-12,SLV,silver_etf,30.020000457763672,30.34000015258789,29.940000534057617,30.219999313354492,30.219999313354492,18764800
2025-03-13,SLV,silver_etf,30.200000762939453,30.899999618530273,30.1299991607666,30.739999771118164,30.739999771118164,37624000
2025-03-14,SLV,silver_etf,30.90999984741211,30.93000030517578,30.510000228881836,30.709999084472656,30.709999084472656,23520700
2025-03-17,SLV,silver_etf,30.420000076293945,30.850000381469727,30.420000076293945,30.809999465942383,30.809999465942383,20973700
2025-03-18,SLV,silver_etf,31.100000381469727,31.149999618530273,30.81999969482422,30.850000381469727,30.850000381469727,20424600
2025-03-19,SLV,silver_etf,30.68000030517578,30.8799991607666,30.450000762939453,30.75,30.75,23258500
2025-03-20,SLV,silver_etf,30.270000457763672,30.540000915527344,30.229999542236328,30.5,30.5,12842100
2025-03-21,SLV,silver_etf,30.209999084472656,30.25,29.719999313354492,30.020000457763672,30.020000457763672,17198900
2025-03-24,SLV,silver_etf,30.1299991607666,30.239999771118164,29.920000076293945,29.959999084472656,29.959999084472656,17493700
2025-03-25,SLV,silver_etf,30.549999237060547,30.760000228881836,30.520000457763672,30.579999923706055,30.579999923706055,19168000
2025-03-26,SLV,silver_etf,30.709999084472656,30.760000228881836,30.479999542236328,30.530000686645508,30.530000686645508,13616800
2025-03-27,SLV,silver_etf,30.770000457763672,31.3799991607666,30.68000030517578,31.31999969482422,31.31999969482422,34298400
2025-03-28,SLV,silver_etf,31.389999389648438,31.40999984741211,30.860000610351562,31.0,31.0,25160200
2025-03-31,SLV,silver_etf,30.770000457763672,31.020000457763672,30.479999542236328,30.989999771118164,30.989999771118164,18403300
2025-04-01,SLV,silver_etf,30.8700008392334,30.90999984741211,30.440000534057617,30.6299991607666,30.6299991607666,22261800
2025-04-02,SLV,silver_etf,30.739999771118164,30.969999313354492,30.639999389648438,30.760000228881836,30.760000228881836,20976600
2025-04-03,SLV,silver_etf,28.950000762939453,29.510000228881836,28.860000610351562,28.889999389648438,28.889999389648438,46008100
2025-04-04,SLV,silver_etf,27.959999084472656,28.020000457763672,26.56999969482422,27.079999923706055,27.079999923706055,73174500
2025-04-07,SLV,silver_etf,27.299999237060547,27.84000015258789,26.920000076293945,27.139999389648438,27.139999389648438,37531600
2025-04-08,SLV,silver_etf,27.6299991607666,27.780000686645508,26.959999084472656,27.139999389648438,27.139999389648438,19629400
2025-04-09,SLV,silver_etf,27.610000610351562,28.239999771118164,27.450000762939453,28.059999465942383,28.059999465942383,38180100
2025-04-10,SLV,silver_etf,28.110000610351562,28.420000076293945,27.809999465942383,28.280000686645508,28.280000686645508,23059800
2025-04-11,SLV,silver_etf,28.790000915527344,29.3700008392334,28.68000030517578,29.190000534057617,29.190000534057617,36908500
2025-04-14,SLV,silver_etf,29.100000381469727,29.459999084472656,28.8799991607666,29.3799991607666,29.3799991607666,29268900
2025-04-15,SLV,silver_etf,29.360000610351562,29.459999084472656,29.200000762939453,29.40999984741211,29.40999984741211,24273700
2025-04-16,SLV,silver_etf,29.850000381469727,30.020000457763672,29.700000762939453,29.760000228881836,29.760000228881836,21282500
2025-04-17,SLV,silver_etf,29.540000915527344,29.690000534057617,29.170000076293945,29.549999237060547,29.549999237060547,13649400
2025-04-21,SLV,silver_etf,29.950000762939453,30.010000228881836,29.549999237060547,29.790000915527344,29.790000915527344,17295400
2025-04-22,SLV,silver_etf,29.790000915527344,30.149999618530273,29.5,29.5,29.5,27253600
2025-04-23,SLV,silver_etf,29.809999465942383,30.6200008392334,29.709999084472656,30.559999465942383,30.559999465942383,31975000
2025-04-24,SLV,silver_etf,30.309999465942383,30.59000015258789,30.1299991607666,30.559999465942383,30.559999465942383,15405500
2025-04-25,SLV,silver_etf,29.959999084472656,30.100000381469727,29.790000915527344,30.049999237060547,30.049999237060547,19326000
2025-04-28,SLV,silver_etf,30.079999923706055,30.200000762939453,29.829999923706055,30.190000534057617,30.190000534057617,18288000
2025-04-29,SLV,silver_etf,30.450000762939453,30.5,29.81999969482422,29.829999923706055,29.829999923706055,24967300
2025-04-30,SLV,silver_etf,29.68000030517578,29.809999465942383,29.440000534057617,29.600000381469727,29.600000381469727,22126700
2025-05-01,SLV,silver_etf,29.40999984741211,29.549999237060547,29.170000076293945,29.389999389648438,29.389999389648438,14830500
2025-05-02,SLV,silver_etf,29.6200008392334,29.649999618530273,29.040000915527344,29.1200008392334,29.1200008392334,14040900
2025-05-05,SLV,silver_etf,29.549999237060547,29.559999465942383,29.25,29.479999542236328,29.479999542236328,10052300
2025-05-06,SLV,silver_etf,30.200000762939453,30.239999771118164,30.0,30.219999313354492,30.219999313354492,17870800
2025-05-07,SLV,silver_etf,29.770000457763672,29.8700008392334,29.31999969482422,29.489999771118164,29.489999771118164,14080800
2025-05-08,SLV,silver_etf,29.600000381469727,29.780000686645508,29.360000610351562,29.459999084472656,29.459999084472656,13209300
2025-05-09,SLV,silver_etf,29.700000762939453,29.889999389648438,29.649999618530273,29.799999237060547,29.799999237060547,8963000
2025-05-12,SLV,silver_etf,29.670000076293945,29.739999771118164,29.43000030517578,29.6299991607666,29.6299991607666,14642000
2025-05-13,SLV,silver_etf,29.690000534057617,30.010000228881836,29.610000610351562,29.93000030517578,29.93000030517578,13094100
2025-05-14,SLV,silver_etf,29.43000030517578,29.510000228881836,29.15999984741211,29.25,29.25,14048500
2025-05-15,SLV,silver_etf,29.25,29.6200008392334,29.18000030517578,29.610000610351562,29.610000610351562,10062200
2025-05-16,SLV,silver_etf,29.200000762939453,29.3799991607666,29.100000381469727,29.299999237060547,29.299999237060547,9275600
2025-05-19,SLV,silver_etf,29.43000030517578,29.530000686645508,29.309999465942383,29.420000076293945,29.420000076293945,11078100
2025-05-20,SLV,silver_etf,29.530000686645508,30.1299991607666,29.5,30.1299991607666,30.1299991607666,14474100
2025-05-21,SLV,silver_etf,30.18000030517578,30.530000686645508,30.100000381469727,30.510000228881836,30.510000228881836,19504900
2025-05-22,SLV,silver_etf,30.010000228881836,30.110000610351562,29.780000686645508,30.030000686645508,30.030000686645508,15320500
2025-05-23,SLV,silver_etf,30.190000534057617,30.5,30.020000457763672,30.450000762939453,30.450000762939453,15098100
2025-05-27,SLV,silver_etf,30.040000915527344,30.25,29.979999542236328,30.229999542236328,30.229999542236328,12301000
2025-05-28,SLV,silver_etf,30.149999618530273,30.229999542236328,29.959999084472656,29.979999542236328,29.979999542236328,11211700
2025-05-29,SLV,silver_etf,30.290000915527344,30.31999969482422,30.049999237060547,30.299999237060547,30.299999237060547,12160600
2025-05-30,SLV,silver_etf,30.1200008392334,30.190000534057617,29.780000686645508,30.0,30.0,14305400
2025-06-02,SLV,silver_etf,30.850000381469727,31.600000381469727,30.719999313354492,31.59000015258789,31.59000015258789,37873300
2025-06-03,SLV,silver_etf,31.270000457763672,31.469999313354492,31.06999969482422,31.440000534057617,31.440000534057617,23158800
2025-06-04,SLV,silver_etf,31.31999969482422,31.43000030517578,31.229999542236328,31.34000015258789,31.34000015258789,19730500
2025-06-05,SLV,silver_etf,32.630001068115234,32.779998779296875,32.09000015258789,32.45000076293945,32.45000076293945,51807500
2025-06-06,SLV,silver_etf,32.91999816894531,32.97999954223633,32.54999923706055,32.689998626708984,32.689998626708984,30260200
2025-06-09,SLV,silver_etf,33.099998474121094,33.540000915527344,33.0,33.38999938964844,33.38999938964844,33931400
2025-06-10,SLV,silver_etf,33.310001373291016,33.36000061035156,33.0099983215332,33.22999954223633,33.22999954223633,29120900
2025-06-11,SLV,silver_etf,32.91999816894531,33.040000915527344,32.75,32.95000076293945,32.95000076293945,34712100
2025-06-12,SLV,silver_etf,32.849998474121094,33.060001373291016,32.790000915527344,33.060001373291016,33.060001373291016,21111600
2025-06-13,SLV,silver_etf,33.02000045776367,33.060001373291016,32.790000915527344,32.970001220703125,32.970001220703125,21713100
2025-06-16,SLV,silver_etf,33.099998474121094,33.150001525878906,32.900001525878906,33.029998779296875,33.029998779296875,14883300
2025-06-17,SLV,silver_etf,33.630001068115234,33.869998931884766,33.45000076293945,33.7400016784668,33.7400016784668,26824900
2025-06-18,SLV,silver_etf,33.7400016784668,33.75,33.209999084472656,33.27000045776367,33.27000045776367,21945600
2025-06-20,SLV,silver_etf,32.779998779296875,32.790000915527344,32.56999969482422,32.720001220703125,32.720001220703125,25415200
2025-06-23,SLV,silver_etf,32.810001373291016,33.04999923706055,32.779998779296875,32.959999084472656,32.959999084472656,18661900
2025-06-24,SLV,silver_etf,32.54999923706055,32.630001068115234,32.060001373291016,32.61000061035156,32.61000061035156,20982400
2025-06-25,SLV,silver_etf,32.529998779296875,33.0099983215332,32.4900016784668,33.0099983215332,33.0099983215332,12254300
2025-06-26,SLV,silver_etf,33.130001068115234,33.369998931884766,33.0,33.34000015258789,33.34000015258789,15255200
2025-06-27,SLV,silver_etf,32.560001373291016,32.900001525878906,32.529998779296875,32.619998931884766,32.619998931884766,17596300
2025-06-30,SLV,silver_etf,32.720001220703125,32.81999969482422,32.619998931884766,32.810001373291016,32.810001373291016,10565300
2025-07-01,SLV,silver_etf,32.93000030517578,33.119998931884766,32.709999084472656,32.72999954223633,32.72999954223633,13436400
2025-07-02,SLV,silver_etf,33.029998779296875,33.2400016784668,32.93000030517578,33.2400016784668,33.2400016784668,13673500
2025-07-03,SLV,silver_etf,33.41999816894531,33.54999923706055,33.290000915527344,33.5099983215332,33.5099983215332,10356200
2025-07-07,SLV,silver_etf,33.060001373291016,33.439998626708984,33.02000045776367,33.43000030517578,33.43000030517578,12133000
2025-07-08,SLV,silver_etf,33.33000183105469,33.36000061035156,32.970001220703125,33.290000915527344,33.290000915527344,17473100
2025-07-09,SLV,silver_etf,33.09000015258789,33.13999938964844,32.959999084472656,33.0,33.0,17764100
2025-07-10,SLV,silver_etf,33.310001373291016,33.7599983215332,33.11000061035156,33.75,33.75,44301500
2025-07-11,SLV,silver_etf,34.20000076293945,35.06999969482422,34.150001525878906,35.029998779296875,35.029998779296875,57917800
2025-07-14,SLV,silver_etf,35.220001220703125,35.290000915527344,34.61000061035156,34.630001068115234,34.630001068115234,40685400
2025-07-15,SLV,silver_etf,34.689998626708984,34.720001220703125,34.130001068115234,34.2599983215332,34.2599983215332,34082300
2025-07-16,SLV,silver_etf,34.38999938964844,34.56999969482422,34.04999923706055,34.40999984741211,34.40999984741211,26483200
2025-07-17,SLV,silver_etf,34.29999923706055,34.68000030517578,34.16999816894531,34.650001525878906,34.650001525878906,14813500
2025-07-18,SLV,silver_etf,34.790000915527344,34.86000061035156,34.599998474121094,34.61000061035156,34.61000061035156,18305300
2025-07-21,SLV,silver_etf,35.11000061035156,35.4900016784668,35.09000015258789,35.349998474121094,35.349998474121094,28710500
2025-07-22,SLV,silver_etf,35.54999923706055,35.720001220703125,35.16999816894531,35.720001220703125,35.720001220703125,25205300
2025-07-23,SLV,silver_etf,35.7599983215332,35.90999984741211,35.470001220703125,35.689998626708984,35.689998626708984,21882800
2025-07-24,SLV,silver_etf,35.36000061035156,35.54999923706055,35.2400016784668,35.4900016784668,35.4900016784668,11319800
2025-07-25,SLV,silver_etf,35.279998779296875,35.38999938964844,34.47999954223633,34.65999984741211,34.65999984741211,24958300
2025-07-28,SLV,silver_etf,34.650001525878906,34.689998626708984,34.43000030517578,34.63999938964844,34.63999938964844,16543400
2025-07-29,SLV,silver_etf,34.63999938964844,34.779998779296875,34.47999954223633,34.65999984741211,34.65999984741211,10705700
2025-07-30,SLV,silver_etf,34.119998931884766,34.29999923706055,33.400001525878906,33.5099983215332,33.5099983215332,35325600
2025-07-31,SLV,silver_etf,33.29999923706055,33.349998474121094,33.099998474121094,33.31999969482422,33.31999969482422,15454400
2025-08-01,SLV,silver_etf,33.7599983215332,33.77000045776367,33.38999938964844,33.59000015258789,33.59000015258789,16787200
2025-08-04,SLV,silver_etf,33.93000030517578,34.04999923706055,33.849998474121094,33.97999954223633,33.97999954223633,9725800
2025-08-05,SLV,silver_etf,34.0099983215332,34.40999984741211,33.9900016784668,34.349998474121094,34.349998474121094,16451200
2025-08-06,SLV,silver_etf,34.38999938964844,34.470001220703125,34.290000915527344,34.349998474121094,34.349998474121094,8747600
2025-08-07,SLV,silver_etf,34.849998474121094,34.9900016784668,34.52000045776367,34.7599983215332,34.7599983215332,21996100
2025-08-08,SLV,silver_etf,34.779998779296875,34.88999938964844,34.5099983215332,34.880001068115234,34.880001068115234,15786100
2025-08-11,SLV,silver_etf,34.34000015258789,34.43000030517578,34.18000030517578,34.18000030517578,34.18000030517578,10749300
2025-08-12,SLV,silver_etf,34.2400016784668,34.529998779296875,34.11000061035156,34.40999984741211,34.40999984741211,12098000
2025-08-13,SLV,silver_etf,34.869998931884766,35.040000915527344,34.849998474121094,35.0,35.0,13185600
2025-08-14,SLV,silver_etf,34.650001525878906,34.75,34.349998474121094,34.5,34.5,15819700
2025-08-15,SLV,silver_etf,34.34000015258789,34.52000045776367,34.220001220703125,34.5,34.5,13881700
2025-08-18,SLV,silver_etf,34.65999984741211,34.68000030517578,34.470001220703125,34.54999923706055,34.54999923706055,8670800
2025-08-19,SLV,silver_etf,34.470001220703125,34.540000915527344,33.849998474121094,33.869998931884766,33.869998931884766,18812900
2025-08-20,SLV,silver_etf,34.209999084472656,34.45000076293945,34.20000076293945,34.43000030517578,34.43000030517578,10903400
2025-08-21,SLV,silver_etf,34.47999954223633,34.689998626708984,34.45000076293945,34.61000061035156,34.61000061035156,10597900
2025-08-22,SLV,silver_etf,34.459999084472656,35.470001220703125,34.400001525878906,35.34000015258789,35.34000015258789,26003300
2025-08-25,SLV,silver_etf,35.06999969482422,35.349998474121094,35.02000045776367,35.02000045776367,35.02000045776367,10286400
2025-08-26,SLV,silver_etf,34.900001525878906,35.099998474121094,34.880001068115234,35.02000045776367,35.02000045776367,13836600
2025-08-27,SLV,silver_etf,34.72999954223633,35.08000183105469,34.61000061035156,34.9900016784668,34.9900016784668,10084200
2025-08-28,SLV,silver_etf,35.40999984741211,35.52000045776367,35.22999954223633,35.52000045776367,35.52000045776367,21079100
2025-08-29,SLV,silver_etf,35.349998474121094,36.290000915527344,35.31999969482422,36.189998626708984,36.189998626708984,28952900
2025-09-02,SLV,silver_etf,36.630001068115234,37.16999816894531,36.43000030517578,37.150001525878906,37.150001525878906,35875300
2025-09-03,SLV,silver_etf,37.33000183105469,37.63999938964844,37.18000030517578,37.34000015258789,37.34000015258789,27291200
2025-09-04,SLV,silver_etf,37.20000076293945,37.220001220703125,36.630001068115234,36.93000030517578,36.93000030517578,45258500
2025-09-05,SLV,silver_etf,37.40999984741211,37.599998474121094,36.970001220703125,37.209999084472656,37.209999084472656,25435500
2025-09-08,SLV,silver_etf,37.56999969482422,37.83000183105469,37.36000061035156,37.5099983215332,37.5099983215332,25019700
2025-09-09,SLV,silver_etf,37.43000030517578,37.58000183105469,37.0099983215332,37.18000030517578,37.18000030517578,24001200
2025-09-10,SLV,silver_etf,37.349998474121094,37.4900016784668,37.2400016784668,37.40999984741211,37.40999984741211,17743600
2025-09-11,SLV,silver_etf,37.369998931884766,37.91999816894531,37.33000183105469,37.790000915527344,37.790000915527344,19051500
2025-09-12,SLV,silver_etf,38.2400016784668,38.45000076293945,38.150001525878906,38.34000015258789,38.34000015258789,19902300
2025-09-15,SLV,silver_etf,38.29999923706055,38.790000915527344,38.25,38.7599983215332,38.7599983215332,22225100
2025-09-16,SLV,silver_etf,39.0,39.0099983215332,38.34000015258789,38.599998474121094,38.599998474121094,25319700
2025-09-17,SLV,silver_etf,38.040000915527344,38.34000015258789,37.349998474121094,37.790000915527344,37.790000915527344,31045500
2025-09-18,SLV,silver_etf,37.849998474121094,38.0,37.61000061035156,37.9900016784668,37.9900016784668,13289200
2025-09-19,SLV,silver_etf,38.2599983215332,39.119998931884766,38.189998626708984,39.040000915527344,39.040000915527344,36776300
2025-09-22,SLV,silver_etf,39.5,40.04999923706055,39.34000015258789,40.040000915527344,40.040000915527344,32055400
2025-09-23,SLV,silver_etf,40.310001373291016,40.36000061035156,39.790000915527344,39.959999084472656,39.959999084472656,28492600
2025-09-24,SLV,silver_etf,40.130001068115234,40.15999984741211,39.63999938964844,39.81999969482422,39.81999969482422,31533200
2025-09-25,SLV,silver_etf,40.459999084472656,41.060001373291016,40.119998931884766,41.029998779296875,41.029998779296875,36395800
2025-09-26,SLV,silver_etf,41.22999954223633,42.33000183105469,41.09000015258789,41.86000061035156,41.86000061035156,44578500
2025-09-29,SLV,silver_etf,42.459999084472656,42.75,42.18000030517578,42.5,42.5,41290300
2025-09-30,SLV,silver_etf,41.790000915527344,42.459999084472656,41.70000076293945,42.369998931884766,42.369998931884766,34884200
2025-10-01,SLV,silver_etf,43.029998779296875,43.400001525878906,42.869998931884766,42.90999984741211,42.90999984741211,44341800
2025-10-02,SLV,silver_etf,43.56999969482422,43.59000015258789,41.65999984741211,42.529998779296875,42.529998779296875,58242300
2025-10-03,SLV,silver_etf,43.33000183105469,43.95000076293945,43.04999923706055,43.52000045776367,43.52000045776367,47523500
2025-10-06,SLV,silver_etf,44.0099983215332,44.2599983215332,43.88999938964844,44.060001373291016,44.060001373291016,34114000
2025-10-07,SLV,silver_etf,43.970001220703125,43.9900016784668,42.95000076293945,43.38999938964844,43.38999938964844,42769100
2025-10-08,SLV,silver_etf,44.43000030517578,45.0099983215332,44.279998779296875,44.560001373291016,44.560001373291016,59455700
2025-10-09,SLV,silver_etf,46.27000045776367,46.349998474121094,42.810001373291016,44.709999084472656,44.709999084472656,110701700
2025-10-10,SLV,silver_etf,45.47999954223633,46.0,44.880001068115234,45.43000030517578,45.43000030517578,67017000
2025-10-13,SLV,silver_etf,46.939998626708984,47.439998626708984,46.58000183105469,47.2599983215332,47.2599983215332,57830400
2025-10-14,SLV,silver_etf,45.9900016784668,47.2599983215332,45.77000045776367,46.79999923706055,46.79999923706055,57821500
2025-10-15,SLV,silver_etf,47.75,48.40999984741211,47.41999816894531,48.33000183105469,48.33000183105469,41672900
2025-10-16,SLV,silver_etf,48.099998474121094,49.25,48.0,49.16999816894531,49.16999816894531,48853000
2025-10-17,SLV,silver_etf,48.459999084472656,48.59000015258789,45.880001068115234,46.9900016784668,46.9900016784668,86492600
2025-10-20,SLV,silver_etf,47.7599983215332,47.83000183105469,47.060001373291016,47.720001220703125,47.720001220703125,35933500
2025-10-21,SLV,silver_etf,45.189998626708984,45.380001068115234,43.310001373291016,43.790000915527344,43.790000915527344,81395300
2025-10-22,SLV,silver_etf,43.7400016784668,44.130001068115234,43.279998779296875,43.880001068115234,43.880001068115234,43270000
2025-10-23,SLV,silver_etf,44.720001220703125,44.869998931884766,44.16999816894531,44.18000030517578,44.18000030517578,24565600
2025-10-24,SLV,silver_etf,44.08000183105469,44.38999938964844,43.84000015258789,43.9900016784668,43.9900016784668,24014000
2025-10-27,SLV,silver_etf,42.970001220703125,43.060001373291016,41.70000076293945,42.400001525878906,42.400001525878906,42914100
2025-10-28,SLV,silver_etf,42.36000061035156,42.90999984741211,42.22999954223633,42.70000076293945,42.70000076293945,27782000
2025-10-29,SLV,silver_etf,43.84000015258789,43.939998626708984,42.83000183105469,43.22999954223633,43.22999954223633,27351700
2025-10-30,SLV,silver_etf,43.68000030517578,44.439998626708984,43.540000915527344,44.34000015258789,44.34000015258789,30333200
2025-10-31,SLV,silver_etf,44.47999954223633,44.52000045776367,43.88999938964844,44.0099983215332,44.0099983215332,21310900
2025-11-03,SLV,silver_etf,44.25,44.36000061035156,43.560001373291016,43.7599983215332,43.7599983215332,17946700
2025-11-04,SLV,silver_etf,43.040000915527344,43.439998626708984,42.5099983215332,42.7400016784668,42.7400016784668,26679100
2025-11-05,SLV,silver_etf,43.4900016784668,43.790000915527344,43.349998474121094,43.650001525878906,43.650001525878906,16178500
2025-11-06,SLV,silver_etf,43.65999984741211,43.900001525878906,43.2400016784668,43.54999923706055,43.54999923706055,15957900
2025-11-07,SLV,silver_etf,44.02000045776367,44.22999954223633,43.5099983215332,43.91999816894531,43.91999816894531,16493100
2025-11-10,SLV,silver_etf,45.16999816894531,45.869998931884766,45.0099983215332,45.790000915527344,45.790000915527344,20763800
2025-11-11,SLV,silver_etf,46.279998779296875,46.47999954223633,45.599998474121094,46.45000076293945,46.45000076293945,19693700
2025-11-12,SLV,silver_etf,47.099998474121094,48.70000076293945,46.88999938964844,48.31999969482422,48.31999969482422,51559700
2025-11-13,SLV,silver_etf,48.290000915527344,48.41999816894531,47.209999084472656,47.41999816894531,47.41999816894531,39328400
2025-11-14,SLV,silver_etf,45.77000045776367,46.709999084472656,45.400001525878906,45.959999084472656,45.959999084472656,31793500
2025-11-17,SLV,silver_etf,45.810001373291016,46.2599983215332,44.95000076293945,45.470001220703125,45.470001220703125,23582000
2025-11-18,SLV,silver_etf,45.869998931884766,46.439998626708984,45.59000015258789,46.099998474121094,46.099998474121094,20909400
2025-11-19,SLV,silver_etf,46.79999923706055,47.5,45.689998626708984,46.45000076293945,46.45000076293945,30797100
2025-11-20,SLV,silver_etf,46.2599983215332,46.63999938964844,45.540000915527344,45.779998779296875,45.779998779296875,28460400
2025-11-21,SLV,silver_etf,44.900001525878906,45.95000076293945,44.7599983215332,45.29999923706055,45.29999923706055,26351900
2025-11-24,SLV,silver_etf,45.40999984741211,46.63999938964844,45.36000061035156,46.630001068115234,46.630001068115234,21486800
2025-11-25,SLV,silver_etf,46.54999923706055,46.77000045776367,45.970001220703125,46.66999816894531,46.66999816894531,24006600
2025-11-26,SLV,silver_etf,47.310001373291016,48.45000076293945,47.150001525878906,48.400001525878906,48.400001525878906,26280300
2025-11-28,SLV,silver_etf,49.66999816894531,51.27000045776367,49.58000183105469,51.209999084472656,51.209999084472656,41350000
2025-12-01,SLV,silver_etf,51.9900016784668,53.36000061035156,51.61000061035156,52.52000045776367,52.52000045776367,66064100
2025-12-02,SLV,silver_etf,52.83000183105469,53.20000076293945,51.77000045776367,53.130001068115234,53.130001068115234,43952700
2025-12-03,SLV,silver_etf,52.9900016784668,53.38999938964844,52.41999816894531,53.06999969482422,53.06999969482422,33817700
2025-12-04,SLV,silver_etf,52.279998779296875,52.36000061035156,51.13999938964844,51.7599983215332,51.7599983215332,48740300
2025-12-05,SLV,silver_etf,52.709999084472656,53.81999969482422,52.529998779296875,52.95000076293945,52.95000076293945,43566000
2025-12-08,SLV,silver_etf,52.88999938964844,52.970001220703125,52.2599983215332,52.709999084472656,52.709999084472656,19711200
2025-12-09,SLV,silver_etf,53.38999938964844,55.189998626708984,53.36000061035156,55.16999816894531,55.16999816894531,59738900
2025-12-10,SLV,silver_etf,55.130001068115234,56.220001220703125,54.47999954223633,56.06999969482422,56.06999969482422,54915000
2025-12-11,SLV,silver_etf,56.77000045776367,58.29999923706055,56.470001220703125,57.619998931884766,57.619998931884766,67910900
2025-12-12,SLV,silver_etf,58.529998779296875,58.560001373291016,55.130001068115234,56.099998474121094,56.099998474121094,78667400
2025-12-15,SLV,silver_etf,57.84000015258789,58.20000076293945,57.02000045776367,58.11000061035156,58.11000061035156,43227800
2025-12-16,SLV,silver_etf,57.61000061035156,57.9900016784668,57.099998474121094,57.72999954223633,57.72999954223633,32461300
2025-12-17,SLV,silver_etf,59.27000045776367,60.63999938964844,59.04999923706055,60.2599983215332,60.2599983215332,65128000
2025-12-18,SLV,silver_etf,59.81999969482422,60.029998779296875,58.58000183105469,59.31999969482422,59.31999969482422,47603400
2025-12-19,SLV,silver_etf,59.790000915527344,61.15999984741211,59.689998626708984,60.93000030517578,60.93000030517578,42610000
2025-12-22,SLV,silver_etf,62.599998474121094,62.81999969482422,61.7400016784668,62.470001220703125,62.470001220703125,50621700
2025-12-23,SLV,silver_etf,63.68000030517578,64.87999725341797,62.369998931884766,64.83999633789062,64.83999633789062,75680000
2025-12-24,SLV,silver_etf,65.08000183105469,65.52999877929688,63.61000061035156,65.22000122070312,65.22000122070312,58826000
2025-12-26,SLV,silver_etf,67.83000183105469,71.2300033569336,67.3499984741211,71.12000274658203,71.12000274658203,139161200
2025-12-29,SLV,silver_etf,65.66000366210938,66.48999786376953,63.91999816894531,66.01000213623047,66.01000213623047,153207900
2025-12-30,SLV,silver_etf,69.11000061035156,70.76000213623047,68.02999877929688,68.9800033569336,68.9800033569336,117759200
2025-12-31,SLV,silver_etf,65.54000091552734,66.87999725341797,63.529998779296875,64.41999816894531,64.41999816894531,114745300
2026-01-02,SLV,silver_etf,67.30000305175781,67.36000061035156,64.75,65.75,65.75,75553300
2026-01-05,SLV,silver_etf,69.44999694824219,70.5999984741211,68.5199966430664,69.08000183105469,69.08000183105469,103313300
2026-01-06,SLV,silver_etf,71.43000030517578,73.83999633789062,71.3499984741211,73.70999908447266,73.70999908447266,105539100
2026-01-07,SLV,silver_etf,69.81999969482422,71.55000305175781,69.22000122070312,70.95999908447266,70.95999908447266,93679500
2026-01-08,SLV,silver_etf,67.23999786376953,69.7699966430664,66.91999816894531,69.70999908447266,69.70999908447266,77918300
2026-01-09,SLV,silver_etf,71.30999755859375,72.98999786376953,70.87000274658203,72.37999725341797,72.37999725341797,90650100
2026-01-12,SLV,silver_etf,76.11000061035156,78.18000030517578,76.0,77.2300033569336,77.2300033569336,105429600
2026-01-13,SLV,silver_etf,80.02999877929688,80.80000305175781,77.86000061035156,78.5999984741211,78.5999984741211,140656900
2026-01-14,SLV,silver_etf,83.33999633789062,84.77999877929688,81.27999877929688,84.55999755859375,84.55999755859375,177419400
2026-01-15,SLV,silver_etf,80.73999786376953,84.33000183105469,80.54000091552734,83.31999969482422,83.31999969482422,160702100
2026-01-16,SLV,silver_etf,80.33000183105469,81.5199966430664,78.75,81.0199966430664,81.0199966430664,132767200
2026-01-20,SLV,silver_etf,86.19000244140625,86.33000183105469,84.37999725341797,85.38999938964844,85.38999938964844,101272300
2026-01-21,SLV,silver_etf,85.5999984741211,85.9000015258789,81.88999938964844,83.95999908447266,83.95999908447266,141683900
2026-01-22,SLV,silver_etf,84.79000091552734,87.5199966430664,84.70999908447266,87.12999725341797,87.12999725341797,86965000
2026-01-23,SLV,silver_etf,90.19000244140625,92.9800033569336,89.66999816894531,92.91000366210938,92.91000366210938,143739100
2026-01-26,SLV,silver_etf,99.37000274658203,106.69999694824219,96.51000213623047,98.33999633789062,98.33999633789062,393030300
2026-01-27,SLV,silver_etf,97.9800033569336,101.73999786376953,95.06999969482422,101.58999633789062,101.58999633789062,215489700
2026-01-28,SLV,silver_etf,102.77999877929688,106.44999694824219,100.0,105.5999984741211,105.5999984741211,184566000
2026-01-29,SLV,silver_etf,109.52999877929688,109.83000183105469,96.73999786376953,105.56999969482422,105.56999969482422,246351300
2026-01-30,SLV,silver_etf,89.33000183105469,92.13999938964844,69.12000274658203,75.44000244140625,75.44000244140625,510687700
2026-02-02,SLV,silver_etf,73.80000305175781,74.91999816894531,68.26000213623047,72.44000244140625,72.44000244140625,220063200
2026-02-03,SLV,silver_etf,79.05000305175781,80.72000122070312,74.91000366210938,76.95999908447266,76.95999908447266,175508800
2026-02-04,SLV,silver_etf,82.5999984741211,82.80000305175781,75.76000213623047,79.18000030517578,79.18000030517578,130805800
2026-02-05,SLV,silver_etf,68.2300033569336,70.5199966430664,65.51000213623047,66.69000244140625,66.69000244140625,170928000
2026-02-06,SLV,silver_etf,67.72000122070312,70.83999633789062,67.45999908447266,70.19000244140625,70.19000244140625,71262700
2026-02-09,SLV,silver_etf,72.87999725341797,76.16000366210938,72.55000305175781,76.04000091552734,76.04000091552734,88229100
2026-02-10,SLV,silver_etf,74.72000122070312,75.25,72.45999908447266,73.41000366210938,73.41000366210938,68588500
2026-02-11,SLV,silver_etf,76.91999816894531,76.98999786376953,74.80000305175781,76.55999755859375,76.55999755859375,75806900
2026-02-12,SLV,silver_etf,75.19000244140625,75.66999816894531,67.36000061035156,67.7300033569336,67.7300033569336,128437700
2026-02-13,SLV,silver_etf,71.20999908447266,71.31999969482422,68.86000061035156,69.72000122070312,69.72000122070312,69570800
2026-02-17,SLV,silver_etf,67.2699966430664,67.69999694824219,65.13999938964844,66.37000274658203,66.37000274658203,82561700
2026-02-18,SLV,silver_etf,69.66000366210938,70.97000122070312,69.06999969482422,70.08999633789062,70.08999633789062,63749400
2026-02-19,SLV,silver_etf,70.68000030517578,71.66999816894531,69.8499984741211,71.01000213623047,71.01000213623047,49022500
2026-02-20,SLV,silver_etf,73.11000061035156,76.68000030517578,72.25,76.62000274658203,76.62000274658203,86636800
2026-02-23,SLV,silver_etf,78.4000015258789,80.69999694824219,77.91000366210938,80.56999969482422,80.56999969482422,94752100
2026-02-24,SLV,silver_etf,78.2300033569336,79.94000244140625,77.94000244140625,79.08000183105469,79.08000183105469,56012600
2026-02-25,SLV,silver_etf,81.86000061035156,82.7300033569336,79.87999725341797,80.04000091552734,80.04000091552734,64933100
2026-02-26,SLV,silver_etf,78.76000213623047,80.56999969482422,72.5199966430664,80.44999694824219,80.44999694824219,52050400
2026-02-27,SLV,silver_etf,83.25,85.2699966430664,82.36000061035156,84.98999786376953,84.98999786376953,69525200
2026-03-02,SLV,silver_etf,81.16999816894531,82.37000274658203,78.33999633789062,81.56999969482422,81.56999969482422,96957600
2026-03-03,SLV,silver_etf,74.20999908447266,76.13999938964844,71.68000030517578,74.68000030517578,74.68000030517578,89651700
2026-03-04,SLV,silver_etf,76.33999633789062,77.05999755859375,74.41000366210938,75.33999633789062,75.33999633789062,39022500
2026-03-05,SLV,silver_etf,74.94000244140625,75.5199966430664,73.01000213623047,74.2699966430664,74.2699966430664,49446300
2026-03-06,SLV,silver_etf,75.08999633789062,76.97000122070312,74.58000183105469,75.94000244140625,75.94000244140625,40550700
2026-03-09,SLV,silver_etf,76.43000030517578,78.55999755859375,75.23999786376953,78.26000213623047,78.26000213623047,34865500
2026-03-10,SLV,silver_etf,80.88999938964844,81.27999877929688,78.7300033569336,80.08999633789062,80.08999633789062,37263700
2026-03-11,SLV,silver_etf,78.02999877929688,78.05999755859375,76.44999694824219,77.91000366210938,77.91000366210938,30665400
2026-03-12,SLV,silver_etf,78.52999877929688,78.54000091552734,76.36000061035156,76.4800033569336,76.4800033569336,29762300
2026-03-13,SLV,silver_etf,76.06999969482422,76.27999877929688,71.91999816894531,72.69000244140625,72.69000244140625,46251900
2026-03-16,SLV,silver_etf,73.26000213623047,73.95999908447266,72.01000213623047,73.22000122070312,73.22000122070312,37193100
2026-03-17,SLV,silver_etf,73.16000366210938,73.72000122070312,70.83999633789062,71.66000366210938,71.66000366210938,32991800
2026-03-18,SLV,silver_etf,69.51000213623047,70.55000305175781,68.66000366210938,68.69999694824219,68.69999694824219,46745900
2026-03-19,SLV,silver_etf,61.900001525878906,65.73999786376953,60.849998474121094,65.68000030517578,65.68000030517578,96191600
2026-03-20,SLV,silver_etf,64.68000030517578,64.95999908447266,61.25,61.52000045776367,61.52000045776367,56912300
2026-03-23,SLV,silver_etf,61.29999923706055,64.11000061035156,60.97999954223633,62.470001220703125,62.470001220703125,72440000
2026-03-24,SLV,silver_etf,61.619998931884766,63.689998626708984,61.27000045776367,62.95000076293945,62.95000076293945,48268000
2026-03-25,SLV,silver_etf,66.04000091552734,66.4000015258789,64.4800033569336,65.20999908447266,65.20999908447266,38165900
2026-03-26,SLV,silver_etf,62.099998474121094,63.13999938964844,60.369998931884766,60.77000045776367,60.77000045776367,56080500
2026-03-27,SLV,silver_etf,61.43000030517578,64.87999725341797,61.220001220703125,63.439998626708984,63.439998626708984,52470800
2026-03-30,SLV,silver_etf,64.45999908447266,64.62999725341797,63.02000045776367,63.52000045776367,63.52000045776367,30512000
2026-03-31,SLV,silver_etf,65.83999633789062,68.19999694824219,65.69000244140625,68.13999938964844,68.13999938964844,42141600
2026-04-01,SLV,silver_etf,67.95999908447266,68.91000366210938,67.37999725341797,68.13999938964844,68.13999938964844,38360700
2026-04-02,SLV,silver_etf,63.54999923706055,66.2300033569336,63.4900016784668,65.79000091552734,65.79000091552734,37002900
2026-04-06,SLV,silver_etf,65.8499984741211,66.29000091552734,65.22000122070312,66.08999633789062,66.08999633789062,18134500
2026-04-07,SLV,silver_etf,65.27999877929688,66.19000244140625,63.20000076293945,65.94000244140625,65.94000244140625,30458600
2026-04-08,SLV,silver_etf,69.7300033569336,69.93000030517578,66.5199966430664,67.47000122070312,67.47000122070312,31631900
2026-04-09,SLV,silver_etf,67.62000274658203,69.33999633789062,67.16999816894531,68.38999938964844,68.38999938964844,27210000
2026-04-10,SLV,silver_etf,69.0999984741211,69.55000305175781,68.55999755859375,69.08000183105469,69.08000183105469,20820600
2026-04-13,SLV,silver_etf,67.16999816894531,68.68000030517578,66.58000183105469,68.27999877929688,68.27999877929688,25330600
2026-04-14,SLV,silver_etf,70.33000183105469,72.06999969482422,70.2699966430664,72.04000091552734,72.04000091552734,33053300
2026-04-15,SLV,silver_etf,71.91999816894531,72.9000015258789,71.3499984741211,71.83999633789062,71.83999633789062,23587700
2026-04-16,SLV,silver_etf,71.91999816894531,72.22000122070312,70.66000366210938,71.23999786376953,71.23999786376953,21529700
2026-04-17,SLV,silver_etf,73.88999938964844,75.16000366210938,73.41999816894531,73.62999725341797,73.62999725341797,35188600
2026-04-20,SLV,silver_etf,72.6500015258789,72.81999969482422,71.80999755859375,72.1500015258789,72.1500015258789,20811500
2026-04-21,SLV,silver_etf,70.98999786376953,71.55999755859375,68.3499984741211,68.48999786376953,68.48999786376953,31487000
2026-04-22,SLV,silver_etf,70.55000305175781,70.95999908447266,70.2300033569336,70.37000274658203,70.37000274658203,14416100
2026-04-23,SLV,silver_etf,68.7699966430664,69.23999786376953,67.5199966430664,68.37999725341797,68.37999725341797,21937400
2026-04-24,SLV,silver_etf,68.29000091552734,69.41999816894531,68.0999984741211,68.79000091552734,68.79000091552734,16377900
2026-04-27,SLV,silver_etf,68.30000305175781,68.55000305175781,67.55000305175781,68.33000183105469,68.33000183105469,13347200
2026-04-28,SLV,silver_etf,65.79000091552734,66.54000091552734,65.37000274658203,66.19999694824219,66.19999694824219,21555800
2026-04-29,SLV,silver_etf,64.95999908447266,65.2699966430664,64.12999725341797,64.83999633789062,64.83999633789062,18681700
2026-04-30,SLV,silver_etf,66.69999694824219,66.80999755859375,65.87999725341797,66.66000366210938,66.66000366210938,16140700
2026-05-01,SLV,silver_etf,67.58000183105469,69.6500015258789,67.51000213623047,68.29000091552734,68.29000091552734,20237200
2026-05-04,SLV,silver_etf,66.38999938964844,67.58000183105469,65.61000061035156,65.94000244140625,65.94000244140625,20986400
2026-05-05,SLV,silver_etf,66.7699966430664,66.94999694824219,65.8499984741211,65.91000366210938,65.91000366210938,12632100
2026-05-06,SLV,silver_etf,69.55999755859375,70.38999938964844,69.44000244140625,70.12999725341797,70.12999725341797,24490800
2026-05-07,SLV,silver_etf,73.27999877929688,74.33000183105469,71.16000366210938,71.5999984741211,71.5999984741211,33223100
